timestamp,open,high,low,close,volume
2025-12-01 00:00:00+00:00,2.1537,2.1598,2.109,2.1141,68623501.5
2025-12-01 00:15:00+00:00,2.1141,2.1173,2.0943,2.0952,32493720.6
2025-12-01 00:30:00+00:00,2.0951,2.1022,2.0726,2.0826,42843299.1
2025-12-01 00:45:00+00:00,2.0825,2.0853,2.0564,2.0566,28468405.2
2025-12-01 01:00:00+00:00,2.0567,2.0917,2.0561,2.0782,26875536.4
2025-12-01 01:15:00+00:00,2.0782,2.0895,2.0728,2.074,11356322.5
2025-12-01 01:30:00+00:00,2.0741,2.0868,2.0728,2.0813,6994901.8
2025-12-01 01:45:00+00:00,2.0812,2.0842,2.0757,2.0772,4205098.0
2025-12-01 02:00:00+00:00,2.0771,2.0867,2.0737,2.0804,7849565.7
2025-12-01 02:15:00+00:00,2.0803,2.0831,2.0712,2.0717,4289122.6
2025-12-01 02:30:00+00:00,2.0716,2.0755,2.0625,2.0679,11932037.6
2025-12-01 02:45:00+00:00,2.0678,2.0686,2.055,2.0626,10597953.5
2025-12-01 03:00:00+00:00,2.0626,2.0645,2.0511,2.0554,10156903.4
2025-12-01 03:15:00+00:00,2.0554,2.0594,2.0488,2.0511,6626515.5
2025-12-01 03:30:00+00:00,2.0511,2.053,2.0413,2.0527,10299116.2
2025-12-01 03:45:00+00:00,2.0527,2.0545,2.044,2.049,6343004.3
2025-12-01 04:00:00+00:00,2.0489,2.0529,2.0367,2.0367,14412167.2
2025-12-01 04:15:00+00:00,2.0368,2.0449,2.0324,2.0342,10771118.2
2025-12-01 04:30:00+00:00,2.0342,2.0369,2.0276,2.0345,12205123.7
2025-12-01 04:45:00+00:00,2.0345,2.0375,2.0272,2.0289,5843088.0
2025-12-01 05:00:00+00:00,2.0288,2.0358,2.025,2.0262,8226958.8
2025-12-01 05:15:00+00:00,2.0262,2.0317,2.0185,2.0311,9089779.1
2025-12-01 05:30:00+00:00,2.031,2.0318,2.0155,2.019,5559875.0
2025-12-01 05:45:00+00:00,2.019,2.0301,2.0187,2.027,5240020.6
2025-12-01 06:00:00+00:00,2.0269,2.0371,2.0267,2.0351,8881538.5
2025-12-01 06:15:00+00:00,2.0351,2.0351,2.0265,2.0323,4848568.7
2025-12-01 06:30:00+00:00,2.0323,2.0444,2.0305,2.0434,5388643.7
2025-12-01 06:45:00+00:00,2.0433,2.0482,2.0393,2.0459,6846619.1
2025-12-01 07:00:00+00:00,2.0459,2.0474,2.0358,2.0393,5801848.6
2025-12-01 07:15:00+00:00,2.0392,2.0423,2.0316,2.0415,3575643.3
2025-12-01 07:30:00+00:00,2.0415,2.0528,2.0388,2.0496,6877471.9
2025-12-01 07:45:00+00:00,2.0495,2.0571,2.0494,2.0549,8129272.5
2025-12-01 08:00:00+00:00,2.0549,2.0579,2.0502,2.0507,6691075.3
2025-12-01 08:15:00+00:00,2.0507,2.0566,2.0476,2.051,4496925.1
2025-12-01 08:30:00+00:00,2.0511,2.0545,2.0461,2.0537,3526912.6
2025-12-01 08:45:00+00:00,2.0537,2.0571,2.0524,2.0553,3736410.6
2025-12-01 09:00:00+00:00,2.0552,2.0592,2.0461,2.0469,6222002.7
2025-12-01 09:15:00+00:00,2.047,2.0502,2.0418,2.0449,4017513.3
2025-12-01 09:30:00+00:00,2.0449,2.0531,2.0439,2.0521,2630229.7
2025-12-01 09:45:00+00:00,2.0521,2.0522,2.0445,2.0448,2691325.1
2025-12-01 10:00:00+00:00,2.0449,2.0472,2.0361,2.0375,5126051.7
2025-12-01 10:15:00+00:00,2.0376,2.0409,2.0364,2.0398,3577725.0
2025-12-01 10:30:00+00:00,2.0397,2.0431,2.0385,2.0397,2858357.2
2025-12-01 10:45:00+00:00,2.0397,2.043,2.0383,2.0411,2554780.4
2025-12-01 11:00:00+00:00,2.0411,2.0447,2.0352,2.0378,3125173.5
2025-12-01 11:15:00+00:00,2.0378,2.0455,2.0363,2.0421,4659183.5
2025-12-01 11:30:00+00:00,2.0421,2.0424,2.038,2.0387,3463773.8
2025-12-01 11:45:00+00:00,2.0387,2.0451,2.03,2.033,12170459.0
2025-12-01 12:00:00+00:00,2.033,2.0355,2.0254,2.0308,10839673.2
2025-12-01 12:15:00+00:00,2.0309,2.032,2.0231,2.0253,7239783.8
2025-12-01 12:30:00+00:00,2.0253,2.0286,2.0176,2.0182,11935659.0
2025-12-01 12:45:00+00:00,2.0182,2.0331,2.0017,2.027,26268485.8
2025-12-01 13:00:00+00:00,2.027,2.0359,2.0162,2.023,18577900.6
2025-12-01 13:15:00+00:00,2.0231,2.0258,2.0167,2.0193,6144436.2
2025-12-01 13:30:00+00:00,2.0192,2.0205,2.0124,2.0151,7974797.0
2025-12-01 13:45:00+00:00,2.0151,2.0232,2.0085,2.0191,7761996.3
2025-12-01 14:00:00+00:00,2.0192,2.0236,2.0134,2.0204,7958706.1
2025-12-01 14:15:00+00:00,2.0205,2.0296,2.015,2.0292,7067184.2
2025-12-01 14:30:00+00:00,2.0291,2.0484,2.0229,2.0309,16530500.7
2025-12-01 14:45:00+00:00,2.0309,2.0385,2.025,2.0303,9181406.7
2025-12-01 15:00:00+00:00,2.0304,2.0344,2.0145,2.015,8771690.0
2025-12-01 15:15:00+00:00,2.015,2.024,2.005,2.0062,18756256.2
2025-12-01 15:30:00+00:00,2.0063,2.0066,1.9849,1.9867,38322114.0
2025-12-01 15:45:00+00:00,1.9867,2.0197,1.9825,2.0064,23385366.9
2025-12-01 16:00:00+00:00,2.0065,2.0091,1.9878,1.9921,14852084.5
2025-12-01 16:15:00+00:00,1.9922,1.9985,1.9861,1.9939,11970520.9
2025-12-01 16:30:00+00:00,1.9939,2.0058,1.9862,1.9951,12241881.3
2025-12-01 16:45:00+00:00,1.9952,1.9995,1.9853,1.9898,9204514.3
2025-12-01 17:00:00+00:00,1.9898,2.0036,1.9893,1.992,12256049.8
2025-12-01 17:15:00+00:00,1.992,2.0032,1.9879,2.0002,7803670.6
2025-12-01 17:30:00+00:00,2.0002,2.0012,1.9868,2.0009,8915605.5
2025-12-01 17:45:00+00:00,2.0008,2.0034,1.994,1.9942,5281103.4
2025-12-01 18:00:00+00:00,1.9941,2.009,1.993,2.0077,5953654.3
2025-12-01 18:15:00+00:00,2.0077,2.0114,2.0013,2.0045,5741064.5
2025-12-01 18:30:00+00:00,2.0046,2.0052,1.9951,1.9969,5857971.1
2025-12-01 18:45:00+00:00,1.9969,2.008,1.9925,2.0034,7076644.8
2025-12-01 19:00:00+00:00,2.0033,2.0042,1.9935,2.0006,4467285.9
2025-12-01 19:15:00+00:00,2.0007,2.002,1.9889,1.9892,4627367.3
2025-12-01 19:30:00+00:00,1.9893,1.999,1.9855,1.9893,6921720.1
2025-12-01 19:45:00+00:00,1.9893,1.9963,1.9889,1.9933,3449138.4
2025-12-01 20:00:00+00:00,1.9932,2.0215,1.9927,2.0129,14391762.1
2025-12-01 20:15:00+00:00,2.0129,2.0129,2.0039,2.0048,7891098.4
2025-12-01 20:30:00+00:00,2.0049,2.0156,2.0042,2.0155,6905693.4
2025-12-01 20:45:00+00:00,2.0156,2.0258,2.0088,2.0104,20534565.5
2025-12-01 21:00:00+00:00,2.0104,2.0235,2.0093,2.0131,9847311.1
2025-12-01 21:15:00+00:00,2.0131,2.0335,2.009,2.0258,13354742.1
2025-12-01 21:30:00+00:00,2.0258,2.045,2.0256,2.0324,20843888.8
2025-12-01 21:45:00+00:00,2.0323,2.0324,2.0194,2.0251,15446173.4
2025-12-01 22:00:00+00:00,2.0252,2.0332,2.0164,2.0205,13274730.6
2025-12-01 22:15:00+00:00,2.0204,2.0303,2.0184,2.0285,5579935.5
2025-12-01 22:30:00+00:00,2.0285,2.035,2.0233,2.0343,3753094.6
2025-12-01 22:45:00+00:00,2.0343,2.0429,2.0316,2.0322,6844157.5
2025-12-01 23:00:00+00:00,2.0321,2.0415,2.0302,2.0312,3537224.8
2025-12-01 23:15:00+00:00,2.0313,2.0401,2.0313,2.0396,2185801.5
2025-12-01 23:30:00+00:00,2.0397,2.0419,2.0311,2.0325,3337535.1
2025-12-01 23:45:00+00:00,2.0325,2.0328,2.0286,2.0286,3558447.4
2025-12-02 00:00:00+00:00,2.0287,2.0303,2.021,2.0218,9587901.9
2025-12-02 00:15:00+00:00,2.0217,2.0242,2.0134,2.0149,8475554.9
2025-12-02 00:30:00+00:00,2.0149,2.0248,2.0116,2.0146,6783346.2
2025-12-02 00:45:00+00:00,2.0147,2.0268,2.0142,2.0201,3760775.5
2025-12-02 01:00:00+00:00,2.0201,2.0428,2.0149,2.0265,9095628.9
2025-12-02 01:15:00+00:00,2.0264,2.0289,2.019,2.0248,3280642.1
2025-12-02 01:30:00+00:00,2.0247,2.0269,2.0188,2.022,2695880.5
2025-12-02 01:45:00+00:00,2.022,2.0226,2.0157,2.0168,3061777.9
2025-12-02 02:00:00+00:00,2.0168,2.02,2.0082,2.019,6432562.0
2025-12-02 02:15:00+00:00,2.019,2.0293,2.019,2.0244,4739047.4
2025-12-02 02:30:00+00:00,2.0243,2.0306,2.0218,2.0264,3713850.3
2025-12-02 02:45:00+00:00,2.0263,2.0301,2.0194,2.0206,2803109.5
2025-12-02 03:00:00+00:00,2.0206,2.0209,2.0144,2.0179,3445405.8
2025-12-02 03:15:00+00:00,2.0179,2.0179,2.0024,2.0049,4939842.1
2025-12-02 03:30:00+00:00,2.0048,2.0248,2.0013,2.0248,6281338.4
2025-12-02 03:45:00+00:00,2.0247,2.0256,2.0185,2.0197,7787087.4
2025-12-02 04:00:00+00:00,2.0197,2.0271,2.0189,2.0227,20487567.1
2025-12-02 04:15:00+00:00,2.0226,2.0258,2.0184,2.0192,4627207.7
2025-12-02 04:30:00+00:00,2.0193,2.0197,2.0157,2.0184,1670795.9
2025-12-02 04:45:00+00:00,2.0184,2.0222,2.0137,2.0146,2493735.9
2025-12-02 05:00:00+00:00,2.0146,2.0192,2.0091,2.0151,3114119.9
2025-12-02 05:15:00+00:00,2.0151,2.0166,2.0112,2.0115,1870079.1
2025-12-02 05:30:00+00:00,2.0115,2.0121,2.0082,2.0116,3222744.3
2025-12-02 05:45:00+00:00,2.0117,2.0175,2.011,2.0154,2579017.1
2025-12-02 06:00:00+00:00,2.0153,2.0156,2.0082,2.013,2530474.4
2025-12-02 06:15:00+00:00,2.0129,2.0165,2.0103,2.0137,2233553.1
2025-12-02 06:30:00+00:00,2.0138,2.0224,2.0138,2.0215,2621156.5
2025-12-02 06:45:00+00:00,2.0215,2.0251,2.0197,2.0227,2527269.4
2025-12-02 07:00:00+00:00,2.0228,2.0234,2.0162,2.0169,2545219.0
2025-12-02 07:15:00+00:00,2.0169,2.0179,2.0131,2.0132,1825513.5
2025-12-02 07:30:00+00:00,2.0133,2.014,2.0093,2.0123,3400078.1
2025-12-02 07:45:00+00:00,2.0123,2.017,2.0117,2.0161,1764593.0
2025-12-02 08:00:00+00:00,2.016,2.0165,2.0033,2.0055,4440918.8
2025-12-02 08:15:00+00:00,2.0056,2.0065,1.9937,1.998,12079899.9
2025-12-02 08:30:00+00:00,1.998,2.0053,1.9941,2.0025,11295930.1
2025-12-02 08:45:00+00:00,2.0025,2.0097,1.999,2.0012,5217237.9
2025-12-02 09:00:00+00:00,2.0012,2.0158,2.0003,2.0104,4774618.4
2025-12-02 09:15:00+00:00,2.0103,2.0188,2.0078,2.0167,4258790.8
2025-12-02 09:30:00+00:00,2.0166,2.0166,2.009,2.0091,2398312.1
2025-12-02 09:45:00+00:00,2.0091,2.0131,2.0076,2.0109,2361310.4
2025-12-02 10:00:00+00:00,2.0108,2.0166,2.0105,2.0143,2954491.8
2025-12-02 10:15:00+00:00,2.0143,2.0157,2.0111,2.0113,1638070.6
2025-12-02 10:30:00+00:00,2.0113,2.0188,2.0113,2.0181,2026329.6
2025-12-02 10:45:00+00:00,2.0181,2.038,2.018,2.0271,15566929.1
2025-12-02 11:00:00+00:00,2.0271,2.0293,2.024,2.0278,4684365.8
2025-12-02 11:15:00+00:00,2.0278,2.036,2.0261,2.0356,5550047.5
2025-12-02 11:30:00+00:00,2.0357,2.0373,2.0325,2.0334,4852874.7
2025-12-02 11:45:00+00:00,2.0334,2.0407,2.0327,2.0353,5638446.0
2025-12-02 12:00:00+00:00,2.0353,2.041,2.0339,2.0357,4201516.5
2025-12-02 12:15:00+00:00,2.0358,2.0378,2.0291,2.0322,4465645.6
2025-12-02 12:30:00+00:00,2.0321,2.0342,2.0253,2.0298,5507542.0
2025-12-02 12:45:00+00:00,2.0298,2.0395,2.0269,2.0389,5397615.3
2025-12-02 13:00:00+00:00,2.0389,2.0444,2.0331,2.0403,5814693.4
2025-12-02 13:15:00+00:00,2.0403,2.0468,2.0392,2.0408,13245213.3
2025-12-02 13:30:00+00:00,2.0407,2.0434,2.0382,2.0398,3730405.5
2025-12-02 13:45:00+00:00,2.0397,2.0459,2.0372,2.0432,5371994.5
2025-12-02 14:00:00+00:00,2.0432,2.0555,2.0394,2.0509,11288098.4
2025-12-02 14:15:00+00:00,2.051,2.0649,2.0495,2.0589,14229490.4
2025-12-02 14:30:00+00:00,2.0588,2.0776,2.0542,2.0762,20289199.9
2025-12-02 14:45:00+00:00,2.0762,2.0917,2.0754,2.0911,21527381.2
2025-12-02 15:00:00+00:00,2.0912,2.1377,2.0892,2.1302,37575302.9
2025-12-02 15:15:00+00:00,2.1303,2.1481,2.1204,2.1213,37750271.7
2025-12-02 15:30:00+00:00,2.1214,2.1618,2.1202,2.1524,24421209.8
2025-12-02 15:45:00+00:00,2.1524,2.1644,2.1487,2.1542,19037971.1
2025-12-02 16:00:00+00:00,2.1542,2.1624,2.1451,2.1497,18393911.7
2025-12-02 16:15:00+00:00,2.1496,2.1501,2.1335,2.1373,19931273.7
2025-12-02 16:30:00+00:00,2.1372,2.1549,2.1362,2.1445,12011579.3
2025-12-02 16:45:00+00:00,2.1444,2.1539,2.1391,2.1462,6891154.8
2025-12-02 17:00:00+00:00,2.1461,2.1521,2.1435,2.1489,5944826.2
2025-12-02 17:15:00+00:00,2.1488,2.1709,2.1482,2.168,16830311.4
2025-12-02 17:30:00+00:00,2.1681,2.1766,2.1663,2.1697,12073283.7
2025-12-02 17:45:00+00:00,2.1697,2.1758,2.1667,2.1688,8047888.8
2025-12-02 18:00:00+00:00,2.1687,2.1758,2.1642,2.1723,8016823.4
2025-12-02 18:15:00+00:00,2.1722,2.1797,2.1709,2.1728,8167069.1
2025-12-02 18:30:00+00:00,2.1727,2.1789,2.167,2.1675,7148400.9
2025-12-02 18:45:00+00:00,2.1676,2.1755,2.1666,2.1738,7638048.0
2025-12-02 19:00:00+00:00,2.1737,2.1803,2.1727,2.175,4708640.4
2025-12-02 19:15:00+00:00,2.1751,2.1757,2.168,2.1706,4364100.8
2025-12-02 19:30:00+00:00,2.1705,2.1825,2.1691,2.1789,5504547.8
2025-12-02 19:45:00+00:00,2.1788,2.1793,2.1705,2.1731,4803801.0
2025-12-02 20:00:00+00:00,2.173,2.1771,2.1681,2.1725,8710670.8
2025-12-02 20:15:00+00:00,2.1725,2.1726,2.1527,2.1541,16863387.7
2025-12-02 20:30:00+00:00,2.1541,2.1602,2.147,2.156,11186513.2
2025-12-02 20:45:00+00:00,2.156,2.1668,2.1524,2.1643,16308404.1
2025-12-02 21:00:00+00:00,2.1644,2.1756,2.162,2.1732,12592608.1
2025-12-02 21:15:00+00:00,2.1733,2.1742,2.164,2.1703,5251400.5
2025-12-02 21:30:00+00:00,2.1703,2.1727,2.1632,2.1696,5421137.9
2025-12-02 21:45:00+00:00,2.1695,2.1719,2.164,2.1661,4476059.7
2025-12-02 22:00:00+00:00,2.1661,2.1729,2.1621,2.1682,4941608.6
2025-12-02 22:15:00+00:00,2.1682,2.1696,2.1636,2.1644,2010787.0
2025-12-02 22:30:00+00:00,2.1643,2.171,2.1638,2.1659,2976981.8
2025-12-02 22:45:00+00:00,2.1659,2.1691,2.1635,2.1684,1935409.6
2025-12-02 23:00:00+00:00,2.1684,2.1716,2.164,2.1641,3841914.0
2025-12-02 23:15:00+00:00,2.164,2.167,2.1572,2.1585,3346626.2
2025-12-02 23:30:00+00:00,2.1586,2.1604,2.1521,2.1566,5086721.4
2025-12-02 23:45:00+00:00,2.1567,2.1594,2.1513,2.1526,3991570.7
2025-12-03 00:00:00+00:00,2.1525,2.1557,2.1467,2.1489,7522610.5
2025-12-03 00:15:00+00:00,2.1489,2.1513,2.1413,2.1439,5615102.0
2025-12-03 00:30:00+00:00,2.144,2.1528,2.1406,2.1528,5570421.4
2025-12-03 00:45:00+00:00,2.1529,2.1574,2.1483,2.152,5453958.0
2025-12-03 01:00:00+00:00,2.152,2.1571,2.1472,2.1535,3898193.1
2025-12-03 01:15:00+00:00,2.1535,2.1579,2.1511,2.1538,4478680.5
2025-12-03 01:30:00+00:00,2.1538,2.1553,2.1502,2.1515,3142719.1
2025-12-03 01:45:00+00:00,2.1514,2.1659,2.151,2.1602,6286671.5
2025-12-03 02:00:00+00:00,2.1602,2.1768,2.1586,2.1742,9960345.3
2025-12-03 02:15:00+00:00,2.1741,2.1893,2.1692,2.1848,16512845.7
2025-12-03 02:30:00+00:00,2.1847,2.1863,2.1801,2.1833,5009732.9
2025-12-03 02:45:00+00:00,2.1834,2.1842,2.1764,2.182,4670584.0
2025-12-03 03:00:00+00:00,2.182,2.1904,2.1786,2.1818,5212179.6
2025-12-03 03:15:00+00:00,2.1817,2.184,2.178,2.1801,2742997.5
2025-12-03 03:30:00+00:00,2.1802,2.1806,2.1732,2.1754,3355059.5
2025-12-03 03:45:00+00:00,2.1755,2.1778,2.1734,2.1753,2300007.0
2025-12-03 04:00:00+00:00,2.1753,2.1791,2.1719,2.1767,3383849.9
2025-12-03 04:15:00+00:00,2.1767,2.1891,2.1745,2.1797,7704069.2
2025-12-03 04:30:00+00:00,2.1797,2.1874,2.1788,2.1868,3502312.1
2025-12-03 04:45:00+00:00,2.1867,2.1988,2.1855,2.1982,8905614.0
2025-12-03 05:00:00+00:00,2.1981,2.2186,2.1971,2.2084,15631398.1
2025-12-03 05:15:00+00:00,2.2084,2.2098,2.2011,2.2062,5840893.7
2025-12-03 05:30:00+00:00,2.2062,2.2095,2.2037,2.2055,4457562.5
2025-12-03 05:45:00+00:00,2.2055,2.2088,2.2012,2.2019,3719257.3
2025-12-03 06:00:00+00:00,2.202,2.2134,2.2019,2.207,6650199.7
2025-12-03 06:15:00+00:00,2.207,2.2133,2.2041,2.2052,4365125.5
2025-12-03 06:30:00+00:00,2.2053,2.2124,2.1978,2.1991,7230455.0
2025-12-03 06:45:00+00:00,2.1992,2.2012,2.189,2.193,11701170.1
2025-12-03 07:00:00+00:00,2.1931,2.2046,2.193,2.203,4263120.1
2025-12-03 07:15:00+00:00,2.2029,2.2029,2.1914,2.192,6439282.1
2025-12-03 07:30:00+00:00,2.1921,2.1989,2.192,2.1961,3100342.0
2025-12-03 07:45:00+00:00,2.1961,2.1962,2.1883,2.1907,4460709.6
2025-12-03 08:00:00+00:00,2.1908,2.1945,2.1897,2.1921,3918875.7
2025-12-03 08:15:00+00:00,2.192,2.1926,2.1854,2.188,4441270.7
2025-12-03 08:30:00+00:00,2.188,2.1916,2.1858,2.1915,2540060.2
2025-12-03 08:45:00+00:00,2.1916,2.1943,2.1854,2.1867,3449454.6
2025-12-03 09:00:00+00:00,2.1867,2.1884,2.1803,2.1881,5516680.0
2025-12-03 09:15:00+00:00,2.1882,2.1884,2.182,2.1831,1654257.6
2025-12-03 09:30:00+00:00,2.1831,2.1832,2.1774,2.1796,4428620.7
2025-12-03 09:45:00+00:00,2.1797,2.1845,2.1785,2.1827,3550961.8
2025-12-03 10:00:00+00:00,2.1827,2.1829,2.1782,2.1799,2510693.1
2025-12-03 10:15:00+00:00,2.18,2.1894,2.1799,2.1867,5188078.7
2025-12-03 10:30:00+00:00,2.1867,2.1867,2.1742,2.1748,5688921.8
2025-12-03 10:45:00+00:00,2.1748,2.1777,2.1714,2.1729,4736665.3
2025-12-03 11:00:00+00:00,2.173,2.1749,2.1663,2.168,8750037.4
2025-12-03 11:15:00+00:00,2.1679,2.1748,2.1659,2.1728,5461982.6
2025-12-03 11:30:00+00:00,2.1729,2.1742,2.1687,2.1698,2629398.7
2025-12-03 11:45:00+00:00,2.1698,2.1771,2.1693,2.1754,2566324.4
2025-12-03 12:00:00+00:00,2.1754,2.1782,2.1711,2.1737,3602667.9
2025-12-03 12:15:00+00:00,2.1737,2.1777,2.1719,2.1739,2924533.5
2025-12-03 12:30:00+00:00,2.1739,2.1766,2.1704,2.1713,2399564.0
2025-12-03 12:45:00+00:00,2.1713,2.1795,2.1701,2.1767,3899772.8
2025-12-03 13:00:00+00:00,2.1767,2.1792,2.174,2.1769,3142995.5
2025-12-03 13:15:00+00:00,2.177,2.1821,2.1753,2.1755,5089543.8
2025-12-03 13:30:00+00:00,2.1755,2.1788,2.1712,2.1762,3466536.4
2025-12-03 13:45:00+00:00,2.1762,2.1785,2.1737,2.1754,2803677.6
2025-12-03 14:00:00+00:00,2.1755,2.1763,2.1409,2.1553,44012721.0
2025-12-03 14:15:00+00:00,2.1553,2.1656,2.1536,2.1642,8981284.0
2025-12-03 14:30:00+00:00,2.1642,2.198,2.1514,2.1918,23602867.1
2025-12-03 14:45:00+00:00,2.1919,2.1927,2.1662,2.1667,15814596.6
2025-12-03 15:00:00+00:00,2.1668,2.1824,2.1592,2.1642,11392982.3
2025-12-03 15:15:00+00:00,2.1642,2.1698,2.1555,2.1668,7878952.5
2025-12-03 15:30:00+00:00,2.1668,2.1769,2.1648,2.1689,5098197.1
2025-12-03 15:45:00+00:00,2.1689,2.1773,2.1656,2.1681,4829239.3
2025-12-03 16:00:00+00:00,2.168,2.1735,2.1583,2.162,6441591.6
2025-12-03 16:15:00+00:00,2.1619,2.1694,2.1615,2.165,3289783.9
2025-12-03 16:30:00+00:00,2.1649,2.1804,2.1641,2.1776,5514608.8
2025-12-03 16:45:00+00:00,2.1776,2.1781,2.1663,2.1676,4163710.8
2025-12-03 17:00:00+00:00,2.1676,2.1772,2.1672,2.1762,3917659.5
2025-12-03 17:15:00+00:00,2.1762,2.1779,2.1655,2.1731,4201172.4
2025-12-03 17:30:00+00:00,2.1731,2.1822,2.1719,2.1772,4154084.2
2025-12-03 17:45:00+00:00,2.1772,2.186,2.176,2.183,4246056.4
2025-12-03 18:00:00+00:00,2.1831,2.192,2.1831,2.1893,7496096.5
2025-12-03 18:15:00+00:00,2.1892,2.1899,2.1771,2.1806,5210792.1
2025-12-03 18:30:00+00:00,2.1806,2.1857,2.1776,2.1839,2347334.5
2025-12-03 18:45:00+00:00,2.1839,2.1839,2.1673,2.1721,4785733.7
2025-12-03 19:00:00+00:00,2.172,2.1791,2.1709,2.1755,3836707.5
2025-12-03 19:15:00+00:00,2.1754,2.184,2.1731,2.1813,2803996.7
2025-12-03 19:30:00+00:00,2.1812,2.1846,2.1779,2.181,2038758.0
2025-12-03 19:45:00+00:00,2.181,2.1856,2.1802,2.1851,1714601.7
2025-12-03 20:00:00+00:00,2.1851,2.1896,2.181,2.1855,3142183.6
2025-12-03 20:15:00+00:00,2.1855,2.188,2.1822,2.1864,2025612.3
2025-12-03 20:30:00+00:00,2.1864,2.1898,2.1839,2.1887,2956933.2
2025-12-03 20:45:00+00:00,2.1886,2.2021,2.1876,2.1976,14347554.0
2025-12-03 21:00:00+00:00,2.1976,2.2042,2.1945,2.199,21775204.0
2025-12-03 21:15:00+00:00,2.1989,2.2026,2.1969,2.2021,3586119.7
2025-12-03 21:30:00+00:00,2.202,2.2035,2.1965,2.2008,3861119.6
2025-12-03 21:45:00+00:00,2.2009,2.2099,2.1961,2.2075,6729395.0
2025-12-03 22:00:00+00:00,2.2076,2.212,2.1973,2.2054,8026876.5
2025-12-03 22:15:00+00:00,2.2054,2.2054,2.1958,2.199,4381737.7
2025-12-03 22:30:00+00:00,2.199,2.2085,2.1936,2.2015,7973008.1
2025-12-03 22:45:00+00:00,2.2015,2.2135,2.2001,2.2028,6038275.3
2025-12-03 23:00:00+00:00,2.2029,2.2134,2.2022,2.2048,5780460.0
2025-12-03 23:15:00+00:00,2.2049,2.2065,2.199,2.1997,3170648.3
2025-12-03 23:30:00+00:00,2.1997,2.2014,2.1963,2.2004,2153248.4
2025-12-03 23:45:00+00:00,2.2005,2.205,2.195,2.1965,3099720.3
2025-12-04 00:00:00+00:00,2.1965,2.2055,2.1938,2.1944,10725966.2
2025-12-04 00:15:00+00:00,2.1943,2.1983,2.1885,2.1915,6684728.3
2025-12-04 00:30:00+00:00,2.1916,2.1984,2.1861,2.1972,4472619.9
2025-12-04 00:45:00+00:00,2.1973,2.2019,2.1936,2.1942,4176491.9
2025-12-04 01:00:00+00:00,2.1942,2.212,2.1924,2.2108,6859836.2
2025-12-04 01:15:00+00:00,2.2108,2.2141,2.1959,2.1999,6528961.8
2025-12-04 01:30:00+00:00,2.2,2.204,2.1982,2.2039,1933266.6
2025-12-04 01:45:00+00:00,2.204,2.205,2.1921,2.1923,3804469.1
2025-12-04 02:00:00+00:00,2.1923,2.203,2.1905,2.2024,3315647.4
2025-12-04 02:15:00+00:00,2.2024,2.2078,2.2008,2.2046,3359070.0
2025-12-04 02:30:00+00:00,2.2047,2.2076,2.2011,2.2043,2084981.2
2025-12-04 02:45:00+00:00,2.2044,2.2062,2.2,2.2012,2314054.3
2025-12-04 03:00:00+00:00,2.2012,2.2056,2.1983,2.1999,2636278.0
2025-12-04 03:15:00+00:00,2.1999,2.2005,2.194,2.1947,2716931.2
2025-12-04 03:30:00+00:00,2.1947,2.1971,2.1922,2.1943,4164410.9
2025-12-04 03:45:00+00:00,2.1943,2.1968,2.1926,2.1941,1955097.2
2025-12-04 04:00:00+00:00,2.1941,2.1996,2.1907,2.1955,2237125.9
2025-12-04 04:15:00+00:00,2.1954,2.1961,2.1921,2.1947,1541325.1
2025-12-04 04:30:00+00:00,2.1947,2.1962,2.187,2.1888,3299794.6
2025-12-04 04:45:00+00:00,2.1887,2.1895,2.1834,2.1867,6082330.2
2025-12-04 05:00:00+00:00,2.1866,2.1875,2.1806,2.183,4503707.8
2025-12-04 05:15:00+00:00,2.1829,2.1844,2.178,2.183,4960397.3
2025-12-04 05:30:00+00:00,2.1829,2.1851,2.1753,2.1756,3690527.6
2025-12-04 05:45:00+00:00,2.1756,2.1772,2.1703,2.1759,5848621.6
2025-12-04 06:00:00+00:00,2.1759,2.1779,2.1738,2.1777,3578802.1
2025-12-04 06:15:00+00:00,2.1778,2.1804,2.1742,2.1789,3695822.3
2025-12-04 06:30:00+00:00,2.1788,2.1845,2.178,2.1818,4870350.7
2025-12-04 06:45:00+00:00,2.1818,2.1822,2.1772,2.1797,3281950.7
2025-12-04 07:00:00+00:00,2.1796,2.1797,2.1667,2.169,6480002.5
2025-12-04 07:15:00+00:00,2.1689,2.1715,2.165,2.1693,4280779.0
2025-12-04 07:30:00+00:00,2.1692,2.1736,2.1685,2.173,2752140.0
2025-12-04 07:45:00+00:00,2.173,2.1738,2.1692,2.1715,2379326.4
2025-12-04 08:00:00+00:00,2.1715,2.178,2.1642,2.1671,5203959.9
2025-12-04 08:15:00+00:00,2.167,2.1705,2.1643,2.1646,2683530.4
2025-12-04 08:30:00+00:00,2.1645,2.1717,2.1624,2.1709,3042697.0
2025-12-04 08:45:00+00:00,2.1709,2.1711,2.1596,2.1627,2945521.4
2025-12-04 09:00:00+00:00,2.1627,2.1736,2.1622,2.1688,4111807.4
2025-12-04 09:15:00+00:00,2.1688,2.1693,2.1635,2.166,2241872.5
2025-12-04 09:30:00+00:00,2.166,2.1734,2.165,2.1719,3181477.5
2025-12-04 09:45:00+00:00,2.1718,2.1743,2.1695,2.1696,2708893.1
2025-12-04 10:00:00+00:00,2.1697,2.1718,2.1668,2.1685,3226616.5
2025-12-04 10:15:00+00:00,2.1684,2.1684,2.1627,2.1632,2832283.1
2025-12-04 10:30:00+00:00,2.1632,2.165,2.1574,2.1599,5376548.5
2025-12-04 10:45:00+00:00,2.1598,2.1612,2.1552,2.1575,4283333.3
2025-12-04 11:00:00+00:00,2.1575,2.1576,2.1525,2.1535,6012678.8
2025-12-04 11:15:00+00:00,2.1535,2.1539,2.1477,2.149,9316391.4
2025-12-04 11:30:00+00:00,2.149,2.1512,2.1415,2.1447,9379053.8
2025-12-04 11:45:00+00:00,2.1447,2.1508,2.1419,2.15,7072427.7
2025-12-04 12:00:00+00:00,2.15,2.1536,2.1453,2.1476,6388360.5
2025-12-04 12:15:00+00:00,2.1475,2.1494,2.1366,2.138,12136028.9
2025-12-04 12:30:00+00:00,2.1381,2.1491,2.138,2.1463,4856799.0
2025-12-04 12:45:00+00:00,2.1462,2.1483,2.1424,2.1452,3517554.1
2025-12-04 13:00:00+00:00,2.1452,2.1477,2.138,2.1396,7235105.3
2025-12-04 13:15:00+00:00,2.1395,2.1496,2.1395,2.1451,4462650.0
2025-12-04 13:30:00+00:00,2.1452,2.1466,2.136,2.1379,6118197.1
2025-12-04 13:45:00+00:00,2.1379,2.139,2.1241,2.1249,23184692.9
2025-12-04 14:00:00+00:00,2.125,2.1346,2.1247,2.133,8630685.4
2025-12-04 14:15:00+00:00,2.133,2.1373,2.1303,2.137,6066105.4
2025-12-04 14:30:00+00:00,2.137,2.1376,2.1256,2.1325,9940773.0
2025-12-04 14:45:00+00:00,2.1325,2.1351,2.1133,2.1187,19631810.7
2025-12-04 15:00:00+00:00,2.1187,2.1351,2.1184,2.1328,9449223.5
2025-12-04 15:15:00+00:00,2.1329,2.1366,2.1241,2.1297,7202365.2
2025-12-04 15:30:00+00:00,2.1297,2.1563,2.1289,2.1474,15426105.3
2025-12-04 15:45:00+00:00,2.1473,2.1525,2.1386,2.1517,9919858.0
2025-12-04 16:00:00+00:00,2.1517,2.156,2.1366,2.143,10441614.2
2025-12-04 16:15:00+00:00,2.1429,2.1567,2.1421,2.1459,8174975.9
2025-12-04 16:30:00+00:00,2.1459,2.1471,2.1368,2.1385,7267954.9
2025-12-04 16:45:00+00:00,2.1385,2.1439,2.1307,2.1367,7372080.0
2025-12-04 17:00:00+00:00,2.1367,2.1381,2.1262,2.1313,9196761.7
2025-12-04 17:15:00+00:00,2.1312,2.1319,2.1234,2.1241,5262492.9
2025-12-04 17:30:00+00:00,2.124,2.128,2.1156,2.1206,9381501.4
2025-12-04 17:45:00+00:00,2.1206,2.1295,2.118,2.1272,6053381.1
2025-12-04 18:00:00+00:00,2.1271,2.1277,2.1183,2.1246,5963983.0
2025-12-04 18:15:00+00:00,2.1246,2.1246,2.1141,2.1199,6292800.1
2025-12-04 18:30:00+00:00,2.1198,2.1231,2.0972,2.0996,21207103.6
2025-12-04 18:45:00+00:00,2.0995,2.107,2.0992,2.1025,7932917.4
2025-12-04 19:00:00+00:00,2.1025,2.1044,2.0803,2.082,15368648.9
2025-12-04 19:15:00+00:00,2.0821,2.0873,2.0679,2.083,24811339.1
2025-12-04 19:30:00+00:00,2.083,2.0986,2.081,2.0977,10249122.3
2025-12-04 19:45:00+00:00,2.0976,2.1024,2.0924,2.0962,6422473.4
2025-12-04 20:00:00+00:00,2.0962,2.103,2.0847,2.0935,11550217.3
2025-12-04 20:15:00+00:00,2.0935,2.0961,2.0881,2.0896,5215404.7
2025-12-04 20:30:00+00:00,2.0896,2.0994,2.088,2.0967,4945698.0
2025-12-04 20:45:00+00:00,2.0968,2.1078,2.0967,2.1038,13360402.5
2025-12-04 21:00:00+00:00,2.1038,2.1099,2.0983,2.1018,11674304.2
2025-12-04 21:15:00+00:00,2.1017,2.1058,2.0954,2.0966,4221932.9
2025-12-04 21:30:00+00:00,2.0967,2.1022,2.095,2.098,2412325.1
2025-12-04 21:45:00+00:00,2.098,2.0983,2.0877,2.0898,5006299.9
2025-12-04 22:00:00+00:00,2.0899,2.0975,2.0899,2.096,2833693.4
2025-12-04 22:15:00+00:00,2.096,2.099,2.0919,2.0965,2742645.1
2025-12-04 22:30:00+00:00,2.0965,2.1037,2.0962,2.0984,3640699.0
2025-12-04 22:45:00+00:00,2.0984,2.1001,2.0965,2.0966,1850979.4
2025-12-04 23:00:00+00:00,2.0967,2.0987,2.0921,2.0933,2310964.2
2025-12-04 23:15:00+00:00,2.0933,2.0968,2.0922,2.0955,1400357.0
2025-12-04 23:30:00+00:00,2.0954,2.0985,2.0909,2.0944,1515498.1
2025-12-04 23:45:00+00:00,2.0944,2.0971,2.0921,2.0949,1440085.8
2025-12-05 00:00:00+00:00,2.0949,2.1002,2.0932,2.0959,3292046.3
2025-12-05 00:15:00+00:00,2.0959,2.1077,2.0955,2.1033,3448824.8
2025-12-05 00:30:00+00:00,2.1033,2.1117,2.1018,2.1111,4196971.5
2025-12-05 00:45:00+00:00,2.1111,2.1118,2.1013,2.1032,3661314.7
2025-12-05 01:00:00+00:00,2.1031,2.1102,2.102,2.1033,2219538.2
2025-12-05 01:15:00+00:00,2.1033,2.1111,2.1031,2.108,2667095.4
2025-12-05 01:30:00+00:00,2.108,2.1097,2.1047,2.1071,3822626.3
2025-12-05 01:45:00+00:00,2.1072,2.1097,2.1034,2.1041,1540884.1
2025-12-05 02:00:00+00:00,2.1041,2.1056,2.1007,2.1055,2537364.4
2025-12-05 02:15:00+00:00,2.1055,2.1084,2.1042,2.108,1922900.2
2025-12-05 02:30:00+00:00,2.108,2.1109,2.1057,2.109,2243113.8
2025-12-05 02:45:00+00:00,2.1091,2.1091,2.1018,2.1026,1888585.3
2025-12-05 03:00:00+00:00,2.1027,2.106,2.099,2.1011,2079216.1
2025-12-05 03:15:00+00:00,2.101,2.1018,2.094,2.0948,3500690.7
2025-12-05 03:30:00+00:00,2.0948,2.0953,2.0886,2.0892,3580481.5
2025-12-05 03:45:00+00:00,2.0893,2.0938,2.0863,2.0897,3790911.6
2025-12-05 04:00:00+00:00,2.0898,2.0976,2.0896,2.0961,2531868.6
2025-12-05 04:15:00+00:00,2.096,2.096,2.0874,2.0879,2352191.7
2025-12-05 04:30:00+00:00,2.0878,2.0878,2.0791,2.0807,6450309.0
2025-12-05 04:45:00+00:00,2.0807,2.087,2.0777,2.0846,5595044.2
2025-12-05 05:00:00+00:00,2.0846,2.0874,2.0815,2.0848,2889302.2
2025-12-05 05:15:00+00:00,2.0848,2.0867,2.0756,2.0782,4393425.6
2025-12-05 05:30:00+00:00,2.0781,2.0821,2.0752,2.0814,2441608.9
2025-12-05 05:45:00+00:00,2.0814,2.0816,2.0787,2.0807,1898157.0
2025-12-05 06:00:00+00:00,2.0808,2.0888,2.0808,2.0866,3576053.9
2025-12-05 06:15:00+00:00,2.0866,2.0881,2.0832,2.0841,2118621.6
2025-12-05 06:30:00+00:00,2.0842,2.0877,2.0807,2.0853,2637782.9
2025-12-05 06:45:00+00:00,2.0853,2.0887,2.0848,2.088,2244476.4
2025-12-05 07:00:00+00:00,2.088,2.0976,2.0861,2.0944,4814117.4
2025-12-05 07:15:00+00:00,2.0944,2.0956,2.0914,2.0936,3057064.2
2025-12-05 07:30:00+00:00,2.0937,2.0943,2.089,2.0903,2290434.0
2025-12-05 07:45:00+00:00,2.0903,2.0937,2.0867,2.092,2527040.7
2025-12-05 08:00:00+00:00,2.092,2.0925,2.0842,2.0872,3324311.3
2025-12-05 08:15:00+00:00,2.0872,2.0876,2.082,2.0834,2161184.1
2025-12-05 08:30:00+00:00,2.0834,2.0841,2.074,2.0787,5317612.8
2025-12-05 08:45:00+00:00,2.0788,2.0804,2.075,2.0776,2998615.4
2025-12-05 09:00:00+00:00,2.0777,2.0778,2.0711,2.0736,4662533.9
2025-12-05 09:15:00+00:00,2.0736,2.0736,2.0582,2.0599,14092283.7
2025-12-05 09:30:00+00:00,2.06,2.0638,2.0531,2.0565,8481948.3
2025-12-05 09:45:00+00:00,2.0564,2.0587,2.0542,2.0567,4719010.7
2025-12-05 10:00:00+00:00,2.0566,2.064,2.0536,2.0619,6197752.0
2025-12-05 10:15:00+00:00,2.0619,2.0684,2.059,2.0646,4418419.2
2025-12-05 10:30:00+00:00,2.0646,2.0666,2.0627,2.064,4161339.6
2025-12-05 10:45:00+00:00,2.064,2.0644,2.057,2.0609,2930518.8
2025-12-05 11:00:00+00:00,2.0609,2.0637,2.0594,2.0625,3395839.8
2025-12-05 11:15:00+00:00,2.0625,2.0634,2.0571,2.0594,4191236.8
2025-12-05 11:30:00+00:00,2.0594,2.0603,2.0526,2.059,6242167.7
2025-12-05 11:45:00+00:00,2.0591,2.0701,2.059,2.0678,4860910.3
2025-12-05 12:00:00+00:00,2.0678,2.0708,2.0653,2.0658,3482659.9
2025-12-05 12:15:00+00:00,2.0658,2.0716,2.065,2.069,3013050.2
2025-12-05 12:30:00+00:00,2.069,2.0738,2.0658,2.0673,3258935.6
2025-12-05 12:45:00+00:00,2.0673,2.0679,2.0641,2.0671,1661714.4
2025-12-05 13:00:00+00:00,2.0672,2.0757,2.062,2.0671,5420394.1
2025-12-05 13:15:00+00:00,2.0672,2.072,2.0643,2.0696,4343253.5
2025-12-05 13:30:00+00:00,2.0695,2.0718,2.0604,2.0623,7296840.5
2025-12-05 13:45:00+00:00,2.0623,2.0694,2.0563,2.0646,6231260.7
2025-12-05 14:00:00+00:00,2.0646,2.0683,2.0561,2.0579,5029755.7
2025-12-05 14:15:00+00:00,2.0578,2.0636,2.0555,2.0626,3781326.4
2025-12-05 14:30:00+00:00,2.0626,2.0725,2.0575,2.0614,10122383.4
2025-12-05 14:45:00+00:00,2.0614,2.0681,2.0576,2.0646,6632650.8
2025-12-05 15:00:00+00:00,2.0645,2.0988,2.0644,2.0852,28060941.4
2025-12-05 15:15:00+00:00,2.0853,2.0896,2.0798,2.087,6408101.4
2025-12-05 15:30:00+00:00,2.087,2.0945,2.0817,2.0847,7288461.1
2025-12-05 15:45:00+00:00,2.0846,2.0846,2.0711,2.0748,9893207.6
2025-12-05 16:00:00+00:00,2.0748,2.0767,2.0489,2.0578,19297475.1
2025-12-05 16:15:00+00:00,2.0579,2.0623,2.048,2.0499,12608919.9
2025-12-05 16:30:00+00:00,2.0499,2.0527,2.0174,2.0253,27721236.0
2025-12-05 16:45:00+00:00,2.0253,2.0401,2.0214,2.0327,15330786.6
2025-12-05 17:00:00+00:00,2.0327,2.044,2.0277,2.0281,11671195.6
2025-12-05 17:15:00+00:00,2.0281,2.0384,2.0222,2.0237,6221009.0
2025-12-05 17:30:00+00:00,2.0237,2.0347,2.0152,2.0326,10750481.4
2025-12-05 17:45:00+00:00,2.0327,2.0424,2.0306,2.0343,6786747.0
2025-12-05 18:00:00+00:00,2.0343,2.0467,2.0292,2.0396,7320030.9
2025-12-05 18:15:00+00:00,2.0396,2.0411,2.0248,2.0282,6973192.2
2025-12-05 18:30:00+00:00,2.0283,2.032,2.0157,2.0188,5649670.3
2025-12-05 18:45:00+00:00,2.0188,2.0232,2.0142,2.0177,6037804.9
2025-12-05 19:00:00+00:00,2.0177,2.0251,2.011,2.0241,7916938.5
2025-12-05 19:15:00+00:00,2.0242,2.0333,2.0206,2.0302,4975239.0
2025-12-05 19:30:00+00:00,2.0301,2.0394,2.0291,2.0364,3750998.8
2025-12-05 19:45:00+00:00,2.0364,2.0414,2.0338,2.0363,3541581.5
2025-12-05 20:00:00+00:00,2.0362,2.0363,2.0246,2.0305,7556576.5
2025-12-05 20:15:00+00:00,2.0305,2.0358,2.0277,2.031,3260155.9
2025-12-05 20:30:00+00:00,2.0309,2.0309,2.023,2.0237,3240048.8
2025-12-05 20:45:00+00:00,2.0238,2.0274,2.0212,2.0222,3964382.6
2025-12-05 21:00:00+00:00,2.0222,2.0316,2.0213,2.0302,4965620.2
2025-12-05 21:15:00+00:00,2.0302,2.0316,2.0253,2.0261,2299731.5
2025-12-05 21:30:00+00:00,2.0261,2.0286,2.0223,2.0229,2684480.0
2025-12-05 21:45:00+00:00,2.0228,2.0268,2.0186,2.0267,3324675.6
2025-12-05 22:00:00+00:00,2.0268,2.027,2.0184,2.0195,2404634.9
2025-12-05 22:15:00+00:00,2.0196,2.0305,2.0196,2.0302,1260260.8
2025-12-05 22:30:00+00:00,2.0303,2.0355,2.0272,2.0344,2110185.2
2025-12-05 22:45:00+00:00,2.0344,2.0354,2.0301,2.031,1974300.3
2025-12-05 23:00:00+00:00,2.031,2.0317,2.0217,2.0285,2851016.7
2025-12-05 23:15:00+00:00,2.0286,2.033,2.0282,2.0328,1328109.9
2025-12-05 23:30:00+00:00,2.0328,2.0361,2.0314,2.0335,1789204.4
2025-12-05 23:45:00+00:00,2.0334,2.0368,2.0319,2.0333,2203158.7
2025-12-06 00:00:00+00:00,2.0334,2.0334,2.0184,2.0214,10290662.1
2025-12-06 00:15:00+00:00,2.0214,2.0259,2.0162,2.0257,5582806.6
2025-12-06 00:30:00+00:00,2.0256,2.0323,2.0233,2.0317,2395063.0
2025-12-06 00:45:00+00:00,2.0318,2.0335,2.0281,2.0322,1532816.8
2025-12-06 01:00:00+00:00,2.0322,2.0351,2.0305,2.0351,1300491.4
2025-12-06 01:15:00+00:00,2.0351,2.0381,2.0314,2.0342,2903980.6
2025-12-06 01:30:00+00:00,2.0343,2.0343,2.026,2.0267,1863983.9
2025-12-06 01:45:00+00:00,2.0267,2.0315,2.0255,2.0294,1323672.3
2025-12-06 02:00:00+00:00,2.0295,2.0296,2.0241,2.0268,1694435.7
2025-12-06 02:15:00+00:00,2.0268,2.0287,2.0253,2.0275,753871.0
2025-12-06 02:30:00+00:00,2.0275,2.0319,2.0265,2.0293,1216623.9
2025-12-06 02:45:00+00:00,2.0294,2.0321,2.0288,2.0316,974238.2
2025-12-06 03:00:00+00:00,2.0316,2.0411,2.0312,2.039,3462014.7
2025-12-06 03:15:00+00:00,2.0389,2.0405,2.0339,2.0346,2353324.7
2025-12-06 03:30:00+00:00,2.0346,2.0394,2.0341,2.0364,1357539.2
2025-12-06 03:45:00+00:00,2.0364,2.0385,2.036,2.0375,1296967.2
2025-12-06 04:00:00+00:00,2.0375,2.0401,2.0344,2.0349,1676249.4
2025-12-06 04:15:00+00:00,2.035,2.0365,2.0333,2.0358,1366189.2
2025-12-06 04:30:00+00:00,2.0359,2.0392,2.035,2.0369,1094238.1
2025-12-06 04:45:00+00:00,2.0369,2.04,2.0353,2.0399,1071132.3
2025-12-06 05:00:00+00:00,2.04,2.0422,2.0386,2.0399,2359027.6
2025-12-06 05:15:00+00:00,2.04,2.04,2.035,2.0385,1212685.8
2025-12-06 05:30:00+00:00,2.0384,2.0406,2.0356,2.0396,1244329.2
2025-12-06 05:45:00+00:00,2.0396,2.0436,2.0392,2.0425,1914606.9
2025-12-06 06:00:00+00:00,2.0426,2.044,2.0402,2.0427,1832497.7
2025-12-06 06:15:00+00:00,2.0426,2.0491,2.0424,2.049,2663906.3
2025-12-06 06:30:00+00:00,2.049,2.0491,2.0357,2.0363,3509737.6
2025-12-06 06:45:00+00:00,2.0363,2.0378,2.0337,2.0345,2263479.5
2025-12-06 07:00:00+00:00,2.0345,2.0382,2.0336,2.0355,1468472.9
2025-12-06 07:15:00+00:00,2.0355,2.0363,2.0288,2.0294,3264789.7
2025-12-06 07:30:00+00:00,2.0294,2.0324,2.0268,2.0308,2962571.3
2025-12-06 07:45:00+00:00,2.0309,2.0333,2.0282,2.0292,1363166.6
2025-12-06 08:00:00+00:00,2.0293,2.0295,2.0252,2.0268,1586962.0
2025-12-06 08:15:00+00:00,2.0267,2.0299,2.0185,2.0205,4245148.2
2025-12-06 08:30:00+00:00,2.0204,2.0215,2.0158,2.0201,5012472.0
2025-12-06 08:45:00+00:00,2.0201,2.0215,2.0138,2.0164,2683313.3
2025-12-06 09:00:00+00:00,2.0163,2.026,2.0162,2.0233,3001183.4
2025-12-06 09:15:00+00:00,2.0234,2.0248,2.0221,2.0242,1997436.5
2025-12-06 09:30:00+00:00,2.0243,2.0275,2.0208,2.0258,2102917.5
2025-12-06 09:45:00+00:00,2.0258,2.0273,2.0245,2.0247,1576240.8
2025-12-06 10:00:00+00:00,2.0246,2.0258,2.0208,2.0229,2010806.0
2025-12-06 10:15:00+00:00,2.023,2.0287,2.0227,2.023,1752772.8
2025-12-06 10:30:00+00:00,2.023,2.0256,2.0215,2.0246,976799.8
2025-12-06 10:45:00+00:00,2.0247,2.026,2.0223,2.0232,1154868.5
2025-12-06 11:00:00+00:00,2.0232,2.0282,2.0219,2.0264,1802128.1
2025-12-06 11:15:00+00:00,2.0264,2.0282,2.0259,2.0264,1423505.6
2025-12-06 11:30:00+00:00,2.0264,2.032,2.0252,2.0305,2387589.1
2025-12-06 11:45:00+00:00,2.0306,2.0321,2.0296,2.031,2171458.6
2025-12-06 12:00:00+00:00,2.031,2.0331,2.0252,2.0265,2666970.4
2025-12-06 12:15:00+00:00,2.0265,2.0305,2.0263,2.0286,1017123.3
2025-12-06 12:30:00+00:00,2.0287,2.031,2.0286,2.0302,1019490.0
2025-12-06 12:45:00+00:00,2.0302,2.032,2.0284,2.0293,1105346.3
2025-12-06 13:00:00+00:00,2.0293,2.0338,2.0287,2.0326,1889424.6
2025-12-06 13:15:00+00:00,2.0325,2.0351,2.0315,2.034,2747648.9
2025-12-06 13:30:00+00:00,2.034,2.0382,2.0328,2.0343,3827007.5
2025-12-06 13:45:00+00:00,2.0343,2.0345,2.0297,2.0297,1848425.7
2025-12-06 14:00:00+00:00,2.0298,2.0335,2.0282,2.0311,1738292.1
2025-12-06 14:15:00+00:00,2.031,2.0467,2.031,2.0391,10430366.4
2025-12-06 14:30:00+00:00,2.039,2.0434,2.0379,2.041,3581618.1
2025-12-06 14:45:00+00:00,2.041,2.044,2.0371,2.0384,3008217.2
2025-12-06 15:00:00+00:00,2.0384,2.0395,2.0316,2.0337,3576416.5
2025-12-06 15:15:00+00:00,2.0336,2.0336,2.0213,2.024,6387300.4
2025-12-06 15:30:00+00:00,2.0239,2.0293,2.0206,2.0288,3835424.1
2025-12-06 15:45:00+00:00,2.0287,2.0319,2.0278,2.0287,2420119.0
2025-12-06 16:00:00+00:00,2.0286,2.0348,2.0262,2.0339,3501183.2
2025-12-06 16:15:00+00:00,2.0339,2.0349,2.0295,2.0309,2038759.3
2025-12-06 16:30:00+00:00,2.0309,2.0374,2.028,2.0362,2876952.3
2025-12-06 16:45:00+00:00,2.0363,2.038,2.0337,2.0341,1475442.1
2025-12-06 17:00:00+00:00,2.0341,2.0364,2.0328,2.0342,1709933.3
2025-12-06 17:15:00+00:00,2.0341,2.0346,2.0303,2.0344,3588158.5
2025-12-06 17:30:00+00:00,2.0343,2.0344,2.0275,2.028,1782333.1
2025-12-06 17:45:00+00:00,2.028,2.0321,2.0269,2.0319,1143627.1
2025-12-06 18:00:00+00:00,2.0319,2.0326,2.0282,2.0324,1259355.6
2025-12-06 18:15:00+00:00,2.0323,2.0357,2.0318,2.0344,1423957.8
2025-12-06 18:30:00+00:00,2.0344,2.0367,2.0313,2.0317,1079525.0
2025-12-06 18:45:00+00:00,2.0317,2.0329,2.0274,2.0296,1787129.6
2025-12-06 19:00:00+00:00,2.0295,2.0322,2.0203,2.0266,4333536.9
2025-12-06 19:15:00+00:00,2.0265,2.0283,2.0245,2.0283,1521367.5
2025-12-06 19:30:00+00:00,2.0283,2.0285,2.0191,2.0228,3603306.2
2025-12-06 19:45:00+00:00,2.0227,2.0244,2.0221,2.0241,1011426.8
2025-12-06 20:00:00+00:00,2.0241,2.0271,2.0214,2.0244,1689437.7
2025-12-06 20:15:00+00:00,2.0245,2.0276,2.0235,2.0265,1102408.1
2025-12-06 20:30:00+00:00,2.0266,2.0305,2.0248,2.0305,1057774.2
2025-12-06 20:45:00+00:00,2.0305,2.0308,2.0284,2.029,780579.8
2025-12-06 21:00:00+00:00,2.0289,2.0358,2.0276,2.0289,3734981.2
2025-12-06 21:15:00+00:00,2.0288,2.0329,2.0278,2.0307,987494.5
2025-12-06 21:30:00+00:00,2.0306,2.0342,2.0303,2.0322,1207563.3
2025-12-06 21:45:00+00:00,2.0322,2.0335,2.0305,2.0323,690817.3
2025-12-06 22:00:00+00:00,2.0323,2.0333,2.0265,2.0328,1571351.3
2025-12-06 22:15:00+00:00,2.0328,2.0348,2.0292,2.0293,1435633.3
2025-12-06 22:30:00+00:00,2.0292,2.0306,2.0287,2.0301,738685.6
2025-12-06 22:45:00+00:00,2.0301,2.0305,2.0261,2.027,733181.5
2025-12-06 23:00:00+00:00,2.0271,2.0286,2.0218,2.0277,2522931.0
2025-12-06 23:15:00+00:00,2.0278,2.0304,2.0228,2.0252,2000718.6
2025-12-06 23:30:00+00:00,2.0252,2.0285,2.0233,2.0284,1090718.3
2025-12-06 23:45:00+00:00,2.0283,2.0337,2.0274,2.0298,1556813.7
2025-12-07 00:00:00+00:00,2.0298,2.0324,2.0281,2.0298,1969074.2
2025-12-07 00:15:00+00:00,2.0298,2.0334,2.0292,2.0323,1372024.7
2025-12-07 00:30:00+00:00,2.0323,2.0359,2.0322,2.034,1961595.2
2025-12-07 00:45:00+00:00,2.0339,2.038,2.0327,2.0359,2189858.1
2025-12-07 01:00:00+00:00,2.0359,2.0384,2.0341,2.0377,2013898.6
2025-12-07 01:15:00+00:00,2.0377,2.0415,2.0366,2.0388,2446361.2
2025-12-07 01:30:00+00:00,2.0388,2.04,2.0373,2.0387,1320074.1
2025-12-07 01:45:00+00:00,2.0387,2.0398,2.0324,2.0325,1752095.5
2025-12-07 02:00:00+00:00,2.0326,2.0367,2.0325,2.0351,1007106.0
2025-12-07 02:15:00+00:00,2.035,2.041,2.035,2.0406,1736037.5
2025-12-07 02:30:00+00:00,2.0405,2.0446,2.0386,2.0446,2230846.4
2025-12-07 02:45:00+00:00,2.0446,2.0481,2.0416,2.047,3589667.5
2025-12-07 03:00:00+00:00,2.047,2.0516,2.0467,2.0488,4525034.5
2025-12-07 03:15:00+00:00,2.0488,2.0582,2.0484,2.0532,4553795.8
2025-12-07 03:30:00+00:00,2.0531,2.0611,2.0496,2.0611,3659016.0
2025-12-07 03:45:00+00:00,2.0611,2.0707,2.0585,2.067,8731287.1
2025-12-07 04:00:00+00:00,2.0671,2.0727,2.0642,2.065,4865337.6
2025-12-07 04:15:00+00:00,2.0651,2.0651,2.0588,2.059,3778992.4
2025-12-07 04:30:00+00:00,2.0589,2.0595,2.0509,2.0529,3802749.6
2025-12-07 04:45:00+00:00,2.0528,2.0534,2.0507,2.0514,1905613.9
2025-12-07 05:00:00+00:00,2.0515,2.0548,2.0465,2.0487,4565931.5
2025-12-07 05:15:00+00:00,2.0487,2.0507,2.0452,2.0458,1742280.3
2025-12-07 05:30:00+00:00,2.0458,2.0517,2.044,2.0494,2866911.8
2025-12-07 05:45:00+00:00,2.0494,2.0495,2.0454,2.0471,2155181.3
2025-12-07 06:00:00+00:00,2.0471,2.0506,2.0469,2.0501,1555763.4
2025-12-07 06:15:00+00:00,2.0501,2.0515,2.0475,2.0475,1545578.7
2025-12-07 06:30:00+00:00,2.0476,2.0478,2.0444,2.0458,2148485.8
2025-12-07 06:45:00+00:00,2.0459,2.0464,2.0426,2.045,1714671.5
2025-12-07 07:00:00+00:00,2.045,2.0474,2.0355,2.0367,4551620.6
2025-12-07 07:15:00+00:00,2.0366,2.0372,2.0329,2.0353,3277995.9
2025-12-07 07:30:00+00:00,2.0352,2.0353,2.0263,2.0284,5032435.1
2025-12-07 07:45:00+00:00,2.0284,2.0323,2.0274,2.0297,2856389.9
2025-12-07 08:00:00+00:00,2.0297,2.03,2.0243,2.0249,3542349.7
2025-12-07 08:15:00+00:00,2.0248,2.0296,2.0236,2.0282,2572852.8
2025-12-07 08:30:00+00:00,2.0283,2.0349,2.0275,2.0332,3775555.0
2025-12-07 08:45:00+00:00,2.0333,2.0345,2.0286,2.0291,2028335.3
2025-12-07 09:00:00+00:00,2.0291,2.033,2.0291,2.0327,1353336.1
2025-12-07 09:15:00+00:00,2.0328,2.0348,2.0226,2.0268,3893629.9
2025-12-07 09:30:00+00:00,2.0269,2.0299,2.0264,2.0282,2308866.9
2025-12-07 09:45:00+00:00,2.0282,2.0284,2.0242,2.0274,2204344.1
2025-12-07 10:00:00+00:00,2.0274,2.0326,2.0252,2.0325,2379165.4
2025-12-07 10:15:00+00:00,2.0325,2.0332,2.0287,2.0301,1791700.0
2025-12-07 10:30:00+00:00,2.0301,2.0343,2.0266,2.0332,2792967.5
2025-12-07 10:45:00+00:00,2.0332,2.0344,2.0289,2.0294,1564849.2
2025-12-07 11:00:00+00:00,2.0294,2.0318,2.0272,2.0317,1549839.9
2025-12-07 11:15:00+00:00,2.0318,2.0333,2.0295,2.0312,1077707.3
2025-12-07 11:30:00+00:00,2.0312,2.0335,2.0302,2.0324,872970.0
2025-12-07 11:45:00+00:00,2.0324,2.033,2.0296,2.0325,1038350.6
2025-12-07 12:00:00+00:00,2.0326,2.0408,2.0308,2.0403,3458545.4
2025-12-07 12:15:00+00:00,2.0403,2.0444,2.0397,2.043,3034728.6
2025-12-07 12:30:00+00:00,2.043,2.0457,2.0408,2.0419,2493327.3
2025-12-07 12:45:00+00:00,2.042,2.0493,2.0416,2.0457,3822331.2
2025-12-07 13:00:00+00:00,2.0458,2.0466,2.0373,2.0382,3168481.4
2025-12-07 13:15:00+00:00,2.0382,2.0398,2.0251,2.0315,7287853.2
2025-12-07 13:30:00+00:00,2.0315,2.0337,2.0267,2.0291,2979042.6
2025-12-07 13:45:00+00:00,2.0291,2.0322,2.0269,2.03,2360374.8
2025-12-07 14:00:00+00:00,2.0301,2.0311,2.0212,2.0235,4548242.5
2025-12-07 14:15:00+00:00,2.0235,2.0249,1.9877,2.0047,41233680.5
2025-12-07 14:30:00+00:00,2.0047,2.013,1.9962,2.0024,16012024.4
2025-12-07 14:45:00+00:00,2.0024,2.0066,1.9947,1.9978,9028261.8
2025-12-07 15:00:00+00:00,1.9977,2.0294,1.997,2.0217,13959765.4
2025-12-07 15:15:00+00:00,2.0217,2.0257,2.0138,2.0158,5457714.0
2025-12-07 15:30:00+00:00,2.0158,2.0239,2.0153,2.0176,5011453.9
2025-12-07 15:45:00+00:00,2.0176,2.0551,2.0166,2.0515,17473703.9
2025-12-07 16:00:00+00:00,2.0516,2.0522,2.0382,2.0406,9079238.7
2025-12-07 16:15:00+00:00,2.0405,2.0471,2.0366,2.0455,5225876.0
2025-12-07 16:30:00+00:00,2.0456,2.0484,2.0372,2.0452,5084297.4
2025-12-07 16:45:00+00:00,2.0453,2.0583,2.0409,2.0571,5308827.1
2025-12-07 17:00:00+00:00,2.0572,2.0595,2.0505,2.0593,5997965.8
2025-12-07 17:15:00+00:00,2.0592,2.0787,2.059,2.0752,19500938.3
2025-12-07 17:30:00+00:00,2.0752,2.0949,2.0751,2.0851,18594505.5
2025-12-07 17:45:00+00:00,2.0851,2.0923,2.0818,2.0863,7164771.2
2025-12-07 18:00:00+00:00,2.0862,2.1017,2.086,2.1004,10433645.1
2025-12-07 18:15:00+00:00,2.1004,2.1098,2.0979,2.1024,7555614.6
2025-12-07 18:30:00+00:00,2.1024,2.1063,2.0961,2.098,6585133.4
2025-12-07 18:45:00+00:00,2.0979,2.1098,2.0978,2.1024,5751211.6
2025-12-07 19:00:00+00:00,2.1023,2.1065,2.0962,2.103,5906400.7
2025-12-07 19:15:00+00:00,2.1029,2.1035,2.0887,2.0918,9942435.6
2025-12-07 19:30:00+00:00,2.0918,2.0939,2.0867,2.0921,5090387.0
2025-12-07 19:45:00+00:00,2.0921,2.0927,2.083,2.0862,4091102.4
2025-12-07 20:00:00+00:00,2.0862,2.0884,2.078,2.0813,5231966.4
2025-12-07 20:15:00+00:00,2.0812,2.0899,2.0809,2.0896,3026924.7
2025-12-07 20:30:00+00:00,2.0897,2.0927,2.0855,2.0898,2371846.2
2025-12-07 20:45:00+00:00,2.0897,2.0903,2.0819,2.0839,2708103.4
2025-12-07 21:00:00+00:00,2.0839,2.0839,2.0709,2.0728,6651904.1
2025-12-07 21:15:00+00:00,2.0728,2.0728,2.0646,2.067,6069153.8
2025-12-07 21:30:00+00:00,2.0669,2.071,2.0562,2.0588,7563882.3
2025-12-07 21:45:00+00:00,2.0589,2.0599,2.0345,2.048,13469108.6
2025-12-07 22:00:00+00:00,2.048,2.048,2.0106,2.0293,21217239.3
2025-12-07 22:15:00+00:00,2.0293,2.0352,2.0182,2.0336,9558334.2
2025-12-07 22:30:00+00:00,2.0336,2.0477,2.0307,2.0428,7525002.2
2025-12-07 22:45:00+00:00,2.0427,2.0462,2.0215,2.0275,5470997.1
2025-12-07 23:00:00+00:00,2.0275,2.033,2.0214,2.0301,5290110.0
2025-12-07 23:15:00+00:00,2.03,2.0366,2.0287,2.0349,5289864.7
2025-12-07 23:30:00+00:00,2.035,2.0377,2.0303,2.0341,2341087.8
2025-12-07 23:45:00+00:00,2.0342,2.0438,2.0335,2.0426,2970407.1
2025-12-08 00:00:00+00:00,2.0427,2.0451,2.0366,2.0383,4783895.8
2025-12-08 00:15:00+00:00,2.0382,2.0411,2.0304,2.0388,3544640.6
2025-12-08 00:30:00+00:00,2.0388,2.048,2.0375,2.0427,3347714.4
2025-12-08 00:45:00+00:00,2.0428,2.0456,2.0386,2.0433,1838710.8
2025-12-08 01:00:00+00:00,2.0433,2.0548,2.0427,2.0537,4258038.4
2025-12-08 01:15:00+00:00,2.0537,2.0697,2.0504,2.0689,7623065.6
2025-12-08 01:30:00+00:00,2.0689,2.09,2.0689,2.0774,17152435.2
2025-12-08 01:45:00+00:00,2.0775,2.0791,2.0657,2.067,7236845.9
2025-12-08 02:00:00+00:00,2.0671,2.0673,2.0604,2.0632,4465501.6
2025-12-08 02:15:00+00:00,2.0633,2.0675,2.0626,2.0631,1816547.8
2025-12-08 02:30:00+00:00,2.0632,2.0669,2.0573,2.0662,3682403.6
2025-12-08 02:45:00+00:00,2.0663,2.0773,2.0663,2.0729,4137599.0
2025-12-08 03:00:00+00:00,2.0729,2.0741,2.0637,2.065,2372394.8
2025-12-08 03:15:00+00:00,2.065,2.0765,2.0633,2.0738,3237209.1
2025-12-08 03:30:00+00:00,2.0739,2.0746,2.0665,2.0687,3587666.5
2025-12-08 03:45:00+00:00,2.0687,2.072,2.0672,2.071,1691112.3
2025-12-08 04:00:00+00:00,2.071,2.0796,2.0691,2.0756,2337992.9
2025-12-08 04:15:00+00:00,2.0756,2.0814,2.0734,2.0774,2762074.6
2025-12-08 04:30:00+00:00,2.0774,2.0857,2.0719,2.0761,3429502.3
2025-12-08 04:45:00+00:00,2.0762,2.0769,2.0701,2.0733,2052148.4
2025-12-08 05:00:00+00:00,2.0733,2.0744,2.0682,2.071,2822763.8
2025-12-08 05:15:00+00:00,2.071,2.0779,2.0703,2.0764,1790805.9
2025-12-08 05:30:00+00:00,2.0765,2.0819,2.0755,2.0774,2654935.8
2025-12-08 05:45:00+00:00,2.0774,2.0793,2.0761,2.0775,1801204.4
2025-12-08 06:00:00+00:00,2.0774,2.0788,2.0734,2.0753,2018784.1
2025-12-08 06:15:00+00:00,2.0753,2.077,2.0715,2.0766,2453232.8
2025-12-08 06:30:00+00:00,2.0766,2.0818,2.0764,2.0807,2834637.7
2025-12-08 06:45:00+00:00,2.0808,2.0835,2.0787,2.0793,3319232.1
2025-12-08 07:00:00+00:00,2.0793,2.0832,2.0773,2.0812,3004035.1
2025-12-08 07:15:00+00:00,2.0812,2.0891,2.0802,2.0891,3525686.0
2025-12-08 07:30:00+00:00,2.0891,2.0936,2.0872,2.0876,4792150.9
2025-12-08 07:45:00+00:00,2.0877,2.0877,2.081,2.0855,4334506.0
2025-12-08 08:00:00+00:00,2.0855,2.0857,2.0799,2.0846,2682022.9
2025-12-08 08:15:00+00:00,2.0847,2.0899,2.0847,2.088,1978204.4
2025-12-08 08:30:00+00:00,2.0881,2.0923,2.0843,2.0923,1814457.5
2025-12-08 08:45:00+00:00,2.0922,2.0943,2.088,2.0903,2942888.9
2025-12-08 09:00:00+00:00,2.0903,2.1233,2.0894,2.1097,24817774.2
2025-12-08 09:15:00+00:00,2.1097,2.1129,2.1047,2.1062,6707134.5
2025-12-08 09:30:00+00:00,2.1062,2.1068,2.1024,2.1028,4231369.6
2025-12-08 09:45:00+00:00,2.1028,2.1029,2.0978,2.1003,4406359.8
2025-12-08 10:00:00+00:00,2.1003,2.1053,2.0989,2.1019,4034675.5
2025-12-08 10:15:00+00:00,2.102,2.102,2.0959,2.0971,3853871.0
2025-12-08 10:30:00+00:00,2.0971,2.1005,2.0951,2.0999,3648424.0
2025-12-08 10:45:00+00:00,2.0998,2.1016,2.0969,2.0975,2725254.0
2025-12-08 11:00:00+00:00,2.0976,2.0986,2.0909,2.0961,4154273.4
2025-12-08 11:15:00+00:00,2.0961,2.0961,2.0919,2.092,1770817.8
2025-12-08 11:30:00+00:00,2.0919,2.0923,2.0865,2.0883,7388573.2
2025-12-08 11:45:00+00:00,2.0883,2.0931,2.0865,2.0897,3918884.6
2025-12-08 12:00:00+00:00,2.0896,2.0929,2.0865,2.0924,3383046.4
2025-12-08 12:15:00+00:00,2.0923,2.0937,2.085,2.088,3234809.9
2025-12-08 12:30:00+00:00,2.088,2.093,2.0836,2.09,4863012.2
2025-12-08 12:45:00+00:00,2.09,2.0967,2.0899,2.0941,3590960.7
2025-12-08 13:00:00+00:00,2.0941,2.1011,2.0919,2.0919,6671227.9
2025-12-08 13:15:00+00:00,2.092,2.0958,2.0882,2.0957,4071611.9
2025-12-08 13:30:00+00:00,2.0956,2.098,2.0918,2.0963,4884482.6
2025-12-08 13:45:00+00:00,2.0963,2.099,2.0955,2.0978,4142555.2
2025-12-08 14:00:00+00:00,2.0977,2.0985,2.0938,2.0974,3345324.2
2025-12-08 14:15:00+00:00,2.0974,2.0982,2.0892,2.0949,4871425.7
2025-12-08 14:30:00+00:00,2.0948,2.1112,2.0824,2.1008,23643653.2
2025-12-08 14:45:00+00:00,2.1007,2.1048,2.0822,2.0831,11813068.3
2025-12-08 15:00:00+00:00,2.0832,2.0925,2.0727,2.0784,17245091.5
2025-12-08 15:15:00+00:00,2.0784,2.0889,2.0689,2.0792,13311461.9
2025-12-08 15:30:00+00:00,2.0792,2.0862,2.0667,2.0695,8770976.6
2025-12-08 15:45:00+00:00,2.0696,2.0808,2.0686,2.0746,6145247.8
2025-12-08 16:00:00+00:00,2.0747,2.0755,2.0645,2.0683,9899261.9
2025-12-08 16:15:00+00:00,2.0683,2.0838,2.0669,2.081,6021791.0
2025-12-08 16:30:00+00:00,2.081,2.0867,2.0762,2.0802,5238765.4
2025-12-08 16:45:00+00:00,2.0802,2.0804,2.0669,2.0723,5435177.3
2025-12-08 17:00:00+00:00,2.0722,2.0829,2.0678,2.0809,7607574.0
2025-12-08 17:15:00+00:00,2.081,2.0833,2.0711,2.0741,4074122.8
2025-12-08 17:30:00+00:00,2.0741,2.0779,2.0655,2.0686,4199009.2
2025-12-08 17:45:00+00:00,2.0685,2.0821,2.0641,2.0779,5709005.8
2025-12-08 18:00:00+00:00,2.078,2.0857,2.0759,2.079,4377888.0
2025-12-08 18:15:00+00:00,2.0791,2.0846,2.0714,2.0726,4152757.1
2025-12-08 18:30:00+00:00,2.0725,2.0813,2.0687,2.0812,3406868.2
2025-12-08 18:45:00+00:00,2.0813,2.0841,2.0609,2.0673,6850722.0
2025-12-08 19:00:00+00:00,2.0673,2.0785,2.0665,2.0744,4549553.8
2025-12-08 19:15:00+00:00,2.0744,2.0792,2.0714,2.0773,2599546.2
2025-12-08 19:30:00+00:00,2.0773,2.0816,2.0756,2.0785,2522281.1
2025-12-08 19:45:00+00:00,2.0785,2.0835,2.0751,2.077,2274674.6
2025-12-08 20:00:00+00:00,2.077,2.0854,2.0753,2.0821,5226888.5
2025-12-08 20:15:00+00:00,2.0821,2.0886,2.0798,2.0826,6074176.6
2025-12-08 20:30:00+00:00,2.0827,2.085,2.0782,2.0838,2859336.7
2025-12-08 20:45:00+00:00,2.0838,2.0931,2.0822,2.0862,6837621.5
2025-12-08 21:00:00+00:00,2.0863,2.0872,2.0725,2.0729,7686655.2
2025-12-08 21:15:00+00:00,2.0729,2.0833,2.0729,2.0817,3953049.3
2025-12-08 21:30:00+00:00,2.0817,2.0904,2.0812,2.0843,5206302.3
2025-12-08 21:45:00+00:00,2.0843,2.0894,2.0829,2.0869,2441244.6
2025-12-08 22:00:00+00:00,2.0868,2.088,2.0781,2.0796,2709510.6
2025-12-08 22:15:00+00:00,2.0795,2.0805,2.0771,2.0782,1508713.8
2025-12-08 22:30:00+00:00,2.0782,2.0806,2.0732,2.0757,2034179.3
2025-12-08 22:45:00+00:00,2.0757,2.0813,2.0757,2.0786,958117.9
2025-12-08 23:00:00+00:00,2.0786,2.0803,2.073,2.0732,1601329.8
2025-12-08 23:15:00+00:00,2.0731,2.0748,2.0683,2.0715,3663803.5
2025-12-08 23:30:00+00:00,2.0715,2.0736,2.0696,2.0728,1369530.9
2025-12-08 23:45:00+00:00,2.0729,2.0735,2.0703,2.0711,2006051.9
2025-12-09 00:00:00+00:00,2.0712,2.0788,2.0702,2.0787,6010172.9
2025-12-09 00:15:00+00:00,2.0786,2.0816,2.0734,2.0737,4321742.6
2025-12-09 00:30:00+00:00,2.0736,2.075,2.0671,2.0729,4879865.7
2025-12-09 00:45:00+00:00,2.0729,2.0749,2.0685,2.0707,1716393.8
2025-12-09 01:00:00+00:00,2.0706,2.0725,2.0636,2.0694,3818911.8
2025-12-09 01:15:00+00:00,2.0693,2.0746,2.0629,2.0638,4754340.8
2025-12-09 01:30:00+00:00,2.0639,2.065,2.0587,2.0611,4187812.8
2025-12-09 01:45:00+00:00,2.0612,2.0649,2.0575,2.0618,3643309.0
2025-12-09 02:00:00+00:00,2.0619,2.0699,2.0605,2.0636,6311126.1
2025-12-09 02:15:00+00:00,2.0636,2.0696,2.0633,2.0673,2681663.3
2025-12-09 02:30:00+00:00,2.0673,2.0685,2.0635,2.0654,1663063.6
2025-12-09 02:45:00+00:00,2.0654,2.0693,2.0596,2.0602,2006343.0
2025-12-09 03:00:00+00:00,2.0602,2.0625,2.0585,2.061,2444867.1
2025-12-09 03:15:00+00:00,2.061,2.0638,2.0561,2.0608,4500656.9
2025-12-09 03:30:00+00:00,2.0607,2.0697,2.0603,2.0675,3814033.6
2025-12-09 03:45:00+00:00,2.0675,2.0708,2.0659,2.0687,2491904.3
2025-12-09 04:00:00+00:00,2.0688,2.0693,2.0651,2.0658,2067243.9
2025-12-09 04:15:00+00:00,2.0657,2.0663,2.061,2.0633,1565946.9
2025-12-09 04:30:00+00:00,2.0632,2.0632,2.0519,2.0533,6431676.4
2025-12-09 04:45:00+00:00,2.0533,2.055,2.0519,2.0532,1976969.1
2025-12-09 05:00:00+00:00,2.0532,2.0558,2.047,2.0517,4632065.3
2025-12-09 05:15:00+00:00,2.0516,2.0545,2.0478,2.0528,2956847.1
2025-12-09 05:30:00+00:00,2.0528,2.0585,2.0516,2.0569,2901069.8
2025-12-09 05:45:00+00:00,2.0569,2.0583,2.0483,2.0494,2295120.1
2025-12-09 06:00:00+00:00,2.0494,2.0552,2.0482,2.0517,2415222.2
2025-12-09 06:15:00+00:00,2.0518,2.0528,2.0455,2.047,3153910.6
2025-12-09 06:30:00+00:00,2.0469,2.0472,2.0398,2.0466,6161294.8
2025-12-09 06:45:00+00:00,2.0466,2.0505,2.0444,2.0486,3184279.0
2025-12-09 07:00:00+00:00,2.0487,2.0515,2.0459,2.0473,2311382.4
2025-12-09 07:15:00+00:00,2.0473,2.0569,2.0473,2.0549,2593144.6
2025-12-09 07:30:00+00:00,2.0549,2.0598,2.0542,2.0592,2271871.5
2025-12-09 07:45:00+00:00,2.0592,2.0612,2.0585,2.0604,2239871.7
2025-12-09 08:00:00+00:00,2.0604,2.0649,2.059,2.0595,3324923.4
2025-12-09 08:15:00+00:00,2.0594,2.0619,2.0558,2.0584,3267247.9
2025-12-09 08:30:00+00:00,2.0584,2.0626,2.0557,2.0626,2569675.8
2025-12-09 08:45:00+00:00,2.0626,2.0649,2.061,2.0621,2035680.1
2025-12-09 09:00:00+00:00,2.0622,2.0627,2.0567,2.0608,2840645.6
2025-12-09 09:15:00+00:00,2.0607,2.0619,2.0581,2.0591,1510093.4
2025-12-09 09:30:00+00:00,2.059,2.0598,2.0557,2.0567,1857275.7
2025-12-09 09:45:00+00:00,2.0568,2.0583,2.0558,2.0572,1078689.9
2025-12-09 10:00:00+00:00,2.0571,2.0602,2.0544,2.0558,2386706.4
2025-12-09 10:15:00+00:00,2.0558,2.0563,2.0536,2.0553,1267186.1
2025-12-09 10:30:00+00:00,2.0554,2.0563,2.0446,2.0511,4799011.0
2025-12-09 10:45:00+00:00,2.0511,2.0547,2.0487,2.0543,2063117.5
2025-12-09 11:00:00+00:00,2.0543,2.0576,2.053,2.0537,1931596.2
2025-12-09 11:15:00+00:00,2.0537,2.055,2.0505,2.0549,1332934.8
2025-12-09 11:30:00+00:00,2.0549,2.0611,2.0545,2.0608,1900319.4
2025-12-09 11:45:00+00:00,2.0608,2.0697,2.0605,2.0679,4482807.2
2025-12-09 12:00:00+00:00,2.068,2.0717,2.0657,2.0687,3554061.0
2025-12-09 12:15:00+00:00,2.0688,2.0844,2.0679,2.0807,8799594.9
2025-12-09 12:30:00+00:00,2.0808,2.085,2.0789,2.084,4479380.9
2025-12-09 12:45:00+00:00,2.0839,2.0844,2.0799,2.0829,3037799.5
2025-12-09 13:00:00+00:00,2.083,2.0848,2.0781,2.0788,4573895.3
2025-12-09 13:15:00+00:00,2.0788,2.0813,2.0755,2.079,4427661.1
2025-12-09 13:30:00+00:00,2.079,2.0813,2.0639,2.0649,6609670.9
2025-12-09 13:45:00+00:00,2.0649,2.0685,2.063,2.0655,4737864.9
2025-12-09 14:00:00+00:00,2.0655,2.0716,2.0575,2.0597,8195089.0
2025-12-09 14:15:00+00:00,2.0597,2.0616,2.0478,2.0531,9970545.7
2025-12-09 14:30:00+00:00,2.053,2.0598,2.0476,2.0499,17474457.5
2025-12-09 14:45:00+00:00,2.0499,2.0549,2.0486,2.0541,7994115.6
2025-12-09 15:00:00+00:00,2.0541,2.0905,2.052,2.0675,24176154.8
2025-12-09 15:15:00+00:00,2.0676,2.0919,2.0657,2.0844,10929480.3
2025-12-09 15:30:00+00:00,2.0843,2.1045,2.0774,2.1026,19502159.2
2025-12-09 15:45:00+00:00,2.1027,2.119,2.1001,2.1148,19868018.4
2025-12-09 16:00:00+00:00,2.1148,2.1535,2.1144,2.1492,32360780.8
2025-12-09 16:15:00+00:00,2.1491,2.1541,2.1351,2.1385,15538655.9
2025-12-09 16:30:00+00:00,2.1386,2.1664,2.1376,2.1656,22301021.1
2025-12-09 16:45:00+00:00,2.1656,2.174,2.1564,2.1642,17446494.9
2025-12-09 17:00:00+00:00,2.1641,2.1774,2.1618,2.1721,17309405.3
2025-12-09 17:15:00+00:00,2.1721,2.1727,2.1451,2.15,28497653.8
2025-12-09 17:30:00+00:00,2.15,2.1533,2.1406,2.1465,12650619.0
2025-12-09 17:45:00+00:00,2.1465,2.1527,2.1441,2.1487,5654047.1
2025-12-09 18:00:00+00:00,2.1487,2.1571,2.1458,2.1527,7913058.0
2025-12-09 18:15:00+00:00,2.1527,2.1569,2.1486,2.1549,5089348.5
2025-12-09 18:30:00+00:00,2.1549,2.1559,2.1469,2.148,3649005.2
2025-12-09 18:45:00+00:00,2.1479,2.1497,2.1386,2.1471,7746418.9
2025-12-09 19:00:00+00:00,2.1471,2.1479,2.1362,2.1363,6323795.9
2025-12-09 19:15:00+00:00,2.1362,2.1403,2.1303,2.1342,5836988.9
2025-12-09 19:30:00+00:00,2.1342,2.1422,2.1282,2.1314,5822080.1
2025-12-09 19:45:00+00:00,2.1314,2.1386,2.1304,2.1323,6016605.6
2025-12-09 20:00:00+00:00,2.1322,2.1335,2.126,2.1292,5005677.4
2025-12-09 20:15:00+00:00,2.1292,2.13,2.1021,2.1114,15499248.0
2025-12-09 20:30:00+00:00,2.1115,2.1126,2.0949,2.1045,14744892.1
2025-12-09 20:45:00+00:00,2.1045,2.1129,2.102,2.1125,6826509.2
2025-12-09 21:00:00+00:00,2.1125,2.116,2.1066,2.1092,5743778.8
2025-12-09 21:15:00+00:00,2.1092,2.1134,2.1054,2.1114,2839802.8
2025-12-09 21:30:00+00:00,2.1114,2.1125,2.104,2.1041,3131089.0
2025-12-09 21:45:00+00:00,2.1042,2.1049,2.0842,2.0981,12514837.9
2025-12-09 22:00:00+00:00,2.0981,2.1111,2.0948,2.1072,7034749.1
2025-12-09 22:15:00+00:00,2.1072,2.111,2.1028,2.1038,3545522.1
2025-12-09 22:30:00+00:00,2.1038,2.1168,2.1024,2.1109,3965502.3
2025-12-09 22:45:00+00:00,2.1109,2.1131,2.1058,2.1093,2997876.8
2025-12-09 23:00:00+00:00,2.1093,2.1115,2.1045,2.1054,2555553.4
2025-12-09 23:15:00+00:00,2.1054,2.1108,2.1045,2.1083,3372016.2
2025-12-09 23:30:00+00:00,2.1083,2.1125,2.1066,2.111,1908141.4
2025-12-09 23:45:00+00:00,2.111,2.111,2.105,2.1051,1510705.7
2025-12-10 00:00:00+00:00,2.105,2.1088,2.1038,2.104,2746214.0
2025-12-10 00:15:00+00:00,2.104,2.104,2.0951,2.1,3904362.0
2025-12-10 00:30:00+00:00,2.1001,2.1033,2.0936,2.0958,2366338.8
2025-12-10 00:45:00+00:00,2.0957,2.0972,2.0881,2.0887,4596067.8
2025-12-10 01:00:00+00:00,2.0886,2.093,2.0886,2.0899,3131265.0
2025-12-10 01:15:00+00:00,2.0898,2.0949,2.0883,2.0925,3327700.9
2025-12-10 01:30:00+00:00,2.0926,2.0927,2.0856,2.0875,3238132.2
2025-12-10 01:45:00+00:00,2.0875,2.0906,2.0861,2.0881,2102585.5
2025-12-10 02:00:00+00:00,2.088,2.088,2.0808,2.0847,3353154.9
2025-12-10 02:15:00+00:00,2.0847,2.0926,2.0837,2.0905,2993703.0
2025-12-10 02:30:00+00:00,2.0906,2.0906,2.0862,2.0879,1832267.5
2025-12-10 02:45:00+00:00,2.0879,2.088,2.0833,2.0868,2465736.5
2025-12-10 03:00:00+00:00,2.0868,2.0874,2.0821,2.0852,2521283.7
2025-12-10 03:15:00+00:00,2.0852,2.0853,2.0806,2.0824,2029340.9
2025-12-10 03:30:00+00:00,2.0824,2.0839,2.081,2.0833,2022878.0
2025-12-10 03:45:00+00:00,2.0833,2.0845,2.0821,2.0821,1375618.9
2025-12-10 04:00:00+00:00,2.0821,2.0879,2.0783,2.0877,4824838.3
2025-12-10 04:15:00+00:00,2.0877,2.092,2.0848,2.0859,3682960.8
2025-12-10 04:30:00+00:00,2.086,2.0928,2.0844,2.0907,2933255.8
2025-12-10 04:45:00+00:00,2.0907,2.0957,2.0891,2.0891,2601615.4
2025-12-10 05:00:00+00:00,2.0891,2.091,2.0865,2.089,2581294.8
2025-12-10 05:15:00+00:00,2.0891,2.0926,2.0863,2.0863,2388726.7
2025-12-10 05:30:00+00:00,2.0863,2.0867,2.0823,2.0853,2757928.8
2025-12-10 05:45:00+00:00,2.0853,2.0885,2.085,2.0872,1622294.1
2025-12-10 06:00:00+00:00,2.0873,2.0885,2.0818,2.0868,2240011.5
2025-12-10 06:15:00+00:00,2.0868,2.088,2.0847,2.0874,1385648.8
2025-12-10 06:30:00+00:00,2.0875,2.0886,2.0839,2.0878,1920444.2
2025-12-10 06:45:00+00:00,2.0878,2.0879,2.0822,2.0852,1593017.9
2025-12-10 07:00:00+00:00,2.0852,2.0852,2.079,2.0802,2928406.6
2025-12-10 07:15:00+00:00,2.0801,2.0806,2.0752,2.0779,4080965.7
2025-12-10 07:30:00+00:00,2.0779,2.083,2.0768,2.0815,2068317.6
2025-12-10 07:45:00+00:00,2.0814,2.0841,2.0801,2.0834,1788577.9
2025-12-10 08:00:00+00:00,2.0833,2.0842,2.0805,2.0823,2291747.5
2025-12-10 08:15:00+00:00,2.0823,2.083,2.0802,2.0807,1659946.8
2025-12-10 08:30:00+00:00,2.0808,2.0826,2.0767,2.077,3638168.4
2025-12-10 08:45:00+00:00,2.077,2.0798,2.0763,2.0768,1692980.1
2025-12-10 09:00:00+00:00,2.0768,2.0775,2.0715,2.073,4875526.5
2025-12-10 09:15:00+00:00,2.073,2.0741,2.0705,2.0739,3420070.7
2025-12-10 09:30:00+00:00,2.0739,2.0778,2.0739,2.0773,2470946.8
2025-12-10 09:45:00+00:00,2.0773,2.0886,2.077,2.0876,6076924.1
2025-12-10 10:00:00+00:00,2.0876,2.0974,2.0841,2.0854,10906319.0
2025-12-10 10:15:00+00:00,2.0853,2.0854,2.0723,2.0724,5951300.9
2025-12-10 10:30:00+00:00,2.0724,2.073,2.0656,2.0702,10748115.7
2025-12-10 10:45:00+00:00,2.0703,2.0732,2.0681,2.0686,4246207.2
2025-12-10 11:00:00+00:00,2.0686,2.0742,2.0675,2.0705,3113727.3
2025-12-10 11:15:00+00:00,2.0705,2.0727,2.0669,2.068,2452541.5
2025-12-10 11:30:00+00:00,2.068,2.0707,2.0625,2.0671,5158257.6
2025-12-10 11:45:00+00:00,2.067,2.0716,2.0643,2.0707,3774389.7
2025-12-10 12:00:00+00:00,2.0707,2.0718,2.0647,2.0651,3447107.3
2025-12-10 12:15:00+00:00,2.0651,2.0653,2.0606,2.0618,4215145.3
2025-12-10 12:30:00+00:00,2.0618,2.0652,2.058,2.0623,5355510.4
2025-12-10 12:45:00+00:00,2.0623,2.065,2.0583,2.0633,3535004.0
2025-12-10 13:00:00+00:00,2.0634,2.0668,2.059,2.0613,3956720.7
2025-12-10 13:15:00+00:00,2.0613,2.0668,2.0592,2.064,3360576.9
2025-12-10 13:30:00+00:00,2.0641,2.0664,2.0608,2.0648,4096515.2
2025-12-10 13:45:00+00:00,2.0648,2.0685,2.0623,2.0636,2988491.1
2025-12-10 14:00:00+00:00,2.0635,2.0649,2.0608,2.0613,2755348.5
2025-12-10 14:15:00+00:00,2.0613,2.0634,2.0579,2.0602,2672043.3
2025-12-10 14:30:00+00:00,2.0602,2.0677,2.0561,2.0605,7421910.9
2025-12-10 14:45:00+00:00,2.0606,2.0638,2.0573,2.0628,3919399.5
2025-12-10 15:00:00+00:00,2.0627,2.0721,2.0615,2.0708,5489039.9
2025-12-10 15:15:00+00:00,2.0707,2.0724,2.065,2.0684,2995274.8
2025-12-10 15:30:00+00:00,2.0684,2.0699,2.0577,2.0653,4296512.4
2025-12-10 15:45:00+00:00,2.0652,2.0666,2.0543,2.0605,8946983.3
2025-12-10 16:00:00+00:00,2.0606,2.0656,2.056,2.0633,5490481.0
2025-12-10 16:15:00+00:00,2.0632,2.0732,2.0618,2.0701,5812569.3
2025-12-10 16:30:00+00:00,2.0702,2.0705,2.0631,2.0686,4483848.2
2025-12-10 16:45:00+00:00,2.0686,2.0729,2.0655,2.0672,3784623.7
2025-12-10 17:00:00+00:00,2.0671,2.0675,2.0625,2.0655,2987614.7
2025-12-10 17:15:00+00:00,2.0654,2.0747,2.0638,2.0704,4973294.5
2025-12-10 17:30:00+00:00,2.0704,2.0708,2.0648,2.0669,3408846.9
2025-12-10 17:45:00+00:00,2.0669,2.067,2.0587,2.0606,4699949.8
2025-12-10 18:00:00+00:00,2.0606,2.0659,2.0579,2.064,2621732.2
2025-12-10 18:15:00+00:00,2.064,2.0658,2.0574,2.0615,3688019.4
2025-12-10 18:30:00+00:00,2.0614,2.0853,2.0603,2.0693,15022402.5
2025-12-10 18:45:00+00:00,2.0693,2.0747,2.0601,2.0671,7399518.4
2025-12-10 19:00:00+00:00,2.0671,2.087,2.0328,2.0726,46458994.8
2025-12-10 19:15:00+00:00,2.0726,2.0786,2.0555,2.0604,10354362.9
2025-12-10 19:30:00+00:00,2.0604,2.0802,2.0557,2.0615,17361639.9
2025-12-10 19:45:00+00:00,2.0614,2.0721,2.0594,2.0674,6621484.4
2025-12-10 20:00:00+00:00,2.0674,2.1042,2.0596,2.1028,15650129.6
2025-12-10 20:15:00+00:00,2.1027,2.1093,2.072,2.0876,25166928.6
2025-12-10 20:30:00+00:00,2.0876,2.0954,2.0825,2.0881,7253695.6
2025-12-10 20:45:00+00:00,2.088,2.0893,2.0562,2.0626,19429829.1
2025-12-10 21:00:00+00:00,2.0626,2.0679,2.0438,2.0554,14891430.7
2025-12-10 21:15:00+00:00,2.0554,2.0641,2.0531,2.056,4981314.0
2025-12-10 21:30:00+00:00,2.056,2.0571,2.0481,2.0521,4129871.1
2025-12-10 21:45:00+00:00,2.0521,2.057,2.0431,2.0461,4295640.3
2025-12-10 22:00:00+00:00,2.0461,2.0546,2.0385,2.0425,7275539.1
2025-12-10 22:15:00+00:00,2.0424,2.0526,2.0329,2.0456,7928646.9
2025-12-10 22:30:00+00:00,2.0456,2.0556,2.0419,2.0535,3299034.2
2025-12-10 22:45:00+00:00,2.0535,2.0575,2.05,2.0538,1620342.4
2025-12-10 23:00:00+00:00,2.0537,2.0563,2.0467,2.0488,2635955.5
2025-12-10 23:15:00+00:00,2.0488,2.0499,2.0458,2.0459,1813500.5
2025-12-10 23:30:00+00:00,2.046,2.0482,2.0422,2.0472,1973694.6
2025-12-10 23:45:00+00:00,2.0472,2.0478,2.039,2.0406,2841777.3
2025-12-11 00:00:00+00:00,2.0406,2.0457,2.039,2.0439,3552825.7
2025-12-11 00:15:00+00:00,2.0439,2.0456,2.0406,2.042,2210583.7
2025-12-11 00:30:00+00:00,2.0419,2.042,2.0226,2.0314,13758127.9
2025-12-11 00:45:00+00:00,2.0314,2.0326,2.0199,2.028,10147764.3
2025-12-11 01:00:00+00:00,2.028,2.0289,2.0175,2.0185,6481602.1
2025-12-11 01:15:00+00:00,2.0185,2.0227,2.0084,2.0214,8567127.4
2025-12-11 01:30:00+00:00,2.0215,2.027,2.0178,2.0196,3860823.9
2025-12-11 01:45:00+00:00,2.0196,2.0203,2.0112,2.0118,3366583.4
2025-12-11 02:00:00+00:00,2.0117,2.013,2.0014,2.0046,9847992.7
2025-12-11 02:15:00+00:00,2.0045,2.0104,1.9989,2.0052,8213039.1
2025-12-11 02:30:00+00:00,2.0052,2.0112,2.0013,2.0084,5066534.4
2025-12-11 02:45:00+00:00,2.0085,2.0088,2.0012,2.0051,3682653.4
2025-12-11 03:00:00+00:00,2.0051,2.0051,1.9911,1.995,11017986.3
2025-12-11 03:15:00+00:00,1.9951,2.0055,1.9923,1.9982,7436918.3
2025-12-11 03:30:00+00:00,1.9982,2.0015,1.9934,2.0001,4723513.5
2025-12-11 03:45:00+00:00,2.0001,2.0024,1.9978,1.998,3032656.0
2025-12-11 04:00:00+00:00,1.9981,2.0044,1.9937,2.0024,5367375.6
2025-12-11 04:15:00+00:00,2.0024,2.0032,1.9973,2.0016,3984349.2
2025-12-11 04:30:00+00:00,2.0016,2.0086,2.0014,2.0072,4686494.4
2025-12-11 04:45:00+00:00,2.0071,2.018,2.0063,2.0155,7700442.9
2025-12-11 05:00:00+00:00,2.0156,2.0156,2.0058,2.0067,4025911.7
2025-12-11 05:15:00+00:00,2.0066,2.0129,2.006,2.0102,2658187.7
2025-12-11 05:30:00+00:00,2.0102,2.0111,2.0074,2.0093,1827462.9
2025-12-11 05:45:00+00:00,2.0093,2.0146,2.0093,2.0132,2173250.2
2025-12-11 06:00:00+00:00,2.0132,2.0141,2.0105,2.0126,1975735.2
2025-12-11 06:15:00+00:00,2.0126,2.0136,2.0041,2.0052,4169754.7
2025-12-11 06:30:00+00:00,2.0053,2.0136,2.0047,2.009,3460004.3
2025-12-11 06:45:00+00:00,2.0089,2.0142,2.0083,2.0124,3484762.4
2025-12-11 07:00:00+00:00,2.0125,2.0139,2.0104,2.0113,1726157.4
2025-12-11 07:15:00+00:00,2.0112,2.0134,2.0066,2.0081,2915260.6
2025-12-11 07:30:00+00:00,2.0082,2.0123,2.004,2.004,2085929.0
2025-12-11 07:45:00+00:00,2.004,2.0064,2.0028,2.0056,1586272.3
2025-12-11 08:00:00+00:00,2.0056,2.0064,2.0003,2.002,3345949.4
2025-12-11 08:15:00+00:00,2.0019,2.0062,1.9994,2.0045,2675168.7
2025-12-11 08:30:00+00:00,2.0045,2.0059,1.999,2.0033,3855880.2
2025-12-11 08:45:00+00:00,2.0033,2.012,2.0031,2.0107,3630549.3
2025-12-11 09:00:00+00:00,2.0108,2.0127,2.0063,2.0071,3008302.5
2025-12-11 09:15:00+00:00,2.0071,2.016,2.007,2.0146,3812893.0
2025-12-11 09:30:00+00:00,2.0146,2.0173,2.0126,2.0126,3753346.7
2025-12-11 09:45:00+00:00,2.0127,2.0157,2.0089,2.0115,2203547.2
2025-12-11 10:00:00+00:00,2.0116,2.0142,2.0112,2.0135,1749245.8
2025-12-11 10:15:00+00:00,2.0135,2.0138,2.009,2.0107,1802725.4
2025-12-11 10:30:00+00:00,2.0108,2.011,2.0073,2.0087,1182446.0
2025-12-11 10:45:00+00:00,2.0087,2.0149,2.0086,2.0147,1824543.7
2025-12-11 11:00:00+00:00,2.0147,2.0161,2.0132,2.0146,1628231.1
2025-12-11 11:15:00+00:00,2.0147,2.0173,2.0121,2.0156,1850491.8
2025-12-11 11:30:00+00:00,2.0156,2.017,2.0139,2.0146,1684712.3
2025-12-11 11:45:00+00:00,2.0146,2.0146,2.0065,2.0071,4312511.7
2025-12-11 12:00:00+00:00,2.007,2.0085,2.0028,2.0031,3405957.2
2025-12-11 12:15:00+00:00,2.0031,2.0083,2.0031,2.0074,2735027.9
2025-12-11 12:30:00+00:00,2.0075,2.0118,2.0054,2.0112,3467278.3
2025-12-11 12:45:00+00:00,2.0112,2.012,2.0051,2.0062,2620644.9
2025-12-11 13:00:00+00:00,2.0061,2.009,2.0049,2.006,3384647.6
2025-12-11 13:15:00+00:00,2.006,2.0137,2.0039,2.0121,3452296.0
2025-12-11 13:30:00+00:00,2.0121,2.0135,2.0062,2.0103,2715068.2
2025-12-11 13:45:00+00:00,2.0103,2.0109,2.0065,2.0076,2288384.0
2025-12-11 14:00:00+00:00,2.0077,2.009,2.0053,2.0076,2363353.1
2025-12-11 14:15:00+00:00,2.0076,2.009,1.9991,2.0008,6576793.5
2025-12-11 14:30:00+00:00,2.0008,2.008,1.9929,2.0004,14767731.2
2025-12-11 14:45:00+00:00,2.0005,2.0025,1.974,1.9895,53276987.4
2025-12-11 15:00:00+00:00,1.9896,2.0009,1.9857,1.9964,13170313.8
2025-12-11 15:15:00+00:00,1.9964,2.0096,1.991,1.9992,14215284.9
2025-12-11 15:30:00+00:00,1.9992,2.0002,1.9889,1.9929,6593819.9
2025-12-11 15:45:00+00:00,1.9928,1.9977,1.9892,1.9953,4710349.0
2025-12-11 16:00:00+00:00,1.9954,1.9985,1.9834,1.9866,6944309.1
2025-12-11 16:15:00+00:00,1.9866,1.991,1.986,1.9888,3780699.0
2025-12-11 16:30:00+00:00,1.9887,2.0006,1.9852,1.9975,4460168.9
2025-12-11 16:45:00+00:00,1.9976,2.0034,1.9877,1.9901,4522665.2
2025-12-11 17:00:00+00:00,1.9901,1.9913,1.9826,1.9857,8462840.4
2025-12-11 17:15:00+00:00,1.9858,1.9954,1.9838,1.992,4435617.7
2025-12-11 17:30:00+00:00,1.992,1.9975,1.9896,1.9907,3317604.3
2025-12-11 17:45:00+00:00,1.9908,1.9949,1.989,1.9939,5194576.3
2025-12-11 18:00:00+00:00,1.9938,2.0036,1.9905,2.001,6126770.5
2025-12-11 18:15:00+00:00,2.0011,2.0052,1.9988,2.0006,5258927.9
2025-12-11 18:30:00+00:00,2.0006,2.0221,1.9986,2.0203,15832039.2
2025-12-11 18:45:00+00:00,2.0204,2.0211,2.0025,2.0066,11332585.9
2025-12-11 19:00:00+00:00,2.0066,2.0129,1.9989,2.0078,7185914.3
2025-12-11 19:15:00+00:00,2.0078,2.0176,2.0061,2.0149,7978234.6
2025-12-11 19:30:00+00:00,2.015,2.0252,2.014,2.0211,8935017.6
2025-12-11 19:45:00+00:00,2.0211,2.0247,2.0069,2.0101,6764059.6
2025-12-11 20:00:00+00:00,2.0101,2.0206,2.0045,2.0184,10209551.0
2025-12-11 20:15:00+00:00,2.0185,2.0199,2.01,2.013,5365952.1
2025-12-11 20:30:00+00:00,2.013,2.0257,2.0123,2.0225,7652127.6
2025-12-11 20:45:00+00:00,2.0224,2.0286,2.0184,2.0232,9785837.6
2025-12-11 21:00:00+00:00,2.0232,2.0396,2.0225,2.0343,12886767.0
2025-12-11 21:15:00+00:00,2.0343,2.0504,2.0343,2.0464,12209796.9
2025-12-11 21:30:00+00:00,2.0463,2.0559,2.0462,2.0512,10222093.3
2025-12-11 21:45:00+00:00,2.0513,2.053,2.0401,2.0405,7345003.2
2025-12-11 22:00:00+00:00,2.0405,2.0472,2.0391,2.0421,4576185.8
2025-12-11 22:15:00+00:00,2.0421,2.0434,2.028,2.032,7778458.2
2025-12-11 22:30:00+00:00,2.0321,2.039,2.0299,2.033,3795052.8
2025-12-11 22:45:00+00:00,2.033,2.035,2.0271,2.0327,2004598.2
2025-12-11 23:00:00+00:00,2.0327,2.0369,2.03,2.0322,3789423.7
2025-12-11 23:15:00+00:00,2.0321,2.0366,2.0302,2.033,2049917.8
2025-12-11 23:30:00+00:00,2.0329,2.0392,2.032,2.0389,1969576.1
2025-12-11 23:45:00+00:00,2.0389,2.0395,2.0311,2.033,2013953.0
2025-12-12 00:00:00+00:00,2.033,2.0333,2.0267,2.0273,6964445.3
2025-12-12 00:15:00+00:00,2.0273,2.0385,2.0272,2.0315,3484353.6
2025-12-12 00:30:00+00:00,2.0316,2.035,2.0308,2.0312,1511623.8
2025-12-12 00:45:00+00:00,2.0312,2.0325,2.0143,2.0162,6696060.9
2025-12-12 01:00:00+00:00,2.0161,2.0269,2.0161,2.0214,4381004.2
2025-12-12 01:15:00+00:00,2.0214,2.0309,2.021,2.0271,3751641.6
2025-12-12 01:30:00+00:00,2.0272,2.0315,2.0252,2.0295,2650510.9
2025-12-12 01:45:00+00:00,2.0295,2.0309,2.0247,2.0272,1373763.8
2025-12-12 02:00:00+00:00,2.0273,2.0391,2.0245,2.0358,3748650.4
2025-12-12 02:15:00+00:00,2.0358,2.0397,2.0339,2.0371,2138301.5
2025-12-12 02:30:00+00:00,2.0371,2.0397,2.0358,2.037,2369506.1
2025-12-12 02:45:00+00:00,2.037,2.0423,2.0354,2.0397,2890977.7
2025-12-12 03:00:00+00:00,2.0396,2.042,2.0346,2.0347,2238460.6
2025-12-12 03:15:00+00:00,2.0347,2.0349,2.0289,2.0298,2419731.1
2025-12-12 03:30:00+00:00,2.0298,2.034,2.0286,2.0332,2226680.4
2025-12-12 03:45:00+00:00,2.0333,2.0356,2.0303,2.0306,1791760.0
2025-12-12 04:00:00+00:00,2.0306,2.0321,2.029,2.0297,1988122.3
2025-12-12 04:15:00+00:00,2.0297,2.0297,2.026,2.0264,2265955.0
2025-12-12 04:30:00+00:00,2.0263,2.0279,2.025,2.0278,1675358.1
2025-12-12 04:45:00+00:00,2.0279,2.0302,2.0263,2.0284,1880461.1
2025-12-12 05:00:00+00:00,2.0284,2.0347,2.025,2.0252,3437175.5
2025-12-12 05:15:00+00:00,2.0253,2.0282,2.0224,2.0246,2261322.9
2025-12-12 05:30:00+00:00,2.0246,2.0304,2.0235,2.0304,1652015.9
2025-12-12 05:45:00+00:00,2.0305,2.0365,2.0304,2.0357,2825101.1
2025-12-12 06:00:00+00:00,2.0358,2.0408,2.0345,2.0406,4472982.0
2025-12-12 06:15:00+00:00,2.0406,2.0412,2.0365,2.0371,2345214.9
2025-12-12 06:30:00+00:00,2.0371,2.0386,2.0348,2.0374,2391211.2
2025-12-12 06:45:00+00:00,2.0375,2.0405,2.0356,2.04,2370858.1
2025-12-12 07:00:00+00:00,2.04,2.0425,2.0375,2.0377,2247001.3
2025-12-12 07:15:00+00:00,2.0376,2.0398,2.0368,2.0369,1873833.1
2025-12-12 07:30:00+00:00,2.0369,2.0388,2.0312,2.0347,3485988.1
2025-12-12 07:45:00+00:00,2.0347,2.0379,2.0334,2.0363,1470925.6
2025-12-12 08:00:00+00:00,2.0363,2.037,2.0343,2.0344,1966947.6
2025-12-12 08:15:00+00:00,2.0344,2.035,2.029,2.0298,2668652.7
2025-12-12 08:30:00+00:00,2.0298,2.03,2.027,2.0285,2192856.5
2025-12-12 08:45:00+00:00,2.0285,2.0288,2.0254,2.0279,2531276.4
2025-12-12 09:00:00+00:00,2.0279,2.0297,2.0259,2.0293,2101004.2
2025-12-12 09:15:00+00:00,2.0294,2.0315,2.0245,2.0249,2232505.0
2025-12-12 09:30:00+00:00,2.0248,2.0272,2.0242,2.0261,1556001.3
2025-12-12 09:45:00+00:00,2.0261,2.036,2.0257,2.0348,3380994.9
2025-12-12 10:00:00+00:00,2.0348,2.038,2.0342,2.037,2760832.7
2025-12-12 10:15:00+00:00,2.0369,2.037,2.033,2.0341,2246106.8
2025-12-12 10:30:00+00:00,2.0341,2.0372,2.034,2.0358,2163491.3
2025-12-12 10:45:00+00:00,2.0359,2.0385,2.0345,2.037,1293020.1
2025-12-12 11:00:00+00:00,2.037,2.0384,2.0348,2.0383,1864116.0
2025-12-12 11:15:00+00:00,2.0384,2.0399,2.0345,2.0388,2962125.7
2025-12-12 11:30:00+00:00,2.0388,2.0438,2.0386,2.043,2267096.8
2025-12-12 11:45:00+00:00,2.0429,2.045,2.0396,2.0412,2346186.1
2025-12-12 12:00:00+00:00,2.0411,2.0414,2.0374,2.0379,2436778.9
2025-12-12 12:15:00+00:00,2.0378,2.0413,2.0372,2.0388,1468024.9
2025-12-12 12:30:00+00:00,2.0388,2.0433,2.0363,2.0394,3295518.9
2025-12-12 12:45:00+00:00,2.0395,2.0448,2.0359,2.0438,4368669.3
2025-12-12 13:00:00+00:00,2.0437,2.0444,2.0412,2.0425,2050721.4
2025-12-12 13:15:00+00:00,2.0425,2.0471,2.0384,2.0387,3680425.5
2025-12-12 13:30:00+00:00,2.0386,2.0418,2.0385,2.0395,2150258.8
2025-12-12 13:45:00+00:00,2.0395,2.0409,2.038,2.0403,1334899.3
2025-12-12 14:00:00+00:00,2.0403,2.0415,2.0346,2.0354,2805139.2
2025-12-12 14:15:00+00:00,2.0353,2.0394,2.0318,2.0326,2443605.8
2025-12-12 14:30:00+00:00,2.0326,2.0427,2.0295,2.0389,9161654.6
2025-12-12 14:45:00+00:00,2.0389,2.0407,2.0304,2.0369,5138081.7
2025-12-12 15:00:00+00:00,2.0369,2.037,2.023,2.0265,9295528.9
2025-12-12 15:15:00+00:00,2.0264,2.0265,2.004,2.0053,20182215.8
2025-12-12 15:30:00+00:00,2.0053,2.0085,1.992,2.0005,29497817.5
2025-12-12 15:45:00+00:00,2.0005,2.0033,1.9662,1.9768,38198118.2
2025-12-12 16:00:00+00:00,1.9768,2.0022,1.9716,1.9887,49507945.7
2025-12-12 16:15:00+00:00,1.9888,1.995,1.9738,1.9917,20295338.1
2025-12-12 16:30:00+00:00,1.9916,1.9916,1.9728,1.9799,9620149.8
2025-12-12 16:45:00+00:00,1.9799,1.9904,1.9788,1.9866,6495086.1
2025-12-12 17:00:00+00:00,1.9866,1.9968,1.9846,1.9945,8236283.7
2025-12-12 17:15:00+00:00,1.9945,2.0017,1.985,1.9851,7817116.1
2025-12-12 17:30:00+00:00,1.9851,1.996,1.9841,1.9947,5335466.5
2025-12-12 17:45:00+00:00,1.9947,1.9999,1.9933,1.9944,3273512.1
2025-12-12 18:00:00+00:00,1.9945,2.0077,1.9878,2.004,11475835.8
2025-12-12 18:15:00+00:00,2.0039,2.0075,1.9973,2.0067,4927491.3
2025-12-12 18:30:00+00:00,2.0067,2.0215,2.0061,2.016,7443827.2
2025-12-12 18:45:00+00:00,2.016,2.0242,2.0083,2.0109,7284774.7
2025-12-12 19:00:00+00:00,2.011,2.0131,2.0053,2.0077,5902011.9
2025-12-12 19:15:00+00:00,2.0077,2.0124,2.0011,2.0036,4901952.6
2025-12-12 19:30:00+00:00,2.0037,2.0068,1.9973,1.9985,3429013.2
2025-12-12 19:45:00+00:00,1.9986,2.0055,1.9947,2.0019,4747157.6
2025-12-12 20:00:00+00:00,2.002,2.0034,1.9968,1.999,2706183.8
2025-12-12 20:15:00+00:00,1.9991,2.0042,1.9962,1.9982,2530251.2
2025-12-12 20:30:00+00:00,1.9982,2.0016,1.9969,2.0008,2989581.8
2025-12-12 20:45:00+00:00,2.0008,2.0053,1.9983,1.9992,4457962.7
2025-12-12 21:00:00+00:00,1.9991,2.0024,1.9958,2.0001,3387804.8
2025-12-12 21:15:00+00:00,2.0002,2.0003,1.9956,1.9976,1406478.7
2025-12-12 21:30:00+00:00,1.9975,2.0013,1.9974,2.0007,1831959.0
2025-12-12 21:45:00+00:00,2.0007,2.0036,2.0007,2.0033,1738589.8
2025-12-12 22:00:00+00:00,2.0032,2.0116,2.0023,2.0093,2597686.6
2025-12-12 22:15:00+00:00,2.0094,2.0102,2.0039,2.0063,1808918.1
2025-12-12 22:30:00+00:00,2.0062,2.0107,2.0047,2.0092,1121711.5
2025-12-12 22:45:00+00:00,2.0093,2.0105,2.0071,2.0095,824604.9
2025-12-12 23:00:00+00:00,2.0095,2.0181,2.0095,2.0128,6068900.4
2025-12-12 23:15:00+00:00,2.0128,2.0129,2.0076,2.0076,1367570.8
2025-12-12 23:30:00+00:00,2.0076,2.0097,2.0067,2.0093,1553171.9
2025-12-12 23:45:00+00:00,2.0093,2.0098,2.006,2.0063,1155465.2
2025-12-13 00:00:00+00:00,2.0064,2.0121,2.0059,2.0089,3057046.1
2025-12-13 00:15:00+00:00,2.009,2.0099,2.0055,2.0071,1980336.8
2025-12-13 00:30:00+00:00,2.0072,2.0115,2.007,2.0103,1439994.5
2025-12-13 00:45:00+00:00,2.0103,2.0124,2.0079,2.011,1251135.4
2025-12-13 01:00:00+00:00,2.0111,2.0157,2.0111,2.0133,2814580.4
2025-12-13 01:15:00+00:00,2.0134,2.0134,2.0103,2.0128,996486.2
2025-12-13 01:30:00+00:00,2.0128,2.0135,2.0087,2.0091,1385172.6
2025-12-13 01:45:00+00:00,2.0091,2.0108,2.0084,2.0096,1192783.8
2025-12-13 02:00:00+00:00,2.0097,2.0179,2.0096,2.017,2220330.2
2025-12-13 02:15:00+00:00,2.0169,2.0199,2.0162,2.0187,2024739.2
2025-12-13 02:30:00+00:00,2.0188,2.0192,2.0146,2.0155,1686833.8
2025-12-13 02:45:00+00:00,2.0156,2.0169,2.0128,2.0133,1132149.5
2025-12-13 03:00:00+00:00,2.0133,2.0179,2.0132,2.0176,2130233.1
2025-12-13 03:15:00+00:00,2.0177,2.0238,2.0175,2.02,2609871.1
2025-12-13 03:30:00+00:00,2.0201,2.0209,2.0173,2.0204,1552514.2
2025-12-13 03:45:00+00:00,2.0205,2.0237,2.0204,2.0214,1197975.5
2025-12-13 04:00:00+00:00,2.0214,2.0253,2.0214,2.0234,1632679.7
2025-12-13 04:15:00+00:00,2.0234,2.0287,2.0219,2.0259,2849919.9
2025-12-13 04:30:00+00:00,2.026,2.03,2.0241,2.0286,3683839.6
2025-12-13 04:45:00+00:00,2.0287,2.034,2.0278,2.0329,3416347.8
2025-12-13 05:00:00+00:00,2.033,2.0476,2.0323,2.0389,13112437.3
2025-12-13 05:15:00+00:00,2.0388,2.0391,2.0311,2.0321,7993650.1
2025-12-13 05:30:00+00:00,2.0321,2.0335,2.0283,2.0298,2972397.9
2025-12-13 05:45:00+00:00,2.0297,2.0313,2.0273,2.0306,2544694.5
2025-12-13 06:00:00+00:00,2.0306,2.035,2.0301,2.0318,2205380.4
2025-12-13 06:15:00+00:00,2.0319,2.0319,2.0281,2.0281,1508115.3
2025-12-13 06:30:00+00:00,2.0281,2.031,2.0264,2.0276,2547638.8
2025-12-13 06:45:00+00:00,2.0275,2.0306,2.026,2.0277,1575369.3
2025-12-13 07:00:00+00:00,2.0277,2.0296,2.0251,2.0251,1602240.8
2025-12-13 07:15:00+00:00,2.0252,2.0303,2.0251,2.03,1969829.1
2025-12-13 07:30:00+00:00,2.0301,2.0312,2.0266,2.0282,1240666.5
2025-12-13 07:45:00+00:00,2.0281,2.0282,2.0257,2.0277,1304224.3
2025-12-13 08:00:00+00:00,2.0277,2.0386,2.0277,2.0381,3772989.6
2025-12-13 08:15:00+00:00,2.0382,2.0423,2.0354,2.0382,5529876.2
2025-12-13 08:30:00+00:00,2.0382,2.0385,2.0355,2.0382,2378194.7
2025-12-13 08:45:00+00:00,2.0381,2.041,2.0341,2.0354,1753574.1
2025-12-13 09:00:00+00:00,2.0354,2.0375,2.0341,2.0358,1823029.0
2025-12-13 09:15:00+00:00,2.0358,2.0371,2.0347,2.0348,1061846.4
2025-12-13 09:30:00+00:00,2.0347,2.0381,2.0334,2.0363,1968091.5
2025-12-13 09:45:00+00:00,2.0362,2.0374,2.0283,2.0303,4586123.9
2025-12-13 10:00:00+00:00,2.0302,2.0345,2.0298,2.0343,1490744.5
2025-12-13 10:15:00+00:00,2.0343,2.0376,2.0342,2.0368,1518345.5
2025-12-13 10:30:00+00:00,2.0368,2.0387,2.0358,2.0373,1823583.5
2025-12-13 10:45:00+00:00,2.0372,2.0399,2.0345,2.0359,1496476.4
2025-12-13 11:00:00+00:00,2.0359,2.0386,2.0354,2.0367,1532305.0
2025-12-13 11:15:00+00:00,2.0368,2.0374,2.0327,2.0337,1284982.2
2025-12-13 11:30:00+00:00,2.0336,2.0351,2.0318,2.0334,1034240.4
2025-12-13 11:45:00+00:00,2.0334,2.0353,2.0314,2.0325,1351430.3
2025-12-13 12:00:00+00:00,2.0325,2.0392,2.0308,2.038,3987669.6
2025-12-13 12:15:00+00:00,2.038,2.0399,2.0348,2.0384,2953371.1
2025-12-13 12:30:00+00:00,2.0383,2.0429,2.0319,2.0325,4004504.6
2025-12-13 12:45:00+00:00,2.0325,2.0336,2.029,2.031,3689591.9
2025-12-13 13:00:00+00:00,2.031,2.0347,2.0309,2.0322,2195974.0
2025-12-13 13:15:00+00:00,2.0321,2.0365,2.0316,2.0317,1661692.6
2025-12-13 13:30:00+00:00,2.0317,2.0355,2.0294,2.0339,2436747.3
2025-12-13 13:45:00+00:00,2.0338,2.0351,2.0318,2.0324,1375553.8
2025-12-13 14:00:00+00:00,2.0324,2.0347,2.0313,2.0347,1058892.2
2025-12-13 14:15:00+00:00,2.0346,2.0355,2.027,2.0271,3151660.2
2025-12-13 14:30:00+00:00,2.0272,2.036,2.027,2.0329,3041143.8
2025-12-13 14:45:00+00:00,2.033,2.0387,2.0329,2.0355,2692181.3
2025-12-13 15:00:00+00:00,2.0355,2.04,2.0346,2.0349,2169068.0
2025-12-13 15:15:00+00:00,2.0349,2.035,2.0304,2.0321,2635189.7
2025-12-13 15:30:00+00:00,2.032,2.0339,2.0304,2.031,1717631.8
2025-12-13 15:45:00+00:00,2.031,2.0315,2.028,2.0291,1972075.2
2025-12-13 16:00:00+00:00,2.029,2.0327,2.0279,2.031,2456534.5
2025-12-13 16:15:00+00:00,2.0311,2.0312,2.0249,2.0267,2788664.9
2025-12-13 16:30:00+00:00,2.0267,2.027,2.0236,2.0239,3187456.0
2025-12-13 16:45:00+00:00,2.0238,2.0257,2.0223,2.0252,2239012.8
2025-12-13 17:00:00+00:00,2.0252,2.0255,2.0168,2.0183,4482368.9
2025-12-13 17:15:00+00:00,2.0183,2.0204,2.0173,2.0187,1846461.8
2025-12-13 17:30:00+00:00,2.0187,2.0226,2.0179,2.0225,2009413.6
2025-12-13 17:45:00+00:00,2.0225,2.0228,2.0181,2.0186,1766016.8
2025-12-13 18:00:00+00:00,2.0185,2.0218,2.016,2.0211,2470336.9
2025-12-13 18:15:00+00:00,2.0212,2.023,2.0191,2.0214,2083040.0
2025-12-13 18:30:00+00:00,2.0214,2.0214,2.019,2.0194,805464.3
2025-12-13 18:45:00+00:00,2.0193,2.0202,2.0146,2.0162,1986918.8
2025-12-13 19:00:00+00:00,2.0161,2.018,2.014,2.0166,2096978.8
2025-12-13 19:15:00+00:00,2.0165,2.0181,2.0157,2.0159,1496218.4
2025-12-13 19:30:00+00:00,2.0158,2.0198,2.0154,2.0196,1357093.5
2025-12-13 19:45:00+00:00,2.0195,2.0199,2.0175,2.0187,950554.1
2025-12-13 20:00:00+00:00,2.0186,2.0205,2.0186,2.0193,1231843.5
2025-12-13 20:15:00+00:00,2.0193,2.0206,2.0184,2.0198,1013691.6
2025-12-13 20:30:00+00:00,2.0198,2.0215,2.0174,2.0175,1578507.4
2025-12-13 20:45:00+00:00,2.0174,2.0185,2.0142,2.016,1340533.7
2025-12-13 21:00:00+00:00,2.016,2.016,2.0119,2.0134,2240620.2
2025-12-13 21:15:00+00:00,2.0133,2.0161,2.0128,2.0141,1199686.4
2025-12-13 21:30:00+00:00,2.014,2.0178,2.0071,2.0159,4623150.8
2025-12-13 21:45:00+00:00,2.0159,2.0222,2.0154,2.0212,1511313.1
2025-12-13 22:00:00+00:00,2.0213,2.0225,2.0154,2.0182,1904493.1
2025-12-13 22:15:00+00:00,2.0181,2.0221,2.0171,2.0181,1197201.6
2025-12-13 22:30:00+00:00,2.0182,2.0214,2.0172,2.0208,1056166.1
2025-12-13 22:45:00+00:00,2.0209,2.0244,2.0199,2.0213,2456411.0
2025-12-13 23:00:00+00:00,2.0213,2.0214,2.0176,2.0197,2392566.1
2025-12-13 23:15:00+00:00,2.0196,2.0215,2.0183,2.0198,1122279.1
2025-12-13 23:30:00+00:00,2.0199,2.021,2.0189,2.021,1086269.3
2025-12-13 23:45:00+00:00,2.021,2.0228,2.0209,2.0215,1390951.3
2025-12-14 00:00:00+00:00,2.0214,2.0215,2.016,2.0193,2583921.1
2025-12-14 00:15:00+00:00,2.0193,2.0213,2.0184,2.0208,1819668.0
2025-12-14 00:30:00+00:00,2.0209,2.0259,2.0207,2.025,2345793.1
2025-12-14 00:45:00+00:00,2.0251,2.0271,2.0232,2.0252,1558031.9
2025-12-14 01:00:00+00:00,2.0253,2.0284,2.0235,2.0273,1778784.2
2025-12-14 01:15:00+00:00,2.0272,2.0287,2.0266,2.0285,957480.5
2025-12-14 01:30:00+00:00,2.0285,2.0293,2.022,2.0228,1608992.4
2025-12-14 01:45:00+00:00,2.0229,2.0249,2.0222,2.0245,795624.1
2025-12-14 02:00:00+00:00,2.0246,2.0283,2.0237,2.0253,1183485.7
2025-12-14 02:15:00+00:00,2.0253,2.0264,2.024,2.0249,654436.5
2025-12-14 02:30:00+00:00,2.0249,2.0264,2.0225,2.0246,1094757.1
2025-12-14 02:45:00+00:00,2.0245,2.0269,2.0238,2.0269,963952.0
2025-12-14 03:00:00+00:00,2.0269,2.0287,2.0257,2.0259,1471294.3
2025-12-14 03:15:00+00:00,2.026,2.0262,2.0246,2.0253,853919.8
2025-12-14 03:30:00+00:00,2.0253,2.0253,2.0223,2.0239,1158020.0
2025-12-14 03:45:00+00:00,2.0239,2.024,2.0216,2.0232,1395770.4
2025-12-14 04:00:00+00:00,2.0231,2.0244,2.0194,2.0216,1579159.8
2025-12-14 04:15:00+00:00,2.0216,2.0223,2.0187,2.0195,1013327.2
2025-12-14 04:30:00+00:00,2.0195,2.0201,2.0152,2.0158,1933141.8
2025-12-14 04:45:00+00:00,2.0158,2.0167,2.0141,2.0156,1803405.0
2025-12-14 05:00:00+00:00,2.0157,2.0157,2.011,2.0129,2643947.3
2025-12-14 05:15:00+00:00,2.0129,2.0132,2.0089,2.0106,3153098.9
2025-12-14 05:30:00+00:00,2.0106,2.0157,2.0102,2.0151,2756548.6
2025-12-14 05:45:00+00:00,2.0152,2.0165,2.0147,2.0147,1136261.7
2025-12-14 06:00:00+00:00,2.0148,2.0148,2.011,2.0123,1579105.6
2025-12-14 06:15:00+00:00,2.0124,2.0147,2.0106,2.0117,1333592.9
2025-12-14 06:30:00+00:00,2.0117,2.0169,2.0102,2.0165,1119152.7
2025-12-14 06:45:00+00:00,2.0166,2.0172,2.0148,2.0161,1016648.9
2025-12-14 07:00:00+00:00,2.0162,2.0177,2.0147,2.0165,938057.0
2025-12-14 07:15:00+00:00,2.0166,2.0186,2.0148,2.0185,1487997.2
2025-12-14 07:30:00+00:00,2.0185,2.0196,2.0145,2.0163,970150.5
2025-12-14 07:45:00+00:00,2.0163,2.0193,2.0162,2.0183,880172.5
2025-12-14 08:00:00+00:00,2.0183,2.0223,2.018,2.0189,2187575.4
2025-12-14 08:15:00+00:00,2.0189,2.0196,2.0173,2.0179,969366.1
2025-12-14 08:30:00+00:00,2.0179,2.0181,2.0147,2.0157,1346504.6
2025-12-14 08:45:00+00:00,2.0157,2.0157,2.0133,2.0135,1375633.7
2025-12-14 09:00:00+00:00,2.0135,2.0144,2.0113,2.0117,1435749.9
2025-12-14 09:15:00+00:00,2.0117,2.0132,2.0112,2.0113,1040792.3
2025-12-14 09:30:00+00:00,2.0113,2.0143,2.0096,2.013,3039899.4
2025-12-14 09:45:00+00:00,2.0131,2.0138,2.0103,2.0113,939765.3
2025-12-14 10:00:00+00:00,2.0113,2.0122,2.0017,2.0045,6975676.7
2025-12-14 10:15:00+00:00,2.0046,2.0107,2.0038,2.0081,3768112.9
2025-12-14 10:30:00+00:00,2.0081,2.0084,2.0038,2.0063,2467590.2
2025-12-14 10:45:00+00:00,2.0063,2.008,2.0052,2.0053,1733097.9
2025-12-14 11:00:00+00:00,2.0053,2.009,2.0005,2.0061,3561407.0
2025-12-14 11:15:00+00:00,2.0061,2.0067,2.0013,2.0024,2882660.0
2025-12-14 11:30:00+00:00,2.0024,2.0036,1.9921,1.9929,9975391.6
2025-12-14 11:45:00+00:00,1.9929,2.0016,1.9885,1.9998,11248335.3
2025-12-14 12:00:00+00:00,1.9998,2.0035,1.9956,1.9993,4177996.1
2025-12-14 12:15:00+00:00,1.9992,2.0029,1.9974,1.9975,5779118.7
2025-12-14 12:30:00+00:00,1.9974,2.0055,1.9973,2.0047,3807170.2
2025-12-14 12:45:00+00:00,2.0047,2.0068,2.0027,2.0027,2875880.4
2025-12-14 13:00:00+00:00,2.0027,2.0027,1.9965,1.9986,3829173.1
2025-12-14 13:15:00+00:00,1.9986,2.0002,1.9954,1.9978,2905885.3
2025-12-14 13:30:00+00:00,1.9978,2.0002,1.9961,1.9965,2476120.0
2025-12-14 13:45:00+00:00,1.9966,2.002,1.9962,2.0017,2286707.6
2025-12-14 14:00:00+00:00,2.0017,2.0069,2.0017,2.0026,3177971.9
2025-12-14 14:15:00+00:00,2.0026,2.0028,1.9973,1.9985,2943394.4
2025-12-14 14:30:00+00:00,1.9985,1.9986,1.9877,1.9888,7207694.4
2025-12-14 14:45:00+00:00,1.9889,1.9935,1.986,1.9933,5041614.6
2025-12-14 15:00:00+00:00,1.9934,1.9957,1.9895,1.9918,4031311.5
2025-12-14 15:15:00+00:00,1.9918,1.9952,1.9884,1.9906,3338111.6
2025-12-14 15:30:00+00:00,1.9906,1.9959,1.9886,1.9947,1992635.1
2025-12-14 15:45:00+00:00,1.9946,1.9946,1.9899,1.99,1817363.2
2025-12-14 16:00:00+00:00,1.99,1.9944,1.9879,1.9944,2951046.5
2025-12-14 16:15:00+00:00,1.9944,2.0037,1.993,1.9996,3809432.1
2025-12-14 16:30:00+00:00,1.9996,2.0017,1.99,1.9909,3815696.5
2025-12-14 16:45:00+00:00,1.9908,1.9967,1.9902,1.9957,3595866.6
2025-12-14 17:00:00+00:00,1.9958,1.9985,1.9821,1.9863,6276153.9
2025-12-14 17:15:00+00:00,1.9863,1.9929,1.9833,1.9877,3183768.0
2025-12-14 17:30:00+00:00,1.9876,1.9901,1.9837,1.9888,2364625.0
2025-12-14 17:45:00+00:00,1.9888,1.989,1.9845,1.9858,2190588.2
2025-12-14 18:00:00+00:00,1.9857,1.9902,1.9838,1.9877,1974945.3
2025-12-14 18:15:00+00:00,1.9876,1.992,1.9824,1.9855,2303843.3
2025-12-14 18:30:00+00:00,1.9856,1.9898,1.9852,1.9874,1800463.5
2025-12-14 18:45:00+00:00,1.9874,1.9921,1.9852,1.9916,1870107.6
2025-12-14 19:00:00+00:00,1.9915,1.9915,1.9827,1.9852,2364666.7
2025-12-14 19:15:00+00:00,1.9851,1.9863,1.9813,1.9858,2140185.8
2025-12-14 19:30:00+00:00,1.9858,1.9873,1.9806,1.9842,1666671.6
2025-12-14 19:45:00+00:00,1.9842,1.9873,1.9835,1.987,1712070.6
2025-12-14 20:00:00+00:00,1.9869,1.993,1.981,1.993,4969550.5
2025-12-14 20:15:00+00:00,1.9929,1.9936,1.9879,1.9883,2556520.3
2025-12-14 20:30:00+00:00,1.9883,1.9915,1.9866,1.9903,2060905.0
2025-12-14 20:45:00+00:00,1.9902,1.9909,1.9854,1.9859,1463634.7
2025-12-14 21:00:00+00:00,1.9859,1.9874,1.9838,1.9863,1356090.3
2025-12-14 21:15:00+00:00,1.9863,1.9905,1.986,1.988,966032.5
2025-12-14 21:30:00+00:00,1.9879,1.9893,1.985,1.9854,1321715.7
2025-12-14 21:45:00+00:00,1.9854,1.9875,1.9817,1.9859,1699503.5
2025-12-14 22:00:00+00:00,1.9859,1.9923,1.9859,1.989,2697400.7
2025-12-14 22:15:00+00:00,1.9889,1.99,1.9846,1.9865,1172132.5
2025-12-14 22:30:00+00:00,1.9865,1.9873,1.9807,1.9837,3861916.8
2025-12-14 22:45:00+00:00,1.9836,1.9919,1.9816,1.9914,2161169.0
2025-12-14 23:00:00+00:00,1.9914,1.9967,1.9811,1.9845,4444411.2
2025-12-14 23:15:00+00:00,1.9844,1.9865,1.9805,1.9842,2998047.8
2025-12-14 23:30:00+00:00,1.9842,1.9852,1.946,1.9769,36447036.7
2025-12-14 23:45:00+00:00,1.977,1.982,1.9725,1.977,5022950.7
2025-12-15 00:00:00+00:00,1.9771,1.9869,1.975,1.9756,4854797.7
2025-12-15 00:15:00+00:00,1.9755,1.9889,1.9732,1.9863,4955182.1
2025-12-15 00:30:00+00:00,1.9862,1.9877,1.9745,1.9764,3227813.0
2025-12-15 00:45:00+00:00,1.9764,1.9842,1.9751,1.9827,2803128.7
2025-12-15 01:00:00+00:00,1.9827,1.9849,1.9803,1.9835,2131964.4
2025-12-15 01:15:00+00:00,1.9836,1.9837,1.9776,1.9798,2212924.9
2025-12-15 01:30:00+00:00,1.9797,2.0042,1.9773,1.9936,11611349.4
2025-12-15 01:45:00+00:00,1.9935,1.999,1.9913,1.9971,3366197.5
2025-12-15 02:00:00+00:00,1.9972,2.007,1.9959,1.9983,5439443.5
2025-12-15 02:15:00+00:00,1.9984,2.0133,1.9982,2.006,8606814.9
2025-12-15 02:30:00+00:00,2.0061,2.0068,1.9952,1.9965,4202631.9
2025-12-15 02:45:00+00:00,1.9966,1.9967,1.992,1.9946,3355392.6
2025-12-15 03:00:00+00:00,1.9947,1.9955,1.991,1.9924,3138802.6
2025-12-15 03:15:00+00:00,1.9923,1.9996,1.9923,1.9972,2510423.9
2025-12-15 03:30:00+00:00,1.9973,1.9984,1.992,1.9929,2084359.5
2025-12-15 03:45:00+00:00,1.9928,1.9954,1.9927,1.994,1248912.4
2025-12-15 04:00:00+00:00,1.994,1.9995,1.9939,1.9989,2385569.6
2025-12-15 04:15:00+00:00,1.9989,2.0003,1.9914,1.9931,3438192.5
2025-12-15 04:30:00+00:00,1.9932,1.9991,1.9919,1.9987,2772132.5
2025-12-15 04:45:00+00:00,1.9987,2.0034,1.9977,1.9994,2591470.7
2025-12-15 05:00:00+00:00,1.9994,2.0024,1.9968,2.0019,2421154.7
2025-12-15 05:15:00+00:00,2.0019,2.0024,1.9982,1.9995,1464631.6
2025-12-15 05:30:00+00:00,1.9994,1.9994,1.9952,1.9955,2018241.0
2025-12-15 05:45:00+00:00,1.9955,1.9997,1.9954,1.9997,1564754.0
2025-12-15 06:00:00+00:00,1.9996,2.001,1.9946,1.9946,2061015.0
2025-12-15 06:15:00+00:00,1.9946,1.9969,1.9946,1.9955,1150884.4
2025-12-15 06:30:00+00:00,1.9956,1.9976,1.9948,1.9969,1892224.3
2025-12-15 06:45:00+00:00,1.9969,2.0045,1.9968,2.0005,3466776.1
2025-12-15 07:00:00+00:00,2.0006,2.0022,1.9935,1.9953,3031498.6
2025-12-15 07:15:00+00:00,1.9953,1.9976,1.9953,1.9959,1283715.7
2025-12-15 07:30:00+00:00,1.996,1.998,1.9921,1.9922,2574330.8
2025-12-15 07:45:00+00:00,1.9923,1.9951,1.9918,1.9942,1276159.3
2025-12-15 08:00:00+00:00,1.9942,1.9969,1.9891,1.9898,2662278.3
2025-12-15 08:15:00+00:00,1.9898,1.9974,1.9893,1.9956,2283719.1
2025-12-15 08:30:00+00:00,1.9956,1.9979,1.9944,1.9967,1817788.2
2025-12-15 08:45:00+00:00,1.9966,1.9972,1.9926,1.9926,1448992.9
2025-12-15 09:00:00+00:00,1.9926,1.999,1.9904,1.9963,3205144.2
2025-12-15 09:15:00+00:00,1.9964,1.9986,1.9954,1.9969,1561230.6
2025-12-15 09:30:00+00:00,1.9969,1.9976,1.9949,1.9959,1451598.7
2025-12-15 09:45:00+00:00,1.9959,2.0014,1.995,1.9973,2290506.1
2025-12-15 10:00:00+00:00,1.9974,1.9987,1.995,1.9955,2062463.6
2025-12-15 10:15:00+00:00,1.9955,1.9999,1.9927,1.9973,2911469.1
2025-12-15 10:30:00+00:00,1.9973,2.0002,1.9921,1.9927,3378519.9
2025-12-15 10:45:00+00:00,1.9928,1.9935,1.992,1.9933,1639503.9
2025-12-15 11:00:00+00:00,1.9932,1.9943,1.9913,1.992,1806539.7
2025-12-15 11:15:00+00:00,1.9921,1.9925,1.9902,1.9906,1309732.2
2025-12-15 11:30:00+00:00,1.9907,1.9914,1.9833,1.9844,5999430.2
2025-12-15 11:45:00+00:00,1.9844,1.9877,1.9826,1.9867,3225843.3
2025-12-15 12:00:00+00:00,1.9867,1.9869,1.9812,1.9831,3330199.7
2025-12-15 12:15:00+00:00,1.9831,1.986,1.9827,1.9834,1907375.2
2025-12-15 12:30:00+00:00,1.9834,1.986,1.9833,1.9843,2057070.1
2025-12-15 12:45:00+00:00,1.9843,1.9849,1.9821,1.9822,2002432.4
2025-12-15 13:00:00+00:00,1.9823,1.9836,1.9636,1.9716,22303145.0
2025-12-15 13:15:00+00:00,1.9716,1.9725,1.9563,1.958,12578356.9
2025-12-15 13:30:00+00:00,1.958,1.9667,1.954,1.9662,12728319.7
2025-12-15 13:45:00+00:00,1.9662,1.9683,1.9625,1.9629,4836705.9
2025-12-15 14:00:00+00:00,1.9629,1.9756,1.9611,1.975,8041036.3
2025-12-15 14:15:00+00:00,1.9749,1.9793,1.9673,1.9711,7639814.7
2025-12-15 14:30:00+00:00,1.9711,1.9788,1.962,1.9657,11252177.7
2025-12-15 14:45:00+00:00,1.9657,1.9691,1.9277,1.9396,41277326.5
2025-12-15 15:00:00+00:00,1.9395,1.9414,1.9199,1.9307,36162342.0
2025-12-15 15:15:00+00:00,1.9306,1.9317,1.9112,1.92,41138970.5
2025-12-15 15:30:00+00:00,1.92,1.9286,1.9155,1.9262,15159096.8
2025-12-15 15:45:00+00:00,1.9262,1.9345,1.9186,1.9239,13830124.9
2025-12-15 16:00:00+00:00,1.924,1.9274,1.9168,1.9214,11104598.3
2025-12-15 16:15:00+00:00,1.9214,1.9294,1.9204,1.9225,6633074.7
2025-12-15 16:30:00+00:00,1.9224,1.9233,1.9051,1.9103,16300784.8
2025-12-15 16:45:00+00:00,1.9104,1.9168,1.9067,1.9114,9061863.6
2025-12-15 17:00:00+00:00,1.9113,1.9138,1.9016,1.9035,12673793.5
2025-12-15 17:15:00+00:00,1.9035,1.9083,1.9021,1.9048,5560107.6
2025-12-15 17:30:00+00:00,1.9048,1.9061,1.8926,1.8984,18870901.4
2025-12-15 17:45:00+00:00,1.8984,1.9006,1.8886,1.8905,10191938.3
2025-12-15 18:00:00+00:00,1.8904,1.8951,1.8856,1.893,9511742.6
2025-12-15 18:15:00+00:00,1.8929,1.8948,1.882,1.8824,9483474.1
2025-12-15 18:30:00+00:00,1.8823,1.888,1.8661,1.8814,31881088.1
2025-12-15 18:45:00+00:00,1.8814,1.8932,1.8805,1.8901,9059681.9
2025-12-15 19:00:00+00:00,1.8901,1.9017,1.8891,1.8912,13063694.0
2025-12-15 19:15:00+00:00,1.8912,1.9031,1.8892,1.9004,6644043.7
2025-12-15 19:30:00+00:00,1.9003,1.9066,1.9,1.9027,5840327.7
2025-12-15 19:45:00+00:00,1.9027,1.9027,1.8933,1.8945,9289354.3
2025-12-15 20:00:00+00:00,1.8945,1.8945,1.8828,1.8842,7666886.1
2025-12-15 20:15:00+00:00,1.8841,1.8855,1.878,1.8825,5780294.9
2025-12-15 20:30:00+00:00,1.8825,1.8899,1.8793,1.8849,6384341.7
2025-12-15 20:45:00+00:00,1.8849,1.8878,1.8792,1.8814,12867151.8
2025-12-15 21:00:00+00:00,1.8815,1.8859,1.8788,1.8814,6110777.2
2025-12-15 21:15:00+00:00,1.8814,1.8957,1.8809,1.8944,6043080.8
2025-12-15 21:30:00+00:00,1.8944,1.8981,1.8909,1.8921,4616362.4
2025-12-15 21:45:00+00:00,1.8921,1.8929,1.8886,1.8898,4219122.7
2025-12-15 22:00:00+00:00,1.8898,1.8901,1.8821,1.8855,14503251.1
2025-12-15 22:15:00+00:00,1.8855,1.8872,1.879,1.8824,8579789.7
2025-12-15 22:30:00+00:00,1.8824,1.8857,1.8805,1.8835,3652400.9
2025-12-15 22:45:00+00:00,1.8836,1.8893,1.8817,1.8893,2034780.5
2025-12-15 23:00:00+00:00,1.8892,1.8963,1.8886,1.8962,4208873.4
2025-12-15 23:15:00+00:00,1.8962,1.8962,1.8886,1.8908,2766476.9
2025-12-15 23:30:00+00:00,1.8909,1.8964,1.8894,1.8964,2338482.4
2025-12-15 23:45:00+00:00,1.8963,1.8978,1.8933,1.8965,2750210.4
2025-12-16 00:00:00+00:00,1.8965,1.8969,1.8892,1.8894,7745984.1
2025-12-16 00:15:00+00:00,1.8894,1.8958,1.886,1.8948,4514690.2
2025-12-16 00:30:00+00:00,1.8948,1.8949,1.8877,1.8881,2528847.7
2025-12-16 00:45:00+00:00,1.8881,1.8884,1.8767,1.8778,6187256.6
2025-12-16 01:00:00+00:00,1.8777,1.8917,1.8763,1.8872,4383580.4
2025-12-16 01:15:00+00:00,1.8871,1.8893,1.8757,1.8771,4161402.1
2025-12-16 01:30:00+00:00,1.8771,1.8838,1.8722,1.877,6671950.7
2025-12-16 01:45:00+00:00,1.8769,1.879,1.8666,1.8711,10886956.9
2025-12-16 02:00:00+00:00,1.8711,1.8719,1.8581,1.8651,17451016.3
2025-12-16 02:15:00+00:00,1.8651,1.8758,1.8595,1.8747,10462542.8
2025-12-16 02:30:00+00:00,1.8747,1.8759,1.8674,1.8691,3609180.2
2025-12-16 02:45:00+00:00,1.8691,1.8721,1.8639,1.8677,4010643.5
2025-12-16 03:00:00+00:00,1.8678,1.8726,1.8592,1.8602,4425397.0
2025-12-16 03:15:00+00:00,1.8602,1.8663,1.8591,1.8659,4309557.3
2025-12-16 03:30:00+00:00,1.8659,1.8699,1.8538,1.8676,10107177.9
2025-12-16 03:45:00+00:00,1.8676,1.8719,1.8669,1.8714,3292621.7
2025-12-16 04:00:00+00:00,1.8714,1.8748,1.8678,1.8697,4208456.6
2025-12-16 04:15:00+00:00,1.8696,1.8701,1.8645,1.8648,3276287.2
2025-12-16 04:30:00+00:00,1.8648,1.8653,1.8607,1.8611,3543476.2
2025-12-16 04:45:00+00:00,1.8611,1.8724,1.8506,1.8717,10457431.9
2025-12-16 05:00:00+00:00,1.8716,1.8748,1.8696,1.8697,2771853.0
2025-12-16 05:15:00+00:00,1.8697,1.8714,1.8675,1.8687,1949612.1
2025-12-16 05:30:00+00:00,1.8687,1.8797,1.8678,1.8796,3462507.6
2025-12-16 05:45:00+00:00,1.8797,1.883,1.8779,1.8807,3638402.8
2025-12-16 06:00:00+00:00,1.8807,1.8876,1.8798,1.8853,3918319.6
2025-12-16 06:15:00+00:00,1.8852,1.89,1.8822,1.8881,2851213.9
2025-12-16 06:30:00+00:00,1.8881,1.8932,1.8874,1.8923,3694835.0
2025-12-16 06:45:00+00:00,1.8923,1.8965,1.8895,1.8934,3333633.6
2025-12-16 07:00:00+00:00,1.8935,1.8967,1.8893,1.8894,4017857.9
2025-12-16 07:15:00+00:00,1.8893,1.8913,1.8852,1.8864,3357370.6
2025-12-16 07:30:00+00:00,1.8863,1.8864,1.8747,1.8758,4489261.3
2025-12-16 07:45:00+00:00,1.8758,1.8774,1.8733,1.8743,2746540.5
2025-12-16 08:00:00+00:00,1.8744,1.8808,1.8729,1.8784,3465150.0
2025-12-16 08:15:00+00:00,1.8784,1.8793,1.8736,1.879,2008467.5
2025-12-16 08:30:00+00:00,1.879,1.8818,1.8745,1.8815,2171332.1
2025-12-16 08:45:00+00:00,1.8814,1.8849,1.8736,1.8756,2620015.1
2025-12-16 09:00:00+00:00,1.8757,1.8786,1.8755,1.8781,1499678.0
2025-12-16 09:15:00+00:00,1.8781,1.8808,1.8744,1.875,1811497.3
2025-12-16 09:30:00+00:00,1.8751,1.8807,1.8743,1.8804,1849061.1
2025-12-16 09:45:00+00:00,1.8804,1.8808,1.8763,1.8781,1047852.0
2025-12-16 10:00:00+00:00,1.8781,1.8821,1.8763,1.8801,1508701.0
2025-12-16 10:15:00+00:00,1.8801,1.885,1.8787,1.8823,2002835.3
2025-12-16 10:30:00+00:00,1.8824,1.9076,1.8817,1.9038,13626947.6
2025-12-16 10:45:00+00:00,1.9038,1.9109,1.9018,1.9053,12992970.3
2025-12-16 11:00:00+00:00,1.9054,1.91,1.9032,1.9079,5951304.7
2025-12-16 11:15:00+00:00,1.908,1.9197,1.9077,1.9188,7571448.7
2025-12-16 11:30:00+00:00,1.9188,1.924,1.9151,1.9191,8613336.7
2025-12-16 11:45:00+00:00,1.9191,1.9205,1.9158,1.9195,4322612.9
2025-12-16 12:00:00+00:00,1.9195,1.9275,1.9187,1.9237,6783229.4
2025-12-16 12:15:00+00:00,1.9238,1.9302,1.9213,1.9241,5016639.7
2025-12-16 12:30:00+00:00,1.9241,1.9279,1.9191,1.9269,5781784.4
2025-12-16 12:45:00+00:00,1.9268,1.9379,1.9266,1.934,7593371.9
2025-12-16 13:00:00+00:00,1.934,1.9365,1.9278,1.9333,5853801.0
2025-12-16 13:15:00+00:00,1.9332,1.9428,1.9326,1.9359,9831323.5
2025-12-16 13:30:00+00:00,1.936,1.9481,1.9141,1.9153,26626306.1
2025-12-16 13:45:00+00:00,1.9154,1.9236,1.9064,1.9077,13234102.6
2025-12-16 14:00:00+00:00,1.9077,1.9236,1.898,1.9193,19093825.5
2025-12-16 14:15:00+00:00,1.9192,1.925,1.9126,1.9171,6471943.2
2025-12-16 14:30:00+00:00,1.9171,1.9293,1.9112,1.9137,12463579.1
2025-12-16 14:45:00+00:00,1.9138,1.934,1.9054,1.9229,13742515.5
2025-12-16 15:00:00+00:00,1.9229,1.9325,1.9136,1.9256,6579286.8
2025-12-16 15:15:00+00:00,1.9256,1.929,1.9157,1.9265,6272055.7
2025-12-16 15:30:00+00:00,1.9264,1.9323,1.9224,1.9309,5133267.7
2025-12-16 15:45:00+00:00,1.9309,1.9452,1.9284,1.94,12933710.4
2025-12-16 16:00:00+00:00,1.9399,1.942,1.934,1.9362,6245119.1
2025-12-16 16:15:00+00:00,1.9362,1.9363,1.929,1.9319,5038274.3
2025-12-16 16:30:00+00:00,1.9319,1.9319,1.9166,1.9207,6661989.1
2025-12-16 16:45:00+00:00,1.9208,1.9298,1.9196,1.927,6828472.3
2025-12-16 17:00:00+00:00,1.9271,1.9327,1.9218,1.9317,7728520.7
2025-12-16 17:15:00+00:00,1.9317,1.934,1.9166,1.9197,4923677.4
2025-12-16 17:30:00+00:00,1.9198,1.9275,1.9168,1.9187,3979013.7
2025-12-16 17:45:00+00:00,1.9188,1.9203,1.9137,1.9157,4279915.6
2025-12-16 18:00:00+00:00,1.9156,1.9242,1.913,1.9216,4644003.9
2025-12-16 18:15:00+00:00,1.9216,1.9217,1.9156,1.9179,2042561.9
2025-12-16 18:30:00+00:00,1.9179,1.9323,1.9179,1.9309,5410480.5
2025-12-16 18:45:00+00:00,1.9309,1.9381,1.9287,1.9299,7090138.0
2025-12-16 19:00:00+00:00,1.9298,1.93,1.9162,1.9163,4611821.2
2025-12-16 19:15:00+00:00,1.9163,1.9205,1.9145,1.9172,4154867.3
2025-12-16 19:30:00+00:00,1.9172,1.9238,1.9171,1.9221,2898327.3
2025-12-16 19:45:00+00:00,1.9221,1.9329,1.921,1.9258,8302062.2
2025-12-16 20:00:00+00:00,1.9258,1.9304,1.9225,1.9229,2868019.6
2025-12-16 20:15:00+00:00,1.9228,1.9307,1.9214,1.9288,2646661.6
2025-12-16 20:30:00+00:00,1.9287,1.9325,1.9271,1.9304,2124870.6
2025-12-16 20:45:00+00:00,1.9303,1.9314,1.9247,1.9264,4161731.8
2025-12-16 21:00:00+00:00,1.9263,1.9263,1.9174,1.922,6862273.8
2025-12-16 21:15:00+00:00,1.9221,1.9277,1.9213,1.9266,2660154.6
2025-12-16 21:30:00+00:00,1.9266,1.9295,1.9265,1.9278,1394462.0
2025-12-16 21:45:00+00:00,1.9278,1.9279,1.9244,1.9254,1030938.7
2025-12-16 22:00:00+00:00,1.9254,1.9267,1.9222,1.9233,1934924.9
2025-12-16 22:15:00+00:00,1.9233,1.9296,1.9225,1.9273,2088743.9
2025-12-16 22:30:00+00:00,1.9273,1.9283,1.9249,1.9269,1841071.8
2025-12-16 22:45:00+00:00,1.9269,1.927,1.9252,1.9258,973510.1
2025-12-16 23:00:00+00:00,1.9259,1.9276,1.922,1.9271,2989651.4
2025-12-16 23:15:00+00:00,1.9271,1.9291,1.9239,1.9248,1949157.8
2025-12-16 23:30:00+00:00,1.9247,1.9269,1.9222,1.9268,1284362.4
2025-12-16 23:45:00+00:00,1.9269,1.9305,1.9268,1.9286,2369231.5
2025-12-17 00:00:00+00:00,1.9286,1.9286,1.922,1.9228,5064947.3
2025-12-17 00:15:00+00:00,1.9227,1.9273,1.92,1.9255,4042301.6
2025-12-17 00:30:00+00:00,1.9256,1.9256,1.9186,1.9201,2035777.0
2025-12-17 00:45:00+00:00,1.9201,1.9249,1.9185,1.9232,2694506.0
2025-12-17 01:00:00+00:00,1.9232,1.931,1.9231,1.9274,3348994.6
2025-12-17 01:15:00+00:00,1.9275,1.9393,1.9273,1.9319,7077672.0
2025-12-17 01:30:00+00:00,1.9319,1.9347,1.9241,1.9242,4260741.3
2025-12-17 01:45:00+00:00,1.9241,1.9263,1.9195,1.9219,3612834.4
2025-12-17 02:00:00+00:00,1.9219,1.9227,1.9162,1.9169,2564981.3
2025-12-17 02:15:00+00:00,1.9169,1.9188,1.9146,1.9166,3543664.4
2025-12-17 02:30:00+00:00,1.9166,1.925,1.9116,1.925,6963354.6
2025-12-17 02:45:00+00:00,1.925,1.9337,1.9248,1.9303,5760489.6
2025-12-17 03:00:00+00:00,1.9304,1.9366,1.9279,1.9284,6200619.9
2025-12-17 03:15:00+00:00,1.9284,1.9311,1.9277,1.93,2570298.9
2025-12-17 03:30:00+00:00,1.9301,1.9317,1.9272,1.9304,3052043.3
2025-12-17 03:45:00+00:00,1.9303,1.9307,1.9244,1.9245,2250732.9
2025-12-17 04:00:00+00:00,1.9244,1.9283,1.9244,1.9251,2854798.1
2025-12-17 04:15:00+00:00,1.9252,1.9261,1.9183,1.9209,3192305.9
2025-12-17 04:30:00+00:00,1.9209,1.9238,1.9177,1.9206,2422108.5
2025-12-17 04:45:00+00:00,1.9205,1.9205,1.9167,1.9176,2333861.1
2025-12-17 05:00:00+00:00,1.9176,1.9188,1.909,1.9146,6512263.0
2025-12-17 05:15:00+00:00,1.9145,1.9157,1.9051,1.91,5586075.1
2025-12-17 05:30:00+00:00,1.9099,1.9146,1.9071,1.9138,5134022.9
2025-12-17 05:45:00+00:00,1.9138,1.9211,1.9131,1.9195,4574426.1
2025-12-17 06:00:00+00:00,1.9195,1.9269,1.9192,1.9249,4166154.9
2025-12-17 06:15:00+00:00,1.9249,1.9293,1.9238,1.9253,2291923.8
2025-12-17 06:30:00+00:00,1.9252,1.926,1.9212,1.9219,2786954.1
2025-12-17 06:45:00+00:00,1.9218,1.9223,1.9195,1.9213,1755664.8
2025-12-17 07:00:00+00:00,1.9214,1.9266,1.9185,1.9186,2352067.7
2025-12-17 07:15:00+00:00,1.9186,1.9214,1.9177,1.9205,1812376.8
2025-12-17 07:30:00+00:00,1.9205,1.931,1.9198,1.9244,4199082.9
2025-12-17 07:45:00+00:00,1.9245,1.925,1.922,1.9224,1776231.4
2025-12-17 08:00:00+00:00,1.9224,1.9227,1.9193,1.9199,2040081.1
2025-12-17 08:15:00+00:00,1.9199,1.9212,1.9095,1.9106,3759125.6
2025-12-17 08:30:00+00:00,1.9107,1.9124,1.9069,1.9089,4677051.5
2025-12-17 08:45:00+00:00,1.9089,1.9091,1.9041,1.9066,4250410.5
2025-12-17 09:00:00+00:00,1.9065,1.907,1.9022,1.9035,2691362.7
2025-12-17 09:15:00+00:00,1.9034,1.905,1.8978,1.9005,4905318.7
2025-12-17 09:30:00+00:00,1.9006,1.9045,1.899,1.9039,3918979.9
2025-12-17 09:45:00+00:00,1.904,1.904,1.9008,1.9011,1201165.5
2025-12-17 10:00:00+00:00,1.9012,1.9045,1.8954,1.9033,3552114.3
2025-12-17 10:15:00+00:00,1.9033,1.9063,1.9007,1.9032,2148933.4
2025-12-17 10:30:00+00:00,1.9032,1.908,1.9002,1.9056,2593417.8
2025-12-17 10:45:00+00:00,1.9056,1.9073,1.9028,1.906,3682572.5
2025-12-17 11:00:00+00:00,1.9061,1.9136,1.9051,1.9121,2657623.2
2025-12-17 11:15:00+00:00,1.9121,1.9134,1.9086,1.9088,1613020.4
2025-12-17 11:30:00+00:00,1.9089,1.9137,1.9085,1.9131,1565479.1
2025-12-17 11:45:00+00:00,1.9132,1.9165,1.911,1.9122,2445232.1
2025-12-17 12:00:00+00:00,1.9123,1.9149,1.9101,1.9108,2479691.8
2025-12-17 12:15:00+00:00,1.9107,1.9119,1.9076,1.911,3774007.4
2025-12-17 12:30:00+00:00,1.9111,1.9114,1.9068,1.9073,2593827.2
2025-12-17 12:45:00+00:00,1.9073,1.9115,1.906,1.9103,2295849.2
2025-12-17 13:00:00+00:00,1.9103,1.9169,1.9076,1.9081,4235251.4
2025-12-17 13:15:00+00:00,1.9082,1.909,1.9038,1.9068,5721348.6
2025-12-17 13:30:00+00:00,1.9068,1.9146,1.9053,1.9142,2344726.3
2025-12-17 13:45:00+00:00,1.9141,1.9278,1.9134,1.9199,13106708.1
2025-12-17 14:00:00+00:00,1.92,1.9237,1.9174,1.919,4940550.5
2025-12-17 14:15:00+00:00,1.919,1.9295,1.919,1.9256,7686996.9
2025-12-17 14:30:00+00:00,1.9255,1.9298,1.9141,1.9176,10405932.1
2025-12-17 14:45:00+00:00,1.9176,1.9665,1.9026,1.9628,54844814.2
2025-12-17 15:00:00+00:00,1.9627,1.9833,1.9521,1.9819,45001399.7
2025-12-17 15:15:00+00:00,1.9818,1.9864,1.9614,1.9693,20688324.4
2025-12-17 15:30:00+00:00,1.9692,1.9723,1.9312,1.9364,24451283.3
2025-12-17 15:45:00+00:00,1.9364,1.938,1.9054,1.91,37405429.4
2025-12-17 16:00:00+00:00,1.91,1.922,1.9019,1.9019,14935962.8
2025-12-17 16:15:00+00:00,1.9019,1.9019,1.8779,1.8848,36042068.2
2025-12-17 16:30:00+00:00,1.8848,1.8946,1.878,1.886,13172974.2
2025-12-17 16:45:00+00:00,1.8859,1.8977,1.8834,1.8973,8071683.3
2025-12-17 17:00:00+00:00,1.8972,1.8999,1.8782,1.8837,13990928.9
2025-12-17 17:15:00+00:00,1.8837,1.892,1.8779,1.8854,11661094.4
2025-12-17 17:30:00+00:00,1.8853,1.8879,1.8718,1.8721,8858269.5
2025-12-17 17:45:00+00:00,1.8721,1.8795,1.8691,1.8716,8456684.2
2025-12-17 18:00:00+00:00,1.8717,1.881,1.871,1.8752,6270959.0
2025-12-17 18:15:00+00:00,1.8753,1.8788,1.8691,1.8738,6356326.8
2025-12-17 18:30:00+00:00,1.8737,1.8744,1.8527,1.858,19695973.6
2025-12-17 18:45:00+00:00,1.8581,1.8601,1.8514,1.8572,12315581.1
2025-12-17 19:00:00+00:00,1.8573,1.8593,1.846,1.8508,14227087.5
2025-12-17 19:15:00+00:00,1.8508,1.8583,1.8495,1.8514,7703944.4
2025-12-17 19:30:00+00:00,1.8514,1.8563,1.8462,1.8499,6446821.8
2025-12-17 19:45:00+00:00,1.8498,1.8658,1.8494,1.8639,9496410.4
2025-12-17 20:00:00+00:00,1.8639,1.8653,1.8564,1.859,5501105.8
2025-12-17 20:15:00+00:00,1.859,1.8827,1.8588,1.8816,10459808.4
2025-12-17 20:30:00+00:00,1.8815,1.8829,1.8731,1.8805,9290014.7
2025-12-17 20:45:00+00:00,1.8806,1.8819,1.8726,1.8757,9901482.2
2025-12-17 21:00:00+00:00,1.8757,1.8767,1.8702,1.8713,3727488.2
2025-12-17 21:15:00+00:00,1.8713,1.8719,1.862,1.8639,5825057.0
2025-12-17 21:30:00+00:00,1.864,1.866,1.8581,1.8635,4064721.8
2025-12-17 21:45:00+00:00,1.8635,1.8636,1.8577,1.8625,3029269.3
2025-12-17 22:00:00+00:00,1.8625,1.866,1.8537,1.8615,4698334.3
2025-12-17 22:15:00+00:00,1.8616,1.8715,1.8576,1.8667,4367743.3
2025-12-17 22:30:00+00:00,1.8666,1.8681,1.8601,1.8631,2023215.6
2025-12-17 22:45:00+00:00,1.863,1.8706,1.8623,1.867,1444936.7
2025-12-17 23:00:00+00:00,1.867,1.8673,1.8573,1.8577,3697602.8
2025-12-17 23:15:00+00:00,1.8578,1.8589,1.8553,1.8574,2751571.1
2025-12-17 23:30:00+00:00,1.8573,1.8619,1.8566,1.861,2025731.3
2025-12-17 23:45:00+00:00,1.8609,1.8623,1.86,1.8614,1837377.7
2025-12-18 00:00:00+00:00,1.8613,1.8636,1.8582,1.8595,3252241.0
2025-12-18 00:15:00+00:00,1.8595,1.8684,1.8582,1.867,4274946.4
2025-12-18 00:30:00+00:00,1.867,1.8684,1.8631,1.8639,2625439.7
2025-12-18 00:45:00+00:00,1.8638,1.869,1.8635,1.868,2037007.2
2025-12-18 01:00:00+00:00,1.868,1.8682,1.8525,1.8561,5627816.2
2025-12-18 01:15:00+00:00,1.8561,1.8601,1.8524,1.8563,3090466.3
2025-12-18 01:30:00+00:00,1.8562,1.8598,1.8527,1.8558,2356526.7
2025-12-18 01:45:00+00:00,1.8558,1.8585,1.8505,1.8549,3528980.4
2025-12-18 02:00:00+00:00,1.855,1.8656,1.8521,1.8632,4273957.9
2025-12-18 02:15:00+00:00,1.8632,1.8714,1.8573,1.8619,7088253.3
2025-12-18 02:30:00+00:00,1.8618,1.8663,1.8611,1.8654,2770897.6
2025-12-18 02:45:00+00:00,1.8654,1.8671,1.8615,1.8624,2295588.0
2025-12-18 03:00:00+00:00,1.8624,1.8634,1.859,1.8594,2160854.0
2025-12-18 03:15:00+00:00,1.8593,1.8593,1.8521,1.8528,3481611.1
2025-12-18 03:30:00+00:00,1.8528,1.856,1.8507,1.8538,4253353.4
2025-12-18 03:45:00+00:00,1.8537,1.8558,1.853,1.8548,1458141.2
2025-12-18 04:00:00+00:00,1.8547,1.8608,1.8535,1.8573,3319131.5
2025-12-18 04:15:00+00:00,1.8573,1.8601,1.8559,1.8569,1630123.4
2025-12-18 04:30:00+00:00,1.8569,1.8592,1.8541,1.8565,2196305.1
2025-12-18 04:45:00+00:00,1.8565,1.8567,1.8522,1.8528,2203175.1
2025-12-18 05:00:00+00:00,1.8528,1.8531,1.8409,1.8428,9398768.3
2025-12-18 05:15:00+00:00,1.8428,1.8438,1.8357,1.8359,9180541.9
2025-12-18 05:30:00+00:00,1.836,1.8419,1.8303,1.839,11405176.6
2025-12-18 05:45:00+00:00,1.8391,1.8396,1.829,1.8305,6288410.2
2025-12-18 06:00:00+00:00,1.8304,1.8353,1.8287,1.8339,6318662.7
2025-12-18 06:15:00+00:00,1.8339,1.8356,1.8305,1.8314,2522868.3
2025-12-18 06:30:00+00:00,1.8314,1.8343,1.8291,1.83,2496018.5
2025-12-18 06:45:00+00:00,1.83,1.8338,1.8253,1.8322,4404406.9
2025-12-18 07:00:00+00:00,1.8323,1.841,1.8322,1.8409,6355556.1
2025-12-18 07:15:00+00:00,1.8409,1.8431,1.8392,1.8429,3045926.7
2025-12-18 07:30:00+00:00,1.8429,1.8429,1.8349,1.8354,3328667.9
2025-12-18 07:45:00+00:00,1.8354,1.8404,1.8346,1.8403,3313501.7
2025-12-18 08:00:00+00:00,1.8403,1.8419,1.8367,1.8409,3983455.9
2025-12-18 08:15:00+00:00,1.841,1.8484,1.8382,1.8451,6287958.4
2025-12-18 08:30:00+00:00,1.8451,1.8489,1.8432,1.8455,3407863.7
2025-12-18 08:45:00+00:00,1.8456,1.8536,1.8444,1.8531,10029959.8
2025-12-18 09:00:00+00:00,1.8531,1.8555,1.8477,1.8516,5999078.1
2025-12-18 09:15:00+00:00,1.8516,1.8574,1.8504,1.8573,3304157.6
2025-12-18 09:30:00+00:00,1.8573,1.8675,1.8564,1.8674,6890740.9
2025-12-18 09:45:00+00:00,1.8674,1.8713,1.8666,1.8685,5328532.6
2025-12-18 10:00:00+00:00,1.8684,1.8774,1.8675,1.8764,5299601.0
2025-12-18 10:15:00+00:00,1.8764,1.8794,1.8719,1.8767,3578193.5
2025-12-18 10:30:00+00:00,1.8768,1.8796,1.8714,1.875,4905147.8
2025-12-18 10:45:00+00:00,1.8749,1.8766,1.8726,1.8758,2789616.1
2025-12-18 11:00:00+00:00,1.8758,1.8769,1.8701,1.8714,7090093.8
2025-12-18 11:15:00+00:00,1.8714,1.8723,1.8654,1.8672,5541677.2
2025-12-18 11:30:00+00:00,1.8673,1.8698,1.8657,1.8691,2671867.4
2025-12-18 11:45:00+00:00,1.869,1.8772,1.8685,1.8772,3130704.4
2025-12-18 12:00:00+00:00,1.8773,1.8792,1.8713,1.8714,4356361.0
2025-12-18 12:15:00+00:00,1.8714,1.8784,1.8709,1.875,2695231.9
2025-12-18 12:30:00+00:00,1.875,1.8877,1.875,1.8852,7034763.1
2025-12-18 12:45:00+00:00,1.8851,1.8872,1.8797,1.8813,3376509.9
2025-12-18 13:00:00+00:00,1.8813,1.8976,1.8811,1.8955,10697170.6
2025-12-18 13:15:00+00:00,1.8956,1.8973,1.8891,1.8906,7534815.6
2025-12-18 13:30:00+00:00,1.8906,1.9187,1.8906,1.9166,30853914.2
2025-12-18 13:45:00+00:00,1.9166,1.9232,1.9121,1.9126,23173097.2
2025-12-18 14:00:00+00:00,1.9127,1.9254,1.8904,1.8922,26161100.8
2025-12-18 14:15:00+00:00,1.8922,1.9125,1.8919,1.9085,12682369.6
2025-12-18 14:30:00+00:00,1.9086,1.9208,1.89,1.8931,26414979.1
2025-12-18 14:45:00+00:00,1.8931,1.9044,1.8882,1.9016,8926239.3
2025-12-18 15:00:00+00:00,1.9016,1.9105,1.8947,1.8991,8934534.3
2025-12-18 15:15:00+00:00,1.8992,1.9194,1.8958,1.9183,9520889.5
2025-12-18 15:30:00+00:00,1.9184,1.9333,1.9118,1.9275,24631184.9
2025-12-18 15:45:00+00:00,1.9275,1.9276,1.9148,1.919,11446764.5
2025-12-18 16:00:00+00:00,1.9189,1.9201,1.9112,1.9113,7505093.8
2025-12-18 16:15:00+00:00,1.9113,1.9167,1.9046,1.908,10116563.2
2025-12-18 16:30:00+00:00,1.908,1.9138,1.9049,1.9126,4716020.5
2025-12-18 16:45:00+00:00,1.9127,1.914,1.9073,1.9095,3396617.8
2025-12-18 17:00:00+00:00,1.9095,1.9099,1.8657,1.8681,27421151.8
2025-12-18 17:15:00+00:00,1.8681,1.8681,1.8375,1.8526,39535961.5
2025-12-18 17:30:00+00:00,1.8526,1.8721,1.8456,1.8695,14502047.9
2025-12-18 17:45:00+00:00,1.8695,1.8716,1.8599,1.8657,8049795.0
2025-12-18 18:00:00+00:00,1.8657,1.876,1.8606,1.872,7874336.6
2025-12-18 18:15:00+00:00,1.872,1.8732,1.8559,1.8584,5862845.4
2025-12-18 18:30:00+00:00,1.8585,1.865,1.8568,1.8592,4572796.4
2025-12-18 18:45:00+00:00,1.8592,1.8593,1.8389,1.8425,12726094.2
2025-12-18 19:00:00+00:00,1.8425,1.8452,1.8276,1.8337,16841419.0
2025-12-18 19:15:00+00:00,1.8337,1.8407,1.8264,1.8334,11392048.4
2025-12-18 19:30:00+00:00,1.8334,1.8369,1.8106,1.8136,19248492.9
2025-12-18 19:45:00+00:00,1.8136,1.816,1.7987,1.8052,26408513.5
2025-12-18 20:00:00+00:00,1.8052,1.822,1.8039,1.8184,12987497.4
2025-12-18 20:15:00+00:00,1.8183,1.8203,1.8096,1.8123,8308364.2
2025-12-18 20:30:00+00:00,1.8123,1.814,1.807,1.8073,7486178.2
2025-12-18 20:45:00+00:00,1.8073,1.8107,1.7975,1.8004,17907620.2
2025-12-18 21:00:00+00:00,1.8,1.8173,1.8,1.8146,14354389.9
2025-12-18 21:15:00+00:00,1.8145,1.8201,1.8084,1.8181,15916946.5
2025-12-18 21:30:00+00:00,1.818,1.8226,1.8092,1.8126,8847988.2
2025-12-18 21:45:00+00:00,1.8125,1.8194,1.8111,1.8186,4286071.5
2025-12-18 22:00:00+00:00,1.8185,1.8239,1.8152,1.8171,6140994.5
2025-12-18 22:15:00+00:00,1.8171,1.8194,1.8129,1.8185,2736303.7
2025-12-18 22:30:00+00:00,1.8186,1.8216,1.8137,1.816,3036639.7
2025-12-18 22:45:00+00:00,1.816,1.8198,1.8148,1.8177,1268545.9
2025-12-18 23:00:00+00:00,1.8177,1.8179,1.8102,1.8146,4262236.0
2025-12-18 23:15:00+00:00,1.8145,1.8146,1.8085,1.8095,3828183.2
2025-12-18 23:30:00+00:00,1.8094,1.813,1.8063,1.8069,2684858.7
2025-12-18 23:45:00+00:00,1.8069,1.8097,1.8056,1.8067,2971887.1
2025-12-19 00:00:00+00:00,1.8067,1.8107,1.8032,1.8058,6858700.8
2025-12-19 00:15:00+00:00,1.8057,1.8074,1.7877,1.7879,11548136.3
2025-12-19 00:30:00+00:00,1.788,1.791,1.7808,1.7812,12341563.6
2025-12-19 00:45:00+00:00,1.7812,1.7941,1.7801,1.792,7556663.8
2025-12-19 01:00:00+00:00,1.792,1.7921,1.78,1.7844,6381845.0
2025-12-19 01:15:00+00:00,1.7843,1.7903,1.775,1.7752,7290885.4
2025-12-19 01:30:00+00:00,1.7752,1.7777,1.7707,1.7733,8275726.4
2025-12-19 01:45:00+00:00,1.7734,1.7833,1.7703,1.7818,5640347.8
2025-12-19 02:00:00+00:00,1.7817,1.7817,1.7731,1.7755,7024586.6
2025-12-19 02:15:00+00:00,1.7755,1.7875,1.7733,1.7848,6805966.8
2025-12-19 02:30:00+00:00,1.7847,1.7862,1.7784,1.7856,5832462.5
2025-12-19 02:45:00+00:00,1.7857,1.7979,1.7853,1.793,10567427.6
2025-12-19 03:00:00+00:00,1.793,1.8189,1.7927,1.8164,19718480.5
2025-12-19 03:15:00+00:00,1.8163,1.8427,1.8034,1.8401,26803175.6
2025-12-19 03:30:00+00:00,1.84,1.8524,1.8306,1.8409,22744113.7
2025-12-19 03:45:00+00:00,1.8409,1.8525,1.835,1.839,12528519.7
2025-12-19 04:00:00+00:00,1.839,1.8485,1.8367,1.8475,11458773.6
2025-12-19 04:15:00+00:00,1.8474,1.8489,1.8412,1.8445,3901533.4
2025-12-19 04:30:00+00:00,1.8446,1.8481,1.8358,1.8396,9482903.4
2025-12-19 04:45:00+00:00,1.8396,1.8429,1.8379,1.8388,3075207.8
2025-12-19 05:00:00+00:00,1.8389,1.8395,1.8276,1.8331,10259150.1
2025-12-19 05:15:00+00:00,1.8332,1.8334,1.8248,1.8282,7318144.7
2025-12-19 05:30:00+00:00,1.8281,1.8331,1.8255,1.8292,3765250.9
2025-12-19 05:45:00+00:00,1.8293,1.8334,1.8264,1.8273,4762262.0
2025-12-19 06:00:00+00:00,1.8274,1.8347,1.8241,1.8319,5409659.7
2025-12-19 06:15:00+00:00,1.8319,1.8361,1.8281,1.8358,4397842.6
2025-12-19 06:30:00+00:00,1.8359,1.8446,1.8339,1.844,5259054.8
2025-12-19 06:45:00+00:00,1.8441,1.8509,1.8382,1.85,7413912.8
2025-12-19 07:00:00+00:00,1.85,1.8758,1.8499,1.8687,16603255.9
2025-12-19 07:15:00+00:00,1.8686,1.8712,1.8602,1.8619,13812680.7
2025-12-19 07:30:00+00:00,1.862,1.8667,1.8579,1.8644,6946981.9
2025-12-19 07:45:00+00:00,1.8644,1.8668,1.8622,1.8665,3714615.2
2025-12-19 08:00:00+00:00,1.8665,1.8694,1.8612,1.8629,4824747.2
2025-12-19 08:15:00+00:00,1.8629,1.8664,1.8584,1.8589,3968706.1
2025-12-19 08:30:00+00:00,1.8589,1.8698,1.8587,1.8663,5123274.1
2025-12-19 08:45:00+00:00,1.8663,1.871,1.8654,1.8656,4674537.9
2025-12-19 09:00:00+00:00,1.8656,1.869,1.8631,1.8661,3428583.6
2025-12-19 09:15:00+00:00,1.8661,1.8674,1.8641,1.8647,2298275.1
2025-12-19 09:30:00+00:00,1.8648,1.8682,1.8612,1.864,3723422.6
2025-12-19 09:45:00+00:00,1.8641,1.8648,1.861,1.8644,2885573.3
2025-12-19 10:00:00+00:00,1.8644,1.8686,1.8605,1.8671,4624597.4
2025-12-19 10:15:00+00:00,1.8671,1.8684,1.8618,1.8631,4139130.3
2025-12-19 10:30:00+00:00,1.8632,1.8662,1.8631,1.8645,2279184.9
2025-12-19 10:45:00+00:00,1.8645,1.867,1.8634,1.8664,2550295.8
2025-12-19 11:00:00+00:00,1.8665,1.8687,1.8628,1.8678,2927174.7
2025-12-19 11:15:00+00:00,1.8678,1.8682,1.8645,1.8666,2282213.6
2025-12-19 11:30:00+00:00,1.8667,1.871,1.8647,1.8695,4929246.3
2025-12-19 11:45:00+00:00,1.8695,1.8711,1.8687,1.8696,1937321.3
2025-12-19 12:00:00+00:00,1.8697,1.874,1.8648,1.8724,5482368.4
2025-12-19 12:15:00+00:00,1.8724,1.8752,1.8699,1.8729,3510064.7
2025-12-19 12:30:00+00:00,1.873,1.88,1.8706,1.8778,7853169.3
2025-12-19 12:45:00+00:00,1.8778,1.8872,1.8765,1.8792,11512341.3
2025-12-19 13:00:00+00:00,1.8791,1.8834,1.877,1.8824,3645353.0
2025-12-19 13:15:00+00:00,1.8825,1.8842,1.8786,1.8789,2909012.9
2025-12-19 13:30:00+00:00,1.879,1.879,1.8688,1.8725,7932371.3
2025-12-19 13:45:00+00:00,1.8725,1.8725,1.8621,1.8665,9226919.5
2025-12-19 14:00:00+00:00,1.8665,1.8791,1.8647,1.8762,5725079.2
2025-12-19 14:15:00+00:00,1.8763,1.8807,1.8646,1.8711,7339057.8
2025-12-19 14:30:00+00:00,1.8711,1.8887,1.8627,1.8881,16055263.5
2025-12-19 14:45:00+00:00,1.8881,1.8899,1.8701,1.8763,16690728.4
2025-12-19 15:00:00+00:00,1.8762,1.888,1.8734,1.8851,8141613.4
2025-12-19 15:15:00+00:00,1.8851,1.9043,1.8733,1.8768,29784094.3
2025-12-19 15:30:00+00:00,1.8768,1.8838,1.8706,1.8784,9120304.5
2025-12-19 15:45:00+00:00,1.8784,1.8795,1.8722,1.8746,5869109.8
2025-12-19 16:00:00+00:00,1.8746,1.8928,1.8731,1.8901,9305203.5
2025-12-19 16:15:00+00:00,1.89,1.8934,1.8861,1.8893,4629030.0
2025-12-19 16:30:00+00:00,1.8893,1.9022,1.8876,1.8937,9581525.5
2025-12-19 16:45:00+00:00,1.8936,1.8958,1.8843,1.8877,8177306.1
2025-12-19 17:00:00+00:00,1.8877,1.9073,1.8872,1.9025,15047117.9
2025-12-19 17:15:00+00:00,1.9025,1.9075,1.8904,1.8905,12391878.1
2025-12-19 17:30:00+00:00,1.8906,1.8935,1.8769,1.8804,13292139.5
2025-12-19 17:45:00+00:00,1.8803,1.8899,1.8722,1.873,12535767.7
2025-12-19 18:00:00+00:00,1.8729,1.8819,1.8729,1.8818,4661864.4
2025-12-19 18:15:00+00:00,1.8819,1.891,1.8797,1.8892,5727798.6
2025-12-19 18:30:00+00:00,1.8891,1.8903,1.8844,1.8878,2703426.7
2025-12-19 18:45:00+00:00,1.8877,1.8978,1.8848,1.893,7636262.9
2025-12-19 19:00:00+00:00,1.893,1.902,1.893,1.8996,4924255.6
2025-12-19 19:15:00+00:00,1.8995,1.9109,1.8989,1.9071,8561119.6
2025-12-19 19:30:00+00:00,1.907,1.917,1.9049,1.9164,10802157.9
2025-12-19 19:45:00+00:00,1.9164,1.9175,1.9055,1.9068,5385793.1
2025-12-19 20:00:00+00:00,1.9068,1.9114,1.9052,1.9088,4408316.1
2025-12-19 20:15:00+00:00,1.9087,1.9171,1.9073,1.911,6265126.5
2025-12-19 20:30:00+00:00,1.9109,1.9214,1.9079,1.9098,7799488.2
2025-12-19 20:45:00+00:00,1.9099,1.9155,1.9025,1.9092,17608377.1
2025-12-19 21:00:00+00:00,1.9092,1.9092,1.9038,1.9064,4051840.9
2025-12-19 21:15:00+00:00,1.9065,1.9112,1.9048,1.905,2111802.9
2025-12-19 21:30:00+00:00,1.905,1.9088,1.9043,1.9047,1796218.6
2025-12-19 21:45:00+00:00,1.9048,1.9057,1.8993,1.9017,3739035.1
2025-12-19 22:00:00+00:00,1.9017,1.9085,1.9,1.903,2623268.3
2025-12-19 22:15:00+00:00,1.903,1.909,1.9029,1.9083,1818330.5
2025-12-19 22:30:00+00:00,1.9083,1.9098,1.9056,1.909,1692594.6
2025-12-19 22:45:00+00:00,1.909,1.9101,1.9063,1.9067,1069331.5
2025-12-19 23:00:00+00:00,1.9066,1.9066,1.9017,1.902,3121669.6
2025-12-19 23:15:00+00:00,1.9019,1.9064,1.9018,1.9042,3387591.8
2025-12-19 23:30:00+00:00,1.9043,1.9056,1.9013,1.9049,1836119.0
2025-12-19 23:45:00+00:00,1.905,1.9088,1.9046,1.9082,2085313.1
2025-12-20 00:00:00+00:00,1.9083,1.9091,1.9006,1.907,4875799.7
2025-12-20 00:15:00+00:00,1.907,1.9088,1.9036,1.9076,2472535.1
2025-12-20 00:30:00+00:00,1.9076,1.9085,1.9032,1.9032,1729855.7
2025-12-20 00:45:00+00:00,1.9032,1.9075,1.9003,1.9054,4567068.6
2025-12-20 01:00:00+00:00,1.9053,1.9063,1.9022,1.9023,1109993.4
2025-12-20 01:15:00+00:00,1.9023,1.9057,1.9006,1.9023,2245465.2
2025-12-20 01:30:00+00:00,1.9023,1.9039,1.901,1.9011,1166595.1
2025-12-20 01:45:00+00:00,1.901,1.9036,1.9008,1.9017,1502257.4
2025-12-20 02:00:00+00:00,1.9017,1.9022,1.8972,1.8981,2500149.2
2025-12-20 02:15:00+00:00,1.8981,1.9015,1.8956,1.8965,2417409.9
2025-12-20 02:30:00+00:00,1.8965,1.9008,1.8923,1.9003,7001609.4
2025-12-20 02:45:00+00:00,1.9003,1.9003,1.8955,1.8966,1998533.4
2025-12-20 03:00:00+00:00,1.8966,1.8988,1.8941,1.8948,1706993.9
2025-12-20 03:15:00+00:00,1.8948,1.9,1.8945,1.8994,1452980.3
2025-12-20 03:30:00+00:00,1.8994,1.9068,1.8994,1.9043,3821106.0
2025-12-20 03:45:00+00:00,1.9043,1.9054,1.9028,1.9031,1038037.0
2025-12-20 04:00:00+00:00,1.903,1.9053,1.8975,1.8993,4027320.1
2025-12-20 04:15:00+00:00,1.8993,1.902,1.899,1.9007,1263548.7
2025-12-20 04:30:00+00:00,1.9008,1.903,1.9004,1.9026,1307732.4
2025-12-20 04:45:00+00:00,1.9025,1.9066,1.9019,1.9033,1562647.6
2025-12-20 05:00:00+00:00,1.9034,1.9061,1.9033,1.9054,1672864.5
2025-12-20 05:15:00+00:00,1.9054,1.9113,1.9053,1.9112,3091804.1
2025-12-20 05:30:00+00:00,1.9111,1.9176,1.9097,1.9141,4357636.4
2025-12-20 05:45:00+00:00,1.9141,1.9142,1.9118,1.9129,1815073.5
2025-12-20 06:00:00+00:00,1.9129,1.9157,1.912,1.9152,1488393.5
2025-12-20 06:15:00+00:00,1.9152,1.9152,1.9134,1.9143,931177.3
2025-12-20 06:30:00+00:00,1.9143,1.9155,1.9133,1.9145,1266970.3
2025-12-20 06:45:00+00:00,1.9145,1.916,1.9128,1.9159,1513557.2
2025-12-20 07:00:00+00:00,1.9158,1.9177,1.908,1.9095,3390158.2
2025-12-20 07:15:00+00:00,1.9096,1.9096,1.9055,1.9096,2104748.5
2025-12-20 07:30:00+00:00,1.9096,1.9132,1.9081,1.9122,1810018.6
2025-12-20 07:45:00+00:00,1.9122,1.914,1.912,1.9131,926973.2
2025-12-20 08:00:00+00:00,1.9131,1.9191,1.9129,1.9179,3928047.4
2025-12-20 08:15:00+00:00,1.918,1.9273,1.9171,1.9272,6724341.7
2025-12-20 08:30:00+00:00,1.9273,1.9388,1.9267,1.9319,12334781.5
2025-12-20 08:45:00+00:00,1.9318,1.936,1.9271,1.9285,4731603.4
2025-12-20 09:00:00+00:00,1.9285,1.9362,1.9283,1.932,4198529.7
2025-12-20 09:15:00+00:00,1.9321,1.9414,1.9311,1.9403,5579093.5
2025-12-20 09:30:00+00:00,1.9404,1.9577,1.9404,1.9549,17255368.0
2025-12-20 09:45:00+00:00,1.9549,1.9554,1.9456,1.948,5985986.7
2025-12-20 10:00:00+00:00,1.948,1.9558,1.948,1.9512,5474045.2
2025-12-20 10:15:00+00:00,1.9511,1.9525,1.9443,1.9457,5053619.9
2025-12-20 10:30:00+00:00,1.9456,1.9484,1.9385,1.9477,9335737.4
2025-12-20 10:45:00+00:00,1.9477,1.9486,1.939,1.9394,2664774.6
2025-12-20 11:00:00+00:00,1.9394,1.9415,1.9305,1.9316,8558167.9
2025-12-20 11:15:00+00:00,1.9315,1.9423,1.9302,1.9389,9966092.8
2025-12-20 11:30:00+00:00,1.9389,1.9417,1.938,1.9412,3005530.0
2025-12-20 11:45:00+00:00,1.9411,1.9441,1.9398,1.9425,2929216.8
2025-12-20 12:00:00+00:00,1.9425,1.947,1.9415,1.9449,3182196.6
2025-12-20 12:15:00+00:00,1.9449,1.9458,1.9404,1.9414,2127960.9
2025-12-20 12:30:00+00:00,1.9414,1.943,1.938,1.9406,2938381.5
2025-12-20 12:45:00+00:00,1.9405,1.9417,1.9392,1.9401,1437331.1
2025-12-20 13:00:00+00:00,1.94,1.9423,1.9284,1.9297,7005601.7
2025-12-20 13:15:00+00:00,1.9296,1.9319,1.9193,1.9201,14991081.2
2025-12-20 13:30:00+00:00,1.92,1.9286,1.9192,1.9279,6512597.4
2025-12-20 13:45:00+00:00,1.9279,1.9311,1.9268,1.9272,3319268.7
2025-12-20 14:00:00+00:00,1.9272,1.9272,1.9195,1.9219,4123992.3
2025-12-20 14:15:00+00:00,1.9219,1.9244,1.9214,1.9226,1888667.2
2025-12-20 14:30:00+00:00,1.9225,1.9249,1.9194,1.9246,2874911.2
2025-12-20 14:45:00+00:00,1.9245,1.9295,1.9238,1.9279,3436504.3
2025-12-20 15:00:00+00:00,1.928,1.9333,1.9242,1.9328,3092433.5
2025-12-20 15:15:00+00:00,1.9328,1.9345,1.9132,1.9199,18431597.4
2025-12-20 15:30:00+00:00,1.9198,1.9232,1.9188,1.9206,3273150.7
2025-12-20 15:45:00+00:00,1.9205,1.9221,1.9185,1.9204,1966726.9
2025-12-20 16:00:00+00:00,1.9204,1.9256,1.9196,1.925,4026631.0
2025-12-20 16:15:00+00:00,1.9249,1.9298,1.9228,1.9256,5773312.2
2025-12-20 16:30:00+00:00,1.9256,1.9293,1.9231,1.9248,2016017.4
2025-12-20 16:45:00+00:00,1.9248,1.9279,1.9246,1.9279,1249884.2
2025-12-20 17:00:00+00:00,1.9279,1.9308,1.9239,1.9257,2020499.4
2025-12-20 17:15:00+00:00,1.9257,1.9268,1.9222,1.9223,1653935.5
2025-12-20 17:30:00+00:00,1.9222,1.9236,1.9202,1.9223,1592040.7
2025-12-20 17:45:00+00:00,1.9222,1.924,1.9221,1.9234,1155872.3
2025-12-20 18:00:00+00:00,1.9234,1.9254,1.9184,1.9188,2047958.2
2025-12-20 18:15:00+00:00,1.9189,1.9214,1.9188,1.9205,1163678.4
2025-12-20 18:30:00+00:00,1.9205,1.9223,1.9187,1.9204,1063021.3
2025-12-20 18:45:00+00:00,1.9204,1.9256,1.9191,1.9222,1751376.9
2025-12-20 19:00:00+00:00,1.9222,1.9226,1.9189,1.9217,1508631.4
2025-12-20 19:15:00+00:00,1.9217,1.9217,1.9194,1.921,627334.5
2025-12-20 19:30:00+00:00,1.921,1.9222,1.9201,1.9208,555292.2
2025-12-20 19:45:00+00:00,1.9209,1.9255,1.9201,1.9242,1018134.7
2025-12-20 20:00:00+00:00,1.9241,1.9276,1.9227,1.9258,1566239.6
2025-12-20 20:15:00+00:00,1.9258,1.9259,1.924,1.924,980912.7
2025-12-20 20:30:00+00:00,1.924,1.9261,1.9228,1.9235,808039.7
2025-12-20 20:45:00+00:00,1.9236,1.9267,1.9234,1.9264,660745.2
2025-12-20 21:00:00+00:00,1.9264,1.929,1.9245,1.9245,1915072.1
2025-12-20 21:15:00+00:00,1.9246,1.9277,1.9242,1.9253,1244188.5
2025-12-20 21:30:00+00:00,1.9253,1.9301,1.9253,1.9288,1368310.6
2025-12-20 21:45:00+00:00,1.9288,1.9309,1.9269,1.9308,1740081.6
2025-12-20 22:00:00+00:00,1.9308,1.9336,1.9284,1.9316,2163123.6
2025-12-20 22:15:00+00:00,1.9317,1.9318,1.9248,1.9292,1420292.5
2025-12-20 22:30:00+00:00,1.9292,1.9326,1.929,1.9304,1375836.4
2025-12-20 22:45:00+00:00,1.9304,1.937,1.9294,1.9326,1713264.3
2025-12-20 23:00:00+00:00,1.9326,1.9349,1.9299,1.9335,1454535.1
2025-12-20 23:15:00+00:00,1.9336,1.9358,1.9311,1.9329,1294252.7
2025-12-20 23:30:00+00:00,1.933,1.9337,1.9304,1.9309,935667.1
2025-12-20 23:45:00+00:00,1.931,1.9333,1.9295,1.9323,1479257.5
2025-12-21 00:00:00+00:00,1.9324,1.9365,1.9289,1.9294,5567297.2
2025-12-21 00:15:00+00:00,1.9295,1.9388,1.9291,1.9353,2902890.9
2025-12-21 00:30:00+00:00,1.9353,1.9355,1.9298,1.933,2238825.0
2025-12-21 00:45:00+00:00,1.9331,1.9383,1.9325,1.9379,2389923.8
2025-12-21 01:00:00+00:00,1.9379,1.9393,1.9343,1.9352,3198643.0
2025-12-21 01:15:00+00:00,1.9353,1.941,1.9329,1.9409,2711976.8
2025-12-21 01:30:00+00:00,1.9409,1.9409,1.9286,1.9311,4350022.5
2025-12-21 01:45:00+00:00,1.9312,1.9331,1.9268,1.9275,4184039.3
2025-12-21 02:00:00+00:00,1.9275,1.9333,1.9232,1.9248,3899091.6
2025-12-21 02:15:00+00:00,1.9247,1.9247,1.9162,1.9211,4904002.0
2025-12-21 02:30:00+00:00,1.9212,1.9247,1.9168,1.9187,3163570.0
2025-12-21 02:45:00+00:00,1.9188,1.924,1.9181,1.9236,2297169.6
2025-12-21 03:00:00+00:00,1.9236,1.9288,1.9224,1.9274,2510546.6
2025-12-21 03:15:00+00:00,1.9274,1.9376,1.9267,1.9334,6342434.5
2025-12-21 03:30:00+00:00,1.9334,1.9341,1.9285,1.9285,2918157.4
2025-12-21 03:45:00+00:00,1.9285,1.93,1.9279,1.9287,902816.2
2025-12-21 04:00:00+00:00,1.9288,1.9292,1.9252,1.9263,1050118.0
2025-12-21 04:15:00+00:00,1.9264,1.9288,1.926,1.928,980744.0
2025-12-21 04:30:00+00:00,1.928,1.9296,1.9246,1.9248,844872.9
2025-12-21 04:45:00+00:00,1.9249,1.925,1.9232,1.9244,835591.6
2025-12-21 05:00:00+00:00,1.9244,1.9257,1.9228,1.9251,1326636.0
2025-12-21 05:15:00+00:00,1.9251,1.9268,1.9216,1.9231,2489990.6
2025-12-21 05:30:00+00:00,1.9231,1.9234,1.9208,1.9229,1317240.4
2025-12-21 05:45:00+00:00,1.9229,1.923,1.9209,1.9213,896390.8
2025-12-21 06:00:00+00:00,1.9214,1.9229,1.9201,1.9217,1224320.0
2025-12-21 06:15:00+00:00,1.9218,1.9236,1.9187,1.92,1835814.6
2025-12-21 06:30:00+00:00,1.92,1.9215,1.9197,1.9204,894765.0
2025-12-21 06:45:00+00:00,1.9205,1.9217,1.9194,1.9196,893176.4
2025-12-21 07:00:00+00:00,1.9195,1.921,1.9179,1.9205,1188856.7
2025-12-21 07:15:00+00:00,1.9205,1.9278,1.9193,1.9272,2462100.9
2025-12-21 07:30:00+00:00,1.9272,1.9276,1.9229,1.9231,1139040.4
2025-12-21 07:45:00+00:00,1.9232,1.9266,1.9222,1.9243,1223087.1
2025-12-21 08:00:00+00:00,1.9244,1.9248,1.9211,1.9229,1072298.7
2025-12-21 08:15:00+00:00,1.9229,1.9279,1.9225,1.9276,1171734.4
2025-12-21 08:30:00+00:00,1.9275,1.9426,1.927,1.9386,7800376.7
2025-12-21 08:45:00+00:00,1.9387,1.9409,1.9345,1.935,3197146.8
2025-12-21 09:00:00+00:00,1.9351,1.9416,1.9312,1.9386,4232625.4
2025-12-21 09:15:00+00:00,1.9386,1.9436,1.9374,1.941,3588570.4
2025-12-21 09:30:00+00:00,1.9411,1.9485,1.9399,1.943,4920205.4
2025-12-21 09:45:00+00:00,1.943,1.9475,1.9425,1.945,3865303.1
2025-12-21 10:00:00+00:00,1.945,1.949,1.9408,1.9439,3678296.9
2025-12-21 10:15:00+00:00,1.9439,1.9446,1.9352,1.9355,3671905.6
2025-12-21 10:30:00+00:00,1.9356,1.9384,1.9327,1.9358,4005641.8
2025-12-21 10:45:00+00:00,1.9358,1.9362,1.9302,1.9332,2695884.0
2025-12-21 11:00:00+00:00,1.9333,1.9336,1.9305,1.931,2066000.1
2025-12-21 11:15:00+00:00,1.931,1.9353,1.9305,1.9346,2738350.4
2025-12-21 11:30:00+00:00,1.9347,1.935,1.9315,1.9325,1604853.9
2025-12-21 11:45:00+00:00,1.9325,1.9337,1.9307,1.9327,907225.9
2025-12-21 12:00:00+00:00,1.9328,1.9374,1.9315,1.9341,2447146.9
2025-12-21 12:15:00+00:00,1.9342,1.9373,1.9331,1.9355,2131001.0
2025-12-21 12:30:00+00:00,1.9355,1.9371,1.9263,1.9274,4641582.3
2025-12-21 12:45:00+00:00,1.9274,1.9304,1.9255,1.9285,2887225.4
2025-12-21 13:00:00+00:00,1.9285,1.9288,1.9122,1.9152,16107670.9
2025-12-21 13:15:00+00:00,1.9153,1.9157,1.9044,1.9076,14810821.0
2025-12-21 13:30:00+00:00,1.9076,1.9106,1.8971,1.8996,17987071.2
2025-12-21 13:45:00+00:00,1.8996,1.902,1.8937,1.898,8106356.2
2025-12-21 14:00:00+00:00,1.898,1.914,1.8958,1.9022,17146438.9
2025-12-21 14:15:00+00:00,1.9023,1.9081,1.9022,1.9043,5062267.7
2025-12-21 14:30:00+00:00,1.9044,1.9069,1.8988,1.9043,3186548.2
2025-12-21 14:45:00+00:00,1.9042,1.9067,1.9011,1.9064,1604296.6
2025-12-21 15:00:00+00:00,1.9064,1.9067,1.8982,1.8996,3163547.8
2025-12-21 15:15:00+00:00,1.8996,1.902,1.8984,1.9003,2343821.3
2025-12-21 15:30:00+00:00,1.9003,1.9042,1.8982,1.9011,2223159.4
2025-12-21 15:45:00+00:00,1.9012,1.9085,1.9005,1.9037,3851478.1
2025-12-21 16:00:00+00:00,1.9037,1.9038,1.8982,1.8992,5144889.4
2025-12-21 16:15:00+00:00,1.8992,1.9078,1.8984,1.9044,2996910.2
2025-12-21 16:30:00+00:00,1.9044,1.9057,1.9036,1.904,1275277.3
2025-12-21 16:45:00+00:00,1.9039,1.9075,1.9029,1.9068,1858443.3
2025-12-21 17:00:00+00:00,1.9069,1.9176,1.9055,1.9158,9447461.4
2025-12-21 17:15:00+00:00,1.9158,1.9159,1.9075,1.9085,5224101.4
2025-12-21 17:30:00+00:00,1.9086,1.9117,1.9064,1.9115,4060857.1
2025-12-21 17:45:00+00:00,1.9115,1.9115,1.9061,1.9072,2636611.4
2025-12-21 18:00:00+00:00,1.9072,1.9078,1.9009,1.9026,3708771.8
2025-12-21 18:15:00+00:00,1.9026,1.9065,1.9022,1.906,1170346.0
2025-12-21 18:30:00+00:00,1.906,1.9102,1.9056,1.9083,2202554.7
2025-12-21 18:45:00+00:00,1.9082,1.9126,1.9082,1.9116,1812011.6
2025-12-21 19:00:00+00:00,1.9116,1.9156,1.9115,1.9146,2279490.2
2025-12-21 19:15:00+00:00,1.9146,1.9156,1.9117,1.9125,1208594.1
2025-12-21 19:30:00+00:00,1.9125,1.9143,1.9077,1.9142,1911647.5
2025-12-21 19:45:00+00:00,1.9142,1.9187,1.9135,1.9171,3065889.2
2025-12-21 20:00:00+00:00,1.9171,1.9171,1.9109,1.911,1492858.5
2025-12-21 20:15:00+00:00,1.911,1.9136,1.9108,1.9126,1070521.8
2025-12-21 20:30:00+00:00,1.9126,1.915,1.9126,1.9143,721045.1
2025-12-21 20:45:00+00:00,1.9144,1.9146,1.911,1.911,886121.7
2025-12-21 21:00:00+00:00,1.9111,1.9125,1.9084,1.9116,1489463.8
2025-12-21 21:15:00+00:00,1.9115,1.9161,1.9109,1.9152,2012130.3
2025-12-21 21:30:00+00:00,1.9152,1.9181,1.911,1.9116,1786690.9
2025-12-21 21:45:00+00:00,1.9116,1.9116,1.9061,1.9064,1947306.3
2025-12-21 22:00:00+00:00,1.9065,1.9132,1.9046,1.9126,2075979.3
2025-12-21 22:15:00+00:00,1.9126,1.9158,1.9074,1.911,1419663.0
2025-12-21 22:30:00+00:00,1.911,1.9162,1.9097,1.9155,1443420.2
2025-12-21 22:45:00+00:00,1.9154,1.9176,1.9147,1.9168,1708445.1
2025-12-21 23:00:00+00:00,1.9168,1.925,1.9168,1.9224,5107851.1
2025-12-21 23:15:00+00:00,1.9225,1.9261,1.9189,1.92,5046417.1
2025-12-21 23:30:00+00:00,1.92,1.9245,1.9173,1.9227,1961470.1
2025-12-21 23:45:00+00:00,1.9227,1.9242,1.9201,1.9211,1207523.5
2025-12-22 00:00:00+00:00,1.9212,1.9443,1.9208,1.9435,10743602.6
2025-12-22 00:15:00+00:00,1.9435,1.9488,1.9254,1.9302,13784571.7
2025-12-22 00:30:00+00:00,1.9303,1.936,1.9264,1.9298,5448986.6
2025-12-22 00:45:00+00:00,1.9298,1.9336,1.923,1.923,3165669.3
2025-12-22 01:00:00+00:00,1.9231,1.9301,1.922,1.9286,3781463.9
2025-12-22 01:15:00+00:00,1.9287,1.9362,1.9287,1.932,2986577.0
2025-12-22 01:30:00+00:00,1.932,1.9364,1.9314,1.9315,2632653.0
2025-12-22 01:45:00+00:00,1.9314,1.9328,1.9189,1.9191,5297227.6
2025-12-22 02:00:00+00:00,1.9191,1.9203,1.9016,1.9103,12163760.5
2025-12-22 02:15:00+00:00,1.9103,1.9147,1.9067,1.9118,3416081.3
2025-12-22 02:30:00+00:00,1.9118,1.9183,1.911,1.9155,2331296.2
2025-12-22 02:45:00+00:00,1.9155,1.9195,1.9155,1.9183,1627976.3
2025-12-22 03:00:00+00:00,1.9182,1.9205,1.9121,1.9178,2946484.7
2025-12-22 03:15:00+00:00,1.9178,1.9244,1.9168,1.9229,2463287.8
2025-12-22 03:30:00+00:00,1.9228,1.9257,1.919,1.9202,2731116.7
2025-12-22 03:45:00+00:00,1.9201,1.9232,1.919,1.9193,1493224.0
2025-12-22 04:00:00+00:00,1.9193,1.9215,1.9172,1.9181,2047204.7
2025-12-22 04:15:00+00:00,1.9181,1.9235,1.9176,1.9226,2202382.4
2025-12-22 04:30:00+00:00,1.9225,1.9232,1.9171,1.9209,2323966.8
2025-12-22 04:45:00+00:00,1.9209,1.9255,1.92,1.9239,3476817.3
2025-12-22 05:00:00+00:00,1.924,1.9278,1.9235,1.9258,2461808.3
2025-12-22 05:15:00+00:00,1.9257,1.9273,1.9193,1.9196,3640908.0
2025-12-22 05:30:00+00:00,1.9195,1.9224,1.9173,1.9199,2229991.2
2025-12-22 05:45:00+00:00,1.9198,1.9219,1.9185,1.9192,1591788.8
2025-12-22 06:00:00+00:00,1.9192,1.9195,1.9126,1.9133,3050560.7
2025-12-22 06:15:00+00:00,1.9133,1.9188,1.913,1.9161,2112641.1
2025-12-22 06:30:00+00:00,1.9161,1.9189,1.9148,1.9189,1911656.8
2025-12-22 06:45:00+00:00,1.9189,1.9208,1.9168,1.9171,1924695.1
2025-12-22 07:00:00+00:00,1.917,1.9272,1.9158,1.9241,3701127.9
2025-12-22 07:15:00+00:00,1.9241,1.9249,1.9221,1.9236,1426194.8
2025-12-22 07:30:00+00:00,1.9236,1.9284,1.9221,1.9277,2375633.5
2025-12-22 07:45:00+00:00,1.9276,1.9277,1.9251,1.9263,1266756.6
2025-12-22 08:00:00+00:00,1.9263,1.9295,1.9221,1.924,3029452.0
2025-12-22 08:15:00+00:00,1.924,1.9333,1.9234,1.9277,7496598.4
2025-12-22 08:30:00+00:00,1.9276,1.9326,1.923,1.9235,6105116.2
2025-12-22 08:45:00+00:00,1.9235,1.9241,1.9165,1.9169,5512806.4
2025-12-22 09:00:00+00:00,1.9168,1.9204,1.9147,1.9151,5077859.8
2025-12-22 09:15:00+00:00,1.9151,1.9189,1.9135,1.9166,2932923.9
2025-12-22 09:30:00+00:00,1.9166,1.9198,1.915,1.9171,2917491.1
2025-12-22 09:45:00+00:00,1.9171,1.9234,1.9163,1.9215,3157264.4
2025-12-22 10:00:00+00:00,1.9215,1.922,1.9165,1.922,2749909.9
2025-12-22 10:15:00+00:00,1.9219,1.9266,1.9211,1.9251,4414712.6
2025-12-22 10:30:00+00:00,1.9251,1.9295,1.9249,1.927,3176672.3
2025-12-22 10:45:00+00:00,1.927,1.9282,1.9239,1.9253,2449302.3
2025-12-22 11:00:00+00:00,1.9253,1.929,1.9252,1.926,2344628.5
2025-12-22 11:15:00+00:00,1.9261,1.9275,1.9231,1.927,2917170.5
2025-12-22 11:30:00+00:00,1.9271,1.9331,1.926,1.933,6461329.8
2025-12-22 11:45:00+00:00,1.933,1.9376,1.9322,1.9339,4686659.0
2025-12-22 12:00:00+00:00,1.934,1.9367,1.9316,1.9344,3366314.9
2025-12-22 12:15:00+00:00,1.9345,1.9395,1.9344,1.939,4067739.3
2025-12-22 12:30:00+00:00,1.9391,1.9463,1.9322,1.9345,9871003.1
2025-12-22 12:45:00+00:00,1.9344,1.9363,1.9311,1.9352,3291182.1
2025-12-22 13:00:00+00:00,1.9351,1.9373,1.9288,1.9305,7859106.4
2025-12-22 13:15:00+00:00,1.9305,1.9335,1.9288,1.9317,3308964.1
2025-12-22 13:30:00+00:00,1.9318,1.9318,1.9265,1.9276,3125017.8
2025-12-22 13:45:00+00:00,1.9276,1.933,1.927,1.933,2795549.3
2025-12-22 14:00:00+00:00,1.933,1.9374,1.932,1.9349,2910494.0
2025-12-22 14:15:00+00:00,1.9349,1.9391,1.9345,1.9349,3335451.2
2025-12-22 14:30:00+00:00,1.935,1.9411,1.9238,1.9312,13778311.4
2025-12-22 14:45:00+00:00,1.9312,1.9421,1.9294,1.9394,7865066.7
2025-12-22 15:00:00+00:00,1.9394,1.9466,1.9316,1.932,8260570.2
2025-12-22 15:15:00+00:00,1.9321,1.9381,1.922,1.9286,8858470.5
2025-12-22 15:30:00+00:00,1.9287,1.9308,1.9167,1.9302,10174928.8
2025-12-22 15:45:00+00:00,1.9303,1.9372,1.9259,1.9334,4625883.2
2025-12-22 16:00:00+00:00,1.9334,1.939,1.9323,1.9378,3307680.6
2025-12-22 16:15:00+00:00,1.9378,1.942,1.9353,1.9409,5007331.3
2025-12-22 16:30:00+00:00,1.941,1.9416,1.9325,1.9327,4576542.3
2025-12-22 16:45:00+00:00,1.9327,1.9409,1.9323,1.9387,7497718.4
2025-12-22 17:00:00+00:00,1.9388,1.9393,1.925,1.9267,9042527.3
2025-12-22 17:15:00+00:00,1.9268,1.9282,1.9234,1.9255,3420027.3
2025-12-22 17:30:00+00:00,1.9255,1.932,1.921,1.9294,7372303.5
2025-12-22 17:45:00+00:00,1.9294,1.9304,1.9265,1.9294,2456190.3
2025-12-22 18:00:00+00:00,1.9295,1.9336,1.9276,1.931,3104139.3
2025-12-22 18:15:00+00:00,1.931,1.9343,1.9274,1.9339,2411854.2
2025-12-22 18:30:00+00:00,1.9339,1.9375,1.9313,1.9357,2792976.3
2025-12-22 18:45:00+00:00,1.9357,1.9363,1.9228,1.9265,5120415.8
2025-12-22 19:00:00+00:00,1.9264,1.9272,1.9156,1.9167,11354769.0
2025-12-22 19:15:00+00:00,1.9167,1.919,1.9085,1.9104,7728505.1
2025-12-22 19:30:00+00:00,1.9103,1.9122,1.9046,1.9062,5598563.8
2025-12-22 19:45:00+00:00,1.9062,1.908,1.9009,1.901,6468914.6
2025-12-22 20:00:00+00:00,1.901,1.9054,1.8961,1.9028,9435433.0
2025-12-22 20:15:00+00:00,1.9028,1.9034,1.8905,1.8942,10081616.0
2025-12-22 20:30:00+00:00,1.8942,1.9002,1.8906,1.8994,7910580.2
2025-12-22 20:45:00+00:00,1.8994,1.9036,1.8935,1.8955,10714509.5
2025-12-22 21:00:00+00:00,1.8954,1.8989,1.8939,1.8951,3940360.0
2025-12-22 21:15:00+00:00,1.8951,1.8982,1.8927,1.897,3814913.1
2025-12-22 21:30:00+00:00,1.897,1.9025,1.8966,1.9009,3759618.5
2025-12-22 21:45:00+00:00,1.9008,1.901,1.8938,1.8955,2386901.1
2025-12-22 22:00:00+00:00,1.8956,1.8981,1.891,1.8964,3297453.7
2025-12-22 22:15:00+00:00,1.8964,1.9038,1.8961,1.8985,3586392.0
2025-12-22 22:30:00+00:00,1.8984,1.9003,1.8972,1.8997,1312850.7
2025-12-22 22:45:00+00:00,1.8998,1.908,1.8996,1.9077,2647376.9
2025-12-22 23:00:00+00:00,1.9077,1.9077,1.9011,1.9047,3141630.6
2025-12-22 23:15:00+00:00,1.9048,1.9058,1.9023,1.9051,1778407.1
2025-12-22 23:30:00+00:00,1.9051,1.9065,1.9015,1.9024,1276769.8
2025-12-22 23:45:00+00:00,1.9024,1.9044,1.8999,1.9033,1972347.8
2025-12-23 00:00:00+00:00,1.9032,1.9033,1.8985,1.8994,4973918.2
2025-12-23 00:15:00+00:00,1.8995,1.9039,1.8991,1.9014,2864392.0
2025-12-23 00:30:00+00:00,1.9014,1.9089,1.8997,1.9022,3848410.7
2025-12-23 00:45:00+00:00,1.9022,1.9054,1.9,1.9035,2254288.6
2025-12-23 01:00:00+00:00,1.9035,1.9078,1.9004,1.9024,3101478.2
2025-12-23 01:15:00+00:00,1.9025,1.9048,1.9003,1.9004,1738710.4
2025-12-23 01:30:00+00:00,1.9004,1.9023,1.8956,1.8978,3342730.8
2025-12-23 01:45:00+00:00,1.8978,1.9004,1.8973,1.8976,1586346.7
2025-12-23 02:00:00+00:00,1.8976,1.9039,1.895,1.9021,3335515.4
2025-12-23 02:15:00+00:00,1.9021,1.9053,1.9011,1.9028,1909414.9
2025-12-23 02:30:00+00:00,1.9028,1.9038,1.8912,1.893,5378154.8
2025-12-23 02:45:00+00:00,1.893,1.8953,1.8904,1.8932,2716076.9
2025-12-23 03:00:00+00:00,1.8932,1.894,1.883,1.8887,8634436.4
2025-12-23 03:15:00+00:00,1.8888,1.894,1.8883,1.8911,2780949.1
2025-12-23 03:30:00+00:00,1.8911,1.8945,1.8895,1.8941,2247091.8
2025-12-23 03:45:00+00:00,1.8942,1.8942,1.8915,1.8915,1253960.4
2025-12-23 04:00:00+00:00,1.8915,1.8967,1.8887,1.8951,3227671.3
2025-12-23 04:15:00+00:00,1.8952,1.8954,1.8929,1.8933,1141535.8
2025-12-23 04:30:00+00:00,1.8934,1.8937,1.8877,1.8886,3093110.2
2025-12-23 04:45:00+00:00,1.8885,1.8898,1.8872,1.8874,2476110.8
2025-12-23 05:00:00+00:00,1.8873,1.8898,1.8852,1.8877,2976804.4
2025-12-23 05:15:00+00:00,1.8876,1.8897,1.8863,1.8872,1376928.1
2025-12-23 05:30:00+00:00,1.8871,1.8872,1.8774,1.8826,8432076.3
2025-12-23 05:45:00+00:00,1.8826,1.8828,1.8788,1.8818,2247232.5
2025-12-23 06:00:00+00:00,1.8817,1.8857,1.8794,1.8815,3128413.9
2025-12-23 06:15:00+00:00,1.8815,1.883,1.873,1.875,8274886.1
2025-12-23 06:30:00+00:00,1.875,1.8785,1.8725,1.8775,3051041.3
2025-12-23 06:45:00+00:00,1.8774,1.8841,1.8763,1.8812,2893700.1
2025-12-23 07:00:00+00:00,1.8812,1.8859,1.8784,1.8792,4434681.2
2025-12-23 07:15:00+00:00,1.8791,1.8842,1.8773,1.8822,3060536.4
2025-12-23 07:30:00+00:00,1.8822,1.8848,1.88,1.8811,2319768.1
2025-12-23 07:45:00+00:00,1.8811,1.8858,1.8798,1.8801,2106170.1
2025-12-23 08:00:00+00:00,1.8801,1.8816,1.8781,1.8793,2736639.8
2025-12-23 08:15:00+00:00,1.8792,1.8814,1.8782,1.8794,1949108.5
2025-12-23 08:30:00+00:00,1.8794,1.8807,1.879,1.8796,1315884.7
2025-12-23 08:45:00+00:00,1.8796,1.8798,1.8746,1.8771,2345345.9
2025-12-23 09:00:00+00:00,1.8771,1.8828,1.8767,1.8822,3109392.5
2025-12-23 09:15:00+00:00,1.8822,1.884,1.8784,1.8825,4716241.5
2025-12-23 09:30:00+00:00,1.8825,1.8858,1.8802,1.8846,3978956.5
2025-12-23 09:45:00+00:00,1.8847,1.8867,1.8839,1.8848,2160479.1
2025-12-23 10:00:00+00:00,1.8849,1.8906,1.8847,1.8889,3006595.3
2025-12-23 10:15:00+00:00,1.889,1.8934,1.8875,1.8918,2259487.2
2025-12-23 10:30:00+00:00,1.8918,1.8942,1.8904,1.8939,2778232.1
2025-12-23 10:45:00+00:00,1.894,1.8997,1.8935,1.8977,5434928.0
2025-12-23 11:00:00+00:00,1.8978,1.9021,1.8975,1.8997,7971405.1
2025-12-23 11:15:00+00:00,1.8997,1.9035,1.8986,1.9,3710833.2
2025-12-23 11:30:00+00:00,1.9001,1.9044,1.8983,1.9034,2502080.6
2025-12-23 11:45:00+00:00,1.9035,1.9046,1.9025,1.9041,2780880.8
2025-12-23 12:00:00+00:00,1.904,1.9042,1.8992,1.8996,6188023.7
2025-12-23 12:15:00+00:00,1.8995,1.9011,1.8956,1.8977,4831504.7
2025-12-23 12:30:00+00:00,1.8977,1.9016,1.8959,1.8991,3265271.5
2025-12-23 12:45:00+00:00,1.8991,1.9023,1.8975,1.8986,2600600.7
2025-12-23 13:00:00+00:00,1.8986,1.9005,1.8935,1.8951,3193085.1
2025-12-23 13:15:00+00:00,1.895,1.8956,1.8908,1.8921,4374063.0
2025-12-23 13:30:00+00:00,1.8922,1.8951,1.88,1.8872,10960856.6
2025-12-23 13:45:00+00:00,1.8872,1.8873,1.8751,1.8779,14746620.1
2025-12-23 14:00:00+00:00,1.878,1.8848,1.8766,1.8809,5410331.8
2025-12-23 14:15:00+00:00,1.8809,1.8809,1.872,1.8779,4776362.8
2025-12-23 14:30:00+00:00,1.878,1.8856,1.8732,1.8791,8766406.8
2025-12-23 14:45:00+00:00,1.8791,1.8796,1.8616,1.8722,18841486.4
2025-12-23 15:00:00+00:00,1.8721,1.883,1.8685,1.878,10769880.5
2025-12-23 15:15:00+00:00,1.8781,1.8943,1.8781,1.8844,12336213.9
2025-12-23 15:30:00+00:00,1.8843,1.8875,1.8795,1.8818,3879550.2
2025-12-23 15:45:00+00:00,1.8818,1.8836,1.8787,1.8805,3597963.5
2025-12-23 16:00:00+00:00,1.8805,1.8929,1.8772,1.885,9505781.4
2025-12-23 16:15:00+00:00,1.8851,1.8905,1.8834,1.8866,5112373.7
2025-12-23 16:30:00+00:00,1.8866,1.888,1.8812,1.8843,2270288.8
2025-12-23 16:45:00+00:00,1.8843,1.8925,1.8833,1.89,4285195.1
2025-12-23 17:00:00+00:00,1.89,1.892,1.883,1.8839,3810464.9
2025-12-23 17:15:00+00:00,1.884,1.8855,1.879,1.8797,4483870.4
2025-12-23 17:30:00+00:00,1.8797,1.8825,1.878,1.8813,2324228.3
2025-12-23 17:45:00+00:00,1.8813,1.8815,1.8672,1.8683,4698189.0
2025-12-23 18:00:00+00:00,1.8682,1.8739,1.8663,1.8711,6835066.3
2025-12-23 18:15:00+00:00,1.8711,1.8784,1.87,1.877,3843399.5
2025-12-23 18:30:00+00:00,1.8769,1.8839,1.8756,1.8834,4231789.2
2025-12-23 18:45:00+00:00,1.8833,1.8834,1.8794,1.8813,3211634.2
2025-12-23 19:00:00+00:00,1.8812,1.8868,1.88,1.8833,3004661.4
2025-12-23 19:15:00+00:00,1.8833,1.8867,1.8783,1.8791,3517086.5
2025-12-23 19:30:00+00:00,1.8791,1.8821,1.8773,1.8817,2228100.1
2025-12-23 19:45:00+00:00,1.8816,1.8833,1.8797,1.8816,1156799.1
2025-12-23 20:00:00+00:00,1.8817,1.8829,1.8775,1.8805,1482140.6
2025-12-23 20:15:00+00:00,1.8806,1.8863,1.8804,1.8852,1860529.5
2025-12-23 20:30:00+00:00,1.8851,1.8943,1.8822,1.8902,9380584.5
2025-12-23 20:45:00+00:00,1.8902,1.8937,1.8763,1.8796,8449381.1
2025-12-23 21:00:00+00:00,1.8797,1.8827,1.875,1.8791,5645682.1
2025-12-23 21:15:00+00:00,1.8791,1.8843,1.8787,1.8823,1889281.5
2025-12-23 21:30:00+00:00,1.8823,1.8825,1.879,1.8803,1512465.7
2025-12-23 21:45:00+00:00,1.8803,1.8824,1.8797,1.8809,1144637.4
2025-12-23 22:00:00+00:00,1.8808,1.8832,1.8769,1.8793,2459774.2
2025-12-23 22:15:00+00:00,1.8793,1.8817,1.8758,1.8775,1527504.1
2025-12-23 22:30:00+00:00,1.8775,1.8822,1.8745,1.8814,2741212.9
2025-12-23 22:45:00+00:00,1.8815,1.8825,1.8773,1.8785,1156413.7
2025-12-23 23:00:00+00:00,1.8786,1.879,1.8749,1.8763,2412860.1
2025-12-23 23:15:00+00:00,1.8762,1.8762,1.8709,1.8753,4596965.5
2025-12-23 23:30:00+00:00,1.8752,1.8782,1.8748,1.8758,1717999.1
2025-12-23 23:45:00+00:00,1.8758,1.8764,1.872,1.8725,2222880.0
2025-12-24 00:00:00+00:00,1.8726,1.8767,1.8706,1.8721,4856435.1
2025-12-24 00:15:00+00:00,1.872,1.8727,1.8696,1.8702,1684481.6
2025-12-24 00:30:00+00:00,1.8702,1.8735,1.8684,1.8722,2880032.0
2025-12-24 00:45:00+00:00,1.8722,1.8754,1.8697,1.8723,3173589.3
2025-12-24 01:00:00+00:00,1.8724,1.8775,1.8722,1.8763,9407377.9
2025-12-24 01:15:00+00:00,1.8763,1.8774,1.8742,1.8751,1992082.6
2025-12-24 01:30:00+00:00,1.8751,1.8772,1.8715,1.8723,3113707.5
2025-12-24 01:45:00+00:00,1.8724,1.8726,1.8693,1.8696,2703329.1
2025-12-24 02:00:00+00:00,1.8697,1.8701,1.857,1.8616,9596904.5
2025-12-24 02:15:00+00:00,1.8617,1.8647,1.8606,1.8631,2266956.9
2025-12-24 02:30:00+00:00,1.8631,1.8639,1.8493,1.8545,8286091.5
2025-12-24 02:45:00+00:00,1.8546,1.8561,1.8514,1.8535,3522223.8
2025-12-24 03:00:00+00:00,1.8535,1.8535,1.8438,1.8471,6754470.5
2025-12-24 03:15:00+00:00,1.8471,1.8555,1.846,1.8544,4009146.9
2025-12-24 03:30:00+00:00,1.8543,1.8594,1.8543,1.8588,3634931.5
2025-12-24 03:45:00+00:00,1.8588,1.863,1.8588,1.8606,2963499.8
2025-12-24 04:00:00+00:00,1.8606,1.8669,1.8589,1.8662,4011758.4
2025-12-24 04:15:00+00:00,1.8661,1.8665,1.859,1.8599,2507364.5
2025-12-24 04:30:00+00:00,1.8598,1.863,1.8554,1.8584,4010105.8
2025-12-24 04:45:00+00:00,1.8584,1.8597,1.8527,1.8543,2336203.6
2025-12-24 05:00:00+00:00,1.8543,1.8559,1.8518,1.8532,1637991.6
2025-12-24 05:15:00+00:00,1.8532,1.8566,1.8474,1.8482,7031831.3
2025-12-24 05:30:00+00:00,1.8482,1.8492,1.8429,1.8437,7623963.6
2025-12-24 05:45:00+00:00,1.8437,1.8477,1.8423,1.8458,4560073.3
2025-12-24 06:00:00+00:00,1.8459,1.846,1.8367,1.8368,8428529.9
2025-12-24 06:15:00+00:00,1.8368,1.844,1.836,1.8422,3264135.1
2025-12-24 06:30:00+00:00,1.8421,1.8464,1.8403,1.8447,2860879.2
2025-12-24 06:45:00+00:00,1.8446,1.8523,1.8443,1.851,5114265.9
2025-12-24 07:00:00+00:00,1.8511,1.8538,1.8499,1.8528,3938775.1
2025-12-24 07:15:00+00:00,1.8529,1.8535,1.8498,1.8517,1899444.6
2025-12-24 07:30:00+00:00,1.8517,1.857,1.8511,1.856,2639722.7
2025-12-24 07:45:00+00:00,1.8561,1.8603,1.8534,1.8536,4964757.6
2025-12-24 08:00:00+00:00,1.8536,1.8576,1.8522,1.8564,2233001.8
2025-12-24 08:15:00+00:00,1.8565,1.8616,1.855,1.8587,4803539.6
2025-12-24 08:30:00+00:00,1.8587,1.8597,1.8536,1.8566,2518786.6
2025-12-24 08:45:00+00:00,1.8566,1.8576,1.8506,1.8518,2376028.5
2025-12-24 09:00:00+00:00,1.8519,1.8573,1.8519,1.8568,1660060.2
2025-12-24 09:15:00+00:00,1.8567,1.8575,1.8543,1.855,1904757.3
2025-12-24 09:30:00+00:00,1.855,1.8561,1.853,1.8547,1928551.1
2025-12-24 09:45:00+00:00,1.8547,1.8579,1.8528,1.8532,1446275.6
2025-12-24 10:00:00+00:00,1.8532,1.861,1.8527,1.8607,2569005.4
2025-12-24 10:15:00+00:00,1.8607,1.866,1.8603,1.8644,6207105.9
2025-12-24 10:30:00+00:00,1.8644,1.8685,1.8635,1.8673,3579996.7
2025-12-24 10:45:00+00:00,1.8674,1.8689,1.8641,1.8647,2791305.1
2025-12-24 11:00:00+00:00,1.8647,1.8748,1.8646,1.8736,4882954.1
2025-12-24 11:15:00+00:00,1.8736,1.874,1.8689,1.8696,3868943.8
2025-12-24 11:30:00+00:00,1.8697,1.8729,1.8691,1.8722,1573150.7
2025-12-24 11:45:00+00:00,1.8721,1.8722,1.867,1.868,1870822.8
2025-12-24 12:00:00+00:00,1.8679,1.8683,1.8634,1.8657,3130492.7
2025-12-24 12:15:00+00:00,1.8657,1.8684,1.8621,1.8644,2921741.2
2025-12-24 12:30:00+00:00,1.8645,1.871,1.8645,1.869,2421027.5
2025-12-24 12:45:00+00:00,1.8691,1.8724,1.866,1.8708,2826306.1
2025-12-24 13:00:00+00:00,1.8708,1.8716,1.865,1.8662,1699346.8
2025-12-24 13:15:00+00:00,1.8663,1.868,1.8651,1.8679,1145854.9
2025-12-24 13:30:00+00:00,1.868,1.8692,1.8625,1.8657,3158826.0
2025-12-24 13:45:00+00:00,1.8657,1.8705,1.8651,1.869,1561620.6
2025-12-24 14:00:00+00:00,1.869,1.8765,1.8689,1.8763,4411579.5
2025-12-24 14:15:00+00:00,1.8764,1.8768,1.8661,1.8668,4608819.2
2025-12-24 14:30:00+00:00,1.8668,1.8701,1.8506,1.865,15499097.4
2025-12-24 14:45:00+00:00,1.865,1.8674,1.8556,1.8581,7587673.5
2025-12-24 15:00:00+00:00,1.8582,1.8637,1.8563,1.8591,3640955.5
2025-12-24 15:15:00+00:00,1.8592,1.8609,1.8514,1.859,5188042.0
2025-12-24 15:30:00+00:00,1.859,1.8693,1.8584,1.8653,7369683.3
2025-12-24 15:45:00+00:00,1.8653,1.8674,1.8598,1.8626,4109296.7
2025-12-24 16:00:00+00:00,1.8627,1.8676,1.8609,1.8651,3869474.3
2025-12-24 16:15:00+00:00,1.8652,1.8652,1.8548,1.8565,3369359.8
2025-12-24 16:30:00+00:00,1.8565,1.8709,1.8565,1.8665,8700554.1
2025-12-24 16:45:00+00:00,1.8666,1.867,1.8592,1.8607,3350711.6
2025-12-24 17:00:00+00:00,1.8606,1.8689,1.8581,1.8643,5283271.5
2025-12-24 17:15:00+00:00,1.8642,1.8667,1.8624,1.8654,2094650.2
2025-12-24 17:30:00+00:00,1.8654,1.868,1.8561,1.8575,5961590.0
2025-12-24 17:45:00+00:00,1.8575,1.8592,1.8494,1.85,11307574.1
2025-12-24 18:00:00+00:00,1.85,1.8555,1.8479,1.8523,4965449.3
2025-12-24 18:15:00+00:00,1.8523,1.8579,1.8518,1.8548,2375866.9
2025-12-24 18:30:00+00:00,1.8548,1.8575,1.8538,1.8567,1754495.0
2025-12-24 18:45:00+00:00,1.8567,1.858,1.8542,1.8552,1008099.3
2025-12-24 19:00:00+00:00,1.8552,1.8579,1.8529,1.8537,1071604.6
2025-12-24 19:15:00+00:00,1.8537,1.8579,1.8525,1.8564,2918205.7
2025-12-24 19:30:00+00:00,1.8564,1.8593,1.8552,1.8591,1030130.3
2025-12-24 19:45:00+00:00,1.8591,1.8617,1.8585,1.861,1696754.1
2025-12-24 20:00:00+00:00,1.8609,1.8679,1.8609,1.8656,4072637.7
2025-12-24 20:15:00+00:00,1.8656,1.8682,1.8654,1.8661,1252871.7
2025-12-24 20:30:00+00:00,1.866,1.8691,1.8635,1.8641,2582869.0
2025-12-24 20:45:00+00:00,1.8641,1.8641,1.8614,1.8637,1051891.0
2025-12-24 21:00:00+00:00,1.8637,1.8652,1.8618,1.8634,1825886.9
2025-12-24 21:15:00+00:00,1.8633,1.8644,1.8614,1.8632,858313.8
2025-12-24 21:30:00+00:00,1.8631,1.866,1.8629,1.8647,1222021.5
2025-12-24 21:45:00+00:00,1.8647,1.865,1.8616,1.8631,1024172.3
2025-12-24 22:00:00+00:00,1.8631,1.8657,1.8601,1.8605,2029054.8
2025-12-24 22:15:00+00:00,1.8604,1.863,1.859,1.86,1137003.6
2025-12-24 22:30:00+00:00,1.86,1.8675,1.8589,1.8668,1736204.3
2025-12-24 22:45:00+00:00,1.8668,1.8691,1.866,1.8688,968109.2
2025-12-24 23:00:00+00:00,1.8687,1.8691,1.8626,1.8644,2384142.3
2025-12-24 23:15:00+00:00,1.8644,1.865,1.8608,1.8611,1197568.5
2025-12-24 23:30:00+00:00,1.8611,1.8625,1.8605,1.8615,1108156.1
2025-12-24 23:45:00+00:00,1.8616,1.863,1.8611,1.8618,1069997.5
2025-12-25 00:00:00+00:00,1.8618,1.863,1.8597,1.8626,2198186.0
2025-12-25 00:15:00+00:00,1.8627,1.8649,1.8609,1.8615,1322935.1
2025-12-25 00:30:00+00:00,1.8614,1.8647,1.8592,1.8601,1622402.5
2025-12-25 00:45:00+00:00,1.8601,1.8613,1.8562,1.8571,2195414.9
2025-12-25 01:00:00+00:00,1.8571,1.859,1.8555,1.8588,1604133.6
2025-12-25 01:15:00+00:00,1.8588,1.859,1.8565,1.8582,1565641.1
2025-12-25 01:30:00+00:00,1.8581,1.863,1.8562,1.863,1090881.6
2025-12-25 01:45:00+00:00,1.863,1.8661,1.8622,1.865,2142437.2
2025-12-25 02:00:00+00:00,1.865,1.866,1.8625,1.8654,1259106.2
2025-12-25 02:15:00+00:00,1.8655,1.8671,1.864,1.8667,1416999.7
2025-12-25 02:30:00+00:00,1.8667,1.8717,1.8658,1.8712,2764898.7
2025-12-25 02:45:00+00:00,1.8711,1.872,1.8688,1.8703,2280334.7
2025-12-25 03:00:00+00:00,1.8703,1.8708,1.8661,1.8682,2028497.0
2025-12-25 03:15:00+00:00,1.8683,1.8735,1.8668,1.8725,2163169.7
2025-12-25 03:30:00+00:00,1.8725,1.8733,1.8714,1.872,1692207.5
2025-12-25 03:45:00+00:00,1.8721,1.8721,1.868,1.8693,2134476.8
2025-12-25 04:00:00+00:00,1.8693,1.8704,1.8678,1.8697,1229727.8
2025-12-25 04:15:00+00:00,1.8697,1.8735,1.8697,1.8704,1282511.7
2025-12-25 04:30:00+00:00,1.8705,1.8706,1.8681,1.8704,995864.0
2025-12-25 04:45:00+00:00,1.8705,1.8748,1.8699,1.8722,1214938.0
2025-12-25 05:00:00+00:00,1.8722,1.8733,1.8675,1.8679,2301537.2
2025-12-25 05:15:00+00:00,1.8678,1.8701,1.8674,1.8691,1005032.8
2025-12-25 05:30:00+00:00,1.8691,1.8714,1.8682,1.8704,851981.4
2025-12-25 05:45:00+00:00,1.8704,1.8709,1.8679,1.8682,728589.5
2025-12-25 06:00:00+00:00,1.8681,1.8682,1.8653,1.8654,1757224.8
2025-12-25 06:15:00+00:00,1.8654,1.872,1.8654,1.8709,1108120.8
2025-12-25 06:30:00+00:00,1.8709,1.8755,1.8707,1.8726,2684822.0
2025-12-25 06:45:00+00:00,1.8727,1.8762,1.8726,1.8747,1629103.5
2025-12-25 07:00:00+00:00,1.8748,1.8756,1.8717,1.874,1802357.0
2025-12-25 07:15:00+00:00,1.874,1.8741,1.872,1.873,888084.1
2025-12-25 07:30:00+00:00,1.8729,1.8731,1.8714,1.8724,826010.4
2025-12-25 07:45:00+00:00,1.8725,1.8747,1.872,1.8735,1050525.7
2025-12-25 08:00:00+00:00,1.8735,1.8804,1.8728,1.8771,5036777.9
2025-12-25 08:15:00+00:00,1.8771,1.8781,1.8639,1.8677,7172938.9
2025-12-25 08:30:00+00:00,1.8677,1.8713,1.8659,1.8706,2136225.5
2025-12-25 08:45:00+00:00,1.8707,1.8743,1.8688,1.8728,1793191.3
2025-12-25 09:00:00+00:00,1.8729,1.8729,1.8678,1.8682,1907494.6
2025-12-25 09:15:00+00:00,1.8682,1.8689,1.8654,1.8666,1745679.9
2025-12-25 09:30:00+00:00,1.8666,1.8696,1.8657,1.8683,1234941.5
2025-12-25 09:45:00+00:00,1.8683,1.8735,1.8681,1.871,1785111.2
2025-12-25 10:00:00+00:00,1.871,1.871,1.8621,1.8621,3046148.4
2025-12-25 10:15:00+00:00,1.8622,1.8629,1.8606,1.8618,2818916.5
2025-12-25 10:30:00+00:00,1.8619,1.8619,1.8524,1.8548,7125687.8
2025-12-25 10:45:00+00:00,1.8547,1.8571,1.8536,1.8566,2260260.0
2025-12-25 11:00:00+00:00,1.8567,1.8596,1.8555,1.8571,2536046.4
2025-12-25 11:15:00+00:00,1.8571,1.861,1.8566,1.86,1679078.9
2025-12-25 11:30:00+00:00,1.8601,1.8636,1.8566,1.858,3369097.2
2025-12-25 11:45:00+00:00,1.858,1.86,1.8554,1.858,2526634.5
2025-12-25 12:00:00+00:00,1.858,1.8585,1.8542,1.8544,2429247.5
2025-12-25 12:15:00+00:00,1.8543,1.8608,1.8543,1.86,1862669.6
2025-12-25 12:30:00+00:00,1.8601,1.8617,1.8593,1.8613,1760470.9
2025-12-25 12:45:00+00:00,1.8613,1.8642,1.8612,1.8641,2472116.5
2025-12-25 13:00:00+00:00,1.8641,1.8672,1.8635,1.8663,2126827.6
2025-12-25 13:15:00+00:00,1.8663,1.867,1.8613,1.8646,4071933.1
2025-12-25 13:30:00+00:00,1.8646,1.8698,1.8635,1.868,1912119.5
2025-12-25 13:45:00+00:00,1.868,1.8689,1.8656,1.8675,2291567.8
2025-12-25 14:00:00+00:00,1.8675,1.8692,1.8647,1.865,1814643.3
2025-12-25 14:15:00+00:00,1.8651,1.8671,1.8635,1.8647,1766540.1
2025-12-25 14:30:00+00:00,1.8648,1.8684,1.8644,1.8659,1356538.5
2025-12-25 14:45:00+00:00,1.8659,1.8691,1.8658,1.8688,1159114.3
2025-12-25 15:00:00+00:00,1.8688,1.8697,1.8645,1.8688,3473711.2
2025-12-25 15:15:00+00:00,1.8689,1.8762,1.8665,1.8727,5888746.5
2025-12-25 15:30:00+00:00,1.8726,1.8819,1.8697,1.8801,7179065.5
2025-12-25 15:45:00+00:00,1.8802,1.8898,1.8773,1.8822,16112262.9
2025-12-25 16:00:00+00:00,1.8822,1.8827,1.8764,1.8793,6162406.8
2025-12-25 16:15:00+00:00,1.8792,1.8829,1.8781,1.8784,5078365.8
2025-12-25 16:30:00+00:00,1.8783,1.88,1.8738,1.8755,2463415.7
2025-12-25 16:45:00+00:00,1.8755,1.8759,1.868,1.8707,3084861.1
2025-12-25 17:00:00+00:00,1.8707,1.8713,1.8674,1.8689,2205184.6
2025-12-25 17:15:00+00:00,1.8689,1.8691,1.8649,1.8649,2699745.6
2025-12-25 17:30:00+00:00,1.8649,1.8678,1.8639,1.8667,2600907.0
2025-12-25 17:45:00+00:00,1.8666,1.8707,1.8659,1.8695,1836946.6
2025-12-25 18:00:00+00:00,1.8695,1.8735,1.8695,1.8724,1914830.3
2025-12-25 18:15:00+00:00,1.8725,1.8725,1.8692,1.8703,1174748.5
2025-12-25 18:30:00+00:00,1.8702,1.8749,1.8681,1.8713,2167961.4
2025-12-25 18:45:00+00:00,1.8712,1.8739,1.8709,1.8726,1029941.6
2025-12-25 19:00:00+00:00,1.8726,1.8729,1.8714,1.8723,711977.8
2025-12-25 19:15:00+00:00,1.8724,1.8728,1.8693,1.8698,953105.9
2025-12-25 19:30:00+00:00,1.8698,1.8729,1.8694,1.8717,905588.1
2025-12-25 19:45:00+00:00,1.8717,1.8723,1.87,1.8722,511671.6
2025-12-25 20:00:00+00:00,1.8723,1.8726,1.869,1.8704,964850.8
2025-12-25 20:15:00+00:00,1.8703,1.8707,1.8641,1.8653,1796730.4
2025-12-25 20:30:00+00:00,1.8652,1.8666,1.8636,1.8648,1714826.9
2025-12-25 20:45:00+00:00,1.8648,1.8688,1.8648,1.8677,1224730.5
2025-12-25 21:00:00+00:00,1.8677,1.8686,1.8655,1.8682,1501787.5
2025-12-25 21:15:00+00:00,1.8681,1.8681,1.8654,1.8678,1748498.4
2025-12-25 21:30:00+00:00,1.8678,1.8678,1.8656,1.8665,711682.7
2025-12-25 21:45:00+00:00,1.8665,1.8665,1.8632,1.8644,1455472.5
2025-12-25 22:00:00+00:00,1.8644,1.8649,1.8575,1.8595,5072830.6
2025-12-25 22:15:00+00:00,1.8595,1.8613,1.8581,1.86,1258736.1
2025-12-25 22:30:00+00:00,1.8599,1.8611,1.8552,1.8563,2684195.6
2025-12-25 22:45:00+00:00,1.8563,1.8563,1.8386,1.8447,16821856.3
2025-12-25 23:00:00+00:00,1.8446,1.8503,1.8386,1.847,6598552.3
2025-12-25 23:15:00+00:00,1.8469,1.8473,1.8403,1.8417,3540894.9
2025-12-25 23:30:00+00:00,1.8416,1.8416,1.8274,1.8316,14327416.7
2025-12-25 23:45:00+00:00,1.8315,1.8346,1.8278,1.8315,6932231.5
2025-12-26 00:00:00+00:00,1.8314,1.8357,1.8235,1.8287,8453217.4
2025-12-26 00:15:00+00:00,1.8286,1.836,1.8234,1.8288,4680576.7
2025-12-26 00:30:00+00:00,1.8289,1.8325,1.824,1.8279,4538904.2
2025-12-26 00:45:00+00:00,1.8279,1.8312,1.8279,1.8308,2535090.7
2025-12-26 01:00:00+00:00,1.8308,1.8366,1.8285,1.8362,4814529.6
2025-12-26 01:15:00+00:00,1.8361,1.8377,1.8328,1.8374,4270901.9
2025-12-26 01:30:00+00:00,1.8373,1.8385,1.8353,1.8376,1820026.9
2025-12-26 01:45:00+00:00,1.8376,1.8387,1.8348,1.8352,1475774.9
2025-12-26 02:00:00+00:00,1.8352,1.8576,1.8322,1.8574,10263952.7
2025-12-26 02:15:00+00:00,1.8574,1.8777,1.8573,1.8705,32283606.0
2025-12-26 02:30:00+00:00,1.8706,1.8803,1.8683,1.8715,11603318.1
2025-12-26 02:45:00+00:00,1.8716,1.8747,1.8657,1.8688,7850559.3
2025-12-26 03:00:00+00:00,1.8689,1.8732,1.8652,1.8684,6191293.6
2025-12-26 03:15:00+00:00,1.8684,1.8687,1.8598,1.8622,5967645.3
2025-12-26 03:30:00+00:00,1.8622,1.8636,1.8584,1.8619,3623228.8
2025-12-26 03:45:00+00:00,1.8618,1.8671,1.8618,1.864,3630503.2
2025-12-26 04:00:00+00:00,1.8639,1.8642,1.8543,1.8568,4677040.9
2025-12-26 04:15:00+00:00,1.8569,1.861,1.8545,1.8587,3996649.6
2025-12-26 04:30:00+00:00,1.8586,1.8686,1.8579,1.8675,3128413.2
2025-12-26 04:45:00+00:00,1.8676,1.87,1.8644,1.8653,2503378.4
2025-12-26 05:00:00+00:00,1.8654,1.8673,1.8637,1.8652,1420645.6
2025-12-26 05:15:00+00:00,1.8651,1.8654,1.8629,1.8643,1354663.8
2025-12-26 05:30:00+00:00,1.8643,1.8695,1.8634,1.8694,2043707.0
2025-12-26 05:45:00+00:00,1.8694,1.8716,1.8667,1.8688,2410380.7
2025-12-26 06:00:00+00:00,1.8688,1.8743,1.8683,1.8713,3832653.5
2025-12-26 06:15:00+00:00,1.8714,1.8736,1.8699,1.8701,2694319.2
2025-12-26 06:30:00+00:00,1.8701,1.8775,1.8684,1.8769,9232302.3
2025-12-26 06:45:00+00:00,1.8769,1.8769,1.8725,1.874,3351662.8
2025-12-26 07:00:00+00:00,1.874,1.8811,1.8739,1.8811,4358864.8
2025-12-26 07:15:00+00:00,1.8812,1.8824,1.8769,1.8803,4179927.7
2025-12-26 07:30:00+00:00,1.8804,1.8806,1.8684,1.8687,6430166.3
2025-12-26 07:45:00+00:00,1.8686,1.8694,1.861,1.8634,5041416.3
2025-12-26 08:00:00+00:00,1.8634,1.8689,1.8623,1.8665,5356100.8
2025-12-26 08:15:00+00:00,1.8665,1.87,1.8653,1.8667,2531907.7
2025-12-26 08:30:00+00:00,1.8668,1.8668,1.8626,1.863,1519188.9
2025-12-26 08:45:00+00:00,1.863,1.8664,1.8618,1.8663,1395564.9
2025-12-26 09:00:00+00:00,1.8664,1.8705,1.866,1.8698,2122308.7
2025-12-26 09:15:00+00:00,1.8699,1.8719,1.8685,1.8695,2233021.6
2025-12-26 09:30:00+00:00,1.8696,1.873,1.8695,1.8729,1430331.8
2025-12-26 09:45:00+00:00,1.873,1.877,1.8726,1.876,4619190.4
2025-12-26 10:00:00+00:00,1.8759,1.8773,1.8736,1.8741,1900808.6
2025-12-26 10:15:00+00:00,1.8741,1.8776,1.8717,1.8772,3566566.4
2025-12-26 10:30:00+00:00,1.8773,1.8783,1.8745,1.8761,2259472.0
2025-12-26 10:45:00+00:00,1.8761,1.88,1.8761,1.8781,2622605.1
2025-12-26 11:00:00+00:00,1.8782,1.8782,1.8748,1.8751,1390645.0
2025-12-26 11:15:00+00:00,1.8752,1.8755,1.8721,1.8727,2508767.7
2025-12-26 11:30:00+00:00,1.8728,1.874,1.871,1.8716,2218425.3
2025-12-26 11:45:00+00:00,1.8715,1.8727,1.8699,1.8706,1604491.3
2025-12-26 12:00:00+00:00,1.8706,1.8727,1.8701,1.8713,1739724.3
2025-12-26 12:15:00+00:00,1.8714,1.8734,1.8693,1.8715,1654291.1
2025-12-26 12:30:00+00:00,1.8715,1.8725,1.8701,1.8718,1454570.7
2025-12-26 12:45:00+00:00,1.8719,1.8726,1.8703,1.8715,1833677.5
2025-12-26 13:00:00+00:00,1.8716,1.8754,1.8678,1.8749,3293758.1
2025-12-26 13:15:00+00:00,1.8749,1.8757,1.8727,1.8732,1258884.4
2025-12-26 13:30:00+00:00,1.8733,1.8778,1.8719,1.8761,3709261.0
2025-12-26 13:45:00+00:00,1.8762,1.8789,1.8752,1.8772,4192450.7
2025-12-26 14:00:00+00:00,1.8773,1.8776,1.8727,1.8758,4383954.8
2025-12-26 14:15:00+00:00,1.8759,1.8774,1.8735,1.8735,2560233.2
2025-12-26 14:30:00+00:00,1.8736,1.8748,1.8597,1.8628,14155586.3
2025-12-26 14:45:00+00:00,1.8627,1.8629,1.8415,1.8431,28887313.3
2025-12-26 15:00:00+00:00,1.843,1.8431,1.828,1.8292,36068053.2
2025-12-26 15:15:00+00:00,1.8291,1.8378,1.8249,1.8358,17192065.0
2025-12-26 15:30:00+00:00,1.8358,1.8405,1.8311,1.8332,13081212.7
2025-12-26 15:45:00+00:00,1.8332,1.8379,1.83,1.8366,12670921.8
2025-12-26 16:00:00+00:00,1.8367,1.8449,1.8351,1.84,9520699.0
2025-12-26 16:15:00+00:00,1.84,1.8457,1.8389,1.8404,4530277.2
2025-12-26 16:30:00+00:00,1.8404,1.8438,1.8384,1.842,3719814.7
2025-12-26 16:45:00+00:00,1.842,1.8438,1.8323,1.8334,6076603.1
2025-12-26 17:00:00+00:00,1.8335,1.8416,1.8334,1.8389,3384611.9
2025-12-26 17:15:00+00:00,1.839,1.8465,1.8357,1.8452,3437084.4
2025-12-26 17:30:00+00:00,1.8451,1.8485,1.8419,1.8461,3886599.1
2025-12-26 17:45:00+00:00,1.846,1.8479,1.8402,1.8426,5354526.6
2025-12-26 18:00:00+00:00,1.8425,1.846,1.8412,1.8453,2005958.7
2025-12-26 18:15:00+00:00,1.8452,1.8456,1.8392,1.8393,2050335.3
2025-12-26 18:30:00+00:00,1.8393,1.8463,1.8392,1.8441,2020239.6
2025-12-26 18:45:00+00:00,1.844,1.8466,1.8412,1.8441,1867637.9
2025-12-26 19:00:00+00:00,1.844,1.8467,1.8435,1.8438,1313213.8
2025-12-26 19:15:00+00:00,1.8438,1.8446,1.8403,1.8431,1571387.0
2025-12-26 19:30:00+00:00,1.843,1.8457,1.843,1.8456,1429963.7
2025-12-26 19:45:00+00:00,1.8456,1.8495,1.843,1.8448,2314370.3
2025-12-26 20:00:00+00:00,1.8448,1.8475,1.8437,1.8473,1238265.9
2025-12-26 20:15:00+00:00,1.8473,1.8494,1.8458,1.8487,1483848.0
2025-12-26 20:30:00+00:00,1.8486,1.8522,1.8477,1.8522,2454832.3
2025-12-26 20:45:00+00:00,1.8521,1.8595,1.8521,1.8538,7301067.1
2025-12-26 21:00:00+00:00,1.8539,1.8567,1.8493,1.853,2391857.6
2025-12-26 21:15:00+00:00,1.853,1.8542,1.8493,1.8501,1934501.0
2025-12-26 21:30:00+00:00,1.85,1.8501,1.8471,1.8482,1812850.9
2025-12-26 21:45:00+00:00,1.8482,1.8498,1.8453,1.8465,1238936.3
2025-12-26 22:00:00+00:00,1.8464,1.8488,1.8441,1.8442,2123871.4
2025-12-26 22:15:00+00:00,1.8441,1.8491,1.8441,1.8449,1340976.5
2025-12-26 22:30:00+00:00,1.8449,1.8478,1.842,1.8433,2363139.1
2025-12-26 22:45:00+00:00,1.8433,1.8468,1.842,1.8468,1061791.3
2025-12-26 23:00:00+00:00,1.8467,1.8487,1.8446,1.8452,2336167.8
2025-12-26 23:15:00+00:00,1.8452,1.8452,1.8429,1.8437,1535069.2
2025-12-26 23:30:00+00:00,1.8437,1.8453,1.8426,1.8431,802642.5
2025-12-26 23:45:00+00:00,1.8431,1.8442,1.8414,1.8428,1723404.0
2025-12-27 00:00:00+00:00,1.8429,1.8443,1.8411,1.8429,2425699.6
2025-12-27 00:15:00+00:00,1.8429,1.8434,1.8407,1.8426,1931182.8
2025-12-27 00:30:00+00:00,1.8426,1.8451,1.8422,1.8446,1207081.2
2025-12-27 00:45:00+00:00,1.8445,1.8447,1.8431,1.8445,887657.4
2025-12-27 01:00:00+00:00,1.8445,1.8451,1.8433,1.8439,980519.1
2025-12-27 01:15:00+00:00,1.8439,1.8441,1.8419,1.8439,1438658.0
2025-12-27 01:30:00+00:00,1.8439,1.8446,1.8431,1.8432,783957.0
2025-12-27 01:45:00+00:00,1.8432,1.847,1.8419,1.8461,1878978.8
2025-12-27 02:00:00+00:00,1.8461,1.847,1.8443,1.8469,1291973.1
2025-12-27 02:15:00+00:00,1.847,1.8476,1.8444,1.8456,2293828.5
2025-12-27 02:30:00+00:00,1.8456,1.8528,1.8443,1.8492,3656460.0
2025-12-27 02:45:00+00:00,1.8493,1.85,1.8477,1.8481,2309430.7
2025-12-27 03:00:00+00:00,1.8481,1.8504,1.8454,1.8462,1449634.9
2025-12-27 03:15:00+00:00,1.8462,1.8507,1.8462,1.8495,1891337.1
2025-12-27 03:30:00+00:00,1.8495,1.8527,1.8493,1.851,1772857.5
2025-12-27 03:45:00+00:00,1.851,1.8514,1.8498,1.8505,1106407.0
2025-12-27 04:00:00+00:00,1.8506,1.8522,1.8479,1.8486,1682229.3
2025-12-27 04:15:00+00:00,1.8486,1.8496,1.8472,1.8472,770181.0
2025-12-27 04:30:00+00:00,1.8472,1.8478,1.8462,1.8475,910223.2
2025-12-27 04:45:00+00:00,1.8475,1.8482,1.8457,1.8472,805652.0
2025-12-27 05:00:00+00:00,1.8472,1.8483,1.8457,1.8461,549784.3
2025-12-27 05:15:00+00:00,1.8461,1.847,1.8453,1.8466,604875.2
2025-12-27 05:30:00+00:00,1.8466,1.8476,1.8466,1.8475,417072.9
2025-12-27 05:45:00+00:00,1.8474,1.849,1.8473,1.8488,638482.1
2025-12-27 06:00:00+00:00,1.8489,1.849,1.8463,1.8475,839585.2
2025-12-27 06:15:00+00:00,1.8475,1.8484,1.8461,1.8477,623305.5
2025-12-27 06:30:00+00:00,1.8477,1.8479,1.8465,1.8473,637189.3
2025-12-27 06:45:00+00:00,1.8473,1.8478,1.8464,1.8468,651127.3
2025-12-27 07:00:00+00:00,1.8469,1.8497,1.8468,1.8496,705088.0
2025-12-27 07:15:00+00:00,1.8496,1.8516,1.8482,1.8497,1523890.4
2025-12-27 07:30:00+00:00,1.8497,1.85,1.8465,1.847,918139.6
2025-12-27 07:45:00+00:00,1.847,1.8478,1.8466,1.8468,597362.7
2025-12-27 08:00:00+00:00,1.8467,1.8491,1.8467,1.8474,1087600.5
2025-12-27 08:15:00+00:00,1.8474,1.8505,1.8474,1.8492,693508.1
2025-12-27 08:30:00+00:00,1.8493,1.8502,1.849,1.8492,443033.1
2025-12-27 08:45:00+00:00,1.8492,1.8495,1.8482,1.8492,739179.0
2025-12-27 09:00:00+00:00,1.8492,1.8522,1.849,1.8517,1818145.2
2025-12-27 09:15:00+00:00,1.8518,1.8548,1.8493,1.8499,2823028.8
2025-12-27 09:30:00+00:00,1.8499,1.8511,1.8498,1.851,1054404.6
2025-12-27 09:45:00+00:00,1.851,1.8515,1.8499,1.85,910032.6
2025-12-27 10:00:00+00:00,1.85,1.8519,1.8483,1.8494,1015546.4
2025-12-27 10:15:00+00:00,1.8494,1.8519,1.8475,1.8476,868243.8
2025-12-27 10:30:00+00:00,1.8475,1.8489,1.8436,1.8455,3343196.3
2025-12-27 10:45:00+00:00,1.8455,1.8478,1.8448,1.8475,1336784.8
2025-12-27 11:00:00+00:00,1.8475,1.8485,1.8462,1.8476,937943.3
2025-12-27 11:15:00+00:00,1.8475,1.8492,1.8469,1.847,1118597.3
2025-12-27 11:30:00+00:00,1.8469,1.8513,1.8469,1.8497,1486821.5
2025-12-27 11:45:00+00:00,1.8496,1.8516,1.8495,1.8503,1329737.1
2025-12-27 12:00:00+00:00,1.8502,1.8524,1.8499,1.8502,1510176.4
2025-12-27 12:15:00+00:00,1.8503,1.8513,1.8492,1.8511,912841.1
2025-12-27 12:30:00+00:00,1.8512,1.8525,1.8506,1.8515,942803.3
2025-12-27 12:45:00+00:00,1.8514,1.8519,1.8493,1.8501,955094.2
2025-12-27 13:00:00+00:00,1.8501,1.851,1.8475,1.8476,1411122.2
2025-12-27 13:15:00+00:00,1.8476,1.8476,1.8446,1.8455,3051701.5
2025-12-27 13:30:00+00:00,1.8454,1.848,1.8434,1.8477,1739113.3
2025-12-27 13:45:00+00:00,1.8476,1.8477,1.8447,1.8448,648482.9
2025-12-27 14:00:00+00:00,1.8447,1.8448,1.8423,1.8439,2454502.1
2025-12-27 14:15:00+00:00,1.8438,1.845,1.8431,1.8447,643956.8
2025-12-27 14:30:00+00:00,1.8446,1.848,1.8443,1.848,1213388.0
2025-12-27 14:45:00+00:00,1.848,1.8486,1.8466,1.8486,996945.5
2025-12-27 15:00:00+00:00,1.8485,1.8486,1.846,1.8482,1116372.6
2025-12-27 15:15:00+00:00,1.8481,1.8487,1.8468,1.8486,997916.9
2025-12-27 15:30:00+00:00,1.8485,1.8503,1.8478,1.8489,1481658.1
2025-12-27 15:45:00+00:00,1.849,1.8509,1.8484,1.8486,1352851.7
2025-12-27 16:00:00+00:00,1.8487,1.8493,1.8476,1.8478,1325190.1
2025-12-27 16:15:00+00:00,1.8477,1.8487,1.8452,1.8456,1149495.7
2025-12-27 16:30:00+00:00,1.8456,1.8469,1.8445,1.8448,1417537.3
2025-12-27 16:45:00+00:00,1.8447,1.845,1.843,1.8439,1547245.5
2025-12-27 17:00:00+00:00,1.8439,1.8474,1.8425,1.8457,11288655.8
2025-12-27 17:15:00+00:00,1.8457,1.848,1.8421,1.8468,8586466.8
2025-12-27 17:30:00+00:00,1.8468,1.848,1.8438,1.845,6192219.8
2025-12-27 17:45:00+00:00,1.8449,1.8507,1.8443,1.8484,13968247.6
2025-12-27 18:00:00+00:00,1.8485,1.853,1.8479,1.8494,13868844.3
2025-12-27 18:15:00+00:00,1.8493,1.8515,1.8493,1.8507,1065312.1
2025-12-27 18:30:00+00:00,1.8508,1.8514,1.8495,1.8496,1065343.0
2025-12-27 18:45:00+00:00,1.8497,1.8504,1.8488,1.8489,801626.3
2025-12-27 19:00:00+00:00,1.849,1.8509,1.8469,1.8506,959527.2
2025-12-27 19:15:00+00:00,1.8505,1.8513,1.8495,1.8507,733943.7
2025-12-27 19:30:00+00:00,1.8507,1.8533,1.85,1.8532,1187915.1
2025-12-27 19:45:00+00:00,1.8533,1.8567,1.8533,1.8551,3387100.0
2025-12-27 20:00:00+00:00,1.8551,1.8588,1.8543,1.8558,3459509.3
2025-12-27 20:15:00+00:00,1.8558,1.8579,1.8528,1.8529,3288567.3
2025-12-27 20:30:00+00:00,1.8529,1.8554,1.8523,1.855,1137743.0
2025-12-27 20:45:00+00:00,1.855,1.8558,1.8542,1.8546,494860.3
2025-12-27 21:00:00+00:00,1.8547,1.8583,1.8546,1.858,971527.8
2025-12-27 21:15:00+00:00,1.8581,1.8589,1.8573,1.8586,1218338.0
2025-12-27 21:30:00+00:00,1.8585,1.8603,1.8582,1.8582,2199660.6
2025-12-27 21:45:00+00:00,1.8582,1.862,1.8579,1.8614,1535204.2
2025-12-27 22:00:00+00:00,1.8614,1.8699,1.8607,1.8692,6151219.4
2025-12-27 22:15:00+00:00,1.8693,1.8745,1.8638,1.8638,7699214.7
2025-12-27 22:30:00+00:00,1.8638,1.8644,1.8607,1.8631,2353391.0
2025-12-27 22:45:00+00:00,1.8631,1.8652,1.861,1.8613,1171706.9
2025-12-27 23:00:00+00:00,1.8613,1.8652,1.8613,1.8628,1738543.5
2025-12-27 23:15:00+00:00,1.8628,1.8664,1.8628,1.864,1591793.1
2025-12-27 23:30:00+00:00,1.8641,1.8662,1.8635,1.8659,689567.0
2025-12-27 23:45:00+00:00,1.8659,1.8786,1.8658,1.8727,6918047.9
2025-12-28 00:00:00+00:00,1.8726,1.8757,1.8708,1.871,3201589.3
2025-12-28 00:15:00+00:00,1.871,1.8733,1.8683,1.8689,2028041.3
2025-12-28 00:30:00+00:00,1.8689,1.8737,1.8688,1.8727,1728942.3
2025-12-28 00:45:00+00:00,1.8728,1.8744,1.8699,1.8707,1434411.7
2025-12-28 01:00:00+00:00,1.8708,1.8743,1.8707,1.8727,1307576.3
2025-12-28 01:15:00+00:00,1.8728,1.8728,1.8687,1.8692,1654483.2
2025-12-28 01:30:00+00:00,1.8692,1.872,1.868,1.8705,1259929.1
2025-12-28 01:45:00+00:00,1.8706,1.8707,1.8691,1.87,578543.4
2025-12-28 02:00:00+00:00,1.8701,1.8711,1.869,1.8711,736689.7
2025-12-28 02:15:00+00:00,1.8711,1.875,1.871,1.8744,1341613.5
2025-12-28 02:30:00+00:00,1.8744,1.8775,1.8737,1.8744,3178028.0
2025-12-28 02:45:00+00:00,1.8745,1.8747,1.8722,1.8722,595923.0
2025-12-28 03:00:00+00:00,1.8723,1.8738,1.8709,1.8715,1187829.7
2025-12-28 03:15:00+00:00,1.8716,1.8723,1.8706,1.8712,890751.4
2025-12-28 03:30:00+00:00,1.8713,1.8737,1.8713,1.8729,887364.0
2025-12-28 03:45:00+00:00,1.873,1.8743,1.8729,1.8738,883283.9
2025-12-28 04:00:00+00:00,1.8737,1.8768,1.8728,1.8759,2293651.5
2025-12-28 04:15:00+00:00,1.8759,1.8764,1.8736,1.8743,1650799.0
2025-12-28 04:30:00+00:00,1.8744,1.8759,1.8723,1.875,805243.5
2025-12-28 04:45:00+00:00,1.875,1.8751,1.873,1.8741,715515.7
2025-12-28 05:00:00+00:00,1.8741,1.8759,1.8725,1.8755,1252596.3
2025-12-28 05:15:00+00:00,1.8755,1.8757,1.8727,1.873,1237071.4
2025-12-28 05:30:00+00:00,1.873,1.8753,1.8725,1.8736,1258952.0
2025-12-28 05:45:00+00:00,1.8736,1.875,1.8714,1.872,1488280.6
2025-12-28 06:00:00+00:00,1.8721,1.8744,1.8713,1.8744,1181622.0
2025-12-28 06:15:00+00:00,1.8743,1.8762,1.8742,1.8758,1416328.1
2025-12-28 06:30:00+00:00,1.8759,1.8788,1.8753,1.8775,2424660.9
2025-12-28 06:45:00+00:00,1.8775,1.8779,1.8758,1.8768,1242056.2
2025-12-28 07:00:00+00:00,1.8767,1.8789,1.8752,1.8779,1867270.0
2025-12-28 07:15:00+00:00,1.8779,1.8779,1.8756,1.8761,768390.3
2025-12-28 07:30:00+00:00,1.8761,1.877,1.8742,1.8742,1131938.5
2025-12-28 07:45:00+00:00,1.8743,1.875,1.8725,1.8728,1465008.8
2025-12-28 08:00:00+00:00,1.8729,1.875,1.8726,1.8746,1504434.8
2025-12-28 08:15:00+00:00,1.8747,1.8747,1.8714,1.8723,1453632.3
2025-12-28 08:30:00+00:00,1.8723,1.8764,1.8716,1.8717,2367457.2
2025-12-28 08:45:00+00:00,1.8717,1.8722,1.8678,1.868,3229993.7
2025-12-28 09:00:00+00:00,1.868,1.8683,1.8659,1.8663,3121479.0
2025-12-28 09:15:00+00:00,1.8662,1.8683,1.8662,1.8681,975766.2
2025-12-28 09:30:00+00:00,1.8681,1.8682,1.8617,1.864,4174917.1
2025-12-28 09:45:00+00:00,1.8639,1.8645,1.8628,1.8642,1075208.9
2025-12-28 10:00:00+00:00,1.8642,1.8681,1.864,1.8676,2215271.7
2025-12-28 10:15:00+00:00,1.8676,1.8689,1.8671,1.8685,1261882.5
2025-12-28 10:30:00+00:00,1.8685,1.8711,1.868,1.869,1468757.5
2025-12-28 10:45:00+00:00,1.869,1.8705,1.8683,1.8704,1429440.1
2025-12-28 11:00:00+00:00,1.8704,1.8732,1.8703,1.8732,1682162.0
2025-12-28 11:15:00+00:00,1.8732,1.8733,1.8705,1.8707,675767.3
2025-12-28 11:30:00+00:00,1.8707,1.8711,1.8685,1.8695,995182.6
2025-12-28 11:45:00+00:00,1.8695,1.8718,1.8687,1.8712,1204036.9
2025-12-28 12:00:00+00:00,1.8712,1.8718,1.8687,1.8701,1240306.7
2025-12-28 12:15:00+00:00,1.8701,1.8708,1.869,1.8698,582703.3
2025-12-28 12:30:00+00:00,1.8697,1.8705,1.8653,1.8663,2213670.5
2025-12-28 12:45:00+00:00,1.8662,1.8671,1.8647,1.8656,1459152.8
2025-12-28 13:00:00+00:00,1.8656,1.869,1.8643,1.8663,2121002.6
2025-12-28 13:15:00+00:00,1.8663,1.8688,1.8658,1.8674,915757.3
2025-12-28 13:30:00+00:00,1.8674,1.8696,1.8671,1.8679,1002424.8
2025-12-28 13:45:00+00:00,1.8679,1.8681,1.8651,1.8665,1292298.7
2025-12-28 14:00:00+00:00,1.8664,1.8709,1.8661,1.87,1834584.6
2025-12-28 14:15:00+00:00,1.87,1.8727,1.8697,1.8719,1398386.7
2025-12-28 14:30:00+00:00,1.8719,1.8761,1.8703,1.8736,2788914.6
2025-12-28 14:45:00+00:00,1.8736,1.8757,1.87,1.8702,2333978.7
2025-12-28 15:00:00+00:00,1.8702,1.8746,1.8693,1.8732,1554051.8
2025-12-28 15:15:00+00:00,1.8732,1.874,1.8705,1.8716,1105891.4
2025-12-28 15:30:00+00:00,1.8715,1.8741,1.8694,1.8728,2128090.1
2025-12-28 15:45:00+00:00,1.8728,1.8735,1.8681,1.8692,1736314.4
2025-12-28 16:00:00+00:00,1.8691,1.8709,1.8691,1.8704,1384123.1
2025-12-28 16:15:00+00:00,1.8705,1.8722,1.8652,1.8677,2215724.6
2025-12-28 16:30:00+00:00,1.8676,1.869,1.8653,1.8654,1578035.5
2025-12-28 16:45:00+00:00,1.8653,1.8666,1.8652,1.8658,1196365.7
2025-12-28 17:00:00+00:00,1.8657,1.8691,1.8654,1.8688,939762.2
2025-12-28 17:15:00+00:00,1.8687,1.8708,1.8686,1.87,1348866.9
2025-12-28 17:30:00+00:00,1.87,1.8704,1.868,1.8698,725207.5
2025-12-28 17:45:00+00:00,1.8698,1.8706,1.8674,1.8674,949808.4
2025-12-28 18:00:00+00:00,1.8674,1.8678,1.8604,1.8618,6886054.1
2025-12-28 18:15:00+00:00,1.8618,1.8618,1.8517,1.8592,12925328.6
2025-12-28 18:30:00+00:00,1.8592,1.8612,1.8583,1.8595,1538167.0
2025-12-28 18:45:00+00:00,1.8596,1.8596,1.8548,1.8559,2539615.8
2025-12-28 19:00:00+00:00,1.8559,1.8596,1.8528,1.8579,3039670.8
2025-12-28 19:15:00+00:00,1.8579,1.8583,1.8544,1.8548,1933379.5
2025-12-28 19:30:00+00:00,1.8547,1.8562,1.8536,1.8539,1566184.9
2025-12-28 19:45:00+00:00,1.854,1.8571,1.8535,1.8564,1237419.9
2025-12-28 20:00:00+00:00,1.8563,1.8572,1.8531,1.856,2132796.7
2025-12-28 20:15:00+00:00,1.856,1.8613,1.856,1.8604,1642557.4
2025-12-28 20:30:00+00:00,1.8604,1.8605,1.8582,1.86,794932.8
2025-12-28 20:45:00+00:00,1.8601,1.862,1.8569,1.8572,1774274.8
2025-12-28 21:00:00+00:00,1.8572,1.8582,1.8544,1.8577,1760483.9
2025-12-28 21:15:00+00:00,1.8576,1.8598,1.8564,1.8572,1058943.4
2025-12-28 21:30:00+00:00,1.8571,1.8595,1.8565,1.8585,741446.8
2025-12-28 21:45:00+00:00,1.8585,1.8621,1.8582,1.8611,2468721.9
2025-12-28 22:00:00+00:00,1.8611,1.8624,1.8598,1.8619,2043764.7
2025-12-28 22:15:00+00:00,1.8619,1.8632,1.8591,1.8618,1416583.9
2025-12-28 22:30:00+00:00,1.8618,1.8639,1.8599,1.8633,732843.4
2025-12-28 22:45:00+00:00,1.8633,1.8706,1.8632,1.8679,2351322.5
2025-12-28 23:00:00+00:00,1.8679,1.8697,1.8612,1.8621,2413659.6
2025-12-28 23:15:00+00:00,1.862,1.8654,1.8603,1.8603,1631487.7
2025-12-28 23:30:00+00:00,1.8604,1.8637,1.8586,1.8632,1250591.5
2025-12-28 23:45:00+00:00,1.8632,1.8674,1.8628,1.8646,2091475.6
2025-12-29 00:00:00+00:00,1.8646,1.867,1.8623,1.8643,1901715.2
2025-12-29 00:15:00+00:00,1.8644,1.8706,1.8619,1.8698,2790095.8
2025-12-29 00:30:00+00:00,1.8699,1.877,1.8699,1.8732,7947744.2
2025-12-29 00:45:00+00:00,1.8731,1.8768,1.8716,1.8727,2816685.5
2025-12-29 01:00:00+00:00,1.8726,1.8742,1.8675,1.8695,3298236.3
2025-12-29 01:15:00+00:00,1.8695,1.8736,1.8642,1.8723,2456427.9
2025-12-29 01:30:00+00:00,1.8723,1.886,1.8698,1.8807,10676490.0
2025-12-29 01:45:00+00:00,1.8807,1.8852,1.88,1.8813,3273284.3
2025-12-29 02:00:00+00:00,1.8813,1.895,1.8813,1.8933,12096460.4
2025-12-29 02:15:00+00:00,1.8934,1.8968,1.8868,1.891,6501339.6
2025-12-29 02:30:00+00:00,1.891,1.8947,1.8893,1.8894,3003935.1
2025-12-29 02:45:00+00:00,1.8893,1.8924,1.8892,1.8911,1547376.6
2025-12-29 03:00:00+00:00,1.8911,1.8971,1.8904,1.897,3210401.1
2025-12-29 03:15:00+00:00,1.897,1.899,1.8954,1.8986,3091708.9
2025-12-29 03:30:00+00:00,1.8986,1.9164,1.8985,1.9124,13539617.1
2025-12-29 03:45:00+00:00,1.9123,1.9167,1.9098,1.9141,5431345.4
2025-12-29 04:00:00+00:00,1.9141,1.917,1.9092,1.9131,6053878.1
2025-12-29 04:15:00+00:00,1.913,1.9161,1.9091,1.9105,3659860.8
2025-12-29 04:30:00+00:00,1.9105,1.9158,1.9097,1.9117,3280601.9
2025-12-29 04:45:00+00:00,1.9117,1.9142,1.9104,1.9133,2195732.9
2025-12-29 05:00:00+00:00,1.9133,1.914,1.9104,1.9134,3420251.9
2025-12-29 05:15:00+00:00,1.9135,1.9135,1.9062,1.9075,4615313.9
2025-12-29 05:30:00+00:00,1.9074,1.9098,1.9053,1.909,3779568.5
2025-12-29 05:45:00+00:00,1.909,1.909,1.9017,1.9018,3451510.9
2025-12-29 06:00:00+00:00,1.9018,1.9052,1.898,1.9043,4561113.7
2025-12-29 06:15:00+00:00,1.9044,1.9079,1.9022,1.9024,1818030.7
2025-12-29 06:30:00+00:00,1.9024,1.9051,1.902,1.905,1901303.9
2025-12-29 06:45:00+00:00,1.905,1.905,1.9005,1.901,2158987.6
2025-12-29 07:00:00+00:00,1.9009,1.9035,1.8923,1.8973,7724404.3
2025-12-29 07:15:00+00:00,1.8974,1.8981,1.8906,1.892,4497653.3
2025-12-29 07:30:00+00:00,1.8921,1.8997,1.8921,1.8959,2515724.7
2025-12-29 07:45:00+00:00,1.8958,1.9014,1.8957,1.9002,1939413.7
2025-12-29 08:00:00+00:00,1.9002,1.9031,1.8971,1.9025,3096659.7
2025-12-29 08:15:00+00:00,1.9025,1.9043,1.9012,1.9036,3402732.4
2025-12-29 08:30:00+00:00,1.9037,1.904,1.8987,1.9008,2753017.5
2025-12-29 08:45:00+00:00,1.9007,1.9016,1.8957,1.898,3121571.5
2025-12-29 09:00:00+00:00,1.898,1.8988,1.8951,1.8965,2516444.1
2025-12-29 09:15:00+00:00,1.8965,1.8982,1.8932,1.894,1789400.6
2025-12-29 09:30:00+00:00,1.8941,1.8945,1.8703,1.873,23424424.3
2025-12-29 09:45:00+00:00,1.873,1.8754,1.865,1.8753,15603271.4
2025-12-29 10:00:00+00:00,1.8752,1.8825,1.8728,1.879,7364492.6
2025-12-29 10:15:00+00:00,1.879,1.8793,1.8761,1.8773,2908816.2
2025-12-29 10:30:00+00:00,1.8773,1.8779,1.8746,1.8774,1915596.3
2025-12-29 10:45:00+00:00,1.8774,1.8795,1.8722,1.8751,2987457.3
2025-12-29 11:00:00+00:00,1.875,1.8761,1.8721,1.8757,2458222.7
2025-12-29 11:15:00+00:00,1.8757,1.8763,1.8738,1.8745,1692603.5
2025-12-29 11:30:00+00:00,1.8744,1.8744,1.8721,1.8725,1831547.6
2025-12-29 11:45:00+00:00,1.8726,1.8741,1.8705,1.8708,3898065.9
2025-12-29 12:00:00+00:00,1.8708,1.8728,1.8541,1.8597,20982889.5
2025-12-29 12:15:00+00:00,1.8597,1.8669,1.8544,1.8643,10961232.5
2025-12-29 12:30:00+00:00,1.8643,1.8675,1.8626,1.8654,3718633.5
2025-12-29 12:45:00+00:00,1.8654,1.8676,1.8647,1.8661,1553934.4
2025-12-29 13:00:00+00:00,1.8662,1.8692,1.8644,1.8651,2937181.1
2025-12-29 13:15:00+00:00,1.865,1.8672,1.8614,1.862,3000164.4
2025-12-29 13:30:00+00:00,1.8619,1.863,1.8591,1.8599,2660422.3
2025-12-29 13:45:00+00:00,1.8598,1.8625,1.8566,1.8624,3368161.5
2025-12-29 14:00:00+00:00,1.8623,1.8649,1.8599,1.8636,3854921.0
2025-12-29 14:15:00+00:00,1.8636,1.8667,1.8587,1.8663,3170402.4
2025-12-29 14:30:00+00:00,1.8663,1.8779,1.8634,1.8736,12121787.7
2025-12-29 14:45:00+00:00,1.8736,1.8749,1.8633,1.8658,6672544.6
2025-12-29 15:00:00+00:00,1.8658,1.8712,1.8624,1.871,6152951.1
2025-12-29 15:15:00+00:00,1.8709,1.8734,1.8667,1.8708,3230117.0
2025-12-29 15:30:00+00:00,1.8707,1.8723,1.8652,1.8696,2848130.3
2025-12-29 15:45:00+00:00,1.8696,1.8696,1.8632,1.8641,2733085.0
2025-12-29 16:00:00+00:00,1.8641,1.868,1.8625,1.8658,3144935.2
2025-12-29 16:15:00+00:00,1.8659,1.8659,1.8568,1.8599,4910100.5
2025-12-29 16:30:00+00:00,1.8599,1.8627,1.8592,1.8612,1768889.1
2025-12-29 16:45:00+00:00,1.8613,1.8652,1.8601,1.8611,1784286.1
2025-12-29 17:00:00+00:00,1.8611,1.8636,1.8605,1.8614,1673140.2
2025-12-29 17:15:00+00:00,1.8614,1.8645,1.8581,1.8596,3230298.8
2025-12-29 17:30:00+00:00,1.8597,1.8609,1.8575,1.8599,2411443.0
2025-12-29 17:45:00+00:00,1.8599,1.8652,1.8599,1.8645,2753749.0
2025-12-29 18:00:00+00:00,1.8646,1.8665,1.8593,1.8608,3305582.8
2025-12-29 18:15:00+00:00,1.8609,1.8644,1.8602,1.8607,1666123.7
2025-12-29 18:30:00+00:00,1.8608,1.8626,1.8578,1.8586,1656222.9
2025-12-29 18:45:00+00:00,1.8586,1.8591,1.8532,1.8539,5538309.2
2025-12-29 19:00:00+00:00,1.854,1.8581,1.8478,1.8559,8739356.1
2025-12-29 19:15:00+00:00,1.8559,1.8586,1.8538,1.8546,1966091.8
2025-12-29 19:30:00+00:00,1.8547,1.8579,1.852,1.8527,1829034.7
2025-12-29 19:45:00+00:00,1.8528,1.8539,1.8505,1.8522,2160265.2
2025-12-29 20:00:00+00:00,1.8522,1.8556,1.8491,1.8542,3202951.9
2025-12-29 20:15:00+00:00,1.8542,1.8562,1.8479,1.848,2925497.5
2025-12-29 20:30:00+00:00,1.848,1.8504,1.844,1.8478,4772706.3
2025-12-29 20:45:00+00:00,1.8479,1.8499,1.846,1.8483,3778689.8
2025-12-29 21:00:00+00:00,1.8483,1.851,1.8472,1.8505,2637014.0
2025-12-29 21:15:00+00:00,1.8505,1.8505,1.847,1.8483,1196195.1
2025-12-29 21:30:00+00:00,1.8483,1.8529,1.8471,1.8524,1266786.1
2025-12-29 21:45:00+00:00,1.8525,1.853,1.8513,1.8526,1290993.0
2025-12-29 22:00:00+00:00,1.8526,1.8527,1.844,1.8468,3345306.1
2025-12-29 22:15:00+00:00,1.8469,1.8518,1.8469,1.8496,1913728.1
2025-12-29 22:30:00+00:00,1.8497,1.8548,1.8491,1.8543,1561141.7
2025-12-29 22:45:00+00:00,1.8543,1.8544,1.8508,1.8509,982402.6
2025-12-29 23:00:00+00:00,1.851,1.8524,1.8494,1.8507,2129250.6
2025-12-29 23:15:00+00:00,1.8508,1.8515,1.8474,1.8478,2011681.9
2025-12-29 23:30:00+00:00,1.8479,1.8492,1.8462,1.8474,2257227.7
2025-12-29 23:45:00+00:00,1.8473,1.8502,1.8467,1.8494,1824297.9
2025-12-30 00:00:00+00:00,1.8494,1.8525,1.849,1.8518,2630824.0
2025-12-30 00:15:00+00:00,1.8517,1.8535,1.8502,1.8502,1242460.3
2025-12-30 00:30:00+00:00,1.8503,1.8505,1.8453,1.8485,2838685.9
2025-12-30 00:45:00+00:00,1.8485,1.8503,1.8479,1.8503,1223701.2
2025-12-30 01:00:00+00:00,1.8503,1.8505,1.847,1.8489,1144603.9
2025-12-30 01:15:00+00:00,1.8488,1.8505,1.8476,1.8479,999766.4
2025-12-30 01:30:00+00:00,1.8478,1.8483,1.8434,1.8457,2765490.8
2025-12-30 01:45:00+00:00,1.8457,1.8484,1.8456,1.8465,1289732.0
2025-12-30 02:00:00+00:00,1.8466,1.8471,1.8424,1.8457,2498056.6
2025-12-30 02:15:00+00:00,1.8457,1.8494,1.8453,1.8458,1298857.6
2025-12-30 02:30:00+00:00,1.8458,1.8485,1.8431,1.8479,2812900.7
2025-12-30 02:45:00+00:00,1.8478,1.8509,1.8472,1.8509,2549938.6
2025-12-30 03:00:00+00:00,1.8508,1.8516,1.8487,1.8503,2109481.5
2025-12-30 03:15:00+00:00,1.8503,1.857,1.8476,1.8567,5278173.4
2025-12-30 03:30:00+00:00,1.8567,1.8579,1.8556,1.857,2439195.6
2025-12-30 03:45:00+00:00,1.857,1.862,1.8569,1.8598,3568176.5
2025-12-30 04:00:00+00:00,1.8598,1.863,1.8561,1.8575,4102944.6
2025-12-30 04:15:00+00:00,1.8574,1.862,1.8574,1.8613,1314013.2
2025-12-30 04:30:00+00:00,1.8613,1.862,1.8596,1.8619,1109339.0
2025-12-30 04:45:00+00:00,1.8619,1.8619,1.8592,1.8595,871179.0
2025-12-30 05:00:00+00:00,1.8596,1.8614,1.8586,1.8612,1416117.1
2025-12-30 05:15:00+00:00,1.8613,1.8613,1.8563,1.8573,1271642.4
2025-12-30 05:30:00+00:00,1.8573,1.8574,1.8538,1.8556,2186013.0
2025-12-30 05:45:00+00:00,1.8557,1.8583,1.8548,1.8576,1304381.7
2025-12-30 06:00:00+00:00,1.8576,1.8632,1.857,1.8627,2551795.5
2025-12-30 06:15:00+00:00,1.8627,1.864,1.8608,1.8624,1348125.1
2025-12-30 06:30:00+00:00,1.8624,1.8654,1.8616,1.8648,1972358.8
2025-12-30 06:45:00+00:00,1.8648,1.8665,1.8603,1.8608,2261483.6
2025-12-30 07:00:00+00:00,1.8608,1.8628,1.8587,1.8624,1771238.4
2025-12-30 07:15:00+00:00,1.8624,1.8642,1.857,1.8571,2174650.3
2025-12-30 07:30:00+00:00,1.857,1.8618,1.855,1.8595,4111616.3
2025-12-30 07:45:00+00:00,1.8595,1.8606,1.8582,1.8591,971510.7
2025-12-30 08:00:00+00:00,1.8592,1.8711,1.8586,1.8656,7633275.8
2025-12-30 08:15:00+00:00,1.8656,1.87,1.8606,1.8635,5636712.8
2025-12-30 08:30:00+00:00,1.8634,1.868,1.8625,1.866,2839344.6
2025-12-30 08:45:00+00:00,1.8659,1.8665,1.8642,1.8659,1439508.1
2025-12-30 09:00:00+00:00,1.8659,1.868,1.8651,1.8665,1613693.0
2025-12-30 09:15:00+00:00,1.8664,1.8665,1.8632,1.8643,1740642.6
2025-12-30 09:30:00+00:00,1.8643,1.8675,1.8638,1.8671,1061699.8
2025-12-30 09:45:00+00:00,1.867,1.8705,1.8662,1.8678,2047328.9
2025-12-30 10:00:00+00:00,1.8678,1.8689,1.8653,1.8656,1896069.7
2025-12-30 10:15:00+00:00,1.8657,1.8685,1.8656,1.8668,1192824.9
2025-12-30 10:30:00+00:00,1.8668,1.8668,1.8642,1.8662,1534022.8
2025-12-30 10:45:00+00:00,1.8663,1.8665,1.8603,1.8606,2917722.7
2025-12-30 11:00:00+00:00,1.8607,1.8629,1.8595,1.8615,1978503.6
2025-12-30 11:15:00+00:00,1.8615,1.8623,1.8608,1.8611,671968.4
2025-12-30 11:30:00+00:00,1.8611,1.8624,1.8593,1.8605,1356693.0
2025-12-30 11:45:00+00:00,1.8606,1.8631,1.8591,1.8612,2081485.6
2025-12-30 12:00:00+00:00,1.8612,1.8656,1.8604,1.8649,3527120.4
2025-12-30 12:15:00+00:00,1.8649,1.8669,1.8645,1.866,1807905.1
2025-12-30 12:30:00+00:00,1.8661,1.8661,1.8642,1.8643,1192137.7
2025-12-30 12:45:00+00:00,1.8643,1.8649,1.8623,1.8628,1541560.9
2025-12-30 13:00:00+00:00,1.8629,1.8629,1.8592,1.8605,3080366.9
2025-12-30 13:15:00+00:00,1.8605,1.8638,1.8602,1.8625,1879985.2
2025-12-30 13:30:00+00:00,1.8626,1.8639,1.8601,1.8633,1401887.2
2025-12-30 13:45:00+00:00,1.8633,1.8642,1.8625,1.8628,1239212.3
2025-12-30 14:00:00+00:00,1.8628,1.8628,1.8528,1.8602,6732077.5
2025-12-30 14:15:00+00:00,1.8603,1.8654,1.8592,1.8616,2965217.2
2025-12-30 14:30:00+00:00,1.8615,1.8678,1.8581,1.8641,4972885.6
2025-12-30 14:45:00+00:00,1.8641,1.8749,1.8621,1.8724,9762161.9
2025-12-30 15:00:00+00:00,1.8724,1.8762,1.8634,1.8663,7933138.0
2025-12-30 15:15:00+00:00,1.8663,1.87,1.8645,1.8696,2823277.3
2025-12-30 15:30:00+00:00,1.8696,1.8739,1.8688,1.8736,3140393.2
2025-12-30 15:45:00+00:00,1.8736,1.8786,1.871,1.8768,5479048.6
2025-12-30 16:00:00+00:00,1.8768,1.879,1.8727,1.8729,4787033.3
2025-12-30 16:15:00+00:00,1.8729,1.8811,1.8724,1.8785,4801931.1
2025-12-30 16:30:00+00:00,1.8785,1.8789,1.8709,1.8713,3111569.2
2025-12-30 16:45:00+00:00,1.8713,1.8791,1.8688,1.8773,4585540.5
2025-12-30 17:00:00+00:00,1.8773,1.8822,1.8768,1.8814,5076215.8
2025-12-30 17:15:00+00:00,1.8813,1.8824,1.8771,1.8819,6252812.1
2025-12-30 17:30:00+00:00,1.882,1.8857,1.876,1.8765,17115814.0
2025-12-30 17:45:00+00:00,1.8764,1.8771,1.8711,1.8737,6259986.4
2025-12-30 18:00:00+00:00,1.8737,1.8766,1.8728,1.8758,2334194.3
2025-12-30 18:15:00+00:00,1.8757,1.8796,1.875,1.8781,2341392.9
2025-12-30 18:30:00+00:00,1.8782,1.8828,1.877,1.8786,3585378.1
2025-12-30 18:45:00+00:00,1.8786,1.8796,1.8741,1.8778,3465837.3
2025-12-30 19:00:00+00:00,1.8778,1.8786,1.87,1.8732,6069754.3
2025-12-30 19:15:00+00:00,1.8732,1.8778,1.8729,1.8775,2865621.7
2025-12-30 19:30:00+00:00,1.8775,1.8795,1.8755,1.8761,2698184.1
2025-12-30 19:45:00+00:00,1.8761,1.8762,1.8725,1.8754,1485629.8
2025-12-30 20:00:00+00:00,1.8754,1.8758,1.8729,1.8748,1454872.2
2025-12-30 20:15:00+00:00,1.8748,1.8758,1.8704,1.8705,2236496.7
2025-12-30 20:30:00+00:00,1.8705,1.8715,1.8672,1.869,4594499.3
2025-12-30 20:45:00+00:00,1.8691,1.8705,1.8652,1.8681,4110288.5
2025-12-30 21:00:00+00:00,1.8682,1.8723,1.8669,1.87,2039625.7
2025-12-30 21:15:00+00:00,1.87,1.8721,1.8689,1.87,1326009.9
2025-12-30 21:30:00+00:00,1.87,1.8712,1.8683,1.8708,1307298.8
2025-12-30 21:45:00+00:00,1.8708,1.8724,1.8697,1.8722,1079578.0
2025-12-30 22:00:00+00:00,1.8722,1.8778,1.8722,1.8766,1933523.6
2025-12-30 22:15:00+00:00,1.8765,1.8766,1.8725,1.8766,1613185.8
2025-12-30 22:30:00+00:00,1.8766,1.8768,1.871,1.8718,1446720.4
2025-12-30 22:45:00+00:00,1.8718,1.8726,1.8704,1.8709,741941.8
2025-12-30 23:00:00+00:00,1.8708,1.8734,1.87,1.8718,1643899.9
2025-12-30 23:15:00+00:00,1.8719,1.8767,1.8719,1.8765,1680674.3
2025-12-30 23:30:00+00:00,1.8765,1.8774,1.8754,1.8765,1233280.3
2025-12-30 23:45:00+00:00,1.8766,1.8773,1.8752,1.8765,966724.1
2025-12-31 00:00:00+00:00,1.8765,1.8765,1.8725,1.8728,2585697.4
