timestamp,open,high,low,close,volume
2026-02-01 00:00:00+00:00,1.6459,1.6531,1.6423,1.6518,3640651.8
2026-02-01 00:05:00+00:00,1.6519,1.6536,1.6494,1.653,3116532.1
2026-02-01 00:10:00+00:00,1.653,1.6608,1.6521,1.6606,5368756.1
2026-02-01 00:15:00+00:00,1.6606,1.6674,1.6585,1.6669,4904787.3
2026-02-01 00:20:00+00:00,1.6668,1.6676,1.662,1.6665,3436383.1
2026-02-01 00:25:00+00:00,1.6665,1.6748,1.664,1.6651,5157587.9
2026-02-01 00:30:00+00:00,1.6651,1.6702,1.6594,1.6627,3400825.0
2026-02-01 00:35:00+00:00,1.6627,1.6657,1.6543,1.6554,3701466.2
2026-02-01 00:40:00+00:00,1.6555,1.6591,1.654,1.6559,2318504.4
2026-02-01 00:45:00+00:00,1.656,1.6575,1.6531,1.6565,2158191.2
2026-02-01 00:50:00+00:00,1.6566,1.6648,1.656,1.664,2010845.6
2026-02-01 00:55:00+00:00,1.6639,1.6659,1.6616,1.6627,1290971.5
2026-02-01 01:00:00+00:00,1.6628,1.6653,1.6554,1.6573,2207143.4
2026-02-01 01:05:00+00:00,1.6574,1.6577,1.6476,1.651,4915109.3
2026-02-01 01:10:00+00:00,1.651,1.6537,1.6463,1.6516,3033447.9
2026-02-01 01:15:00+00:00,1.6516,1.6517,1.6439,1.6495,4509839.8
2026-02-01 01:20:00+00:00,1.6496,1.651,1.6475,1.6509,2540720.1
2026-02-01 01:25:00+00:00,1.6508,1.6609,1.6496,1.6599,2066038.1
2026-02-01 01:30:00+00:00,1.6599,1.664,1.6532,1.6573,3972197.1
2026-02-01 01:35:00+00:00,1.6573,1.6585,1.6474,1.6475,3233546.8
2026-02-01 01:40:00+00:00,1.6475,1.6498,1.6436,1.6492,3241814.9
2026-02-01 01:45:00+00:00,1.6491,1.6547,1.6481,1.6547,1820137.5
2026-02-01 01:50:00+00:00,1.6547,1.6582,1.654,1.6568,1756491.1
2026-02-01 01:55:00+00:00,1.6568,1.661,1.6561,1.6595,1392629.5
2026-02-01 02:00:00+00:00,1.6596,1.6635,1.6565,1.6574,1822604.6
2026-02-01 02:05:00+00:00,1.6573,1.6648,1.6573,1.6632,1562120.0
2026-02-01 02:10:00+00:00,1.6632,1.6711,1.6627,1.6696,2195823.7
2026-02-01 02:15:00+00:00,1.6696,1.6797,1.6693,1.6744,8225601.8
2026-02-01 02:20:00+00:00,1.6743,1.6752,1.6615,1.6618,2398503.6
2026-02-01 02:25:00+00:00,1.6619,1.6656,1.661,1.6642,1391532.8
2026-02-01 02:30:00+00:00,1.6641,1.6714,1.6634,1.6704,1602187.4
2026-02-01 02:35:00+00:00,1.6704,1.6733,1.6685,1.6693,1545024.6
2026-02-01 02:40:00+00:00,1.6694,1.6721,1.6686,1.6706,1221684.7
2026-02-01 02:45:00+00:00,1.6707,1.6747,1.6688,1.6699,1381345.4
2026-02-01 02:50:00+00:00,1.6698,1.6747,1.6671,1.6729,1294022.8
2026-02-01 02:55:00+00:00,1.673,1.6739,1.6686,1.6694,1083176.6
2026-02-01 03:00:00+00:00,1.6695,1.6727,1.6662,1.6664,1543769.0
2026-02-01 03:05:00+00:00,1.6663,1.6692,1.6636,1.6682,2138835.0
2026-02-01 03:10:00+00:00,1.6683,1.6684,1.6635,1.6649,671367.8
2026-02-01 03:15:00+00:00,1.6648,1.6666,1.6605,1.6609,1213038.1
2026-02-01 03:20:00+00:00,1.6609,1.6634,1.6588,1.661,1748978.7
2026-02-01 03:25:00+00:00,1.661,1.664,1.6607,1.6618,681091.8
2026-02-01 03:30:00+00:00,1.6617,1.6644,1.6608,1.6623,944763.0
2026-02-01 03:35:00+00:00,1.6623,1.6634,1.66,1.6625,759248.9
2026-02-01 03:40:00+00:00,1.6624,1.6646,1.6579,1.6598,1198035.1
2026-02-01 03:45:00+00:00,1.6597,1.6665,1.6597,1.6665,1270032.0
2026-02-01 03:50:00+00:00,1.6666,1.6682,1.6644,1.6649,1296644.3
2026-02-01 03:55:00+00:00,1.665,1.6668,1.6632,1.6656,750463.7
2026-02-01 04:00:00+00:00,1.6657,1.6673,1.6646,1.6655,1021195.4
2026-02-01 04:05:00+00:00,1.6655,1.666,1.6637,1.6653,791991.2
2026-02-01 04:10:00+00:00,1.6654,1.673,1.6654,1.6714,1571813.2
2026-02-01 04:15:00+00:00,1.6714,1.673,1.6692,1.6712,1166919.9
2026-02-01 04:20:00+00:00,1.6711,1.6724,1.6668,1.667,820410.9
2026-02-01 04:25:00+00:00,1.6669,1.6669,1.6612,1.6636,1696921.1
2026-02-01 04:30:00+00:00,1.6635,1.665,1.6602,1.6617,1433301.8
2026-02-01 04:35:00+00:00,1.6617,1.6673,1.6607,1.6659,650326.2
2026-02-01 04:40:00+00:00,1.6659,1.666,1.6639,1.6642,670389.9
2026-02-01 04:45:00+00:00,1.6643,1.6681,1.6634,1.6675,1020915.7
2026-02-01 04:50:00+00:00,1.6675,1.668,1.6654,1.667,928483.0
2026-02-01 04:55:00+00:00,1.667,1.668,1.6644,1.6649,444729.9
2026-02-01 05:00:00+00:00,1.6649,1.6668,1.6597,1.6618,2295151.9
2026-02-01 05:05:00+00:00,1.6617,1.6652,1.6546,1.6569,4644662.4
2026-02-01 05:10:00+00:00,1.6569,1.663,1.6568,1.6623,2622243.6
2026-02-01 05:15:00+00:00,1.6622,1.6652,1.6613,1.6652,1654409.1
2026-02-01 05:20:00+00:00,1.6651,1.6686,1.6603,1.6676,1557988.6
2026-02-01 05:25:00+00:00,1.6676,1.6694,1.6654,1.6681,1203082.2
2026-02-01 05:30:00+00:00,1.668,1.6686,1.6634,1.6646,921251.5
2026-02-01 05:35:00+00:00,1.6647,1.6648,1.6589,1.6609,1694330.6
2026-02-01 05:40:00+00:00,1.6608,1.6624,1.6569,1.6579,1703814.5
2026-02-01 05:45:00+00:00,1.658,1.662,1.658,1.661,1151983.8
2026-02-01 05:50:00+00:00,1.6611,1.6632,1.659,1.6593,1265834.6
2026-02-01 05:55:00+00:00,1.6593,1.6611,1.6573,1.658,1464691.5
2026-02-01 06:00:00+00:00,1.6579,1.6596,1.6574,1.6587,1738912.9
2026-02-01 06:05:00+00:00,1.6587,1.6725,1.6586,1.671,7018841.7
2026-02-01 06:10:00+00:00,1.671,1.6717,1.6684,1.6701,2044847.8
2026-02-01 06:15:00+00:00,1.6701,1.6712,1.6691,1.671,872903.0
2026-02-01 06:20:00+00:00,1.6709,1.6718,1.6666,1.6671,974564.1
2026-02-01 06:25:00+00:00,1.6671,1.6678,1.663,1.6637,928210.8
2026-02-01 06:30:00+00:00,1.6637,1.6656,1.6616,1.6617,1096065.5
2026-02-01 06:35:00+00:00,1.6617,1.6622,1.6525,1.6575,3374310.4
2026-02-01 06:40:00+00:00,1.6575,1.6615,1.6575,1.6597,1150451.9
2026-02-01 06:45:00+00:00,1.6597,1.6597,1.6547,1.6586,2033798.1
2026-02-01 06:50:00+00:00,1.6587,1.6603,1.6558,1.6565,1041172.2
2026-02-01 06:55:00+00:00,1.6565,1.6571,1.6541,1.6561,1149797.2
2026-02-01 07:00:00+00:00,1.656,1.6587,1.6552,1.6565,1358663.2
2026-02-01 07:05:00+00:00,1.6565,1.6568,1.6485,1.654,3950583.7
2026-02-01 07:10:00+00:00,1.6541,1.6563,1.6472,1.6507,3008167.5
2026-02-01 07:15:00+00:00,1.6506,1.6537,1.6471,1.6474,2204060.7
2026-02-01 07:20:00+00:00,1.6475,1.6501,1.6463,1.6475,2119747.5
2026-02-01 07:25:00+00:00,1.6474,1.6499,1.6467,1.6483,1722698.0
2026-02-01 07:30:00+00:00,1.6483,1.6513,1.6472,1.6488,1543983.6
2026-02-01 07:35:00+00:00,1.6488,1.6567,1.6487,1.6559,2099015.5
2026-02-01 07:40:00+00:00,1.656,1.6708,1.6559,1.6686,5347653.0
2026-02-01 07:45:00+00:00,1.6685,1.6689,1.6638,1.6647,2299983.4
2026-02-01 07:50:00+00:00,1.6647,1.6668,1.6632,1.6633,808630.8
2026-02-01 07:55:00+00:00,1.6634,1.6644,1.6582,1.6584,1627853.1
2026-02-01 08:00:00+00:00,1.6585,1.6619,1.6574,1.6603,1776556.0
2026-02-01 08:05:00+00:00,1.6603,1.666,1.6591,1.6652,1890671.9
2026-02-01 08:10:00+00:00,1.6652,1.6697,1.6631,1.6632,2372291.9
2026-02-01 08:15:00+00:00,1.6632,1.6653,1.6592,1.6642,1196279.4
2026-02-01 08:20:00+00:00,1.6643,1.6651,1.6595,1.6625,1447847.2
2026-02-01 08:25:00+00:00,1.6626,1.6655,1.6584,1.6647,2157161.8
2026-02-01 08:30:00+00:00,1.6646,1.6656,1.6628,1.6649,864839.4
2026-02-01 08:35:00+00:00,1.665,1.6759,1.665,1.6747,2234210.4
2026-02-01 08:40:00+00:00,1.6748,1.677,1.6708,1.6715,1662830.1
2026-02-01 08:45:00+00:00,1.6715,1.6715,1.6638,1.6641,2505544.4
2026-02-01 08:50:00+00:00,1.6641,1.666,1.6619,1.6627,1649005.8
2026-02-01 08:55:00+00:00,1.6627,1.6639,1.662,1.6625,750401.5
2026-02-01 09:00:00+00:00,1.6624,1.6647,1.6597,1.6637,1649098.8
2026-02-01 09:05:00+00:00,1.6638,1.667,1.6626,1.6646,1125837.2
2026-02-01 09:10:00+00:00,1.6646,1.6648,1.661,1.6616,905634.1
2026-02-01 09:15:00+00:00,1.6616,1.6623,1.6573,1.659,1711286.4
2026-02-01 09:20:00+00:00,1.6589,1.6604,1.6541,1.6557,1973244.9
2026-02-01 09:25:00+00:00,1.6558,1.6559,1.6522,1.6534,1299010.8
2026-02-01 09:30:00+00:00,1.6534,1.6582,1.6533,1.6563,1531339.7
2026-02-01 09:35:00+00:00,1.6563,1.6628,1.656,1.6603,1179232.4
2026-02-01 09:40:00+00:00,1.6603,1.6643,1.6602,1.6629,888700.1
2026-02-01 09:45:00+00:00,1.663,1.6648,1.6601,1.6611,1146715.0
2026-02-01 09:50:00+00:00,1.6611,1.6622,1.6603,1.6622,564686.8
2026-02-01 09:55:00+00:00,1.6622,1.6687,1.6608,1.6662,2307983.1
2026-02-01 10:00:00+00:00,1.6663,1.668,1.6619,1.6625,1276408.3
2026-02-01 10:05:00+00:00,1.6625,1.6651,1.6613,1.6624,1008597.1
2026-02-01 10:10:00+00:00,1.6624,1.6668,1.6614,1.6649,956689.0
2026-02-01 10:15:00+00:00,1.6648,1.6648,1.658,1.6584,2068371.9
2026-02-01 10:20:00+00:00,1.6584,1.6621,1.6584,1.6617,905025.1
2026-02-01 10:25:00+00:00,1.6617,1.6624,1.66,1.6612,492121.7
2026-02-01 10:30:00+00:00,1.6611,1.6623,1.6512,1.6535,3863688.1
2026-02-01 10:35:00+00:00,1.6535,1.6541,1.6433,1.6451,7753560.9
2026-02-01 10:40:00+00:00,1.6451,1.6451,1.6403,1.6408,4171013.5
2026-02-01 10:45:00+00:00,1.6408,1.6413,1.637,1.64,7167311.4
2026-02-01 10:50:00+00:00,1.64,1.6408,1.6355,1.6364,2938992.3
2026-02-01 10:55:00+00:00,1.6364,1.6376,1.6314,1.6322,7638454.1
2026-02-01 11:00:00+00:00,1.6322,1.6363,1.6322,1.6346,3390522.2
2026-02-01 11:05:00+00:00,1.6345,1.6358,1.6317,1.6352,1639542.5
2026-02-01 11:10:00+00:00,1.6352,1.638,1.6338,1.6378,1524207.5
2026-02-01 11:15:00+00:00,1.6378,1.6378,1.6316,1.6339,1639734.5
2026-02-01 11:20:00+00:00,1.6339,1.6348,1.6318,1.632,893749.3
2026-02-01 11:25:00+00:00,1.6321,1.6366,1.6316,1.6352,1203989.3
2026-02-01 11:30:00+00:00,1.6351,1.6402,1.6351,1.64,1417658.4
2026-02-01 11:35:00+00:00,1.64,1.6537,1.64,1.6514,8645756.6
2026-02-01 11:40:00+00:00,1.6514,1.6535,1.6496,1.6511,2222131.6
2026-02-01 11:45:00+00:00,1.651,1.6527,1.6456,1.6468,2113686.6
2026-02-01 11:50:00+00:00,1.6469,1.6481,1.646,1.6471,769261.2
2026-02-01 11:55:00+00:00,1.6471,1.6492,1.6471,1.6491,889692.8
2026-02-01 12:00:00+00:00,1.6491,1.6496,1.645,1.6463,1305358.9
2026-02-01 12:05:00+00:00,1.6463,1.6496,1.6434,1.6436,1580403.1
2026-02-01 12:10:00+00:00,1.6436,1.6456,1.6425,1.6448,1026472.4
2026-02-01 12:15:00+00:00,1.6448,1.6448,1.6383,1.642,4427228.5
2026-02-01 12:20:00+00:00,1.642,1.642,1.6316,1.6345,4487074.2
2026-02-01 12:25:00+00:00,1.6345,1.6372,1.634,1.6372,1359337.8
2026-02-01 12:30:00+00:00,1.6371,1.6396,1.637,1.6395,1179206.9
2026-02-01 12:35:00+00:00,1.6395,1.6475,1.6394,1.6402,3158713.9
2026-02-01 12:40:00+00:00,1.6402,1.6421,1.6369,1.6385,1904319.9
2026-02-01 12:45:00+00:00,1.6385,1.6419,1.6385,1.6414,1094396.8
2026-02-01 12:50:00+00:00,1.6413,1.6416,1.6381,1.6383,682640.3
2026-02-01 12:55:00+00:00,1.6382,1.6403,1.6381,1.6395,873439.2
2026-02-01 13:00:00+00:00,1.6396,1.6518,1.6394,1.6472,6259747.0
2026-02-01 13:05:00+00:00,1.6472,1.6482,1.6444,1.6447,1074797.9
2026-02-01 13:10:00+00:00,1.6447,1.6511,1.6444,1.6483,1995056.5
2026-02-01 13:15:00+00:00,1.6484,1.6485,1.6449,1.6482,1295788.4
2026-02-01 13:20:00+00:00,1.6482,1.6495,1.6421,1.6423,1191359.5
2026-02-01 13:25:00+00:00,1.6423,1.6433,1.6402,1.6428,1242176.0
2026-02-01 13:30:00+00:00,1.6429,1.6432,1.6409,1.6411,943425.5
2026-02-01 13:35:00+00:00,1.6411,1.6419,1.6379,1.6379,1410640.5
2026-02-01 13:40:00+00:00,1.6379,1.6396,1.6364,1.6388,1475253.5
2026-02-01 13:45:00+00:00,1.6389,1.6416,1.6354,1.6359,993992.7
2026-02-01 13:50:00+00:00,1.6358,1.6361,1.6306,1.6318,3861020.6
2026-02-01 13:55:00+00:00,1.6318,1.6329,1.6253,1.6288,4932756.3
2026-02-01 14:00:00+00:00,1.6287,1.6291,1.6243,1.6269,3200658.6
2026-02-01 14:05:00+00:00,1.6268,1.633,1.6261,1.6283,2629058.3
2026-02-01 14:10:00+00:00,1.6284,1.6284,1.6205,1.6217,6828760.8
2026-02-01 14:15:00+00:00,1.6217,1.6231,1.6152,1.6177,5606079.8
2026-02-01 14:20:00+00:00,1.6176,1.6209,1.616,1.6186,3315788.1
2026-02-01 14:25:00+00:00,1.6186,1.6201,1.6106,1.6118,6813605.3
2026-02-01 14:30:00+00:00,1.6118,1.6174,1.6033,1.604,8540499.1
2026-02-01 14:35:00+00:00,1.604,1.606,1.5977,1.5987,12641089.8
2026-02-01 14:40:00+00:00,1.5987,1.6142,1.5977,1.6072,7841545.2
2026-02-01 14:45:00+00:00,1.6071,1.6146,1.6047,1.6141,4893774.8
2026-02-01 14:50:00+00:00,1.6141,1.6288,1.6137,1.6193,11442679.5
2026-02-01 14:55:00+00:00,1.6193,1.6223,1.6154,1.6158,3620546.5
2026-02-01 15:00:00+00:00,1.6158,1.6177,1.6076,1.608,4546725.1
2026-02-01 15:05:00+00:00,1.608,1.6108,1.6062,1.6073,3032432.9
2026-02-01 15:10:00+00:00,1.6074,1.608,1.5971,1.5975,4173753.0
2026-02-01 15:15:00+00:00,1.5974,1.6006,1.5866,1.5916,11049695.0
2026-02-01 15:20:00+00:00,1.5916,1.5933,1.5853,1.5899,7500544.7
2026-02-01 15:25:00+00:00,1.5899,1.5925,1.5803,1.5817,7557634.9
2026-02-01 15:30:00+00:00,1.5816,1.5887,1.5782,1.5823,9524301.6
2026-02-01 15:35:00+00:00,1.5823,1.5924,1.5754,1.589,8749225.5
2026-02-01 15:40:00+00:00,1.5889,1.5907,1.5827,1.5842,4228613.7
2026-02-01 15:45:00+00:00,1.5842,1.5953,1.5819,1.5903,8357561.0
2026-02-01 15:50:00+00:00,1.5903,1.5956,1.5893,1.591,5112180.1
2026-02-01 15:55:00+00:00,1.591,1.6028,1.59,1.5942,6977123.1
2026-02-01 16:00:00+00:00,1.5943,1.5955,1.5884,1.5901,5910662.3
2026-02-01 16:05:00+00:00,1.5902,1.6046,1.5888,1.5938,5192382.9
2026-02-01 16:10:00+00:00,1.5939,1.5991,1.5881,1.5967,4138972.5
2026-02-01 16:15:00+00:00,1.5966,1.5968,1.582,1.5826,4407672.4
2026-02-01 16:20:00+00:00,1.5826,1.6006,1.581,1.5991,4864357.0
2026-02-01 16:25:00+00:00,1.5992,1.609,1.5969,1.6008,4844047.6
2026-02-01 16:30:00+00:00,1.6007,1.6027,1.5953,1.5996,2386214.9
2026-02-01 16:35:00+00:00,1.5996,1.6012,1.5911,1.592,2360444.6
2026-02-01 16:40:00+00:00,1.5919,1.5941,1.5854,1.5866,3504750.6
2026-02-01 16:45:00+00:00,1.5866,1.5926,1.5861,1.5877,2083326.3
2026-02-01 16:50:00+00:00,1.5877,1.591,1.5838,1.591,2718467.3
2026-02-01 16:55:00+00:00,1.5911,1.5967,1.5889,1.592,2323431.5
2026-02-01 17:00:00+00:00,1.5921,1.595,1.5878,1.5949,2554137.9
2026-02-01 17:05:00+00:00,1.5949,1.5973,1.5918,1.5951,2595699.1
2026-02-01 17:10:00+00:00,1.595,1.5979,1.5927,1.597,1668972.2
2026-02-01 17:15:00+00:00,1.597,1.5982,1.5926,1.5966,2450028.9
2026-02-01 17:20:00+00:00,1.5966,1.5966,1.5856,1.5887,3212497.8
2026-02-01 17:25:00+00:00,1.5886,1.5932,1.588,1.5927,1800869.1
2026-02-01 17:30:00+00:00,1.5926,1.5958,1.5899,1.5912,2673767.3
2026-02-01 17:35:00+00:00,1.5911,1.5933,1.5873,1.593,3052549.5
2026-02-01 17:40:00+00:00,1.593,1.5979,1.5913,1.594,1777337.7
2026-02-01 17:45:00+00:00,1.5941,1.5963,1.5905,1.5919,1394342.2
2026-02-01 17:50:00+00:00,1.5918,1.6009,1.5904,1.5992,2195610.7
2026-02-01 17:55:00+00:00,1.5991,1.6016,1.5954,1.6012,1392200.6
2026-02-01 18:00:00+00:00,1.6011,1.6178,1.6005,1.6117,10270825.8
2026-02-01 18:05:00+00:00,1.6117,1.622,1.6077,1.6136,7347626.3
2026-02-01 18:10:00+00:00,1.6135,1.6189,1.6104,1.6172,3033447.3
2026-02-01 18:15:00+00:00,1.6171,1.6207,1.6125,1.62,3503312.3
2026-02-01 18:20:00+00:00,1.6199,1.6261,1.6127,1.6137,5059747.7
2026-02-01 18:25:00+00:00,1.6137,1.6206,1.6115,1.6181,2504080.1
2026-02-01 18:30:00+00:00,1.6181,1.6205,1.6154,1.6189,2045441.9
2026-02-01 18:35:00+00:00,1.6189,1.6195,1.6155,1.6188,1984476.5
2026-02-01 18:40:00+00:00,1.6188,1.621,1.6116,1.6135,2300169.8
2026-02-01 18:45:00+00:00,1.6134,1.6158,1.6114,1.6123,2051811.2
2026-02-01 18:50:00+00:00,1.6124,1.6142,1.6081,1.6122,2296346.5
2026-02-01 18:55:00+00:00,1.6121,1.615,1.61,1.6145,1199753.6
2026-02-01 19:00:00+00:00,1.6144,1.618,1.6069,1.607,2567604.3
2026-02-01 19:05:00+00:00,1.607,1.6087,1.6044,1.6073,1312801.2
2026-02-01 19:10:00+00:00,1.6073,1.6119,1.6073,1.6084,880682.0
2026-02-01 19:15:00+00:00,1.6084,1.6085,1.6021,1.6081,1627068.4
2026-02-01 19:20:00+00:00,1.608,1.6095,1.6053,1.6073,1082431.5
2026-02-01 19:25:00+00:00,1.6072,1.6109,1.6057,1.607,1750757.4
2026-02-01 19:30:00+00:00,1.6069,1.6111,1.6053,1.6085,1406793.0
2026-02-01 19:35:00+00:00,1.6084,1.6084,1.6019,1.6034,2110848.9
2026-02-01 19:40:00+00:00,1.6034,1.6042,1.6001,1.6022,1526536.2
2026-02-01 19:45:00+00:00,1.6022,1.6022,1.5902,1.5943,7239441.4
2026-02-01 19:50:00+00:00,1.5943,1.5979,1.5941,1.5953,1888923.7
2026-02-01 19:55:00+00:00,1.5953,1.5991,1.5902,1.5989,1806320.6
2026-02-01 20:00:00+00:00,1.5988,1.5988,1.5892,1.5938,2916821.2
2026-02-01 20:05:00+00:00,1.5939,1.5954,1.5891,1.5935,1885325.0
2026-02-01 20:10:00+00:00,1.5936,1.5967,1.5887,1.5899,3188187.0
2026-02-01 20:15:00+00:00,1.5898,1.5943,1.5868,1.591,2637773.1
2026-02-01 20:20:00+00:00,1.591,1.596,1.5892,1.5916,1806876.4
2026-02-01 20:25:00+00:00,1.5916,1.5923,1.5787,1.5807,6793473.0
2026-02-01 20:30:00+00:00,1.5806,1.5935,1.5806,1.5929,2589626.2
2026-02-01 20:35:00+00:00,1.593,1.609,1.592,1.6076,4864704.9
2026-02-01 20:40:00+00:00,1.6076,1.6136,1.6043,1.6065,3950479.5
2026-02-01 20:45:00+00:00,1.6066,1.6075,1.6009,1.6016,2284829.7
2026-02-01 20:50:00+00:00,1.6015,1.6037,1.5953,1.5959,2487747.8
2026-02-01 20:55:00+00:00,1.596,1.5989,1.596,1.5982,772768.2
2026-02-01 21:00:00+00:00,1.5981,1.5993,1.5915,1.5916,1930810.4
2026-02-01 21:05:00+00:00,1.5915,1.5937,1.5822,1.5833,4075634.0
2026-02-01 21:10:00+00:00,1.5832,1.5922,1.5832,1.5899,3559827.0
2026-02-01 21:15:00+00:00,1.5899,1.5912,1.5844,1.585,2303482.1
2026-02-01 21:20:00+00:00,1.585,1.5916,1.584,1.5881,1734079.5
2026-02-01 21:25:00+00:00,1.5882,1.5935,1.587,1.5912,1795210.8
2026-02-01 21:30:00+00:00,1.5912,1.5971,1.5836,1.5893,3015094.6
2026-02-01 21:35:00+00:00,1.5894,1.5985,1.5894,1.5969,1920566.0
2026-02-01 21:40:00+00:00,1.597,1.5973,1.5889,1.5905,2811082.6
2026-02-01 21:45:00+00:00,1.5904,1.5937,1.5825,1.5909,5283016.2
2026-02-01 21:50:00+00:00,1.5909,1.5942,1.5871,1.5885,4222021.7
2026-02-01 21:55:00+00:00,1.5885,1.59,1.5808,1.5895,6183098.0
2026-02-01 22:00:00+00:00,1.5896,1.5961,1.5855,1.5954,6755873.9
2026-02-01 22:05:00+00:00,1.5954,1.5969,1.5897,1.5954,2824524.0
2026-02-01 22:10:00+00:00,1.5955,1.6134,1.5936,1.6053,6984174.2
2026-02-01 22:15:00+00:00,1.6053,1.6062,1.5992,1.6017,2133458.1
2026-02-01 22:20:00+00:00,1.6017,1.6019,1.5864,1.5864,3974325.7
2026-02-01 22:25:00+00:00,1.5865,1.5987,1.5865,1.5983,3080287.8
2026-02-01 22:30:00+00:00,1.5983,1.6076,1.5975,1.6062,3351434.6
2026-02-01 22:35:00+00:00,1.6062,1.6118,1.6018,1.609,2099761.7
2026-02-01 22:40:00+00:00,1.609,1.609,1.6028,1.6034,1054119.6
2026-02-01 22:45:00+00:00,1.6034,1.6061,1.598,1.5985,844883.6
2026-02-01 22:50:00+00:00,1.5985,1.6033,1.596,1.5993,983722.9
2026-02-01 22:55:00+00:00,1.5993,1.6037,1.5982,1.5996,1059850.4
2026-02-01 23:00:00+00:00,1.5996,1.6009,1.5853,1.5889,8035223.7
2026-02-01 23:05:00+00:00,1.589,1.5894,1.5552,1.5616,31360256.2
2026-02-01 23:10:00+00:00,1.5617,1.5877,1.5516,1.581,27637689.3
2026-02-01 23:15:00+00:00,1.581,1.5961,1.5733,1.5789,20285016.4
2026-02-01 23:20:00+00:00,1.5788,1.5925,1.5691,1.5852,20149671.6
2026-02-01 23:25:00+00:00,1.5853,1.5992,1.5853,1.5946,9627734.1
2026-02-01 23:30:00+00:00,1.5946,1.6076,1.5879,1.6045,10335072.0
2026-02-01 23:35:00+00:00,1.6045,1.6132,1.5971,1.6038,9898890.2
2026-02-01 23:40:00+00:00,1.6038,1.6044,1.599,1.6026,2411214.7
2026-02-01 23:45:00+00:00,1.6025,1.6026,1.5896,1.5912,4143915.3
2026-02-01 23:50:00+00:00,1.5913,1.5972,1.5875,1.5907,5891178.8
2026-02-01 23:55:00+00:00,1.5906,1.5941,1.588,1.5901,2256561.8
2026-02-02 00:00:00+00:00,1.5901,1.5949,1.5773,1.587,8443815.8
2026-02-02 00:05:00+00:00,1.587,1.603,1.5855,1.5989,8949431.0
2026-02-02 00:10:00+00:00,1.5989,1.6038,1.5952,1.5978,3793196.7
2026-02-02 00:15:00+00:00,1.5978,1.611,1.5961,1.6078,4604524.6
2026-02-02 00:20:00+00:00,1.6077,1.6158,1.6054,1.6112,5445909.4
2026-02-02 00:25:00+00:00,1.6112,1.6136,1.6039,1.6094,6588384.2
2026-02-02 00:30:00+00:00,1.6094,1.6179,1.6047,1.6074,3892604.6
2026-02-02 00:35:00+00:00,1.6074,1.6179,1.6071,1.6098,3378348.3
2026-02-02 00:40:00+00:00,1.6098,1.6135,1.6085,1.6112,2228223.6
2026-02-02 00:45:00+00:00,1.6113,1.6153,1.6072,1.6086,3989417.8
2026-02-02 00:50:00+00:00,1.6087,1.6113,1.6044,1.6065,1455843.5
2026-02-02 00:55:00+00:00,1.6065,1.6066,1.6018,1.604,2240444.5
2026-02-02 01:00:00+00:00,1.6039,1.6126,1.6008,1.6099,3270368.8
2026-02-02 01:05:00+00:00,1.6098,1.6106,1.594,1.5958,3756492.2
2026-02-02 01:10:00+00:00,1.5957,1.5958,1.5819,1.5848,6222887.0
2026-02-02 01:15:00+00:00,1.5847,1.6025,1.5804,1.5984,7997420.9
2026-02-02 01:20:00+00:00,1.5985,1.611,1.5945,1.6106,4302084.5
2026-02-02 01:25:00+00:00,1.6106,1.6155,1.6083,1.612,4063211.1
2026-02-02 01:30:00+00:00,1.6121,1.6127,1.6024,1.6044,2716031.7
2026-02-02 01:35:00+00:00,1.6045,1.6097,1.6003,1.606,2262338.6
2026-02-02 01:40:00+00:00,1.6059,1.6085,1.6031,1.6063,1301117.1
2026-02-02 01:45:00+00:00,1.6063,1.6083,1.5979,1.6035,2615188.4
2026-02-02 01:50:00+00:00,1.6035,1.6084,1.6023,1.6044,1102759.4
2026-02-02 01:55:00+00:00,1.6044,1.6064,1.6006,1.6013,1169992.4
2026-02-02 02:00:00+00:00,1.6013,1.6036,1.5972,1.5994,2718491.1
2026-02-02 02:05:00+00:00,1.5994,1.6038,1.5951,1.5995,5308686.8
2026-02-02 02:10:00+00:00,1.5996,1.5999,1.5935,1.5991,2369833.3
2026-02-02 02:15:00+00:00,1.599,1.6097,1.5962,1.6003,4145058.5
2026-02-02 02:20:00+00:00,1.6004,1.602,1.5964,1.5994,847716.4
2026-02-02 02:25:00+00:00,1.5994,1.6043,1.5994,1.6006,1244663.6
2026-02-02 02:30:00+00:00,1.6005,1.6043,1.5952,1.5965,1300842.6
2026-02-02 02:35:00+00:00,1.5966,1.5969,1.5897,1.5963,3929291.7
2026-02-02 02:40:00+00:00,1.5963,1.5987,1.5919,1.5925,1304360.9
2026-02-02 02:45:00+00:00,1.5926,1.5945,1.5875,1.5933,2902734.8
2026-02-02 02:50:00+00:00,1.5933,1.5938,1.5859,1.5874,3723074.2
2026-02-02 02:55:00+00:00,1.5874,1.5907,1.5857,1.59,3227477.9
2026-02-02 03:00:00+00:00,1.59,1.5915,1.5828,1.5837,3917906.1
2026-02-02 03:05:00+00:00,1.5836,1.5856,1.58,1.5827,4237786.2
2026-02-02 03:10:00+00:00,1.5827,1.5832,1.5626,1.5639,11070946.0
2026-02-02 03:15:00+00:00,1.5639,1.5645,1.5491,1.556,14959348.2
2026-02-02 03:20:00+00:00,1.556,1.5574,1.5325,1.5459,29693674.4
2026-02-02 03:25:00+00:00,1.5459,1.5499,1.5335,1.5364,15797621.1
2026-02-02 03:30:00+00:00,1.5365,1.5521,1.5299,1.5362,29133821.9
2026-02-02 03:35:00+00:00,1.5363,1.5375,1.5297,1.5319,10459813.0
2026-02-02 03:40:00+00:00,1.5319,1.5419,1.5309,1.5394,8773151.0
2026-02-02 03:45:00+00:00,1.5393,1.576,1.5376,1.5738,16753945.9
2026-02-02 03:50:00+00:00,1.5738,1.5801,1.5628,1.574,11089854.5
2026-02-02 03:55:00+00:00,1.574,1.5857,1.574,1.5806,8050358.4
2026-02-02 04:00:00+00:00,1.5806,1.5824,1.5691,1.5695,6643951.6
2026-02-02 04:05:00+00:00,1.5694,1.5701,1.5617,1.57,5553559.5
2026-02-02 04:10:00+00:00,1.5701,1.5709,1.5566,1.5594,3584170.4
2026-02-02 04:15:00+00:00,1.5593,1.5787,1.5576,1.578,5589109.3
2026-02-02 04:20:00+00:00,1.578,1.5875,1.5718,1.5852,4836218.7
2026-02-02 04:25:00+00:00,1.5853,1.5952,1.5853,1.5933,5297663.8
2026-02-02 04:30:00+00:00,1.5933,1.5996,1.5877,1.5936,4883699.5
2026-02-02 04:35:00+00:00,1.5935,1.5956,1.5888,1.5899,2909785.6
2026-02-02 04:40:00+00:00,1.5899,1.5903,1.5866,1.5876,2481753.6
2026-02-02 04:45:00+00:00,1.5875,1.5878,1.579,1.5809,3298766.6
2026-02-02 04:50:00+00:00,1.5808,1.5849,1.5784,1.579,1892742.4
2026-02-02 04:55:00+00:00,1.5791,1.5807,1.5738,1.5761,2949945.1
2026-02-02 05:00:00+00:00,1.576,1.5771,1.5688,1.5749,3334153.8
2026-02-02 05:05:00+00:00,1.5749,1.5749,1.5586,1.5623,4579734.7
2026-02-02 05:10:00+00:00,1.5624,1.5642,1.5572,1.5598,5351724.7
2026-02-02 05:15:00+00:00,1.5598,1.5625,1.5495,1.5535,7817703.9
2026-02-02 05:20:00+00:00,1.5535,1.5541,1.5465,1.5529,8172970.2
2026-02-02 05:25:00+00:00,1.5528,1.5569,1.5394,1.5443,10543055.8
2026-02-02 05:30:00+00:00,1.5443,1.5514,1.5404,1.5428,7802525.7
2026-02-02 05:35:00+00:00,1.5428,1.5453,1.5326,1.5404,9366424.1
2026-02-02 05:40:00+00:00,1.5405,1.55,1.5386,1.546,7021206.7
2026-02-02 05:45:00+00:00,1.546,1.5496,1.5409,1.5465,5316148.3
2026-02-02 05:50:00+00:00,1.5465,1.5584,1.5416,1.5458,10944952.5
2026-02-02 05:55:00+00:00,1.5458,1.5519,1.5445,1.5487,4447952.0
2026-02-02 06:00:00+00:00,1.5486,1.551,1.5326,1.5469,6097651.7
2026-02-02 06:05:00+00:00,1.5468,1.553,1.5434,1.5518,4144878.5
2026-02-02 06:10:00+00:00,1.5518,1.5541,1.5459,1.5512,4041298.8
2026-02-02 06:15:00+00:00,1.5512,1.5684,1.5467,1.5658,10119677.2
2026-02-02 06:20:00+00:00,1.5658,1.5678,1.5589,1.5598,3026148.5
2026-02-02 06:25:00+00:00,1.5598,1.5601,1.546,1.5539,6184579.4
2026-02-02 06:30:00+00:00,1.5538,1.5615,1.5431,1.5444,5778694.4
2026-02-02 06:35:00+00:00,1.5445,1.5451,1.5295,1.5342,16433607.7
2026-02-02 06:40:00+00:00,1.5343,1.5961,1.5343,1.5796,35968583.9
2026-02-02 06:45:00+00:00,1.5795,1.5925,1.5668,1.5714,18478580.7
2026-02-02 06:50:00+00:00,1.5714,1.5792,1.5675,1.5774,3662104.0
2026-02-02 06:55:00+00:00,1.5775,1.5859,1.5722,1.5799,3552634.9
2026-02-02 07:00:00+00:00,1.58,1.5877,1.5778,1.5869,2935204.5
2026-02-02 07:05:00+00:00,1.5869,1.5915,1.578,1.5876,4752273.1
2026-02-02 07:10:00+00:00,1.5875,1.5887,1.5768,1.5793,2458320.2
2026-02-02 07:15:00+00:00,1.5792,1.5868,1.574,1.5839,2718413.6
2026-02-02 07:20:00+00:00,1.5839,1.5873,1.5775,1.5786,1942720.5
2026-02-02 07:25:00+00:00,1.5786,1.5808,1.5768,1.5797,1113430.1
2026-02-02 07:30:00+00:00,1.5798,1.5857,1.5785,1.5827,2824334.1
2026-02-02 07:35:00+00:00,1.5827,1.59,1.5804,1.5853,2524732.9
2026-02-02 07:40:00+00:00,1.5854,1.5905,1.5831,1.5874,1730378.1
2026-02-02 07:45:00+00:00,1.5873,1.596,1.5861,1.5876,3649830.3
2026-02-02 07:50:00+00:00,1.5876,1.5881,1.5804,1.5826,4969712.5
2026-02-02 07:55:00+00:00,1.5825,1.587,1.5778,1.5787,3221493.1
2026-02-02 08:00:00+00:00,1.5787,1.5917,1.5787,1.5894,5810076.0
2026-02-02 08:05:00+00:00,1.5894,1.5911,1.5842,1.5871,2737601.4
2026-02-02 08:10:00+00:00,1.5871,1.5923,1.5868,1.5905,2135874.1
2026-02-02 08:15:00+00:00,1.5905,1.5991,1.5892,1.5983,3195740.4
2026-02-02 08:20:00+00:00,1.5983,1.5983,1.5873,1.5904,5266612.7
2026-02-02 08:25:00+00:00,1.5905,1.5918,1.586,1.5883,1511230.6
2026-02-02 08:30:00+00:00,1.5884,1.5951,1.5884,1.5924,1667932.5
2026-02-02 08:35:00+00:00,1.5925,1.5985,1.5896,1.5963,1587894.4
2026-02-02 08:40:00+00:00,1.5962,1.5978,1.5932,1.5961,1014839.7
2026-02-02 08:45:00+00:00,1.596,1.6,1.5928,1.5975,1778585.7
2026-02-02 08:50:00+00:00,1.5976,1.5985,1.5948,1.5951,1277783.5
2026-02-02 08:55:00+00:00,1.5952,1.5966,1.589,1.5892,2030165.0
2026-02-02 09:00:00+00:00,1.5892,1.5948,1.5865,1.5946,2983336.4
2026-02-02 09:05:00+00:00,1.5947,1.5947,1.5889,1.5909,1624067.9
2026-02-02 09:10:00+00:00,1.591,1.5925,1.587,1.5904,1148650.0
2026-02-02 09:15:00+00:00,1.5905,1.5936,1.5874,1.5924,1412936.2
2026-02-02 09:20:00+00:00,1.5924,1.595,1.5893,1.5941,1348561.2
2026-02-02 09:25:00+00:00,1.594,1.6025,1.5912,1.6009,3260460.4
2026-02-02 09:30:00+00:00,1.6008,1.6034,1.5963,1.5969,3741062.1
2026-02-02 09:35:00+00:00,1.597,1.6108,1.597,1.6027,5960201.4
2026-02-02 09:40:00+00:00,1.6026,1.604,1.5994,1.6022,2632192.9
2026-02-02 09:45:00+00:00,1.6022,1.6134,1.6016,1.613,4730435.8
2026-02-02 09:50:00+00:00,1.6129,1.6134,1.6066,1.6091,3565873.8
2026-02-02 09:55:00+00:00,1.6091,1.6113,1.6059,1.6084,3340983.4
2026-02-02 10:00:00+00:00,1.6084,1.6128,1.6063,1.6086,1719585.5
2026-02-02 10:05:00+00:00,1.6086,1.6132,1.6079,1.6093,2847030.3
2026-02-02 10:10:00+00:00,1.6092,1.6146,1.609,1.6112,2106647.8
2026-02-02 10:15:00+00:00,1.6112,1.6133,1.6082,1.6093,1909634.3
2026-02-02 10:20:00+00:00,1.6094,1.6108,1.6048,1.606,3371680.0
2026-02-02 10:25:00+00:00,1.606,1.6097,1.6047,1.6095,1628473.0
2026-02-02 10:30:00+00:00,1.6096,1.6121,1.6076,1.6108,1415879.2
2026-02-02 10:35:00+00:00,1.6108,1.6109,1.6049,1.6057,2028215.9
2026-02-02 10:40:00+00:00,1.6058,1.6086,1.6039,1.6076,1539417.6
2026-02-02 10:45:00+00:00,1.6076,1.608,1.6051,1.607,766639.2
2026-02-02 10:50:00+00:00,1.607,1.61,1.6066,1.6097,786453.0
2026-02-02 10:55:00+00:00,1.6096,1.6122,1.6086,1.6108,1058417.7
2026-02-02 11:00:00+00:00,1.6109,1.6156,1.6109,1.6142,5389224.3
2026-02-02 11:05:00+00:00,1.6141,1.6195,1.6137,1.6147,3927337.5
2026-02-02 11:10:00+00:00,1.6147,1.6199,1.6113,1.6186,2383497.1
2026-02-02 11:15:00+00:00,1.6185,1.619,1.6151,1.6188,2664773.5
2026-02-02 11:20:00+00:00,1.6188,1.6194,1.6154,1.6173,1308303.4
2026-02-02 11:25:00+00:00,1.6173,1.6193,1.616,1.6191,1186148.8
2026-02-02 11:30:00+00:00,1.6191,1.6227,1.6179,1.622,4854865.9
2026-02-02 11:35:00+00:00,1.622,1.6233,1.6193,1.6218,3375230.8
2026-02-02 11:40:00+00:00,1.6218,1.622,1.618,1.6207,1986725.7
2026-02-02 11:45:00+00:00,1.6208,1.6238,1.6201,1.6234,1935129.7
2026-02-02 11:50:00+00:00,1.6234,1.6263,1.6226,1.6253,3586382.4
2026-02-02 11:55:00+00:00,1.6253,1.6253,1.6175,1.6206,3912321.4
2026-02-02 12:00:00+00:00,1.6206,1.6259,1.6198,1.6257,2746311.3
2026-02-02 12:05:00+00:00,1.6258,1.6272,1.6238,1.627,2116837.4
2026-02-02 12:10:00+00:00,1.6269,1.6294,1.6263,1.6291,2557545.7
2026-02-02 12:15:00+00:00,1.629,1.6319,1.6272,1.6313,4345321.0
2026-02-02 12:20:00+00:00,1.6313,1.6484,1.6307,1.6467,9772816.4
2026-02-02 12:25:00+00:00,1.6466,1.6544,1.6398,1.6436,8871100.8
2026-02-02 12:30:00+00:00,1.6436,1.6479,1.6387,1.639,5469846.6
2026-02-02 12:35:00+00:00,1.6389,1.6447,1.6383,1.6428,3500495.1
2026-02-02 12:40:00+00:00,1.6428,1.6463,1.6354,1.6375,3675703.0
2026-02-02 12:45:00+00:00,1.6374,1.6428,1.6366,1.6404,2311333.3
2026-02-02 12:50:00+00:00,1.6404,1.6462,1.6401,1.6456,2102930.8
2026-02-02 12:55:00+00:00,1.6456,1.6467,1.6413,1.6446,3080310.0
2026-02-02 13:00:00+00:00,1.6445,1.6446,1.637,1.6403,3701646.5
2026-02-02 13:05:00+00:00,1.6404,1.6404,1.6368,1.6371,1904909.7
2026-02-02 13:10:00+00:00,1.6371,1.6422,1.6371,1.642,1938905.3
2026-02-02 13:15:00+00:00,1.642,1.6464,1.6395,1.6455,2440624.9
2026-02-02 13:20:00+00:00,1.6454,1.6514,1.6446,1.6465,3702261.0
2026-02-02 13:25:00+00:00,1.6465,1.6468,1.64,1.64,3073752.8
2026-02-02 13:30:00+00:00,1.6401,1.6426,1.6374,1.6374,3363706.1
2026-02-02 13:35:00+00:00,1.6375,1.6433,1.6352,1.6413,2716792.9
2026-02-02 13:40:00+00:00,1.6413,1.6445,1.6389,1.641,2290633.1
2026-02-02 13:45:00+00:00,1.6411,1.6418,1.6366,1.6407,2018438.2
2026-02-02 13:50:00+00:00,1.6408,1.6419,1.6364,1.6394,1886403.7
2026-02-02 13:55:00+00:00,1.6394,1.6425,1.6359,1.6378,5302481.0
2026-02-02 14:00:00+00:00,1.6377,1.6397,1.6332,1.6334,4525883.4
2026-02-02 14:05:00+00:00,1.6334,1.6352,1.6318,1.6328,3995221.2
2026-02-02 14:10:00+00:00,1.6328,1.6333,1.623,1.6276,10155661.1
2026-02-02 14:15:00+00:00,1.6276,1.6289,1.6219,1.623,5776008.1
2026-02-02 14:20:00+00:00,1.623,1.6334,1.6226,1.6329,4771782.1
2026-02-02 14:25:00+00:00,1.6328,1.6328,1.626,1.6306,2788551.9
2026-02-02 14:30:00+00:00,1.6305,1.6452,1.6297,1.6365,11644876.8
2026-02-02 14:35:00+00:00,1.6364,1.6477,1.6347,1.6375,9614231.4
2026-02-02 14:40:00+00:00,1.6375,1.6436,1.6312,1.6344,8107940.9
2026-02-02 14:45:00+00:00,1.6344,1.64,1.6289,1.6302,4666702.6
2026-02-02 14:50:00+00:00,1.6302,1.6371,1.6293,1.634,3214840.1
2026-02-02 14:55:00+00:00,1.6339,1.6353,1.624,1.6291,6540466.6
2026-02-02 15:00:00+00:00,1.629,1.6366,1.6254,1.6347,5966337.4
2026-02-02 15:05:00+00:00,1.6348,1.6377,1.6295,1.6371,3146999.1
2026-02-02 15:10:00+00:00,1.6372,1.6456,1.6355,1.6424,3421605.0
2026-02-02 15:15:00+00:00,1.6423,1.6462,1.6374,1.643,3121555.7
2026-02-02 15:20:00+00:00,1.6429,1.6485,1.642,1.645,4966049.5
2026-02-02 15:25:00+00:00,1.6449,1.6496,1.6408,1.6417,3464743.5
2026-02-02 15:30:00+00:00,1.6417,1.645,1.6376,1.6394,4083328.4
2026-02-02 15:35:00+00:00,1.6394,1.6501,1.6361,1.6486,4026417.9
2026-02-02 15:40:00+00:00,1.6486,1.6539,1.6434,1.6468,4149048.8
2026-02-02 15:45:00+00:00,1.6469,1.65,1.6428,1.6477,2438101.6
2026-02-02 15:50:00+00:00,1.6476,1.6482,1.6383,1.6412,2327418.7
2026-02-02 15:55:00+00:00,1.6412,1.6421,1.636,1.6416,1912563.6
2026-02-02 16:00:00+00:00,1.6416,1.6428,1.6382,1.6388,2495808.7
2026-02-02 16:05:00+00:00,1.6387,1.6465,1.6364,1.645,3068626.2
2026-02-02 16:10:00+00:00,1.6451,1.648,1.6435,1.6456,2172923.0
2026-02-02 16:15:00+00:00,1.6457,1.6498,1.6432,1.6476,1933897.0
2026-02-02 16:20:00+00:00,1.6476,1.6523,1.6473,1.6491,3815549.2
2026-02-02 16:25:00+00:00,1.6492,1.6566,1.645,1.6554,2500724.1
2026-02-02 16:30:00+00:00,1.6554,1.6556,1.6474,1.6523,2689635.8
2026-02-02 16:35:00+00:00,1.6522,1.6529,1.6453,1.646,2352583.0
2026-02-02 16:40:00+00:00,1.646,1.6486,1.6438,1.6469,2484235.5
2026-02-02 16:45:00+00:00,1.647,1.6478,1.6411,1.6424,1785642.1
2026-02-02 16:50:00+00:00,1.6424,1.6439,1.6392,1.6435,1372089.3
2026-02-02 16:55:00+00:00,1.6435,1.6447,1.6405,1.6431,927220.0
2026-02-02 17:00:00+00:00,1.6431,1.6493,1.6413,1.6472,1644036.9
2026-02-02 17:05:00+00:00,1.6472,1.649,1.6451,1.6467,1135491.7
2026-02-02 17:10:00+00:00,1.6467,1.6493,1.6448,1.6477,786849.0
2026-02-02 17:15:00+00:00,1.6478,1.6499,1.6454,1.6495,723557.8
2026-02-02 17:20:00+00:00,1.6495,1.6516,1.6479,1.6505,1292991.3
2026-02-02 17:25:00+00:00,1.6504,1.6505,1.645,1.6466,1064397.8
2026-02-02 17:30:00+00:00,1.6466,1.6496,1.646,1.6468,1040223.5
2026-02-02 17:35:00+00:00,1.6469,1.6499,1.6407,1.6419,1339758.3
2026-02-02 17:40:00+00:00,1.642,1.6427,1.6359,1.6387,3329809.7
2026-02-02 17:45:00+00:00,1.6387,1.6427,1.638,1.6413,1201043.0
2026-02-02 17:50:00+00:00,1.6414,1.6435,1.6365,1.6429,1069521.4
2026-02-02 17:55:00+00:00,1.6429,1.6429,1.6399,1.6408,900717.4
2026-02-02 18:00:00+00:00,1.6409,1.6432,1.6397,1.6429,1227633.0
2026-02-02 18:05:00+00:00,1.6429,1.6436,1.6396,1.6426,2964931.7
2026-02-02 18:10:00+00:00,1.6426,1.6426,1.6384,1.641,2637183.6
2026-02-02 18:15:00+00:00,1.6409,1.6418,1.637,1.6417,2886535.2
2026-02-02 18:20:00+00:00,1.6417,1.6417,1.6379,1.639,2007512.4
2026-02-02 18:25:00+00:00,1.6389,1.6402,1.6328,1.6358,2542999.0
2026-02-02 18:30:00+00:00,1.6358,1.6494,1.635,1.6474,3508965.8
2026-02-02 18:35:00+00:00,1.6473,1.6473,1.6418,1.6451,1463622.0
2026-02-02 18:40:00+00:00,1.6452,1.6461,1.6408,1.6408,1588175.5
2026-02-02 18:45:00+00:00,1.6409,1.6445,1.6408,1.6426,1012144.6
2026-02-02 18:50:00+00:00,1.6426,1.6447,1.6417,1.6439,705951.8
2026-02-02 18:55:00+00:00,1.6439,1.6446,1.6403,1.6408,980024.7
2026-02-02 19:00:00+00:00,1.6407,1.6415,1.6377,1.6382,1712174.7
2026-02-02 19:05:00+00:00,1.6382,1.6398,1.636,1.6373,1201918.9
2026-02-02 19:10:00+00:00,1.6373,1.6409,1.6367,1.6383,907742.4
2026-02-02 19:15:00+00:00,1.6383,1.6411,1.6378,1.6391,805896.7
2026-02-02 19:20:00+00:00,1.6391,1.6401,1.6362,1.6363,869303.6
2026-02-02 19:25:00+00:00,1.6362,1.6368,1.634,1.6346,1243144.2
2026-02-02 19:30:00+00:00,1.6345,1.6349,1.6302,1.631,2661523.7
2026-02-02 19:35:00+00:00,1.631,1.6326,1.6291,1.6293,2104805.2
2026-02-02 19:40:00+00:00,1.6293,1.6312,1.6271,1.6311,1737705.4
2026-02-02 19:45:00+00:00,1.6312,1.6323,1.6255,1.6276,1601399.2
2026-02-02 19:50:00+00:00,1.6276,1.6279,1.6242,1.6269,1919812.8
2026-02-02 19:55:00+00:00,1.6268,1.6296,1.625,1.625,1849211.3
2026-02-02 20:00:00+00:00,1.6249,1.6274,1.6205,1.6269,3207199.7
2026-02-02 20:05:00+00:00,1.6269,1.6319,1.6256,1.6281,1540669.0
2026-02-02 20:10:00+00:00,1.6281,1.6308,1.6267,1.6279,841122.5
2026-02-02 20:15:00+00:00,1.6279,1.6309,1.6262,1.6266,1111809.2
2026-02-02 20:20:00+00:00,1.6265,1.6279,1.6248,1.6264,834915.5
2026-02-02 20:25:00+00:00,1.6264,1.627,1.6232,1.6249,2146249.9
2026-02-02 20:30:00+00:00,1.6249,1.6254,1.6175,1.6196,3011763.9
2026-02-02 20:35:00+00:00,1.6197,1.6202,1.6144,1.6158,2989450.7
2026-02-02 20:40:00+00:00,1.6159,1.6198,1.6158,1.619,1452151.9
2026-02-02 20:45:00+00:00,1.6189,1.6199,1.614,1.6162,1352237.3
2026-02-02 20:50:00+00:00,1.6164,1.6191,1.615,1.6182,1207253.0
2026-02-02 20:55:00+00:00,1.6181,1.6231,1.6116,1.6135,6537803.9
2026-02-02 21:00:00+00:00,1.6136,1.6205,1.6134,1.6183,2030841.3
2026-02-02 21:05:00+00:00,1.6183,1.6217,1.6166,1.6202,1560854.5
2026-02-02 21:10:00+00:00,1.6201,1.6214,1.6184,1.6191,868804.6
2026-02-02 21:15:00+00:00,1.6191,1.6211,1.6168,1.6176,672113.5
2026-02-02 21:20:00+00:00,1.6176,1.6182,1.6125,1.6135,782306.4
2026-02-02 21:25:00+00:00,1.6136,1.6152,1.6129,1.6139,685892.9
2026-02-02 21:30:00+00:00,1.6138,1.6208,1.6135,1.6204,726554.3
2026-02-02 21:35:00+00:00,1.6204,1.6243,1.6204,1.623,1189277.7
2026-02-02 21:40:00+00:00,1.6231,1.6241,1.6202,1.6216,767744.9
2026-02-02 21:45:00+00:00,1.6215,1.6232,1.6214,1.6221,436299.9
2026-02-02 21:50:00+00:00,1.6222,1.6259,1.6221,1.6234,1206721.5
2026-02-02 21:55:00+00:00,1.6233,1.6247,1.6214,1.6223,550584.8
2026-02-02 22:00:00+00:00,1.6224,1.6256,1.6217,1.6252,2257886.6
2026-02-02 22:05:00+00:00,1.6253,1.63,1.6247,1.629,1264258.9
2026-02-02 22:10:00+00:00,1.6289,1.6329,1.6277,1.6288,1472168.8
2026-02-02 22:15:00+00:00,1.6288,1.6292,1.6237,1.6251,980138.9
2026-02-02 22:20:00+00:00,1.6251,1.6266,1.6219,1.6225,875427.3
2026-02-02 22:25:00+00:00,1.6225,1.6238,1.6211,1.6231,443509.2
2026-02-02 22:30:00+00:00,1.6232,1.6242,1.6215,1.624,631773.8
2026-02-02 22:35:00+00:00,1.624,1.6265,1.6231,1.6249,779502.1
2026-02-02 22:40:00+00:00,1.625,1.6268,1.6243,1.6264,422358.5
2026-02-02 22:45:00+00:00,1.6263,1.6283,1.626,1.6264,399715.1
2026-02-02 22:50:00+00:00,1.6264,1.6264,1.624,1.6254,461194.7
2026-02-02 22:55:00+00:00,1.6254,1.626,1.623,1.6253,817551.7
2026-02-02 23:00:00+00:00,1.6254,1.6265,1.6198,1.6222,1462585.6
2026-02-02 23:05:00+00:00,1.6223,1.6238,1.6197,1.6199,1179085.4
2026-02-02 23:10:00+00:00,1.6198,1.6218,1.6191,1.6207,1024934.4
2026-02-02 23:15:00+00:00,1.6206,1.6218,1.62,1.6214,680974.9
2026-02-02 23:20:00+00:00,1.6214,1.6214,1.6182,1.6196,1640514.9
2026-02-02 23:25:00+00:00,1.6195,1.6196,1.6169,1.6175,964266.4
2026-02-02 23:30:00+00:00,1.6175,1.6207,1.6169,1.6206,995397.7
2026-02-02 23:35:00+00:00,1.6206,1.6244,1.6203,1.6229,1177179.3
2026-02-02 23:40:00+00:00,1.623,1.6235,1.621,1.623,705079.7
2026-02-02 23:45:00+00:00,1.6231,1.6231,1.6201,1.6202,875845.5
2026-02-02 23:50:00+00:00,1.6202,1.6224,1.6192,1.6214,676402.7
2026-02-02 23:55:00+00:00,1.6214,1.6215,1.6182,1.6189,648012.5
2026-02-03 00:00:00+00:00,1.6189,1.6212,1.6132,1.6134,2302493.2
2026-02-03 00:05:00+00:00,1.6135,1.6139,1.6109,1.6113,2183299.0
2026-02-03 00:10:00+00:00,1.6113,1.6125,1.6064,1.6116,2721271.5
2026-02-03 00:15:00+00:00,1.6117,1.6142,1.6107,1.6137,1851620.7
2026-02-03 00:20:00+00:00,1.6137,1.6172,1.6121,1.6122,1598343.9
2026-02-03 00:25:00+00:00,1.6121,1.6175,1.6107,1.6168,1415207.2
2026-02-03 00:30:00+00:00,1.6168,1.618,1.6107,1.6127,1758743.2
2026-02-03 00:35:00+00:00,1.6126,1.6137,1.6093,1.613,1762899.5
2026-02-03 00:40:00+00:00,1.613,1.6149,1.6124,1.6138,1117076.1
2026-02-03 00:45:00+00:00,1.6137,1.617,1.6129,1.6132,1996577.1
2026-02-03 00:50:00+00:00,1.6131,1.6142,1.6101,1.6138,1076717.0
2026-02-03 00:55:00+00:00,1.6138,1.6184,1.6133,1.6174,1370891.3
2026-02-03 01:00:00+00:00,1.6175,1.6176,1.6132,1.6152,3054985.2
2026-02-03 01:05:00+00:00,1.6153,1.6161,1.6093,1.6111,1821020.6
2026-02-03 01:10:00+00:00,1.611,1.6145,1.6104,1.6117,839810.1
2026-02-03 01:15:00+00:00,1.6117,1.614,1.6068,1.6071,1298986.2
2026-02-03 01:20:00+00:00,1.6072,1.616,1.6059,1.612,1570098.9
2026-02-03 01:25:00+00:00,1.612,1.6151,1.6111,1.6138,834157.3
2026-02-03 01:30:00+00:00,1.6137,1.6137,1.6076,1.6097,2449499.6
2026-02-03 01:35:00+00:00,1.6096,1.6104,1.6064,1.6091,909818.1
2026-02-03 01:40:00+00:00,1.6091,1.6133,1.6081,1.6132,1271082.3
2026-02-03 01:45:00+00:00,1.6132,1.6144,1.6112,1.6124,965589.6
2026-02-03 01:50:00+00:00,1.6124,1.616,1.6115,1.6151,1092425.3
2026-02-03 01:55:00+00:00,1.6151,1.6165,1.6137,1.6162,1148952.8
2026-02-03 02:00:00+00:00,1.6163,1.6171,1.6107,1.6113,1222637.8
2026-02-03 02:05:00+00:00,1.6113,1.6119,1.6088,1.6102,955729.9
2026-02-03 02:10:00+00:00,1.6102,1.6105,1.6022,1.6042,2775465.2
2026-02-03 02:15:00+00:00,1.6042,1.6087,1.6027,1.606,952288.4
2026-02-03 02:20:00+00:00,1.606,1.6106,1.6055,1.61,1107225.2
2026-02-03 02:25:00+00:00,1.61,1.61,1.6032,1.6053,1270185.2
2026-02-03 02:30:00+00:00,1.6052,1.6068,1.6002,1.6046,2689866.5
2026-02-03 02:35:00+00:00,1.6047,1.6065,1.6011,1.6015,982516.8
2026-02-03 02:40:00+00:00,1.6014,1.6015,1.5991,1.6007,3651325.9
2026-02-03 02:45:00+00:00,1.6007,1.6013,1.5906,1.5919,4969908.0
2026-02-03 02:50:00+00:00,1.5919,1.5947,1.5911,1.5936,1797245.7
2026-02-03 02:55:00+00:00,1.5937,1.5968,1.5895,1.5915,2289599.4
2026-02-03 03:00:00+00:00,1.5916,1.5934,1.5868,1.5886,5554742.3
2026-02-03 03:05:00+00:00,1.5885,1.5987,1.5881,1.5949,3718930.0
2026-02-03 03:10:00+00:00,1.595,1.5985,1.5942,1.5964,1761113.7
2026-02-03 03:15:00+00:00,1.5963,1.5984,1.5911,1.5919,2741374.3
2026-02-03 03:20:00+00:00,1.592,1.599,1.5908,1.598,2240083.7
2026-02-03 03:25:00+00:00,1.598,1.6033,1.5969,1.6017,3524948.5
2026-02-03 03:30:00+00:00,1.6017,1.6064,1.6,1.6038,2243619.7
2026-02-03 03:35:00+00:00,1.6039,1.6087,1.6035,1.6055,2999736.8
2026-02-03 03:40:00+00:00,1.6055,1.6092,1.6053,1.6072,1372654.2
2026-02-03 03:45:00+00:00,1.6071,1.6091,1.6066,1.6071,1425862.0
2026-02-03 03:50:00+00:00,1.6071,1.6093,1.6056,1.6065,1704062.8
2026-02-03 03:55:00+00:00,1.6065,1.6145,1.6059,1.6125,3471921.9
2026-02-03 04:00:00+00:00,1.6125,1.6154,1.6101,1.6114,2256266.7
2026-02-03 04:05:00+00:00,1.6113,1.612,1.6102,1.6105,1217478.1
2026-02-03 04:10:00+00:00,1.6106,1.615,1.6105,1.6142,1282550.9
2026-02-03 04:15:00+00:00,1.6143,1.6153,1.6112,1.6115,1680990.4
2026-02-03 04:20:00+00:00,1.6116,1.6138,1.6097,1.6099,799054.7
2026-02-03 04:25:00+00:00,1.6099,1.611,1.6087,1.6092,920091.4
2026-02-03 04:30:00+00:00,1.6092,1.6117,1.6084,1.6108,924332.2
2026-02-03 04:35:00+00:00,1.6108,1.6149,1.6103,1.6147,1458041.7
2026-02-03 04:40:00+00:00,1.6148,1.6238,1.6147,1.6236,3534043.5
2026-02-03 04:45:00+00:00,1.6236,1.624,1.6201,1.6219,1901059.9
2026-02-03 04:50:00+00:00,1.6218,1.6221,1.6186,1.6212,1625625.2
2026-02-03 04:55:00+00:00,1.6211,1.6227,1.62,1.6211,1082184.0
2026-02-03 05:00:00+00:00,1.6212,1.6222,1.6154,1.6159,1869972.7
2026-02-03 05:05:00+00:00,1.6159,1.6184,1.6155,1.6156,1105704.7
2026-02-03 05:10:00+00:00,1.6156,1.6163,1.6093,1.6098,2394236.9
2026-02-03 05:15:00+00:00,1.6097,1.6128,1.6073,1.6084,2199041.1
2026-02-03 05:20:00+00:00,1.6084,1.6141,1.6075,1.6122,1365095.4
2026-02-03 05:25:00+00:00,1.6121,1.6128,1.6102,1.6122,754194.9
2026-02-03 05:30:00+00:00,1.6121,1.6134,1.6111,1.6128,948171.9
2026-02-03 05:35:00+00:00,1.6129,1.6147,1.6121,1.6126,833351.9
2026-02-03 05:40:00+00:00,1.6126,1.6137,1.6105,1.6127,843829.6
2026-02-03 05:45:00+00:00,1.6126,1.6149,1.6114,1.6138,858099.7
2026-02-03 05:50:00+00:00,1.6139,1.6139,1.6098,1.61,2336285.1
2026-02-03 05:55:00+00:00,1.6101,1.6105,1.606,1.6069,2798980.3
2026-02-03 06:00:00+00:00,1.607,1.608,1.6052,1.606,2093665.8
2026-02-03 06:05:00+00:00,1.606,1.606,1.5984,1.5995,5843285.7
2026-02-03 06:10:00+00:00,1.5995,1.6009,1.598,1.5999,1704046.3
2026-02-03 06:15:00+00:00,1.6,1.6052,1.5983,1.6043,2148295.7
2026-02-03 06:20:00+00:00,1.6043,1.6064,1.6027,1.6056,1839210.2
2026-02-03 06:25:00+00:00,1.6055,1.6106,1.6041,1.6089,1917436.2
2026-02-03 06:30:00+00:00,1.6089,1.6094,1.6064,1.6093,981473.1
2026-02-03 06:35:00+00:00,1.6094,1.6114,1.6077,1.608,887068.7
2026-02-03 06:40:00+00:00,1.608,1.6098,1.6069,1.6076,603036.0
2026-02-03 06:45:00+00:00,1.6077,1.611,1.6067,1.6093,886650.2
2026-02-03 06:50:00+00:00,1.6092,1.6118,1.6087,1.6104,1719514.4
2026-02-03 06:55:00+00:00,1.6104,1.6124,1.6095,1.6115,1163117.9
2026-02-03 07:00:00+00:00,1.6115,1.6115,1.6066,1.6068,1060034.9
2026-02-03 07:05:00+00:00,1.6068,1.616,1.6068,1.6144,3986151.7
2026-02-03 07:10:00+00:00,1.6144,1.6161,1.6116,1.613,3129778.2
2026-02-03 07:15:00+00:00,1.613,1.6145,1.607,1.6089,3028288.1
2026-02-03 07:20:00+00:00,1.609,1.6119,1.6086,1.6091,710612.4
2026-02-03 07:25:00+00:00,1.6091,1.6141,1.6085,1.6131,1447412.5
2026-02-03 07:30:00+00:00,1.6132,1.6204,1.6121,1.6201,2233912.6
2026-02-03 07:35:00+00:00,1.6202,1.6231,1.6168,1.618,2668498.6
2026-02-03 07:40:00+00:00,1.6181,1.6187,1.6164,1.6175,1002314.5
2026-02-03 07:45:00+00:00,1.6175,1.619,1.6164,1.6175,1120047.7
2026-02-03 07:50:00+00:00,1.6176,1.6183,1.615,1.6161,1047440.2
2026-02-03 07:55:00+00:00,1.6162,1.6176,1.6151,1.6165,762022.5
2026-02-03 08:00:00+00:00,1.6165,1.6175,1.6127,1.6166,1942539.7
2026-02-03 08:05:00+00:00,1.6165,1.6185,1.614,1.6162,1138731.9
2026-02-03 08:10:00+00:00,1.6161,1.6161,1.6113,1.6126,2196227.5
2026-02-03 08:15:00+00:00,1.6126,1.6168,1.6118,1.6155,1105912.6
2026-02-03 08:20:00+00:00,1.6154,1.6203,1.6146,1.6198,995272.9
2026-02-03 08:25:00+00:00,1.6198,1.6245,1.6196,1.6224,3018771.5
2026-02-03 08:30:00+00:00,1.6224,1.6225,1.6182,1.6204,1258663.4
2026-02-03 08:35:00+00:00,1.6204,1.6244,1.6204,1.622,1758845.4
2026-02-03 08:40:00+00:00,1.622,1.6247,1.6212,1.6232,1385906.7
2026-02-03 08:45:00+00:00,1.6231,1.6231,1.6188,1.6192,1076029.2
2026-02-03 08:50:00+00:00,1.6193,1.6194,1.6158,1.6167,864994.0
2026-02-03 08:55:00+00:00,1.6167,1.6168,1.6144,1.6153,1083084.9
2026-02-03 09:00:00+00:00,1.6154,1.6176,1.6143,1.6173,2024976.4
2026-02-03 09:05:00+00:00,1.6173,1.6213,1.6172,1.619,1080757.1
2026-02-03 09:10:00+00:00,1.6189,1.619,1.605,1.6058,8234174.7
2026-02-03 09:15:00+00:00,1.6059,1.608,1.5968,1.6047,12935016.3
2026-02-03 09:20:00+00:00,1.6048,1.606,1.5975,1.598,3686300.5
2026-02-03 09:25:00+00:00,1.598,1.5989,1.5942,1.5947,3163536.1
2026-02-03 09:30:00+00:00,1.5948,1.5993,1.5942,1.5991,4767429.9
2026-02-03 09:35:00+00:00,1.5992,1.6054,1.5984,1.6019,2862527.3
2026-02-03 09:40:00+00:00,1.6019,1.6045,1.601,1.6026,1198443.5
2026-02-03 09:45:00+00:00,1.6027,1.6037,1.6001,1.6003,1594970.0
2026-02-03 09:50:00+00:00,1.6003,1.6044,1.6002,1.6021,921244.6
2026-02-03 09:55:00+00:00,1.6021,1.6038,1.6016,1.6026,860701.9
2026-02-03 10:00:00+00:00,1.6027,1.6073,1.6005,1.6055,1219069.3
2026-02-03 10:05:00+00:00,1.6056,1.607,1.6042,1.607,859862.0
2026-02-03 10:10:00+00:00,1.607,1.607,1.6042,1.6048,1124329.4
2026-02-03 10:15:00+00:00,1.6048,1.6052,1.6,1.6008,1637284.2
2026-02-03 10:20:00+00:00,1.6008,1.6034,1.5995,1.6027,1091598.4
2026-02-03 10:25:00+00:00,1.6027,1.6035,1.6019,1.6022,619988.3
2026-02-03 10:30:00+00:00,1.6022,1.6023,1.5973,1.598,1192054.2
2026-02-03 10:35:00+00:00,1.598,1.6003,1.5963,1.5994,2104109.0
2026-02-03 10:40:00+00:00,1.5994,1.5995,1.5976,1.5988,972928.5
2026-02-03 10:45:00+00:00,1.5989,1.6006,1.5977,1.5992,990317.1
2026-02-03 10:50:00+00:00,1.5992,1.6001,1.5964,1.5976,1100602.6
2026-02-03 10:55:00+00:00,1.5976,1.5996,1.5971,1.5989,977286.0
2026-02-03 11:00:00+00:00,1.5989,1.6009,1.5985,1.6009,1092184.1
2026-02-03 11:05:00+00:00,1.6009,1.6033,1.5993,1.6011,1039146.0
2026-02-03 11:10:00+00:00,1.6011,1.6019,1.5997,1.6003,854718.0
2026-02-03 11:15:00+00:00,1.6003,1.6024,1.5989,1.5995,1157856.0
2026-02-03 11:20:00+00:00,1.5996,1.6015,1.5996,1.6003,722682.1
2026-02-03 11:25:00+00:00,1.6003,1.6011,1.5979,1.5984,1033028.7
2026-02-03 11:30:00+00:00,1.5983,1.6036,1.5968,1.6022,1165966.9
2026-02-03 11:35:00+00:00,1.6022,1.6053,1.6011,1.6011,2368951.0
2026-02-03 11:40:00+00:00,1.6012,1.6046,1.6012,1.6034,1860517.6
2026-02-03 11:45:00+00:00,1.6034,1.6068,1.6032,1.6042,2133431.7
2026-02-03 11:50:00+00:00,1.6042,1.6052,1.6035,1.6046,989069.2
2026-02-03 11:55:00+00:00,1.6047,1.6065,1.6018,1.6021,1107321.5
2026-02-03 12:00:00+00:00,1.6022,1.6024,1.5974,1.5989,1768346.5
2026-02-03 12:05:00+00:00,1.5989,1.6024,1.5983,1.6022,1153754.3
2026-02-03 12:10:00+00:00,1.6021,1.6079,1.6012,1.6047,2384348.9
2026-02-03 12:15:00+00:00,1.6048,1.6048,1.6003,1.6017,1252935.5
2026-02-03 12:20:00+00:00,1.6016,1.604,1.6011,1.6025,826212.3
2026-02-03 12:25:00+00:00,1.6025,1.6068,1.6025,1.6059,772171.4
2026-02-03 12:30:00+00:00,1.6058,1.6066,1.6024,1.6028,1033232.0
2026-02-03 12:35:00+00:00,1.6028,1.6065,1.6022,1.6065,785428.2
2026-02-03 12:40:00+00:00,1.6064,1.609,1.6062,1.6062,1308279.7
2026-02-03 12:45:00+00:00,1.6061,1.6094,1.6054,1.6085,1249712.4
2026-02-03 12:50:00+00:00,1.6085,1.6087,1.6058,1.6087,1443858.6
2026-02-03 12:55:00+00:00,1.6086,1.61,1.6071,1.6076,2120187.6
2026-02-03 13:00:00+00:00,1.6075,1.6075,1.6048,1.6066,970984.2
2026-02-03 13:05:00+00:00,1.6066,1.6128,1.6066,1.6103,1478756.1
2026-02-03 13:10:00+00:00,1.6103,1.6109,1.6078,1.6097,1061865.7
2026-02-03 13:15:00+00:00,1.6098,1.611,1.6078,1.608,1319148.3
2026-02-03 13:20:00+00:00,1.608,1.6082,1.6032,1.6043,1282303.9
2026-02-03 13:25:00+00:00,1.6043,1.6092,1.6043,1.6086,1050472.6
2026-02-03 13:30:00+00:00,1.6085,1.6091,1.6054,1.6074,664411.4
2026-02-03 13:35:00+00:00,1.6073,1.6107,1.6061,1.6094,1059406.5
2026-02-03 13:40:00+00:00,1.6094,1.61,1.607,1.6071,526173.6
2026-02-03 13:45:00+00:00,1.6071,1.6095,1.6063,1.609,473141.0
2026-02-03 13:50:00+00:00,1.609,1.6095,1.6053,1.6074,745783.3
2026-02-03 13:55:00+00:00,1.6074,1.6155,1.6074,1.6118,1734271.9
2026-02-03 14:00:00+00:00,1.6118,1.616,1.6105,1.6128,1606475.5
2026-02-03 14:05:00+00:00,1.6127,1.6142,1.6117,1.6123,1019400.6
2026-02-03 14:10:00+00:00,1.6124,1.6133,1.6106,1.6122,1058371.2
2026-02-03 14:15:00+00:00,1.6123,1.6142,1.6065,1.6079,2268037.3
2026-02-03 14:20:00+00:00,1.608,1.6099,1.6077,1.6089,1199997.6
2026-02-03 14:25:00+00:00,1.6089,1.6153,1.6089,1.6137,1880523.9
2026-02-03 14:30:00+00:00,1.6136,1.6143,1.6024,1.6062,4495782.6
2026-02-03 14:35:00+00:00,1.6061,1.6097,1.5976,1.5985,6833142.0
2026-02-03 14:40:00+00:00,1.5986,1.6065,1.5925,1.5983,8726630.7
2026-02-03 14:45:00+00:00,1.5983,1.6048,1.5942,1.5997,5500531.6
2026-02-03 14:50:00+00:00,1.5996,1.5996,1.5851,1.5889,8547716.2
2026-02-03 14:55:00+00:00,1.5889,1.5896,1.5817,1.5823,8601389.6
2026-02-03 15:00:00+00:00,1.5823,1.5925,1.5793,1.5877,11828443.3
2026-02-03 15:05:00+00:00,1.5877,1.595,1.5851,1.5939,5383859.6
2026-02-03 15:10:00+00:00,1.5939,1.5949,1.5795,1.5804,6236232.4
2026-02-03 15:15:00+00:00,1.5804,1.5891,1.5781,1.5833,5792372.4
2026-02-03 15:20:00+00:00,1.5832,1.595,1.5824,1.5849,9765819.9
2026-02-03 15:25:00+00:00,1.5849,1.6124,1.5826,1.6039,21299980.1
2026-02-03 15:30:00+00:00,1.6038,1.6184,1.5958,1.6083,13814660.0
2026-02-03 15:35:00+00:00,1.6083,1.6088,1.6011,1.6022,8986673.6
2026-02-03 15:40:00+00:00,1.6023,1.6035,1.5955,1.5967,5748788.7
2026-02-03 15:45:00+00:00,1.5966,1.6127,1.595,1.6123,5892009.0
2026-02-03 15:50:00+00:00,1.6123,1.6177,1.6106,1.6137,7200924.8
2026-02-03 15:55:00+00:00,1.6137,1.621,1.6118,1.6175,5712070.6
2026-02-03 16:00:00+00:00,1.6175,1.6178,1.611,1.6115,2927060.7
2026-02-03 16:05:00+00:00,1.6116,1.6149,1.6058,1.6069,3453085.2
2026-02-03 16:10:00+00:00,1.6068,1.6071,1.6002,1.6018,4233172.8
2026-02-03 16:15:00+00:00,1.6018,1.6024,1.5954,1.5996,8030563.5
2026-02-03 16:20:00+00:00,1.5995,1.5996,1.5901,1.5901,3861325.4
2026-02-03 16:25:00+00:00,1.5902,1.5946,1.5868,1.587,5303717.5
2026-02-03 16:30:00+00:00,1.587,1.5903,1.5813,1.5869,8755550.4
2026-02-03 16:35:00+00:00,1.5869,1.5906,1.5853,1.5868,4920028.8
2026-02-03 16:40:00+00:00,1.5867,1.5912,1.5848,1.5881,3978865.7
2026-02-03 16:45:00+00:00,1.588,1.5908,1.5813,1.586,5208342.0
2026-02-03 16:50:00+00:00,1.586,1.5874,1.5815,1.5829,4238648.4
2026-02-03 16:55:00+00:00,1.5828,1.5882,1.5827,1.5854,3887331.0
2026-02-03 17:00:00+00:00,1.5854,1.589,1.5849,1.5855,2951524.3
2026-02-03 17:05:00+00:00,1.5856,1.5863,1.5763,1.577,6893118.3
2026-02-03 17:10:00+00:00,1.577,1.5799,1.5702,1.5705,7604576.8
2026-02-03 17:15:00+00:00,1.5705,1.5745,1.5664,1.5712,5643348.3
2026-02-03 17:20:00+00:00,1.5713,1.5784,1.5675,1.5767,4474645.0
2026-02-03 17:25:00+00:00,1.5767,1.5811,1.5748,1.5778,3165439.3
2026-02-03 17:30:00+00:00,1.5777,1.5789,1.5737,1.5739,2630072.6
2026-02-03 17:35:00+00:00,1.5739,1.5769,1.5676,1.5691,5027095.1
2026-02-03 17:40:00+00:00,1.5691,1.5692,1.5604,1.5617,8499641.9
2026-02-03 17:45:00+00:00,1.5617,1.5656,1.5593,1.5612,5045252.4
2026-02-03 17:50:00+00:00,1.5611,1.5699,1.5606,1.5615,4127422.4
2026-02-03 17:55:00+00:00,1.5616,1.5619,1.557,1.5577,4678847.9
2026-02-03 18:00:00+00:00,1.5578,1.563,1.5546,1.5555,6669889.9
2026-02-03 18:05:00+00:00,1.5555,1.5639,1.5555,1.5604,4715465.1
2026-02-03 18:10:00+00:00,1.5605,1.5615,1.5521,1.5528,4032862.5
2026-02-03 18:15:00+00:00,1.5528,1.5563,1.547,1.5521,10858162.7
2026-02-03 18:20:00+00:00,1.5522,1.5547,1.54,1.5428,13785898.5
2026-02-03 18:25:00+00:00,1.5427,1.5467,1.5377,1.541,17326273.4
2026-02-03 18:30:00+00:00,1.541,1.5448,1.5377,1.5444,6132757.3
2026-02-03 18:35:00+00:00,1.5444,1.5457,1.5373,1.5412,5047505.4
2026-02-03 18:40:00+00:00,1.5411,1.5434,1.536,1.5383,6426774.0
2026-02-03 18:45:00+00:00,1.5382,1.5409,1.5296,1.5319,13195732.1
2026-02-03 18:50:00+00:00,1.532,1.5354,1.5292,1.5304,6879297.3
2026-02-03 18:55:00+00:00,1.5304,1.5376,1.5291,1.5307,5116932.9
2026-02-03 19:00:00+00:00,1.5306,1.5341,1.5263,1.5311,6259858.7
2026-02-03 19:05:00+00:00,1.5311,1.5467,1.5294,1.5461,11799068.4
2026-02-03 19:10:00+00:00,1.546,1.5753,1.5458,1.5708,17557618.8
2026-02-03 19:15:00+00:00,1.5707,1.5784,1.5672,1.5752,13318108.9
2026-02-03 19:20:00+00:00,1.5752,1.5828,1.5656,1.5656,9999415.0
2026-02-03 19:25:00+00:00,1.5656,1.576,1.563,1.5749,6255791.8
2026-02-03 19:30:00+00:00,1.5748,1.5898,1.5734,1.5807,10116136.7
2026-02-03 19:35:00+00:00,1.5806,1.5863,1.578,1.5821,3901137.4
2026-02-03 19:40:00+00:00,1.5821,1.5843,1.5767,1.5786,3670083.1
2026-02-03 19:45:00+00:00,1.5785,1.5791,1.5706,1.5725,3919332.2
2026-02-03 19:50:00+00:00,1.5726,1.5782,1.5704,1.5778,4253475.0
2026-02-03 19:55:00+00:00,1.5778,1.5839,1.5765,1.5803,2714440.8
2026-02-03 20:00:00+00:00,1.5804,1.583,1.5727,1.573,3088417.3
2026-02-03 20:05:00+00:00,1.5731,1.5743,1.5655,1.5672,2831186.0
2026-02-03 20:10:00+00:00,1.5672,1.5728,1.567,1.5699,2390037.9
2026-02-03 20:15:00+00:00,1.5699,1.5825,1.5667,1.5785,4349953.9
2026-02-03 20:20:00+00:00,1.5784,1.5854,1.5749,1.5851,4557138.0
2026-02-03 20:25:00+00:00,1.5851,1.5973,1.5844,1.5935,8463085.0
2026-02-03 20:30:00+00:00,1.5935,1.6344,1.5928,1.614,28881154.9
2026-02-03 20:35:00+00:00,1.6139,1.6222,1.6116,1.6221,7844171.4
2026-02-03 20:40:00+00:00,1.6221,1.6247,1.6113,1.6131,10909055.2
2026-02-03 20:45:00+00:00,1.613,1.6222,1.6067,1.6096,8308150.1
2026-02-03 20:50:00+00:00,1.6097,1.6155,1.6097,1.6147,2723241.1
2026-02-03 20:55:00+00:00,1.6147,1.6199,1.6061,1.6178,12648341.9
2026-02-03 21:00:00+00:00,1.6177,1.6246,1.614,1.6246,5580114.5
2026-02-03 21:05:00+00:00,1.6245,1.628,1.6184,1.6267,5522308.7
2026-02-03 21:10:00+00:00,1.6266,1.6284,1.6236,1.6263,9288421.1
2026-02-03 21:15:00+00:00,1.6263,1.6276,1.6195,1.621,2817786.2
2026-02-03 21:20:00+00:00,1.6209,1.6224,1.6182,1.621,3029400.2
2026-02-03 21:25:00+00:00,1.621,1.6276,1.6129,1.6138,4649336.8
2026-02-03 21:30:00+00:00,1.6138,1.6167,1.612,1.6133,2396427.4
2026-02-03 21:35:00+00:00,1.6133,1.6141,1.6055,1.606,3497261.5
2026-02-03 21:40:00+00:00,1.6059,1.6103,1.6059,1.6085,1471771.5
2026-02-03 21:45:00+00:00,1.6084,1.6122,1.6047,1.6051,2618143.3
2026-02-03 21:50:00+00:00,1.605,1.6054,1.601,1.6013,1668235.8
2026-02-03 21:55:00+00:00,1.6012,1.6045,1.6006,1.6018,1113513.6
2026-02-03 22:00:00+00:00,1.6018,1.603,1.5964,1.5968,2559917.3
2026-02-03 22:05:00+00:00,1.5969,1.5978,1.5904,1.5918,4639974.2
2026-02-03 22:10:00+00:00,1.5918,1.5979,1.591,1.5946,2835121.7
2026-02-03 22:15:00+00:00,1.5945,1.595,1.5873,1.5917,2493881.7
2026-02-03 22:20:00+00:00,1.5917,1.5983,1.5911,1.5912,2440435.5
2026-02-03 22:25:00+00:00,1.5913,1.5988,1.5913,1.5969,1502359.3
2026-02-03 22:30:00+00:00,1.5968,1.6003,1.5941,1.5972,1264028.2
2026-02-03 22:35:00+00:00,1.5973,1.6035,1.5968,1.5982,1564403.3
2026-02-03 22:40:00+00:00,1.5982,1.6014,1.595,1.5959,1055065.3
2026-02-03 22:45:00+00:00,1.5959,1.5959,1.583,1.5843,2720872.4
2026-02-03 22:50:00+00:00,1.5843,1.5903,1.5813,1.5898,2473036.5
2026-02-03 22:55:00+00:00,1.5898,1.5903,1.5851,1.5875,1068677.3
2026-02-03 23:00:00+00:00,1.5874,1.5883,1.5757,1.5765,3920987.1
2026-02-03 23:05:00+00:00,1.5765,1.5806,1.5718,1.5798,5085809.2
2026-02-03 23:10:00+00:00,1.5798,1.5835,1.5786,1.5834,2047114.3
2026-02-03 23:15:00+00:00,1.5833,1.5846,1.5778,1.5797,1566279.2
2026-02-03 23:20:00+00:00,1.5796,1.5818,1.576,1.5818,1343848.4
2026-02-03 23:25:00+00:00,1.5819,1.5838,1.5766,1.5767,1696328.6
2026-02-03 23:30:00+00:00,1.5767,1.579,1.5748,1.5786,1889655.1
2026-02-03 23:35:00+00:00,1.5787,1.5821,1.5771,1.5809,1504479.7
2026-02-03 23:40:00+00:00,1.581,1.5824,1.5766,1.5772,1120946.2
2026-02-03 23:45:00+00:00,1.5773,1.5782,1.5681,1.5716,4107247.4
2026-02-03 23:50:00+00:00,1.5715,1.5762,1.5715,1.5749,1224812.8
2026-02-03 23:55:00+00:00,1.5749,1.5786,1.574,1.5782,1279520.1
2026-02-04 00:00:00+00:00,1.5782,1.5783,1.5703,1.5721,2735890.8
2026-02-04 00:05:00+00:00,1.5721,1.5742,1.5701,1.5712,1547048.3
2026-02-04 00:10:00+00:00,1.5713,1.572,1.5661,1.5663,2053235.8
2026-02-04 00:15:00+00:00,1.5664,1.5732,1.5663,1.5731,2235936.2
2026-02-04 00:20:00+00:00,1.5731,1.578,1.573,1.5778,1886831.9
2026-02-04 00:25:00+00:00,1.5777,1.5793,1.576,1.5784,1725592.6
2026-02-04 00:30:00+00:00,1.5785,1.5817,1.5761,1.5803,1665813.7
2026-02-04 00:35:00+00:00,1.5804,1.5838,1.5803,1.5835,2036447.7
2026-02-04 00:40:00+00:00,1.5836,1.5849,1.5787,1.5791,1468801.7
2026-02-04 00:45:00+00:00,1.5792,1.5817,1.5775,1.5816,981542.8
2026-02-04 00:50:00+00:00,1.5817,1.5823,1.5766,1.5766,890528.4
2026-02-04 00:55:00+00:00,1.5767,1.5774,1.5737,1.5748,1360845.8
2026-02-04 01:00:00+00:00,1.5749,1.5912,1.5749,1.5909,4047190.9
2026-02-04 01:05:00+00:00,1.591,1.5916,1.5844,1.5887,2323226.0
2026-02-04 01:10:00+00:00,1.5887,1.5946,1.5883,1.594,1631470.7
2026-02-04 01:15:00+00:00,1.5941,1.5955,1.592,1.5925,2236032.4
2026-02-04 01:20:00+00:00,1.5924,1.5949,1.5918,1.5929,1528576.9
2026-02-04 01:25:00+00:00,1.5929,1.5952,1.5916,1.5931,1941396.4
2026-02-04 01:30:00+00:00,1.593,1.598,1.5919,1.5978,2065569.7
2026-02-04 01:35:00+00:00,1.5979,1.6006,1.5974,1.5986,2202011.0
2026-02-04 01:40:00+00:00,1.5985,1.6,1.597,1.5976,1188920.4
2026-02-04 01:45:00+00:00,1.5977,1.5978,1.591,1.594,2558081.5
2026-02-04 01:50:00+00:00,1.5941,1.5965,1.5905,1.5951,1240004.4
2026-02-04 01:55:00+00:00,1.595,1.595,1.5912,1.5913,834096.9
2026-02-04 02:00:00+00:00,1.5913,1.5913,1.5868,1.587,1442396.4
2026-02-04 02:05:00+00:00,1.587,1.5943,1.5865,1.5925,1637914.0
2026-02-04 02:10:00+00:00,1.5924,1.5934,1.5873,1.5881,1290437.9
2026-02-04 02:15:00+00:00,1.5882,1.5928,1.587,1.587,1982210.7
2026-02-04 02:20:00+00:00,1.587,1.5884,1.5848,1.5866,1316698.8
2026-02-04 02:25:00+00:00,1.5867,1.5877,1.5806,1.5825,1692530.3
2026-02-04 02:30:00+00:00,1.5824,1.5824,1.5787,1.5806,1476016.2
2026-02-04 02:35:00+00:00,1.5805,1.584,1.5805,1.5832,1423022.2
2026-02-04 02:40:00+00:00,1.5832,1.5833,1.5751,1.5811,1980954.6
2026-02-04 02:45:00+00:00,1.581,1.5829,1.5772,1.5779,1418039.0
2026-02-04 02:50:00+00:00,1.578,1.5812,1.5768,1.5812,1080456.9
2026-02-04 02:55:00+00:00,1.5813,1.586,1.5809,1.5846,1096421.1
2026-02-04 03:00:00+00:00,1.5846,1.5867,1.5817,1.5859,1601759.4
2026-02-04 03:05:00+00:00,1.5859,1.5951,1.5859,1.5938,2091604.3
2026-02-04 03:10:00+00:00,1.5939,1.6021,1.5932,1.6,4632040.2
2026-02-04 03:15:00+00:00,1.5999,1.6014,1.5929,1.5945,3089260.8
2026-02-04 03:20:00+00:00,1.5946,1.5953,1.593,1.5939,790076.5
2026-02-04 03:25:00+00:00,1.5939,1.5975,1.5909,1.5926,3422639.0
2026-02-04 03:30:00+00:00,1.5925,1.5984,1.5918,1.5939,1800740.0
2026-02-04 03:35:00+00:00,1.5939,1.6038,1.5925,1.6011,3003115.1
2026-02-04 03:40:00+00:00,1.601,1.6046,1.5971,1.5982,2786065.8
2026-02-04 03:45:00+00:00,1.5982,1.6004,1.5967,1.5977,1194598.3
2026-02-04 03:50:00+00:00,1.5976,1.6001,1.5965,1.5989,775204.2
2026-02-04 03:55:00+00:00,1.5988,1.6004,1.5977,1.5984,858159.7
2026-02-04 04:00:00+00:00,1.5983,1.5995,1.5955,1.5972,746988.5
2026-02-04 04:05:00+00:00,1.5973,1.6027,1.5972,1.6002,1400331.7
2026-02-04 04:10:00+00:00,1.6002,1.6008,1.5979,1.6002,597283.2
2026-02-04 04:15:00+00:00,1.6002,1.6006,1.5975,1.5987,596635.9
2026-02-04 04:20:00+00:00,1.5986,1.6004,1.5954,1.5954,926912.1
2026-02-04 04:25:00+00:00,1.5954,1.5984,1.5954,1.5974,1440537.6
2026-02-04 04:30:00+00:00,1.5973,1.5995,1.596,1.5975,972065.8
2026-02-04 04:35:00+00:00,1.5976,1.5985,1.5959,1.597,627922.3
2026-02-04 04:40:00+00:00,1.5969,1.5973,1.5947,1.5952,546438.9
2026-02-04 04:45:00+00:00,1.5951,1.5952,1.5919,1.5942,1329596.3
2026-02-04 04:50:00+00:00,1.5943,1.5948,1.5923,1.5944,624075.6
2026-02-04 04:55:00+00:00,1.5944,1.5952,1.5929,1.594,528948.7
2026-02-04 05:00:00+00:00,1.594,1.5954,1.5919,1.5923,886967.1
2026-02-04 05:05:00+00:00,1.5922,1.593,1.5906,1.5921,942170.1
2026-02-04 05:10:00+00:00,1.5922,1.5945,1.5922,1.593,622062.7
2026-02-04 05:15:00+00:00,1.593,1.5951,1.5909,1.5909,774987.0
2026-02-04 05:20:00+00:00,1.591,1.5927,1.5898,1.5921,1339445.0
2026-02-04 05:25:00+00:00,1.5921,1.5948,1.5918,1.5932,571501.1
2026-02-04 05:30:00+00:00,1.5931,1.5931,1.591,1.5922,659415.4
2026-02-04 05:35:00+00:00,1.5922,1.5927,1.5889,1.5894,857083.1
2026-02-04 05:40:00+00:00,1.5894,1.5905,1.5874,1.5888,965357.2
2026-02-04 05:45:00+00:00,1.5888,1.5909,1.5879,1.588,1035034.3
2026-02-04 05:50:00+00:00,1.588,1.589,1.5819,1.5826,2013165.3
2026-02-04 05:55:00+00:00,1.5825,1.586,1.5825,1.5856,1242198.9
2026-02-04 06:00:00+00:00,1.5856,1.587,1.5843,1.5869,1301181.8
2026-02-04 06:05:00+00:00,1.587,1.5932,1.5867,1.5932,1619932.2
2026-02-04 06:10:00+00:00,1.5932,1.5943,1.5921,1.5931,1273155.1
2026-02-04 06:15:00+00:00,1.593,1.5943,1.5929,1.5942,728768.0
2026-02-04 06:20:00+00:00,1.5942,1.5945,1.5845,1.5878,5662697.3
2026-02-04 06:25:00+00:00,1.5879,1.5908,1.5875,1.5885,1132015.1
2026-02-04 06:30:00+00:00,1.5884,1.5916,1.5872,1.5914,1072395.2
2026-02-04 06:35:00+00:00,1.5914,1.5991,1.5914,1.5972,1979209.4
2026-02-04 06:40:00+00:00,1.5971,1.6017,1.5959,1.6007,5841867.1
2026-02-04 06:45:00+00:00,1.6007,1.6043,1.6001,1.6016,2484865.1
2026-02-04 06:50:00+00:00,1.6017,1.604,1.6002,1.6015,2034425.1
2026-02-04 06:55:00+00:00,1.6016,1.603,1.6003,1.6003,944749.8
2026-02-04 07:00:00+00:00,1.6004,1.601,1.5971,1.5983,1465608.9
2026-02-04 07:05:00+00:00,1.5983,1.5993,1.5973,1.5992,1153628.3
2026-02-04 07:10:00+00:00,1.5992,1.6045,1.5949,1.6026,8022646.6
2026-02-04 07:15:00+00:00,1.6027,1.6049,1.6003,1.6021,2288341.4
2026-02-04 07:20:00+00:00,1.602,1.6022,1.5987,1.5995,2126240.5
2026-02-04 07:25:00+00:00,1.5995,1.6054,1.5994,1.6041,6719679.8
2026-02-04 07:30:00+00:00,1.6042,1.607,1.6024,1.6028,2622856.0
2026-02-04 07:35:00+00:00,1.6029,1.6055,1.601,1.6039,1898326.1
2026-02-04 07:40:00+00:00,1.6039,1.6077,1.6028,1.6062,1581454.9
2026-02-04 07:45:00+00:00,1.6062,1.607,1.602,1.6041,1501306.8
2026-02-04 07:50:00+00:00,1.6041,1.606,1.6023,1.6028,669441.9
2026-02-04 07:55:00+00:00,1.6028,1.6046,1.6028,1.6045,311932.8
2026-02-04 08:00:00+00:00,1.6046,1.6057,1.6006,1.6013,2466484.8
2026-02-04 08:05:00+00:00,1.6013,1.6034,1.6009,1.6026,796118.1
2026-02-04 08:10:00+00:00,1.6025,1.6053,1.6011,1.6038,1060862.6
2026-02-04 08:15:00+00:00,1.6037,1.608,1.6025,1.6063,1143114.8
2026-02-04 08:20:00+00:00,1.6063,1.607,1.6004,1.6013,927564.9
2026-02-04 08:25:00+00:00,1.6014,1.6029,1.5989,1.6007,1776335.4
2026-02-04 08:30:00+00:00,1.6007,1.6046,1.5996,1.6038,1057602.9
2026-02-04 08:35:00+00:00,1.6038,1.6056,1.6029,1.6048,757888.1
2026-02-04 08:40:00+00:00,1.6048,1.6079,1.6036,1.6078,1199427.9
2026-02-04 08:45:00+00:00,1.6078,1.6116,1.6071,1.6098,2575932.7
2026-02-04 08:50:00+00:00,1.6098,1.6113,1.6084,1.609,1042817.0
2026-02-04 08:55:00+00:00,1.6091,1.6097,1.6076,1.609,722409.4
2026-02-04 09:00:00+00:00,1.6089,1.609,1.6045,1.6052,1176052.8
2026-02-04 09:05:00+00:00,1.6051,1.6082,1.5995,1.6051,9946049.5
2026-02-04 09:10:00+00:00,1.6052,1.6074,1.6033,1.6036,1018121.0
2026-02-04 09:15:00+00:00,1.6035,1.6048,1.6001,1.6029,1200974.4
2026-02-04 09:20:00+00:00,1.6029,1.6049,1.5985,1.6012,1479543.1
2026-02-04 09:25:00+00:00,1.6012,1.6014,1.5984,1.6,1549086.2
2026-02-04 09:30:00+00:00,1.6,1.6023,1.5982,1.6,1413396.2
2026-02-04 09:35:00+00:00,1.6,1.6006,1.5958,1.6004,1803804.4
2026-02-04 09:40:00+00:00,1.6003,1.6026,1.5971,1.5979,1329447.4
2026-02-04 09:45:00+00:00,1.5979,1.5996,1.597,1.5982,780526.5
2026-02-04 09:50:00+00:00,1.5981,1.6005,1.5968,1.5993,644966.9
2026-02-04 09:55:00+00:00,1.5993,1.6004,1.5975,1.598,554134.5
2026-02-04 10:00:00+00:00,1.5979,1.5992,1.5972,1.598,869729.5
2026-02-04 10:05:00+00:00,1.5981,1.6005,1.598,1.6003,898579.8
2026-02-04 10:10:00+00:00,1.6003,1.6011,1.5989,1.6002,489656.7
2026-02-04 10:15:00+00:00,1.6002,1.6032,1.5992,1.6016,1034700.1
2026-02-04 10:20:00+00:00,1.6015,1.6022,1.6001,1.6002,715304.2
2026-02-04 10:25:00+00:00,1.6002,1.6009,1.5992,1.5999,511693.0
2026-02-04 10:30:00+00:00,1.6,1.6023,1.5995,1.6013,1149398.9
2026-02-04 10:35:00+00:00,1.6012,1.6013,1.5948,1.5969,1280658.8
2026-02-04 10:40:00+00:00,1.5969,1.598,1.5957,1.5966,912319.3
2026-02-04 10:45:00+00:00,1.5966,1.5973,1.5952,1.5965,437943.6
2026-02-04 10:50:00+00:00,1.5964,1.5972,1.5948,1.5956,595811.3
2026-02-04 10:55:00+00:00,1.5956,1.5966,1.5944,1.5949,596884.6
2026-02-04 11:00:00+00:00,1.5949,1.5952,1.5809,1.586,10369815.1
2026-02-04 11:05:00+00:00,1.5859,1.5866,1.5781,1.5787,8703736.6
2026-02-04 11:10:00+00:00,1.5786,1.5828,1.5781,1.5812,2134327.1
2026-02-04 11:15:00+00:00,1.5812,1.5853,1.5789,1.582,2961656.0
2026-02-04 11:20:00+00:00,1.5819,1.5873,1.5819,1.5873,1735292.7
2026-02-04 11:25:00+00:00,1.5872,1.5916,1.5866,1.5869,1555934.4
2026-02-04 11:30:00+00:00,1.5869,1.5923,1.5863,1.5919,5777748.7
2026-02-04 11:35:00+00:00,1.5918,1.599,1.5904,1.5928,2936529.5
2026-02-04 11:40:00+00:00,1.5928,1.5933,1.5901,1.5925,778584.2
2026-02-04 11:45:00+00:00,1.5925,1.5942,1.5911,1.5931,1483236.5
2026-02-04 11:50:00+00:00,1.593,1.5939,1.5893,1.5914,1068146.8
2026-02-04 11:55:00+00:00,1.5913,1.593,1.591,1.5915,1068253.6
2026-02-04 12:00:00+00:00,1.5915,1.595,1.591,1.5938,1273160.4
2026-02-04 12:05:00+00:00,1.5938,1.595,1.5923,1.5943,1545072.9
2026-02-04 12:10:00+00:00,1.5943,1.5952,1.5928,1.5947,1222185.4
2026-02-04 12:15:00+00:00,1.5947,1.5972,1.594,1.5965,1465324.9
2026-02-04 12:20:00+00:00,1.5965,1.5973,1.5931,1.5936,1327862.3
2026-02-04 12:25:00+00:00,1.5936,1.5937,1.5878,1.5891,3944252.6
2026-02-04 12:30:00+00:00,1.589,1.5929,1.5885,1.5929,1323599.6
2026-02-04 12:35:00+00:00,1.5929,1.5932,1.59,1.5913,1083549.7
2026-02-04 12:40:00+00:00,1.5912,1.5934,1.59,1.5913,679008.4
2026-02-04 12:45:00+00:00,1.5914,1.5919,1.5895,1.5896,758270.3
2026-02-04 12:50:00+00:00,1.5895,1.5905,1.588,1.5897,1141960.1
2026-02-04 12:55:00+00:00,1.5897,1.5915,1.5894,1.5905,967928.8
2026-02-04 13:00:00+00:00,1.5904,1.5909,1.5872,1.5877,1482211.4
2026-02-04 13:05:00+00:00,1.5876,1.5914,1.5873,1.5898,1048470.0
2026-02-04 13:10:00+00:00,1.5898,1.5909,1.5886,1.5887,832365.7
2026-02-04 13:15:00+00:00,1.5887,1.5897,1.5842,1.5843,2288950.7
2026-02-04 13:20:00+00:00,1.5842,1.5846,1.5802,1.5815,3209986.7
2026-02-04 13:25:00+00:00,1.5815,1.5825,1.5801,1.581,1734330.5
2026-02-04 13:30:00+00:00,1.581,1.5843,1.578,1.5796,3445757.4
2026-02-04 13:35:00+00:00,1.5797,1.5799,1.5748,1.5754,7672454.9
2026-02-04 13:40:00+00:00,1.5754,1.5777,1.5734,1.575,3613624.7
2026-02-04 13:45:00+00:00,1.5751,1.5787,1.5684,1.5699,5431749.7
2026-02-04 13:50:00+00:00,1.5699,1.5746,1.5697,1.572,3842870.6
2026-02-04 13:55:00+00:00,1.5721,1.5728,1.5639,1.564,3625899.4
2026-02-04 14:00:00+00:00,1.5639,1.5692,1.5635,1.5672,4513612.5
2026-02-04 14:05:00+00:00,1.5672,1.5721,1.5624,1.5639,3810888.6
2026-02-04 14:10:00+00:00,1.564,1.5708,1.5634,1.5693,2627763.1
2026-02-04 14:15:00+00:00,1.5693,1.5705,1.5643,1.569,2466610.4
2026-02-04 14:20:00+00:00,1.569,1.5703,1.5636,1.5646,2518468.7
2026-02-04 14:25:00+00:00,1.5646,1.5674,1.5639,1.5669,897076.9
2026-02-04 14:30:00+00:00,1.5669,1.5684,1.5506,1.5529,12447542.0
2026-02-04 14:35:00+00:00,1.5529,1.5743,1.5509,1.5635,12932724.2
2026-02-04 14:40:00+00:00,1.5635,1.5694,1.5567,1.5624,7761605.2
2026-02-04 14:45:00+00:00,1.5624,1.5701,1.5591,1.5671,4828352.2
2026-02-04 14:50:00+00:00,1.567,1.5673,1.5473,1.5552,9536122.7
2026-02-04 14:55:00+00:00,1.5553,1.56,1.5415,1.5442,8607153.2
2026-02-04 15:00:00+00:00,1.5442,1.5521,1.5364,1.5484,14909702.0
2026-02-04 15:05:00+00:00,1.5483,1.5591,1.5421,1.5566,14472191.9
2026-02-04 15:10:00+00:00,1.5567,1.5597,1.5521,1.554,6706396.5
2026-02-04 15:15:00+00:00,1.5541,1.5571,1.5446,1.545,4876030.7
2026-02-04 15:20:00+00:00,1.5451,1.5607,1.5448,1.5575,7226104.9
2026-02-04 15:25:00+00:00,1.5575,1.564,1.5478,1.5535,8028299.5
2026-02-04 15:30:00+00:00,1.5535,1.5548,1.538,1.5382,6158054.1
2026-02-04 15:35:00+00:00,1.5382,1.5471,1.5283,1.5383,19019949.4
2026-02-04 15:40:00+00:00,1.5384,1.553,1.5378,1.5439,8724780.2
2026-02-04 15:45:00+00:00,1.544,1.5451,1.5373,1.5395,3984255.1
2026-02-04 15:50:00+00:00,1.5396,1.5469,1.5356,1.5419,5715433.9
2026-02-04 15:55:00+00:00,1.5419,1.5469,1.5397,1.5429,4337097.5
2026-02-04 16:00:00+00:00,1.543,1.5444,1.5395,1.5406,4544620.2
2026-02-04 16:05:00+00:00,1.5406,1.5489,1.538,1.539,4260161.8
2026-02-04 16:10:00+00:00,1.539,1.5486,1.534,1.5398,9139186.4
2026-02-04 16:15:00+00:00,1.5398,1.5421,1.5285,1.5338,10667712.6
2026-02-04 16:20:00+00:00,1.5337,1.538,1.5278,1.5352,6871880.9
2026-02-04 16:25:00+00:00,1.5353,1.5436,1.5313,1.5414,7237811.5
2026-02-04 16:30:00+00:00,1.5414,1.5426,1.5294,1.5308,7031247.5
2026-02-04 16:35:00+00:00,1.5309,1.5315,1.5219,1.5223,11863394.4
2026-02-04 16:40:00+00:00,1.5223,1.5264,1.5195,1.5218,6258816.8
2026-02-04 16:45:00+00:00,1.5219,1.5254,1.518,1.5224,4188414.7
2026-02-04 16:50:00+00:00,1.5225,1.5347,1.5206,1.5294,9742969.6
2026-02-04 16:55:00+00:00,1.5295,1.537,1.5293,1.5303,8616344.5
2026-02-04 17:00:00+00:00,1.5304,1.5343,1.5221,1.5259,9751393.7
2026-02-04 17:05:00+00:00,1.5258,1.528,1.5176,1.5232,4383489.4
2026-02-04 17:10:00+00:00,1.5231,1.5355,1.5183,1.5309,6394286.4
2026-02-04 17:15:00+00:00,1.5309,1.5382,1.5223,1.5227,4589052.3
2026-02-04 17:20:00+00:00,1.5228,1.5248,1.5205,1.5224,4382463.9
2026-02-04 17:25:00+00:00,1.5224,1.524,1.5126,1.5146,8087687.1
2026-02-04 17:30:00+00:00,1.5147,1.525,1.5122,1.5173,10233546.8
2026-02-04 17:35:00+00:00,1.5172,1.5187,1.5042,1.5088,11792407.1
2026-02-04 17:40:00+00:00,1.5088,1.5203,1.5055,1.5175,7245208.8
2026-02-04 17:45:00+00:00,1.5175,1.5191,1.5097,1.5131,2936251.0
2026-02-04 17:50:00+00:00,1.513,1.5167,1.5101,1.5151,3303798.0
2026-02-04 17:55:00+00:00,1.5151,1.5249,1.515,1.5209,6030382.3
2026-02-04 18:00:00+00:00,1.521,1.5215,1.5122,1.515,4255089.9
2026-02-04 18:05:00+00:00,1.515,1.5184,1.5047,1.5055,8949942.5
2026-02-04 18:10:00+00:00,1.5055,1.52,1.5054,1.5094,6716774.1
2026-02-04 18:15:00+00:00,1.5094,1.5148,1.5045,1.5108,8178176.8
2026-02-04 18:20:00+00:00,1.5108,1.5146,1.5028,1.5062,6230399.8
2026-02-04 18:25:00+00:00,1.5062,1.5305,1.5062,1.5229,10922690.2
2026-02-04 18:30:00+00:00,1.5228,1.5313,1.5191,1.5281,9613649.1
2026-02-04 18:35:00+00:00,1.5281,1.544,1.5243,1.5408,9860368.2
2026-02-04 18:40:00+00:00,1.5408,1.5543,1.5369,1.5492,14024500.9
2026-02-04 18:45:00+00:00,1.5491,1.5501,1.5365,1.5394,9896882.5
2026-02-04 18:50:00+00:00,1.5394,1.5441,1.5352,1.5406,7635373.7
2026-02-04 18:55:00+00:00,1.5406,1.5409,1.5328,1.5339,3071230.8
2026-02-04 19:00:00+00:00,1.5338,1.5469,1.5329,1.5416,4502337.8
2026-02-04 19:05:00+00:00,1.5415,1.5424,1.535,1.536,2210104.6
2026-02-04 19:10:00+00:00,1.5361,1.5393,1.532,1.5337,2084239.0
2026-02-04 19:15:00+00:00,1.5337,1.5401,1.5328,1.5344,3855407.2
2026-02-04 19:20:00+00:00,1.5345,1.5355,1.5248,1.531,6261708.4
2026-02-04 19:25:00+00:00,1.531,1.5325,1.5275,1.5281,2435952.9
2026-02-04 19:30:00+00:00,1.5281,1.531,1.5258,1.5307,2118718.7
2026-02-04 19:35:00+00:00,1.5307,1.5348,1.5274,1.5274,2434842.3
2026-02-04 19:40:00+00:00,1.5275,1.5398,1.5274,1.5386,2424669.5
2026-02-04 19:45:00+00:00,1.5385,1.5528,1.5382,1.5441,5556007.9
2026-02-04 19:50:00+00:00,1.5441,1.5528,1.539,1.547,2871817.3
2026-02-04 19:55:00+00:00,1.547,1.5563,1.5461,1.5538,6924351.3
2026-02-04 20:00:00+00:00,1.5537,1.5554,1.5481,1.5507,4226839.3
2026-02-04 20:05:00+00:00,1.5507,1.5521,1.5409,1.542,3788318.0
2026-02-04 20:10:00+00:00,1.542,1.5427,1.539,1.539,2646752.8
2026-02-04 20:15:00+00:00,1.5391,1.5457,1.538,1.5429,3173897.8
2026-02-04 20:20:00+00:00,1.5429,1.5448,1.5398,1.54,1297591.2
2026-02-04 20:25:00+00:00,1.5401,1.5418,1.5366,1.539,1501043.5
2026-02-04 20:30:00+00:00,1.539,1.5398,1.5341,1.5378,2058269.5
2026-02-04 20:35:00+00:00,1.5377,1.5411,1.5358,1.5406,1263199.5
2026-02-04 20:40:00+00:00,1.5406,1.541,1.5378,1.5387,928180.6
2026-02-04 20:45:00+00:00,1.5387,1.5404,1.537,1.5399,1188001.2
2026-02-04 20:50:00+00:00,1.54,1.5408,1.5363,1.5382,1011945.0
2026-02-04 20:55:00+00:00,1.5383,1.54,1.5348,1.5356,2341751.9
2026-02-04 21:00:00+00:00,1.5357,1.5388,1.5269,1.5278,5423509.2
2026-02-04 21:05:00+00:00,1.5277,1.53,1.521,1.5234,4586385.1
2026-02-04 21:10:00+00:00,1.5235,1.5301,1.5232,1.5282,1989544.4
2026-02-04 21:15:00+00:00,1.5283,1.5289,1.5193,1.5202,2220157.3
2026-02-04 21:20:00+00:00,1.5203,1.5219,1.518,1.5194,1520652.5
2026-02-04 21:25:00+00:00,1.5194,1.5223,1.5183,1.5203,1909771.7
2026-02-04 21:30:00+00:00,1.5204,1.5257,1.5199,1.5245,1362215.2
2026-02-04 21:35:00+00:00,1.5244,1.5269,1.521,1.526,1494195.4
2026-02-04 21:40:00+00:00,1.5259,1.5262,1.5111,1.5129,3727673.2
2026-02-04 21:45:00+00:00,1.5129,1.5156,1.5057,1.5067,5893695.6
2026-02-04 21:50:00+00:00,1.5067,1.5118,1.5064,1.5071,2384275.1
2026-02-04 21:55:00+00:00,1.507,1.5179,1.5069,1.5167,2558992.3
2026-02-04 22:00:00+00:00,1.5168,1.5173,1.5009,1.5024,7255281.5
2026-02-04 22:05:00+00:00,1.5024,1.5049,1.4934,1.5014,14849935.7
2026-02-04 22:10:00+00:00,1.5015,1.506,1.496,1.5049,4086653.2
2026-02-04 22:15:00+00:00,1.5049,1.5165,1.5041,1.5156,5675955.2
2026-02-04 22:20:00+00:00,1.5156,1.5367,1.5147,1.5331,10316374.4
2026-02-04 22:25:00+00:00,1.5332,1.5438,1.5312,1.5414,6575632.8
2026-02-04 22:30:00+00:00,1.5415,1.5438,1.5324,1.5357,6179395.4
2026-02-04 22:35:00+00:00,1.5357,1.5365,1.5174,1.5247,6720263.0
2026-02-04 22:40:00+00:00,1.5247,1.5267,1.5153,1.5175,2101910.7
2026-02-04 22:45:00+00:00,1.5174,1.5244,1.5174,1.5206,1554112.3
2026-02-04 22:50:00+00:00,1.5207,1.5211,1.5124,1.5153,1674248.7
2026-02-04 22:55:00+00:00,1.5153,1.5178,1.5061,1.5099,5094773.0
2026-02-04 23:00:00+00:00,1.5099,1.5126,1.5052,1.5078,3212816.5
2026-02-04 23:05:00+00:00,1.5077,1.5119,1.5046,1.5087,3369924.0
2026-02-04 23:10:00+00:00,1.5086,1.5121,1.507,1.5121,1938790.0
2026-02-04 23:15:00+00:00,1.5121,1.5261,1.5073,1.5142,9266727.0
2026-02-04 23:20:00+00:00,1.5142,1.5201,1.509,1.5181,4062814.9
2026-02-04 23:25:00+00:00,1.5181,1.5246,1.5179,1.5209,3242853.1
2026-02-04 23:30:00+00:00,1.521,1.525,1.5184,1.5216,2319282.7
2026-02-04 23:35:00+00:00,1.5216,1.5257,1.5168,1.5215,5016377.2
2026-02-04 23:40:00+00:00,1.5215,1.5225,1.5155,1.5191,3247213.9
2026-02-04 23:45:00+00:00,1.5191,1.5216,1.5185,1.5197,1679233.1
2026-02-04 23:50:00+00:00,1.5197,1.5212,1.5146,1.5161,3136727.3
2026-02-04 23:55:00+00:00,1.516,1.5167,1.5096,1.5111,3876296.5
2026-02-05 00:00:00+00:00,1.5111,1.5121,1.5067,1.5067,3731792.3
2026-02-05 00:05:00+00:00,1.5068,1.5102,1.5032,1.5036,4875165.7
2026-02-05 00:10:00+00:00,1.5036,1.505,1.5014,1.5021,3226791.6
2026-02-05 00:15:00+00:00,1.5021,1.5067,1.5008,1.5058,4169607.5
2026-02-05 00:20:00+00:00,1.5059,1.5131,1.5054,1.5092,2973012.9
2026-02-05 00:25:00+00:00,1.5092,1.5144,1.5071,1.5129,2745402.1
2026-02-05 00:30:00+00:00,1.5129,1.5129,1.4986,1.4998,5064433.4
2026-02-05 00:35:00+00:00,1.4999,1.5022,1.4912,1.498,11797633.2
2026-02-05 00:40:00+00:00,1.4981,1.505,1.4974,1.4998,3552943.1
2026-02-05 00:45:00+00:00,1.4998,1.5034,1.498,1.5018,1671060.7
2026-02-05 00:50:00+00:00,1.5018,1.5049,1.4937,1.4952,3430526.5
2026-02-05 00:55:00+00:00,1.4953,1.496,1.4882,1.4899,8744478.4
2026-02-05 01:00:00+00:00,1.49,1.4909,1.4862,1.49,5747884.1
2026-02-05 01:05:00+00:00,1.49,1.4977,1.4882,1.4961,4723877.0
2026-02-05 01:10:00+00:00,1.4961,1.5018,1.4932,1.4935,5055938.6
2026-02-05 01:15:00+00:00,1.4934,1.4934,1.4761,1.4761,12086387.9
2026-02-05 01:20:00+00:00,1.4762,1.4765,1.4593,1.4694,18724262.5
2026-02-05 01:25:00+00:00,1.4694,1.4899,1.467,1.4862,11425836.3
2026-02-05 01:30:00+00:00,1.4862,1.4951,1.4833,1.4913,9252710.8
2026-02-05 01:35:00+00:00,1.4913,1.4913,1.4802,1.4818,6189489.2
2026-02-05 01:40:00+00:00,1.4819,1.4833,1.467,1.4819,15365780.2
2026-02-05 01:45:00+00:00,1.4819,1.4833,1.4761,1.4789,4064508.6
2026-02-05 01:50:00+00:00,1.4788,1.4809,1.4689,1.47,4894690.3
2026-02-05 01:55:00+00:00,1.4701,1.4768,1.4697,1.4742,2743663.4
2026-02-05 02:00:00+00:00,1.4741,1.4782,1.4675,1.4686,4953176.7
2026-02-05 02:05:00+00:00,1.4686,1.4727,1.4612,1.468,7756641.9
2026-02-05 02:10:00+00:00,1.4679,1.4712,1.46,1.4625,3827737.7
2026-02-05 02:15:00+00:00,1.4625,1.4714,1.4552,1.4658,15727691.8
2026-02-05 02:20:00+00:00,1.4658,1.4712,1.4649,1.4689,4134763.6
2026-02-05 02:25:00+00:00,1.4689,1.4699,1.4628,1.4693,3731990.5
2026-02-05 02:30:00+00:00,1.4694,1.4728,1.4676,1.4699,4249986.1
2026-02-05 02:35:00+00:00,1.4699,1.4847,1.4697,1.4786,9886597.5
2026-02-05 02:40:00+00:00,1.4786,1.481,1.4731,1.4773,4904604.1
2026-02-05 02:45:00+00:00,1.4773,1.478,1.4609,1.4615,6522204.7
2026-02-05 02:50:00+00:00,1.4615,1.4653,1.4566,1.4613,6882888.8
2026-02-05 02:55:00+00:00,1.4613,1.4625,1.4492,1.4522,10002252.4
2026-02-05 03:00:00+00:00,1.4521,1.4631,1.4502,1.4562,8055783.9
2026-02-05 03:05:00+00:00,1.4563,1.465,1.4482,1.4647,8735616.9
2026-02-05 03:10:00+00:00,1.4647,1.4662,1.4541,1.4551,4437736.0
2026-02-05 03:15:00+00:00,1.4552,1.4563,1.4452,1.4531,9512703.5
2026-02-05 03:20:00+00:00,1.4531,1.4621,1.4531,1.456,4370057.6
2026-02-05 03:25:00+00:00,1.4559,1.4576,1.4496,1.4513,4174379.3
2026-02-05 03:30:00+00:00,1.4512,1.4514,1.4459,1.4484,3520795.7
2026-02-05 03:35:00+00:00,1.4484,1.4505,1.443,1.4439,5494765.8
2026-02-05 03:40:00+00:00,1.444,1.4489,1.4426,1.4431,4781933.1
2026-02-05 03:45:00+00:00,1.4431,1.4487,1.4398,1.4436,6400175.4
2026-02-05 03:50:00+00:00,1.4437,1.4442,1.4389,1.441,6658095.2
2026-02-05 03:55:00+00:00,1.441,1.4443,1.4386,1.4424,3382035.4
2026-02-05 04:00:00+00:00,1.4425,1.446,1.4418,1.4422,3267115.1
2026-02-05 04:05:00+00:00,1.4423,1.4496,1.4374,1.4472,9658528.2
2026-02-05 04:10:00+00:00,1.4472,1.456,1.4389,1.4431,7734438.6
2026-02-05 04:15:00+00:00,1.443,1.4482,1.4358,1.4455,6012497.1
2026-02-05 04:20:00+00:00,1.4455,1.4524,1.4441,1.4488,4504987.5
2026-02-05 04:25:00+00:00,1.4487,1.4521,1.4423,1.45,4637765.6
2026-02-05 04:30:00+00:00,1.4499,1.4509,1.4422,1.4438,4165900.0
2026-02-05 04:35:00+00:00,1.4439,1.4504,1.4432,1.4466,2599010.9
2026-02-05 04:40:00+00:00,1.4466,1.4575,1.4461,1.4567,5556516.5
2026-02-05 04:45:00+00:00,1.4567,1.4569,1.4505,1.4522,3768299.9
2026-02-05 04:50:00+00:00,1.4523,1.4559,1.4466,1.4473,3656851.5
2026-02-05 04:55:00+00:00,1.4473,1.4487,1.4431,1.4451,2762602.9
2026-02-05 05:00:00+00:00,1.445,1.449,1.4442,1.4471,2769713.7
2026-02-05 05:05:00+00:00,1.447,1.4479,1.441,1.4423,2661384.5
2026-02-05 05:10:00+00:00,1.4423,1.4528,1.4422,1.4494,2352489.1
2026-02-05 05:15:00+00:00,1.4494,1.4514,1.4387,1.4416,3574243.0
2026-02-05 05:20:00+00:00,1.4417,1.4429,1.4305,1.4341,9881343.4
2026-02-05 05:25:00+00:00,1.4342,1.4408,1.4305,1.4347,7059930.3
2026-02-05 05:30:00+00:00,1.4348,1.4379,1.4296,1.4363,4894406.2
2026-02-05 05:35:00+00:00,1.4363,1.4488,1.4358,1.4455,5485363.5
2026-02-05 05:40:00+00:00,1.4456,1.4582,1.4447,1.4534,6314817.1
2026-02-05 05:45:00+00:00,1.4534,1.4544,1.44,1.4405,5393326.6
2026-02-05 05:50:00+00:00,1.4405,1.4464,1.4403,1.4435,1746396.4
2026-02-05 05:55:00+00:00,1.4435,1.445,1.4402,1.4411,1440694.4
2026-02-05 06:00:00+00:00,1.4411,1.4434,1.4305,1.4326,5363340.0
2026-02-05 06:05:00+00:00,1.4326,1.4334,1.4258,1.4272,9525472.9
2026-02-05 06:10:00+00:00,1.4271,1.4323,1.4259,1.4302,4043905.1
2026-02-05 06:15:00+00:00,1.4301,1.4331,1.4237,1.4249,4584263.6
2026-02-05 06:20:00+00:00,1.4249,1.4258,1.4218,1.4224,4668409.4
2026-02-05 06:25:00+00:00,1.4224,1.4244,1.4194,1.4243,8491817.1
2026-02-05 06:30:00+00:00,1.4244,1.4307,1.4243,1.4291,4459902.7
2026-02-05 06:35:00+00:00,1.4292,1.4325,1.4247,1.4309,3104151.2
2026-02-05 06:40:00+00:00,1.4309,1.4315,1.4268,1.427,1929418.7
2026-02-05 06:45:00+00:00,1.4271,1.4298,1.4171,1.4212,8303464.6
2026-02-05 06:50:00+00:00,1.4212,1.4229,1.4189,1.4206,2152443.7
2026-02-05 06:55:00+00:00,1.4205,1.4271,1.4203,1.4258,3486747.9
2026-02-05 07:00:00+00:00,1.4257,1.448,1.4241,1.4443,10238376.9
2026-02-05 07:05:00+00:00,1.4443,1.4443,1.4317,1.4331,4848146.0
2026-02-05 07:10:00+00:00,1.4332,1.4342,1.4315,1.4325,1748918.5
2026-02-05 07:15:00+00:00,1.4324,1.4374,1.4303,1.4363,3534392.3
2026-02-05 07:20:00+00:00,1.4363,1.4425,1.4339,1.4398,5157073.9
2026-02-05 07:25:00+00:00,1.4397,1.4495,1.4392,1.4464,8319705.4
2026-02-05 07:30:00+00:00,1.4465,1.4483,1.444,1.445,2199107.5
2026-02-05 07:35:00+00:00,1.445,1.446,1.4385,1.4389,3259779.8
2026-02-05 07:40:00+00:00,1.439,1.4421,1.4357,1.4415,3309118.6
2026-02-05 07:45:00+00:00,1.4416,1.4429,1.4371,1.4389,1429282.4
2026-02-05 07:50:00+00:00,1.439,1.44,1.4356,1.4389,1767096.6
2026-02-05 07:55:00+00:00,1.4388,1.4388,1.4297,1.4316,3464829.3
2026-02-05 08:00:00+00:00,1.4317,1.4357,1.4313,1.4328,3002155.9
2026-02-05 08:05:00+00:00,1.4327,1.4369,1.4311,1.4332,1505354.7
2026-02-05 08:10:00+00:00,1.4333,1.4346,1.4307,1.4338,2406702.4
2026-02-05 08:15:00+00:00,1.4337,1.4353,1.4284,1.4319,2423209.8
2026-02-05 08:20:00+00:00,1.4318,1.4338,1.4274,1.4285,2481356.4
2026-02-05 08:25:00+00:00,1.4285,1.4366,1.4283,1.4324,2709029.1
2026-02-05 08:30:00+00:00,1.4323,1.4427,1.432,1.4386,3162726.7
2026-02-05 08:35:00+00:00,1.4386,1.4404,1.4343,1.4394,2294364.5
2026-02-05 08:40:00+00:00,1.4393,1.44,1.4338,1.434,1599548.1
2026-02-05 08:45:00+00:00,1.4339,1.4373,1.4305,1.4316,2410617.1
2026-02-05 08:50:00+00:00,1.4316,1.4322,1.4275,1.4308,2789483.3
2026-02-05 08:55:00+00:00,1.4308,1.4334,1.4251,1.4271,3675814.2
2026-02-05 09:00:00+00:00,1.4271,1.4304,1.4264,1.4284,3150045.8
2026-02-05 09:05:00+00:00,1.4284,1.4438,1.4266,1.4413,8363888.3
2026-02-05 09:10:00+00:00,1.4413,1.4439,1.4372,1.4383,8454818.0
2026-02-05 09:15:00+00:00,1.4384,1.4443,1.4343,1.4348,4832243.1
2026-02-05 09:20:00+00:00,1.4348,1.4371,1.4288,1.4296,5571483.8
2026-02-05 09:25:00+00:00,1.4297,1.4313,1.4282,1.4302,3633392.5
2026-02-05 09:30:00+00:00,1.4301,1.4314,1.422,1.4227,6031777.8
2026-02-05 09:35:00+00:00,1.4227,1.4229,1.4151,1.4182,8889837.3
2026-02-05 09:40:00+00:00,1.4183,1.4233,1.4142,1.4145,6750270.9
2026-02-05 09:45:00+00:00,1.4145,1.4169,1.4114,1.4124,6578728.1
2026-02-05 09:50:00+00:00,1.4125,1.4168,1.412,1.4156,4535094.9
2026-02-05 09:55:00+00:00,1.4157,1.4169,1.4118,1.4131,3793919.0
2026-02-05 10:00:00+00:00,1.4131,1.4144,1.406,1.4082,9244067.2
2026-02-05 10:05:00+00:00,1.4083,1.4089,1.3971,1.3977,19099372.0
2026-02-05 10:10:00+00:00,1.3978,1.407,1.3975,1.4053,8808026.1
2026-02-05 10:15:00+00:00,1.4054,1.4127,1.4032,1.4111,6510248.8
2026-02-05 10:20:00+00:00,1.4112,1.4142,1.4031,1.4053,6144657.1
2026-02-05 10:25:00+00:00,1.4052,1.4068,1.4017,1.4062,4837746.9
2026-02-05 10:30:00+00:00,1.4061,1.408,1.3981,1.3982,4596128.0
2026-02-05 10:35:00+00:00,1.3981,1.3997,1.3899,1.39,9455367.5
2026-02-05 10:40:00+00:00,1.39,1.3924,1.3864,1.3869,10529591.4
2026-02-05 10:45:00+00:00,1.387,1.3884,1.3762,1.3763,15215237.3
2026-02-05 10:50:00+00:00,1.3764,1.378,1.3629,1.3641,27316447.1
2026-02-05 10:55:00+00:00,1.3641,1.368,1.3561,1.3665,21334371.2
2026-02-05 11:00:00+00:00,1.3665,1.3784,1.3657,1.3723,13633119.5
2026-02-05 11:05:00+00:00,1.3724,1.382,1.3723,1.3783,7981707.0
2026-02-05 11:10:00+00:00,1.3783,1.3784,1.3572,1.3595,19802541.1
2026-02-05 11:15:00+00:00,1.3595,1.3654,1.3549,1.358,15767654.8
2026-02-05 11:20:00+00:00,1.358,1.3597,1.3417,1.3421,21242426.2
2026-02-05 11:25:00+00:00,1.3421,1.3502,1.3416,1.3463,14324672.9
2026-02-05 11:30:00+00:00,1.3464,1.3536,1.3454,1.3528,10806750.5
2026-02-05 11:35:00+00:00,1.3527,1.3706,1.35,1.3672,12319418.2
2026-02-05 11:40:00+00:00,1.3673,1.3798,1.3673,1.3726,11256574.4
2026-02-05 11:45:00+00:00,1.3725,1.3741,1.3665,1.3681,6939754.6
2026-02-05 11:50:00+00:00,1.3681,1.3687,1.358,1.3601,5727311.2
2026-02-05 11:55:00+00:00,1.3601,1.3656,1.359,1.3646,4128937.3
2026-02-05 12:00:00+00:00,1.3645,1.3769,1.3624,1.3733,9793836.4
2026-02-05 12:05:00+00:00,1.3734,1.3757,1.3652,1.3673,5115771.0
2026-02-05 12:10:00+00:00,1.3673,1.3718,1.3669,1.3672,4215033.6
2026-02-05 12:15:00+00:00,1.3673,1.3688,1.3564,1.3584,9169760.9
2026-02-05 12:20:00+00:00,1.3585,1.3662,1.3534,1.3535,9902294.5
2026-02-05 12:25:00+00:00,1.3535,1.373,1.353,1.3683,12436989.0
2026-02-05 12:30:00+00:00,1.3683,1.3758,1.3619,1.3665,8801750.6
2026-02-05 12:35:00+00:00,1.3666,1.3707,1.3609,1.3634,5600656.9
2026-02-05 12:40:00+00:00,1.3634,1.3672,1.358,1.3621,4908674.4
2026-02-05 12:45:00+00:00,1.3621,1.3635,1.3591,1.3628,4531671.4
2026-02-05 12:50:00+00:00,1.3627,1.37,1.36,1.3606,7836386.2
2026-02-05 12:55:00+00:00,1.3606,1.3682,1.357,1.3648,4622021.6
2026-02-05 13:00:00+00:00,1.3647,1.3664,1.3619,1.3632,3981190.1
2026-02-05 13:05:00+00:00,1.3632,1.3685,1.3597,1.365,7209162.3
2026-02-05 13:10:00+00:00,1.3649,1.3692,1.3579,1.3584,6566025.3
2026-02-05 13:15:00+00:00,1.3584,1.3589,1.3525,1.3536,8741416.3
2026-02-05 13:20:00+00:00,1.3535,1.355,1.3452,1.3488,11042726.5
2026-02-05 13:25:00+00:00,1.3487,1.3503,1.3408,1.3452,11369313.4
2026-02-05 13:30:00+00:00,1.3452,1.3596,1.3449,1.3571,10509477.0
2026-02-05 13:35:00+00:00,1.3571,1.359,1.3524,1.3525,3747841.9
2026-02-05 13:40:00+00:00,1.3525,1.3544,1.35,1.3522,3026916.6
2026-02-05 13:45:00+00:00,1.3523,1.3537,1.3492,1.3534,3838561.6
2026-02-05 13:50:00+00:00,1.3533,1.358,1.3508,1.3567,2807487.5
2026-02-05 13:55:00+00:00,1.3567,1.3589,1.3486,1.352,4465434.7
2026-02-05 14:00:00+00:00,1.352,1.3699,1.3517,1.3625,12554801.8
2026-02-05 14:05:00+00:00,1.3624,1.3624,1.3568,1.3603,4163451.1
2026-02-05 14:10:00+00:00,1.3603,1.363,1.3548,1.3587,3621459.2
2026-02-05 14:15:00+00:00,1.3587,1.3615,1.352,1.3549,3768673.6
2026-02-05 14:20:00+00:00,1.3549,1.363,1.3548,1.3624,2990031.7
2026-02-05 14:25:00+00:00,1.3625,1.3651,1.361,1.3621,4382009.4
2026-02-05 14:30:00+00:00,1.3622,1.3724,1.3582,1.369,11480037.9
2026-02-05 14:35:00+00:00,1.3689,1.3846,1.3671,1.3786,14481729.7
2026-02-05 14:40:00+00:00,1.3787,1.379,1.3708,1.3755,7803629.7
2026-02-05 14:45:00+00:00,1.3755,1.3861,1.3731,1.3738,10898198.7
2026-02-05 14:50:00+00:00,1.3738,1.3769,1.3657,1.3685,8048992.8
2026-02-05 14:55:00+00:00,1.3686,1.3689,1.3534,1.3563,9287437.8
2026-02-05 15:00:00+00:00,1.3563,1.3635,1.3468,1.3513,13721513.0
2026-02-05 15:05:00+00:00,1.3512,1.3522,1.3346,1.3371,20692058.2
2026-02-05 15:10:00+00:00,1.3371,1.3407,1.3165,1.3193,25079566.7
2026-02-05 15:15:00+00:00,1.3193,1.3364,1.3188,1.3237,24291365.1
2026-02-05 15:20:00+00:00,1.3236,1.3248,1.2852,1.3004,59093177.4
2026-02-05 15:25:00+00:00,1.3004,1.3114,1.2813,1.2825,36828015.0
2026-02-05 15:30:00+00:00,1.2824,1.3028,1.2677,1.274,39134008.5
2026-02-05 15:35:00+00:00,1.2741,1.297,1.2708,1.2948,39902338.1
2026-02-05 15:40:00+00:00,1.2947,1.3084,1.2857,1.3004,23262849.9
2026-02-05 15:45:00+00:00,1.3004,1.3042,1.2842,1.2954,16314938.6
2026-02-05 15:50:00+00:00,1.2954,1.3183,1.2946,1.3003,23056772.6
2026-02-05 15:55:00+00:00,1.3004,1.3043,1.2906,1.2959,12318191.8
2026-02-05 16:00:00+00:00,1.296,1.2996,1.2821,1.2867,14381119.4
2026-02-05 16:05:00+00:00,1.2867,1.2996,1.2847,1.2852,12586131.8
2026-02-05 16:10:00+00:00,1.2851,1.2996,1.2784,1.2834,17005892.3
2026-02-05 16:15:00+00:00,1.2835,1.3003,1.2806,1.289,16615614.8
2026-02-05 16:20:00+00:00,1.2889,1.307,1.2847,1.3069,16535066.7
2026-02-05 16:25:00+00:00,1.307,1.3126,1.2954,1.2983,16597789.1
2026-02-05 16:30:00+00:00,1.2984,1.3085,1.287,1.2932,19502679.3
2026-02-05 16:35:00+00:00,1.2931,1.3004,1.2885,1.2913,8624856.5
2026-02-05 16:40:00+00:00,1.2913,1.2934,1.2827,1.2852,10471343.3
2026-02-05 16:45:00+00:00,1.2851,1.2876,1.2704,1.2765,22310128.0
2026-02-05 16:50:00+00:00,1.2765,1.2982,1.2762,1.2922,24523491.9
2026-02-05 16:55:00+00:00,1.2921,1.2949,1.2756,1.2794,15812652.6
2026-02-05 17:00:00+00:00,1.2793,1.2827,1.259,1.2624,23595898.7
2026-02-05 17:05:00+00:00,1.2624,1.2637,1.2361,1.2383,28676161.0
2026-02-05 17:10:00+00:00,1.2382,1.244,1.2294,1.2322,25499038.0
2026-02-05 17:15:00+00:00,1.2322,1.2398,1.2253,1.2335,24375335.2
2026-02-05 17:20:00+00:00,1.2334,1.2707,1.215,1.2671,55212614.1
2026-02-05 17:25:00+00:00,1.2671,1.2826,1.2633,1.2779,26981001.3
2026-02-05 17:30:00+00:00,1.2778,1.2832,1.2588,1.2643,23135744.3
2026-02-05 17:35:00+00:00,1.2643,1.2748,1.2622,1.2676,9914621.6
2026-02-05 17:40:00+00:00,1.2676,1.2788,1.2607,1.2655,10433531.7
2026-02-05 17:45:00+00:00,1.2655,1.2734,1.2574,1.2602,9271222.9
2026-02-05 17:50:00+00:00,1.2602,1.2686,1.2586,1.2596,7481573.4
2026-02-05 17:55:00+00:00,1.2597,1.2603,1.2476,1.2496,11812675.9
2026-02-05 18:00:00+00:00,1.2497,1.2579,1.2413,1.2497,18905310.9
2026-02-05 18:05:00+00:00,1.2497,1.2543,1.2411,1.2461,8135150.9
2026-02-05 18:10:00+00:00,1.2462,1.2547,1.2446,1.2491,6763095.9
2026-02-05 18:15:00+00:00,1.2491,1.2527,1.2336,1.2357,14066771.4
2026-02-05 18:20:00+00:00,1.2357,1.238,1.2185,1.2348,23334425.9
2026-02-05 18:25:00+00:00,1.2348,1.2365,1.2174,1.2248,14831490.7
2026-02-05 18:30:00+00:00,1.2249,1.2322,1.2154,1.2237,15370423.6
2026-02-05 18:35:00+00:00,1.2238,1.2302,1.2156,1.2185,11727631.0
2026-02-05 18:40:00+00:00,1.2185,1.2322,1.217,1.2213,11940763.9
2026-02-05 18:45:00+00:00,1.2214,1.2359,1.2173,1.2296,16388231.3
2026-02-05 18:50:00+00:00,1.2296,1.2476,1.2261,1.2413,12943210.1
2026-02-05 18:55:00+00:00,1.2413,1.2667,1.2392,1.2605,18794007.1
2026-02-05 19:00:00+00:00,1.2605,1.2625,1.2462,1.2481,14589405.2
2026-02-05 19:05:00+00:00,1.2482,1.2588,1.242,1.2426,8508956.6
2026-02-05 19:10:00+00:00,1.2427,1.2508,1.2386,1.2423,9151458.9
2026-02-05 19:15:00+00:00,1.2423,1.2558,1.2405,1.2517,11678646.5
2026-02-05 19:20:00+00:00,1.2516,1.2516,1.2345,1.2368,8747651.1
2026-02-05 19:25:00+00:00,1.2368,1.2374,1.2267,1.2314,11232918.8
2026-02-05 19:30:00+00:00,1.2314,1.2384,1.2252,1.2342,11785008.9
2026-02-05 19:35:00+00:00,1.2342,1.2378,1.2302,1.2317,5406613.1
2026-02-05 19:40:00+00:00,1.2317,1.233,1.22,1.2236,12534518.6
2026-02-05 19:45:00+00:00,1.2236,1.2266,1.2156,1.218,13002685.3
2026-02-05 19:50:00+00:00,1.218,1.2239,1.207,1.2132,21465808.4
2026-02-05 19:55:00+00:00,1.2133,1.2165,1.2099,1.2127,5922804.8
2026-02-05 20:00:00+00:00,1.2127,1.2237,1.2104,1.213,12224568.8
2026-02-05 20:05:00+00:00,1.2129,1.2204,1.2017,1.2181,19558992.1
2026-02-05 20:10:00+00:00,1.2181,1.2187,1.1966,1.1983,18217446.1
2026-02-05 20:15:00+00:00,1.1984,1.1992,1.1783,1.1824,36604329.4
2026-02-05 20:20:00+00:00,1.1824,1.1869,1.1523,1.1576,50548763.6
2026-02-05 20:25:00+00:00,1.1576,1.1768,1.137,1.1566,68769879.8
2026-02-05 20:30:00+00:00,1.1566,1.17,1.1539,1.165,29991518.0
2026-02-05 20:35:00+00:00,1.165,1.1875,1.1556,1.1858,34372055.3
2026-02-05 20:40:00+00:00,1.1858,1.2035,1.1852,1.1953,29099227.8
2026-02-05 20:45:00+00:00,1.1952,1.1986,1.18,1.181,17420459.7
2026-02-05 20:50:00+00:00,1.181,1.1872,1.1732,1.1783,17567409.6
2026-02-05 20:55:00+00:00,1.1784,1.2006,1.174,1.1898,35585942.2
2026-02-05 21:00:00+00:00,1.19,1.2075,1.1784,1.1979,44820390.9
2026-02-05 21:05:00+00:00,1.198,1.2008,1.1835,1.1838,14678673.0
2026-02-05 21:10:00+00:00,1.1839,1.1862,1.1703,1.1709,12058440.2
2026-02-05 21:15:00+00:00,1.1708,1.1712,1.1505,1.153,21021599.9
2026-02-05 21:20:00+00:00,1.153,1.1914,1.1499,1.1784,31214283.6
2026-02-05 21:25:00+00:00,1.1784,1.1841,1.1611,1.1822,17315511.8
2026-02-05 21:30:00+00:00,1.1823,1.1917,1.1757,1.1761,15396092.3
2026-02-05 21:35:00+00:00,1.1762,1.179,1.1634,1.1726,13205751.3
2026-02-05 21:40:00+00:00,1.1726,1.1851,1.166,1.1713,14772438.5
2026-02-05 21:45:00+00:00,1.1713,1.1822,1.1658,1.1676,14822794.3
2026-02-05 21:50:00+00:00,1.1676,1.1703,1.1536,1.1602,19587757.8
2026-02-05 21:55:00+00:00,1.1603,1.1642,1.1503,1.1616,12080543.7
2026-02-05 22:00:00+00:00,1.1617,1.1766,1.1606,1.1726,15687536.0
2026-02-05 22:05:00+00:00,1.1727,1.1876,1.1602,1.185,23085361.1
2026-02-05 22:10:00+00:00,1.1847,1.1894,1.1758,1.178,13515049.5
2026-02-05 22:15:00+00:00,1.178,1.181,1.1465,1.1586,34591935.7
2026-02-05 22:20:00+00:00,1.1585,1.1601,1.152,1.1562,11668996.8
2026-02-05 22:25:00+00:00,1.1564,1.198,1.1534,1.1915,32955101.8
2026-02-05 22:30:00+00:00,1.1916,1.2067,1.1878,1.1938,19895758.5
2026-02-05 22:35:00+00:00,1.1938,1.2025,1.1918,1.1998,8269682.5
2026-02-05 22:40:00+00:00,1.1997,1.2053,1.1948,1.205,5140069.1
2026-02-05 22:45:00+00:00,1.2049,1.2173,1.2036,1.2168,14875331.7
2026-02-05 22:50:00+00:00,1.2168,1.2358,1.2153,1.2236,23517605.8
2026-02-05 22:55:00+00:00,1.2236,1.2275,1.2151,1.2243,11909420.6
2026-02-05 23:00:00+00:00,1.2242,1.2479,1.2157,1.2463,29970641.6
2026-02-05 23:05:00+00:00,1.2462,1.2643,1.2412,1.2502,41191179.3
2026-02-05 23:10:00+00:00,1.2502,1.2577,1.2481,1.2554,15282156.1
2026-02-05 23:15:00+00:00,1.2555,1.2619,1.2497,1.2513,14820561.8
2026-02-05 23:20:00+00:00,1.2513,1.2521,1.2333,1.2348,18247271.5
2026-02-05 23:25:00+00:00,1.2349,1.2463,1.2347,1.2451,9603440.4
2026-02-05 23:30:00+00:00,1.245,1.2517,1.236,1.2366,12282922.4
2026-02-05 23:35:00+00:00,1.2365,1.2389,1.2256,1.2345,16989239.0
2026-02-05 23:40:00+00:00,1.2345,1.2346,1.2201,1.2209,11177194.9
2026-02-05 23:45:00+00:00,1.221,1.2296,1.22,1.2243,7113981.9
2026-02-05 23:50:00+00:00,1.2243,1.225,1.2075,1.2115,17515614.6
2026-02-05 23:55:00+00:00,1.2115,1.2175,1.2099,1.2136,8558196.1
2026-02-06 00:00:00+00:00,1.2136,1.2175,1.1877,1.1947,30882640.6
2026-02-06 00:05:00+00:00,1.1947,1.1976,1.1692,1.1788,35320085.1
2026-02-06 00:10:00+00:00,1.1788,1.1818,1.1359,1.1446,64829259.6
2026-02-06 00:15:00+00:00,1.1445,1.1724,1.1187,1.1233,101350673.3
2026-02-06 00:20:00+00:00,1.1234,1.1546,1.1174,1.149,57972761.8
2026-02-06 00:25:00+00:00,1.149,1.1629,1.1414,1.1532,29803831.3
2026-02-06 00:30:00+00:00,1.1531,1.1809,1.1488,1.1796,23505183.7
2026-02-06 00:35:00+00:00,1.1796,1.2261,1.1791,1.2132,36880539.4
2026-02-06 00:40:00+00:00,1.2132,1.2167,1.1995,1.2162,24028016.0
2026-02-06 00:45:00+00:00,1.2161,1.2304,1.2006,1.2112,20932600.4
2026-02-06 00:50:00+00:00,1.2112,1.2349,1.2106,1.23,17463963.8
2026-02-06 00:55:00+00:00,1.2299,1.2311,1.2105,1.2163,9325478.1
2026-02-06 01:00:00+00:00,1.2163,1.2333,1.213,1.2317,14208108.6
2026-02-06 01:05:00+00:00,1.2317,1.241,1.2217,1.2381,14528442.7
2026-02-06 01:10:00+00:00,1.2381,1.2474,1.2279,1.23,14687481.7
2026-02-06 01:15:00+00:00,1.23,1.2425,1.227,1.233,9385735.4
2026-02-06 01:20:00+00:00,1.233,1.241,1.2309,1.2397,5785750.6
2026-02-06 01:25:00+00:00,1.2396,1.2446,1.2352,1.2417,7546626.3
2026-02-06 01:30:00+00:00,1.2417,1.252,1.2402,1.2515,8906384.8
2026-02-06 01:35:00+00:00,1.2514,1.2591,1.241,1.246,11231455.7
2026-02-06 01:40:00+00:00,1.246,1.257,1.244,1.2556,7279481.5
2026-02-06 01:45:00+00:00,1.2556,1.28,1.2519,1.2778,18485778.7
2026-02-06 01:50:00+00:00,1.2779,1.2917,1.2752,1.2833,23253665.8
2026-02-06 01:55:00+00:00,1.2834,1.2931,1.2762,1.2787,17767793.2
2026-02-06 02:00:00+00:00,1.2788,1.2846,1.2673,1.2734,14220188.1
2026-02-06 02:05:00+00:00,1.2734,1.2767,1.2618,1.2709,11327005.6
2026-02-06 02:10:00+00:00,1.2708,1.2724,1.2568,1.2606,11294247.1
2026-02-06 02:15:00+00:00,1.2606,1.2647,1.2532,1.2546,9898422.1
2026-02-06 02:20:00+00:00,1.2547,1.2549,1.2416,1.2472,14974039.8
2026-02-06 02:25:00+00:00,1.2472,1.2536,1.2467,1.2519,5374343.8
2026-02-06 02:30:00+00:00,1.2519,1.2676,1.2491,1.2613,11147280.4
2026-02-06 02:35:00+00:00,1.2613,1.2695,1.2585,1.2688,6097886.3
2026-02-06 02:40:00+00:00,1.2688,1.2764,1.2665,1.2684,10096097.8
2026-02-06 02:45:00+00:00,1.2684,1.2704,1.255,1.2609,8699398.5
2026-02-06 02:50:00+00:00,1.261,1.2634,1.2545,1.2578,4880762.4
2026-02-06 02:55:00+00:00,1.2578,1.2605,1.2537,1.2605,3534393.3
2026-02-06 03:00:00+00:00,1.2605,1.2721,1.2584,1.2644,5626160.8
2026-02-06 03:05:00+00:00,1.2645,1.2692,1.257,1.2629,5531485.4
2026-02-06 03:10:00+00:00,1.2629,1.2631,1.255,1.2584,4171302.1
2026-02-06 03:15:00+00:00,1.2583,1.2647,1.2556,1.2615,3740421.5
2026-02-06 03:20:00+00:00,1.2615,1.269,1.257,1.2585,6721685.6
2026-02-06 03:25:00+00:00,1.2586,1.2703,1.2549,1.2686,5352137.3
2026-02-06 03:30:00+00:00,1.2686,1.2759,1.2681,1.2706,6211187.6
2026-02-06 03:35:00+00:00,1.2706,1.2746,1.2653,1.2691,6057417.1
2026-02-06 03:40:00+00:00,1.2691,1.2717,1.2657,1.2677,2895261.9
2026-02-06 03:45:00+00:00,1.2677,1.2703,1.2588,1.264,5012509.3
2026-02-06 03:50:00+00:00,1.2641,1.2678,1.2573,1.2608,5305207.0
2026-02-06 03:55:00+00:00,1.2608,1.2698,1.2608,1.2691,3530233.3
2026-02-06 04:00:00+00:00,1.2691,1.2697,1.2618,1.2659,3056536.1
2026-02-06 04:05:00+00:00,1.2658,1.275,1.2638,1.2659,5160504.5
2026-02-06 04:10:00+00:00,1.2659,1.2752,1.2622,1.2727,4977592.5
2026-02-06 04:15:00+00:00,1.2728,1.2819,1.2699,1.2808,5599820.9
2026-02-06 04:20:00+00:00,1.2808,1.2865,1.2767,1.2862,5847534.3
2026-02-06 04:25:00+00:00,1.2862,1.2899,1.2829,1.2829,5719142.1
2026-02-06 04:30:00+00:00,1.283,1.2846,1.2777,1.2808,5520390.6
2026-02-06 04:35:00+00:00,1.2807,1.2807,1.2678,1.2698,15401134.4
2026-02-06 04:40:00+00:00,1.2698,1.2752,1.2665,1.2745,4536955.8
2026-02-06 04:45:00+00:00,1.2745,1.281,1.2738,1.279,4679832.8
2026-02-06 04:50:00+00:00,1.2791,1.2815,1.276,1.2791,3232737.6
2026-02-06 04:55:00+00:00,1.2791,1.2805,1.2758,1.2798,2372248.6
2026-02-06 05:00:00+00:00,1.2797,1.2912,1.2771,1.2906,7648242.5
2026-02-06 05:05:00+00:00,1.2905,1.3087,1.2892,1.2958,21693771.2
2026-02-06 05:10:00+00:00,1.2959,1.3098,1.2938,1.3036,11745347.9
2026-02-06 05:15:00+00:00,1.3036,1.3038,1.2896,1.2952,11931256.8
2026-02-06 05:20:00+00:00,1.2952,1.2974,1.29,1.2923,6133888.1
2026-02-06 05:25:00+00:00,1.2923,1.3001,1.2865,1.2969,9291600.7
2026-02-06 05:30:00+00:00,1.2969,1.3079,1.2966,1.3072,8969863.2
2026-02-06 05:35:00+00:00,1.3072,1.3079,1.2984,1.3054,7428180.2
2026-02-06 05:40:00+00:00,1.3055,1.3105,1.3028,1.3058,7088371.0
2026-02-06 05:45:00+00:00,1.3058,1.3091,1.3025,1.3066,5706455.1
2026-02-06 05:50:00+00:00,1.3065,1.3255,1.3057,1.3253,16159038.9
2026-02-06 05:55:00+00:00,1.3252,1.3292,1.3131,1.328,15736880.0
2026-02-06 06:00:00+00:00,1.328,1.334,1.3233,1.3283,13935733.1
2026-02-06 06:05:00+00:00,1.3282,1.3319,1.3233,1.3268,9844782.7
2026-02-06 06:10:00+00:00,1.3267,1.3272,1.3154,1.3198,13426888.7
2026-02-06 06:15:00+00:00,1.3197,1.3269,1.3177,1.3196,13683158.6
2026-02-06 06:20:00+00:00,1.3196,1.33,1.3187,1.3241,9483836.8
2026-02-06 06:25:00+00:00,1.3241,1.3241,1.309,1.314,11556091.2
2026-02-06 06:30:00+00:00,1.3139,1.3172,1.3067,1.3069,5728156.2
2026-02-06 06:35:00+00:00,1.307,1.3104,1.3004,1.3068,12586153.4
2026-02-06 06:40:00+00:00,1.3068,1.3131,1.302,1.3075,7116969.3
2026-02-06 06:45:00+00:00,1.3075,1.3122,1.3019,1.3032,7145895.4
2026-02-06 06:50:00+00:00,1.3033,1.3098,1.3027,1.3091,4297024.2
2026-02-06 06:55:00+00:00,1.3091,1.3096,1.2996,1.3021,4656299.9
2026-02-06 07:00:00+00:00,1.3021,1.3035,1.2939,1.2955,11432307.7
2026-02-06 07:05:00+00:00,1.2955,1.3003,1.2878,1.2908,10547121.7
2026-02-06 07:10:00+00:00,1.2909,1.2952,1.2881,1.2951,5099411.5
2026-02-06 07:15:00+00:00,1.2951,1.2956,1.2872,1.2897,5120708.2
2026-02-06 07:20:00+00:00,1.2898,1.2995,1.2893,1.2951,7130998.8
2026-02-06 07:25:00+00:00,1.2951,1.2987,1.2901,1.2984,3183948.0
2026-02-06 07:30:00+00:00,1.2983,1.3079,1.296,1.3056,11145027.0
2026-02-06 07:35:00+00:00,1.3056,1.3066,1.3025,1.3055,4605028.7
2026-02-06 07:40:00+00:00,1.3056,1.3125,1.3022,1.3061,6121541.7
2026-02-06 07:45:00+00:00,1.3061,1.3077,1.2961,1.2961,4845128.8
2026-02-06 07:50:00+00:00,1.2961,1.2964,1.2882,1.2905,10832613.6
2026-02-06 07:55:00+00:00,1.2904,1.2947,1.2903,1.2913,2937315.4
2026-02-06 08:00:00+00:00,1.2912,1.2951,1.2867,1.2916,6168736.1
2026-02-06 08:05:00+00:00,1.2917,1.301,1.2917,1.3004,6351012.0
2026-02-06 08:10:00+00:00,1.3005,1.3017,1.2965,1.2994,3607738.0
2026-02-06 08:15:00+00:00,1.2993,1.3001,1.2861,1.2886,7213259.7
2026-02-06 08:20:00+00:00,1.2886,1.2981,1.2884,1.2893,4364508.0
2026-02-06 08:25:00+00:00,1.2893,1.2957,1.2862,1.2885,5421074.4
2026-02-06 08:30:00+00:00,1.2886,1.2902,1.2835,1.287,6526237.6
2026-02-06 08:35:00+00:00,1.2871,1.2948,1.2867,1.2935,3299029.8
2026-02-06 08:40:00+00:00,1.2935,1.2942,1.2841,1.2902,5905013.2
2026-02-06 08:45:00+00:00,1.2902,1.2954,1.2886,1.2942,6132842.9
2026-02-06 08:50:00+00:00,1.2941,1.3053,1.2927,1.3031,9855251.1
2026-02-06 08:55:00+00:00,1.303,1.3083,1.2993,1.3015,6422554.0
2026-02-06 09:00:00+00:00,1.3015,1.3025,1.2954,1.2967,5212300.9
2026-02-06 09:05:00+00:00,1.2966,1.3016,1.2942,1.2985,3469072.9
2026-02-06 09:10:00+00:00,1.2986,1.2992,1.2923,1.2947,8511721.0
2026-02-06 09:15:00+00:00,1.2946,1.3038,1.2914,1.3003,4792931.8
2026-02-06 09:20:00+00:00,1.3003,1.3088,1.2975,1.3079,6286684.0
2026-02-06 09:25:00+00:00,1.3079,1.3144,1.3056,1.313,4989557.1
2026-02-06 09:30:00+00:00,1.3129,1.3264,1.3123,1.3247,8816903.2
2026-02-06 09:35:00+00:00,1.3247,1.3296,1.3158,1.3197,8564366.3
2026-02-06 09:40:00+00:00,1.3196,1.323,1.314,1.3224,6652294.5
2026-02-06 09:45:00+00:00,1.3224,1.3262,1.3154,1.3256,6148685.0
2026-02-06 09:50:00+00:00,1.3255,1.3293,1.3247,1.3277,8231744.0
2026-02-06 09:55:00+00:00,1.3276,1.3302,1.3249,1.3288,7371895.9
2026-02-06 10:00:00+00:00,1.3287,1.335,1.3268,1.33,10942897.5
2026-02-06 10:05:00+00:00,1.33,1.3412,1.3298,1.3402,9024852.2
2026-02-06 10:10:00+00:00,1.3402,1.3407,1.327,1.336,10915799.5
2026-02-06 10:15:00+00:00,1.336,1.351,1.3354,1.3505,13887050.7
2026-02-06 10:20:00+00:00,1.3506,1.3546,1.3427,1.3508,13228411.4
2026-02-06 10:25:00+00:00,1.3508,1.3624,1.3508,1.3611,12592934.6
2026-02-06 10:30:00+00:00,1.361,1.382,1.3578,1.3765,23832393.9
2026-02-06 10:35:00+00:00,1.3766,1.3872,1.369,1.3753,27403321.7
2026-02-06 10:40:00+00:00,1.3753,1.3787,1.3671,1.3773,20615165.5
2026-02-06 10:45:00+00:00,1.3773,1.3818,1.3705,1.3705,15813758.2
2026-02-06 10:50:00+00:00,1.3705,1.3722,1.3591,1.3669,14927240.9
2026-02-06 10:55:00+00:00,1.3669,1.3696,1.3559,1.358,7454894.6
2026-02-06 11:00:00+00:00,1.358,1.3599,1.3514,1.3584,8610432.8
2026-02-06 11:05:00+00:00,1.3584,1.3585,1.3504,1.3506,4655924.8
2026-02-06 11:10:00+00:00,1.3506,1.3626,1.3506,1.3624,6475929.8
2026-02-06 11:15:00+00:00,1.3624,1.3661,1.353,1.3548,7685606.2
2026-02-06 11:20:00+00:00,1.3549,1.3602,1.3517,1.3586,5837749.0
2026-02-06 11:25:00+00:00,1.3586,1.3586,1.3514,1.3561,4276333.3
2026-02-06 11:30:00+00:00,1.3561,1.3682,1.3534,1.3644,12067362.6
2026-02-06 11:35:00+00:00,1.3643,1.367,1.357,1.3627,6632697.3
2026-02-06 11:40:00+00:00,1.3627,1.3654,1.3585,1.3617,4664773.7
2026-02-06 11:45:00+00:00,1.3618,1.3631,1.3565,1.3582,2817913.5
2026-02-06 11:50:00+00:00,1.3583,1.3667,1.3583,1.3641,4362315.2
2026-02-06 11:55:00+00:00,1.3641,1.3705,1.363,1.3671,5541991.6
2026-02-06 12:00:00+00:00,1.367,1.367,1.3612,1.3621,5365949.3
2026-02-06 12:05:00+00:00,1.3622,1.3642,1.3563,1.3617,6082519.2
2026-02-06 12:10:00+00:00,1.3617,1.3642,1.3571,1.3633,8496122.5
2026-02-06 12:15:00+00:00,1.3633,1.3644,1.3593,1.3644,4400168.1
2026-02-06 12:20:00+00:00,1.3644,1.3757,1.3638,1.3753,10679221.2
2026-02-06 12:25:00+00:00,1.3753,1.381,1.3719,1.3777,6833276.1
2026-02-06 12:30:00+00:00,1.3776,1.3823,1.3728,1.3744,8140853.1
2026-02-06 12:35:00+00:00,1.3743,1.378,1.3716,1.372,5773252.0
2026-02-06 12:40:00+00:00,1.372,1.3773,1.3699,1.3714,5173028.1
2026-02-06 12:45:00+00:00,1.3715,1.3786,1.3711,1.3735,4015227.6
2026-02-06 12:50:00+00:00,1.3735,1.3756,1.3707,1.3725,3195155.9
2026-02-06 12:55:00+00:00,1.3725,1.3822,1.3725,1.3804,4736950.1
2026-02-06 13:00:00+00:00,1.3805,1.386,1.375,1.384,8335847.0
2026-02-06 13:05:00+00:00,1.384,1.3861,1.3762,1.3834,10199911.3
2026-02-06 13:10:00+00:00,1.3835,1.4094,1.3834,1.407,20182287.3
2026-02-06 13:15:00+00:00,1.4069,1.407,1.3889,1.4062,14138139.3
2026-02-06 13:20:00+00:00,1.4061,1.4067,1.4004,1.4021,8784691.1
2026-02-06 13:25:00+00:00,1.4022,1.4022,1.3917,1.3987,11823305.0
2026-02-06 13:30:00+00:00,1.3987,1.4123,1.3946,1.4117,9669879.8
2026-02-06 13:35:00+00:00,1.4116,1.4285,1.4107,1.4278,18104582.8
2026-02-06 13:40:00+00:00,1.4279,1.4392,1.4255,1.4329,18798376.4
2026-02-06 13:45:00+00:00,1.4328,1.4366,1.4279,1.4329,11090358.2
2026-02-06 13:50:00+00:00,1.4329,1.4374,1.4257,1.4342,13804356.5
2026-02-06 13:55:00+00:00,1.4343,1.438,1.423,1.4271,8934238.5
2026-02-06 14:00:00+00:00,1.4271,1.4294,1.4126,1.4136,14380053.2
2026-02-06 14:05:00+00:00,1.4136,1.4171,1.4028,1.4095,14163972.7
2026-02-06 14:10:00+00:00,1.4095,1.4174,1.4083,1.4159,9664371.5
2026-02-06 14:15:00+00:00,1.4159,1.4271,1.4129,1.4149,11491753.6
2026-02-06 14:20:00+00:00,1.4148,1.4152,1.4013,1.4023,10593211.3
2026-02-06 14:25:00+00:00,1.4024,1.4131,1.4021,1.4129,8140413.5
2026-02-06 14:30:00+00:00,1.4129,1.4543,1.4119,1.4445,35192750.2
2026-02-06 14:35:00+00:00,1.4441,1.4565,1.4378,1.4438,20090232.1
2026-02-06 14:40:00+00:00,1.4437,1.4549,1.4382,1.4534,10805931.4
2026-02-06 14:45:00+00:00,1.4535,1.4738,1.4527,1.4599,25954947.1
2026-02-06 14:50:00+00:00,1.4598,1.4735,1.4563,1.4652,14491062.3
2026-02-06 14:55:00+00:00,1.4652,1.4854,1.4538,1.478,18222158.9
2026-02-06 15:00:00+00:00,1.4779,1.4784,1.4622,1.471,19841459.6
2026-02-06 15:05:00+00:00,1.471,1.4846,1.4652,1.4797,16878700.7
2026-02-06 15:10:00+00:00,1.4796,1.486,1.467,1.4698,17076422.0
2026-02-06 15:15:00+00:00,1.4697,1.4837,1.4672,1.4776,15171120.5
2026-02-06 15:20:00+00:00,1.4777,1.4884,1.4697,1.4866,16677558.2
2026-02-06 15:25:00+00:00,1.4864,1.4874,1.4727,1.4812,13453825.3
2026-02-06 15:30:00+00:00,1.4811,1.5035,1.4795,1.5032,20192195.8
2026-02-06 15:35:00+00:00,1.5032,1.5318,1.4994,1.5273,32648339.3
2026-02-06 15:40:00+00:00,1.5272,1.5416,1.516,1.5403,33465776.0
2026-02-06 15:45:00+00:00,1.5403,1.5414,1.5257,1.5258,27953498.8
2026-02-06 15:50:00+00:00,1.5257,1.5264,1.5024,1.5093,28632761.2
2026-02-06 15:55:00+00:00,1.5092,1.5197,1.5077,1.5117,16617290.2
2026-02-06 16:00:00+00:00,1.5118,1.5218,1.5031,1.5193,25010897.6
2026-02-06 16:05:00+00:00,1.5194,1.5311,1.5174,1.5244,17989628.7
2026-02-06 16:10:00+00:00,1.5244,1.5343,1.5195,1.5214,16335855.2
2026-02-06 16:15:00+00:00,1.5214,1.5242,1.5108,1.5203,12252745.6
2026-02-06 16:20:00+00:00,1.5203,1.5283,1.5175,1.5238,9115842.4
2026-02-06 16:25:00+00:00,1.5238,1.5329,1.5151,1.5172,17489146.9
2026-02-06 16:30:00+00:00,1.5172,1.5214,1.508,1.5121,14294891.4
2026-02-06 16:35:00+00:00,1.5121,1.5195,1.5064,1.508,8758475.2
2026-02-06 16:40:00+00:00,1.508,1.508,1.4971,1.5022,14672750.9
2026-02-06 16:45:00+00:00,1.5023,1.5092,1.4911,1.4969,13312871.8
2026-02-06 16:50:00+00:00,1.4969,1.5032,1.4903,1.5027,14426340.6
2026-02-06 16:55:00+00:00,1.5026,1.5026,1.4855,1.4892,11775613.3
2026-02-06 17:00:00+00:00,1.4892,1.4927,1.4803,1.4898,14151386.7
2026-02-06 17:05:00+00:00,1.4898,1.4944,1.4804,1.4943,9643836.1
2026-02-06 17:10:00+00:00,1.4942,1.4998,1.4914,1.4956,8961849.1
2026-02-06 17:15:00+00:00,1.4955,1.5148,1.4915,1.506,14955032.4
2026-02-06 17:20:00+00:00,1.5059,1.5114,1.5032,1.505,6290752.0
2026-02-06 17:25:00+00:00,1.505,1.5105,1.4988,1.5074,7591742.6
2026-02-06 17:30:00+00:00,1.5074,1.5174,1.5035,1.5035,9310349.9
2026-02-06 17:35:00+00:00,1.5035,1.5046,1.492,1.4955,11523249.0
2026-02-06 17:40:00+00:00,1.4954,1.5041,1.4932,1.4963,4677266.9
2026-02-06 17:45:00+00:00,1.4964,1.5044,1.493,1.4953,8369783.2
2026-02-06 17:50:00+00:00,1.4952,1.501,1.4917,1.4935,6179141.2
2026-02-06 17:55:00+00:00,1.4935,1.5012,1.488,1.4939,7978632.1
2026-02-06 18:00:00+00:00,1.4939,1.4962,1.483,1.4835,8305686.6
2026-02-06 18:05:00+00:00,1.4834,1.4845,1.458,1.4595,34529651.6
2026-02-06 18:10:00+00:00,1.4596,1.4748,1.4596,1.473,13860432.3
2026-02-06 18:15:00+00:00,1.4731,1.4745,1.4635,1.4652,7785391.8
2026-02-06 18:20:00+00:00,1.4652,1.4682,1.4529,1.4554,14591674.8
2026-02-06 18:25:00+00:00,1.4555,1.4595,1.4501,1.4567,12153771.4
2026-02-06 18:30:00+00:00,1.4567,1.4649,1.4532,1.4633,10946859.9
2026-02-06 18:35:00+00:00,1.4634,1.4744,1.4598,1.4706,10503967.8
2026-02-06 18:40:00+00:00,1.4705,1.4705,1.4644,1.4644,5088071.0
2026-02-06 18:45:00+00:00,1.4644,1.4694,1.4601,1.4619,4616758.0
2026-02-06 18:50:00+00:00,1.462,1.463,1.4523,1.4581,7965648.8
2026-02-06 18:55:00+00:00,1.4582,1.4609,1.4558,1.4568,3341142.1
2026-02-06 19:00:00+00:00,1.4569,1.4627,1.4542,1.4617,4472628.8
2026-02-06 19:05:00+00:00,1.4617,1.4658,1.4521,1.4523,7397972.8
2026-02-06 19:10:00+00:00,1.4523,1.4528,1.439,1.4408,15817859.9
2026-02-06 19:15:00+00:00,1.4407,1.447,1.4369,1.4439,9352625.3
2026-02-06 19:20:00+00:00,1.4438,1.4526,1.4416,1.4518,6324518.0
2026-02-06 19:25:00+00:00,1.4519,1.4569,1.4474,1.4477,6316501.5
2026-02-06 19:30:00+00:00,1.4478,1.4549,1.4446,1.4528,5623070.7
2026-02-06 19:35:00+00:00,1.4528,1.453,1.4442,1.4465,3829136.6
2026-02-06 19:40:00+00:00,1.4464,1.4488,1.4397,1.4478,5336605.1
2026-02-06 19:45:00+00:00,1.4478,1.455,1.4478,1.4523,7876011.0
2026-02-06 19:50:00+00:00,1.4522,1.4574,1.4468,1.4561,5234785.9
2026-02-06 19:55:00+00:00,1.456,1.4596,1.4547,1.4556,5388585.9
2026-02-06 20:00:00+00:00,1.4557,1.4598,1.4532,1.4591,4003293.2
2026-02-06 20:05:00+00:00,1.4592,1.4599,1.4474,1.449,6471120.8
2026-02-06 20:10:00+00:00,1.4489,1.4525,1.4441,1.4477,4145569.6
2026-02-06 20:15:00+00:00,1.4476,1.4488,1.4415,1.4463,4587289.3
2026-02-06 20:20:00+00:00,1.4463,1.4494,1.4411,1.445,3388680.7
2026-02-06 20:25:00+00:00,1.445,1.4534,1.4433,1.4508,3569423.5
2026-02-06 20:30:00+00:00,1.4507,1.4586,1.4473,1.4577,7574110.8
2026-02-06 20:35:00+00:00,1.4576,1.4629,1.4525,1.4548,8403736.0
2026-02-06 20:40:00+00:00,1.4548,1.4577,1.4513,1.4561,3620840.8
2026-02-06 20:45:00+00:00,1.4562,1.4576,1.4509,1.4576,4515519.5
2026-02-06 20:50:00+00:00,1.4575,1.4622,1.4499,1.4504,4637816.5
2026-02-06 20:55:00+00:00,1.4503,1.4508,1.4376,1.4474,16577159.3
2026-02-06 21:00:00+00:00,1.4475,1.4543,1.4439,1.4497,5755058.1
2026-02-06 21:05:00+00:00,1.4496,1.4499,1.439,1.446,6173455.0
2026-02-06 21:10:00+00:00,1.446,1.4537,1.4458,1.451,2951114.3
2026-02-06 21:15:00+00:00,1.451,1.4564,1.4462,1.4554,3769218.6
2026-02-06 21:20:00+00:00,1.4554,1.4599,1.4546,1.458,3465085.9
2026-02-06 21:25:00+00:00,1.4581,1.4649,1.4581,1.4614,5036131.1
2026-02-06 21:30:00+00:00,1.4613,1.4619,1.4465,1.448,8539377.7
2026-02-06 21:35:00+00:00,1.448,1.4544,1.4464,1.4526,4494722.8
2026-02-06 21:40:00+00:00,1.4526,1.4569,1.4526,1.4529,1889949.2
2026-02-06 21:45:00+00:00,1.453,1.4552,1.45,1.4532,2052927.8
2026-02-06 21:50:00+00:00,1.4532,1.461,1.4531,1.4554,3238038.5
2026-02-06 21:55:00+00:00,1.4554,1.4585,1.455,1.4577,1564751.2
2026-02-06 22:00:00+00:00,1.4576,1.4617,1.4539,1.4586,3723308.3
2026-02-06 22:05:00+00:00,1.4585,1.4661,1.4568,1.4626,5381060.7
2026-02-06 22:10:00+00:00,1.4625,1.4643,1.4558,1.46,3021151.2
2026-02-06 22:15:00+00:00,1.46,1.4644,1.4582,1.4623,2592946.5
2026-02-06 22:20:00+00:00,1.4623,1.4695,1.4614,1.4695,5696288.9
2026-02-06 22:25:00+00:00,1.4695,1.4732,1.4673,1.4707,7692890.5
2026-02-06 22:30:00+00:00,1.4706,1.4823,1.4703,1.4809,12381704.0
2026-02-06 22:35:00+00:00,1.4808,1.4881,1.4797,1.4814,9371672.3
2026-02-06 22:40:00+00:00,1.4814,1.4858,1.4784,1.4787,5162154.4
2026-02-06 22:45:00+00:00,1.4788,1.4873,1.4726,1.4823,6092423.3
2026-02-06 22:50:00+00:00,1.4823,1.4876,1.481,1.4849,2957381.6
2026-02-06 22:55:00+00:00,1.4849,1.4886,1.4803,1.4881,3253306.0
2026-02-06 23:00:00+00:00,1.488,1.4949,1.4818,1.4915,11454372.0
2026-02-06 23:05:00+00:00,1.4915,1.4968,1.4831,1.486,9169319.6
2026-02-06 23:10:00+00:00,1.4859,1.489,1.4758,1.4778,8233722.0
2026-02-06 23:15:00+00:00,1.4778,1.478,1.4653,1.469,9025420.3
2026-02-06 23:20:00+00:00,1.469,1.4739,1.4638,1.4669,5234042.7
2026-02-06 23:25:00+00:00,1.467,1.4702,1.4635,1.4659,3457885.9
2026-02-06 23:30:00+00:00,1.4658,1.4735,1.4647,1.4727,4097870.1
2026-02-06 23:35:00+00:00,1.4727,1.4775,1.4722,1.4772,3012594.3
2026-02-06 23:40:00+00:00,1.4771,1.478,1.4682,1.4687,3087713.6
2026-02-06 23:45:00+00:00,1.4687,1.4744,1.4659,1.471,2577508.6
2026-02-06 23:50:00+00:00,1.4711,1.4718,1.4638,1.469,3631674.8
2026-02-06 23:55:00+00:00,1.469,1.4729,1.4676,1.4684,1797969.3
2026-02-07 00:00:00+00:00,1.4683,1.4688,1.4489,1.4491,18904599.9
2026-02-07 00:05:00+00:00,1.4492,1.4557,1.4455,1.4543,13368241.6
2026-02-07 00:10:00+00:00,1.4542,1.4818,1.4538,1.4777,20441370.8
2026-02-07 00:15:00+00:00,1.4778,1.4869,1.465,1.4707,14852900.4
2026-02-07 00:20:00+00:00,1.4707,1.4785,1.4654,1.4737,7697609.8
2026-02-07 00:25:00+00:00,1.4736,1.4738,1.4544,1.457,9454290.5
2026-02-07 00:30:00+00:00,1.4569,1.4622,1.4506,1.459,9773670.8
2026-02-07 00:35:00+00:00,1.4589,1.4589,1.45,1.4519,6433603.0
2026-02-07 00:40:00+00:00,1.452,1.4579,1.4479,1.4495,5170169.3
2026-02-07 00:45:00+00:00,1.4495,1.4545,1.4443,1.452,7228579.4
2026-02-07 00:50:00+00:00,1.452,1.467,1.4515,1.4584,10909746.1
2026-02-07 00:55:00+00:00,1.4584,1.4591,1.4505,1.4576,5477342.3
2026-02-07 01:00:00+00:00,1.4575,1.4579,1.4486,1.4524,2755432.1
2026-02-07 01:05:00+00:00,1.4525,1.4568,1.4423,1.4429,9388934.6
2026-02-07 01:10:00+00:00,1.4428,1.4441,1.4322,1.4341,16282121.6
2026-02-07 01:15:00+00:00,1.4341,1.4441,1.4324,1.4408,7947171.3
2026-02-07 01:20:00+00:00,1.4408,1.4466,1.4395,1.4444,4413022.7
2026-02-07 01:25:00+00:00,1.4444,1.4518,1.4442,1.4477,4510549.0
2026-02-07 01:30:00+00:00,1.4477,1.4502,1.4437,1.4487,4998468.2
2026-02-07 01:35:00+00:00,1.4488,1.4571,1.4472,1.4522,5439193.2
2026-02-07 01:40:00+00:00,1.4521,1.4545,1.4492,1.4517,2917543.0
2026-02-07 01:45:00+00:00,1.4517,1.4726,1.4509,1.4707,13653202.7
2026-02-07 01:50:00+00:00,1.4707,1.4772,1.4663,1.4723,7844916.6
2026-02-07 01:55:00+00:00,1.4723,1.4764,1.4668,1.4672,4258944.0
2026-02-07 02:00:00+00:00,1.4672,1.469,1.4609,1.4679,7220792.4
2026-02-07 02:05:00+00:00,1.4679,1.47,1.4571,1.4594,6260330.9
2026-02-07 02:10:00+00:00,1.4594,1.4631,1.4585,1.4621,2594402.7
2026-02-07 02:15:00+00:00,1.4621,1.4658,1.4589,1.4628,2208751.9
2026-02-07 02:20:00+00:00,1.4628,1.4654,1.4606,1.4654,1883041.1
2026-02-07 02:25:00+00:00,1.4654,1.4713,1.4654,1.4707,2719911.8
2026-02-07 02:30:00+00:00,1.4707,1.4728,1.4629,1.465,3240731.3
2026-02-07 02:35:00+00:00,1.465,1.4666,1.4615,1.4659,1801288.2
2026-02-07 02:40:00+00:00,1.4659,1.4688,1.4613,1.4616,2024013.8
2026-02-07 02:45:00+00:00,1.4616,1.4617,1.4542,1.4558,4611616.5
2026-02-07 02:50:00+00:00,1.4558,1.4584,1.4551,1.4582,1999811.0
2026-02-07 02:55:00+00:00,1.4582,1.4617,1.4572,1.4595,2203368.6
2026-02-07 03:00:00+00:00,1.4596,1.4696,1.4574,1.4644,3545380.3
2026-02-07 03:05:00+00:00,1.4643,1.467,1.4586,1.4663,2453159.7
2026-02-07 03:10:00+00:00,1.4662,1.4774,1.466,1.4757,4213179.1
2026-02-07 03:15:00+00:00,1.4756,1.4788,1.4712,1.4724,3758065.5
2026-02-07 03:20:00+00:00,1.4724,1.4733,1.4688,1.4717,1632032.5
2026-02-07 03:25:00+00:00,1.4717,1.4846,1.4709,1.4837,6604465.9
2026-02-07 03:30:00+00:00,1.4836,1.4837,1.477,1.4785,3783571.3
2026-02-07 03:35:00+00:00,1.4784,1.4822,1.477,1.4807,2321176.4
2026-02-07 03:40:00+00:00,1.4807,1.4821,1.4717,1.4788,4638981.4
2026-02-07 03:45:00+00:00,1.4788,1.4788,1.4687,1.4703,2680652.0
2026-02-07 03:50:00+00:00,1.4703,1.4744,1.468,1.4735,2008708.6
2026-02-07 03:55:00+00:00,1.4735,1.4746,1.469,1.4725,2350682.4
2026-02-07 04:00:00+00:00,1.4725,1.4758,1.4681,1.4705,4449424.5
2026-02-07 04:05:00+00:00,1.4705,1.4739,1.4662,1.4708,2895762.3
2026-02-07 04:10:00+00:00,1.4709,1.4769,1.4691,1.475,4344955.7
2026-02-07 04:15:00+00:00,1.4749,1.4772,1.4689,1.4728,3814331.6
2026-02-07 04:20:00+00:00,1.4728,1.4842,1.4708,1.4817,4780202.2
2026-02-07 04:25:00+00:00,1.4817,1.4817,1.4666,1.47,4774760.0
2026-02-07 04:30:00+00:00,1.47,1.4749,1.4661,1.4697,3630889.6
2026-02-07 04:35:00+00:00,1.4697,1.4699,1.4611,1.4619,3786073.9
2026-02-07 04:40:00+00:00,1.4619,1.4637,1.4502,1.4528,7973258.5
2026-02-07 04:45:00+00:00,1.4528,1.4597,1.4528,1.4588,3642793.1
2026-02-07 04:50:00+00:00,1.4587,1.463,1.458,1.4604,2567506.2
2026-02-07 04:55:00+00:00,1.4605,1.4615,1.4581,1.4603,1156005.3
2026-02-07 05:00:00+00:00,1.4602,1.4624,1.4567,1.458,2399368.5
2026-02-07 05:05:00+00:00,1.458,1.4661,1.4573,1.4644,2878119.5
2026-02-07 05:10:00+00:00,1.4644,1.4645,1.4593,1.4624,1554260.2
2026-02-07 05:15:00+00:00,1.4623,1.4675,1.4617,1.4643,2161904.1
2026-02-07 05:20:00+00:00,1.4643,1.4692,1.4635,1.4653,2764936.4
2026-02-07 05:25:00+00:00,1.4652,1.4657,1.4518,1.4528,6688163.4
2026-02-07 05:30:00+00:00,1.4528,1.4574,1.451,1.4533,3436350.0
2026-02-07 05:35:00+00:00,1.4534,1.4596,1.4534,1.4547,2230239.9
2026-02-07 05:40:00+00:00,1.4547,1.4583,1.4536,1.457,1340758.1
2026-02-07 05:45:00+00:00,1.4571,1.4615,1.457,1.4607,1757303.0
2026-02-07 05:50:00+00:00,1.4606,1.4606,1.4535,1.4536,3527362.4
2026-02-07 05:55:00+00:00,1.4536,1.4588,1.4522,1.4586,3175883.8
2026-02-07 06:00:00+00:00,1.4585,1.4625,1.4528,1.4622,4177047.0
2026-02-07 06:05:00+00:00,1.4621,1.4634,1.4584,1.4608,2516531.6
2026-02-07 06:10:00+00:00,1.4607,1.4642,1.458,1.462,3139207.9
2026-02-07 06:15:00+00:00,1.4619,1.4621,1.4519,1.4519,2669892.4
2026-02-07 06:20:00+00:00,1.4519,1.4607,1.4515,1.4581,5888998.1
2026-02-07 06:25:00+00:00,1.4582,1.4662,1.4579,1.4616,3806803.8
2026-02-07 06:30:00+00:00,1.4616,1.466,1.4598,1.4616,2522946.9
2026-02-07 06:35:00+00:00,1.4616,1.4688,1.4607,1.4672,3921612.4
2026-02-07 06:40:00+00:00,1.4671,1.4684,1.4609,1.4633,2093302.5
2026-02-07 06:45:00+00:00,1.4632,1.4636,1.4564,1.4573,3892563.7
2026-02-07 06:50:00+00:00,1.4573,1.4583,1.448,1.4487,6991611.0
2026-02-07 06:55:00+00:00,1.4486,1.4496,1.4328,1.4332,16852137.2
2026-02-07 07:00:00+00:00,1.4332,1.446,1.4331,1.4402,10016890.6
2026-02-07 07:05:00+00:00,1.4402,1.4423,1.422,1.4256,20237647.0
2026-02-07 07:10:00+00:00,1.4255,1.4336,1.419,1.4197,15253824.2
2026-02-07 07:15:00+00:00,1.4198,1.425,1.406,1.4165,34189494.8
2026-02-07 07:20:00+00:00,1.4165,1.4249,1.4119,1.4165,13179781.6
2026-02-07 07:25:00+00:00,1.4165,1.4235,1.4165,1.4217,7237351.9
2026-02-07 07:30:00+00:00,1.4217,1.4229,1.4069,1.4113,12521699.3
2026-02-07 07:35:00+00:00,1.4113,1.4189,1.4107,1.4148,5922911.5
2026-02-07 07:40:00+00:00,1.4147,1.4299,1.4147,1.422,12545567.1
2026-02-07 07:45:00+00:00,1.422,1.4224,1.4122,1.4156,6573312.2
2026-02-07 07:50:00+00:00,1.4157,1.4187,1.4118,1.4148,3703439.0
2026-02-07 07:55:00+00:00,1.4147,1.4154,1.4118,1.4129,3832097.9
2026-02-07 08:00:00+00:00,1.4129,1.4135,1.4068,1.4115,6186938.8
2026-02-07 08:05:00+00:00,1.4114,1.416,1.4076,1.4085,5154072.9
2026-02-07 08:10:00+00:00,1.4084,1.4158,1.4064,1.4112,5450766.1
2026-02-07 08:15:00+00:00,1.4112,1.4139,1.4025,1.4078,7115716.2
2026-02-07 08:20:00+00:00,1.4077,1.4199,1.407,1.4193,5995376.9
2026-02-07 08:25:00+00:00,1.4192,1.4196,1.4124,1.4132,5384973.9
2026-02-07 08:30:00+00:00,1.4132,1.4214,1.4125,1.4173,5141817.4
2026-02-07 08:35:00+00:00,1.4173,1.4211,1.4145,1.4147,4968342.0
2026-02-07 08:40:00+00:00,1.4147,1.4237,1.4144,1.4182,4650273.3
2026-02-07 08:45:00+00:00,1.4182,1.4242,1.4178,1.42,4688515.0
2026-02-07 08:50:00+00:00,1.4199,1.4273,1.4192,1.4257,4918037.1
2026-02-07 08:55:00+00:00,1.4257,1.4281,1.4229,1.4231,2654065.1
2026-02-07 09:00:00+00:00,1.4232,1.4266,1.4215,1.4228,3543173.2
2026-02-07 09:05:00+00:00,1.4228,1.4239,1.4169,1.4221,4420067.3
2026-02-07 09:10:00+00:00,1.422,1.4261,1.4206,1.4252,3967102.5
2026-02-07 09:15:00+00:00,1.4252,1.4273,1.4181,1.4202,3750554.0
2026-02-07 09:20:00+00:00,1.4202,1.4231,1.4159,1.4228,2964136.5
2026-02-07 09:25:00+00:00,1.4228,1.423,1.4136,1.4156,6232659.5
2026-02-07 09:30:00+00:00,1.4155,1.417,1.4063,1.4092,8374898.7
2026-02-07 09:35:00+00:00,1.4093,1.4132,1.4078,1.4079,3634759.4
2026-02-07 09:40:00+00:00,1.4079,1.4113,1.4072,1.4095,2293653.5
2026-02-07 09:45:00+00:00,1.4096,1.4113,1.4049,1.4076,4797758.9
2026-02-07 09:50:00+00:00,1.4076,1.4122,1.4074,1.4115,3341478.5
2026-02-07 09:55:00+00:00,1.4115,1.4145,1.4096,1.4126,4282120.7
2026-02-07 10:00:00+00:00,1.4126,1.4179,1.41,1.4138,3458389.0
2026-02-07 10:05:00+00:00,1.4138,1.4147,1.4102,1.4127,3226089.3
2026-02-07 10:10:00+00:00,1.4126,1.4146,1.408,1.4145,6534554.4
2026-02-07 10:15:00+00:00,1.4145,1.4145,1.405,1.4078,5444970.9
2026-02-07 10:20:00+00:00,1.4077,1.4111,1.4057,1.4074,3343471.1
2026-02-07 10:25:00+00:00,1.4074,1.4105,1.4048,1.4053,4275514.2
2026-02-07 10:30:00+00:00,1.4053,1.4082,1.3961,1.3963,10733955.1
2026-02-07 10:35:00+00:00,1.3963,1.3978,1.388,1.3882,15450606.1
2026-02-07 10:40:00+00:00,1.3882,1.395,1.3866,1.3914,14866103.6
2026-02-07 10:45:00+00:00,1.3915,1.3947,1.3854,1.392,5888418.0
2026-02-07 10:50:00+00:00,1.392,1.3978,1.3919,1.396,6353277.7
2026-02-07 10:55:00+00:00,1.3961,1.402,1.3957,1.3988,5174637.3
2026-02-07 11:00:00+00:00,1.3987,1.4017,1.3935,1.3996,4159834.3
2026-02-07 11:05:00+00:00,1.3995,1.4025,1.3967,1.3981,3436328.5
2026-02-07 11:10:00+00:00,1.3982,1.399,1.3929,1.3937,2706210.7
2026-02-07 11:15:00+00:00,1.3936,1.395,1.3907,1.394,3443615.3
2026-02-07 11:20:00+00:00,1.3941,1.3979,1.3894,1.3899,3498840.6
2026-02-07 11:25:00+00:00,1.3899,1.3912,1.3874,1.3896,4673880.7
2026-02-07 11:30:00+00:00,1.3897,1.3945,1.3896,1.3904,3511345.8
2026-02-07 11:35:00+00:00,1.3905,1.3952,1.3878,1.3889,3339625.5
2026-02-07 11:40:00+00:00,1.389,1.3908,1.3862,1.3889,2754538.9
2026-02-07 11:45:00+00:00,1.389,1.3918,1.3848,1.3884,4064199.3
2026-02-07 11:50:00+00:00,1.3885,1.3916,1.3868,1.3877,6179886.1
2026-02-07 11:55:00+00:00,1.3878,1.3951,1.3874,1.3915,5449650.3
2026-02-07 12:00:00+00:00,1.3915,1.4033,1.39,1.4013,12360954.9
2026-02-07 12:05:00+00:00,1.4012,1.4135,1.398,1.4125,16408455.6
2026-02-07 12:10:00+00:00,1.4124,1.4189,1.4058,1.4141,9983475.6
2026-02-07 12:15:00+00:00,1.4141,1.4397,1.411,1.437,27411836.0
2026-02-07 12:20:00+00:00,1.437,1.437,1.4206,1.4225,16187697.7
2026-02-07 12:25:00+00:00,1.4224,1.4241,1.4172,1.4208,8375622.8
2026-02-07 12:30:00+00:00,1.4208,1.4343,1.4202,1.4261,13923991.4
2026-02-07 12:35:00+00:00,1.4261,1.4299,1.4202,1.4209,7838758.1
2026-02-07 12:40:00+00:00,1.4209,1.4233,1.4141,1.4148,6804736.9
2026-02-07 12:45:00+00:00,1.4148,1.4226,1.4131,1.4214,4345835.5
2026-02-07 12:50:00+00:00,1.4213,1.4238,1.4141,1.4152,4459229.2
2026-02-07 12:55:00+00:00,1.4151,1.4182,1.4132,1.4174,3646545.3
2026-02-07 13:00:00+00:00,1.4174,1.4246,1.4139,1.4195,4903503.8
2026-02-07 13:05:00+00:00,1.4194,1.4196,1.4134,1.4171,2433706.8
2026-02-07 13:10:00+00:00,1.4172,1.4177,1.4071,1.4106,8130818.4
2026-02-07 13:15:00+00:00,1.4107,1.4156,1.409,1.4129,5443941.6
2026-02-07 13:20:00+00:00,1.4129,1.4135,1.406,1.4109,4219654.4
2026-02-07 13:25:00+00:00,1.4108,1.4127,1.409,1.4115,2857657.2
2026-02-07 13:30:00+00:00,1.4115,1.412,1.4014,1.4032,6120511.3
2026-02-07 13:35:00+00:00,1.4031,1.4053,1.3948,1.3961,7687171.4
2026-02-07 13:40:00+00:00,1.3961,1.4026,1.3958,1.3986,4642121.1
2026-02-07 13:45:00+00:00,1.3987,1.4036,1.3981,1.4028,3210624.0
2026-02-07 13:50:00+00:00,1.4027,1.4047,1.401,1.4013,3448035.2
2026-02-07 13:55:00+00:00,1.4014,1.4035,1.4009,1.4035,1393007.3
2026-02-07 14:00:00+00:00,1.4034,1.4068,1.4014,1.4061,4344107.5
2026-02-07 14:05:00+00:00,1.4061,1.4069,1.4012,1.4057,2252046.7
2026-02-07 14:10:00+00:00,1.4056,1.4099,1.4002,1.4019,4462121.3
2026-02-07 14:15:00+00:00,1.4018,1.402,1.3967,1.4016,4174190.9
2026-02-07 14:20:00+00:00,1.4016,1.4052,1.4008,1.4043,1728925.0
2026-02-07 14:25:00+00:00,1.4042,1.4091,1.4037,1.4038,2839260.4
2026-02-07 14:30:00+00:00,1.4037,1.4062,1.4,1.4002,2061533.2
2026-02-07 14:35:00+00:00,1.4001,1.4022,1.39,1.3937,10053046.2
2026-02-07 14:40:00+00:00,1.3936,1.4011,1.3933,1.4011,3577835.0
2026-02-07 14:45:00+00:00,1.4011,1.402,1.3912,1.3924,4676410.4
2026-02-07 14:50:00+00:00,1.3924,1.4007,1.3923,1.3973,4960154.3
2026-02-07 14:55:00+00:00,1.3973,1.3995,1.3953,1.3995,2682341.5
2026-02-07 15:00:00+00:00,1.3995,1.4071,1.3966,1.4056,4570083.4
2026-02-07 15:05:00+00:00,1.4055,1.4095,1.4031,1.4051,5754952.0
2026-02-07 15:10:00+00:00,1.4051,1.4093,1.4013,1.4078,3884789.8
2026-02-07 15:15:00+00:00,1.4079,1.412,1.4057,1.4104,7408321.6
2026-02-07 15:20:00+00:00,1.4105,1.4198,1.4105,1.4146,11052157.9
2026-02-07 15:25:00+00:00,1.4146,1.4147,1.4107,1.4117,2326849.1
2026-02-07 15:30:00+00:00,1.4118,1.4188,1.4096,1.414,5426212.5
2026-02-07 15:35:00+00:00,1.4139,1.416,1.4087,1.411,3007564.2
2026-02-07 15:40:00+00:00,1.411,1.411,1.4043,1.4078,3767689.4
2026-02-07 15:45:00+00:00,1.4078,1.412,1.4071,1.4091,2736469.6
2026-02-07 15:50:00+00:00,1.4092,1.4096,1.4053,1.4059,2917950.5
2026-02-07 15:55:00+00:00,1.406,1.41,1.4053,1.4098,2297792.0
2026-02-07 16:00:00+00:00,1.4098,1.4117,1.4077,1.4111,3041307.9
2026-02-07 16:05:00+00:00,1.4112,1.4346,1.4041,1.4189,53239256.5
2026-02-07 16:10:00+00:00,1.4189,1.4312,1.4075,1.4206,87268579.9
2026-02-07 16:15:00+00:00,1.4205,1.4362,1.4143,1.4189,49082673.2
2026-02-07 16:20:00+00:00,1.4189,1.4268,1.4162,1.4221,5090398.2
2026-02-07 16:25:00+00:00,1.4221,1.4239,1.417,1.4176,2227857.3
2026-02-07 16:30:00+00:00,1.4175,1.4231,1.4175,1.4197,2687650.0
2026-02-07 16:35:00+00:00,1.4196,1.427,1.4118,1.425,3940739.4
2026-02-07 16:40:00+00:00,1.425,1.4259,1.4193,1.421,1973304.5
2026-02-07 16:45:00+00:00,1.4211,1.4231,1.4167,1.4184,3188123.5
2026-02-07 16:50:00+00:00,1.4185,1.4212,1.4137,1.4197,4761986.9
2026-02-07 16:55:00+00:00,1.4196,1.4207,1.4143,1.418,2728435.5
2026-02-07 17:00:00+00:00,1.418,1.4209,1.4156,1.4209,2303757.1
2026-02-07 17:05:00+00:00,1.4209,1.4214,1.4132,1.4134,3071364.2
2026-02-07 17:10:00+00:00,1.4135,1.4145,1.4086,1.4127,3549451.8
2026-02-07 17:15:00+00:00,1.4127,1.4206,1.4096,1.4191,2867390.1
2026-02-07 17:20:00+00:00,1.4191,1.4218,1.4158,1.4194,2178759.0
2026-02-07 17:25:00+00:00,1.4194,1.4262,1.419,1.424,4781485.7
2026-02-07 17:30:00+00:00,1.4242,1.4244,1.4188,1.419,2183572.3
2026-02-07 17:35:00+00:00,1.419,1.4298,1.4182,1.4291,3471052.5
2026-02-07 17:40:00+00:00,1.4291,1.4293,1.4218,1.4224,3056491.3
2026-02-07 17:45:00+00:00,1.4224,1.4243,1.4214,1.4226,1527472.8
2026-02-07 17:50:00+00:00,1.4225,1.4228,1.4201,1.421,903216.3
2026-02-07 17:55:00+00:00,1.4211,1.4245,1.4194,1.4236,1005764.1
2026-02-07 18:00:00+00:00,1.4236,1.4279,1.4231,1.4263,1591616.8
2026-02-07 18:05:00+00:00,1.4263,1.4286,1.4247,1.4251,2640906.5
2026-02-07 18:10:00+00:00,1.425,1.4276,1.4241,1.4246,1253221.1
2026-02-07 18:15:00+00:00,1.4247,1.4322,1.4247,1.4312,3272873.1
2026-02-07 18:20:00+00:00,1.4311,1.4375,1.4303,1.4338,5218752.5
2026-02-07 18:25:00+00:00,1.4338,1.4374,1.4315,1.4374,1657056.4
2026-02-07 18:30:00+00:00,1.4374,1.4435,1.4343,1.4428,5976645.4
2026-02-07 18:35:00+00:00,1.4428,1.4462,1.437,1.4397,5780117.5
2026-02-07 18:40:00+00:00,1.4398,1.4426,1.4372,1.4416,2916933.9
2026-02-07 18:45:00+00:00,1.4416,1.4473,1.4396,1.4469,3298884.9
2026-02-07 18:50:00+00:00,1.4469,1.4472,1.441,1.4433,4022779.8
2026-02-07 18:55:00+00:00,1.4434,1.4437,1.4386,1.44,2617383.7
2026-02-07 19:00:00+00:00,1.44,1.44,1.4323,1.4359,4564458.6
2026-02-07 19:05:00+00:00,1.4359,1.4391,1.4322,1.433,2661579.3
2026-02-07 19:10:00+00:00,1.4331,1.4343,1.4309,1.4336,1651218.2
2026-02-07 19:15:00+00:00,1.4336,1.4347,1.4313,1.432,1389397.7
2026-02-07 19:20:00+00:00,1.4319,1.4368,1.4308,1.4363,1351537.3
2026-02-07 19:25:00+00:00,1.4366,1.4389,1.4354,1.4365,1553840.3
2026-02-07 19:30:00+00:00,1.4364,1.4364,1.4277,1.429,3287917.3
2026-02-07 19:35:00+00:00,1.429,1.4338,1.429,1.4319,1895111.6
2026-02-07 19:40:00+00:00,1.4318,1.433,1.4291,1.4301,1268284.2
2026-02-07 19:45:00+00:00,1.4301,1.433,1.4289,1.431,1322087.9
2026-02-07 19:50:00+00:00,1.4311,1.4323,1.4286,1.4294,1032368.8
2026-02-07 19:55:00+00:00,1.4295,1.43,1.4274,1.4298,1270573.1
2026-02-07 20:00:00+00:00,1.4298,1.4336,1.4288,1.4319,2606387.7
2026-02-07 20:05:00+00:00,1.4318,1.4338,1.4289,1.4293,1649997.2
2026-02-07 20:10:00+00:00,1.4292,1.4324,1.4281,1.4306,1040593.8
2026-02-07 20:15:00+00:00,1.4307,1.4307,1.4262,1.4278,953752.6
2026-02-07 20:20:00+00:00,1.4277,1.4299,1.4274,1.4295,1231622.1
2026-02-07 20:25:00+00:00,1.4295,1.4338,1.4295,1.4329,1000150.3
2026-02-07 20:30:00+00:00,1.4329,1.4357,1.4302,1.4357,1491022.9
2026-02-07 20:35:00+00:00,1.4357,1.4391,1.4356,1.4373,2156835.1
2026-02-07 20:40:00+00:00,1.4372,1.4382,1.4345,1.4346,875089.1
2026-02-07 20:45:00+00:00,1.4345,1.4375,1.4345,1.4358,1169155.1
2026-02-07 20:50:00+00:00,1.4359,1.4405,1.4358,1.4367,2429947.4
2026-02-07 20:55:00+00:00,1.4368,1.438,1.4317,1.4358,2961601.8
2026-02-07 21:00:00+00:00,1.4358,1.4379,1.4302,1.4319,2217906.6
2026-02-07 21:05:00+00:00,1.4318,1.4331,1.4301,1.431,1115758.4
2026-02-07 21:10:00+00:00,1.4311,1.4349,1.431,1.4339,1135018.4
2026-02-07 21:15:00+00:00,1.4339,1.4341,1.4308,1.4321,979644.3
2026-02-07 21:20:00+00:00,1.4321,1.4351,1.4306,1.4349,1492132.7
2026-02-07 21:25:00+00:00,1.4349,1.437,1.433,1.4332,1007696.1
2026-02-07 21:30:00+00:00,1.4332,1.4362,1.4322,1.4351,816911.6
2026-02-07 21:35:00+00:00,1.4351,1.4364,1.4335,1.4335,909120.9
2026-02-07 21:40:00+00:00,1.4335,1.4343,1.4311,1.4311,916425.4
2026-02-07 21:45:00+00:00,1.431,1.431,1.4267,1.43,2333793.5
2026-02-07 21:50:00+00:00,1.43,1.4303,1.4285,1.4294,675543.6
2026-02-07 21:55:00+00:00,1.4294,1.4298,1.4268,1.4282,1285337.7
2026-02-07 22:00:00+00:00,1.4283,1.4288,1.4265,1.4268,915633.6
2026-02-07 22:05:00+00:00,1.4268,1.4324,1.4261,1.4304,1589580.6
2026-02-07 22:10:00+00:00,1.4303,1.4307,1.4233,1.4278,2255295.2
2026-02-07 22:15:00+00:00,1.4277,1.4287,1.4215,1.425,2060396.0
2026-02-07 22:20:00+00:00,1.425,1.4279,1.4248,1.427,1148818.1
2026-02-07 22:25:00+00:00,1.4269,1.4283,1.4259,1.4282,910112.0
2026-02-07 22:30:00+00:00,1.4282,1.4294,1.4261,1.4279,1282195.5
2026-02-07 22:35:00+00:00,1.4279,1.4301,1.4255,1.4283,947451.2
2026-02-07 22:40:00+00:00,1.4282,1.4303,1.4272,1.428,844315.8
2026-02-07 22:45:00+00:00,1.428,1.428,1.4196,1.4224,3212873.2
2026-02-07 22:50:00+00:00,1.4225,1.4245,1.4204,1.4205,842957.2
2026-02-07 22:55:00+00:00,1.4205,1.4237,1.42,1.4222,1408362.8
2026-02-07 23:00:00+00:00,1.4222,1.424,1.4184,1.4186,2046586.4
2026-02-07 23:05:00+00:00,1.4185,1.4202,1.4121,1.4145,4725370.9
2026-02-07 23:10:00+00:00,1.4146,1.4194,1.4136,1.419,2074660.6
2026-02-07 23:15:00+00:00,1.419,1.4213,1.418,1.4181,1466203.8
2026-02-07 23:20:00+00:00,1.4181,1.4185,1.4134,1.4182,2947948.6
2026-02-07 23:25:00+00:00,1.4182,1.4216,1.4181,1.4206,1431273.8
2026-02-07 23:30:00+00:00,1.4206,1.4225,1.419,1.422,1142525.4
2026-02-07 23:35:00+00:00,1.422,1.4251,1.4208,1.422,1544673.4
2026-02-07 23:40:00+00:00,1.422,1.4237,1.4204,1.423,884165.4
2026-02-07 23:45:00+00:00,1.423,1.4257,1.4217,1.4243,1356167.3
2026-02-07 23:50:00+00:00,1.4242,1.4274,1.4238,1.4256,1196330.1
2026-02-07 23:55:00+00:00,1.4256,1.4256,1.4217,1.4224,908108.2
2026-02-08 00:00:00+00:00,1.4225,1.4267,1.42,1.4266,2136487.8
2026-02-08 00:05:00+00:00,1.4267,1.4281,1.4243,1.4243,1726360.4
2026-02-08 00:10:00+00:00,1.4242,1.4272,1.4241,1.4259,1346735.6
2026-02-08 00:15:00+00:00,1.4259,1.4263,1.415,1.4151,2820024.7
2026-02-08 00:20:00+00:00,1.415,1.4191,1.4144,1.4181,1997044.0
2026-02-08 00:25:00+00:00,1.4181,1.4226,1.4177,1.4182,1981493.3
2026-02-08 00:30:00+00:00,1.4182,1.4202,1.4159,1.4185,1174392.8
2026-02-08 00:35:00+00:00,1.4185,1.4224,1.4166,1.4208,1072582.5
2026-02-08 00:40:00+00:00,1.4208,1.4208,1.4141,1.416,1850075.2
2026-02-08 00:45:00+00:00,1.4161,1.4193,1.4138,1.4182,2365479.1
2026-02-08 00:50:00+00:00,1.4181,1.4214,1.4161,1.4161,1968441.0
2026-02-08 00:55:00+00:00,1.4162,1.4202,1.4162,1.4196,992950.5
2026-02-08 01:00:00+00:00,1.4197,1.4269,1.4187,1.4268,2093095.9
2026-02-08 01:05:00+00:00,1.4267,1.4291,1.4249,1.4284,2459690.6
2026-02-08 01:10:00+00:00,1.4285,1.4329,1.4274,1.4321,3761779.1
2026-02-08 01:15:00+00:00,1.4321,1.4321,1.4289,1.4305,2348350.3
2026-02-08 01:20:00+00:00,1.4306,1.431,1.4257,1.4261,1699493.1
2026-02-08 01:25:00+00:00,1.4261,1.428,1.4256,1.4276,1412100.0
2026-02-08 01:30:00+00:00,1.4276,1.4305,1.426,1.4289,1325194.8
2026-02-08 01:35:00+00:00,1.4289,1.4372,1.4288,1.4343,3059097.9
2026-02-08 01:40:00+00:00,1.4342,1.4354,1.4298,1.432,2222498.6
2026-02-08 01:45:00+00:00,1.432,1.4343,1.4281,1.4298,2007361.1
2026-02-08 01:50:00+00:00,1.4298,1.4358,1.4297,1.4334,2216844.3
2026-02-08 01:55:00+00:00,1.4334,1.4336,1.4303,1.4315,1521801.5
2026-02-08 02:00:00+00:00,1.4316,1.4354,1.4288,1.4353,1669163.6
2026-02-08 02:05:00+00:00,1.4353,1.439,1.4348,1.4387,1855288.6
2026-02-08 02:10:00+00:00,1.4387,1.4389,1.4355,1.4355,1894448.1
2026-02-08 02:15:00+00:00,1.4354,1.4378,1.4328,1.4347,4050090.1
2026-02-08 02:20:00+00:00,1.4347,1.4411,1.4347,1.4368,2452669.3
2026-02-08 02:25:00+00:00,1.4368,1.4368,1.4315,1.4336,1577169.2
2026-02-08 02:30:00+00:00,1.4337,1.4366,1.4295,1.4299,3791767.7
2026-02-08 02:35:00+00:00,1.4299,1.4299,1.4241,1.426,3324437.6
2026-02-08 02:40:00+00:00,1.4259,1.4277,1.4248,1.4265,1269157.3
2026-02-08 02:45:00+00:00,1.4264,1.4276,1.4246,1.4264,971119.5
2026-02-08 02:50:00+00:00,1.4264,1.4297,1.4233,1.4238,1997941.4
2026-02-08 02:55:00+00:00,1.4238,1.4293,1.4238,1.4291,892324.0
2026-02-08 03:00:00+00:00,1.4291,1.4321,1.429,1.4311,1693963.4
2026-02-08 03:05:00+00:00,1.431,1.4324,1.4266,1.4271,1432558.3
2026-02-08 03:10:00+00:00,1.4271,1.4277,1.424,1.4271,1265561.4
2026-02-08 03:15:00+00:00,1.427,1.4285,1.4251,1.4257,831493.1
2026-02-08 03:20:00+00:00,1.4256,1.4301,1.4252,1.426,1151534.9
2026-02-08 03:25:00+00:00,1.426,1.4275,1.4243,1.4248,879848.0
2026-02-08 03:30:00+00:00,1.4248,1.4279,1.4239,1.4269,984902.7
2026-02-08 03:35:00+00:00,1.4269,1.4269,1.4212,1.4216,2193224.3
2026-02-08 03:40:00+00:00,1.4217,1.4223,1.4194,1.4205,2653002.1
2026-02-08 03:45:00+00:00,1.4205,1.4216,1.4162,1.4166,2760232.8
2026-02-08 03:50:00+00:00,1.4166,1.4173,1.4145,1.4147,2498180.9
2026-02-08 03:55:00+00:00,1.4148,1.4165,1.4125,1.4161,3746142.6
2026-02-08 04:00:00+00:00,1.4161,1.4185,1.4153,1.4173,1304657.1
2026-02-08 04:05:00+00:00,1.4173,1.4189,1.4169,1.4175,1130211.9
2026-02-08 04:10:00+00:00,1.4175,1.4179,1.4119,1.4133,1602649.8
2026-02-08 04:15:00+00:00,1.4133,1.4162,1.4087,1.4154,5366305.9
2026-02-08 04:20:00+00:00,1.4153,1.4194,1.4152,1.419,1807414.2
2026-02-08 04:25:00+00:00,1.419,1.4206,1.4184,1.4195,1498343.0
2026-02-08 04:30:00+00:00,1.4195,1.4209,1.4167,1.4173,1344490.1
2026-02-08 04:35:00+00:00,1.4173,1.4195,1.414,1.4191,1160516.6
2026-02-08 04:40:00+00:00,1.419,1.4195,1.4177,1.4183,615613.4
2026-02-08 04:45:00+00:00,1.4184,1.4187,1.4165,1.4176,786937.4
2026-02-08 04:50:00+00:00,1.4177,1.4186,1.4172,1.4181,626822.7
2026-02-08 04:55:00+00:00,1.4181,1.4228,1.4179,1.422,1378222.3
2026-02-08 05:00:00+00:00,1.4221,1.4224,1.42,1.4208,1110257.9
2026-02-08 05:05:00+00:00,1.4209,1.4221,1.42,1.4216,486986.1
2026-02-08 05:10:00+00:00,1.4215,1.4253,1.4214,1.424,1575567.0
2026-02-08 05:15:00+00:00,1.4241,1.4248,1.4222,1.4237,1269715.3
2026-02-08 05:20:00+00:00,1.4237,1.4238,1.4206,1.422,1167748.3
2026-02-08 05:25:00+00:00,1.4221,1.4228,1.421,1.4217,548630.5
2026-02-08 05:30:00+00:00,1.4217,1.4218,1.4179,1.4187,1185117.6
2026-02-08 05:35:00+00:00,1.4186,1.4202,1.4181,1.4197,558168.7
2026-02-08 05:40:00+00:00,1.4197,1.4199,1.417,1.4172,676346.1
2026-02-08 05:45:00+00:00,1.4173,1.4174,1.4155,1.4167,1443392.6
2026-02-08 05:50:00+00:00,1.4167,1.417,1.4152,1.4163,921506.9
2026-02-08 05:55:00+00:00,1.4163,1.4186,1.4162,1.4175,478823.7
2026-02-08 06:00:00+00:00,1.4176,1.4188,1.4132,1.4143,1333717.6
2026-02-08 06:05:00+00:00,1.4143,1.4162,1.4131,1.4151,885537.6
2026-02-08 06:10:00+00:00,1.4151,1.4188,1.4137,1.4184,1393324.1
2026-02-08 06:15:00+00:00,1.4185,1.4211,1.4165,1.4202,1762275.8
2026-02-08 06:20:00+00:00,1.4202,1.4209,1.4189,1.4208,931308.8
2026-02-08 06:25:00+00:00,1.4207,1.4207,1.4182,1.4188,790417.6
2026-02-08 06:30:00+00:00,1.4189,1.4191,1.4149,1.4149,888721.7
2026-02-08 06:35:00+00:00,1.4149,1.4161,1.4144,1.4153,743484.0
2026-02-08 06:40:00+00:00,1.4153,1.4155,1.4133,1.4152,1209030.7
2026-02-08 06:45:00+00:00,1.4152,1.4174,1.4151,1.416,873512.2
2026-02-08 06:50:00+00:00,1.416,1.4161,1.413,1.4151,735579.8
2026-02-08 06:55:00+00:00,1.4151,1.4156,1.4138,1.4152,668865.2
2026-02-08 07:00:00+00:00,1.4153,1.4185,1.4153,1.4159,1155788.3
2026-02-08 07:05:00+00:00,1.416,1.4186,1.4136,1.4139,1427114.0
2026-02-08 07:10:00+00:00,1.4139,1.4182,1.4124,1.4176,1667890.7
2026-02-08 07:15:00+00:00,1.4176,1.4193,1.4166,1.4178,1402008.7
2026-02-08 07:20:00+00:00,1.4179,1.4179,1.4108,1.4151,4288294.0
2026-02-08 07:25:00+00:00,1.415,1.4176,1.4149,1.4165,1130284.3
2026-02-08 07:30:00+00:00,1.4165,1.4185,1.4131,1.4182,2610480.2
2026-02-08 07:35:00+00:00,1.4181,1.4199,1.4155,1.4177,2027735.9
2026-02-08 07:40:00+00:00,1.4176,1.4177,1.4148,1.4161,957353.9
2026-02-08 07:45:00+00:00,1.4162,1.4181,1.4151,1.4158,909013.0
2026-02-08 07:50:00+00:00,1.4158,1.4186,1.4157,1.4178,831177.4
2026-02-08 07:55:00+00:00,1.4179,1.4205,1.4174,1.42,2052900.3
2026-02-08 08:00:00+00:00,1.42,1.4285,1.4184,1.4275,4095218.9
2026-02-08 08:05:00+00:00,1.4275,1.429,1.423,1.4248,4827555.1
2026-02-08 08:10:00+00:00,1.4248,1.4251,1.4204,1.4222,2686412.9
2026-02-08 08:15:00+00:00,1.4222,1.4235,1.4183,1.42,1303941.9
2026-02-08 08:20:00+00:00,1.42,1.4318,1.42,1.4317,7853602.7
2026-02-08 08:25:00+00:00,1.4317,1.4398,1.4295,1.4363,7484559.1
2026-02-08 08:30:00+00:00,1.4364,1.4624,1.4333,1.4584,20723310.2
2026-02-08 08:35:00+00:00,1.4583,1.4583,1.4458,1.4462,11756288.6
2026-02-08 08:40:00+00:00,1.4463,1.4467,1.4422,1.4429,4774482.3
2026-02-08 08:45:00+00:00,1.443,1.4488,1.4413,1.448,5094797.3
2026-02-08 08:50:00+00:00,1.4479,1.4495,1.4437,1.4481,4136992.3
2026-02-08 08:55:00+00:00,1.4481,1.4542,1.4463,1.4527,3939037.9
2026-02-08 09:00:00+00:00,1.4527,1.4536,1.4469,1.4483,4720067.2
2026-02-08 09:05:00+00:00,1.4482,1.4546,1.4465,1.4484,4234899.1
2026-02-08 09:10:00+00:00,1.4484,1.4484,1.443,1.4451,4114338.7
2026-02-08 09:15:00+00:00,1.4451,1.4484,1.4424,1.4459,2047940.4
2026-02-08 09:20:00+00:00,1.446,1.449,1.4434,1.4472,1954994.0
2026-02-08 09:25:00+00:00,1.4471,1.4497,1.4456,1.4486,1068181.5
2026-02-08 09:30:00+00:00,1.4487,1.4578,1.4487,1.45,6196726.1
2026-02-08 09:35:00+00:00,1.4501,1.4501,1.4409,1.4443,6141030.9
2026-02-08 09:40:00+00:00,1.4444,1.4459,1.4358,1.4363,5630352.4
2026-02-08 09:45:00+00:00,1.4363,1.4406,1.4355,1.4355,3172649.8
2026-02-08 09:50:00+00:00,1.4356,1.44,1.4323,1.4394,3802062.7
2026-02-08 09:55:00+00:00,1.4394,1.4409,1.437,1.4371,1742901.9
2026-02-08 10:00:00+00:00,1.437,1.445,1.437,1.4411,2321694.8
2026-02-08 10:05:00+00:00,1.4412,1.4444,1.4393,1.4411,1800040.8
2026-02-08 10:10:00+00:00,1.4412,1.442,1.4385,1.4408,2205646.0
2026-02-08 10:15:00+00:00,1.4409,1.4442,1.44,1.4405,1402419.1
2026-02-08 10:20:00+00:00,1.4406,1.443,1.4273,1.43,9618848.2
2026-02-08 10:25:00+00:00,1.4299,1.4325,1.4244,1.4286,4233110.5
2026-02-08 10:30:00+00:00,1.4286,1.4305,1.4272,1.4296,1947522.5
2026-02-08 10:35:00+00:00,1.4296,1.435,1.4295,1.4334,1961857.7
2026-02-08 10:40:00+00:00,1.4335,1.4335,1.431,1.4316,1436076.1
2026-02-08 10:45:00+00:00,1.4316,1.4343,1.431,1.4322,1427678.6
2026-02-08 10:50:00+00:00,1.4322,1.4343,1.4311,1.4321,1649175.8
2026-02-08 10:55:00+00:00,1.4322,1.4322,1.4285,1.4302,1594256.9
2026-02-08 11:00:00+00:00,1.4302,1.4358,1.4292,1.4346,2388457.1
2026-02-08 11:05:00+00:00,1.4346,1.4392,1.4345,1.4384,3015375.4
2026-02-08 11:10:00+00:00,1.4385,1.4413,1.4351,1.4413,2121627.9
2026-02-08 11:15:00+00:00,1.4413,1.4465,1.4377,1.439,4605788.6
2026-02-08 11:20:00+00:00,1.4389,1.4407,1.4364,1.4385,1956402.4
2026-02-08 11:25:00+00:00,1.4385,1.44,1.4364,1.4382,1381392.2
2026-02-08 11:30:00+00:00,1.4381,1.4491,1.4368,1.4442,5404905.8
2026-02-08 11:35:00+00:00,1.4441,1.447,1.4416,1.4432,3060759.2
2026-02-08 11:40:00+00:00,1.4431,1.4449,1.4409,1.4433,2612524.5
2026-02-08 11:45:00+00:00,1.4433,1.4468,1.4415,1.4457,2014605.2
2026-02-08 11:50:00+00:00,1.4458,1.4509,1.4457,1.4501,6340761.3
2026-02-08 11:55:00+00:00,1.4502,1.4517,1.4462,1.4516,2188228.3
2026-02-08 12:00:00+00:00,1.4516,1.4525,1.4466,1.4521,3196324.1
2026-02-08 12:05:00+00:00,1.4521,1.4534,1.4469,1.4471,2297639.6
2026-02-08 12:10:00+00:00,1.447,1.4484,1.4432,1.4452,2818830.4
2026-02-08 12:15:00+00:00,1.4453,1.4468,1.4435,1.4442,1732658.8
2026-02-08 12:20:00+00:00,1.4442,1.446,1.443,1.4451,1033940.5
2026-02-08 12:25:00+00:00,1.4451,1.4522,1.4449,1.4514,1968262.4
2026-02-08 12:30:00+00:00,1.4514,1.4514,1.447,1.4472,1100876.6
2026-02-08 12:35:00+00:00,1.4471,1.4515,1.4458,1.4481,2142540.7
2026-02-08 12:40:00+00:00,1.4482,1.4489,1.4419,1.4444,2631937.2
2026-02-08 12:45:00+00:00,1.4443,1.4533,1.4431,1.4518,4069897.1
2026-02-08 12:50:00+00:00,1.4519,1.4523,1.4496,1.4509,2864099.7
2026-02-08 12:55:00+00:00,1.4509,1.4561,1.4502,1.4548,3901179.7
2026-02-08 13:00:00+00:00,1.4549,1.4594,1.449,1.4518,7942619.4
2026-02-08 13:05:00+00:00,1.4518,1.4524,1.4489,1.4499,2807498.8
2026-02-08 13:10:00+00:00,1.4499,1.4518,1.4493,1.4503,1984975.5
2026-02-08 13:15:00+00:00,1.4503,1.4585,1.4493,1.4585,2038021.9
2026-02-08 13:20:00+00:00,1.4584,1.4657,1.4567,1.4641,6844933.7
2026-02-08 13:25:00+00:00,1.4641,1.4685,1.4607,1.4628,7263319.6
2026-02-08 13:30:00+00:00,1.4628,1.4634,1.4566,1.46,5998711.1
2026-02-08 13:35:00+00:00,1.4599,1.4638,1.4567,1.4584,3384036.6
2026-02-08 13:40:00+00:00,1.4584,1.4616,1.4558,1.4577,3279754.8
2026-02-08 13:45:00+00:00,1.4577,1.4633,1.4571,1.4582,2189751.3
2026-02-08 13:50:00+00:00,1.4583,1.4624,1.4583,1.4602,2550449.9
2026-02-08 13:55:00+00:00,1.4602,1.4619,1.4578,1.4608,2263581.0
2026-02-08 14:00:00+00:00,1.4608,1.467,1.4597,1.4647,4426809.1
2026-02-08 14:05:00+00:00,1.4647,1.4664,1.459,1.4614,4233146.0
2026-02-08 14:10:00+00:00,1.4615,1.4653,1.4601,1.4626,2488539.8
2026-02-08 14:15:00+00:00,1.4626,1.4648,1.4577,1.4586,3066401.7
2026-02-08 14:20:00+00:00,1.4587,1.4604,1.4566,1.4579,3475862.8
2026-02-08 14:25:00+00:00,1.4579,1.462,1.4569,1.4577,2036404.5
2026-02-08 14:30:00+00:00,1.4578,1.461,1.4576,1.4608,1280959.5
2026-02-08 14:35:00+00:00,1.4609,1.4668,1.4608,1.4657,2951370.5
2026-02-08 14:40:00+00:00,1.4657,1.4659,1.4599,1.4616,2677851.8
2026-02-08 14:45:00+00:00,1.4617,1.4626,1.4592,1.4612,1911421.6
2026-02-08 14:50:00+00:00,1.4612,1.4642,1.459,1.4609,1170623.5
2026-02-08 14:55:00+00:00,1.4609,1.4619,1.4587,1.4605,1428867.7
2026-02-08 15:00:00+00:00,1.4605,1.4625,1.455,1.4567,4367117.1
2026-02-08 15:05:00+00:00,1.4567,1.4593,1.4546,1.4547,2498487.3
2026-02-08 15:10:00+00:00,1.4547,1.4569,1.452,1.4544,2884440.8
2026-02-08 15:15:00+00:00,1.4543,1.4543,1.4463,1.4496,6407931.1
2026-02-08 15:20:00+00:00,1.4497,1.4525,1.445,1.4457,3952084.5
2026-02-08 15:25:00+00:00,1.4458,1.4463,1.4329,1.4352,12387429.5
2026-02-08 15:30:00+00:00,1.4351,1.4405,1.434,1.4393,5328305.4
2026-02-08 15:35:00+00:00,1.4394,1.4412,1.4353,1.4407,3172897.3
2026-02-08 15:40:00+00:00,1.4407,1.4424,1.4377,1.4391,2619157.1
2026-02-08 15:45:00+00:00,1.439,1.4401,1.4295,1.4301,4251860.4
2026-02-08 15:50:00+00:00,1.43,1.4362,1.429,1.4352,3211370.4
2026-02-08 15:55:00+00:00,1.4353,1.4393,1.4349,1.4389,2140294.8
2026-02-08 16:00:00+00:00,1.4389,1.4414,1.4353,1.4414,3434565.2
2026-02-08 16:05:00+00:00,1.4413,1.4416,1.4365,1.4378,2412622.8
2026-02-08 16:10:00+00:00,1.4378,1.44,1.435,1.4378,2439878.2
2026-02-08 16:15:00+00:00,1.4379,1.4427,1.4379,1.4424,2024466.1
2026-02-08 16:20:00+00:00,1.4424,1.4448,1.4388,1.4392,2481170.0
2026-02-08 16:25:00+00:00,1.4393,1.4425,1.4392,1.4407,1545198.1
2026-02-08 16:30:00+00:00,1.4407,1.4407,1.4354,1.4355,1352640.1
2026-02-08 16:35:00+00:00,1.4354,1.4363,1.4283,1.4283,4033466.5
2026-02-08 16:40:00+00:00,1.4284,1.4285,1.4213,1.4231,8714952.6
2026-02-08 16:45:00+00:00,1.4231,1.4239,1.4133,1.4141,10049883.9
2026-02-08 16:50:00+00:00,1.4141,1.4182,1.4087,1.4126,11721015.4
2026-02-08 16:55:00+00:00,1.4126,1.418,1.4126,1.4171,3062010.3
2026-02-08 17:00:00+00:00,1.4171,1.4234,1.4166,1.4229,5093165.2
2026-02-08 17:05:00+00:00,1.4228,1.4251,1.422,1.4246,2940022.5
2026-02-08 17:10:00+00:00,1.4245,1.4275,1.4236,1.4253,2709295.3
2026-02-08 17:15:00+00:00,1.4253,1.4336,1.4251,1.4285,3868934.8
2026-02-08 17:20:00+00:00,1.4285,1.43,1.4222,1.4234,2887751.3
2026-02-08 17:25:00+00:00,1.4235,1.427,1.4232,1.4255,1938481.8
2026-02-08 17:30:00+00:00,1.4255,1.4328,1.4255,1.4327,2949514.2
2026-02-08 17:35:00+00:00,1.4327,1.435,1.4309,1.4316,3422175.5
2026-02-08 17:40:00+00:00,1.4315,1.4326,1.4301,1.4317,1221574.7
2026-02-08 17:45:00+00:00,1.4317,1.4321,1.4284,1.4292,1275863.0
2026-02-08 17:50:00+00:00,1.4293,1.4319,1.4269,1.4281,1098930.0
2026-02-08 17:55:00+00:00,1.4282,1.4304,1.4281,1.43,603975.0
2026-02-08 18:00:00+00:00,1.43,1.4369,1.4298,1.4359,1722278.2
2026-02-08 18:05:00+00:00,1.4358,1.4367,1.4317,1.4325,1047833.5
2026-02-08 18:10:00+00:00,1.4324,1.4329,1.4295,1.4314,1173179.4
2026-02-08 18:15:00+00:00,1.4314,1.433,1.4285,1.4295,1645338.4
2026-02-08 18:20:00+00:00,1.4296,1.4309,1.428,1.4301,839145.2
2026-02-08 18:25:00+00:00,1.4301,1.4324,1.4289,1.4299,1095320.5
2026-02-08 18:30:00+00:00,1.4298,1.441,1.4298,1.4407,4583277.2
2026-02-08 18:35:00+00:00,1.4408,1.4521,1.4393,1.446,8153989.9
2026-02-08 18:40:00+00:00,1.4459,1.4468,1.4426,1.4443,2646060.5
2026-02-08 18:45:00+00:00,1.4444,1.4478,1.4433,1.4436,1275043.5
2026-02-08 18:50:00+00:00,1.4436,1.4442,1.4383,1.4396,2739930.2
2026-02-08 18:55:00+00:00,1.4396,1.4405,1.4381,1.4383,868529.8
2026-02-08 19:00:00+00:00,1.4383,1.4426,1.4375,1.4397,1666385.3
2026-02-08 19:05:00+00:00,1.4398,1.4429,1.4397,1.4418,1262123.4
2026-02-08 19:10:00+00:00,1.4417,1.4435,1.4379,1.4415,1062373.6
2026-02-08 19:15:00+00:00,1.4414,1.445,1.441,1.4427,906278.4
2026-02-08 19:20:00+00:00,1.4428,1.4476,1.4426,1.4447,1245873.6
2026-02-08 19:25:00+00:00,1.4447,1.4471,1.4432,1.4454,874453.5
2026-02-08 19:30:00+00:00,1.4454,1.4477,1.4421,1.4427,1108163.4
2026-02-08 19:35:00+00:00,1.4427,1.4464,1.4425,1.4446,773274.8
2026-02-08 19:40:00+00:00,1.4446,1.4481,1.4429,1.4481,1316713.3
2026-02-08 19:45:00+00:00,1.4481,1.4481,1.443,1.4461,1074962.6
2026-02-08 19:50:00+00:00,1.4461,1.4504,1.4458,1.4489,2293392.4
2026-02-08 19:55:00+00:00,1.4489,1.4505,1.4465,1.4489,1327178.4
2026-02-08 20:00:00+00:00,1.449,1.4493,1.436,1.4389,3448620.6
2026-02-08 20:05:00+00:00,1.4388,1.441,1.4372,1.4394,1227700.8
2026-02-08 20:10:00+00:00,1.4394,1.4413,1.439,1.4392,530101.9
2026-02-08 20:15:00+00:00,1.4392,1.4435,1.4378,1.4433,902831.7
2026-02-08 20:20:00+00:00,1.4432,1.4444,1.4412,1.4426,989701.2
2026-02-08 20:25:00+00:00,1.4425,1.4427,1.4389,1.4416,1315782.8
2026-02-08 20:30:00+00:00,1.4415,1.4415,1.4386,1.4406,1233524.3
2026-02-08 20:35:00+00:00,1.4406,1.4427,1.4404,1.4417,751918.9
2026-02-08 20:40:00+00:00,1.4416,1.4429,1.4399,1.44,593621.6
2026-02-08 20:45:00+00:00,1.44,1.4412,1.434,1.4348,2780433.2
2026-02-08 20:50:00+00:00,1.4348,1.4368,1.4333,1.4337,1552950.9
2026-02-08 20:55:00+00:00,1.4336,1.4362,1.4333,1.4362,957337.7
2026-02-08 21:00:00+00:00,1.4361,1.4377,1.4334,1.4368,1604239.2
2026-02-08 21:05:00+00:00,1.4369,1.4381,1.4357,1.4379,943359.0
2026-02-08 21:10:00+00:00,1.4379,1.4396,1.436,1.4387,926282.8
2026-02-08 21:15:00+00:00,1.4387,1.44,1.4381,1.4387,595704.3
2026-02-08 21:20:00+00:00,1.4386,1.439,1.4363,1.4375,781404.0
2026-02-08 21:25:00+00:00,1.4374,1.438,1.4357,1.4367,618727.9
2026-02-08 21:30:00+00:00,1.4367,1.4372,1.4301,1.4306,1744716.7
2026-02-08 21:35:00+00:00,1.4305,1.4305,1.423,1.4257,5404055.2
2026-02-08 21:40:00+00:00,1.4258,1.4279,1.4255,1.4258,1037978.0
2026-02-08 21:45:00+00:00,1.4258,1.4314,1.4247,1.4296,1685754.2
2026-02-08 21:50:00+00:00,1.4296,1.4296,1.4237,1.4259,1606068.6
2026-02-08 21:55:00+00:00,1.4259,1.4283,1.4244,1.4263,788633.6
2026-02-08 22:00:00+00:00,1.4264,1.4293,1.4263,1.4293,1015483.3
2026-02-08 22:05:00+00:00,1.4293,1.4307,1.4263,1.4265,1004669.8
2026-02-08 22:10:00+00:00,1.4266,1.4296,1.4248,1.4296,1128383.8
2026-02-08 22:15:00+00:00,1.4295,1.434,1.4282,1.4322,1695556.9
2026-02-08 22:20:00+00:00,1.4321,1.4345,1.4297,1.4335,1047278.7
2026-02-08 22:25:00+00:00,1.4334,1.4343,1.4294,1.4305,682309.4
2026-02-08 22:30:00+00:00,1.4304,1.4308,1.4266,1.4274,679058.1
2026-02-08 22:35:00+00:00,1.4275,1.4299,1.4238,1.4267,954106.9
2026-02-08 22:40:00+00:00,1.4267,1.4308,1.426,1.4292,724371.0
2026-02-08 22:45:00+00:00,1.4293,1.4329,1.4289,1.4313,1105904.4
2026-02-08 22:50:00+00:00,1.4313,1.4329,1.4302,1.4303,410325.0
2026-02-08 22:55:00+00:00,1.4303,1.4367,1.4301,1.4344,2740643.4
2026-02-08 23:00:00+00:00,1.4344,1.4478,1.4333,1.4457,4383943.9
2026-02-08 23:05:00+00:00,1.4457,1.4624,1.4438,1.4549,18953671.0
2026-02-08 23:10:00+00:00,1.4549,1.4559,1.4408,1.4453,8252116.2
2026-02-08 23:15:00+00:00,1.4454,1.4502,1.4389,1.4416,4887362.9
2026-02-08 23:20:00+00:00,1.4417,1.4445,1.4235,1.4239,10572576.6
2026-02-08 23:25:00+00:00,1.4239,1.4307,1.4228,1.4256,7968630.3
2026-02-08 23:30:00+00:00,1.4255,1.4334,1.4215,1.4256,6509896.3
2026-02-08 23:35:00+00:00,1.4257,1.4288,1.4217,1.4261,8667269.7
2026-02-08 23:40:00+00:00,1.4261,1.4328,1.425,1.4319,4310516.3
2026-02-08 23:45:00+00:00,1.4319,1.4367,1.4313,1.4366,3305140.6
2026-02-08 23:50:00+00:00,1.4366,1.4401,1.4342,1.4354,3389482.9
2026-02-08 23:55:00+00:00,1.4354,1.4356,1.4284,1.4299,2915766.0
2026-02-09 00:00:00+00:00,1.4298,1.4327,1.4274,1.4314,3615230.6
2026-02-09 00:05:00+00:00,1.4314,1.4344,1.4279,1.4325,2357943.1
2026-02-09 00:10:00+00:00,1.4325,1.4362,1.4309,1.436,2021866.7
2026-02-09 00:15:00+00:00,1.4361,1.438,1.4295,1.433,2555707.5
2026-02-09 00:20:00+00:00,1.4329,1.4403,1.4329,1.4396,2246143.1
2026-02-09 00:25:00+00:00,1.4396,1.4407,1.4293,1.4303,2487809.8
2026-02-09 00:30:00+00:00,1.4302,1.4333,1.4239,1.4324,3678054.9
2026-02-09 00:35:00+00:00,1.4324,1.4324,1.4254,1.4279,1917312.4
2026-02-09 00:40:00+00:00,1.4278,1.4292,1.4237,1.4268,2609472.0
2026-02-09 00:45:00+00:00,1.4267,1.4318,1.4236,1.4314,1822671.2
2026-02-09 00:50:00+00:00,1.4314,1.4325,1.4287,1.4298,1350453.0
2026-02-09 00:55:00+00:00,1.4298,1.4332,1.4286,1.4318,1179705.9
2026-02-09 01:00:00+00:00,1.4317,1.434,1.4274,1.4295,1748839.0
2026-02-09 01:05:00+00:00,1.4294,1.4295,1.4247,1.4285,2076374.2
2026-02-09 01:10:00+00:00,1.4285,1.4295,1.426,1.427,888730.4
2026-02-09 01:15:00+00:00,1.427,1.4339,1.4246,1.4335,1864238.4
2026-02-09 01:20:00+00:00,1.4335,1.444,1.4334,1.4431,6918951.9
2026-02-09 01:25:00+00:00,1.443,1.4442,1.4345,1.4362,4751664.0
2026-02-09 01:30:00+00:00,1.4362,1.4374,1.4332,1.4348,2552683.3
2026-02-09 01:35:00+00:00,1.4347,1.4348,1.4264,1.4286,3881657.1
2026-02-09 01:40:00+00:00,1.4286,1.4291,1.4183,1.4218,9299613.2
2026-02-09 01:45:00+00:00,1.4218,1.4252,1.4179,1.4182,4822433.3
2026-02-09 01:50:00+00:00,1.4182,1.4266,1.4182,1.425,4951689.9
2026-02-09 01:55:00+00:00,1.4249,1.4269,1.4211,1.423,1664828.4
2026-02-09 02:00:00+00:00,1.423,1.424,1.4193,1.424,4923746.6
2026-02-09 02:05:00+00:00,1.424,1.4297,1.4214,1.427,2909524.6
2026-02-09 02:10:00+00:00,1.427,1.4326,1.4267,1.4269,2954172.7
2026-02-09 02:15:00+00:00,1.427,1.4287,1.4255,1.4268,1402135.4
2026-02-09 02:20:00+00:00,1.4269,1.4291,1.4255,1.4271,1270516.0
2026-02-09 02:25:00+00:00,1.4271,1.4296,1.4258,1.4287,915043.5
2026-02-09 02:30:00+00:00,1.4288,1.4328,1.4281,1.4307,2487517.5
2026-02-09 02:35:00+00:00,1.4307,1.4394,1.4306,1.4392,3192095.6
2026-02-09 02:40:00+00:00,1.4392,1.4538,1.4384,1.4454,12997767.3
2026-02-09 02:45:00+00:00,1.4455,1.4466,1.4424,1.4446,3657940.2
2026-02-09 02:50:00+00:00,1.4445,1.4475,1.4427,1.4437,3206149.5
2026-02-09 02:55:00+00:00,1.4436,1.4448,1.4405,1.4415,1688574.7
2026-02-09 03:00:00+00:00,1.4415,1.4439,1.4407,1.4427,1590565.5
2026-02-09 03:05:00+00:00,1.4426,1.4455,1.4401,1.4403,1705080.4
2026-02-09 03:10:00+00:00,1.4404,1.4418,1.4394,1.4404,1310422.3
2026-02-09 03:15:00+00:00,1.4405,1.4472,1.4405,1.4452,1774362.5
2026-02-09 03:20:00+00:00,1.4451,1.4465,1.4419,1.4441,1392748.6
2026-02-09 03:25:00+00:00,1.444,1.4465,1.442,1.4451,1339386.0
2026-02-09 03:30:00+00:00,1.445,1.4506,1.4447,1.4485,2612576.4
2026-02-09 03:35:00+00:00,1.4484,1.4507,1.4459,1.4492,2373112.1
2026-02-09 03:40:00+00:00,1.4492,1.4537,1.4474,1.45,3220878.7
2026-02-09 03:45:00+00:00,1.4499,1.4518,1.4485,1.4503,2023558.5
2026-02-09 03:50:00+00:00,1.4504,1.4536,1.4476,1.4528,1557718.3
2026-02-09 03:55:00+00:00,1.4527,1.4535,1.4491,1.4512,1705858.2
2026-02-09 04:00:00+00:00,1.4512,1.452,1.4472,1.4474,3260570.3
2026-02-09 04:05:00+00:00,1.4474,1.4495,1.446,1.448,1790980.9
2026-02-09 04:10:00+00:00,1.4479,1.448,1.4448,1.4454,893019.2
2026-02-09 04:15:00+00:00,1.4454,1.4494,1.4444,1.4489,1048926.1
2026-02-09 04:20:00+00:00,1.4488,1.4519,1.4486,1.4507,1457549.3
2026-02-09 04:25:00+00:00,1.4508,1.4514,1.4494,1.4505,1029438.9
2026-02-09 04:30:00+00:00,1.4505,1.4505,1.4467,1.447,1229467.8
2026-02-09 04:35:00+00:00,1.447,1.4479,1.4431,1.4439,1001823.0
2026-02-09 04:40:00+00:00,1.4439,1.4455,1.4427,1.4447,1050955.7
2026-02-09 04:45:00+00:00,1.4447,1.4473,1.4441,1.4449,1240237.1
2026-02-09 04:50:00+00:00,1.4449,1.4457,1.4435,1.4451,927745.9
2026-02-09 04:55:00+00:00,1.4451,1.4486,1.4451,1.4471,926250.3
2026-02-09 05:00:00+00:00,1.4472,1.4475,1.4423,1.4426,1339253.4
2026-02-09 05:05:00+00:00,1.4426,1.4443,1.4418,1.4424,1500749.4
2026-02-09 05:10:00+00:00,1.4424,1.4445,1.4403,1.4409,1703820.0
2026-02-09 05:15:00+00:00,1.4408,1.4428,1.4403,1.4404,1308117.5
2026-02-09 05:20:00+00:00,1.4405,1.4442,1.4402,1.4438,611051.3
2026-02-09 05:25:00+00:00,1.4438,1.4468,1.4423,1.4463,1548961.6
2026-02-09 05:30:00+00:00,1.4463,1.4522,1.4459,1.4522,1995241.7
2026-02-09 05:35:00+00:00,1.4522,1.4547,1.4482,1.4488,2923881.9
2026-02-09 05:40:00+00:00,1.4489,1.4494,1.4475,1.4484,861448.5
2026-02-09 05:45:00+00:00,1.4484,1.4485,1.4465,1.4474,819342.3
2026-02-09 05:50:00+00:00,1.4474,1.4511,1.4473,1.4501,1121913.6
2026-02-09 05:55:00+00:00,1.45,1.4512,1.4486,1.4503,1088843.5
2026-02-09 06:00:00+00:00,1.4504,1.4504,1.4412,1.4419,3617208.3
2026-02-09 06:05:00+00:00,1.4419,1.4426,1.4388,1.4412,2271823.4
2026-02-09 06:10:00+00:00,1.4413,1.4425,1.439,1.4421,2735978.6
2026-02-09 06:15:00+00:00,1.442,1.4421,1.431,1.4316,8473194.9
2026-02-09 06:20:00+00:00,1.4317,1.4327,1.4282,1.4301,6097007.0
2026-02-09 06:25:00+00:00,1.4301,1.4308,1.4273,1.4291,4696832.6
2026-02-09 06:30:00+00:00,1.4291,1.4309,1.4265,1.4298,3403185.4
2026-02-09 06:35:00+00:00,1.4297,1.4346,1.4294,1.4317,2367083.9
2026-02-09 06:40:00+00:00,1.4317,1.4325,1.4283,1.4304,2202995.1
2026-02-09 06:45:00+00:00,1.4305,1.432,1.4297,1.432,1570079.0
2026-02-09 06:50:00+00:00,1.4321,1.4353,1.4307,1.4344,1473378.3
2026-02-09 06:55:00+00:00,1.4345,1.4356,1.4327,1.4347,1758551.2
2026-02-09 07:00:00+00:00,1.4346,1.435,1.4308,1.4342,1630293.2
2026-02-09 07:05:00+00:00,1.4342,1.4365,1.4309,1.4354,1508534.1
2026-02-09 07:10:00+00:00,1.4355,1.4389,1.4355,1.4372,2100725.1
2026-02-09 07:15:00+00:00,1.4372,1.4376,1.4335,1.4363,1100194.6
2026-02-09 07:20:00+00:00,1.4362,1.437,1.4333,1.4335,1170405.7
2026-02-09 07:25:00+00:00,1.4335,1.4338,1.4312,1.4328,951678.9
2026-02-09 07:30:00+00:00,1.4328,1.4336,1.4292,1.4305,1467554.8
2026-02-09 07:35:00+00:00,1.4305,1.4326,1.4261,1.4276,4825581.5
2026-02-09 07:40:00+00:00,1.4277,1.4283,1.4235,1.4238,5561505.2
2026-02-09 07:45:00+00:00,1.4238,1.4252,1.42,1.4215,7422533.8
2026-02-09 07:50:00+00:00,1.4215,1.4256,1.4213,1.4243,1664104.0
2026-02-09 07:55:00+00:00,1.4243,1.4258,1.4233,1.4245,998074.6
2026-02-09 08:00:00+00:00,1.4244,1.4268,1.4222,1.4246,2478698.2
2026-02-09 08:05:00+00:00,1.4247,1.4277,1.4205,1.4247,2640158.1
2026-02-09 08:10:00+00:00,1.4248,1.4287,1.4244,1.4262,1565529.0
2026-02-09 08:15:00+00:00,1.4262,1.4267,1.4201,1.4209,1721573.4
2026-02-09 08:20:00+00:00,1.4209,1.4221,1.4156,1.4167,7619738.8
2026-02-09 08:25:00+00:00,1.4167,1.418,1.4122,1.4131,5360122.9
2026-02-09 08:30:00+00:00,1.4131,1.4137,1.4001,1.4032,17105915.4
2026-02-09 08:35:00+00:00,1.4032,1.4102,1.403,1.4085,5621405.5
2026-02-09 08:40:00+00:00,1.4084,1.4108,1.4071,1.4086,3408320.8
2026-02-09 08:45:00+00:00,1.4086,1.4101,1.4072,1.4086,1742696.7
2026-02-09 08:50:00+00:00,1.4085,1.4094,1.4047,1.4071,2990029.5
2026-02-09 08:55:00+00:00,1.4071,1.4096,1.4053,1.4062,1662109.2
2026-02-09 09:00:00+00:00,1.4062,1.4102,1.4061,1.4079,3064786.3
2026-02-09 09:05:00+00:00,1.4079,1.4116,1.4076,1.4081,3162785.8
2026-02-09 09:10:00+00:00,1.4081,1.4096,1.4068,1.4068,2828855.6
2026-02-09 09:15:00+00:00,1.4068,1.4077,1.4001,1.4018,4433368.9
2026-02-09 09:20:00+00:00,1.4019,1.405,1.4012,1.4016,4389335.9
2026-02-09 09:25:00+00:00,1.4016,1.4046,1.4015,1.4021,1547143.6
2026-02-09 09:30:00+00:00,1.4021,1.4038,1.3976,1.4019,5428950.7
2026-02-09 09:35:00+00:00,1.4018,1.4032,1.394,1.3956,6407631.3
2026-02-09 09:40:00+00:00,1.3956,1.3964,1.3928,1.3962,4550701.2
2026-02-09 09:45:00+00:00,1.3962,1.401,1.3958,1.3986,3316610.4
2026-02-09 09:50:00+00:00,1.3985,1.3989,1.3947,1.3966,2419603.3
2026-02-09 09:55:00+00:00,1.3965,1.3983,1.3943,1.3981,2454941.1
2026-02-09 10:00:00+00:00,1.3981,1.401,1.3957,1.3981,2679161.4
2026-02-09 10:05:00+00:00,1.3982,1.4038,1.3967,1.4027,6539000.9
2026-02-09 10:10:00+00:00,1.4028,1.4055,1.4007,1.4008,2787271.4
2026-02-09 10:15:00+00:00,1.4007,1.4018,1.3904,1.3923,8529757.6
2026-02-09 10:20:00+00:00,1.3923,1.3936,1.3873,1.3874,6910007.0
2026-02-09 10:25:00+00:00,1.3874,1.3923,1.3847,1.3861,11706369.4
2026-02-09 10:30:00+00:00,1.3861,1.387,1.3762,1.3778,15777066.6
2026-02-09 10:35:00+00:00,1.3777,1.381,1.3738,1.379,9324775.0
2026-02-09 10:40:00+00:00,1.379,1.3806,1.3721,1.376,9366689.6
2026-02-09 10:45:00+00:00,1.3761,1.3799,1.3741,1.3762,7467915.4
2026-02-09 10:50:00+00:00,1.3762,1.3828,1.376,1.3808,7781143.0
2026-02-09 10:55:00+00:00,1.3807,1.3835,1.3804,1.3823,3145436.8
2026-02-09 11:00:00+00:00,1.3822,1.3944,1.3822,1.3914,9492024.2
2026-02-09 11:05:00+00:00,1.3914,1.3924,1.3872,1.3882,3952801.1
2026-02-09 11:10:00+00:00,1.3881,1.3889,1.3845,1.3849,5950635.9
2026-02-09 11:15:00+00:00,1.3849,1.3869,1.3822,1.3832,3249042.3
2026-02-09 11:20:00+00:00,1.3832,1.3938,1.3828,1.3906,7679908.5
2026-02-09 11:25:00+00:00,1.3907,1.395,1.3907,1.393,3834888.1
2026-02-09 11:30:00+00:00,1.393,1.3965,1.3902,1.3914,3760316.9
2026-02-09 11:35:00+00:00,1.3914,1.3942,1.3912,1.3937,1626272.2
2026-02-09 11:40:00+00:00,1.3937,1.3953,1.3915,1.392,2170107.8
2026-02-09 11:45:00+00:00,1.392,1.3928,1.3875,1.3894,2508820.8
2026-02-09 11:50:00+00:00,1.3893,1.3912,1.3871,1.3899,2859180.0
2026-02-09 11:55:00+00:00,1.3899,1.3926,1.3892,1.3926,1475381.1
2026-02-09 12:00:00+00:00,1.3926,1.402,1.3922,1.4015,6625067.7
2026-02-09 12:05:00+00:00,1.4015,1.4067,1.3993,1.4053,5512920.0
2026-02-09 12:10:00+00:00,1.4053,1.4082,1.4038,1.4055,5883525.8
2026-02-09 12:15:00+00:00,1.4055,1.4055,1.4002,1.4039,6270615.8
2026-02-09 12:20:00+00:00,1.4038,1.406,1.403,1.4045,2115752.7
2026-02-09 12:25:00+00:00,1.4044,1.406,1.4029,1.4033,2083174.8
2026-02-09 12:30:00+00:00,1.4034,1.4049,1.3996,1.4008,3334402.0
2026-02-09 12:35:00+00:00,1.4008,1.4072,1.4006,1.4028,5024698.8
2026-02-09 12:40:00+00:00,1.4027,1.4142,1.4026,1.4097,7182276.9
2026-02-09 12:45:00+00:00,1.4097,1.4104,1.4061,1.4076,3435214.5
2026-02-09 12:50:00+00:00,1.4076,1.4084,1.404,1.4057,3403911.0
2026-02-09 12:55:00+00:00,1.4057,1.408,1.4045,1.4076,1566572.1
2026-02-09 13:00:00+00:00,1.4075,1.4082,1.4038,1.405,2009802.6
2026-02-09 13:05:00+00:00,1.405,1.4079,1.4035,1.4068,2756052.8
2026-02-09 13:10:00+00:00,1.4068,1.4118,1.4048,1.4089,3709989.0
2026-02-09 13:15:00+00:00,1.409,1.4093,1.403,1.4072,2863772.3
2026-02-09 13:20:00+00:00,1.4073,1.4083,1.404,1.4067,1343524.7
2026-02-09 13:25:00+00:00,1.4067,1.4067,1.4038,1.4057,1162489.5
2026-02-09 13:30:00+00:00,1.4057,1.4057,1.3994,1.4002,5210399.3
2026-02-09 13:35:00+00:00,1.4003,1.4024,1.3995,1.4023,2061304.4
2026-02-09 13:40:00+00:00,1.4022,1.4034,1.3991,1.4004,2125692.5
2026-02-09 13:45:00+00:00,1.4004,1.4024,1.3977,1.3983,3478729.6
2026-02-09 13:50:00+00:00,1.3982,1.4004,1.3962,1.398,4611119.9
2026-02-09 13:55:00+00:00,1.3979,1.3979,1.394,1.3952,4665350.2
2026-02-09 14:00:00+00:00,1.3951,1.4037,1.3951,1.3989,6039650.7
2026-02-09 14:05:00+00:00,1.3988,1.4012,1.3946,1.3988,5631154.1
2026-02-09 14:10:00+00:00,1.3989,1.402,1.3967,1.4019,2653616.1
2026-02-09 14:15:00+00:00,1.402,1.4035,1.396,1.3987,3555768.9
2026-02-09 14:20:00+00:00,1.3988,1.4065,1.3987,1.4048,5005027.3
2026-02-09 14:25:00+00:00,1.4048,1.4097,1.4038,1.4066,4756424.9
2026-02-09 14:30:00+00:00,1.4066,1.4079,1.402,1.4055,6158811.9
2026-02-09 14:35:00+00:00,1.4054,1.4246,1.4006,1.4246,12901887.6
2026-02-09 14:40:00+00:00,1.4245,1.4373,1.4241,1.4255,15264670.1
2026-02-09 14:45:00+00:00,1.4256,1.4355,1.4242,1.435,8540248.7
2026-02-09 14:50:00+00:00,1.4351,1.4375,1.4266,1.432,7792700.5
2026-02-09 14:55:00+00:00,1.4321,1.4342,1.4258,1.4299,3237768.9
2026-02-09 15:00:00+00:00,1.4298,1.4404,1.4297,1.4401,9756275.4
2026-02-09 15:05:00+00:00,1.4402,1.4442,1.4328,1.4345,7460511.0
2026-02-09 15:10:00+00:00,1.4345,1.4352,1.4286,1.4315,4098412.2
2026-02-09 15:15:00+00:00,1.4316,1.4344,1.4262,1.4284,7150642.4
2026-02-09 15:20:00+00:00,1.4285,1.4314,1.4222,1.4244,5553743.9
2026-02-09 15:25:00+00:00,1.4244,1.4248,1.4199,1.4238,6242829.2
2026-02-09 15:30:00+00:00,1.4238,1.4331,1.4237,1.4315,6591289.7
2026-02-09 15:35:00+00:00,1.4315,1.4429,1.4314,1.4398,8272048.4
2026-02-09 15:40:00+00:00,1.4397,1.4494,1.4386,1.4446,7953575.6
2026-02-09 15:45:00+00:00,1.4447,1.4489,1.4415,1.4428,4782930.5
2026-02-09 15:50:00+00:00,1.4427,1.4436,1.437,1.4434,3858837.8
2026-02-09 15:55:00+00:00,1.4434,1.446,1.4411,1.4453,3681891.7
2026-02-09 16:00:00+00:00,1.4453,1.4489,1.4421,1.4427,5531382.0
2026-02-09 16:05:00+00:00,1.4428,1.4444,1.4373,1.4387,4208915.0
2026-02-09 16:10:00+00:00,1.4386,1.4434,1.4353,1.4375,3487939.3
2026-02-09 16:15:00+00:00,1.4375,1.4429,1.4353,1.4378,2598986.0
2026-02-09 16:20:00+00:00,1.4379,1.445,1.4377,1.4439,3036208.3
2026-02-09 16:25:00+00:00,1.4438,1.4478,1.4436,1.4468,2523279.5
2026-02-09 16:30:00+00:00,1.4468,1.4519,1.443,1.4431,5586479.0
2026-02-09 16:35:00+00:00,1.4432,1.4468,1.4411,1.4431,3017472.0
2026-02-09 16:40:00+00:00,1.4432,1.4531,1.4412,1.4517,6223730.9
2026-02-09 16:45:00+00:00,1.4517,1.4636,1.4514,1.4574,15271661.1
2026-02-09 16:50:00+00:00,1.4575,1.4586,1.4508,1.4519,6640721.4
2026-02-09 16:55:00+00:00,1.4519,1.4549,1.449,1.4507,4056467.8
2026-02-09 17:00:00+00:00,1.4507,1.4533,1.4454,1.4461,4969701.5
2026-02-09 17:05:00+00:00,1.4462,1.447,1.4375,1.4392,8210363.3
2026-02-09 17:10:00+00:00,1.4392,1.4406,1.4328,1.4354,6202141.2
2026-02-09 17:15:00+00:00,1.4355,1.4402,1.4352,1.4386,2506121.9
2026-02-09 17:20:00+00:00,1.4385,1.4392,1.4343,1.4361,2392762.8
2026-02-09 17:25:00+00:00,1.4362,1.4374,1.4323,1.4373,2559932.6
2026-02-09 17:30:00+00:00,1.4373,1.4485,1.4366,1.4444,8411519.6
2026-02-09 17:35:00+00:00,1.4444,1.4556,1.4437,1.4497,7402069.1
2026-02-09 17:40:00+00:00,1.4497,1.4551,1.4466,1.4524,5172240.9
2026-02-09 17:45:00+00:00,1.4523,1.4547,1.4445,1.4495,9629579.1
2026-02-09 17:50:00+00:00,1.4494,1.4518,1.4477,1.4493,2255272.6
2026-02-09 17:55:00+00:00,1.4493,1.4526,1.4489,1.4497,2598935.8
2026-02-09 18:00:00+00:00,1.4497,1.459,1.4485,1.4526,4378477.9
2026-02-09 18:05:00+00:00,1.4527,1.4555,1.4445,1.4479,4410684.9
2026-02-09 18:10:00+00:00,1.4479,1.4484,1.4427,1.4442,2612509.7
2026-02-09 18:15:00+00:00,1.4443,1.4458,1.4402,1.4435,4001837.5
2026-02-09 18:20:00+00:00,1.4434,1.4449,1.4365,1.4408,5551576.5
2026-02-09 18:25:00+00:00,1.4408,1.4424,1.4358,1.4409,3044189.4
2026-02-09 18:30:00+00:00,1.441,1.4449,1.4381,1.4418,2806134.8
2026-02-09 18:35:00+00:00,1.4417,1.4448,1.4405,1.4418,1876205.4
2026-02-09 18:40:00+00:00,1.4418,1.4427,1.4381,1.4423,1586621.5
2026-02-09 18:45:00+00:00,1.4424,1.4465,1.4396,1.4426,2783648.8
2026-02-09 18:50:00+00:00,1.4427,1.4441,1.4373,1.4383,1577835.2
2026-02-09 18:55:00+00:00,1.4383,1.4427,1.4372,1.4426,1352277.4
2026-02-09 19:00:00+00:00,1.4427,1.4472,1.4404,1.4456,2138956.7
2026-02-09 19:05:00+00:00,1.4456,1.4473,1.4424,1.447,1917806.0
2026-02-09 19:10:00+00:00,1.4471,1.4482,1.4442,1.4446,1091393.5
2026-02-09 19:15:00+00:00,1.4446,1.4469,1.4417,1.4444,1740077.2
2026-02-09 19:20:00+00:00,1.4445,1.4461,1.4425,1.4455,1264310.5
2026-02-09 19:25:00+00:00,1.4455,1.4468,1.444,1.4453,1242801.9
2026-02-09 19:30:00+00:00,1.4453,1.4496,1.4444,1.4481,1795154.6
2026-02-09 19:35:00+00:00,1.448,1.4515,1.4463,1.4504,2224170.1
2026-02-09 19:40:00+00:00,1.4504,1.4504,1.4473,1.4485,1828451.4
2026-02-09 19:45:00+00:00,1.4485,1.4546,1.4482,1.4526,3602018.8
2026-02-09 19:50:00+00:00,1.4526,1.4533,1.4491,1.4505,2344031.5
2026-02-09 19:55:00+00:00,1.4505,1.4535,1.4496,1.4516,1679685.3
2026-02-09 20:00:00+00:00,1.4516,1.4526,1.4486,1.4517,1936838.2
2026-02-09 20:05:00+00:00,1.4517,1.4564,1.4505,1.4511,3121642.5
2026-02-09 20:10:00+00:00,1.4512,1.4539,1.4496,1.4501,2621342.6
2026-02-09 20:15:00+00:00,1.4502,1.4511,1.4427,1.445,3499549.6
2026-02-09 20:20:00+00:00,1.445,1.4501,1.4434,1.4477,1924954.5
2026-02-09 20:25:00+00:00,1.4477,1.4478,1.4441,1.4452,1358923.2
2026-02-09 20:30:00+00:00,1.4452,1.45,1.4441,1.4482,1336718.1
2026-02-09 20:35:00+00:00,1.4481,1.4522,1.4481,1.4513,1104917.6
2026-02-09 20:40:00+00:00,1.4513,1.4524,1.4498,1.4517,875675.1
2026-02-09 20:45:00+00:00,1.4516,1.4528,1.4495,1.4519,1462158.0
2026-02-09 20:50:00+00:00,1.4518,1.4528,1.4505,1.4519,764186.7
2026-02-09 20:55:00+00:00,1.4519,1.456,1.45,1.4533,4148302.3
2026-02-09 21:00:00+00:00,1.4534,1.4578,1.4523,1.4545,3415672.3
2026-02-09 21:05:00+00:00,1.4546,1.4556,1.4483,1.4492,1391758.4
2026-02-09 21:10:00+00:00,1.4493,1.4498,1.4469,1.4469,1188252.9
2026-02-09 21:15:00+00:00,1.447,1.4484,1.4437,1.4459,1396530.5
2026-02-09 21:20:00+00:00,1.4459,1.4525,1.4455,1.4519,1763551.8
2026-02-09 21:25:00+00:00,1.4518,1.4549,1.4505,1.4511,1829481.2
2026-02-09 21:30:00+00:00,1.4511,1.4517,1.4416,1.4431,4190661.3
2026-02-09 21:35:00+00:00,1.4431,1.444,1.4389,1.4439,2259804.5
2026-02-09 21:40:00+00:00,1.444,1.4456,1.4417,1.4425,1329670.3
2026-02-09 21:45:00+00:00,1.4424,1.4435,1.4379,1.4412,2015024.5
2026-02-09 21:50:00+00:00,1.4413,1.4565,1.4411,1.4561,4379727.3
2026-02-09 21:55:00+00:00,1.4562,1.4562,1.4494,1.4501,1958952.0
2026-02-09 22:00:00+00:00,1.4502,1.4516,1.4466,1.4488,1458464.4
2026-02-09 22:05:00+00:00,1.4487,1.4494,1.4472,1.4478,909468.9
2026-02-09 22:10:00+00:00,1.4478,1.4511,1.4477,1.45,1590022.7
2026-02-09 22:15:00+00:00,1.4499,1.4501,1.4456,1.446,2670291.7
2026-02-09 22:20:00+00:00,1.4459,1.4483,1.4443,1.4461,1560259.5
2026-02-09 22:25:00+00:00,1.446,1.4487,1.4458,1.4476,512297.8
2026-02-09 22:30:00+00:00,1.4476,1.449,1.4462,1.4468,982710.0
2026-02-09 22:35:00+00:00,1.4468,1.4475,1.4445,1.4464,530633.0
2026-02-09 22:40:00+00:00,1.4463,1.4469,1.4453,1.4461,415293.1
2026-02-09 22:45:00+00:00,1.446,1.4483,1.4439,1.4456,624910.9
2026-02-09 22:50:00+00:00,1.4456,1.4458,1.4422,1.4426,813291.8
2026-02-09 22:55:00+00:00,1.4426,1.4439,1.4426,1.4437,545658.3
2026-02-09 23:00:00+00:00,1.4436,1.4462,1.4426,1.4457,1008265.9
2026-02-09 23:05:00+00:00,1.4457,1.4481,1.4454,1.447,1009428.3
2026-02-09 23:10:00+00:00,1.4469,1.4469,1.4401,1.4427,1967713.0
2026-02-09 23:15:00+00:00,1.4428,1.4439,1.4402,1.4415,816385.5
2026-02-09 23:20:00+00:00,1.4415,1.4421,1.4388,1.4406,1727819.4
2026-02-09 23:25:00+00:00,1.4406,1.4409,1.4386,1.4397,1040101.2
2026-02-09 23:30:00+00:00,1.4397,1.4407,1.439,1.4407,838298.8
2026-02-09 23:35:00+00:00,1.4407,1.4419,1.44,1.4418,584441.3
2026-02-09 23:40:00+00:00,1.4417,1.4432,1.441,1.441,1037943.0
2026-02-09 23:45:00+00:00,1.441,1.4413,1.4361,1.4363,2051102.2
2026-02-09 23:50:00+00:00,1.4363,1.4371,1.4346,1.4365,1619164.4
2026-02-09 23:55:00+00:00,1.4365,1.4369,1.4344,1.4363,892871.6
2026-02-10 00:00:00+00:00,1.4364,1.4402,1.4356,1.4358,2599587.6
2026-02-10 00:05:00+00:00,1.4359,1.4383,1.4349,1.4372,2959600.6
2026-02-10 00:10:00+00:00,1.4372,1.4407,1.4365,1.4406,1966855.2
2026-02-10 00:15:00+00:00,1.4405,1.441,1.4383,1.4394,1021048.7
2026-02-10 00:20:00+00:00,1.4394,1.4399,1.4357,1.437,1007170.1
2026-02-10 00:25:00+00:00,1.4371,1.4393,1.4361,1.438,960825.1
2026-02-10 00:30:00+00:00,1.438,1.4399,1.437,1.4396,967282.6
2026-02-10 00:35:00+00:00,1.4395,1.4411,1.4371,1.4394,1726655.8
2026-02-10 00:40:00+00:00,1.4393,1.44,1.4352,1.438,1244320.6
2026-02-10 00:45:00+00:00,1.4379,1.4389,1.4337,1.4342,2733247.9
2026-02-10 00:50:00+00:00,1.4342,1.4386,1.433,1.4363,1147117.0
2026-02-10 00:55:00+00:00,1.4364,1.4382,1.4358,1.4363,768793.4
2026-02-10 01:00:00+00:00,1.4364,1.4421,1.4357,1.4398,2649586.2
2026-02-10 01:05:00+00:00,1.4398,1.4453,1.4384,1.4447,1660702.6
2026-02-10 01:10:00+00:00,1.4447,1.4463,1.4428,1.4449,1363568.5
2026-02-10 01:15:00+00:00,1.4449,1.4476,1.4427,1.4461,3217236.8
2026-02-10 01:20:00+00:00,1.4461,1.4489,1.4446,1.4453,1603860.1
2026-02-10 01:25:00+00:00,1.4454,1.4529,1.445,1.4498,3373419.9
2026-02-10 01:30:00+00:00,1.4498,1.4507,1.4459,1.4493,1345498.0
2026-02-10 01:35:00+00:00,1.4492,1.4509,1.4455,1.4483,1392489.8
2026-02-10 01:40:00+00:00,1.4483,1.4488,1.4467,1.448,685895.4
2026-02-10 01:45:00+00:00,1.448,1.4497,1.446,1.448,990610.9
2026-02-10 01:50:00+00:00,1.448,1.4484,1.4452,1.446,973231.3
2026-02-10 01:55:00+00:00,1.4459,1.448,1.445,1.4474,587177.5
2026-02-10 02:00:00+00:00,1.4475,1.448,1.4433,1.4434,1023882.8
2026-02-10 02:05:00+00:00,1.4434,1.4464,1.4433,1.4437,890103.1
2026-02-10 02:10:00+00:00,1.4437,1.4458,1.443,1.4456,739086.3
2026-02-10 02:15:00+00:00,1.4456,1.4486,1.4444,1.4472,1150783.3
2026-02-10 02:20:00+00:00,1.4472,1.449,1.4458,1.4477,545667.0
2026-02-10 02:25:00+00:00,1.4477,1.4478,1.4433,1.4433,578161.9
2026-02-10 02:30:00+00:00,1.4434,1.4471,1.4433,1.4453,914292.0
2026-02-10 02:35:00+00:00,1.4453,1.4465,1.4434,1.4447,1104572.9
2026-02-10 02:40:00+00:00,1.4446,1.4465,1.4433,1.4437,529321.1
2026-02-10 02:45:00+00:00,1.4438,1.4474,1.442,1.4464,1075259.6
2026-02-10 02:50:00+00:00,1.4463,1.447,1.4442,1.4442,651713.7
2026-02-10 02:55:00+00:00,1.4441,1.4466,1.4438,1.4464,870708.5
2026-02-10 03:00:00+00:00,1.4464,1.45,1.4464,1.448,1513063.3
2026-02-10 03:05:00+00:00,1.448,1.4481,1.44,1.4425,1969538.5
2026-02-10 03:10:00+00:00,1.4425,1.4477,1.4417,1.4472,1584720.6
2026-02-10 03:15:00+00:00,1.4471,1.4475,1.4387,1.4393,4120181.2
2026-02-10 03:20:00+00:00,1.4394,1.4408,1.4379,1.4387,1661292.7
2026-02-10 03:25:00+00:00,1.4387,1.4406,1.4362,1.4363,4144311.4
2026-02-10 03:30:00+00:00,1.4362,1.4362,1.4271,1.4336,10839437.4
2026-02-10 03:35:00+00:00,1.4337,1.4357,1.4321,1.4352,2451071.7
2026-02-10 03:40:00+00:00,1.4351,1.4354,1.4309,1.4317,1857089.0
2026-02-10 03:45:00+00:00,1.4318,1.4347,1.4306,1.4345,1395244.4
2026-02-10 03:50:00+00:00,1.4345,1.4349,1.4336,1.4341,834983.0
2026-02-10 03:55:00+00:00,1.434,1.4355,1.4327,1.4344,2107927.8
2026-02-10 04:00:00+00:00,1.4343,1.4387,1.4335,1.4386,2402502.2
2026-02-10 04:05:00+00:00,1.4387,1.4449,1.4387,1.4442,3319155.5
2026-02-10 04:10:00+00:00,1.4442,1.4497,1.4442,1.4491,4049768.4
2026-02-10 04:15:00+00:00,1.4491,1.4515,1.4449,1.4466,4530815.0
2026-02-10 04:20:00+00:00,1.4466,1.448,1.443,1.4434,1907021.0
2026-02-10 04:25:00+00:00,1.4434,1.4476,1.4418,1.4471,1805459.3
2026-02-10 04:30:00+00:00,1.4471,1.4471,1.4436,1.4455,885412.8
2026-02-10 04:35:00+00:00,1.4455,1.4474,1.444,1.4448,786645.5
2026-02-10 04:40:00+00:00,1.4448,1.445,1.4425,1.4444,922065.7
2026-02-10 04:45:00+00:00,1.4443,1.4465,1.443,1.4464,608188.8
2026-02-10 04:50:00+00:00,1.4465,1.4491,1.4464,1.449,1469600.6
2026-02-10 04:55:00+00:00,1.4491,1.4499,1.4466,1.4467,1016161.2
2026-02-10 05:00:00+00:00,1.4466,1.4477,1.4442,1.4468,874368.9
2026-02-10 05:05:00+00:00,1.4469,1.4471,1.4449,1.4458,852113.5
2026-02-10 05:10:00+00:00,1.4458,1.4473,1.4442,1.4462,785886.1
2026-02-10 05:15:00+00:00,1.4462,1.4462,1.4421,1.4437,900172.5
2026-02-10 05:20:00+00:00,1.4438,1.4438,1.4415,1.4428,1221556.5
2026-02-10 05:25:00+00:00,1.4427,1.4435,1.4415,1.4422,704417.9
2026-02-10 05:30:00+00:00,1.4421,1.4456,1.4392,1.4453,1971934.5
2026-02-10 05:35:00+00:00,1.4454,1.4484,1.4441,1.4449,1554508.5
2026-02-10 05:40:00+00:00,1.4449,1.4459,1.4387,1.4404,1708973.4
2026-02-10 05:45:00+00:00,1.4403,1.4404,1.436,1.4385,1900731.9
2026-02-10 05:50:00+00:00,1.4385,1.4408,1.4364,1.4405,1947903.4
2026-02-10 05:55:00+00:00,1.4404,1.4414,1.4376,1.441,1835081.5
2026-02-10 06:00:00+00:00,1.441,1.4415,1.4385,1.4403,969200.7
2026-02-10 06:05:00+00:00,1.4404,1.4413,1.4382,1.4391,2593278.6
2026-02-10 06:10:00+00:00,1.4391,1.44,1.4373,1.4394,1626215.6
2026-02-10 06:15:00+00:00,1.4395,1.4406,1.4375,1.4403,1358737.1
2026-02-10 06:20:00+00:00,1.4404,1.4406,1.4319,1.4336,3279850.4
2026-02-10 06:25:00+00:00,1.4335,1.4347,1.4311,1.4329,2184102.3
2026-02-10 06:30:00+00:00,1.4329,1.436,1.4319,1.4337,1695810.3
2026-02-10 06:35:00+00:00,1.4337,1.4353,1.4318,1.432,936771.8
2026-02-10 06:40:00+00:00,1.4319,1.432,1.4274,1.4288,5096497.0
2026-02-10 06:45:00+00:00,1.4287,1.4288,1.4146,1.4181,14364173.2
2026-02-10 06:50:00+00:00,1.4181,1.419,1.4146,1.4147,6339526.9
2026-02-10 06:55:00+00:00,1.4148,1.4199,1.4132,1.4191,3216007.5
2026-02-10 07:00:00+00:00,1.4191,1.427,1.4189,1.4249,5276965.9
2026-02-10 07:05:00+00:00,1.425,1.4262,1.4242,1.426,2360317.5
2026-02-10 07:10:00+00:00,1.4259,1.4275,1.4231,1.4236,3405312.2
2026-02-10 07:15:00+00:00,1.4235,1.4235,1.4191,1.4194,2708602.8
2026-02-10 07:20:00+00:00,1.4195,1.4237,1.4194,1.4223,1708180.7
2026-02-10 07:25:00+00:00,1.4222,1.4243,1.4217,1.4242,1074811.8
2026-02-10 07:30:00+00:00,1.4242,1.4256,1.4227,1.4233,1595602.5
2026-02-10 07:35:00+00:00,1.4234,1.4242,1.422,1.4235,1189714.7
2026-02-10 07:40:00+00:00,1.4235,1.4245,1.4212,1.4223,1144732.5
2026-02-10 07:45:00+00:00,1.4223,1.4237,1.4196,1.4206,2077615.0
2026-02-10 07:50:00+00:00,1.4205,1.422,1.42,1.4208,1310759.1
2026-02-10 07:55:00+00:00,1.4209,1.4233,1.4205,1.4213,1001540.0
2026-02-10 08:00:00+00:00,1.4213,1.4224,1.4201,1.4205,1142510.5
2026-02-10 08:05:00+00:00,1.4205,1.4228,1.4198,1.4208,1791012.7
2026-02-10 08:10:00+00:00,1.4208,1.4212,1.4159,1.4173,1797885.8
2026-02-10 08:15:00+00:00,1.4174,1.418,1.4135,1.4177,2509795.0
2026-02-10 08:20:00+00:00,1.4176,1.4257,1.4153,1.4252,3058984.9
2026-02-10 08:25:00+00:00,1.4252,1.4265,1.4236,1.4239,1590551.1
2026-02-10 08:30:00+00:00,1.4238,1.4244,1.4221,1.4237,1702800.5
2026-02-10 08:35:00+00:00,1.4236,1.4237,1.4185,1.4222,2015148.5
2026-02-10 08:40:00+00:00,1.4222,1.4262,1.4209,1.423,1856858.5
2026-02-10 08:45:00+00:00,1.423,1.4264,1.4227,1.4264,1428626.8
2026-02-10 08:50:00+00:00,1.4264,1.4294,1.4249,1.4291,3685509.1
2026-02-10 08:55:00+00:00,1.4292,1.4319,1.4278,1.4285,3015232.5
2026-02-10 09:00:00+00:00,1.4285,1.4349,1.4271,1.4348,4109252.9
2026-02-10 09:05:00+00:00,1.4348,1.435,1.4305,1.4327,3319535.6
2026-02-10 09:10:00+00:00,1.4327,1.4328,1.4282,1.4294,3024406.9
2026-02-10 09:15:00+00:00,1.4294,1.4314,1.4291,1.4313,1211786.7
2026-02-10 09:20:00+00:00,1.4312,1.4312,1.4268,1.4289,1871946.3
2026-02-10 09:25:00+00:00,1.4289,1.4292,1.4268,1.4277,1147321.8
2026-02-10 09:30:00+00:00,1.4278,1.4298,1.4263,1.4269,1122346.7
2026-02-10 09:35:00+00:00,1.4269,1.4275,1.4252,1.4269,878768.1
2026-02-10 09:40:00+00:00,1.427,1.4291,1.4254,1.4266,6029293.5
2026-02-10 09:45:00+00:00,1.4266,1.4276,1.4186,1.4189,6743474.9
2026-02-10 09:50:00+00:00,1.4189,1.4197,1.4155,1.4194,4457428.1
2026-02-10 09:55:00+00:00,1.4195,1.4209,1.4192,1.4201,1141272.6
2026-02-10 10:00:00+00:00,1.4201,1.4212,1.4184,1.4184,1779819.1
2026-02-10 10:05:00+00:00,1.4185,1.4204,1.4171,1.4201,1133025.7
2026-02-10 10:10:00+00:00,1.42,1.4203,1.4181,1.4197,1273527.8
2026-02-10 10:15:00+00:00,1.4196,1.4197,1.4162,1.4182,1126189.1
2026-02-10 10:20:00+00:00,1.4181,1.4196,1.4172,1.4195,965365.1
2026-02-10 10:25:00+00:00,1.4194,1.4226,1.4194,1.4219,1851982.4
2026-02-10 10:30:00+00:00,1.4219,1.4219,1.418,1.4186,1731452.7
2026-02-10 10:35:00+00:00,1.4185,1.4186,1.4155,1.4164,3250047.3
2026-02-10 10:40:00+00:00,1.4164,1.4175,1.4151,1.4165,1669827.5
2026-02-10 10:45:00+00:00,1.4165,1.4182,1.4127,1.4154,2822482.5
2026-02-10 10:50:00+00:00,1.4155,1.4164,1.4145,1.4149,1665932.0
2026-02-10 10:55:00+00:00,1.415,1.416,1.4148,1.4148,1021779.7
2026-02-10 11:00:00+00:00,1.4148,1.4149,1.4108,1.4122,3790108.6
2026-02-10 11:05:00+00:00,1.4122,1.4148,1.411,1.4132,2227074.8
2026-02-10 11:10:00+00:00,1.4131,1.4157,1.4121,1.4144,1419106.7
2026-02-10 11:15:00+00:00,1.4144,1.4154,1.4131,1.4144,1020655.1
2026-02-10 11:20:00+00:00,1.4143,1.4157,1.4127,1.4156,1873288.3
2026-02-10 11:25:00+00:00,1.4156,1.4158,1.4139,1.4148,1198464.1
2026-02-10 11:30:00+00:00,1.4148,1.4185,1.4139,1.4176,2751843.1
2026-02-10 11:35:00+00:00,1.4176,1.4177,1.4141,1.4149,1320277.8
2026-02-10 11:40:00+00:00,1.4149,1.4149,1.4065,1.41,6007680.7
2026-02-10 11:45:00+00:00,1.4101,1.4132,1.4076,1.4111,3878107.8
2026-02-10 11:50:00+00:00,1.411,1.4128,1.406,1.4062,2754069.3
2026-02-10 11:55:00+00:00,1.4061,1.4076,1.405,1.4071,2436728.0
2026-02-10 12:00:00+00:00,1.407,1.4123,1.407,1.4106,4131367.0
2026-02-10 12:05:00+00:00,1.4106,1.4127,1.4063,1.4086,3798282.2
2026-02-10 12:10:00+00:00,1.4086,1.4099,1.4039,1.4055,5240332.1
2026-02-10 12:15:00+00:00,1.4055,1.4083,1.4049,1.406,2072532.5
2026-02-10 12:20:00+00:00,1.4059,1.4099,1.4059,1.4097,1254397.6
2026-02-10 12:25:00+00:00,1.4098,1.4108,1.4095,1.4103,1969184.2
2026-02-10 12:30:00+00:00,1.4103,1.4126,1.4085,1.4089,2249885.9
2026-02-10 12:35:00+00:00,1.4089,1.4091,1.406,1.4061,2394516.2
2026-02-10 12:40:00+00:00,1.4061,1.408,1.4056,1.407,1346262.4
2026-02-10 12:45:00+00:00,1.407,1.4088,1.4042,1.4079,2182287.9
2026-02-10 12:50:00+00:00,1.408,1.4092,1.4065,1.4081,1056670.9
2026-02-10 12:55:00+00:00,1.4081,1.4095,1.4074,1.4078,817428.8
2026-02-10 13:00:00+00:00,1.4077,1.4085,1.405,1.4052,2817833.7
2026-02-10 13:05:00+00:00,1.4053,1.4085,1.4023,1.4075,3724496.4
2026-02-10 13:10:00+00:00,1.4076,1.4077,1.4043,1.4062,1406742.3
2026-02-10 13:15:00+00:00,1.4063,1.4094,1.4045,1.4076,2963667.8
2026-02-10 13:20:00+00:00,1.4075,1.4107,1.4075,1.4105,2057489.7
2026-02-10 13:25:00+00:00,1.4104,1.4106,1.4079,1.408,1814869.1
2026-02-10 13:30:00+00:00,1.4079,1.4154,1.4061,1.4143,7375566.2
2026-02-10 13:35:00+00:00,1.4142,1.4167,1.4131,1.4145,4439554.6
2026-02-10 13:40:00+00:00,1.4145,1.4153,1.4113,1.4151,1509485.6
2026-02-10 13:45:00+00:00,1.4152,1.416,1.4119,1.412,3659997.6
2026-02-10 13:50:00+00:00,1.4121,1.414,1.4106,1.4135,1266123.7
2026-02-10 13:55:00+00:00,1.4134,1.4147,1.4127,1.4138,1533472.6
2026-02-10 14:00:00+00:00,1.4138,1.415,1.4099,1.41,3113805.0
2026-02-10 14:05:00+00:00,1.41,1.4125,1.4097,1.4125,1495779.9
2026-02-10 14:10:00+00:00,1.4124,1.4138,1.4109,1.412,1243592.4
2026-02-10 14:15:00+00:00,1.4121,1.4246,1.4119,1.421,10023742.8
2026-02-10 14:20:00+00:00,1.421,1.421,1.4164,1.4173,2491466.9
2026-02-10 14:25:00+00:00,1.4172,1.4175,1.4118,1.4126,3385279.9
2026-02-10 14:30:00+00:00,1.4126,1.4187,1.4104,1.4138,6653402.3
2026-02-10 14:35:00+00:00,1.4139,1.415,1.399,1.4033,11519075.0
2026-02-10 14:40:00+00:00,1.4033,1.4038,1.3916,1.3997,18573207.6
2026-02-10 14:45:00+00:00,1.3998,1.4011,1.3927,1.395,6235157.5
2026-02-10 14:50:00+00:00,1.395,1.4036,1.3942,1.4018,8598264.5
2026-02-10 14:55:00+00:00,1.4018,1.4066,1.4002,1.4017,7203692.3
2026-02-10 15:00:00+00:00,1.4017,1.403,1.3965,1.3988,3733501.7
2026-02-10 15:05:00+00:00,1.3989,1.4132,1.3976,1.4089,8736745.4
2026-02-10 15:10:00+00:00,1.4088,1.4118,1.3996,1.4008,4418215.0
2026-02-10 15:15:00+00:00,1.4008,1.405,1.3979,1.4042,3879241.4
2026-02-10 15:20:00+00:00,1.4043,1.411,1.4029,1.4064,5351611.8
2026-02-10 15:25:00+00:00,1.4063,1.4123,1.406,1.408,3597063.2
2026-02-10 15:30:00+00:00,1.408,1.4109,1.4056,1.4056,3234593.2
2026-02-10 15:35:00+00:00,1.4056,1.4113,1.4029,1.4086,3230998.9
2026-02-10 15:40:00+00:00,1.4086,1.4125,1.4065,1.4085,3775485.0
2026-02-10 15:45:00+00:00,1.4085,1.4122,1.4047,1.4119,3045935.4
2026-02-10 15:50:00+00:00,1.412,1.412,1.4054,1.4092,2210780.3
2026-02-10 15:55:00+00:00,1.4092,1.4105,1.404,1.406,2407448.4
2026-02-10 16:00:00+00:00,1.4059,1.4068,1.4028,1.4028,4123850.4
2026-02-10 16:05:00+00:00,1.4028,1.4055,1.3985,1.4022,4849989.9
2026-02-10 16:10:00+00:00,1.4022,1.4167,1.4022,1.4154,5201852.0
2026-02-10 16:15:00+00:00,1.4155,1.4174,1.4107,1.4115,4710168.1
2026-02-10 16:20:00+00:00,1.4114,1.4128,1.4068,1.4099,3099338.8
2026-02-10 16:25:00+00:00,1.41,1.4133,1.4083,1.4112,1882766.1
2026-02-10 16:30:00+00:00,1.4111,1.4132,1.4086,1.4118,2284557.2
2026-02-10 16:35:00+00:00,1.4118,1.4183,1.4114,1.4177,2676672.2
2026-02-10 16:40:00+00:00,1.4176,1.4195,1.4151,1.4171,2716385.3
2026-02-10 16:45:00+00:00,1.4172,1.4188,1.413,1.414,1766807.9
2026-02-10 16:50:00+00:00,1.4139,1.4144,1.4113,1.4137,1904586.9
2026-02-10 16:55:00+00:00,1.4136,1.4171,1.413,1.4152,1347424.3
2026-02-10 17:00:00+00:00,1.4152,1.4165,1.4126,1.4142,1834439.0
2026-02-10 17:05:00+00:00,1.4142,1.419,1.4142,1.4178,1503755.0
2026-02-10 17:10:00+00:00,1.4178,1.4194,1.4155,1.4161,1123617.6
2026-02-10 17:15:00+00:00,1.4162,1.4222,1.4136,1.4203,3948481.0
2026-02-10 17:20:00+00:00,1.4202,1.4219,1.4179,1.4196,2733661.1
2026-02-10 17:25:00+00:00,1.4195,1.4224,1.4186,1.4209,1762509.1
2026-02-10 17:30:00+00:00,1.4209,1.426,1.4186,1.4247,4070392.6
2026-02-10 17:35:00+00:00,1.4246,1.4283,1.4229,1.4255,3215219.1
2026-02-10 17:40:00+00:00,1.4255,1.4282,1.4236,1.4242,2249111.1
2026-02-10 17:45:00+00:00,1.4243,1.4259,1.4224,1.4229,1834661.1
2026-02-10 17:50:00+00:00,1.4229,1.4255,1.4204,1.4214,1691859.5
2026-02-10 17:55:00+00:00,1.4215,1.4237,1.4204,1.4237,1085638.4
2026-02-10 18:00:00+00:00,1.4237,1.425,1.4216,1.4218,1627631.0
2026-02-10 18:05:00+00:00,1.4217,1.4225,1.4194,1.4215,2194282.4
2026-02-10 18:10:00+00:00,1.4216,1.4225,1.4155,1.416,2751574.2
2026-02-10 18:15:00+00:00,1.416,1.4196,1.415,1.4179,1910551.2
2026-02-10 18:20:00+00:00,1.4179,1.4187,1.4081,1.4091,3981975.0
2026-02-10 18:25:00+00:00,1.4092,1.4105,1.4011,1.402,6714230.7
2026-02-10 18:30:00+00:00,1.402,1.4068,1.3976,1.3991,5304077.3
2026-02-10 18:35:00+00:00,1.3991,1.4054,1.3988,1.4027,2803173.8
2026-02-10 18:40:00+00:00,1.4027,1.4037,1.3996,1.4017,1937665.7
2026-02-10 18:45:00+00:00,1.4016,1.4026,1.3931,1.3942,6035780.2
2026-02-10 18:50:00+00:00,1.3942,1.3994,1.394,1.3984,2472886.6
2026-02-10 18:55:00+00:00,1.3983,1.4039,1.397,1.4011,2361505.8
2026-02-10 19:00:00+00:00,1.401,1.4028,1.3962,1.3972,2373575.6
2026-02-10 19:05:00+00:00,1.3971,1.4017,1.397,1.4014,2017238.7
2026-02-10 19:10:00+00:00,1.4015,1.404,1.3993,1.404,1610961.3
2026-02-10 19:15:00+00:00,1.4039,1.4047,1.3994,1.4006,2794801.4
2026-02-10 19:20:00+00:00,1.4006,1.4021,1.3993,1.4016,1684917.6
2026-02-10 19:25:00+00:00,1.4016,1.4021,1.3982,1.4019,1505400.1
2026-02-10 19:30:00+00:00,1.4019,1.4047,1.4008,1.4012,1667669.7
2026-02-10 19:35:00+00:00,1.4012,1.4085,1.4008,1.4069,2720830.8
2026-02-10 19:40:00+00:00,1.4069,1.4069,1.404,1.4056,988502.6
2026-02-10 19:45:00+00:00,1.4055,1.4068,1.4026,1.4029,1773456.1
2026-02-10 19:50:00+00:00,1.4029,1.4032,1.3992,1.3996,2316506.5
2026-02-10 19:55:00+00:00,1.3995,1.401,1.3986,1.3998,1332706.4
2026-02-10 20:00:00+00:00,1.3998,1.4019,1.3974,1.3993,1767185.2
2026-02-10 20:05:00+00:00,1.3993,1.4008,1.3979,1.3979,1109192.4
2026-02-10 20:10:00+00:00,1.3979,1.3989,1.396,1.3968,1771891.1
2026-02-10 20:15:00+00:00,1.3968,1.3999,1.3964,1.3991,1782556.5
2026-02-10 20:20:00+00:00,1.3991,1.4006,1.3964,1.3968,1672972.4
2026-02-10 20:25:00+00:00,1.3968,1.3983,1.3956,1.3963,1564537.3
2026-02-10 20:30:00+00:00,1.3963,1.3995,1.393,1.3939,2269496.9
2026-02-10 20:35:00+00:00,1.394,1.3993,1.3912,1.3982,4570275.4
2026-02-10 20:40:00+00:00,1.3983,1.4002,1.3968,1.4001,2389532.5
2026-02-10 20:45:00+00:00,1.4001,1.4003,1.3967,1.3975,1734033.8
2026-02-10 20:50:00+00:00,1.3974,1.3989,1.3952,1.3984,1532220.5
2026-02-10 20:55:00+00:00,1.3984,1.4009,1.3953,1.3954,4147483.7
2026-02-10 21:00:00+00:00,1.3955,1.4001,1.3952,1.3994,2615740.1
2026-02-10 21:05:00+00:00,1.3995,1.4013,1.3978,1.3982,1309545.4
2026-02-10 21:10:00+00:00,1.3982,1.3988,1.3969,1.397,771928.1
2026-02-10 21:15:00+00:00,1.397,1.4,1.3966,1.3993,923722.9
2026-02-10 21:20:00+00:00,1.3994,1.401,1.3978,1.3982,898066.6
2026-02-10 21:25:00+00:00,1.3983,1.3998,1.3951,1.3953,1899339.4
2026-02-10 21:30:00+00:00,1.3953,1.396,1.3904,1.3933,3875378.5
2026-02-10 21:35:00+00:00,1.3933,1.395,1.3914,1.3942,1687757.8
2026-02-10 21:40:00+00:00,1.3941,1.3953,1.3924,1.3936,1432649.7
2026-02-10 21:45:00+00:00,1.3937,1.3965,1.3935,1.3953,933696.0
2026-02-10 21:50:00+00:00,1.3953,1.398,1.3953,1.3976,1022098.8
2026-02-10 21:55:00+00:00,1.3976,1.3977,1.3928,1.3931,1743989.7
2026-02-10 22:00:00+00:00,1.3932,1.3973,1.3932,1.3967,1645863.5
2026-02-10 22:05:00+00:00,1.3968,1.3976,1.3939,1.3939,678861.4
2026-02-10 22:10:00+00:00,1.394,1.3953,1.3926,1.3936,1020898.2
2026-02-10 22:15:00+00:00,1.3937,1.3961,1.3937,1.3948,846102.1
2026-02-10 22:20:00+00:00,1.3949,1.3971,1.3941,1.3969,679632.7
2026-02-10 22:25:00+00:00,1.3969,1.3982,1.3965,1.3973,860385.1
2026-02-10 22:30:00+00:00,1.3973,1.4006,1.3967,1.4002,1363415.8
2026-02-10 22:35:00+00:00,1.4002,1.4035,1.4,1.4035,1235843.9
2026-02-10 22:40:00+00:00,1.4035,1.4041,1.4007,1.4018,962891.0
2026-02-10 22:45:00+00:00,1.4017,1.4018,1.3977,1.3982,1658997.6
2026-02-10 22:50:00+00:00,1.3983,1.3991,1.3975,1.398,745662.8
2026-02-10 22:55:00+00:00,1.3981,1.4004,1.398,1.3989,591187.1
2026-02-10 23:00:00+00:00,1.3989,1.4003,1.3981,1.3985,1131376.9
2026-02-10 23:05:00+00:00,1.3985,1.3985,1.3946,1.3961,1353796.7
2026-02-10 23:10:00+00:00,1.3961,1.3971,1.3953,1.3958,804526.7
2026-02-10 23:15:00+00:00,1.3959,1.3963,1.3944,1.396,958995.6
2026-02-10 23:20:00+00:00,1.396,1.3977,1.3957,1.396,1006685.5
2026-02-10 23:25:00+00:00,1.3959,1.3976,1.3948,1.395,776549.8
2026-02-10 23:30:00+00:00,1.395,1.3995,1.395,1.3985,1015899.3
2026-02-10 23:35:00+00:00,1.3984,1.4005,1.3983,1.3998,663514.5
2026-02-10 23:40:00+00:00,1.3997,1.4007,1.3988,1.4,741973.9
2026-02-10 23:45:00+00:00,1.4,1.4013,1.3984,1.4005,1432652.7
2026-02-10 23:50:00+00:00,1.4004,1.4008,1.3994,1.3997,651480.2
2026-02-10 23:55:00+00:00,1.3996,1.3997,1.398,1.3988,636759.8
2026-02-11 00:00:00+00:00,1.3988,1.3998,1.3983,1.3994,1110945.8
2026-02-11 00:05:00+00:00,1.3993,1.4021,1.3993,1.4017,2078977.2
2026-02-11 00:10:00+00:00,1.4017,1.4021,1.3981,1.3981,1216983.7
2026-02-11 00:15:00+00:00,1.3981,1.4031,1.3981,1.4029,1337122.9
2026-02-11 00:20:00+00:00,1.403,1.4049,1.4023,1.4045,1604086.5
2026-02-11 00:25:00+00:00,1.4044,1.4059,1.4036,1.404,1309401.2
2026-02-11 00:30:00+00:00,1.4041,1.405,1.4028,1.4041,1251292.9
2026-02-11 00:35:00+00:00,1.4041,1.408,1.4039,1.4058,1463124.6
2026-02-11 00:40:00+00:00,1.4058,1.4064,1.4038,1.406,1141818.7
2026-02-11 00:45:00+00:00,1.406,1.4077,1.4046,1.4076,1602717.8
2026-02-11 00:50:00+00:00,1.4076,1.4123,1.4072,1.4122,2332942.2
2026-02-11 00:55:00+00:00,1.4123,1.4123,1.4087,1.4088,1699971.4
2026-02-11 01:00:00+00:00,1.4088,1.4115,1.4081,1.4109,1330639.2
2026-02-11 01:05:00+00:00,1.4109,1.4109,1.4056,1.4067,1512379.9
2026-02-11 01:10:00+00:00,1.4067,1.4094,1.406,1.4093,1105353.6
2026-02-11 01:15:00+00:00,1.4094,1.4112,1.4092,1.4107,799388.7
2026-02-11 01:20:00+00:00,1.4108,1.4108,1.4066,1.4071,1542776.8
2026-02-11 01:25:00+00:00,1.4071,1.4102,1.4071,1.4083,1110529.5
2026-02-11 01:30:00+00:00,1.4083,1.4114,1.4083,1.4114,1093028.3
2026-02-11 01:35:00+00:00,1.4113,1.4136,1.4092,1.4093,1595009.2
2026-02-11 01:40:00+00:00,1.4093,1.4137,1.4093,1.4121,1429792.9
2026-02-11 01:45:00+00:00,1.4122,1.413,1.4107,1.4111,581775.3
2026-02-11 01:50:00+00:00,1.4111,1.413,1.4107,1.4111,697270.8
2026-02-11 01:55:00+00:00,1.4111,1.4112,1.4083,1.4095,1182480.2
2026-02-11 02:00:00+00:00,1.4095,1.4174,1.4095,1.4165,3424782.5
2026-02-11 02:05:00+00:00,1.4164,1.4184,1.4162,1.4175,1694694.6
2026-02-11 02:10:00+00:00,1.4174,1.4179,1.4137,1.4138,1145906.1
2026-02-11 02:15:00+00:00,1.4138,1.418,1.4134,1.4167,994850.6
2026-02-11 02:20:00+00:00,1.4168,1.4194,1.4152,1.4165,1430390.5
2026-02-11 02:25:00+00:00,1.4164,1.4195,1.4155,1.4187,775793.2
2026-02-11 02:30:00+00:00,1.4187,1.4197,1.4177,1.4177,980301.2
2026-02-11 02:35:00+00:00,1.4177,1.4182,1.4151,1.4152,888333.2
2026-02-11 02:40:00+00:00,1.4152,1.4177,1.4139,1.414,1160907.0
2026-02-11 02:45:00+00:00,1.4139,1.414,1.4083,1.4094,3541352.4
2026-02-11 02:50:00+00:00,1.4094,1.4118,1.4088,1.4098,1277290.6
2026-02-11 02:55:00+00:00,1.4098,1.4107,1.4088,1.4094,595742.9
2026-02-11 03:00:00+00:00,1.4094,1.4106,1.4071,1.4086,2291628.2
2026-02-11 03:05:00+00:00,1.4086,1.4094,1.4071,1.4086,1397136.5
2026-02-11 03:10:00+00:00,1.4086,1.4099,1.404,1.405,2852201.9
2026-02-11 03:15:00+00:00,1.4049,1.4053,1.3979,1.3981,4690954.0
2026-02-11 03:20:00+00:00,1.3981,1.4007,1.393,1.4006,7917404.8
2026-02-11 03:25:00+00:00,1.4006,1.4057,1.3998,1.4022,3748125.6
2026-02-11 03:30:00+00:00,1.4022,1.4045,1.4003,1.4007,1430124.4
2026-02-11 03:35:00+00:00,1.4006,1.4047,1.4005,1.4043,1459823.5
2026-02-11 03:40:00+00:00,1.4043,1.4106,1.4042,1.4082,3445140.4
2026-02-11 03:45:00+00:00,1.4082,1.4086,1.4053,1.4067,1289747.3
2026-02-11 03:50:00+00:00,1.4066,1.4082,1.4045,1.4051,971673.1
2026-02-11 03:55:00+00:00,1.405,1.4064,1.4025,1.4034,2606704.0
2026-02-11 04:00:00+00:00,1.4034,1.4068,1.403,1.4067,1191351.6
2026-02-11 04:05:00+00:00,1.4068,1.408,1.4042,1.4066,1572648.7
2026-02-11 04:10:00+00:00,1.4065,1.4066,1.4006,1.4017,2791124.2
2026-02-11 04:15:00+00:00,1.4016,1.4039,1.4001,1.403,2238381.5
2026-02-11 04:20:00+00:00,1.403,1.4031,1.3928,1.395,5439691.9
2026-02-11 04:25:00+00:00,1.3951,1.3992,1.3937,1.3944,3613275.9
2026-02-11 04:30:00+00:00,1.3944,1.3953,1.3916,1.3928,3745624.0
2026-02-11 04:35:00+00:00,1.3927,1.3947,1.3808,1.3852,14603561.7
2026-02-11 04:40:00+00:00,1.3853,1.3875,1.3801,1.3845,6628349.4
2026-02-11 04:45:00+00:00,1.3845,1.3875,1.3839,1.3867,2731502.5
2026-02-11 04:50:00+00:00,1.3867,1.3875,1.3804,1.3816,2719058.5
2026-02-11 04:55:00+00:00,1.3817,1.3855,1.3792,1.3836,3723937.3
2026-02-11 05:00:00+00:00,1.3836,1.3882,1.3833,1.388,2614665.2
2026-02-11 05:05:00+00:00,1.388,1.3904,1.3875,1.3904,1891827.6
2026-02-11 05:10:00+00:00,1.3904,1.3917,1.3871,1.3881,2320939.6
2026-02-11 05:15:00+00:00,1.388,1.3908,1.3852,1.3861,1689243.0
2026-02-11 05:20:00+00:00,1.3862,1.3886,1.3844,1.3858,2636840.7
2026-02-11 05:25:00+00:00,1.3859,1.386,1.3835,1.385,905126.7
2026-02-11 05:30:00+00:00,1.385,1.3861,1.3823,1.3825,2065468.9
2026-02-11 05:35:00+00:00,1.3826,1.3834,1.3787,1.381,3998083.9
2026-02-11 05:40:00+00:00,1.381,1.3817,1.375,1.376,4903701.8
2026-02-11 05:45:00+00:00,1.3761,1.3781,1.374,1.377,2509656.3
2026-02-11 05:50:00+00:00,1.3769,1.379,1.375,1.377,1845572.5
2026-02-11 05:55:00+00:00,1.3771,1.3778,1.3734,1.3751,1994851.2
2026-02-11 06:00:00+00:00,1.3752,1.3776,1.3745,1.3764,2113426.8
2026-02-11 06:05:00+00:00,1.3765,1.377,1.3678,1.368,9555454.0
2026-02-11 06:10:00+00:00,1.3681,1.3706,1.3594,1.3618,14252199.5
2026-02-11 06:15:00+00:00,1.3618,1.3648,1.3572,1.3603,11320971.9
2026-02-11 06:20:00+00:00,1.3603,1.3712,1.3592,1.371,6365998.2
2026-02-11 06:25:00+00:00,1.3711,1.3737,1.37,1.3728,3388801.6
2026-02-11 06:30:00+00:00,1.3728,1.3733,1.3679,1.3682,4098797.1
2026-02-11 06:35:00+00:00,1.3682,1.3736,1.3678,1.3707,1949897.9
2026-02-11 06:40:00+00:00,1.3707,1.3707,1.365,1.3653,2364016.2
2026-02-11 06:45:00+00:00,1.3653,1.3655,1.3601,1.3611,2866653.3
2026-02-11 06:50:00+00:00,1.3611,1.3626,1.358,1.3607,2498874.6
2026-02-11 06:55:00+00:00,1.3606,1.3616,1.3584,1.3594,2090922.0
2026-02-11 07:00:00+00:00,1.3595,1.362,1.3576,1.3619,3573395.8
2026-02-11 07:05:00+00:00,1.3618,1.3648,1.3602,1.3612,3107733.7
2026-02-11 07:10:00+00:00,1.3612,1.3628,1.3577,1.361,2966432.3
2026-02-11 07:15:00+00:00,1.3611,1.363,1.359,1.3622,1382081.7
2026-02-11 07:20:00+00:00,1.3622,1.363,1.3588,1.3626,1963079.4
2026-02-11 07:25:00+00:00,1.3626,1.3663,1.3613,1.3645,3161200.0
2026-02-11 07:30:00+00:00,1.3646,1.3673,1.363,1.3668,2324412.6
2026-02-11 07:35:00+00:00,1.3668,1.37,1.3668,1.3675,5080210.7
2026-02-11 07:40:00+00:00,1.3675,1.3681,1.3652,1.3675,1960756.7
2026-02-11 07:45:00+00:00,1.3674,1.371,1.3667,1.3683,2854844.6
2026-02-11 07:50:00+00:00,1.3683,1.3723,1.368,1.3712,1938169.0
2026-02-11 07:55:00+00:00,1.3711,1.3712,1.3656,1.3657,2201947.0
2026-02-11 08:00:00+00:00,1.3657,1.3675,1.3656,1.3658,2140268.9
2026-02-11 08:05:00+00:00,1.3659,1.3682,1.3601,1.3614,4877626.2
2026-02-11 08:10:00+00:00,1.3614,1.3662,1.36,1.3628,5289839.4
2026-02-11 08:15:00+00:00,1.3628,1.3651,1.3612,1.3651,3004907.4
2026-02-11 08:20:00+00:00,1.3651,1.3689,1.3643,1.3666,2013550.9
2026-02-11 08:25:00+00:00,1.3665,1.368,1.3648,1.3669,1137942.4
2026-02-11 08:30:00+00:00,1.3668,1.3686,1.3659,1.3679,1670719.8
2026-02-11 08:35:00+00:00,1.3679,1.3716,1.3651,1.3673,3047875.5
2026-02-11 08:40:00+00:00,1.3674,1.3703,1.3663,1.3702,2252187.9
2026-02-11 08:45:00+00:00,1.3701,1.3709,1.3682,1.3683,1090196.6
2026-02-11 08:50:00+00:00,1.3682,1.3697,1.3648,1.3657,970037.2
2026-02-11 08:55:00+00:00,1.3657,1.3672,1.3645,1.3661,872193.5
2026-02-11 09:00:00+00:00,1.3661,1.3685,1.3657,1.3659,1518437.2
2026-02-11 09:05:00+00:00,1.366,1.3674,1.3616,1.363,3655219.5
2026-02-11 09:10:00+00:00,1.363,1.3645,1.3629,1.3642,900370.0
2026-02-11 09:15:00+00:00,1.3642,1.3657,1.3611,1.3629,2150862.3
2026-02-11 09:20:00+00:00,1.363,1.364,1.3607,1.3622,1100253.3
2026-02-11 09:25:00+00:00,1.3622,1.365,1.3621,1.365,879219.9
2026-02-11 09:30:00+00:00,1.3649,1.3675,1.3644,1.3654,1680659.5
2026-02-11 09:35:00+00:00,1.3653,1.367,1.3622,1.3624,819646.1
2026-02-11 09:40:00+00:00,1.3624,1.3625,1.3581,1.3592,2535125.9
2026-02-11 09:45:00+00:00,1.3592,1.3593,1.3558,1.3578,4277306.6
2026-02-11 09:50:00+00:00,1.3578,1.3612,1.3578,1.3595,3123255.9
2026-02-11 09:55:00+00:00,1.3594,1.361,1.3588,1.3608,1751311.9
2026-02-11 10:00:00+00:00,1.3608,1.3616,1.3571,1.3585,2806107.6
2026-02-11 10:05:00+00:00,1.3585,1.3607,1.357,1.3576,2072415.1
2026-02-11 10:10:00+00:00,1.3576,1.3621,1.3572,1.3582,1963860.6
2026-02-11 10:15:00+00:00,1.3582,1.3603,1.3578,1.3585,1256855.6
2026-02-11 10:20:00+00:00,1.3585,1.363,1.3582,1.3613,1894721.8
2026-02-11 10:25:00+00:00,1.3613,1.3641,1.3602,1.3626,1357618.2
2026-02-11 10:30:00+00:00,1.3627,1.3628,1.3576,1.3579,1344853.4
2026-02-11 10:35:00+00:00,1.358,1.3581,1.3545,1.3579,4110982.0
2026-02-11 10:40:00+00:00,1.3579,1.3602,1.3577,1.3594,2287089.7
2026-02-11 10:45:00+00:00,1.3594,1.3605,1.3578,1.3588,2720431.1
2026-02-11 10:50:00+00:00,1.3589,1.361,1.3567,1.3575,3060065.6
2026-02-11 10:55:00+00:00,1.3575,1.3626,1.3552,1.3607,2595272.5
2026-02-11 11:00:00+00:00,1.3607,1.3652,1.3601,1.3643,3799668.2
2026-02-11 11:05:00+00:00,1.3643,1.3651,1.3623,1.3641,1864647.1
2026-02-11 11:10:00+00:00,1.3641,1.3655,1.3628,1.3632,1177627.5
2026-02-11 11:15:00+00:00,1.3633,1.3691,1.3616,1.3685,4095186.9
2026-02-11 11:20:00+00:00,1.3685,1.3779,1.3683,1.3751,12798276.0
2026-02-11 11:25:00+00:00,1.3752,1.3771,1.3731,1.3756,3879347.1
2026-02-11 11:30:00+00:00,1.3755,1.3757,1.373,1.3741,2296598.7
2026-02-11 11:35:00+00:00,1.3741,1.3758,1.3728,1.3728,1697076.7
2026-02-11 11:40:00+00:00,1.3728,1.3733,1.3693,1.3712,4305154.5
2026-02-11 11:45:00+00:00,1.3712,1.3732,1.3709,1.3727,1613456.2
2026-02-11 11:50:00+00:00,1.3728,1.3801,1.3723,1.3776,8615525.0
2026-02-11 11:55:00+00:00,1.3776,1.3796,1.377,1.3782,2905405.2
2026-02-11 12:00:00+00:00,1.3782,1.3789,1.3726,1.3738,3272980.2
2026-02-11 12:05:00+00:00,1.3739,1.3783,1.3725,1.3747,4979436.0
2026-02-11 12:10:00+00:00,1.3747,1.3751,1.3724,1.3736,1895893.2
2026-02-11 12:15:00+00:00,1.3736,1.374,1.3709,1.3719,1678197.4
2026-02-11 12:20:00+00:00,1.3719,1.3782,1.3718,1.3777,2475889.7
2026-02-11 12:25:00+00:00,1.3776,1.3785,1.3755,1.3756,1821232.2
2026-02-11 12:30:00+00:00,1.3756,1.3757,1.3722,1.3739,1417935.3
2026-02-11 12:35:00+00:00,1.3738,1.3751,1.372,1.3721,2139811.9
2026-02-11 12:40:00+00:00,1.372,1.3725,1.3708,1.3715,1485907.2
2026-02-11 12:45:00+00:00,1.3715,1.3722,1.3701,1.3717,1613432.7
2026-02-11 12:50:00+00:00,1.3717,1.3729,1.371,1.3722,911067.3
2026-02-11 12:55:00+00:00,1.3722,1.3737,1.3715,1.3718,877160.7
2026-02-11 13:00:00+00:00,1.3719,1.3733,1.3686,1.3686,1882045.9
2026-02-11 13:05:00+00:00,1.3686,1.3704,1.3644,1.3662,3512870.0
2026-02-11 13:10:00+00:00,1.3661,1.3666,1.3638,1.3666,3154264.0
2026-02-11 13:15:00+00:00,1.3665,1.3666,1.3624,1.364,3516493.0
2026-02-11 13:20:00+00:00,1.364,1.367,1.3637,1.3662,2168688.8
2026-02-11 13:25:00+00:00,1.3661,1.3661,1.3593,1.3628,3529247.1
2026-02-11 13:30:00+00:00,1.3628,1.3807,1.3615,1.3774,25382253.6
2026-02-11 13:35:00+00:00,1.3773,1.3777,1.3683,1.3746,10822881.0
2026-02-11 13:40:00+00:00,1.3746,1.3747,1.3668,1.369,3431853.6
2026-02-11 13:45:00+00:00,1.369,1.3739,1.3682,1.3694,5591400.0
2026-02-11 13:50:00+00:00,1.3693,1.37,1.3609,1.366,6035772.6
2026-02-11 13:55:00+00:00,1.366,1.3773,1.366,1.3751,7679591.0
2026-02-11 14:00:00+00:00,1.3752,1.3858,1.3748,1.384,10932917.8
2026-02-11 14:05:00+00:00,1.3839,1.3903,1.379,1.3876,12186348.5
2026-02-11 14:10:00+00:00,1.3877,1.4092,1.3856,1.4019,25482519.5
2026-02-11 14:15:00+00:00,1.4019,1.4049,1.3972,1.3984,9456638.9
2026-02-11 14:20:00+00:00,1.3983,1.399,1.387,1.3892,11217270.8
2026-02-11 14:25:00+00:00,1.3893,1.3926,1.3873,1.3898,4999157.5
2026-02-11 14:30:00+00:00,1.3898,1.3955,1.3769,1.3771,20834008.3
2026-02-11 14:35:00+00:00,1.3771,1.3792,1.3697,1.3714,14433488.2
2026-02-11 14:40:00+00:00,1.3714,1.3771,1.3689,1.3744,11124605.9
2026-02-11 14:45:00+00:00,1.3744,1.3775,1.364,1.3673,11236417.6
2026-02-11 14:50:00+00:00,1.3674,1.3737,1.3626,1.3699,11412545.6
2026-02-11 14:55:00+00:00,1.3698,1.3711,1.3565,1.3611,12444517.2
2026-02-11 15:00:00+00:00,1.361,1.369,1.3552,1.3607,12324802.8
2026-02-11 15:05:00+00:00,1.3607,1.3651,1.3454,1.348,27509286.8
2026-02-11 15:10:00+00:00,1.348,1.3544,1.346,1.3535,12389914.0
2026-02-11 15:15:00+00:00,1.3536,1.3562,1.3466,1.3501,12882110.7
2026-02-11 15:20:00+00:00,1.3502,1.3595,1.3477,1.3518,7409635.5
2026-02-11 15:25:00+00:00,1.3517,1.3548,1.345,1.3505,11565233.3
2026-02-11 15:30:00+00:00,1.3505,1.3534,1.3474,1.3512,7066423.6
2026-02-11 15:35:00+00:00,1.3513,1.3576,1.351,1.3534,5844338.5
2026-02-11 15:40:00+00:00,1.3535,1.3607,1.3523,1.3593,5553659.1
2026-02-11 15:45:00+00:00,1.3592,1.3619,1.3489,1.3492,7304045.5
2026-02-11 15:50:00+00:00,1.3493,1.3571,1.3466,1.355,5574728.8
2026-02-11 15:55:00+00:00,1.355,1.3588,1.3528,1.3533,3473954.9
2026-02-11 16:00:00+00:00,1.3532,1.355,1.35,1.3527,5006715.2
2026-02-11 16:05:00+00:00,1.3526,1.3557,1.3513,1.3538,2457848.5
2026-02-11 16:10:00+00:00,1.3538,1.3691,1.3533,1.3671,10788558.8
2026-02-11 16:15:00+00:00,1.3672,1.368,1.3603,1.362,3905143.2
2026-02-11 16:20:00+00:00,1.362,1.3681,1.3616,1.364,4049229.1
2026-02-11 16:25:00+00:00,1.364,1.3655,1.3549,1.3554,4114680.2
2026-02-11 16:30:00+00:00,1.3554,1.3579,1.3524,1.3557,5053433.2
2026-02-11 16:35:00+00:00,1.3557,1.3563,1.3485,1.3535,9314875.3
2026-02-11 16:40:00+00:00,1.3535,1.3562,1.3514,1.3519,2847088.4
2026-02-11 16:45:00+00:00,1.3519,1.3545,1.3465,1.347,5257567.6
2026-02-11 16:50:00+00:00,1.3469,1.3479,1.3431,1.3469,5554291.7
2026-02-11 16:55:00+00:00,1.3468,1.3482,1.3439,1.344,2717940.4
2026-02-11 17:00:00+00:00,1.344,1.3476,1.341,1.3433,6043410.4
2026-02-11 17:05:00+00:00,1.3432,1.3505,1.3432,1.35,4049711.6
2026-02-11 17:10:00+00:00,1.35,1.3535,1.3488,1.3512,3128627.1
2026-02-11 17:15:00+00:00,1.3512,1.3586,1.3512,1.3577,3132989.1
2026-02-11 17:20:00+00:00,1.3578,1.3699,1.3577,1.366,12622125.3
2026-02-11 17:25:00+00:00,1.3661,1.3763,1.3658,1.376,7406397.6
2026-02-11 17:30:00+00:00,1.376,1.3794,1.3722,1.3773,7495053.2
2026-02-11 17:35:00+00:00,1.3773,1.3793,1.374,1.3742,4413347.3
2026-02-11 17:40:00+00:00,1.3741,1.3754,1.3705,1.3729,5148175.8
2026-02-11 17:45:00+00:00,1.3729,1.3737,1.3686,1.3725,4683988.5
2026-02-11 17:50:00+00:00,1.3726,1.376,1.3699,1.3718,4222727.3
2026-02-11 17:55:00+00:00,1.3718,1.3721,1.3693,1.3695,1217286.1
2026-02-11 18:00:00+00:00,1.3696,1.3716,1.3671,1.3672,2942698.7
2026-02-11 18:05:00+00:00,1.3672,1.3672,1.3613,1.3646,4279421.2
2026-02-11 18:10:00+00:00,1.3645,1.3697,1.3625,1.3694,2634534.3
2026-02-11 18:15:00+00:00,1.3693,1.3825,1.3689,1.3799,6506397.6
2026-02-11 18:20:00+00:00,1.38,1.3814,1.3753,1.3804,4429738.2
2026-02-11 18:25:00+00:00,1.3804,1.3846,1.3784,1.3805,3702646.0
2026-02-11 18:30:00+00:00,1.3804,1.3812,1.3773,1.3776,1992209.0
2026-02-11 18:35:00+00:00,1.3777,1.3808,1.3757,1.379,4009159.0
2026-02-11 18:40:00+00:00,1.3791,1.3805,1.3766,1.3779,1473366.3
2026-02-11 18:45:00+00:00,1.378,1.3811,1.3774,1.3802,3134420.5
2026-02-11 18:50:00+00:00,1.3803,1.381,1.3745,1.3776,3287373.8
2026-02-11 18:55:00+00:00,1.3776,1.3792,1.3758,1.3776,1581145.8
2026-02-11 19:00:00+00:00,1.3776,1.3805,1.3757,1.3799,2385249.8
2026-02-11 19:05:00+00:00,1.3798,1.3864,1.3772,1.3814,5552311.4
2026-02-11 19:10:00+00:00,1.3814,1.3844,1.3797,1.3821,2883543.7
2026-02-11 19:15:00+00:00,1.382,1.3832,1.3768,1.3773,2710481.1
2026-02-11 19:20:00+00:00,1.3773,1.3803,1.3756,1.3792,1888616.8
2026-02-11 19:25:00+00:00,1.3793,1.3803,1.3745,1.3747,1645223.0
2026-02-11 19:30:00+00:00,1.3747,1.3752,1.3711,1.3751,2380855.4
2026-02-11 19:35:00+00:00,1.3751,1.3808,1.3743,1.379,2371571.5
2026-02-11 19:40:00+00:00,1.379,1.3836,1.3786,1.3834,2349499.0
2026-02-11 19:45:00+00:00,1.3834,1.384,1.3782,1.3794,2800064.9
2026-02-11 19:50:00+00:00,1.3794,1.3809,1.3772,1.3782,1064618.9
2026-02-11 19:55:00+00:00,1.3782,1.3797,1.3769,1.3783,1974425.2
2026-02-11 20:00:00+00:00,1.3782,1.3813,1.3758,1.3804,2717509.9
2026-02-11 20:05:00+00:00,1.3803,1.3804,1.3754,1.3774,1495547.8
2026-02-11 20:10:00+00:00,1.3774,1.3826,1.3772,1.3823,1567427.8
2026-02-11 20:15:00+00:00,1.3823,1.3854,1.3811,1.3814,2878520.0
2026-02-11 20:20:00+00:00,1.3815,1.3825,1.3781,1.3789,1936819.0
2026-02-11 20:25:00+00:00,1.379,1.3793,1.3741,1.3756,2566999.6
2026-02-11 20:30:00+00:00,1.3756,1.3808,1.3741,1.3806,2886283.8
2026-02-11 20:35:00+00:00,1.3807,1.3826,1.3783,1.3786,1834770.2
2026-02-11 20:40:00+00:00,1.3787,1.38,1.3771,1.3789,1238390.4
2026-02-11 20:45:00+00:00,1.3788,1.3858,1.3772,1.3829,2685772.1
2026-02-11 20:50:00+00:00,1.3829,1.3831,1.3797,1.3805,1441135.0
2026-02-11 20:55:00+00:00,1.3805,1.3843,1.38,1.381,3179085.6
2026-02-11 21:00:00+00:00,1.381,1.3826,1.3786,1.3794,1655540.7
2026-02-11 21:05:00+00:00,1.3794,1.3827,1.3793,1.3816,1445234.0
2026-02-11 21:10:00+00:00,1.3816,1.3823,1.3798,1.38,1094728.5
2026-02-11 21:15:00+00:00,1.3801,1.3831,1.3798,1.3827,1362765.1
2026-02-11 21:20:00+00:00,1.3827,1.3873,1.3804,1.3869,2450351.7
2026-02-11 21:25:00+00:00,1.387,1.3921,1.3857,1.3906,5411947.3
2026-02-11 21:30:00+00:00,1.3907,1.3936,1.3881,1.3911,5178360.5
2026-02-11 21:35:00+00:00,1.3911,1.3969,1.3911,1.3934,3729916.8
2026-02-11 21:40:00+00:00,1.3933,1.394,1.3876,1.3883,1874070.2
2026-02-11 21:45:00+00:00,1.3883,1.3895,1.3858,1.3885,2112959.6
2026-02-11 21:50:00+00:00,1.3885,1.3893,1.384,1.3844,2453211.1
2026-02-11 21:55:00+00:00,1.3844,1.3847,1.3824,1.3827,1462455.1
2026-02-11 22:00:00+00:00,1.3827,1.3839,1.3806,1.3827,1380151.2
2026-02-11 22:05:00+00:00,1.3827,1.3837,1.3773,1.3778,2635881.8
2026-02-11 22:10:00+00:00,1.3779,1.3783,1.3757,1.3777,2197890.2
2026-02-11 22:15:00+00:00,1.3776,1.3793,1.3766,1.3782,1222848.1
2026-02-11 22:20:00+00:00,1.3781,1.3781,1.3757,1.3765,1407251.5
2026-02-11 22:25:00+00:00,1.3765,1.378,1.3731,1.3777,1940156.6
2026-02-11 22:30:00+00:00,1.3777,1.3791,1.3758,1.3783,1553665.8
2026-02-11 22:35:00+00:00,1.3783,1.3783,1.3716,1.3749,3771993.5
2026-02-11 22:40:00+00:00,1.3749,1.3773,1.3741,1.376,981905.3
2026-02-11 22:45:00+00:00,1.3759,1.3759,1.3746,1.3751,562054.2
2026-02-11 22:50:00+00:00,1.3751,1.3751,1.3689,1.3712,2107409.1
2026-02-11 22:55:00+00:00,1.3712,1.3724,1.3709,1.3711,800882.4
2026-02-11 23:00:00+00:00,1.3711,1.3714,1.3667,1.3713,2842343.0
2026-02-11 23:05:00+00:00,1.3712,1.3722,1.3674,1.3685,2485748.0
2026-02-11 23:10:00+00:00,1.3686,1.369,1.3652,1.367,2388816.6
2026-02-11 23:15:00+00:00,1.3669,1.3693,1.3663,1.3677,1488580.4
2026-02-11 23:20:00+00:00,1.3677,1.3684,1.3594,1.3611,6331178.9
2026-02-11 23:25:00+00:00,1.3611,1.3648,1.3598,1.3631,2477569.2
2026-02-11 23:30:00+00:00,1.363,1.3639,1.3611,1.3617,1159739.9
2026-02-11 23:35:00+00:00,1.3617,1.367,1.3587,1.367,3866971.0
2026-02-11 23:40:00+00:00,1.367,1.3685,1.3663,1.3681,1641190.6
2026-02-11 23:45:00+00:00,1.3681,1.3699,1.3659,1.3666,2005367.4
2026-02-11 23:50:00+00:00,1.3667,1.3688,1.3651,1.368,2322759.4
2026-02-11 23:55:00+00:00,1.368,1.3693,1.3671,1.369,912695.4
2026-02-12 00:00:00+00:00,1.369,1.3722,1.3675,1.3722,4017228.3
2026-02-12 00:05:00+00:00,1.3721,1.3787,1.3721,1.3775,4400524.1
2026-02-12 00:10:00+00:00,1.3775,1.3778,1.3755,1.3772,1441612.3
2026-02-12 00:15:00+00:00,1.3772,1.3819,1.3757,1.38,8942664.3
2026-02-12 00:20:00+00:00,1.3799,1.3802,1.3758,1.3772,2666039.8
2026-02-12 00:25:00+00:00,1.3772,1.3779,1.3738,1.3756,2248295.9
2026-02-12 00:30:00+00:00,1.3757,1.3785,1.3749,1.3777,1070960.1
2026-02-12 00:35:00+00:00,1.3777,1.3842,1.3772,1.3793,5036138.8
2026-02-12 00:40:00+00:00,1.3794,1.381,1.3794,1.3803,766275.9
2026-02-12 00:45:00+00:00,1.3804,1.3826,1.3784,1.3788,1477247.2
2026-02-12 00:50:00+00:00,1.3788,1.3788,1.3762,1.3774,1307068.5
2026-02-12 00:55:00+00:00,1.3774,1.3786,1.3767,1.3768,785728.9
2026-02-12 01:00:00+00:00,1.3769,1.3812,1.3769,1.3798,1319763.3
2026-02-12 01:05:00+00:00,1.3799,1.3822,1.3789,1.3818,1009530.6
2026-02-12 01:10:00+00:00,1.3817,1.385,1.3815,1.3841,1100123.3
2026-02-12 01:15:00+00:00,1.3842,1.3852,1.3806,1.382,1553782.1
2026-02-12 01:20:00+00:00,1.382,1.382,1.3797,1.3806,745442.0
2026-02-12 01:25:00+00:00,1.3806,1.3862,1.3802,1.3826,1128196.3
2026-02-12 01:30:00+00:00,1.3825,1.3833,1.3811,1.3818,724678.3
2026-02-12 01:35:00+00:00,1.3817,1.3856,1.3809,1.3838,1469519.8
2026-02-12 01:40:00+00:00,1.3838,1.3855,1.3826,1.3835,765370.0
2026-02-12 01:45:00+00:00,1.3835,1.3842,1.3813,1.3814,903686.1
2026-02-12 01:50:00+00:00,1.3814,1.3827,1.3796,1.3804,953875.4
2026-02-12 01:55:00+00:00,1.3804,1.3815,1.3798,1.3805,530144.0
2026-02-12 02:00:00+00:00,1.3804,1.3807,1.3767,1.3776,2699875.0
2026-02-12 02:05:00+00:00,1.3776,1.3808,1.3763,1.378,897133.5
2026-02-12 02:10:00+00:00,1.378,1.3782,1.3744,1.3754,1166258.0
2026-02-12 02:15:00+00:00,1.3755,1.3763,1.3736,1.3741,792278.8
2026-02-12 02:20:00+00:00,1.3742,1.377,1.3738,1.3763,826136.4
2026-02-12 02:25:00+00:00,1.3763,1.3773,1.3752,1.377,693318.7
2026-02-12 02:30:00+00:00,1.377,1.3844,1.376,1.3828,2740709.8
2026-02-12 02:35:00+00:00,1.3828,1.3849,1.3818,1.3819,1580422.8
2026-02-12 02:40:00+00:00,1.3819,1.382,1.3799,1.3805,887565.1
2026-02-12 02:45:00+00:00,1.3805,1.3807,1.3786,1.3794,675535.1
2026-02-12 02:50:00+00:00,1.3794,1.3797,1.3765,1.3776,886036.5
2026-02-12 02:55:00+00:00,1.3777,1.3777,1.376,1.3763,929404.3
2026-02-12 03:00:00+00:00,1.3762,1.379,1.3753,1.378,1106854.2
2026-02-12 03:05:00+00:00,1.378,1.3781,1.3762,1.3763,746350.9
2026-02-12 03:10:00+00:00,1.3763,1.3779,1.3762,1.3779,942527.0
2026-02-12 03:15:00+00:00,1.3778,1.3778,1.3734,1.3735,2944957.4
2026-02-12 03:20:00+00:00,1.3735,1.3741,1.371,1.3714,2006137.9
2026-02-12 03:25:00+00:00,1.3715,1.3733,1.3703,1.3729,1495854.1
2026-02-12 03:30:00+00:00,1.3729,1.3757,1.3719,1.3757,1008466.6
2026-02-12 03:35:00+00:00,1.3757,1.3765,1.3737,1.376,743512.0
2026-02-12 03:40:00+00:00,1.3761,1.3767,1.375,1.3758,436106.8
2026-02-12 03:45:00+00:00,1.3758,1.3776,1.3752,1.376,1452817.5
2026-02-12 03:50:00+00:00,1.376,1.376,1.374,1.375,599717.0
2026-02-12 03:55:00+00:00,1.3751,1.3764,1.3743,1.3745,777799.9
2026-02-12 04:00:00+00:00,1.3744,1.379,1.3734,1.3769,1459245.5
2026-02-12 04:05:00+00:00,1.3768,1.3772,1.3749,1.3772,748382.8
2026-02-12 04:10:00+00:00,1.3772,1.3792,1.3758,1.3782,864864.8
2026-02-12 04:15:00+00:00,1.3783,1.3788,1.3736,1.3765,1549634.3
2026-02-12 04:20:00+00:00,1.3765,1.3778,1.3736,1.3748,1163262.4
2026-02-12 04:25:00+00:00,1.3748,1.3759,1.371,1.3731,1747379.4
2026-02-12 04:30:00+00:00,1.3731,1.3752,1.3715,1.3745,1224965.9
2026-02-12 04:35:00+00:00,1.3746,1.3796,1.3742,1.3777,2189467.1
2026-02-12 04:40:00+00:00,1.3776,1.3796,1.377,1.3791,1097121.3
2026-02-12 04:45:00+00:00,1.379,1.38,1.3784,1.3787,611566.0
2026-02-12 04:50:00+00:00,1.3786,1.3794,1.3752,1.3761,953144.1
2026-02-12 04:55:00+00:00,1.3762,1.3773,1.3745,1.3747,606149.4
2026-02-12 05:00:00+00:00,1.3747,1.3786,1.3742,1.3783,1591869.3
2026-02-12 05:05:00+00:00,1.3783,1.3811,1.3775,1.3787,1371940.8
2026-02-12 05:10:00+00:00,1.3787,1.3795,1.3733,1.3743,1920932.3
2026-02-12 05:15:00+00:00,1.3743,1.3758,1.3718,1.3728,1971083.3
2026-02-12 05:20:00+00:00,1.3728,1.3787,1.3725,1.3759,2062273.6
2026-02-12 05:25:00+00:00,1.3758,1.3777,1.3741,1.3751,1695467.7
2026-02-12 05:30:00+00:00,1.375,1.3795,1.3739,1.3783,2862787.0
2026-02-12 05:35:00+00:00,1.3782,1.3791,1.3754,1.3766,1060968.5
2026-02-12 05:40:00+00:00,1.3765,1.3802,1.3765,1.3792,1259474.0
2026-02-12 05:45:00+00:00,1.3792,1.3807,1.3776,1.3776,1375760.2
2026-02-12 05:50:00+00:00,1.3775,1.3792,1.3775,1.3785,811653.7
2026-02-12 05:55:00+00:00,1.3786,1.3806,1.3786,1.3796,871981.2
2026-02-12 06:00:00+00:00,1.3796,1.381,1.3779,1.3781,1180137.2
2026-02-12 06:05:00+00:00,1.3781,1.3794,1.3773,1.3779,969066.9
2026-02-12 06:10:00+00:00,1.3778,1.3819,1.3775,1.38,1782492.1
2026-02-12 06:15:00+00:00,1.3801,1.3837,1.3789,1.3798,1846837.4
2026-02-12 06:20:00+00:00,1.3797,1.3821,1.3789,1.3821,1066821.3
2026-02-12 06:25:00+00:00,1.3822,1.388,1.3822,1.3854,3973825.3
2026-02-12 06:30:00+00:00,1.3854,1.3859,1.3824,1.3831,1508796.0
2026-02-12 06:35:00+00:00,1.3831,1.3835,1.3801,1.3823,3501809.9
2026-02-12 06:40:00+00:00,1.3824,1.3836,1.3814,1.3826,1473625.0
2026-02-12 06:45:00+00:00,1.3825,1.3833,1.3803,1.3815,1034784.1
2026-02-12 06:50:00+00:00,1.3815,1.3819,1.3802,1.3813,891168.1
2026-02-12 06:55:00+00:00,1.3813,1.3825,1.381,1.3824,597461.2
2026-02-12 07:00:00+00:00,1.3824,1.3832,1.3803,1.3823,1538164.0
2026-02-12 07:05:00+00:00,1.3824,1.3824,1.3782,1.3784,1084195.7
2026-02-12 07:10:00+00:00,1.3785,1.3785,1.3754,1.3775,1437123.7
2026-02-12 07:15:00+00:00,1.3775,1.3799,1.376,1.3788,868030.0
2026-02-12 07:20:00+00:00,1.3789,1.3826,1.3784,1.3825,1340667.6
2026-02-12 07:25:00+00:00,1.3825,1.3851,1.3814,1.3818,2932976.7
2026-02-12 07:30:00+00:00,1.3818,1.3826,1.3796,1.3796,1111946.0
2026-02-12 07:35:00+00:00,1.3795,1.3815,1.3789,1.3814,709284.9
2026-02-12 07:40:00+00:00,1.3814,1.3823,1.3791,1.3791,660278.5
2026-02-12 07:45:00+00:00,1.3792,1.38,1.3781,1.3789,822357.1
2026-02-12 07:50:00+00:00,1.379,1.3795,1.378,1.3788,533248.7
2026-02-12 07:55:00+00:00,1.3788,1.382,1.3787,1.381,826995.0
2026-02-12 08:00:00+00:00,1.3811,1.3831,1.3802,1.3803,1322884.4
2026-02-12 08:05:00+00:00,1.3804,1.3838,1.3786,1.3826,1468075.0
2026-02-12 08:10:00+00:00,1.3827,1.3829,1.3807,1.3818,751392.4
2026-02-12 08:15:00+00:00,1.3819,1.3819,1.378,1.3781,1327860.8
2026-02-12 08:20:00+00:00,1.3781,1.3797,1.3772,1.3796,1513594.5
2026-02-12 08:25:00+00:00,1.3796,1.3796,1.3768,1.3773,2765091.6
2026-02-12 08:30:00+00:00,1.3773,1.3787,1.3761,1.3777,2183188.0
2026-02-12 08:35:00+00:00,1.3776,1.3819,1.3776,1.3801,982185.7
2026-02-12 08:40:00+00:00,1.3802,1.3813,1.3786,1.3787,724389.6
2026-02-12 08:45:00+00:00,1.3787,1.3798,1.3781,1.3789,728811.8
2026-02-12 08:50:00+00:00,1.3789,1.3813,1.3789,1.3813,907394.3
2026-02-12 08:55:00+00:00,1.3813,1.3822,1.3808,1.3811,653384.8
2026-02-12 09:00:00+00:00,1.3812,1.3816,1.38,1.3813,521437.6
2026-02-12 09:05:00+00:00,1.3812,1.3813,1.3793,1.3798,650499.5
2026-02-12 09:10:00+00:00,1.3798,1.3846,1.3796,1.3834,1784844.2
2026-02-12 09:15:00+00:00,1.3833,1.3866,1.3831,1.385,1851088.5
2026-02-12 09:20:00+00:00,1.3849,1.3871,1.3847,1.3863,1234673.0
2026-02-12 09:25:00+00:00,1.3863,1.3895,1.3851,1.3886,2084165.3
2026-02-12 09:30:00+00:00,1.3886,1.3916,1.3867,1.3902,2338595.3
2026-02-12 09:35:00+00:00,1.3902,1.393,1.3893,1.3894,2370874.7
2026-02-12 09:40:00+00:00,1.3894,1.3906,1.3886,1.3901,1130429.3
2026-02-12 09:45:00+00:00,1.3901,1.3914,1.3889,1.3889,1121903.7
2026-02-12 09:50:00+00:00,1.3888,1.3939,1.3884,1.3923,2499955.0
2026-02-12 09:55:00+00:00,1.3923,1.396,1.3919,1.3951,5729223.3
2026-02-12 10:00:00+00:00,1.3951,1.3988,1.3942,1.3967,2992354.8
2026-02-12 10:05:00+00:00,1.3967,1.3974,1.3945,1.3951,2539881.5
2026-02-12 10:10:00+00:00,1.3951,1.3953,1.3922,1.3931,2296298.2
2026-02-12 10:15:00+00:00,1.3931,1.3934,1.3901,1.3904,1355431.2
2026-02-12 10:20:00+00:00,1.3903,1.3911,1.388,1.3888,1317359.6
2026-02-12 10:25:00+00:00,1.3888,1.3925,1.3888,1.3925,1536625.7
2026-02-12 10:30:00+00:00,1.3926,1.3997,1.3925,1.3976,3394667.1
2026-02-12 10:35:00+00:00,1.3975,1.398,1.3965,1.3967,1210714.2
2026-02-12 10:40:00+00:00,1.3966,1.3968,1.3932,1.394,1762764.5
2026-02-12 10:45:00+00:00,1.394,1.3991,1.3931,1.3976,1732528.4
2026-02-12 10:50:00+00:00,1.3975,1.4009,1.3964,1.4005,2904329.8
2026-02-12 10:55:00+00:00,1.4005,1.4031,1.3986,1.4029,2810953.5
2026-02-12 11:00:00+00:00,1.403,1.4056,1.4017,1.4025,5148678.2
2026-02-12 11:05:00+00:00,1.4025,1.4026,1.3987,1.3997,2088166.3
2026-02-12 11:10:00+00:00,1.3997,1.3998,1.3927,1.3956,5401286.4
2026-02-12 11:15:00+00:00,1.3955,1.3989,1.3949,1.3965,2438046.0
2026-02-12 11:20:00+00:00,1.3965,1.4011,1.3955,1.4011,2118223.6
2026-02-12 11:25:00+00:00,1.4011,1.4044,1.3993,1.4041,3582402.5
2026-02-12 11:30:00+00:00,1.4042,1.4075,1.4025,1.4032,3674317.4
2026-02-12 11:35:00+00:00,1.4032,1.4032,1.4012,1.4018,2042371.5
2026-02-12 11:40:00+00:00,1.4018,1.4019,1.3987,1.4005,1920608.8
2026-02-12 11:45:00+00:00,1.4005,1.4025,1.3992,1.4025,1400367.9
2026-02-12 11:50:00+00:00,1.4025,1.4043,1.4009,1.4027,1649134.0
2026-02-12 11:55:00+00:00,1.4028,1.4035,1.3991,1.4006,1117269.8
2026-02-12 12:00:00+00:00,1.4006,1.4022,1.3969,1.3969,2426792.8
2026-02-12 12:05:00+00:00,1.3969,1.3984,1.3956,1.3978,2273019.4
2026-02-12 12:10:00+00:00,1.3978,1.399,1.3955,1.3983,1201365.7
2026-02-12 12:15:00+00:00,1.3983,1.3985,1.3952,1.3958,1122781.3
2026-02-12 12:20:00+00:00,1.3958,1.3961,1.3927,1.393,2099867.1
2026-02-12 12:25:00+00:00,1.393,1.3965,1.3927,1.3949,1130598.6
2026-02-12 12:30:00+00:00,1.3948,1.3961,1.3917,1.3922,1210256.3
2026-02-12 12:35:00+00:00,1.3922,1.394,1.3921,1.3933,709944.3
2026-02-12 12:40:00+00:00,1.3933,1.395,1.393,1.393,739540.0
2026-02-12 12:45:00+00:00,1.393,1.3947,1.3908,1.3947,1151145.8
2026-02-12 12:50:00+00:00,1.3947,1.3953,1.3892,1.3893,3026209.4
2026-02-12 12:55:00+00:00,1.3893,1.3922,1.3888,1.3917,1598906.4
2026-02-12 13:00:00+00:00,1.3917,1.392,1.3872,1.3889,3022879.0
2026-02-12 13:05:00+00:00,1.3888,1.391,1.3858,1.3909,3602865.2
2026-02-12 13:10:00+00:00,1.3908,1.3917,1.39,1.3909,1439471.8
2026-02-12 13:15:00+00:00,1.391,1.3926,1.3888,1.3898,2038206.0
2026-02-12 13:20:00+00:00,1.3898,1.3909,1.3888,1.3907,1163662.4
2026-02-12 13:25:00+00:00,1.3907,1.391,1.3842,1.3871,2686479.3
2026-02-12 13:30:00+00:00,1.387,1.3957,1.387,1.3941,3905885.0
2026-02-12 13:35:00+00:00,1.394,1.397,1.3937,1.3955,2231407.5
2026-02-12 13:40:00+00:00,1.3956,1.3987,1.395,1.3973,2876595.5
2026-02-12 13:45:00+00:00,1.3973,1.3983,1.3951,1.3954,1330897.9
2026-02-12 13:50:00+00:00,1.3954,1.3986,1.3954,1.396,1295872.4
2026-02-12 13:55:00+00:00,1.396,1.4019,1.396,1.4007,3681157.6
2026-02-12 14:00:00+00:00,1.4007,1.4022,1.3919,1.3931,3868414.4
2026-02-12 14:05:00+00:00,1.3931,1.3944,1.3911,1.3934,2710763.6
2026-02-12 14:10:00+00:00,1.3933,1.3964,1.3933,1.3943,923255.9
2026-02-12 14:15:00+00:00,1.3942,1.3942,1.3906,1.3921,1648477.4
2026-02-12 14:20:00+00:00,1.3922,1.3952,1.3905,1.3915,2094498.5
2026-02-12 14:25:00+00:00,1.3914,1.3929,1.3907,1.3926,746318.8
2026-02-12 14:30:00+00:00,1.3925,1.3994,1.3907,1.3976,2936076.4
2026-02-12 14:35:00+00:00,1.3976,1.3985,1.389,1.3916,6036960.5
2026-02-12 14:40:00+00:00,1.3917,1.3943,1.3852,1.3864,4544460.8
2026-02-12 14:45:00+00:00,1.3864,1.39,1.3828,1.3877,7056557.2
2026-02-12 14:50:00+00:00,1.3878,1.3939,1.3868,1.393,5287504.4
2026-02-12 14:55:00+00:00,1.3929,1.3929,1.3866,1.3881,2760994.7
2026-02-12 15:00:00+00:00,1.3882,1.3925,1.3813,1.3825,6570715.5
2026-02-12 15:05:00+00:00,1.3825,1.3837,1.3757,1.3787,8187401.4
2026-02-12 15:10:00+00:00,1.3788,1.3847,1.3756,1.382,5183386.2
2026-02-12 15:15:00+00:00,1.382,1.3876,1.3798,1.3833,6353329.9
2026-02-12 15:20:00+00:00,1.3834,1.3943,1.3834,1.3915,5160793.2
2026-02-12 15:25:00+00:00,1.3916,1.3942,1.3884,1.3937,3660183.5
2026-02-12 15:30:00+00:00,1.3938,1.396,1.3877,1.389,3056492.6
2026-02-12 15:35:00+00:00,1.3889,1.3891,1.3796,1.3813,5998177.3
2026-02-12 15:40:00+00:00,1.3813,1.3836,1.3785,1.3827,4076684.6
2026-02-12 15:45:00+00:00,1.3827,1.3859,1.3796,1.383,2083081.2
2026-02-12 15:50:00+00:00,1.3831,1.3841,1.3753,1.3753,3179803.5
2026-02-12 15:55:00+00:00,1.3753,1.3765,1.3739,1.3747,4050643.1
2026-02-12 16:00:00+00:00,1.3748,1.3768,1.3707,1.3764,5895598.9
2026-02-12 16:05:00+00:00,1.3763,1.377,1.361,1.3617,11661537.1
2026-02-12 16:10:00+00:00,1.3617,1.3656,1.3535,1.3553,13234696.5
2026-02-12 16:15:00+00:00,1.3554,1.3626,1.3532,1.3578,10322009.9
2026-02-12 16:20:00+00:00,1.3578,1.3582,1.3498,1.3532,8541580.7
2026-02-12 16:25:00+00:00,1.3532,1.3564,1.3486,1.3517,5558790.2
2026-02-12 16:30:00+00:00,1.3518,1.3576,1.3481,1.3564,9042939.0
2026-02-12 16:35:00+00:00,1.3563,1.3653,1.3563,1.3622,8392800.2
2026-02-12 16:40:00+00:00,1.3622,1.3654,1.3601,1.3606,6054879.3
2026-02-12 16:45:00+00:00,1.3606,1.3624,1.3532,1.3576,6365842.7
2026-02-12 16:50:00+00:00,1.3577,1.3583,1.3451,1.3469,10823786.3
2026-02-12 16:55:00+00:00,1.347,1.353,1.3456,1.3521,3848978.5
2026-02-12 17:00:00+00:00,1.352,1.3542,1.3492,1.3515,5611110.6
2026-02-12 17:05:00+00:00,1.3515,1.3548,1.3451,1.353,4554424.2
2026-02-12 17:10:00+00:00,1.353,1.3538,1.3467,1.3518,3078631.0
2026-02-12 17:15:00+00:00,1.3518,1.3559,1.3502,1.3508,2903611.1
2026-02-12 17:20:00+00:00,1.3509,1.3637,1.3508,1.3636,6858845.7
2026-02-12 17:25:00+00:00,1.3636,1.368,1.361,1.3667,5167910.1
2026-02-12 17:30:00+00:00,1.3667,1.3702,1.3648,1.3697,6605617.0
2026-02-12 17:35:00+00:00,1.3697,1.3791,1.3688,1.3741,8784348.0
2026-02-12 17:40:00+00:00,1.3741,1.3747,1.3686,1.3692,3037012.4
2026-02-12 17:45:00+00:00,1.3692,1.3701,1.3642,1.3669,2664752.4
2026-02-12 17:50:00+00:00,1.3669,1.3703,1.3648,1.3659,2601932.5
2026-02-12 17:55:00+00:00,1.3659,1.3663,1.36,1.3616,5549663.6
2026-02-12 18:00:00+00:00,1.3615,1.3644,1.3604,1.3632,2772941.3
2026-02-12 18:05:00+00:00,1.3632,1.3669,1.3607,1.3635,2677393.8
2026-02-12 18:10:00+00:00,1.3635,1.3653,1.3614,1.3634,1158972.2
2026-02-12 18:15:00+00:00,1.3634,1.3642,1.3516,1.3518,3712887.7
2026-02-12 18:20:00+00:00,1.3518,1.3582,1.3515,1.3569,3318509.4
2026-02-12 18:25:00+00:00,1.3569,1.3603,1.3534,1.3548,2678040.6
2026-02-12 18:30:00+00:00,1.3547,1.3567,1.351,1.3553,2373136.3
2026-02-12 18:35:00+00:00,1.3553,1.3613,1.355,1.3606,2599969.0
2026-02-12 18:40:00+00:00,1.3606,1.3606,1.3568,1.358,878671.2
2026-02-12 18:45:00+00:00,1.3579,1.3643,1.3565,1.3621,2830526.0
2026-02-12 18:50:00+00:00,1.3621,1.3656,1.3613,1.3642,1392253.8
2026-02-12 18:55:00+00:00,1.3641,1.3665,1.3613,1.3621,1981910.7
2026-02-12 19:00:00+00:00,1.3622,1.3644,1.3575,1.3583,1557543.0
2026-02-12 19:05:00+00:00,1.3584,1.3612,1.3568,1.3569,1491553.4
2026-02-12 19:10:00+00:00,1.3569,1.36,1.3539,1.3585,2062280.8
2026-02-12 19:15:00+00:00,1.3585,1.3641,1.3585,1.3626,2150986.4
2026-02-12 19:20:00+00:00,1.3626,1.3743,1.3617,1.3732,4492606.1
2026-02-12 19:25:00+00:00,1.3732,1.3737,1.3686,1.3694,2588631.7
2026-02-12 19:30:00+00:00,1.3693,1.374,1.3686,1.3696,2228359.3
2026-02-12 19:35:00+00:00,1.3695,1.3758,1.3681,1.3701,1848387.9
2026-02-12 19:40:00+00:00,1.3702,1.3704,1.3668,1.3672,1153793.1
2026-02-12 19:45:00+00:00,1.3673,1.3709,1.3668,1.3693,1217833.6
2026-02-12 19:50:00+00:00,1.3693,1.3703,1.3625,1.3633,3041158.3
2026-02-12 19:55:00+00:00,1.3633,1.3665,1.3622,1.3638,1638100.3
2026-02-12 20:00:00+00:00,1.3638,1.3659,1.3618,1.3643,2651023.5
2026-02-12 20:05:00+00:00,1.3644,1.3657,1.3606,1.3618,1141132.1
2026-02-12 20:10:00+00:00,1.3617,1.3634,1.3586,1.3634,3990958.4
2026-02-12 20:15:00+00:00,1.3635,1.365,1.3617,1.3626,1077711.9
2026-02-12 20:20:00+00:00,1.3626,1.3627,1.3558,1.3563,1574802.6
2026-02-12 20:25:00+00:00,1.3564,1.3587,1.3548,1.3572,2161967.3
2026-02-12 20:30:00+00:00,1.3572,1.3584,1.3551,1.3573,1234523.9
2026-02-12 20:35:00+00:00,1.3574,1.36,1.3569,1.3599,1134477.8
2026-02-12 20:40:00+00:00,1.3598,1.3601,1.3557,1.3573,1620070.9
2026-02-12 20:45:00+00:00,1.3574,1.3577,1.3524,1.3534,1969000.5
2026-02-12 20:50:00+00:00,1.3534,1.3534,1.3494,1.3519,3548132.7
2026-02-12 20:55:00+00:00,1.3518,1.3532,1.3499,1.3508,2330809.0
2026-02-12 21:00:00+00:00,1.3509,1.3559,1.3507,1.3549,1693572.8
2026-02-12 21:05:00+00:00,1.3548,1.3549,1.3496,1.3518,1889610.6
2026-02-12 21:10:00+00:00,1.3517,1.3529,1.3495,1.3527,1820303.5
2026-02-12 21:15:00+00:00,1.3527,1.3538,1.3503,1.3532,1541135.1
2026-02-12 21:20:00+00:00,1.3531,1.3533,1.3483,1.3498,2688412.7
2026-02-12 21:25:00+00:00,1.3499,1.3504,1.3483,1.3494,771384.6
2026-02-12 21:30:00+00:00,1.3495,1.355,1.3478,1.3545,2297925.9
2026-02-12 21:35:00+00:00,1.3545,1.3571,1.3541,1.3569,2435980.8
2026-02-12 21:40:00+00:00,1.3568,1.3574,1.3551,1.3554,1114343.2
2026-02-12 21:45:00+00:00,1.3555,1.3555,1.351,1.3516,1454744.7
2026-02-12 21:50:00+00:00,1.3515,1.3547,1.3515,1.3529,1406576.8
2026-02-12 21:55:00+00:00,1.3528,1.3528,1.3503,1.3513,656223.9
2026-02-12 22:00:00+00:00,1.3512,1.3529,1.3494,1.3529,1245155.0
2026-02-12 22:05:00+00:00,1.353,1.354,1.3519,1.3533,667049.0
2026-02-12 22:10:00+00:00,1.3533,1.3547,1.3518,1.3542,844012.5
2026-02-12 22:15:00+00:00,1.3542,1.3542,1.3504,1.3514,646348.2
2026-02-12 22:20:00+00:00,1.3515,1.3548,1.3495,1.3548,1121719.8
2026-02-12 22:25:00+00:00,1.3547,1.3586,1.3537,1.3567,1915596.2
2026-02-12 22:30:00+00:00,1.3568,1.3594,1.3559,1.3579,1210605.5
2026-02-12 22:35:00+00:00,1.3579,1.3607,1.3569,1.3572,1400255.2
2026-02-12 22:40:00+00:00,1.3572,1.362,1.355,1.3615,1270750.3
2026-02-12 22:45:00+00:00,1.3616,1.3653,1.3615,1.3638,2126332.9
2026-02-12 22:50:00+00:00,1.3638,1.3642,1.3603,1.3627,1196179.2
2026-02-12 22:55:00+00:00,1.3626,1.3646,1.3607,1.3633,888941.9
2026-02-12 23:00:00+00:00,1.3634,1.3672,1.3619,1.3657,3936522.2
2026-02-12 23:05:00+00:00,1.3656,1.3697,1.3645,1.3673,4174036.1
2026-02-12 23:10:00+00:00,1.3674,1.3675,1.3634,1.3649,1766216.2
2026-02-12 23:15:00+00:00,1.365,1.3661,1.3622,1.3641,2667516.3
2026-02-12 23:20:00+00:00,1.3641,1.3679,1.3632,1.3675,3263437.0
2026-02-12 23:25:00+00:00,1.3676,1.368,1.3633,1.3633,1472461.1
2026-02-12 23:30:00+00:00,1.3634,1.3653,1.362,1.3641,1897981.0
2026-02-12 23:35:00+00:00,1.3642,1.3645,1.3596,1.3616,2724081.1
2026-02-12 23:40:00+00:00,1.3616,1.364,1.3616,1.3627,996375.9
2026-02-12 23:45:00+00:00,1.3627,1.3636,1.3612,1.3622,1080359.0
2026-02-12 23:50:00+00:00,1.3623,1.363,1.361,1.3619,781953.7
2026-02-12 23:55:00+00:00,1.3619,1.3638,1.3616,1.3627,838156.0
2026-02-13 00:00:00+00:00,1.3627,1.3676,1.361,1.3644,3164922.4
2026-02-13 00:05:00+00:00,1.3644,1.3646,1.361,1.3614,1911003.1
2026-02-13 00:10:00+00:00,1.3614,1.3637,1.3602,1.3632,1369315.5
2026-02-13 00:15:00+00:00,1.3633,1.3636,1.3592,1.3593,1329312.8
2026-02-13 00:20:00+00:00,1.3594,1.3611,1.3569,1.3582,2115751.2
2026-02-13 00:25:00+00:00,1.3582,1.3585,1.3551,1.3561,2323151.9
2026-02-13 00:30:00+00:00,1.356,1.3565,1.3484,1.3503,7246993.1
2026-02-13 00:35:00+00:00,1.3504,1.3552,1.3494,1.3546,2199150.6
2026-02-13 00:40:00+00:00,1.3546,1.3551,1.3502,1.3502,1607945.3
2026-02-13 00:45:00+00:00,1.3502,1.3513,1.3483,1.3503,1443266.1
2026-02-13 00:50:00+00:00,1.3502,1.3538,1.3482,1.353,1721759.7
2026-02-13 00:55:00+00:00,1.3531,1.3546,1.3524,1.3526,1864671.9
2026-02-13 01:00:00+00:00,1.3527,1.3546,1.352,1.3536,1453273.9
2026-02-13 01:05:00+00:00,1.3536,1.3584,1.3535,1.3569,1687787.9
2026-02-13 01:10:00+00:00,1.357,1.3574,1.3544,1.3556,981093.7
2026-02-13 01:15:00+00:00,1.3557,1.3564,1.3525,1.3533,2177982.2
2026-02-13 01:20:00+00:00,1.3532,1.3536,1.3508,1.3512,1142503.0
2026-02-13 01:25:00+00:00,1.3511,1.3542,1.3487,1.3528,2505924.7
2026-02-13 01:30:00+00:00,1.3528,1.3575,1.3528,1.3569,1717759.4
2026-02-13 01:35:00+00:00,1.3568,1.3618,1.3554,1.3604,1561365.2
2026-02-13 01:40:00+00:00,1.3604,1.3616,1.3597,1.3597,798330.2
2026-02-13 01:45:00+00:00,1.3598,1.3621,1.3593,1.3608,1620285.9
2026-02-13 01:50:00+00:00,1.3609,1.3617,1.3572,1.3583,1073013.3
2026-02-13 01:55:00+00:00,1.3584,1.3584,1.355,1.357,847172.3
2026-02-13 02:00:00+00:00,1.357,1.3605,1.3562,1.3604,1161404.8
2026-02-13 02:05:00+00:00,1.3604,1.3646,1.3593,1.3644,1373818.6
2026-02-13 02:10:00+00:00,1.3643,1.3647,1.3618,1.363,1180979.4
2026-02-13 02:15:00+00:00,1.363,1.3641,1.3611,1.3615,1629897.3
2026-02-13 02:20:00+00:00,1.3615,1.3628,1.3589,1.3624,1310594.3
2026-02-13 02:25:00+00:00,1.3625,1.3641,1.3613,1.3615,1103254.5
2026-02-13 02:30:00+00:00,1.3616,1.3629,1.3602,1.3617,609030.7
2026-02-13 02:35:00+00:00,1.3617,1.3624,1.3594,1.3598,612649.3
2026-02-13 02:40:00+00:00,1.3598,1.3623,1.3587,1.3615,809973.9
2026-02-13 02:45:00+00:00,1.3614,1.3629,1.3609,1.3616,551063.7
2026-02-13 02:50:00+00:00,1.3617,1.3674,1.3617,1.3657,2032417.5
2026-02-13 02:55:00+00:00,1.3658,1.3681,1.3654,1.3659,1691691.2
2026-02-13 03:00:00+00:00,1.3659,1.369,1.3651,1.3684,2411621.3
2026-02-13 03:05:00+00:00,1.3683,1.3689,1.3644,1.3657,1866898.2
2026-02-13 03:10:00+00:00,1.3658,1.3659,1.3641,1.3642,838757.6
2026-02-13 03:15:00+00:00,1.3643,1.3678,1.3638,1.3674,661312.9
2026-02-13 03:20:00+00:00,1.3675,1.3675,1.3639,1.3662,1143176.1
2026-02-13 03:25:00+00:00,1.3663,1.3679,1.3655,1.3669,812984.4
2026-02-13 03:30:00+00:00,1.367,1.3713,1.367,1.368,2586738.7
2026-02-13 03:35:00+00:00,1.368,1.3695,1.3664,1.3675,825300.9
2026-02-13 03:40:00+00:00,1.3675,1.368,1.366,1.3662,755132.7
2026-02-13 03:45:00+00:00,1.3662,1.3667,1.3635,1.3638,999360.1
2026-02-13 03:50:00+00:00,1.3638,1.3645,1.3613,1.3634,1121000.2
2026-02-13 03:55:00+00:00,1.3633,1.365,1.3612,1.3648,1111821.5
2026-02-13 04:00:00+00:00,1.3648,1.3648,1.3618,1.3629,1571067.2
2026-02-13 04:05:00+00:00,1.3629,1.3667,1.362,1.365,2114115.8
2026-02-13 04:10:00+00:00,1.3651,1.3652,1.3635,1.3652,387850.1
2026-02-13 04:15:00+00:00,1.3651,1.368,1.3646,1.3657,1458470.1
2026-02-13 04:20:00+00:00,1.3657,1.3658,1.3602,1.3621,961471.4
2026-02-13 04:25:00+00:00,1.3621,1.3631,1.3614,1.3614,363323.8
2026-02-13 04:30:00+00:00,1.3614,1.3617,1.3596,1.3604,812724.4
2026-02-13 04:35:00+00:00,1.3605,1.3612,1.3592,1.3603,1656151.0
2026-02-13 04:40:00+00:00,1.3604,1.3606,1.3587,1.3592,793873.1
2026-02-13 04:45:00+00:00,1.3591,1.3592,1.3575,1.3576,1229050.6
2026-02-13 04:50:00+00:00,1.3576,1.3598,1.3573,1.3593,616846.9
2026-02-13 04:55:00+00:00,1.3593,1.3607,1.3564,1.3574,1639359.7
2026-02-13 05:00:00+00:00,1.3574,1.3602,1.3571,1.359,829236.9
2026-02-13 05:05:00+00:00,1.359,1.3599,1.354,1.3558,1572989.0
2026-02-13 05:10:00+00:00,1.3559,1.3569,1.3552,1.3556,745924.1
2026-02-13 05:15:00+00:00,1.3556,1.3586,1.3543,1.3583,647623.9
2026-02-13 05:20:00+00:00,1.3583,1.3588,1.3568,1.3568,648224.2
2026-02-13 05:25:00+00:00,1.3568,1.359,1.3556,1.3567,523869.4
2026-02-13 05:30:00+00:00,1.3567,1.359,1.3562,1.3569,661211.0
2026-02-13 05:35:00+00:00,1.357,1.3594,1.3564,1.3566,1487373.4
2026-02-13 05:40:00+00:00,1.3565,1.3584,1.355,1.3577,547214.3
2026-02-13 05:45:00+00:00,1.3577,1.3586,1.3567,1.3584,754896.1
2026-02-13 05:50:00+00:00,1.3583,1.3583,1.3561,1.3563,577224.1
2026-02-13 05:55:00+00:00,1.3562,1.357,1.3522,1.3525,1717626.4
2026-02-13 06:00:00+00:00,1.3525,1.3533,1.3515,1.3527,2341095.3
2026-02-13 06:05:00+00:00,1.3527,1.3545,1.3525,1.3541,682474.8
2026-02-13 06:10:00+00:00,1.354,1.3553,1.3531,1.3536,602153.9
2026-02-13 06:15:00+00:00,1.3537,1.3554,1.3534,1.3539,718523.1
2026-02-13 06:20:00+00:00,1.354,1.3547,1.3489,1.3499,3597495.0
2026-02-13 06:25:00+00:00,1.3498,1.351,1.349,1.3502,1561740.0
2026-02-13 06:30:00+00:00,1.3502,1.3509,1.3472,1.35,2167449.1
2026-02-13 06:35:00+00:00,1.35,1.3508,1.349,1.349,1240787.6
2026-02-13 06:40:00+00:00,1.3489,1.3505,1.3489,1.3502,749225.6
2026-02-13 06:45:00+00:00,1.3503,1.3512,1.3484,1.3496,1634507.9
2026-02-13 06:50:00+00:00,1.3497,1.3546,1.3497,1.3545,1473737.6
2026-02-13 06:55:00+00:00,1.3545,1.3571,1.3533,1.3561,1249502.9
2026-02-13 07:00:00+00:00,1.3562,1.3575,1.3548,1.3572,1461099.8
2026-02-13 07:05:00+00:00,1.3572,1.358,1.3551,1.3556,1059714.5
2026-02-13 07:10:00+00:00,1.3557,1.3621,1.3556,1.3609,2904774.2
2026-02-13 07:15:00+00:00,1.3609,1.3616,1.3586,1.3588,1335104.4
2026-02-13 07:20:00+00:00,1.3588,1.3599,1.3579,1.3598,851883.1
2026-02-13 07:25:00+00:00,1.3597,1.3597,1.3577,1.3586,522045.6
2026-02-13 07:30:00+00:00,1.3585,1.3585,1.3572,1.3584,943890.2
2026-02-13 07:35:00+00:00,1.3584,1.3609,1.3531,1.3537,4706829.6
2026-02-13 07:40:00+00:00,1.3537,1.3541,1.3512,1.3513,1569215.9
2026-02-13 07:45:00+00:00,1.3513,1.3519,1.3486,1.3502,2276864.1
2026-02-13 07:50:00+00:00,1.3501,1.3533,1.349,1.3533,1154653.4
2026-02-13 07:55:00+00:00,1.3533,1.3542,1.3516,1.3531,1006757.3
2026-02-13 08:00:00+00:00,1.3531,1.3551,1.3512,1.3549,1261987.7
2026-02-13 08:05:00+00:00,1.3549,1.3589,1.3549,1.3563,2607061.6
2026-02-13 08:10:00+00:00,1.3564,1.3578,1.3552,1.3552,1331028.7
2026-02-13 08:15:00+00:00,1.3552,1.3577,1.3541,1.3574,3431919.4
2026-02-13 08:20:00+00:00,1.3573,1.3615,1.3561,1.3594,2176042.4
2026-02-13 08:25:00+00:00,1.3594,1.3635,1.3594,1.3627,2097235.6
2026-02-13 08:30:00+00:00,1.3628,1.365,1.3619,1.3628,1721599.4
2026-02-13 08:35:00+00:00,1.3629,1.3636,1.3606,1.3617,1962267.4
2026-02-13 08:40:00+00:00,1.3617,1.3627,1.3606,1.3621,930245.3
2026-02-13 08:45:00+00:00,1.3622,1.3687,1.362,1.3671,3798447.7
2026-02-13 08:50:00+00:00,1.3672,1.3687,1.3655,1.3677,4391808.1
2026-02-13 08:55:00+00:00,1.3677,1.3677,1.3659,1.3669,1164246.2
2026-02-13 09:00:00+00:00,1.3668,1.3669,1.3633,1.3652,2467041.1
2026-02-13 09:05:00+00:00,1.3652,1.3672,1.3642,1.3662,1442548.2
2026-02-13 09:10:00+00:00,1.3662,1.368,1.3634,1.3655,3053953.7
2026-02-13 09:15:00+00:00,1.3654,1.3694,1.3654,1.3686,2797422.5
2026-02-13 09:20:00+00:00,1.3686,1.3707,1.3673,1.3697,2174193.2
2026-02-13 09:25:00+00:00,1.3696,1.37,1.3688,1.3695,1077946.5
2026-02-13 09:30:00+00:00,1.3694,1.37,1.3684,1.3688,1159379.9
2026-02-13 09:35:00+00:00,1.3688,1.369,1.3657,1.3663,2337985.5
2026-02-13 09:40:00+00:00,1.3663,1.367,1.3651,1.3654,1097050.4
2026-02-13 09:45:00+00:00,1.3653,1.3693,1.3653,1.3686,2595581.1
2026-02-13 09:50:00+00:00,1.3686,1.3691,1.3663,1.3678,1300072.6
2026-02-13 09:55:00+00:00,1.3679,1.3688,1.3671,1.3677,1121506.2
2026-02-13 10:00:00+00:00,1.3678,1.3678,1.365,1.3654,1444682.6
2026-02-13 10:05:00+00:00,1.3653,1.3661,1.3642,1.3645,1625706.3
2026-02-13 10:10:00+00:00,1.3645,1.3672,1.3644,1.3663,847165.4
2026-02-13 10:15:00+00:00,1.3663,1.3731,1.3659,1.3713,4646263.5
2026-02-13 10:20:00+00:00,1.3712,1.3715,1.3666,1.3682,2012056.6
2026-02-13 10:25:00+00:00,1.3682,1.3692,1.3676,1.3685,797161.8
2026-02-13 10:30:00+00:00,1.3686,1.3714,1.3669,1.37,1154505.5
2026-02-13 10:35:00+00:00,1.37,1.3708,1.3682,1.3687,826067.7
2026-02-13 10:40:00+00:00,1.3687,1.3707,1.3676,1.3694,1017193.1
2026-02-13 10:45:00+00:00,1.3694,1.3705,1.3682,1.3696,821791.4
2026-02-13 10:50:00+00:00,1.3696,1.37,1.367,1.368,1116202.1
2026-02-13 10:55:00+00:00,1.368,1.3687,1.3675,1.3678,488673.2
2026-02-13 11:00:00+00:00,1.3678,1.368,1.365,1.3667,1577882.3
2026-02-13 11:05:00+00:00,1.3667,1.3685,1.3646,1.3655,907422.5
2026-02-13 11:10:00+00:00,1.3654,1.3654,1.3634,1.3647,2343418.1
2026-02-13 11:15:00+00:00,1.3647,1.366,1.3635,1.3652,1094128.0
2026-02-13 11:20:00+00:00,1.3652,1.366,1.3616,1.3628,1739336.8
2026-02-13 11:25:00+00:00,1.3628,1.3659,1.3626,1.3651,1370616.5
2026-02-13 11:30:00+00:00,1.3651,1.3652,1.3601,1.3624,2930765.2
2026-02-13 11:35:00+00:00,1.3624,1.3635,1.361,1.3622,1123453.0
2026-02-13 11:40:00+00:00,1.3622,1.3645,1.3619,1.3636,1038265.0
2026-02-13 11:45:00+00:00,1.3637,1.3651,1.3623,1.3645,1192585.5
2026-02-13 11:50:00+00:00,1.3645,1.3663,1.3641,1.3659,907016.7
2026-02-13 11:55:00+00:00,1.366,1.369,1.3657,1.3672,1723270.5
2026-02-13 12:00:00+00:00,1.3672,1.3672,1.363,1.3631,1292925.2
2026-02-13 12:05:00+00:00,1.3631,1.3633,1.36,1.36,3022953.5
2026-02-13 12:10:00+00:00,1.3601,1.362,1.3594,1.3596,1911206.7
2026-02-13 12:15:00+00:00,1.3596,1.3622,1.3589,1.3613,968356.8
2026-02-13 12:20:00+00:00,1.3613,1.3625,1.3608,1.3609,820937.8
2026-02-13 12:25:00+00:00,1.3609,1.3629,1.3604,1.3618,713735.6
2026-02-13 12:30:00+00:00,1.3619,1.3628,1.3614,1.3615,767600.1
2026-02-13 12:35:00+00:00,1.3615,1.3635,1.3596,1.3622,1196254.9
2026-02-13 12:40:00+00:00,1.3623,1.3629,1.3604,1.3612,525922.6
2026-02-13 12:45:00+00:00,1.3613,1.3628,1.361,1.3628,593637.9
2026-02-13 12:50:00+00:00,1.3628,1.3649,1.3622,1.3649,1801672.4
2026-02-13 12:55:00+00:00,1.3649,1.3651,1.3625,1.3638,1332741.9
2026-02-13 13:00:00+00:00,1.3639,1.3664,1.3634,1.3654,1570365.8
2026-02-13 13:05:00+00:00,1.3653,1.3653,1.3605,1.3644,2027121.9
2026-02-13 13:10:00+00:00,1.3643,1.3655,1.3632,1.3634,549473.8
2026-02-13 13:15:00+00:00,1.3634,1.3666,1.363,1.3662,869959.8
2026-02-13 13:20:00+00:00,1.3662,1.3725,1.366,1.3719,3265121.0
2026-02-13 13:25:00+00:00,1.3719,1.3766,1.3717,1.3738,6089658.2
2026-02-13 13:30:00+00:00,1.3738,1.3823,1.3734,1.3805,12940056.4
2026-02-13 13:35:00+00:00,1.3804,1.381,1.3744,1.3756,5674402.5
2026-02-13 13:40:00+00:00,1.3757,1.3771,1.3726,1.3744,2873150.2
2026-02-13 13:45:00+00:00,1.3743,1.3748,1.3704,1.3741,3042548.0
2026-02-13 13:50:00+00:00,1.3741,1.3792,1.3741,1.3781,3007391.5
2026-02-13 13:55:00+00:00,1.3781,1.3801,1.3756,1.3756,3495408.4
2026-02-13 14:00:00+00:00,1.3757,1.3781,1.3716,1.3726,2958305.7
2026-02-13 14:05:00+00:00,1.3725,1.3731,1.3698,1.3712,2351732.8
2026-02-13 14:10:00+00:00,1.3711,1.3725,1.3671,1.3679,3329562.2
2026-02-13 14:15:00+00:00,1.3679,1.374,1.3678,1.3735,3033129.8
2026-02-13 14:20:00+00:00,1.3734,1.3736,1.3714,1.3726,1570352.9
2026-02-13 14:25:00+00:00,1.3726,1.3788,1.3724,1.3782,5080485.1
2026-02-13 14:30:00+00:00,1.3781,1.3884,1.377,1.3868,14107745.4
2026-02-13 14:35:00+00:00,1.3867,1.3883,1.3801,1.3821,8730856.4
2026-02-13 14:40:00+00:00,1.3821,1.3822,1.3725,1.3811,9921051.0
2026-02-13 14:45:00+00:00,1.3812,1.3937,1.3812,1.3895,10008752.9
2026-02-13 14:50:00+00:00,1.3894,1.3908,1.3826,1.3833,4601566.5
2026-02-13 14:55:00+00:00,1.3833,1.3876,1.3825,1.3845,3679893.6
2026-02-13 15:00:00+00:00,1.3845,1.3896,1.3835,1.3842,5367417.4
2026-02-13 15:05:00+00:00,1.3843,1.3963,1.3797,1.3963,11333210.6
2026-02-13 15:10:00+00:00,1.3963,1.4012,1.3931,1.3948,8490143.1
2026-02-13 15:15:00+00:00,1.3949,1.3996,1.3914,1.3932,5888551.6
2026-02-13 15:20:00+00:00,1.3932,1.3947,1.3902,1.3945,5314208.9
2026-02-13 15:25:00+00:00,1.3945,1.4066,1.3939,1.4044,14304510.3
2026-02-13 15:30:00+00:00,1.4045,1.4155,1.4045,1.4122,15108339.4
2026-02-13 15:35:00+00:00,1.4122,1.4211,1.4087,1.4125,14784471.1
2026-02-13 15:40:00+00:00,1.4124,1.4147,1.4073,1.4081,5427739.7
2026-02-13 15:45:00+00:00,1.4081,1.4087,1.4024,1.4042,6395970.1
2026-02-13 15:50:00+00:00,1.4043,1.4085,1.4008,1.4039,5602472.4
2026-02-13 15:55:00+00:00,1.4039,1.4055,1.4001,1.4036,3614974.4
2026-02-13 16:00:00+00:00,1.4037,1.4055,1.3988,1.403,5050173.1
2026-02-13 16:05:00+00:00,1.403,1.4159,1.4019,1.4142,10098350.4
2026-02-13 16:10:00+00:00,1.4143,1.4174,1.4105,1.4164,4291003.2
2026-02-13 16:15:00+00:00,1.4164,1.419,1.4137,1.4145,5301960.8
2026-02-13 16:20:00+00:00,1.4145,1.4161,1.409,1.4116,3624042.9
2026-02-13 16:25:00+00:00,1.4116,1.4176,1.4103,1.4166,2706034.9
2026-02-13 16:30:00+00:00,1.4166,1.4283,1.415,1.4199,10092830.7
2026-02-13 16:35:00+00:00,1.42,1.4243,1.4192,1.4214,7012803.4
2026-02-13 16:40:00+00:00,1.4214,1.4224,1.4179,1.4199,2147688.7
2026-02-13 16:45:00+00:00,1.4199,1.4222,1.4165,1.4179,2837466.7
2026-02-13 16:50:00+00:00,1.418,1.4217,1.4179,1.4204,2099457.8
2026-02-13 16:55:00+00:00,1.4204,1.423,1.4148,1.416,2871255.5
2026-02-13 17:00:00+00:00,1.416,1.4161,1.4086,1.4102,4582006.7
2026-02-13 17:05:00+00:00,1.4101,1.4131,1.4067,1.4068,2967089.4
2026-02-13 17:10:00+00:00,1.4068,1.4144,1.4068,1.4137,2138310.7
2026-02-13 17:15:00+00:00,1.4137,1.4165,1.4112,1.4129,2544617.9
2026-02-13 17:20:00+00:00,1.413,1.4185,1.4124,1.4169,1732053.7
2026-02-13 17:25:00+00:00,1.4169,1.419,1.4144,1.4174,1172188.7
2026-02-13 17:30:00+00:00,1.4174,1.4208,1.417,1.418,1869855.7
2026-02-13 17:35:00+00:00,1.4179,1.4187,1.4155,1.4184,1067243.0
2026-02-13 17:40:00+00:00,1.4183,1.4208,1.4174,1.4181,1004863.6
2026-02-13 17:45:00+00:00,1.4181,1.4197,1.413,1.4147,2308311.6
2026-02-13 17:50:00+00:00,1.4147,1.4158,1.4118,1.4131,1319330.6
2026-02-13 17:55:00+00:00,1.4131,1.4153,1.4123,1.4139,801450.7
2026-02-13 18:00:00+00:00,1.414,1.4146,1.408,1.41,2481441.4
2026-02-13 18:05:00+00:00,1.41,1.412,1.4075,1.411,1735240.3
2026-02-13 18:10:00+00:00,1.4109,1.4134,1.4081,1.4081,1651389.2
2026-02-13 18:15:00+00:00,1.4081,1.41,1.4052,1.4067,2112089.6
2026-02-13 18:20:00+00:00,1.4067,1.4135,1.4067,1.4126,1417196.7
2026-02-13 18:25:00+00:00,1.4126,1.414,1.4103,1.4119,1140856.8
2026-02-13 18:30:00+00:00,1.4119,1.4157,1.4107,1.4143,1775062.6
2026-02-13 18:35:00+00:00,1.4143,1.4195,1.4134,1.4179,2020629.2
2026-02-13 18:40:00+00:00,1.4178,1.4187,1.414,1.4151,1394805.8
2026-02-13 18:45:00+00:00,1.4152,1.4197,1.4146,1.4148,2118258.6
2026-02-13 18:50:00+00:00,1.4148,1.418,1.4139,1.4167,1874690.2
2026-02-13 18:55:00+00:00,1.4167,1.4169,1.4138,1.4146,1096688.0
2026-02-13 19:00:00+00:00,1.4147,1.4165,1.4122,1.4128,1306951.4
2026-02-13 19:05:00+00:00,1.4129,1.4165,1.4129,1.4148,1065892.5
2026-02-13 19:10:00+00:00,1.4149,1.4173,1.4125,1.4148,1029835.8
2026-02-13 19:15:00+00:00,1.4148,1.4151,1.4121,1.415,1420906.3
2026-02-13 19:20:00+00:00,1.415,1.4187,1.4143,1.4171,1265686.3
2026-02-13 19:25:00+00:00,1.4171,1.4175,1.4096,1.4099,2618160.9
2026-02-13 19:30:00+00:00,1.4099,1.4111,1.4082,1.4091,1590813.7
2026-02-13 19:35:00+00:00,1.4092,1.4114,1.4083,1.4098,1523883.2
2026-02-13 19:40:00+00:00,1.4098,1.4104,1.4075,1.4092,1081881.8
2026-02-13 19:45:00+00:00,1.4092,1.4126,1.4092,1.4116,1176424.4
2026-02-13 19:50:00+00:00,1.4116,1.4137,1.4116,1.4127,663156.0
2026-02-13 19:55:00+00:00,1.4127,1.4139,1.4102,1.4104,1180578.9
2026-02-13 20:00:00+00:00,1.4105,1.411,1.4071,1.4071,1563075.6
2026-02-13 20:05:00+00:00,1.4072,1.4086,1.4059,1.406,1182669.1
2026-02-13 20:10:00+00:00,1.406,1.4093,1.4053,1.406,2253471.2
2026-02-13 20:15:00+00:00,1.4061,1.4093,1.4042,1.409,1626683.8
2026-02-13 20:20:00+00:00,1.409,1.4101,1.4081,1.4089,1081156.9
2026-02-13 20:25:00+00:00,1.409,1.4098,1.4072,1.4096,1001255.2
2026-02-13 20:30:00+00:00,1.4095,1.4107,1.4072,1.4077,1069461.3
2026-02-13 20:35:00+00:00,1.4077,1.4098,1.4053,1.4073,1144469.1
2026-02-13 20:40:00+00:00,1.4073,1.4092,1.4063,1.4082,928875.5
2026-02-13 20:45:00+00:00,1.4081,1.4133,1.4079,1.4131,1388609.7
2026-02-13 20:50:00+00:00,1.4131,1.4136,1.4115,1.4115,1478175.5
2026-02-13 20:55:00+00:00,1.4115,1.4139,1.41,1.4129,3026727.4
2026-02-13 21:00:00+00:00,1.413,1.416,1.4118,1.4149,1565222.5
2026-02-13 21:05:00+00:00,1.415,1.4158,1.4131,1.414,910613.8
2026-02-13 21:10:00+00:00,1.4139,1.4145,1.4124,1.4138,728512.1
2026-02-13 21:15:00+00:00,1.4138,1.4154,1.4129,1.4132,719300.5
2026-02-13 21:20:00+00:00,1.4132,1.4136,1.4115,1.4128,716416.9
2026-02-13 21:25:00+00:00,1.4128,1.4146,1.4125,1.4125,756589.0
2026-02-13 21:30:00+00:00,1.4126,1.4132,1.4106,1.4113,662909.4
2026-02-13 21:35:00+00:00,1.4114,1.4117,1.4076,1.4078,1093618.7
2026-02-13 21:40:00+00:00,1.4078,1.4091,1.4072,1.4091,1083181.2
2026-02-13 21:45:00+00:00,1.4091,1.4099,1.4069,1.4098,955997.4
2026-02-13 21:50:00+00:00,1.4098,1.4099,1.4063,1.4075,569460.9
2026-02-13 21:55:00+00:00,1.4075,1.4093,1.4068,1.4091,810632.8
2026-02-13 22:00:00+00:00,1.4091,1.4091,1.4056,1.4066,793213.5
2026-02-13 22:05:00+00:00,1.4066,1.4093,1.4064,1.4082,1133732.1
2026-02-13 22:10:00+00:00,1.4082,1.4093,1.4015,1.4018,2914810.1
2026-02-13 22:15:00+00:00,1.4018,1.403,1.3991,1.4009,2647013.1
2026-02-13 22:20:00+00:00,1.401,1.4039,1.4008,1.4027,977450.5
2026-02-13 22:25:00+00:00,1.4028,1.4037,1.4024,1.4033,675004.9
2026-02-13 22:30:00+00:00,1.4034,1.4041,1.3992,1.4009,1259203.9
2026-02-13 22:35:00+00:00,1.401,1.401,1.3974,1.399,2055122.6
2026-02-13 22:40:00+00:00,1.399,1.3997,1.3981,1.3993,1271563.5
2026-02-13 22:45:00+00:00,1.3994,1.4013,1.3987,1.4005,851140.2
2026-02-13 22:50:00+00:00,1.4005,1.4025,1.4003,1.4025,406328.6
2026-02-13 22:55:00+00:00,1.4025,1.4028,1.4003,1.4024,841375.2
2026-02-13 23:00:00+00:00,1.4025,1.4046,1.4014,1.4032,853286.4
2026-02-13 23:05:00+00:00,1.4032,1.404,1.4011,1.4034,1596736.0
2026-02-13 23:10:00+00:00,1.4035,1.4049,1.4034,1.4047,625574.4
2026-02-13 23:15:00+00:00,1.4048,1.4068,1.4019,1.4032,1022515.7
2026-02-13 23:20:00+00:00,1.4031,1.4037,1.4015,1.4016,365320.7
2026-02-13 23:25:00+00:00,1.4016,1.4031,1.4015,1.4023,605917.3
2026-02-13 23:30:00+00:00,1.4024,1.405,1.4023,1.4049,527756.7
2026-02-13 23:35:00+00:00,1.4048,1.4049,1.402,1.4029,955572.4
2026-02-13 23:40:00+00:00,1.4028,1.4044,1.4025,1.4043,809283.1
2026-02-13 23:45:00+00:00,1.4044,1.4074,1.4044,1.4066,1680909.2
2026-02-13 23:50:00+00:00,1.4066,1.407,1.4054,1.4064,732877.7
2026-02-13 23:55:00+00:00,1.4063,1.408,1.4058,1.4061,856563.5
2026-02-14 00:00:00+00:00,1.4061,1.4075,1.4045,1.4073,1231133.1
2026-02-14 00:05:00+00:00,1.4073,1.4085,1.4062,1.4075,1515737.4
2026-02-14 00:10:00+00:00,1.4075,1.4087,1.406,1.4087,1360840.2
2026-02-14 00:15:00+00:00,1.4087,1.4087,1.4066,1.408,1082693.2
2026-02-14 00:20:00+00:00,1.408,1.4085,1.4042,1.4058,1273583.1
2026-02-14 00:25:00+00:00,1.4058,1.4059,1.4044,1.4055,616488.0
2026-02-14 00:30:00+00:00,1.4055,1.4088,1.4052,1.4083,1150010.4
2026-02-14 00:35:00+00:00,1.4082,1.4108,1.4077,1.4101,1350007.3
2026-02-14 00:40:00+00:00,1.4102,1.4109,1.4089,1.4108,867707.7
2026-02-14 00:45:00+00:00,1.4108,1.4134,1.4101,1.4133,1898691.6
2026-02-14 00:50:00+00:00,1.4133,1.4161,1.4121,1.4154,2744260.0
2026-02-14 00:55:00+00:00,1.4155,1.4155,1.4127,1.4133,1823694.2
2026-02-14 01:00:00+00:00,1.4133,1.4133,1.4096,1.4116,1700631.8
2026-02-14 01:05:00+00:00,1.4115,1.4122,1.4102,1.4115,1000230.0
2026-02-14 01:10:00+00:00,1.4115,1.4136,1.4098,1.4135,1397282.7
2026-02-14 01:15:00+00:00,1.4135,1.4174,1.4132,1.4165,1970775.5
2026-02-14 01:20:00+00:00,1.4164,1.4171,1.4131,1.4132,964064.1
2026-02-14 01:25:00+00:00,1.4132,1.4162,1.413,1.4158,1005587.6
2026-02-14 01:30:00+00:00,1.4158,1.4161,1.4138,1.4157,990707.7
2026-02-14 01:35:00+00:00,1.4157,1.4175,1.4155,1.416,807613.6
2026-02-14 01:40:00+00:00,1.4159,1.4161,1.4144,1.4149,640437.3
2026-02-14 01:45:00+00:00,1.415,1.4156,1.4135,1.4135,963662.7
2026-02-14 01:50:00+00:00,1.4135,1.4143,1.4116,1.4119,964650.9
2026-02-14 01:55:00+00:00,1.412,1.4121,1.411,1.4114,980810.2
2026-02-14 02:00:00+00:00,1.4115,1.4131,1.4102,1.4122,1057588.4
2026-02-14 02:05:00+00:00,1.4122,1.4137,1.4118,1.413,972912.1
2026-02-14 02:10:00+00:00,1.413,1.4135,1.4125,1.4133,783311.9
2026-02-14 02:15:00+00:00,1.4133,1.414,1.4119,1.4131,611229.2
2026-02-14 02:20:00+00:00,1.4131,1.4131,1.4094,1.4094,1053458.9
2026-02-14 02:25:00+00:00,1.4094,1.4108,1.4094,1.4096,509081.4
2026-02-14 02:30:00+00:00,1.4096,1.4117,1.409,1.4111,584564.6
2026-02-14 02:35:00+00:00,1.4111,1.4124,1.4104,1.4116,684031.9
2026-02-14 02:40:00+00:00,1.4115,1.4123,1.4108,1.4123,1137484.8
2026-02-14 02:45:00+00:00,1.4124,1.4126,1.4112,1.4118,718781.8
2026-02-14 02:50:00+00:00,1.4117,1.4119,1.4101,1.4112,461362.7
2026-02-14 02:55:00+00:00,1.4113,1.4118,1.41,1.4101,668002.4
2026-02-14 03:00:00+00:00,1.4101,1.4123,1.4095,1.4122,832777.1
2026-02-14 03:05:00+00:00,1.4122,1.4154,1.412,1.4149,889355.5
2026-02-14 03:10:00+00:00,1.415,1.4161,1.4141,1.4142,1124650.3
2026-02-14 03:15:00+00:00,1.4142,1.4145,1.4124,1.4143,728134.5
2026-02-14 03:20:00+00:00,1.4143,1.4144,1.4121,1.4131,459107.3
2026-02-14 03:25:00+00:00,1.4131,1.4144,1.4129,1.4135,792274.5
2026-02-14 03:30:00+00:00,1.4135,1.4162,1.4133,1.416,657194.9
2026-02-14 03:35:00+00:00,1.416,1.4172,1.4146,1.415,799040.4
2026-02-14 03:40:00+00:00,1.415,1.4154,1.4137,1.414,536526.4
2026-02-14 03:45:00+00:00,1.414,1.4146,1.4135,1.4145,458024.9
2026-02-14 03:50:00+00:00,1.4144,1.4157,1.4141,1.4149,274558.7
2026-02-14 03:55:00+00:00,1.4148,1.4164,1.4148,1.4156,531083.7
2026-02-14 04:00:00+00:00,1.4156,1.4156,1.4133,1.4137,658716.6
2026-02-14 04:05:00+00:00,1.4136,1.4157,1.4135,1.4147,508289.9
2026-02-14 04:10:00+00:00,1.4148,1.4153,1.4141,1.4145,409665.9
2026-02-14 04:15:00+00:00,1.4146,1.4172,1.4141,1.4165,726085.5
2026-02-14 04:20:00+00:00,1.4165,1.4178,1.4147,1.4154,982512.5
2026-02-14 04:25:00+00:00,1.4155,1.4189,1.4154,1.4183,996655.4
2026-02-14 04:30:00+00:00,1.4184,1.4184,1.4158,1.4158,789950.7
2026-02-14 04:35:00+00:00,1.4159,1.4166,1.4152,1.4158,607317.1
2026-02-14 04:40:00+00:00,1.4158,1.4174,1.4155,1.4164,902734.3
2026-02-14 04:45:00+00:00,1.4164,1.4165,1.4143,1.4147,433920.1
2026-02-14 04:50:00+00:00,1.4147,1.4147,1.4125,1.4126,569895.0
2026-02-14 04:55:00+00:00,1.4126,1.4135,1.4118,1.4122,697707.3
2026-02-14 05:00:00+00:00,1.4121,1.4121,1.4097,1.411,1258926.6
2026-02-14 05:05:00+00:00,1.4111,1.4118,1.4104,1.4104,621929.9
2026-02-14 05:10:00+00:00,1.4105,1.4128,1.4104,1.4122,543367.0
2026-02-14 05:15:00+00:00,1.4122,1.4143,1.4119,1.4134,853942.7
2026-02-14 05:20:00+00:00,1.4134,1.415,1.413,1.4146,434228.6
2026-02-14 05:25:00+00:00,1.4147,1.4147,1.4135,1.4135,345468.9
2026-02-14 05:30:00+00:00,1.4136,1.414,1.4112,1.4122,773585.1
2026-02-14 05:35:00+00:00,1.4122,1.4122,1.4088,1.4091,1042814.2
2026-02-14 05:40:00+00:00,1.4091,1.4093,1.4085,1.4086,740004.6
2026-02-14 05:45:00+00:00,1.4087,1.4102,1.4084,1.4098,745883.5
2026-02-14 05:50:00+00:00,1.4098,1.4103,1.4077,1.4082,1024503.9
2026-02-14 05:55:00+00:00,1.4082,1.4084,1.4071,1.4075,861040.6
2026-02-14 06:00:00+00:00,1.4075,1.4098,1.4068,1.4097,865316.1
2026-02-14 06:05:00+00:00,1.4098,1.4106,1.4071,1.4076,739553.7
2026-02-14 06:10:00+00:00,1.4076,1.4092,1.4074,1.4084,414905.2
2026-02-14 06:15:00+00:00,1.4085,1.4097,1.408,1.4096,550176.4
2026-02-14 06:20:00+00:00,1.4095,1.4105,1.4087,1.4094,570252.3
2026-02-14 06:25:00+00:00,1.4093,1.4109,1.4093,1.4108,349188.7
2026-02-14 06:30:00+00:00,1.4108,1.4126,1.4107,1.4122,758498.4
2026-02-14 06:35:00+00:00,1.4122,1.4138,1.4114,1.4136,934035.6
2026-02-14 06:40:00+00:00,1.4136,1.4137,1.4123,1.4128,410629.6
2026-02-14 06:45:00+00:00,1.4129,1.4133,1.4121,1.4133,251457.8
2026-02-14 06:50:00+00:00,1.4133,1.4143,1.4132,1.4134,471315.1
2026-02-14 06:55:00+00:00,1.4134,1.4142,1.4128,1.4138,378184.8
2026-02-14 07:00:00+00:00,1.4139,1.4144,1.4132,1.4139,497311.8
2026-02-14 07:05:00+00:00,1.4139,1.414,1.4128,1.4129,702793.5
2026-02-14 07:10:00+00:00,1.4129,1.4141,1.4127,1.4141,420723.2
2026-02-14 07:15:00+00:00,1.4141,1.4145,1.4126,1.4126,1174570.7
2026-02-14 07:20:00+00:00,1.4126,1.4133,1.4113,1.4131,642158.5
2026-02-14 07:25:00+00:00,1.4131,1.4135,1.4125,1.4134,282998.8
2026-02-14 07:30:00+00:00,1.4134,1.416,1.4133,1.4151,774148.9
2026-02-14 07:35:00+00:00,1.415,1.415,1.4135,1.4136,397305.2
2026-02-14 07:40:00+00:00,1.4136,1.4178,1.4135,1.4174,1016144.8
2026-02-14 07:45:00+00:00,1.4173,1.4185,1.4166,1.4185,1173574.9
2026-02-14 07:50:00+00:00,1.4185,1.4222,1.4182,1.4209,3675129.8
2026-02-14 07:55:00+00:00,1.4209,1.4247,1.4196,1.4215,2773610.7
2026-02-14 08:00:00+00:00,1.4216,1.425,1.4207,1.425,2817390.6
2026-02-14 08:05:00+00:00,1.4249,1.4326,1.4232,1.4288,9216722.1
2026-02-14 08:10:00+00:00,1.4289,1.4356,1.428,1.4335,6948192.0
2026-02-14 08:15:00+00:00,1.4335,1.435,1.4306,1.4347,2774921.7
2026-02-14 08:20:00+00:00,1.4348,1.4348,1.4286,1.4318,2629868.2
2026-02-14 08:25:00+00:00,1.4318,1.4333,1.4292,1.4298,1369898.9
2026-02-14 08:30:00+00:00,1.4298,1.4355,1.4293,1.4349,2306205.0
2026-02-14 08:35:00+00:00,1.4348,1.4422,1.4347,1.4418,5493985.3
2026-02-14 08:40:00+00:00,1.4418,1.4433,1.4392,1.4395,3997075.5
2026-02-14 08:45:00+00:00,1.4396,1.445,1.4395,1.442,3891834.3
2026-02-14 08:50:00+00:00,1.442,1.4445,1.4393,1.4443,2813013.9
2026-02-14 08:55:00+00:00,1.4442,1.4481,1.4437,1.4458,3933740.4
2026-02-14 09:00:00+00:00,1.4458,1.4505,1.4458,1.4499,4923011.5
2026-02-14 09:05:00+00:00,1.4499,1.45,1.4454,1.4478,4676772.3
2026-02-14 09:10:00+00:00,1.4477,1.4529,1.4452,1.4495,6077518.4
2026-02-14 09:15:00+00:00,1.4495,1.455,1.4468,1.4545,3697769.8
2026-02-14 09:20:00+00:00,1.4545,1.4564,1.4498,1.4502,4229912.8
2026-02-14 09:25:00+00:00,1.4502,1.4529,1.449,1.4521,3125920.8
2026-02-14 09:30:00+00:00,1.452,1.4543,1.4497,1.4525,3436796.5
2026-02-14 09:35:00+00:00,1.4525,1.4599,1.4524,1.4589,5010446.1
2026-02-14 09:40:00+00:00,1.459,1.4604,1.4552,1.4552,3069662.6
2026-02-14 09:45:00+00:00,1.4553,1.456,1.4517,1.4519,3056186.8
2026-02-14 09:50:00+00:00,1.4518,1.4522,1.4494,1.4521,3569002.2
2026-02-14 09:55:00+00:00,1.4522,1.4539,1.4508,1.4509,1339401.1
2026-02-14 10:00:00+00:00,1.4509,1.451,1.4441,1.4461,5395724.3
2026-02-14 10:05:00+00:00,1.446,1.4475,1.4449,1.4473,2344360.5
2026-02-14 10:10:00+00:00,1.4474,1.4487,1.4473,1.4483,993689.2
2026-02-14 10:15:00+00:00,1.4483,1.4484,1.4455,1.4455,1890047.4
2026-02-14 10:20:00+00:00,1.4455,1.4455,1.4426,1.4446,2019633.3
2026-02-14 10:25:00+00:00,1.4446,1.4452,1.4431,1.4447,1518810.3
2026-02-14 10:30:00+00:00,1.4446,1.4462,1.443,1.4434,1392143.0
2026-02-14 10:35:00+00:00,1.4433,1.446,1.4433,1.4449,954740.4
2026-02-14 10:40:00+00:00,1.445,1.4451,1.4433,1.4436,860729.0
2026-02-14 10:45:00+00:00,1.4436,1.4445,1.4428,1.4429,1630313.2
2026-02-14 10:50:00+00:00,1.4429,1.4442,1.4401,1.4427,2725118.8
2026-02-14 10:55:00+00:00,1.4427,1.4468,1.4426,1.4463,1562235.7
2026-02-14 11:00:00+00:00,1.4464,1.4478,1.4458,1.4474,1590736.0
2026-02-14 11:05:00+00:00,1.4474,1.4491,1.4473,1.4491,1494458.2
2026-02-14 11:10:00+00:00,1.4491,1.4565,1.449,1.456,6197655.9
2026-02-14 11:15:00+00:00,1.4559,1.4568,1.4525,1.4549,2701309.6
2026-02-14 11:20:00+00:00,1.4549,1.4716,1.4548,1.469,14602907.3
2026-02-14 11:25:00+00:00,1.469,1.4698,1.4642,1.4668,4284967.9
2026-02-14 11:30:00+00:00,1.4669,1.4672,1.462,1.4628,3751056.3
2026-02-14 11:35:00+00:00,1.4627,1.4662,1.4606,1.4616,6011810.1
2026-02-14 11:40:00+00:00,1.4616,1.4648,1.4611,1.4644,2336443.0
2026-02-14 11:45:00+00:00,1.4644,1.4663,1.4627,1.4636,2061517.7
2026-02-14 11:50:00+00:00,1.4635,1.4679,1.4631,1.4668,4253995.6
2026-02-14 11:55:00+00:00,1.4667,1.4726,1.4657,1.4703,7639311.8
2026-02-14 12:00:00+00:00,1.4704,1.4761,1.4693,1.4749,7299115.1
2026-02-14 12:05:00+00:00,1.4749,1.4759,1.471,1.473,4420573.0
2026-02-14 12:10:00+00:00,1.473,1.4737,1.4663,1.4714,4816032.0
2026-02-14 12:15:00+00:00,1.4713,1.4714,1.4664,1.4677,3078701.4
2026-02-14 12:20:00+00:00,1.4677,1.475,1.4677,1.4722,2254300.8
2026-02-14 12:25:00+00:00,1.4723,1.4731,1.4676,1.4693,2775272.0
2026-02-14 12:30:00+00:00,1.4693,1.4706,1.4683,1.469,1536585.7
2026-02-14 12:35:00+00:00,1.469,1.4697,1.4613,1.4646,5305543.0
2026-02-14 12:40:00+00:00,1.4645,1.4665,1.4631,1.4636,2388199.6
2026-02-14 12:45:00+00:00,1.4636,1.4662,1.4612,1.4627,5788336.6
2026-02-14 12:50:00+00:00,1.4628,1.4651,1.46,1.4627,4507986.1
2026-02-14 12:55:00+00:00,1.4626,1.4665,1.4622,1.4637,2773084.7
2026-02-14 13:00:00+00:00,1.4636,1.4666,1.46,1.4616,4083252.9
2026-02-14 13:05:00+00:00,1.4616,1.4683,1.4615,1.4682,2370296.5
2026-02-14 13:10:00+00:00,1.4682,1.4686,1.4651,1.4683,1795356.4
2026-02-14 13:15:00+00:00,1.4683,1.4688,1.4565,1.4577,4793082.3
2026-02-14 13:20:00+00:00,1.4577,1.4591,1.4526,1.4556,6169497.9
2026-02-14 13:25:00+00:00,1.4556,1.4567,1.4514,1.4527,2853864.5
2026-02-14 13:30:00+00:00,1.4528,1.4571,1.4508,1.4565,4022953.4
2026-02-14 13:35:00+00:00,1.4565,1.4585,1.4552,1.4554,2036416.7
2026-02-14 13:40:00+00:00,1.4555,1.4567,1.4531,1.4549,1900287.6
2026-02-14 13:45:00+00:00,1.4549,1.4603,1.454,1.4592,2517161.2
2026-02-14 13:50:00+00:00,1.4591,1.4612,1.454,1.4541,3784550.3
2026-02-14 13:55:00+00:00,1.4541,1.4565,1.4534,1.4564,1026384.1
2026-02-14 14:00:00+00:00,1.4564,1.4587,1.4544,1.4582,1265149.5
2026-02-14 14:05:00+00:00,1.4583,1.4589,1.4554,1.4566,1318686.6
2026-02-14 14:10:00+00:00,1.4566,1.4585,1.4555,1.4562,3038298.0
2026-02-14 14:15:00+00:00,1.4563,1.4597,1.4563,1.4576,1190968.4
2026-02-14 14:20:00+00:00,1.4575,1.4627,1.4575,1.4593,4478351.3
2026-02-14 14:25:00+00:00,1.4594,1.4608,1.4589,1.4607,890389.7
2026-02-14 14:30:00+00:00,1.4607,1.4654,1.4606,1.4631,2757489.6
2026-02-14 14:35:00+00:00,1.4631,1.4653,1.4614,1.463,1415519.9
2026-02-14 14:40:00+00:00,1.463,1.4635,1.4599,1.4619,1025978.9
2026-02-14 14:45:00+00:00,1.4618,1.4653,1.4608,1.4639,860067.6
2026-02-14 14:50:00+00:00,1.4639,1.47,1.4639,1.4682,3122794.3
2026-02-14 14:55:00+00:00,1.4682,1.4738,1.4679,1.4702,3479113.2
2026-02-14 15:00:00+00:00,1.4701,1.4715,1.4683,1.4695,2669975.2
2026-02-14 15:05:00+00:00,1.4696,1.4713,1.4668,1.4686,2366579.8
2026-02-14 15:10:00+00:00,1.4686,1.4686,1.4656,1.4657,1332865.6
2026-02-14 15:15:00+00:00,1.4658,1.47,1.4647,1.4692,2349732.5
2026-02-14 15:20:00+00:00,1.4692,1.471,1.4675,1.4699,1647690.7
2026-02-14 15:25:00+00:00,1.4699,1.4726,1.4683,1.4691,1558014.3
2026-02-14 15:30:00+00:00,1.4691,1.4695,1.4649,1.4693,1410158.8
2026-02-14 15:35:00+00:00,1.4692,1.4704,1.4653,1.4664,1896409.0
2026-02-14 15:40:00+00:00,1.4663,1.467,1.4633,1.4657,2499273.3
2026-02-14 15:45:00+00:00,1.4657,1.4668,1.4646,1.4662,1332607.2
2026-02-14 15:50:00+00:00,1.4661,1.4679,1.4647,1.4655,2097763.0
2026-02-14 15:55:00+00:00,1.4655,1.4694,1.4651,1.4681,1428963.1
2026-02-14 16:00:00+00:00,1.4682,1.4686,1.4629,1.464,2069048.5
2026-02-14 16:05:00+00:00,1.4639,1.4639,1.4606,1.4609,3366960.9
2026-02-14 16:10:00+00:00,1.4609,1.4635,1.4593,1.4605,2568780.6
2026-02-14 16:15:00+00:00,1.4605,1.4618,1.4586,1.4589,2435458.7
2026-02-14 16:20:00+00:00,1.4589,1.4595,1.4566,1.4575,2715882.6
2026-02-14 16:25:00+00:00,1.4576,1.4621,1.4575,1.4606,1875245.0
2026-02-14 16:30:00+00:00,1.4605,1.4626,1.4562,1.4615,3884337.9
2026-02-14 16:35:00+00:00,1.4615,1.4659,1.4594,1.4651,2998786.5
2026-02-14 16:40:00+00:00,1.4651,1.4687,1.4641,1.4673,2326476.7
2026-02-14 16:45:00+00:00,1.4674,1.4692,1.4649,1.468,1221807.4
2026-02-14 16:50:00+00:00,1.4681,1.473,1.4671,1.4722,2006733.6
2026-02-14 16:55:00+00:00,1.4722,1.4765,1.4717,1.474,5163229.3
2026-02-14 17:00:00+00:00,1.474,1.4742,1.4696,1.4702,2745823.8
2026-02-14 17:05:00+00:00,1.4702,1.4722,1.4672,1.4682,2034506.0
2026-02-14 17:10:00+00:00,1.4682,1.4733,1.4678,1.4709,1643354.6
2026-02-14 17:15:00+00:00,1.4709,1.4723,1.4689,1.4714,1420066.9
2026-02-14 17:20:00+00:00,1.4713,1.4788,1.471,1.4772,3834407.9
2026-02-14 17:25:00+00:00,1.4771,1.4791,1.4752,1.4767,2432931.5
2026-02-14 17:30:00+00:00,1.4767,1.4778,1.4746,1.4746,1402159.0
2026-02-14 17:35:00+00:00,1.4746,1.4749,1.4692,1.4731,3091718.5
2026-02-14 17:40:00+00:00,1.473,1.4755,1.4716,1.4748,1075620.9
2026-02-14 17:45:00+00:00,1.4749,1.4757,1.4712,1.4713,1300187.8
2026-02-14 17:50:00+00:00,1.4713,1.4729,1.4704,1.4716,902613.7
2026-02-14 17:55:00+00:00,1.4715,1.4727,1.4708,1.4725,653730.2
2026-02-14 18:00:00+00:00,1.4724,1.4724,1.4692,1.4706,1201789.3
2026-02-14 18:05:00+00:00,1.4706,1.4755,1.4698,1.4743,1950640.3
2026-02-14 18:10:00+00:00,1.4742,1.4776,1.4735,1.4752,1090777.6
2026-02-14 18:15:00+00:00,1.4751,1.4787,1.474,1.4778,1597011.4
2026-02-14 18:20:00+00:00,1.4779,1.4825,1.4762,1.4802,4863326.5
2026-02-14 18:25:00+00:00,1.4802,1.4812,1.4768,1.4803,1825970.4
2026-02-14 18:30:00+00:00,1.4802,1.4845,1.4787,1.4842,2617835.0
2026-02-14 18:35:00+00:00,1.4841,1.4857,1.4825,1.4841,2491058.3
2026-02-14 18:40:00+00:00,1.484,1.4899,1.4828,1.4868,5728237.2
2026-02-14 18:45:00+00:00,1.4868,1.4923,1.4863,1.4891,4990893.9
2026-02-14 18:50:00+00:00,1.489,1.4897,1.486,1.4873,2330314.5
2026-02-14 18:55:00+00:00,1.4873,1.4897,1.4866,1.4873,1929211.6
2026-02-14 19:00:00+00:00,1.4872,1.4883,1.4826,1.4881,2686462.9
2026-02-14 19:05:00+00:00,1.4881,1.4909,1.4852,1.4867,1819040.4
2026-02-14 19:10:00+00:00,1.4868,1.489,1.4868,1.4879,1396560.1
2026-02-14 19:15:00+00:00,1.4878,1.4938,1.4852,1.4928,2048421.9
2026-02-14 19:20:00+00:00,1.4927,1.4947,1.4903,1.4919,1861080.8
2026-02-14 19:25:00+00:00,1.4919,1.4948,1.4906,1.4939,1524408.1
2026-02-14 19:30:00+00:00,1.4939,1.499,1.4939,1.4978,4462232.7
2026-02-14 19:35:00+00:00,1.4978,1.4982,1.4944,1.4956,2236905.3
2026-02-14 19:40:00+00:00,1.4957,1.4957,1.493,1.4949,1545749.5
2026-02-14 19:45:00+00:00,1.4949,1.497,1.493,1.497,2852729.9
2026-02-14 19:50:00+00:00,1.4969,1.4994,1.4964,1.4981,2083702.6
2026-02-14 19:55:00+00:00,1.4982,1.4982,1.4947,1.497,1800912.8
2026-02-14 20:00:00+00:00,1.4969,1.5075,1.4967,1.5055,8290004.3
2026-02-14 20:05:00+00:00,1.5055,1.5064,1.4931,1.4941,4170885.7
2026-02-14 20:10:00+00:00,1.494,1.4945,1.4913,1.4924,3097321.1
2026-02-14 20:15:00+00:00,1.4924,1.498,1.4923,1.4927,2169925.5
2026-02-14 20:20:00+00:00,1.4927,1.4963,1.4892,1.493,3601773.7
2026-02-14 20:25:00+00:00,1.493,1.4958,1.491,1.4918,2024611.4
2026-02-14 20:30:00+00:00,1.4918,1.4928,1.4869,1.4901,2136987.1
2026-02-14 20:35:00+00:00,1.4902,1.4911,1.4867,1.4904,1409051.2
2026-02-14 20:40:00+00:00,1.4904,1.4948,1.4892,1.4933,1819661.2
2026-02-14 20:45:00+00:00,1.4933,1.4961,1.4932,1.4959,1836263.6
2026-02-14 20:50:00+00:00,1.4959,1.4959,1.4919,1.4936,1360628.6
2026-02-14 20:55:00+00:00,1.4936,1.4956,1.4915,1.4941,1687447.4
2026-02-14 21:00:00+00:00,1.4941,1.499,1.4929,1.4954,2994188.3
2026-02-14 21:05:00+00:00,1.4954,1.5017,1.4947,1.5015,3856041.6
2026-02-14 21:10:00+00:00,1.5015,1.5023,1.4974,1.5006,1964608.7
2026-02-14 21:15:00+00:00,1.5006,1.5024,1.4978,1.5022,2245059.7
2026-02-14 21:20:00+00:00,1.5023,1.5036,1.4948,1.4949,3371875.3
2026-02-14 21:25:00+00:00,1.4949,1.4963,1.4921,1.493,2652334.7
2026-02-14 21:30:00+00:00,1.4929,1.4967,1.4921,1.4943,2654448.1
2026-02-14 21:35:00+00:00,1.4943,1.4943,1.4879,1.4918,3562556.8
2026-02-14 21:40:00+00:00,1.4917,1.4982,1.49,1.4979,1736379.3
2026-02-14 21:45:00+00:00,1.498,1.4992,1.4953,1.496,1454293.3
2026-02-14 21:50:00+00:00,1.496,1.4986,1.4949,1.498,843070.3
2026-02-14 21:55:00+00:00,1.4979,1.4979,1.4953,1.4966,736169.3
2026-02-14 22:00:00+00:00,1.4965,1.4965,1.4925,1.4936,1057366.8
2026-02-14 22:05:00+00:00,1.4936,1.4984,1.4925,1.4971,1604231.5
2026-02-14 22:10:00+00:00,1.4971,1.5025,1.4962,1.5007,1807862.6
2026-02-14 22:15:00+00:00,1.5006,1.501,1.4976,1.4988,1362574.6
2026-02-14 22:20:00+00:00,1.4989,1.501,1.4938,1.4973,1622276.5
2026-02-14 22:25:00+00:00,1.4974,1.499,1.4956,1.4956,894068.5
2026-02-14 22:30:00+00:00,1.4956,1.4994,1.4952,1.4977,1122963.7
2026-02-14 22:35:00+00:00,1.4977,1.5012,1.4977,1.5012,959424.1
2026-02-14 22:40:00+00:00,1.5012,1.5019,1.4979,1.4996,1117067.2
2026-02-14 22:45:00+00:00,1.4996,1.5032,1.4986,1.5002,1219606.4
2026-02-14 22:50:00+00:00,1.5001,1.5042,1.4992,1.5016,970925.3
2026-02-14 22:55:00+00:00,1.5016,1.5016,1.4989,1.4997,915959.6
2026-02-14 23:00:00+00:00,1.4997,1.5026,1.4979,1.4991,1151055.9
2026-02-14 23:05:00+00:00,1.4992,1.5054,1.4992,1.5026,1804385.2
2026-02-14 23:10:00+00:00,1.5026,1.5046,1.4998,1.5039,1679327.2
2026-02-14 23:15:00+00:00,1.5039,1.5127,1.5023,1.5041,6326249.0
2026-02-14 23:20:00+00:00,1.5041,1.5054,1.4992,1.5015,2580565.4
2026-02-14 23:25:00+00:00,1.5015,1.5057,1.5004,1.5055,1625259.8
2026-02-14 23:30:00+00:00,1.5056,1.5112,1.5045,1.5062,2836769.7
2026-02-14 23:35:00+00:00,1.5061,1.5122,1.502,1.5116,2177901.3
2026-02-14 23:40:00+00:00,1.5115,1.5116,1.508,1.5085,1922393.3
2026-02-14 23:45:00+00:00,1.5084,1.513,1.5063,1.5098,3028337.5
2026-02-14 23:50:00+00:00,1.5098,1.5117,1.5065,1.507,2100151.4
2026-02-14 23:55:00+00:00,1.5069,1.5109,1.5055,1.5082,1584062.3
2026-02-15 00:00:00+00:00,1.5082,1.512,1.5048,1.5118,4389984.7
2026-02-15 00:05:00+00:00,1.5117,1.5123,1.508,1.509,3782205.4
2026-02-15 00:10:00+00:00,1.5089,1.5144,1.5053,1.5065,3795906.1
2026-02-15 00:15:00+00:00,1.5065,1.5208,1.505,1.5197,6485619.7
2026-02-15 00:20:00+00:00,1.5197,1.5251,1.5153,1.5214,7261040.8
2026-02-15 00:25:00+00:00,1.5214,1.522,1.5171,1.5189,2047079.4
2026-02-15 00:30:00+00:00,1.5188,1.531,1.5178,1.5299,6767680.7
2026-02-15 00:35:00+00:00,1.5298,1.5314,1.5241,1.5251,5041726.9
2026-02-15 00:40:00+00:00,1.525,1.5263,1.5166,1.517,4698068.6
2026-02-15 00:45:00+00:00,1.5169,1.5209,1.5133,1.5204,4769055.9
2026-02-15 00:50:00+00:00,1.5203,1.5248,1.5153,1.5218,3020799.0
2026-02-15 00:55:00+00:00,1.5219,1.5257,1.519,1.5203,3085108.9
2026-02-15 01:00:00+00:00,1.5203,1.5285,1.519,1.5279,3451674.3
2026-02-15 01:05:00+00:00,1.5278,1.5432,1.5278,1.542,12383410.1
2026-02-15 01:10:00+00:00,1.542,1.5424,1.5273,1.5314,7933846.5
2026-02-15 01:15:00+00:00,1.5313,1.5381,1.531,1.5328,4170314.1
2026-02-15 01:20:00+00:00,1.5328,1.533,1.5183,1.5233,6764340.4
2026-02-15 01:25:00+00:00,1.5233,1.5286,1.5206,1.5228,4585425.6
2026-02-15 01:30:00+00:00,1.5228,1.528,1.5203,1.5224,4039585.5
2026-02-15 01:35:00+00:00,1.5225,1.5232,1.5138,1.5209,5638842.9
2026-02-15 01:40:00+00:00,1.5208,1.5271,1.5164,1.519,4364573.4
2026-02-15 01:45:00+00:00,1.5189,1.5199,1.5163,1.5188,1841726.2
2026-02-15 01:50:00+00:00,1.5188,1.5276,1.5185,1.5246,2508569.7
2026-02-15 01:55:00+00:00,1.5247,1.5287,1.5241,1.5273,2159645.0
2026-02-15 02:00:00+00:00,1.5272,1.53,1.5249,1.5298,3055370.2
2026-02-15 02:05:00+00:00,1.5297,1.5347,1.523,1.5253,5022308.9
2026-02-15 02:10:00+00:00,1.5252,1.5269,1.5207,1.5258,2628003.4
2026-02-15 02:15:00+00:00,1.5259,1.53,1.524,1.5282,1913142.9
2026-02-15 02:20:00+00:00,1.5282,1.5305,1.5212,1.5227,2422123.8
2026-02-15 02:25:00+00:00,1.5227,1.5298,1.5212,1.5247,2066029.3
2026-02-15 02:30:00+00:00,1.5247,1.5261,1.5154,1.5218,3759306.6
2026-02-15 02:35:00+00:00,1.5217,1.5297,1.5168,1.5283,2793628.9
2026-02-15 02:40:00+00:00,1.5283,1.5332,1.5273,1.5285,4319455.5
2026-02-15 02:45:00+00:00,1.5284,1.5299,1.5211,1.5223,1623405.9
2026-02-15 02:50:00+00:00,1.5223,1.527,1.5216,1.5263,1502321.7
2026-02-15 02:55:00+00:00,1.5263,1.5304,1.5263,1.5268,2111996.9
2026-02-15 03:00:00+00:00,1.5269,1.5313,1.5266,1.5298,1292129.1
2026-02-15 03:05:00+00:00,1.5298,1.5331,1.5282,1.5325,2195676.8
2026-02-15 03:10:00+00:00,1.5324,1.5333,1.5282,1.5284,1717365.0
2026-02-15 03:15:00+00:00,1.5284,1.531,1.5271,1.53,1151273.7
2026-02-15 03:20:00+00:00,1.53,1.5302,1.5234,1.5239,1348155.9
2026-02-15 03:25:00+00:00,1.5238,1.5248,1.5196,1.5202,1983386.6
2026-02-15 03:30:00+00:00,1.5202,1.5225,1.5152,1.5154,5373283.4
2026-02-15 03:35:00+00:00,1.5153,1.5164,1.5053,1.5098,13635296.9
2026-02-15 03:40:00+00:00,1.5097,1.5131,1.508,1.5114,3961242.6
2026-02-15 03:45:00+00:00,1.5114,1.5262,1.5114,1.5215,6719465.9
2026-02-15 03:50:00+00:00,1.5216,1.5268,1.5206,1.5259,2102004.9
2026-02-15 03:55:00+00:00,1.5259,1.5293,1.5253,1.526,2437492.2
2026-02-15 04:00:00+00:00,1.5259,1.5327,1.5249,1.5264,3528540.3
2026-02-15 04:05:00+00:00,1.5265,1.5346,1.5241,1.5323,4350665.1
2026-02-15 04:10:00+00:00,1.5324,1.5399,1.5319,1.5373,4743910.1
2026-02-15 04:15:00+00:00,1.5374,1.5496,1.5369,1.5423,9168710.3
2026-02-15 04:20:00+00:00,1.5424,1.5436,1.5351,1.5354,3580014.1
2026-02-15 04:25:00+00:00,1.5354,1.539,1.5337,1.5356,3058226.1
2026-02-15 04:30:00+00:00,1.5356,1.5519,1.5346,1.5477,7143017.3
2026-02-15 04:35:00+00:00,1.5476,1.55,1.5444,1.5459,3650435.0
2026-02-15 04:40:00+00:00,1.5459,1.5483,1.5442,1.5466,1405881.4
2026-02-15 04:45:00+00:00,1.5467,1.5589,1.5461,1.5569,6162228.2
2026-02-15 04:50:00+00:00,1.557,1.5572,1.5418,1.5445,12641910.0
2026-02-15 04:55:00+00:00,1.5445,1.5449,1.5373,1.5446,7390911.0
2026-02-15 05:00:00+00:00,1.5446,1.5531,1.544,1.5481,4442400.3
2026-02-15 05:05:00+00:00,1.5481,1.5541,1.5467,1.5532,2661493.0
2026-02-15 05:10:00+00:00,1.5533,1.5536,1.5501,1.5516,1751194.4
2026-02-15 05:15:00+00:00,1.5516,1.5586,1.5499,1.5558,3877586.2
2026-02-15 05:20:00+00:00,1.5558,1.5579,1.5518,1.5559,3874772.1
2026-02-15 05:25:00+00:00,1.5558,1.5625,1.5542,1.5593,4725295.6
2026-02-15 05:30:00+00:00,1.5593,1.575,1.5563,1.5722,11450298.6
2026-02-15 05:35:00+00:00,1.5721,1.5723,1.5644,1.569,5474343.9
2026-02-15 05:40:00+00:00,1.5689,1.5822,1.568,1.5807,10460015.0
2026-02-15 05:45:00+00:00,1.5807,1.5838,1.575,1.5805,6151279.1
2026-02-15 05:50:00+00:00,1.5806,1.5885,1.579,1.5831,6533338.8
2026-02-15 05:55:00+00:00,1.5832,1.5852,1.5808,1.582,3686378.0
2026-02-15 06:00:00+00:00,1.5819,1.5831,1.5757,1.5772,4026673.8
2026-02-15 06:05:00+00:00,1.5772,1.5798,1.5741,1.5741,3492189.5
2026-02-15 06:10:00+00:00,1.574,1.5752,1.5713,1.5743,5155250.6
2026-02-15 06:15:00+00:00,1.5742,1.5845,1.5716,1.5828,6283149.2
2026-02-15 06:20:00+00:00,1.5828,1.5828,1.5784,1.5808,2832871.3
2026-02-15 06:25:00+00:00,1.5809,1.5877,1.5792,1.5805,3275068.1
2026-02-15 06:30:00+00:00,1.5805,1.5834,1.578,1.579,2111857.2
2026-02-15 06:35:00+00:00,1.5791,1.5828,1.5785,1.5786,2587290.5
2026-02-15 06:40:00+00:00,1.5785,1.5819,1.5753,1.5772,1746755.1
2026-02-15 06:45:00+00:00,1.5771,1.5794,1.5732,1.5742,2080026.7
2026-02-15 06:50:00+00:00,1.5742,1.5811,1.5736,1.5809,1644804.2
2026-02-15 06:55:00+00:00,1.5809,1.5827,1.5777,1.5783,1213598.3
2026-02-15 07:00:00+00:00,1.5783,1.5818,1.5744,1.5817,1809996.4
2026-02-15 07:05:00+00:00,1.5817,1.5854,1.5809,1.5827,2547665.9
2026-02-15 07:10:00+00:00,1.5827,1.5929,1.582,1.591,6145639.3
2026-02-15 07:15:00+00:00,1.591,1.5996,1.5898,1.5943,9594056.6
2026-02-15 07:20:00+00:00,1.5943,1.6016,1.5924,1.5976,7043597.5
2026-02-15 07:25:00+00:00,1.5976,1.5992,1.5939,1.5954,2727005.5
2026-02-15 07:30:00+00:00,1.5954,1.603,1.5932,1.6021,4250613.3
2026-02-15 07:35:00+00:00,1.6021,1.6202,1.6021,1.6172,12420930.2
2026-02-15 07:40:00+00:00,1.6171,1.6249,1.6146,1.6198,12590561.6
2026-02-15 07:45:00+00:00,1.6197,1.6236,1.6154,1.62,5735803.6
2026-02-15 07:50:00+00:00,1.62,1.6345,1.62,1.6293,12739641.5
2026-02-15 07:55:00+00:00,1.6293,1.6487,1.6293,1.6482,13411934.5
2026-02-15 08:00:00+00:00,1.6481,1.6608,1.6416,1.6465,24752666.7
2026-02-15 08:05:00+00:00,1.6464,1.6577,1.6455,1.6473,14456219.6
2026-02-15 08:10:00+00:00,1.6472,1.6508,1.6417,1.6442,11714495.6
2026-02-15 08:15:00+00:00,1.6442,1.6545,1.6435,1.6544,7613769.5
2026-02-15 08:20:00+00:00,1.6545,1.6671,1.6501,1.6597,13606652.4
2026-02-15 08:25:00+00:00,1.6598,1.6693,1.6473,1.6499,17126847.3
2026-02-15 08:30:00+00:00,1.65,1.6579,1.6237,1.6265,26440015.4
2026-02-15 08:35:00+00:00,1.6264,1.6315,1.6143,1.6194,26459989.8
2026-02-15 08:40:00+00:00,1.6193,1.627,1.6193,1.6236,6905781.0
2026-02-15 08:45:00+00:00,1.6236,1.626,1.617,1.6233,10493106.5
2026-02-15 08:50:00+00:00,1.6233,1.6235,1.6165,1.6174,6910679.2
2026-02-15 08:55:00+00:00,1.6173,1.618,1.6111,1.6152,8205190.7
2026-02-15 09:00:00+00:00,1.6152,1.62,1.6101,1.6141,7319417.5
2026-02-15 09:05:00+00:00,1.6142,1.6216,1.6062,1.6197,8921045.8
2026-02-15 09:10:00+00:00,1.6197,1.6207,1.6124,1.6146,3517291.3
2026-02-15 09:15:00+00:00,1.6146,1.6183,1.6105,1.6114,3456022.0
2026-02-15 09:20:00+00:00,1.6113,1.6181,1.6094,1.615,5120226.0
2026-02-15 09:25:00+00:00,1.6149,1.6152,1.611,1.615,1808329.3
2026-02-15 09:30:00+00:00,1.6149,1.6174,1.61,1.6172,3026912.3
2026-02-15 09:35:00+00:00,1.6172,1.6224,1.611,1.6116,4787327.0
2026-02-15 09:40:00+00:00,1.6115,1.6131,1.6033,1.6074,6638638.8
2026-02-15 09:45:00+00:00,1.6073,1.6116,1.6041,1.6053,4546022.0
2026-02-15 09:50:00+00:00,1.6052,1.6059,1.591,1.5917,19877676.3
2026-02-15 09:55:00+00:00,1.5918,1.5967,1.588,1.5896,9387510.8
2026-02-15 10:00:00+00:00,1.5896,1.5917,1.5819,1.5842,10414061.7
2026-02-15 10:05:00+00:00,1.5842,1.5851,1.5725,1.581,18338063.0
2026-02-15 10:10:00+00:00,1.581,1.584,1.58,1.5828,4206005.8
2026-02-15 10:15:00+00:00,1.5829,1.5864,1.5747,1.5794,8371061.0
2026-02-15 10:20:00+00:00,1.5794,1.5839,1.5776,1.5819,4779274.4
2026-02-15 10:25:00+00:00,1.582,1.5909,1.5817,1.5909,8352929.9
2026-02-15 10:30:00+00:00,1.5908,1.5965,1.584,1.5857,9786613.0
2026-02-15 10:35:00+00:00,1.5857,1.5873,1.5783,1.5788,6280828.5
2026-02-15 10:40:00+00:00,1.5787,1.5855,1.5787,1.5842,3341306.9
2026-02-15 10:45:00+00:00,1.5842,1.5895,1.5823,1.5884,3749640.0
2026-02-15 10:50:00+00:00,1.5883,1.5929,1.5847,1.5857,3820529.6
2026-02-15 10:55:00+00:00,1.5856,1.5886,1.584,1.5846,2810693.3
2026-02-15 11:00:00+00:00,1.5846,1.5923,1.5842,1.5919,2418791.0
2026-02-15 11:05:00+00:00,1.5919,1.5945,1.589,1.591,2984247.8
2026-02-15 11:10:00+00:00,1.591,1.5937,1.5861,1.5888,3631387.6
2026-02-15 11:15:00+00:00,1.5889,1.5932,1.5884,1.5888,1898312.9
2026-02-15 11:20:00+00:00,1.5888,1.5897,1.5841,1.5847,2258344.8
2026-02-15 11:25:00+00:00,1.5847,1.5854,1.5803,1.5815,2969217.6
2026-02-15 11:30:00+00:00,1.5815,1.582,1.5714,1.5725,6675524.1
2026-02-15 11:35:00+00:00,1.5726,1.5774,1.5725,1.5759,3779448.7
2026-02-15 11:40:00+00:00,1.5759,1.5792,1.5731,1.5744,2769564.9
2026-02-15 11:45:00+00:00,1.5744,1.5768,1.5722,1.5739,3841346.6
2026-02-15 11:50:00+00:00,1.5738,1.5738,1.5596,1.561,16783446.2
2026-02-15 11:55:00+00:00,1.5611,1.5643,1.5569,1.5619,9485745.0
2026-02-15 12:00:00+00:00,1.5618,1.5655,1.5573,1.5586,8215391.8
2026-02-15 12:05:00+00:00,1.5586,1.5587,1.5459,1.5459,14890356.4
2026-02-15 12:10:00+00:00,1.546,1.5561,1.5459,1.5539,9069609.2
2026-02-15 12:15:00+00:00,1.554,1.5587,1.5478,1.556,8022632.4
2026-02-15 12:20:00+00:00,1.556,1.5641,1.5522,1.5625,8570594.8
2026-02-15 12:25:00+00:00,1.5624,1.5637,1.5587,1.5612,4826640.9
2026-02-15 12:30:00+00:00,1.5613,1.5617,1.5536,1.5567,3742024.1
2026-02-15 12:35:00+00:00,1.5567,1.557,1.5434,1.5471,8318958.6
2026-02-15 12:40:00+00:00,1.5471,1.5497,1.5461,1.5485,4189750.2
2026-02-15 12:45:00+00:00,1.5484,1.5506,1.5367,1.5379,9257054.1
2026-02-15 12:50:00+00:00,1.5378,1.5404,1.5267,1.5269,15733251.8
2026-02-15 12:55:00+00:00,1.527,1.5308,1.5193,1.5203,16678071.6
2026-02-15 13:00:00+00:00,1.5204,1.5326,1.5197,1.5317,15080634.9
2026-02-15 13:05:00+00:00,1.5317,1.5359,1.5265,1.5312,9157102.8
2026-02-15 13:10:00+00:00,1.5312,1.535,1.5289,1.5331,6598431.5
2026-02-15 13:15:00+00:00,1.5331,1.5399,1.533,1.5392,6440315.0
2026-02-15 13:20:00+00:00,1.5392,1.5392,1.5316,1.5348,4852925.6
2026-02-15 13:25:00+00:00,1.5349,1.5354,1.5232,1.5241,6853687.6
2026-02-15 13:30:00+00:00,1.5242,1.5279,1.5152,1.5176,14338090.0
2026-02-15 13:35:00+00:00,1.5177,1.5269,1.5161,1.5257,6556399.1
2026-02-15 13:40:00+00:00,1.5258,1.529,1.5198,1.5204,5104347.4
2026-02-15 13:45:00+00:00,1.5204,1.525,1.5143,1.5148,7393867.8
2026-02-15 13:50:00+00:00,1.5149,1.5176,1.5109,1.5148,7368130.6
2026-02-15 13:55:00+00:00,1.5148,1.5223,1.5143,1.5187,4492573.6
2026-02-15 14:00:00+00:00,1.5188,1.5222,1.5154,1.5203,4093437.2
2026-02-15 14:05:00+00:00,1.5203,1.5263,1.5185,1.5224,7925135.5
2026-02-15 14:10:00+00:00,1.5223,1.523,1.5142,1.5171,5010336.2
2026-02-15 14:15:00+00:00,1.5172,1.5254,1.5172,1.5205,4647025.9
2026-02-15 14:20:00+00:00,1.5204,1.5235,1.5191,1.5235,1890905.6
2026-02-15 14:25:00+00:00,1.5234,1.5246,1.5192,1.5216,2999611.2
2026-02-15 14:30:00+00:00,1.5217,1.528,1.5191,1.5207,5883244.5
2026-02-15 14:35:00+00:00,1.5207,1.5281,1.5202,1.5273,2812745.7
2026-02-15 14:40:00+00:00,1.5273,1.5332,1.5266,1.5329,8897323.3
2026-02-15 14:45:00+00:00,1.5328,1.537,1.5291,1.5323,6592884.3
2026-02-15 14:50:00+00:00,1.5323,1.5347,1.5306,1.5334,2839047.9
2026-02-15 14:55:00+00:00,1.5334,1.5339,1.5299,1.5321,1918387.1
2026-02-15 15:00:00+00:00,1.5321,1.5369,1.5303,1.5329,4183184.4
2026-02-15 15:05:00+00:00,1.5329,1.5418,1.5308,1.5406,5994286.5
2026-02-15 15:10:00+00:00,1.5407,1.543,1.5369,1.5374,6263045.7
2026-02-15 15:15:00+00:00,1.5374,1.5399,1.5314,1.5336,6352216.3
2026-02-15 15:20:00+00:00,1.5335,1.5338,1.5275,1.529,3681687.7
2026-02-15 15:25:00+00:00,1.5291,1.5308,1.5217,1.5221,5678127.0
2026-02-15 15:30:00+00:00,1.5221,1.5269,1.5218,1.524,2564765.1
2026-02-15 15:35:00+00:00,1.524,1.5266,1.5202,1.5263,3402883.1
2026-02-15 15:40:00+00:00,1.5263,1.5269,1.5227,1.5268,1542363.0
2026-02-15 15:45:00+00:00,1.5268,1.5268,1.5237,1.5262,1455263.8
2026-02-15 15:50:00+00:00,1.5262,1.5262,1.521,1.5214,1433523.7
2026-02-15 15:55:00+00:00,1.5215,1.5253,1.5211,1.5224,1791138.2
2026-02-15 16:00:00+00:00,1.5223,1.5227,1.516,1.5164,5446112.6
2026-02-15 16:05:00+00:00,1.5165,1.5172,1.506,1.5088,14390167.1
2026-02-15 16:10:00+00:00,1.5088,1.5168,1.5083,1.5156,4802322.7
2026-02-15 16:15:00+00:00,1.5157,1.5192,1.5114,1.5164,3836647.5
2026-02-15 16:20:00+00:00,1.5164,1.5213,1.5131,1.5144,3857935.6
2026-02-15 16:25:00+00:00,1.5144,1.5208,1.5144,1.5195,2943158.3
2026-02-15 16:30:00+00:00,1.5195,1.5196,1.5137,1.5138,1529266.4
2026-02-15 16:35:00+00:00,1.5138,1.5156,1.5113,1.5117,1879790.8
2026-02-15 16:40:00+00:00,1.5118,1.5174,1.5118,1.5169,1230670.7
2026-02-15 16:45:00+00:00,1.5169,1.5217,1.516,1.5202,2270874.7
2026-02-15 16:50:00+00:00,1.5202,1.521,1.5191,1.5201,974705.3
2026-02-15 16:55:00+00:00,1.5202,1.5221,1.52,1.521,1272463.5
2026-02-15 17:00:00+00:00,1.521,1.523,1.5196,1.5201,2109592.7
2026-02-15 17:05:00+00:00,1.5201,1.5235,1.5187,1.5196,1968971.0
2026-02-15 17:10:00+00:00,1.5196,1.5199,1.5162,1.518,2006764.0
2026-02-15 17:15:00+00:00,1.5179,1.5179,1.508,1.5094,4070202.7
2026-02-15 17:20:00+00:00,1.5095,1.5127,1.5092,1.5117,2241731.7
2026-02-15 17:25:00+00:00,1.5117,1.5118,1.5082,1.511,2281629.8
2026-02-15 17:30:00+00:00,1.511,1.5115,1.5065,1.5066,2426565.3
2026-02-15 17:35:00+00:00,1.5067,1.5098,1.5045,1.5087,3891640.1
2026-02-15 17:40:00+00:00,1.5087,1.5095,1.4988,1.5003,8428722.8
2026-02-15 17:45:00+00:00,1.5003,1.5003,1.4806,1.483,34337987.4
2026-02-15 17:50:00+00:00,1.4829,1.4957,1.4826,1.4913,10250820.7
2026-02-15 17:55:00+00:00,1.4913,1.4944,1.4873,1.4932,5515401.3
2026-02-15 18:00:00+00:00,1.4933,1.4935,1.4851,1.4864,6149431.7
2026-02-15 18:05:00+00:00,1.4863,1.4935,1.4826,1.4895,6058338.0
2026-02-15 18:10:00+00:00,1.4895,1.4954,1.4895,1.4918,4165403.2
2026-02-15 18:15:00+00:00,1.4918,1.4918,1.4851,1.4872,3862188.1
2026-02-15 18:20:00+00:00,1.4873,1.491,1.4869,1.4902,1710214.7
2026-02-15 18:25:00+00:00,1.4901,1.4905,1.48,1.4806,4642866.2
2026-02-15 18:30:00+00:00,1.4805,1.4822,1.4751,1.4769,8350726.2
2026-02-15 18:35:00+00:00,1.4768,1.4808,1.4721,1.4802,9773545.3
2026-02-15 18:40:00+00:00,1.4802,1.4809,1.476,1.4799,2813321.5
2026-02-15 18:45:00+00:00,1.48,1.4813,1.4663,1.4671,7067775.1
2026-02-15 18:50:00+00:00,1.4672,1.473,1.4671,1.4698,3651133.6
2026-02-15 18:55:00+00:00,1.4699,1.4701,1.4638,1.4687,6961489.3
2026-02-15 19:00:00+00:00,1.4686,1.4694,1.4623,1.4634,5371115.1
2026-02-15 19:05:00+00:00,1.4635,1.4644,1.4548,1.46,14305955.5
2026-02-15 19:10:00+00:00,1.4601,1.4643,1.459,1.4611,4638797.9
2026-02-15 19:15:00+00:00,1.4611,1.4645,1.457,1.4609,2804364.7
2026-02-15 19:20:00+00:00,1.4609,1.4678,1.46,1.4671,5951516.3
2026-02-15 19:25:00+00:00,1.4672,1.4678,1.4639,1.4655,2593062.4
2026-02-15 19:30:00+00:00,1.4655,1.466,1.4532,1.4542,7096705.7
2026-02-15 19:35:00+00:00,1.4543,1.4559,1.4472,1.45,8961135.0
2026-02-15 19:40:00+00:00,1.45,1.4564,1.4484,1.4535,5726313.4
2026-02-15 19:45:00+00:00,1.4536,1.4586,1.4533,1.4545,3432038.4
2026-02-15 19:50:00+00:00,1.4545,1.4569,1.4509,1.4527,2623502.8
2026-02-15 19:55:00+00:00,1.4527,1.4545,1.4516,1.4531,1711046.9
2026-02-15 20:00:00+00:00,1.4532,1.4534,1.4442,1.4449,6183357.8
2026-02-15 20:05:00+00:00,1.4449,1.4578,1.4448,1.4523,6721243.8
2026-02-15 20:10:00+00:00,1.4522,1.4568,1.4493,1.4556,4472677.4
2026-02-15 20:15:00+00:00,1.4555,1.4562,1.449,1.4512,2870666.3
2026-02-15 20:20:00+00:00,1.4513,1.4609,1.45,1.4563,4840304.7
2026-02-15 20:25:00+00:00,1.4563,1.4577,1.4519,1.4562,3541923.7
2026-02-15 20:30:00+00:00,1.4562,1.4622,1.4536,1.4622,3475973.8
2026-02-15 20:35:00+00:00,1.4623,1.4667,1.4618,1.4626,4823366.5
2026-02-15 20:40:00+00:00,1.4627,1.4636,1.4599,1.4622,2973144.5
2026-02-15 20:45:00+00:00,1.4621,1.4654,1.4594,1.4602,3488101.4
2026-02-15 20:50:00+00:00,1.4603,1.4605,1.4566,1.4583,3943620.6
2026-02-15 20:55:00+00:00,1.4583,1.4619,1.4583,1.4611,1162044.5
2026-02-15 21:00:00+00:00,1.4611,1.4664,1.4604,1.4654,3286056.7
2026-02-15 21:05:00+00:00,1.4653,1.4671,1.4628,1.4657,3662858.8
2026-02-15 21:10:00+00:00,1.4658,1.467,1.4633,1.4651,2408573.1
2026-02-15 21:15:00+00:00,1.465,1.4693,1.462,1.468,3454380.3
2026-02-15 21:20:00+00:00,1.4681,1.4738,1.4681,1.4717,4485980.6
2026-02-15 21:25:00+00:00,1.4718,1.4731,1.4677,1.4698,3135418.2
2026-02-15 21:30:00+00:00,1.4698,1.4749,1.4689,1.4693,4640821.7
2026-02-15 21:35:00+00:00,1.4692,1.4726,1.4665,1.4702,2233514.6
2026-02-15 21:40:00+00:00,1.4701,1.4702,1.4639,1.4656,2407500.6
2026-02-15 21:45:00+00:00,1.4656,1.4678,1.4642,1.4668,1537013.9
2026-02-15 21:50:00+00:00,1.4668,1.4726,1.4668,1.4716,1320885.4
2026-02-15 21:55:00+00:00,1.4716,1.4732,1.4706,1.4711,1647188.4
2026-02-15 22:00:00+00:00,1.4712,1.4718,1.4676,1.4698,1341054.8
2026-02-15 22:05:00+00:00,1.4697,1.4761,1.4696,1.4736,4652390.9
2026-02-15 22:10:00+00:00,1.4736,1.4744,1.4699,1.4714,3170328.7
2026-02-15 22:15:00+00:00,1.4713,1.4735,1.4694,1.4695,1457448.3
2026-02-15 22:20:00+00:00,1.4695,1.4742,1.4688,1.4742,1611734.7
2026-02-15 22:25:00+00:00,1.4742,1.4793,1.474,1.4748,4378973.8
2026-02-15 22:30:00+00:00,1.4748,1.4809,1.4734,1.4792,3911713.4
2026-02-15 22:35:00+00:00,1.4792,1.4882,1.4771,1.4877,8255588.0
2026-02-15 22:40:00+00:00,1.4878,1.4878,1.4821,1.4849,3417421.2
2026-02-15 22:45:00+00:00,1.4848,1.4863,1.4802,1.486,2713751.5
2026-02-15 22:50:00+00:00,1.486,1.4889,1.4842,1.4871,1685022.9
2026-02-15 22:55:00+00:00,1.4871,1.4878,1.4831,1.485,1570940.2
2026-02-15 23:00:00+00:00,1.485,1.4853,1.4693,1.473,6936303.1
2026-02-15 23:05:00+00:00,1.473,1.4731,1.4593,1.4602,7021904.2
2026-02-15 23:10:00+00:00,1.4602,1.4663,1.4602,1.4637,2634958.2
2026-02-15 23:15:00+00:00,1.4637,1.4644,1.4571,1.4602,4837105.7
2026-02-15 23:20:00+00:00,1.4603,1.4631,1.4574,1.4631,2647952.0
2026-02-15 23:25:00+00:00,1.463,1.4686,1.4625,1.4674,2181964.0
2026-02-15 23:30:00+00:00,1.4675,1.4765,1.4675,1.4721,5385996.3
2026-02-15 23:35:00+00:00,1.4722,1.4739,1.4695,1.4699,1891724.5
2026-02-15 23:40:00+00:00,1.47,1.4718,1.4697,1.47,1067666.8
2026-02-15 23:45:00+00:00,1.47,1.4747,1.4696,1.4732,1750507.5
2026-02-15 23:50:00+00:00,1.4733,1.4758,1.4726,1.4744,1455157.8
2026-02-15 23:55:00+00:00,1.4744,1.4755,1.4731,1.4741,1732543.3
2026-02-16 00:00:00+00:00,1.474,1.4807,1.4713,1.4738,5738218.1
2026-02-16 00:05:00+00:00,1.4739,1.4854,1.4729,1.4827,5102531.5
2026-02-16 00:10:00+00:00,1.4827,1.4837,1.4784,1.4809,2589123.0
2026-02-16 00:15:00+00:00,1.4809,1.4859,1.4784,1.4784,3288906.2
2026-02-16 00:20:00+00:00,1.4784,1.4795,1.4696,1.4711,4411449.4
2026-02-16 00:25:00+00:00,1.4711,1.4756,1.4709,1.475,2428049.3
2026-02-16 00:30:00+00:00,1.475,1.4821,1.4731,1.4795,3033275.9
2026-02-16 00:35:00+00:00,1.4795,1.4811,1.4751,1.476,1917428.4
2026-02-16 00:40:00+00:00,1.4759,1.4771,1.4722,1.4728,1308296.9
2026-02-16 00:45:00+00:00,1.4728,1.4765,1.4702,1.4761,2004606.6
2026-02-16 00:50:00+00:00,1.4761,1.48,1.4758,1.4768,2755643.4
2026-02-16 00:55:00+00:00,1.4767,1.4786,1.4763,1.4774,935755.6
2026-02-16 01:00:00+00:00,1.4774,1.4799,1.4746,1.4791,1928181.7
2026-02-16 01:05:00+00:00,1.4792,1.4816,1.4776,1.4787,3024630.6
2026-02-16 01:10:00+00:00,1.4786,1.4806,1.4728,1.4745,3288917.2
2026-02-16 01:15:00+00:00,1.4745,1.4773,1.4735,1.4735,1639796.7
2026-02-16 01:20:00+00:00,1.4734,1.4738,1.4674,1.4691,3824362.4
2026-02-16 01:25:00+00:00,1.4691,1.4714,1.4677,1.4714,1951529.0
2026-02-16 01:30:00+00:00,1.4714,1.4764,1.4698,1.4709,2534286.0
2026-02-16 01:35:00+00:00,1.4708,1.4724,1.466,1.466,2448057.8
2026-02-16 01:40:00+00:00,1.466,1.4699,1.4634,1.4697,2584909.4
2026-02-16 01:45:00+00:00,1.4698,1.4722,1.4683,1.4713,1432394.9
2026-02-16 01:50:00+00:00,1.4713,1.4728,1.4697,1.4714,1090679.7
2026-02-16 01:55:00+00:00,1.4715,1.4745,1.4708,1.473,1328382.6
2026-02-16 02:00:00+00:00,1.4729,1.4774,1.4709,1.4773,1799012.2
2026-02-16 02:05:00+00:00,1.4772,1.4796,1.4724,1.4725,2615499.7
2026-02-16 02:10:00+00:00,1.4726,1.4752,1.4674,1.4736,2033769.9
2026-02-16 02:15:00+00:00,1.4735,1.4766,1.4707,1.4707,1683887.3
2026-02-16 02:20:00+00:00,1.4707,1.4708,1.4652,1.4666,2131931.0
2026-02-16 02:25:00+00:00,1.4667,1.4678,1.4605,1.4613,2240381.7
2026-02-16 02:30:00+00:00,1.4614,1.4639,1.4574,1.462,3486660.0
2026-02-16 02:35:00+00:00,1.4621,1.4631,1.4608,1.4623,1527296.6
2026-02-16 02:40:00+00:00,1.4623,1.4637,1.4615,1.4615,940410.1
2026-02-16 02:45:00+00:00,1.4615,1.4637,1.4563,1.4571,2829892.3
2026-02-16 02:50:00+00:00,1.4571,1.4604,1.4533,1.4551,3928319.1
2026-02-16 02:55:00+00:00,1.4552,1.456,1.4526,1.4552,2393431.9
2026-02-16 03:00:00+00:00,1.4553,1.4585,1.4532,1.4558,3025549.0
2026-02-16 03:05:00+00:00,1.4558,1.4595,1.455,1.4566,2346690.7
2026-02-16 03:10:00+00:00,1.4566,1.4614,1.4565,1.4589,1496378.3
2026-02-16 03:15:00+00:00,1.4588,1.4612,1.4574,1.459,1265436.3
2026-02-16 03:20:00+00:00,1.4591,1.4607,1.4557,1.457,1419354.7
2026-02-16 03:25:00+00:00,1.457,1.4578,1.4527,1.4549,1967393.7
2026-02-16 03:30:00+00:00,1.4548,1.4585,1.4545,1.4562,2217832.5
2026-02-16 03:35:00+00:00,1.4562,1.459,1.4562,1.4581,896220.3
2026-02-16 03:40:00+00:00,1.4581,1.4608,1.456,1.4604,1121396.8
2026-02-16 03:45:00+00:00,1.4604,1.4605,1.4573,1.4598,923556.5
2026-02-16 03:50:00+00:00,1.4598,1.4607,1.459,1.4591,1036217.7
2026-02-16 03:55:00+00:00,1.4592,1.4619,1.4591,1.4605,991739.4
2026-02-16 04:00:00+00:00,1.4605,1.4665,1.4589,1.4648,2968307.2
2026-02-16 04:05:00+00:00,1.4649,1.469,1.4635,1.467,2821944.3
2026-02-16 04:10:00+00:00,1.467,1.4684,1.4662,1.4673,1172468.6
2026-02-16 04:15:00+00:00,1.4673,1.4698,1.4654,1.469,1864605.1
2026-02-16 04:20:00+00:00,1.4689,1.4718,1.4675,1.4701,2023931.4
2026-02-16 04:25:00+00:00,1.4701,1.4701,1.4681,1.4686,1206896.8
2026-02-16 04:30:00+00:00,1.4686,1.4703,1.4651,1.4658,2148120.1
2026-02-16 04:35:00+00:00,1.4659,1.4673,1.4644,1.4663,1215008.8
2026-02-16 04:40:00+00:00,1.4663,1.4666,1.464,1.4647,851659.3
2026-02-16 04:45:00+00:00,1.4647,1.4683,1.4638,1.4674,2108119.3
2026-02-16 04:50:00+00:00,1.4675,1.4739,1.4673,1.4734,2309800.7
2026-02-16 04:55:00+00:00,1.4734,1.4749,1.4718,1.473,2030631.6
2026-02-16 05:00:00+00:00,1.473,1.4748,1.4656,1.4664,2494436.0
2026-02-16 05:05:00+00:00,1.4663,1.4664,1.4615,1.4623,2437674.4
2026-02-16 05:10:00+00:00,1.4624,1.4627,1.4552,1.4557,4682808.2
2026-02-16 05:15:00+00:00,1.4558,1.4598,1.4545,1.4589,3078341.5
2026-02-16 05:20:00+00:00,1.4589,1.4596,1.4507,1.4516,3080334.0
2026-02-16 05:25:00+00:00,1.4515,1.454,1.4492,1.4538,3834506.3
2026-02-16 05:30:00+00:00,1.4537,1.4565,1.4517,1.4521,1806480.4
2026-02-16 05:35:00+00:00,1.4522,1.4528,1.4472,1.4482,5576391.1
2026-02-16 05:40:00+00:00,1.4483,1.4518,1.4483,1.4515,1554404.0
2026-02-16 05:45:00+00:00,1.4514,1.4565,1.4505,1.456,5287343.0
2026-02-16 05:50:00+00:00,1.456,1.4574,1.4542,1.4568,1203116.4
2026-02-16 05:55:00+00:00,1.4569,1.4585,1.4549,1.4551,1082693.7
2026-02-16 06:00:00+00:00,1.455,1.4577,1.4537,1.457,1089376.6
2026-02-16 06:05:00+00:00,1.4571,1.4571,1.4548,1.4559,643704.5
2026-02-16 06:10:00+00:00,1.4559,1.4565,1.4541,1.4546,660117.3
2026-02-16 06:15:00+00:00,1.4547,1.4607,1.4541,1.4583,4725346.2
2026-02-16 06:20:00+00:00,1.4583,1.4583,1.4529,1.4567,3362479.8
2026-02-16 06:25:00+00:00,1.4567,1.4598,1.4553,1.4596,1690793.2
2026-02-16 06:30:00+00:00,1.4595,1.4669,1.4584,1.4653,4251333.8
2026-02-16 06:35:00+00:00,1.4653,1.4674,1.4643,1.4658,2163684.7
2026-02-16 06:40:00+00:00,1.4658,1.4658,1.4643,1.4648,1117554.2
2026-02-16 06:45:00+00:00,1.4648,1.4665,1.464,1.4661,1470931.9
2026-02-16 06:50:00+00:00,1.4662,1.4676,1.4648,1.4659,1144566.4
2026-02-16 06:55:00+00:00,1.4659,1.4664,1.4635,1.4642,936350.6
2026-02-16 07:00:00+00:00,1.4643,1.4651,1.4594,1.4623,2563007.6
2026-02-16 07:05:00+00:00,1.4622,1.4673,1.4614,1.464,4650032.6
2026-02-16 07:10:00+00:00,1.4639,1.4697,1.4626,1.4696,2475431.7
2026-02-16 07:15:00+00:00,1.4696,1.4703,1.4662,1.4666,1505349.7
2026-02-16 07:20:00+00:00,1.4667,1.4671,1.4643,1.4662,1241999.8
2026-02-16 07:25:00+00:00,1.4661,1.4694,1.4635,1.464,1525979.1
2026-02-16 07:30:00+00:00,1.464,1.4656,1.4617,1.4649,1238688.3
2026-02-16 07:35:00+00:00,1.465,1.466,1.4597,1.4603,1589155.4
2026-02-16 07:40:00+00:00,1.4603,1.4604,1.4569,1.4589,2479717.9
2026-02-16 07:45:00+00:00,1.4589,1.4614,1.458,1.4609,1296003.2
2026-02-16 07:50:00+00:00,1.4609,1.4625,1.4593,1.461,1423091.4
2026-02-16 07:55:00+00:00,1.461,1.4615,1.4596,1.4603,693552.2
2026-02-16 08:00:00+00:00,1.4604,1.4663,1.4604,1.466,2121989.2
2026-02-16 08:05:00+00:00,1.4661,1.4687,1.4661,1.4669,2198231.5
2026-02-16 08:10:00+00:00,1.4668,1.4672,1.4638,1.4652,1475259.0
2026-02-16 08:15:00+00:00,1.4651,1.4668,1.464,1.4661,1645772.4
2026-02-16 08:20:00+00:00,1.4661,1.4684,1.4646,1.4681,1953516.9
2026-02-16 08:25:00+00:00,1.4682,1.4699,1.4672,1.469,1469171.7
2026-02-16 08:30:00+00:00,1.469,1.4695,1.465,1.4676,1340677.5
2026-02-16 08:35:00+00:00,1.4676,1.4676,1.4643,1.4659,1457313.5
2026-02-16 08:40:00+00:00,1.4659,1.4664,1.4646,1.4662,838678.4
2026-02-16 08:45:00+00:00,1.4661,1.4687,1.4658,1.4676,824340.0
2026-02-16 08:50:00+00:00,1.4675,1.4682,1.4652,1.4678,959998.9
2026-02-16 08:55:00+00:00,1.4677,1.4699,1.4667,1.469,3843948.4
2026-02-16 09:00:00+00:00,1.4691,1.4808,1.468,1.4801,5706489.2
2026-02-16 09:05:00+00:00,1.48,1.4818,1.4751,1.4751,5477386.9
2026-02-16 09:10:00+00:00,1.4751,1.4811,1.4747,1.481,2195298.0
2026-02-16 09:15:00+00:00,1.481,1.4814,1.4762,1.4778,2340954.7
2026-02-16 09:20:00+00:00,1.4778,1.4825,1.4777,1.4807,2722135.9
2026-02-16 09:25:00+00:00,1.4807,1.4984,1.4807,1.4961,12856918.8
2026-02-16 09:30:00+00:00,1.4961,1.5036,1.4915,1.5029,11760750.8
2026-02-16 09:35:00+00:00,1.5029,1.5127,1.5013,1.5108,12022548.8
2026-02-16 09:40:00+00:00,1.5109,1.5126,1.5043,1.5045,7571333.6
2026-02-16 09:45:00+00:00,1.5044,1.5044,1.497,1.5007,6848849.1
2026-02-16 09:50:00+00:00,1.5007,1.5087,1.4999,1.5045,4969820.7
2026-02-16 09:55:00+00:00,1.5044,1.5044,1.4996,1.5003,3197289.8
2026-02-16 10:00:00+00:00,1.5003,1.5015,1.4931,1.4958,5670673.3
2026-02-16 10:05:00+00:00,1.4958,1.4959,1.4905,1.4932,4718808.1
2026-02-16 10:10:00+00:00,1.4932,1.4962,1.4923,1.4938,2467075.8
2026-02-16 10:15:00+00:00,1.4938,1.4943,1.4908,1.4926,2272911.3
2026-02-16 10:20:00+00:00,1.4927,1.495,1.4849,1.4866,5833576.2
2026-02-16 10:25:00+00:00,1.4866,1.4876,1.4826,1.4867,4648440.7
2026-02-16 10:30:00+00:00,1.4868,1.4915,1.4855,1.4887,4351208.7
2026-02-16 10:35:00+00:00,1.4887,1.4888,1.4841,1.485,3845745.7
2026-02-16 10:40:00+00:00,1.485,1.4858,1.482,1.4857,2479964.1
2026-02-16 10:45:00+00:00,1.4856,1.4907,1.485,1.4907,2499766.2
2026-02-16 10:50:00+00:00,1.4907,1.4923,1.488,1.4891,2305827.9
2026-02-16 10:55:00+00:00,1.4892,1.4907,1.487,1.489,2788436.2
2026-02-16 11:00:00+00:00,1.489,1.4917,1.4885,1.4902,2073016.9
2026-02-16 11:05:00+00:00,1.4902,1.4919,1.4787,1.4803,6252845.6
2026-02-16 11:10:00+00:00,1.4803,1.4808,1.472,1.4747,9164698.3
2026-02-16 11:15:00+00:00,1.4748,1.4784,1.4734,1.4783,2951350.1
2026-02-16 11:20:00+00:00,1.4782,1.4789,1.4674,1.47,6762159.4
2026-02-16 11:25:00+00:00,1.4701,1.4839,1.4701,1.482,5454000.0
2026-02-16 11:30:00+00:00,1.482,1.4848,1.4792,1.4824,2382629.6
2026-02-16 11:35:00+00:00,1.4824,1.4832,1.4791,1.4796,2033642.3
2026-02-16 11:40:00+00:00,1.4797,1.4804,1.4757,1.4777,2094050.5
2026-02-16 11:45:00+00:00,1.4778,1.48,1.4762,1.479,1542973.8
2026-02-16 11:50:00+00:00,1.479,1.4848,1.4783,1.4848,1627498.9
2026-02-16 11:55:00+00:00,1.4848,1.487,1.4822,1.4827,3823795.6
2026-02-16 12:00:00+00:00,1.4828,1.4845,1.4812,1.4839,2977700.6
2026-02-16 12:05:00+00:00,1.4839,1.4891,1.4791,1.4873,5620738.7
2026-02-16 12:10:00+00:00,1.4873,1.4877,1.4838,1.4875,4012283.0
2026-02-16 12:15:00+00:00,1.4875,1.4885,1.4793,1.4807,2578138.2
2026-02-16 12:20:00+00:00,1.4807,1.4832,1.4794,1.4822,1209283.9
2026-02-16 12:25:00+00:00,1.4822,1.5005,1.4821,1.4958,10117757.1
2026-02-16 12:30:00+00:00,1.4958,1.4989,1.4912,1.4982,5687768.4
2026-02-16 12:35:00+00:00,1.4981,1.5031,1.4937,1.5022,4950927.7
2026-02-16 12:40:00+00:00,1.5023,1.5031,1.4959,1.4972,3999412.2
2026-02-16 12:45:00+00:00,1.4971,1.5021,1.4943,1.4998,5472529.5
2026-02-16 12:50:00+00:00,1.4997,1.5068,1.4986,1.5019,6468127.2
2026-02-16 12:55:00+00:00,1.502,1.5052,1.5016,1.5035,2884534.7
2026-02-16 13:00:00+00:00,1.5034,1.5154,1.5012,1.5081,12643042.2
2026-02-16 13:05:00+00:00,1.508,1.5125,1.504,1.5065,5011191.5
2026-02-16 13:10:00+00:00,1.5065,1.5072,1.5025,1.5042,2893928.5
2026-02-16 13:15:00+00:00,1.5042,1.5127,1.5038,1.5073,3603465.6
2026-02-16 13:20:00+00:00,1.5072,1.5086,1.4965,1.4991,6972213.3
2026-02-16 13:25:00+00:00,1.499,1.4994,1.481,1.4838,17750084.1
2026-02-16 13:30:00+00:00,1.4839,1.4957,1.4826,1.4875,10292872.7
2026-02-16 13:35:00+00:00,1.4874,1.4958,1.4801,1.4822,10420213.7
2026-02-16 13:40:00+00:00,1.4822,1.4939,1.4801,1.4908,6943473.1
2026-02-16 13:45:00+00:00,1.4908,1.4926,1.4845,1.4871,3763783.9
2026-02-16 13:50:00+00:00,1.4871,1.4887,1.4804,1.4816,4379360.7
2026-02-16 13:55:00+00:00,1.4815,1.4909,1.4805,1.4893,3004534.4
2026-02-16 14:00:00+00:00,1.4893,1.4908,1.4839,1.4893,3474139.5
2026-02-16 14:05:00+00:00,1.4894,1.5021,1.4891,1.4981,7770538.8
2026-02-16 14:10:00+00:00,1.4981,1.4996,1.4915,1.4969,5393768.0
2026-02-16 14:15:00+00:00,1.4969,1.4992,1.489,1.4942,4369823.9
2026-02-16 14:20:00+00:00,1.4943,1.5016,1.4928,1.4976,4975516.8
2026-02-16 14:25:00+00:00,1.4977,1.4984,1.4835,1.4879,4986029.8
2026-02-16 14:30:00+00:00,1.488,1.4987,1.4868,1.4978,6761375.0
2026-02-16 14:35:00+00:00,1.4977,1.5075,1.4958,1.5008,8060484.2
2026-02-16 14:40:00+00:00,1.5007,1.5025,1.4972,1.5,2730981.3
2026-02-16 14:45:00+00:00,1.5,1.5049,1.4971,1.5029,4005359.5
2026-02-16 14:50:00+00:00,1.5029,1.5084,1.4904,1.4913,5484589.1
2026-02-16 14:55:00+00:00,1.4914,1.4951,1.4907,1.4938,2453341.1
2026-02-16 15:00:00+00:00,1.4939,1.502,1.4937,1.4984,5321466.9
2026-02-16 15:05:00+00:00,1.4983,1.5009,1.4968,1.4982,2042394.3
2026-02-16 15:10:00+00:00,1.4983,1.4992,1.491,1.4923,2921103.2
2026-02-16 15:15:00+00:00,1.4924,1.4952,1.489,1.4899,5068055.3
2026-02-16 15:20:00+00:00,1.4899,1.4923,1.4859,1.4868,3443122.0
2026-02-16 15:25:00+00:00,1.4868,1.4906,1.4853,1.4862,2288554.1
2026-02-16 15:30:00+00:00,1.4862,1.4865,1.4608,1.4643,27672025.5
2026-02-16 15:35:00+00:00,1.4643,1.4714,1.461,1.4663,9341206.0
2026-02-16 15:40:00+00:00,1.4663,1.4706,1.4645,1.469,5546424.3
2026-02-16 15:45:00+00:00,1.4689,1.4725,1.466,1.4704,4461931.2
2026-02-16 15:50:00+00:00,1.4704,1.4757,1.4692,1.473,2922876.0
2026-02-16 15:55:00+00:00,1.473,1.4767,1.4716,1.4734,4368446.3
2026-02-16 16:00:00+00:00,1.4734,1.4816,1.4714,1.4811,4622711.4
2026-02-16 16:05:00+00:00,1.481,1.4921,1.481,1.4905,7542569.4
2026-02-16 16:10:00+00:00,1.4904,1.4939,1.4865,1.4881,4547756.8
2026-02-16 16:15:00+00:00,1.488,1.4886,1.4815,1.4838,3575846.8
2026-02-16 16:20:00+00:00,1.4837,1.494,1.4825,1.4897,4121344.2
2026-02-16 16:25:00+00:00,1.4898,1.4901,1.4853,1.4861,1494588.2
2026-02-16 16:30:00+00:00,1.4861,1.4872,1.4782,1.4786,3550927.2
2026-02-16 16:35:00+00:00,1.4786,1.4856,1.4768,1.482,3372896.0
2026-02-16 16:40:00+00:00,1.482,1.4911,1.48,1.491,3378781.9
2026-02-16 16:45:00+00:00,1.4911,1.4924,1.4869,1.488,2935592.0
2026-02-16 16:50:00+00:00,1.488,1.4886,1.4846,1.4867,1289740.5
2026-02-16 16:55:00+00:00,1.4866,1.4875,1.484,1.4863,1260425.6
2026-02-16 17:00:00+00:00,1.4864,1.49,1.4847,1.4873,1862047.8
2026-02-16 17:05:00+00:00,1.4873,1.4919,1.485,1.4856,1881815.5
2026-02-16 17:10:00+00:00,1.4856,1.491,1.4828,1.4859,3081600.9
2026-02-16 17:15:00+00:00,1.486,1.4885,1.4803,1.4829,3571471.2
2026-02-16 17:20:00+00:00,1.483,1.4875,1.4816,1.4868,1342547.7
2026-02-16 17:25:00+00:00,1.4867,1.4902,1.4853,1.4889,1466301.9
2026-02-16 17:30:00+00:00,1.4888,1.4927,1.4871,1.4909,3164404.7
2026-02-16 17:35:00+00:00,1.4908,1.4908,1.4859,1.4862,1722474.4
2026-02-16 17:40:00+00:00,1.4863,1.4895,1.4863,1.4875,1651440.2
2026-02-16 17:45:00+00:00,1.4876,1.4877,1.4823,1.4834,1802866.6
2026-02-16 17:50:00+00:00,1.4834,1.4853,1.4824,1.4852,1477311.9
2026-02-16 17:55:00+00:00,1.4852,1.4854,1.4815,1.4822,1176320.6
2026-02-16 18:00:00+00:00,1.4822,1.4862,1.4817,1.4848,1251367.1
2026-02-16 18:05:00+00:00,1.4847,1.4853,1.4807,1.4823,1290382.9
2026-02-16 18:10:00+00:00,1.4824,1.4848,1.4805,1.4813,1552567.6
2026-02-16 18:15:00+00:00,1.4812,1.4813,1.4789,1.4795,2070804.2
2026-02-16 18:20:00+00:00,1.4796,1.4824,1.479,1.4814,1940106.2
2026-02-16 18:25:00+00:00,1.4814,1.4857,1.478,1.4797,2455529.5
2026-02-16 18:30:00+00:00,1.4796,1.4824,1.4786,1.4817,1209046.0
2026-02-16 18:35:00+00:00,1.4817,1.4817,1.4754,1.4765,2380456.2
2026-02-16 18:40:00+00:00,1.4764,1.478,1.4756,1.4763,1792348.7
2026-02-16 18:45:00+00:00,1.4763,1.4791,1.4728,1.4735,2760163.6
2026-02-16 18:50:00+00:00,1.4735,1.4761,1.4731,1.4742,1350798.5
2026-02-16 18:55:00+00:00,1.4743,1.4743,1.4703,1.4713,1858621.4
2026-02-16 19:00:00+00:00,1.4714,1.4766,1.4714,1.4755,1786652.2
2026-02-16 19:05:00+00:00,1.4755,1.4806,1.4755,1.4781,2729676.3
2026-02-16 19:10:00+00:00,1.478,1.4795,1.4765,1.4774,1436026.8
2026-02-16 19:15:00+00:00,1.4774,1.4777,1.4719,1.4724,2669188.0
2026-02-16 19:20:00+00:00,1.4724,1.4769,1.471,1.4769,969513.7
2026-02-16 19:25:00+00:00,1.4769,1.4784,1.4751,1.4751,1012422.2
2026-02-16 19:30:00+00:00,1.4751,1.4779,1.4748,1.4771,760172.1
2026-02-16 19:35:00+00:00,1.4771,1.4814,1.477,1.4802,1924988.4
2026-02-16 19:40:00+00:00,1.4802,1.4808,1.4785,1.4794,1310224.8
2026-02-16 19:45:00+00:00,1.4794,1.4803,1.4761,1.4772,768004.4
2026-02-16 19:50:00+00:00,1.4772,1.4779,1.4758,1.4772,574159.7
2026-02-16 19:55:00+00:00,1.4773,1.4774,1.4734,1.4744,826462.8
2026-02-16 20:00:00+00:00,1.4744,1.4748,1.4707,1.4735,2238904.3
2026-02-16 20:05:00+00:00,1.4734,1.4736,1.4685,1.4711,2363230.8
2026-02-16 20:10:00+00:00,1.4711,1.4711,1.4688,1.471,1576854.4
2026-02-16 20:15:00+00:00,1.4709,1.4733,1.4673,1.4677,3348370.5
2026-02-16 20:20:00+00:00,1.4677,1.4725,1.4677,1.472,1449362.5
2026-02-16 20:25:00+00:00,1.472,1.4796,1.4718,1.4771,2677554.4
2026-02-16 20:30:00+00:00,1.4772,1.479,1.4747,1.4786,1300363.8
2026-02-16 20:35:00+00:00,1.4785,1.4785,1.4747,1.475,973292.9
2026-02-16 20:40:00+00:00,1.475,1.4785,1.4748,1.4773,1426769.1
2026-02-16 20:45:00+00:00,1.4774,1.4811,1.477,1.4809,1980865.0
2026-02-16 20:50:00+00:00,1.4808,1.4881,1.4785,1.4838,3944814.0
2026-02-16 20:55:00+00:00,1.4838,1.4857,1.4825,1.4846,1625759.2
2026-02-16 21:00:00+00:00,1.4847,1.4853,1.4799,1.4812,3300435.3
2026-02-16 21:05:00+00:00,1.4811,1.4842,1.4805,1.4827,1063065.5
2026-02-16 21:10:00+00:00,1.4828,1.4837,1.4809,1.4833,880554.4
2026-02-16 21:15:00+00:00,1.4833,1.4856,1.4811,1.4814,982106.8
2026-02-16 21:20:00+00:00,1.4814,1.4859,1.481,1.4834,1043480.3
2026-02-16 21:25:00+00:00,1.4834,1.4836,1.4817,1.4829,770227.8
2026-02-16 21:30:00+00:00,1.4829,1.4847,1.481,1.4821,1412629.6
2026-02-16 21:35:00+00:00,1.482,1.4836,1.4807,1.483,810470.1
2026-02-16 21:40:00+00:00,1.4831,1.484,1.4814,1.4821,846028.1
2026-02-16 21:45:00+00:00,1.4821,1.4841,1.4804,1.483,1132921.2
2026-02-16 21:50:00+00:00,1.483,1.4852,1.4826,1.4839,893144.2
2026-02-16 21:55:00+00:00,1.484,1.4927,1.4837,1.4906,3669769.3
2026-02-16 22:00:00+00:00,1.4906,1.493,1.4881,1.4891,2251629.7
2026-02-16 22:05:00+00:00,1.4891,1.4893,1.4838,1.4851,2253355.9
2026-02-16 22:10:00+00:00,1.4852,1.4876,1.4841,1.485,1564517.7
2026-02-16 22:15:00+00:00,1.485,1.4867,1.4839,1.4844,734283.4
2026-02-16 22:20:00+00:00,1.4845,1.4863,1.4839,1.4863,872241.1
2026-02-16 22:25:00+00:00,1.4862,1.487,1.4841,1.4854,846252.8
2026-02-16 22:30:00+00:00,1.4854,1.4871,1.481,1.4855,2087956.4
2026-02-16 22:35:00+00:00,1.4855,1.4872,1.484,1.4845,760295.7
2026-02-16 22:40:00+00:00,1.4845,1.4858,1.4833,1.4841,665218.2
2026-02-16 22:45:00+00:00,1.4841,1.4859,1.4823,1.4853,570433.8
2026-02-16 22:50:00+00:00,1.4853,1.4856,1.4816,1.4843,670860.1
2026-02-16 22:55:00+00:00,1.4843,1.4849,1.4825,1.4827,411094.3
2026-02-16 23:00:00+00:00,1.4827,1.4857,1.4815,1.4857,1109853.5
2026-02-16 23:05:00+00:00,1.4856,1.4881,1.485,1.486,1219482.4
2026-02-16 23:10:00+00:00,1.486,1.4891,1.4858,1.488,958543.1
2026-02-16 23:15:00+00:00,1.488,1.4897,1.4858,1.4873,1291923.7
2026-02-16 23:20:00+00:00,1.4873,1.4873,1.4851,1.4865,787676.2
2026-02-16 23:25:00+00:00,1.4865,1.4868,1.4828,1.4839,647141.8
2026-02-16 23:30:00+00:00,1.4838,1.487,1.4838,1.4848,1018509.6
2026-02-16 23:35:00+00:00,1.4847,1.4861,1.4842,1.4861,651526.8
2026-02-16 23:40:00+00:00,1.486,1.4861,1.4832,1.4832,865224.6
2026-02-16 23:45:00+00:00,1.4833,1.4868,1.4833,1.4864,723657.8
2026-02-16 23:50:00+00:00,1.4863,1.4891,1.4861,1.4883,1242602.2
2026-02-16 23:55:00+00:00,1.4884,1.489,1.4858,1.4864,615456.9
2026-02-17 00:00:00+00:00,1.4864,1.4881,1.4847,1.4856,1433936.9
