timestamp,open,high,low,close,volume
2025-08-01 00:00:00+00:00,3.0204,3.0223,2.9752,2.9918,52210616.2
2025-08-01 00:15:00+00:00,2.9918,3.0237,2.9903,3.0016,29910186.6
2025-08-01 00:30:00+00:00,3.0016,3.0082,2.9786,2.9826,19497023.9
2025-08-01 00:45:00+00:00,2.9826,2.989,2.9279,2.9849,69523219.8
2025-08-01 01:00:00+00:00,2.9849,2.9971,2.9443,2.9483,28699525.4
2025-08-01 01:15:00+00:00,2.9483,2.9745,2.9344,2.9684,32150396.9
2025-08-01 01:30:00+00:00,2.9683,2.99,2.9543,2.9829,20907587.7
2025-08-01 01:45:00+00:00,2.983,2.9901,2.9672,2.9839,11244243.8
2025-08-01 02:00:00+00:00,2.984,3.005,2.9752,3.0036,14526385.5
2025-08-01 02:15:00+00:00,3.0035,3.0152,2.9984,3.0041,13257332.3
2025-08-01 02:30:00+00:00,3.0042,3.0218,3.0,3.0133,8610628.1
2025-08-01 02:45:00+00:00,3.0133,3.0202,3.0095,3.0172,6912233.9
2025-08-01 03:00:00+00:00,3.0171,3.0174,3.0001,3.0009,7819440.1
2025-08-01 03:15:00+00:00,3.0009,3.0228,3.0,3.0171,7893121.7
2025-08-01 03:30:00+00:00,3.0171,3.0184,3.004,3.006,6351702.7
2025-08-01 03:45:00+00:00,3.0059,3.0095,2.9922,2.9965,10725975.0
2025-08-01 04:00:00+00:00,2.9966,2.9966,2.9774,2.9889,10181097.0
2025-08-01 04:15:00+00:00,2.989,2.9898,2.975,2.9801,9122451.2
2025-08-01 04:30:00+00:00,2.9802,2.9905,2.9718,2.9869,9975087.8
2025-08-01 04:45:00+00:00,2.9869,2.9886,2.9767,2.9841,5495490.4
2025-08-01 05:00:00+00:00,2.984,2.995,2.979,2.9931,6122196.3
2025-08-01 05:15:00+00:00,2.9932,2.9938,2.9662,2.9677,9914855.6
2025-08-01 05:30:00+00:00,2.9677,2.9807,2.9526,2.961,14493222.1
2025-08-01 05:45:00+00:00,2.961,2.9648,2.9496,2.9577,8921143.3
2025-08-01 06:00:00+00:00,2.9576,2.9659,2.9412,2.9481,11640783.3
2025-08-01 06:15:00+00:00,2.9482,2.9534,2.9388,2.9426,8769151.9
2025-08-01 06:30:00+00:00,2.9426,2.9517,2.9336,2.9373,7070593.5
2025-08-01 06:45:00+00:00,2.9372,2.9639,2.9352,2.9607,7923134.6
2025-08-01 07:00:00+00:00,2.9608,2.9702,2.9481,2.9565,9724694.3
2025-08-01 07:15:00+00:00,2.9565,2.9645,2.9435,2.9454,7863803.7
2025-08-01 07:30:00+00:00,2.9455,2.9528,2.9372,2.9506,10940152.7
2025-08-01 07:45:00+00:00,2.9507,2.958,2.9388,2.9541,6724515.2
2025-08-01 08:00:00+00:00,2.9541,2.9541,2.891,2.912,49074463.6
2025-08-01 08:15:00+00:00,2.9119,2.9283,2.9016,2.9113,16462013.7
2025-08-01 08:30:00+00:00,2.9114,2.93,2.8977,2.9227,18968402.1
2025-08-01 08:45:00+00:00,2.9227,2.9321,2.914,2.9148,9021578.3
2025-08-01 09:00:00+00:00,2.9147,2.9385,2.9118,2.923,13684028.4
2025-08-01 09:15:00+00:00,2.923,2.9372,2.9184,2.9343,9378619.3
2025-08-01 09:30:00+00:00,2.9342,2.9405,2.9262,2.939,7890362.0
2025-08-01 09:45:00+00:00,2.9389,2.9391,2.9194,2.9212,6072284.6
2025-08-01 10:00:00+00:00,2.9212,2.9398,2.918,2.9397,7285779.0
2025-08-01 10:15:00+00:00,2.9396,2.9478,2.939,2.9413,7444285.0
2025-08-01 10:30:00+00:00,2.9414,2.9569,2.9357,2.9545,8592498.6
2025-08-01 10:45:00+00:00,2.9546,2.9566,2.9438,2.951,7780381.1
2025-08-01 11:00:00+00:00,2.951,2.9536,2.9384,2.9516,5967254.8
2025-08-01 11:15:00+00:00,2.9515,2.9569,2.942,2.9465,6703910.7
2025-08-01 11:30:00+00:00,2.9465,2.9576,2.9438,2.9552,4632546.7
2025-08-01 11:45:00+00:00,2.9552,2.9705,2.9545,2.9689,8067640.4
2025-08-01 12:00:00+00:00,2.9689,2.9899,2.9651,2.9853,15947766.8
2025-08-01 12:15:00+00:00,2.9852,2.9875,2.9763,2.9845,10195128.9
2025-08-01 12:30:00+00:00,2.9844,3.0059,2.9716,2.996,23546115.2
2025-08-01 12:45:00+00:00,2.9961,2.9975,2.9804,2.9923,11312824.3
2025-08-01 13:00:00+00:00,2.9924,3.0074,2.9911,3.005,11690170.9
2025-08-01 13:15:00+00:00,3.005,3.017,2.9929,2.9988,18191732.3
2025-08-01 13:30:00+00:00,2.9989,3.0023,2.9668,2.9683,26137601.7
2025-08-01 13:45:00+00:00,2.9683,2.971,2.929,2.9569,40776560.9
2025-08-01 14:00:00+00:00,2.957,3.0039,2.9348,2.9935,32953892.8
2025-08-01 14:15:00+00:00,2.9934,3.0321,2.9915,3.0298,24953688.6
2025-08-01 14:30:00+00:00,3.0297,3.0412,3.0173,3.0182,23266814.6
2025-08-01 14:45:00+00:00,3.0182,3.0575,3.0182,3.0518,18552273.1
2025-08-01 15:00:00+00:00,3.0518,3.0576,3.0253,3.0333,15838660.2
2025-08-01 15:15:00+00:00,3.0333,3.0344,3.0078,3.0228,17286683.2
2025-08-01 15:30:00+00:00,3.0228,3.0497,3.0205,3.049,13246356.5
2025-08-01 15:45:00+00:00,3.049,3.051,3.0347,3.0423,8133955.1
2025-08-01 16:00:00+00:00,3.0423,3.0517,3.032,3.0455,8263408.0
2025-08-01 16:15:00+00:00,3.0456,3.0495,3.0346,3.0381,6000811.4
2025-08-01 16:30:00+00:00,3.0382,3.0382,3.0141,3.037,11591377.4
2025-08-01 16:45:00+00:00,3.0369,3.039,3.0042,3.011,9414709.3
2025-08-01 17:00:00+00:00,3.0109,3.0126,2.9845,3.0055,21619325.1
2025-08-01 17:15:00+00:00,3.0055,3.021,3.0023,3.0115,9303430.1
2025-08-01 17:30:00+00:00,3.0116,3.0326,2.9891,3.0,12833805.1
2025-08-01 17:45:00+00:00,3.0001,3.0069,2.9936,3.0015,5432439.4
2025-08-01 18:00:00+00:00,3.0014,3.0071,2.9851,2.9983,12009307.2
2025-08-01 18:15:00+00:00,2.9983,3.0211,2.9735,3.0106,24053413.3
2025-08-01 18:30:00+00:00,3.0106,3.028,3.0084,3.0209,11895935.4
2025-08-01 18:45:00+00:00,3.0208,3.03,3.0006,3.0096,12132814.8
2025-08-01 19:00:00+00:00,3.0094,3.019,2.9988,3.0094,10181772.8
2025-08-01 19:15:00+00:00,3.0094,3.0188,2.9962,3.011,11733791.5
2025-08-01 19:30:00+00:00,3.0109,3.0317,3.0028,3.0084,13045583.0
2025-08-01 19:45:00+00:00,3.0084,3.027,3.0081,3.0134,7933303.4
2025-08-01 20:00:00+00:00,3.0133,3.0214,2.975,2.9791,16436767.8
2025-08-01 20:15:00+00:00,2.9791,2.9929,2.9655,2.9854,13771727.4
2025-08-01 20:30:00+00:00,2.9854,2.99,2.9544,2.9795,11510945.7
2025-08-01 20:45:00+00:00,2.9795,3.0123,2.9713,3.0071,11978090.3
2025-08-01 21:00:00+00:00,3.0071,3.0287,3.0037,3.0172,13635824.6
2025-08-01 21:15:00+00:00,3.0172,3.021,3.0035,3.0105,7582087.8
2025-08-01 21:30:00+00:00,3.0105,3.0145,2.997,3.0019,4446163.2
2025-08-01 21:45:00+00:00,3.0019,3.004,2.9907,2.9945,3224516.7
2025-08-01 22:00:00+00:00,2.9945,2.9984,2.953,2.9607,16995055.9
2025-08-01 22:15:00+00:00,2.9606,2.9696,2.9221,2.9323,28358295.8
2025-08-01 22:30:00+00:00,2.9324,2.9383,2.893,2.9165,41094749.1
2025-08-01 22:45:00+00:00,2.9166,2.9341,2.8989,2.9231,20071001.4
2025-08-01 23:00:00+00:00,2.9231,2.947,2.9162,2.9441,13218803.8
2025-08-01 23:15:00+00:00,2.9441,2.9636,2.9403,2.9569,12521856.4
2025-08-01 23:30:00+00:00,2.9569,2.9634,2.9441,2.962,8492572.1
2025-08-01 23:45:00+00:00,2.962,2.9701,2.954,2.9602,7996530.9
2025-08-02 00:00:00+00:00,2.9602,2.9734,2.9468,2.9535,14917029.1
2025-08-02 00:15:00+00:00,2.9535,2.9677,2.9529,2.9594,7036285.4
2025-08-02 00:30:00+00:00,2.9593,2.9673,2.9503,2.9603,7387964.6
2025-08-02 00:45:00+00:00,2.9602,2.985,2.9602,2.9781,11827493.8
2025-08-02 01:00:00+00:00,2.9781,2.9825,2.9684,2.9752,5197831.3
2025-08-02 01:15:00+00:00,2.9752,2.9809,2.9601,2.9648,3950593.2
2025-08-02 01:30:00+00:00,2.9647,2.9735,2.9601,2.9712,2921173.2
2025-08-02 01:45:00+00:00,2.9711,2.9786,2.97,2.9761,3155554.7
2025-08-02 02:00:00+00:00,2.9761,2.9796,2.9714,2.9745,2227915.3
2025-08-02 02:15:00+00:00,2.9744,2.9755,2.969,2.9752,2880122.8
2025-08-02 02:30:00+00:00,2.9752,2.9799,2.9743,2.9772,1576043.6
2025-08-02 02:45:00+00:00,2.9772,2.9777,2.9712,2.9755,1970691.5
2025-08-02 03:00:00+00:00,2.9755,2.9828,2.9734,2.9776,2464764.5
2025-08-02 03:15:00+00:00,2.9777,2.9802,2.9727,2.9743,2387779.8
2025-08-02 03:30:00+00:00,2.9742,2.9792,2.9722,2.9762,1852363.8
2025-08-02 03:45:00+00:00,2.9763,2.9824,2.973,2.9824,2029559.2
2025-08-02 04:00:00+00:00,2.9824,2.9845,2.98,2.9819,2603934.9
2025-08-02 04:15:00+00:00,2.982,2.9969,2.9785,2.9967,4973265.8
2025-08-02 04:30:00+00:00,2.9968,3.0144,2.9961,3.0113,8397410.6
2025-08-02 04:45:00+00:00,3.0113,3.0199,3.0081,3.0184,5535273.9
2025-08-02 05:00:00+00:00,3.0184,3.0194,3.0069,3.0086,6614202.6
2025-08-02 05:15:00+00:00,3.0086,3.0186,3.0055,3.017,5159630.3
2025-08-02 05:30:00+00:00,3.0169,3.0174,3.0041,3.0086,3839467.6
2025-08-02 05:45:00+00:00,3.0085,3.0118,3.0049,3.0099,2109793.3
2025-08-02 06:00:00+00:00,3.0099,3.0112,2.9991,2.9991,4589514.6
2025-08-02 06:15:00+00:00,2.9991,2.9992,2.9659,2.9668,14410297.4
2025-08-02 06:30:00+00:00,2.9668,2.972,2.9441,2.9536,16309887.4
2025-08-02 06:45:00+00:00,2.9536,2.9739,2.9536,2.9679,10849108.4
2025-08-02 07:00:00+00:00,2.9679,2.9718,2.9451,2.959,9781119.1
2025-08-02 07:15:00+00:00,2.959,2.9796,2.958,2.9781,7491607.8
2025-08-02 07:30:00+00:00,2.9781,2.9825,2.9706,2.9803,5199344.5
2025-08-02 07:45:00+00:00,2.9803,2.9939,2.9783,2.9912,10159200.5
2025-08-02 08:00:00+00:00,2.9912,2.9972,2.9868,2.9929,4316944.1
2025-08-02 08:15:00+00:00,2.993,3.0008,2.9827,2.9842,5959307.3
2025-08-02 08:30:00+00:00,2.9842,2.9907,2.9728,2.983,7840103.9
2025-08-02 08:45:00+00:00,2.9831,2.988,2.9724,2.9768,4471515.5
2025-08-02 09:00:00+00:00,2.9767,2.9839,2.9689,2.9737,4349494.6
2025-08-02 09:15:00+00:00,2.9737,2.974,2.9585,2.9622,5935215.6
2025-08-02 09:30:00+00:00,2.9623,2.9677,2.9538,2.9544,6875080.4
2025-08-02 09:45:00+00:00,2.9543,2.9674,2.9536,2.9656,6425182.9
2025-08-02 10:00:00+00:00,2.9657,2.9692,2.9492,2.9506,6763667.1
2025-08-02 10:15:00+00:00,2.9505,2.9594,2.9425,2.9547,9695014.8
2025-08-02 10:30:00+00:00,2.9548,2.9557,2.9324,2.9324,8820988.5
2025-08-02 10:45:00+00:00,2.9325,2.9465,2.9323,2.9423,5711213.5
2025-08-02 11:00:00+00:00,2.9423,2.9479,2.9286,2.9308,9753090.2
2025-08-02 11:15:00+00:00,2.9308,2.9612,2.93,2.9585,6165384.7
2025-08-02 11:30:00+00:00,2.9584,2.9602,2.9387,2.9458,8674995.2
2025-08-02 11:45:00+00:00,2.9457,2.9535,2.9362,2.9394,4278023.4
2025-08-02 12:00:00+00:00,2.9395,2.9423,2.93,2.9364,4809870.7
2025-08-02 12:15:00+00:00,2.9362,2.9439,2.9273,2.9311,6485968.2
2025-08-02 12:30:00+00:00,2.931,2.9368,2.922,2.9233,8177839.3
2025-08-02 12:45:00+00:00,2.9233,2.9413,2.9221,2.9374,5794502.1
2025-08-02 13:00:00+00:00,2.9374,2.9395,2.9204,2.9233,6065154.4
2025-08-02 13:15:00+00:00,2.9233,2.9334,2.9227,2.9239,4038990.4
2025-08-02 13:30:00+00:00,2.9239,2.9375,2.9168,2.93,7729356.3
2025-08-02 13:45:00+00:00,2.93,2.9458,2.9284,2.9383,6511719.6
2025-08-02 14:00:00+00:00,2.9383,2.9401,2.9168,2.9193,9736183.6
2025-08-02 14:15:00+00:00,2.9193,2.9193,2.9019,2.9085,13495113.3
2025-08-02 14:30:00+00:00,2.9085,2.9085,2.8785,2.8875,30955799.1
2025-08-02 14:45:00+00:00,2.8875,2.8906,2.8699,2.8773,16271933.4
2025-08-02 15:00:00+00:00,2.8772,2.8872,2.8719,2.8811,13321018.9
2025-08-02 15:15:00+00:00,2.8812,2.8928,2.8772,2.8772,7755471.3
2025-08-02 15:30:00+00:00,2.8772,2.8788,2.8523,2.8553,20794246.7
2025-08-02 15:45:00+00:00,2.8553,2.8585,2.8208,2.8289,37510268.7
2025-08-02 16:00:00+00:00,2.829,2.8432,2.8263,2.8345,17906213.5
2025-08-02 16:15:00+00:00,2.8345,2.842,2.8231,2.8315,12185032.3
2025-08-02 16:30:00+00:00,2.8316,2.8456,2.8104,2.8417,24663460.8
2025-08-02 16:45:00+00:00,2.8418,2.8515,2.827,2.8427,15465946.4
2025-08-02 17:00:00+00:00,2.8428,2.8579,2.8353,2.8574,12300536.8
2025-08-02 17:15:00+00:00,2.8574,2.8637,2.8504,2.8634,10449235.8
2025-08-02 17:30:00+00:00,2.8634,2.8644,2.8325,2.8345,9096810.8
2025-08-02 17:45:00+00:00,2.8346,2.8362,2.8064,2.8225,22993050.7
2025-08-02 18:00:00+00:00,2.8226,2.8319,2.8103,2.8103,12579844.1
2025-08-02 18:15:00+00:00,2.8104,2.8214,2.766,2.7666,54462934.1
2025-08-02 18:30:00+00:00,2.7666,2.7762,2.745,2.7617,43707186.6
2025-08-02 18:45:00+00:00,2.7617,2.7654,2.7407,2.7597,24405477.3
2025-08-02 19:00:00+00:00,2.7596,2.7828,2.7531,2.776,17815850.3
2025-08-02 19:15:00+00:00,2.7761,2.8031,2.7758,2.8027,17260774.3
2025-08-02 19:30:00+00:00,2.8028,2.8165,2.7912,2.7983,19765138.6
2025-08-02 19:45:00+00:00,2.7982,2.7993,2.7721,2.7784,16051000.0
2025-08-02 20:00:00+00:00,2.7785,2.7943,2.7749,2.7914,10556297.0
2025-08-02 20:15:00+00:00,2.7914,2.8004,2.776,2.7906,9387385.1
2025-08-02 20:30:00+00:00,2.7905,2.7931,2.7781,2.7825,6207258.7
2025-08-02 20:45:00+00:00,2.7825,2.797,2.7787,2.7965,7301095.3
2025-08-02 21:00:00+00:00,2.7965,2.8161,2.7835,2.7844,13894077.1
2025-08-02 21:15:00+00:00,2.7845,2.7936,2.7775,2.7815,6045782.8
2025-08-02 21:30:00+00:00,2.7815,2.7995,2.7815,2.7917,5290063.9
2025-08-02 21:45:00+00:00,2.7917,2.8128,2.7911,2.7982,5538275.0
2025-08-02 22:00:00+00:00,2.7981,2.8163,2.798,2.8051,5945241.7
2025-08-02 22:15:00+00:00,2.805,2.8059,2.7809,2.7844,9450637.1
2025-08-02 22:30:00+00:00,2.7843,2.8028,2.7838,2.8026,5734399.3
2025-08-02 22:45:00+00:00,2.8026,2.8097,2.7959,2.7965,5837491.2
2025-08-02 23:00:00+00:00,2.7966,2.7977,2.7615,2.7682,13636105.7
2025-08-02 23:15:00+00:00,2.7683,2.7775,2.7381,2.7407,21472515.1
2025-08-02 23:30:00+00:00,2.7408,2.7888,2.7402,2.7755,17015384.3
2025-08-02 23:45:00+00:00,2.7756,2.7838,2.757,2.7684,10512999.5
2025-08-03 00:00:00+00:00,2.7684,2.7917,2.7602,2.7792,17689318.3
2025-08-03 00:15:00+00:00,2.7793,2.7916,2.7487,2.7576,18166952.0
2025-08-03 00:30:00+00:00,2.7577,2.7796,2.7266,2.7749,33588807.3
2025-08-03 00:45:00+00:00,2.7749,2.7933,2.769,2.7841,19510873.4
2025-08-03 01:00:00+00:00,2.784,2.7934,2.773,2.7873,11179929.1
2025-08-03 01:15:00+00:00,2.7874,2.8,2.7758,2.7993,10062789.8
2025-08-03 01:30:00+00:00,2.7994,2.8046,2.7919,2.8024,8219271.8
2025-08-03 01:45:00+00:00,2.8023,2.803,2.7855,2.7976,5556416.2
2025-08-03 02:00:00+00:00,2.7977,2.8198,2.7972,2.8136,10925325.8
2025-08-03 02:15:00+00:00,2.8136,2.8194,2.8068,2.8069,4896442.9
2025-08-03 02:30:00+00:00,2.8069,2.8176,2.8066,2.8154,4230693.5
2025-08-03 02:45:00+00:00,2.8154,2.828,2.8147,2.8254,9318777.5
2025-08-03 03:00:00+00:00,2.8254,2.8282,2.8149,2.8199,8984646.8
2025-08-03 03:15:00+00:00,2.82,2.8277,2.8148,2.8216,4008462.8
2025-08-03 03:30:00+00:00,2.8216,2.8369,2.818,2.8358,7478451.3
2025-08-03 03:45:00+00:00,2.8358,2.8397,2.8316,2.8341,6199479.7
2025-08-03 04:00:00+00:00,2.8341,2.8346,2.82,2.8236,7056188.4
2025-08-03 04:15:00+00:00,2.8236,2.8342,2.8205,2.8299,5514741.7
2025-08-03 04:30:00+00:00,2.8298,2.8298,2.8163,2.8175,5579099.4
2025-08-03 04:45:00+00:00,2.8175,2.825,2.8127,2.8234,4173468.8
2025-08-03 05:00:00+00:00,2.8235,2.8368,2.8223,2.8317,4565061.0
2025-08-03 05:15:00+00:00,2.8317,2.8398,2.8276,2.8381,3944511.0
2025-08-03 05:30:00+00:00,2.838,2.8437,2.8301,2.8316,5217979.1
2025-08-03 05:45:00+00:00,2.8315,2.835,2.8285,2.8329,2590043.5
2025-08-03 06:00:00+00:00,2.833,2.8373,2.8253,2.8258,2891320.2
2025-08-03 06:15:00+00:00,2.8259,2.8375,2.824,2.834,3395815.4
2025-08-03 06:30:00+00:00,2.834,2.843,2.8338,2.8354,4589452.5
2025-08-03 06:45:00+00:00,2.8353,2.84,2.8329,2.8376,2554032.4
2025-08-03 07:00:00+00:00,2.8376,2.8524,2.8375,2.8506,7163033.1
2025-08-03 07:15:00+00:00,2.8506,2.8583,2.8441,2.8576,9292928.5
2025-08-03 07:30:00+00:00,2.8575,2.868,2.8561,2.8624,9565248.2
2025-08-03 07:45:00+00:00,2.8624,2.8642,2.853,2.8635,6613978.3
2025-08-03 08:00:00+00:00,2.8635,2.8757,2.8633,2.8746,11536132.5
2025-08-03 08:15:00+00:00,2.8745,2.8757,2.8618,2.8635,8334408.0
2025-08-03 08:30:00+00:00,2.8635,2.8645,2.8539,2.8584,7864047.6
2025-08-03 08:45:00+00:00,2.8584,2.8682,2.8474,2.8655,9905529.6
2025-08-03 09:00:00+00:00,2.8656,2.8697,2.8532,2.8536,5815001.0
2025-08-03 09:15:00+00:00,2.8537,2.8582,2.8495,2.8542,4997671.0
2025-08-03 09:30:00+00:00,2.8542,2.8617,2.8526,2.858,4007157.9
2025-08-03 09:45:00+00:00,2.858,2.8641,2.857,2.8641,3334280.2
2025-08-03 10:00:00+00:00,2.8641,2.8735,2.8626,2.8733,5362535.1
2025-08-03 10:15:00+00:00,2.8733,2.8733,2.8664,2.8668,3486582.5
2025-08-03 10:30:00+00:00,2.8668,2.8729,2.8619,2.8715,4327477.7
2025-08-03 10:45:00+00:00,2.8715,2.8741,2.8657,2.8669,3647215.3
2025-08-03 11:00:00+00:00,2.8668,2.8922,2.8661,2.8922,9881167.7
2025-08-03 11:15:00+00:00,2.8921,2.8921,2.8778,2.8788,8974295.7
2025-08-03 11:30:00+00:00,2.8788,2.8806,2.8684,2.8729,8080819.7
2025-08-03 11:45:00+00:00,2.873,2.8816,2.8675,2.8678,5635041.9
2025-08-03 12:00:00+00:00,2.8678,2.8748,2.8593,2.8637,8417577.2
2025-08-03 12:15:00+00:00,2.8637,2.8662,2.8573,2.8635,7316163.3
2025-08-03 12:30:00+00:00,2.8634,2.8744,2.8624,2.8737,5703098.8
2025-08-03 12:45:00+00:00,2.8736,2.8808,2.8694,2.8753,5035159.5
2025-08-03 13:00:00+00:00,2.8753,2.8826,2.8697,2.8809,4991273.7
2025-08-03 13:15:00+00:00,2.881,2.8817,2.8682,2.8719,4515081.9
2025-08-03 13:30:00+00:00,2.8718,2.8807,2.871,2.871,3037224.6
2025-08-03 13:45:00+00:00,2.8711,2.8767,2.8649,2.8744,4347326.5
2025-08-03 14:00:00+00:00,2.8743,2.8805,2.8638,2.8686,5324494.1
2025-08-03 14:15:00+00:00,2.8686,2.8704,2.8582,2.8635,8452374.4
2025-08-03 14:30:00+00:00,2.8634,2.887,2.8593,2.8837,8333560.8
2025-08-03 14:45:00+00:00,2.8837,2.8945,2.8768,2.8844,10011090.3
2025-08-03 15:00:00+00:00,2.8844,2.8883,2.8754,2.8876,8609062.5
2025-08-03 15:15:00+00:00,2.8876,2.8987,2.8865,2.8963,10968495.9
2025-08-03 15:30:00+00:00,2.8962,2.9019,2.8872,2.8988,11100281.4
2025-08-03 15:45:00+00:00,2.8987,2.8988,2.8888,2.8937,5706426.3
2025-08-03 16:00:00+00:00,2.8937,2.8964,2.8841,2.8866,5056552.2
2025-08-03 16:15:00+00:00,2.8866,2.8937,2.8838,2.8931,5044957.1
2025-08-03 16:30:00+00:00,2.8932,2.9077,2.8896,2.9064,8586998.5
2025-08-03 16:45:00+00:00,2.9063,2.9186,2.9038,2.9167,12516649.8
2025-08-03 17:00:00+00:00,2.9167,2.9284,2.9086,2.922,13204669.6
2025-08-03 17:15:00+00:00,2.922,2.9222,2.9075,2.9081,7264250.8
2025-08-03 17:30:00+00:00,2.9082,2.9158,2.9012,2.9019,5297678.9
2025-08-03 17:45:00+00:00,2.902,2.9147,2.901,2.9143,4898352.8
2025-08-03 18:00:00+00:00,2.9143,2.9148,2.9016,2.9056,4144497.3
2025-08-03 18:15:00+00:00,2.9055,2.9133,2.899,2.908,5026657.9
2025-08-03 18:30:00+00:00,2.9079,2.9118,2.8935,2.8993,7433740.6
2025-08-03 18:45:00+00:00,2.8993,2.9155,2.8993,2.9149,4627516.4
2025-08-03 19:00:00+00:00,2.9149,2.9196,2.9036,2.9067,3981653.2
2025-08-03 19:15:00+00:00,2.9068,2.9208,2.9068,2.9152,4628629.4
2025-08-03 19:30:00+00:00,2.9152,2.9221,2.9118,2.9127,4503308.2
2025-08-03 19:45:00+00:00,2.9126,2.9187,2.9066,2.9146,3977774.2
2025-08-03 20:00:00+00:00,2.9146,2.915,2.9033,2.9071,5592486.1
2025-08-03 20:15:00+00:00,2.907,2.9073,2.9,2.9057,3254159.6
2025-08-03 20:30:00+00:00,2.9057,2.9145,2.9022,2.9137,2933128.3
2025-08-03 20:45:00+00:00,2.9136,2.9221,2.9133,2.9157,3372769.5
2025-08-03 21:00:00+00:00,2.9157,2.9199,2.9142,2.9169,3720147.2
2025-08-03 21:15:00+00:00,2.9169,2.9219,2.9094,2.9168,4018501.3
2025-08-03 21:30:00+00:00,2.9168,2.921,2.9132,2.9186,2774503.1
2025-08-03 21:45:00+00:00,2.9187,2.9325,2.9187,2.9271,4897673.8
2025-08-03 22:00:00+00:00,2.9271,2.9372,2.9156,2.9163,10086836.0
2025-08-03 22:15:00+00:00,2.9162,2.9243,2.9126,2.9169,7686575.3
2025-08-03 22:30:00+00:00,2.9169,2.9331,2.9163,2.9311,6529821.5
2025-08-03 22:45:00+00:00,2.9312,2.9415,2.9288,2.9407,7575832.5
2025-08-03 23:00:00+00:00,2.9406,2.9606,2.9374,2.9592,15268858.1
2025-08-03 23:15:00+00:00,2.9591,2.9607,2.9468,2.9471,11042717.7
2025-08-03 23:30:00+00:00,2.947,2.952,2.9401,2.9432,6727818.1
2025-08-03 23:45:00+00:00,2.9432,2.9499,2.9391,2.9463,5298778.2
2025-08-04 00:00:00+00:00,2.9462,2.9512,2.9291,2.9372,10615626.0
2025-08-04 00:15:00+00:00,2.9373,2.9748,2.9333,2.9682,13150345.4
2025-08-04 00:30:00+00:00,2.9683,2.989,2.9629,2.9885,18616350.0
2025-08-04 00:45:00+00:00,2.9885,3.0173,2.9855,3.0148,23003370.8
2025-08-04 01:00:00+00:00,3.0147,3.0297,3.0027,3.018,23644963.8
2025-08-04 01:15:00+00:00,3.018,3.025,3.0062,3.0202,13471701.3
2025-08-04 01:30:00+00:00,3.0203,3.0232,3.0035,3.0076,9526001.0
2025-08-04 01:45:00+00:00,3.0076,3.0093,2.9933,2.9967,10925255.5
2025-08-04 02:00:00+00:00,2.9968,2.9979,2.9821,2.9831,13420184.9
2025-08-04 02:15:00+00:00,2.9832,3.0048,2.9822,3.0042,11961899.0
2025-08-04 02:30:00+00:00,3.0041,3.0144,2.9945,2.9957,11055660.4
2025-08-04 02:45:00+00:00,2.9957,3.0134,2.9949,3.0128,7458237.8
2025-08-04 03:00:00+00:00,3.0128,3.0149,3.0023,3.0037,6687823.6
2025-08-04 03:15:00+00:00,3.0037,3.0038,2.9941,2.9955,5689187.8
2025-08-04 03:30:00+00:00,2.9954,3.0001,2.9916,2.9998,3742026.0
2025-08-04 03:45:00+00:00,2.9999,3.0041,2.9968,2.9973,3650353.0
2025-08-04 04:00:00+00:00,2.9974,3.0078,2.9946,2.9958,6445188.3
2025-08-04 04:15:00+00:00,2.9958,3.0014,2.9889,2.9978,6153445.5
2025-08-04 04:30:00+00:00,2.9979,2.9982,2.988,2.9889,5765814.3
2025-08-04 04:45:00+00:00,2.9889,2.9972,2.9848,2.9871,5711574.0
2025-08-04 05:00:00+00:00,2.9871,2.988,2.9784,2.9839,11358621.7
2025-08-04 05:15:00+00:00,2.984,2.984,2.9754,2.9772,7873489.7
2025-08-04 05:30:00+00:00,2.9772,2.9821,2.9648,2.9708,12005224.0
2025-08-04 05:45:00+00:00,2.9707,2.9845,2.9652,2.9832,8195488.2
2025-08-04 06:00:00+00:00,2.9832,2.9856,2.9712,2.9725,5804709.6
2025-08-04 06:15:00+00:00,2.9725,2.9791,2.9654,2.974,9340960.9
2025-08-04 06:30:00+00:00,2.9741,2.9899,2.9704,2.983,7512547.8
2025-08-04 06:45:00+00:00,2.983,2.9852,2.9723,2.9816,6968682.3
2025-08-04 07:00:00+00:00,2.9816,2.9955,2.9799,2.9917,7398529.7
2025-08-04 07:15:00+00:00,2.9917,2.9951,2.9864,2.9937,4757203.6
2025-08-04 07:30:00+00:00,2.9938,3.0024,2.9909,2.9986,7443044.0
2025-08-04 07:45:00+00:00,2.9987,3.0177,2.9965,3.0101,14357079.0
2025-08-04 08:00:00+00:00,3.0102,3.0215,3.0101,3.0118,8698487.5
2025-08-04 08:15:00+00:00,3.0119,3.0227,3.0034,3.0069,10556620.2
2025-08-04 08:30:00+00:00,3.0069,3.0183,3.0025,3.0116,8571886.9
2025-08-04 08:45:00+00:00,3.0116,3.0132,3.0036,3.0074,4986755.8
2025-08-04 09:00:00+00:00,3.0074,3.0112,2.9941,2.9959,8254825.2
2025-08-04 09:15:00+00:00,2.996,3.0082,2.9918,3.0036,8256464.1
2025-08-04 09:30:00+00:00,3.0036,3.0095,2.9978,2.9983,3969095.0
2025-08-04 09:45:00+00:00,2.9982,2.9996,2.9882,2.9902,6054951.2
2025-08-04 10:00:00+00:00,2.9902,3.0008,2.9866,3.0007,4961908.3
2025-08-04 10:15:00+00:00,3.0006,3.0019,2.9887,2.9949,4528617.9
2025-08-04 10:30:00+00:00,2.995,2.9976,2.9874,2.9884,4082022.3
2025-08-04 10:45:00+00:00,2.9883,2.9966,2.9832,2.9842,6324342.1
2025-08-04 11:00:00+00:00,2.9843,2.9884,2.98,2.9807,6173180.1
2025-08-04 11:15:00+00:00,2.9808,2.9864,2.9756,2.9849,6890377.5
2025-08-04 11:30:00+00:00,2.9846,2.9975,2.9823,2.9941,6825180.0
2025-08-04 11:45:00+00:00,2.994,2.9959,2.9882,2.991,4421153.7
2025-08-04 12:00:00+00:00,2.9911,2.9946,2.9838,2.9895,5523463.3
2025-08-04 12:15:00+00:00,2.9895,2.992,2.979,2.9821,3952248.0
2025-08-04 12:30:00+00:00,2.9821,2.9898,2.9782,2.9864,3198760.9
2025-08-04 12:45:00+00:00,2.9864,3.0048,2.9847,3.0019,6901443.3
2025-08-04 13:00:00+00:00,3.0019,3.0115,3.0007,3.0028,9831386.3
2025-08-04 13:15:00+00:00,3.0029,3.0065,2.9932,3.0005,5017380.9
2025-08-04 13:30:00+00:00,3.0006,3.0422,2.9991,3.0414,26919103.6
2025-08-04 13:45:00+00:00,3.0413,3.0539,3.0213,3.0494,34188971.2
2025-08-04 14:00:00+00:00,3.0495,3.079,3.0449,3.0675,37549150.9
2025-08-04 14:15:00+00:00,3.0675,3.0753,3.053,3.0718,20753967.8
2025-08-04 14:30:00+00:00,3.0717,3.0718,3.0406,3.0425,17770267.3
2025-08-04 14:45:00+00:00,3.0424,3.05,3.0246,3.034,17489810.2
2025-08-04 15:00:00+00:00,3.0341,3.0435,3.0262,3.0409,12354507.6
2025-08-04 15:15:00+00:00,3.0409,3.045,3.0305,3.0359,7238853.7
2025-08-04 15:30:00+00:00,3.0358,3.0408,3.0201,3.0243,11965525.2
2025-08-04 15:45:00+00:00,3.0244,3.0337,3.016,3.0291,8665353.0
2025-08-04 16:00:00+00:00,3.0291,3.0512,3.029,3.0504,12229643.8
2025-08-04 16:15:00+00:00,3.0505,3.0624,3.0455,3.0473,11542723.0
2025-08-04 16:30:00+00:00,3.0474,3.0693,3.0463,3.0653,8266968.7
2025-08-04 16:45:00+00:00,3.0653,3.0722,3.0624,3.07,7418036.0
2025-08-04 17:00:00+00:00,3.07,3.0877,3.063,3.0863,14271123.7
2025-08-04 17:15:00+00:00,3.0864,3.0883,3.0663,3.07,12160839.4
2025-08-04 17:30:00+00:00,3.07,3.0725,3.0554,3.0583,8727824.0
2025-08-04 17:45:00+00:00,3.0584,3.066,3.0544,3.0565,5108333.5
2025-08-04 18:00:00+00:00,3.0565,3.0609,3.047,3.0471,5792314.3
2025-08-04 18:15:00+00:00,3.047,3.0635,3.0457,3.0567,5176412.9
2025-08-04 18:30:00+00:00,3.0568,3.0568,3.0409,3.0411,6141119.0
2025-08-04 18:45:00+00:00,3.0411,3.0456,3.0382,3.0433,5978303.1
2025-08-04 19:00:00+00:00,3.0432,3.049,3.038,3.0458,3647846.9
2025-08-04 19:15:00+00:00,3.0458,3.05,3.0425,3.0462,3923469.3
2025-08-04 19:30:00+00:00,3.0462,3.0477,3.0356,3.0417,5051374.5
2025-08-04 19:45:00+00:00,3.0416,3.0478,3.0388,3.0476,3812866.3
2025-08-04 20:00:00+00:00,3.0476,3.0541,3.039,3.0459,6900621.5
2025-08-04 20:15:00+00:00,3.0458,3.0483,3.0404,3.044,3527392.8
2025-08-04 20:30:00+00:00,3.0441,3.0616,3.0412,3.0564,7196735.2
2025-08-04 20:45:00+00:00,3.0563,3.0563,3.0468,3.0475,6751547.7
2025-08-04 21:00:00+00:00,3.0475,3.0625,3.0467,3.0554,5433623.6
2025-08-04 21:15:00+00:00,3.0554,3.0678,3.0551,3.0621,5373134.3
2025-08-04 21:30:00+00:00,3.062,3.0761,3.0565,3.0753,5773078.8
2025-08-04 21:45:00+00:00,3.0753,3.0765,3.063,3.0686,4692714.6
2025-08-04 22:00:00+00:00,3.0686,3.0791,3.068,3.0778,5395559.9
2025-08-04 22:15:00+00:00,3.0779,3.0796,3.0714,3.0716,3461447.1
2025-08-04 22:30:00+00:00,3.0715,3.0785,3.0643,3.0724,5921399.8
2025-08-04 22:45:00+00:00,3.0724,3.0854,3.0707,3.085,4332662.0
2025-08-04 23:00:00+00:00,3.085,3.0852,3.0747,3.0833,3934527.4
2025-08-04 23:15:00+00:00,3.0833,3.0836,3.0707,3.0767,3328551.0
2025-08-04 23:30:00+00:00,3.0767,3.0784,3.0684,3.0701,3342303.1
2025-08-04 23:45:00+00:00,3.07,3.074,3.0659,3.0701,5606540.6
2025-08-05 00:00:00+00:00,3.07,3.0731,3.055,3.0637,7418355.8
2025-08-05 00:15:00+00:00,3.0638,3.0707,3.058,3.0647,4958725.8
2025-08-05 00:30:00+00:00,3.0648,3.0842,3.0646,3.0795,6731254.6
2025-08-05 00:45:00+00:00,3.0795,3.09,3.0741,3.0888,9278619.4
2025-08-05 01:00:00+00:00,3.0888,3.1059,3.0797,3.0808,15394733.1
2025-08-05 01:15:00+00:00,3.0808,3.0846,3.0672,3.0798,8645126.1
2025-08-05 01:30:00+00:00,3.0797,3.0797,3.0607,3.0697,6643762.1
2025-08-05 01:45:00+00:00,3.0696,3.0722,3.053,3.0548,6777916.9
2025-08-05 02:00:00+00:00,3.0548,3.0625,3.0489,3.0505,5982900.0
2025-08-05 02:15:00+00:00,3.0505,3.0558,3.0453,3.0473,7318993.8
2025-08-05 02:30:00+00:00,3.0474,3.0559,3.0464,3.0548,3205086.4
2025-08-05 02:45:00+00:00,3.0548,3.0614,3.0498,3.0611,4183544.5
2025-08-05 03:00:00+00:00,3.0612,3.0612,3.0392,3.0458,10133619.4
2025-08-05 03:15:00+00:00,3.0458,3.0467,3.036,3.0425,9307532.5
2025-08-05 03:30:00+00:00,3.0424,3.0451,3.0333,3.0384,8301308.9
2025-08-05 03:45:00+00:00,3.0384,3.0441,3.0362,3.0373,4430066.2
2025-08-05 04:00:00+00:00,3.0373,3.0451,3.031,3.0439,7879214.5
2025-08-05 04:15:00+00:00,3.0438,3.0438,3.0285,3.032,8719854.9
2025-08-05 04:30:00+00:00,3.0321,3.0327,3.0242,3.0299,9533239.8
2025-08-05 04:45:00+00:00,3.03,3.0343,3.0294,3.033,2482916.4
2025-08-05 05:00:00+00:00,3.0331,3.0404,3.0321,3.0364,3418684.6
2025-08-05 05:15:00+00:00,3.0365,3.0399,3.0332,3.0358,3375444.5
2025-08-05 05:30:00+00:00,3.0358,3.0396,3.0273,3.0303,4904917.1
2025-08-05 05:45:00+00:00,3.0304,3.041,3.0303,3.0402,4596913.4
2025-08-05 06:00:00+00:00,3.0402,3.0512,3.0394,3.0497,7152399.1
2025-08-05 06:15:00+00:00,3.0497,3.0537,3.0472,3.0481,5623763.6
2025-08-05 06:30:00+00:00,3.0482,3.0483,3.0325,3.0343,6750210.0
2025-08-05 06:45:00+00:00,3.0343,3.0348,3.016,3.0212,13398019.2
2025-08-05 07:00:00+00:00,3.0212,3.0291,3.0177,3.0268,5763138.1
2025-08-05 07:15:00+00:00,3.0269,3.033,3.0173,3.018,4083779.3
2025-08-05 07:30:00+00:00,3.018,3.0197,2.9947,3.0081,26541466.5
2025-08-05 07:45:00+00:00,3.0082,3.0166,3.0002,3.0031,11257971.9
2025-08-05 08:00:00+00:00,3.003,3.0124,2.9977,3.0032,9583271.3
2025-08-05 08:15:00+00:00,3.0033,3.0304,3.0033,3.0253,11448143.6
2025-08-05 08:30:00+00:00,3.0253,3.0378,3.0231,3.0271,8231377.9
2025-08-05 08:45:00+00:00,3.0272,3.0328,3.0217,3.0322,4966515.6
2025-08-05 09:00:00+00:00,3.0322,3.042,3.0321,3.0408,6502232.1
2025-08-05 09:15:00+00:00,3.0408,3.041,3.0338,3.04,8252870.9
2025-08-05 09:30:00+00:00,3.04,3.048,3.0381,3.048,6857417.2
2025-08-05 09:45:00+00:00,3.048,3.0628,3.0452,3.0595,12570880.4
2025-08-05 10:00:00+00:00,3.0595,3.0642,3.0496,3.0564,7776166.5
2025-08-05 10:15:00+00:00,3.0564,3.069,3.0496,3.0685,8109332.8
2025-08-05 10:30:00+00:00,3.0685,3.0785,3.0663,3.0768,12369545.8
2025-08-05 10:45:00+00:00,3.0767,3.0774,3.0691,3.0726,5365330.4
2025-08-05 11:00:00+00:00,3.0726,3.0768,3.0628,3.0754,7063266.8
2025-08-05 11:15:00+00:00,3.0754,3.0793,3.069,3.0708,4152439.0
2025-08-05 11:30:00+00:00,3.0708,3.0713,3.0582,3.0667,7385252.3
2025-08-05 11:45:00+00:00,3.0667,3.0667,3.0581,3.0618,3661907.8
2025-08-05 12:00:00+00:00,3.0618,3.0643,3.0543,3.0636,5796004.2
2025-08-05 12:15:00+00:00,3.0635,3.0638,3.0327,3.0462,15472955.7
2025-08-05 12:30:00+00:00,3.0462,3.0462,3.011,3.0289,20629660.3
2025-08-05 12:45:00+00:00,3.0288,3.0389,3.0219,3.0249,9804304.0
2025-08-05 13:00:00+00:00,3.0248,3.0342,3.0205,3.0283,7150816.4
2025-08-05 13:15:00+00:00,3.0283,3.04,3.0268,3.0356,6808706.4
2025-08-05 13:30:00+00:00,3.0357,3.0429,3.0229,3.0275,9781770.4
2025-08-05 13:45:00+00:00,3.0275,3.042,3.0275,3.0363,5458487.1
2025-08-05 14:00:00+00:00,3.0362,3.0376,3.0,3.0061,21722238.8
2025-08-05 14:15:00+00:00,3.0061,3.0062,2.9708,2.9802,47105623.9
2025-08-05 14:30:00+00:00,2.9803,2.9824,2.9577,2.9648,24331810.8
2025-08-05 14:45:00+00:00,2.9648,2.9766,2.9598,2.9752,15062760.3
2025-08-05 15:00:00+00:00,2.9752,2.993,2.9678,2.9898,15083127.3
2025-08-05 15:15:00+00:00,2.9898,2.9926,2.974,2.9796,9180888.2
2025-08-05 15:30:00+00:00,2.9797,2.9823,2.9636,2.9696,11754551.0
2025-08-05 15:45:00+00:00,2.9695,2.9747,2.9555,2.9702,14510874.5
2025-08-05 16:00:00+00:00,2.9702,2.9822,2.9677,2.981,10032702.5
2025-08-05 16:15:00+00:00,2.981,2.989,2.9779,2.9825,6662252.4
2025-08-05 16:30:00+00:00,2.9825,2.99,2.9618,2.969,9719341.1
2025-08-05 16:45:00+00:00,2.9689,2.9791,2.9605,2.9679,5524726.0
2025-08-05 17:00:00+00:00,2.968,2.9772,2.9672,2.9757,4136074.6
2025-08-05 17:15:00+00:00,2.9757,2.9865,2.9735,2.9844,4674886.7
2025-08-05 17:30:00+00:00,2.9844,2.9911,2.9764,2.9766,8120613.7
2025-08-05 17:45:00+00:00,2.9766,2.9904,2.9715,2.9879,7038469.2
2025-08-05 18:00:00+00:00,2.9878,2.9885,2.9746,2.9749,5941022.8
2025-08-05 18:15:00+00:00,2.9748,2.9774,2.9632,2.9674,6869803.9
2025-08-05 18:30:00+00:00,2.9673,2.973,2.9571,2.9613,7390173.7
2025-08-05 18:45:00+00:00,2.9614,2.9775,2.951,2.9759,9152840.7
2025-08-05 19:00:00+00:00,2.9759,2.9833,2.9687,2.9692,6103723.1
2025-08-05 19:15:00+00:00,2.9691,2.9715,2.961,2.9648,3273805.1
2025-08-05 19:30:00+00:00,2.9648,2.9682,2.9585,2.9585,3635689.8
2025-08-05 19:45:00+00:00,2.9584,2.96,2.9438,2.9457,14468146.0
2025-08-05 20:00:00+00:00,2.9457,2.9614,2.9457,2.9609,4950289.5
2025-08-05 20:15:00+00:00,2.9609,2.9669,2.9579,2.9662,4239359.5
2025-08-05 20:30:00+00:00,2.9661,2.9665,2.9487,2.9536,4100781.1
2025-08-05 20:45:00+00:00,2.9536,2.954,2.9346,2.9375,9295432.6
2025-08-05 21:00:00+00:00,2.9376,2.9499,2.9351,2.937,5820685.4
2025-08-05 21:15:00+00:00,2.937,2.951,2.937,2.9506,3604984.8
2025-08-05 21:30:00+00:00,2.9506,2.9529,2.947,2.9482,2649339.0
2025-08-05 21:45:00+00:00,2.9483,2.9483,2.9318,2.9344,3790806.5
2025-08-05 22:00:00+00:00,2.9344,2.9425,2.9148,2.9414,17677951.5
2025-08-05 22:15:00+00:00,2.9414,2.9496,2.9411,2.9482,5439433.3
2025-08-05 22:30:00+00:00,2.9483,2.9565,2.9466,2.955,6270974.0
2025-08-05 22:45:00+00:00,2.9549,2.9609,2.9518,2.9588,3711376.8
2025-08-05 23:00:00+00:00,2.9587,2.9679,2.9547,2.9672,6836735.5
2025-08-05 23:15:00+00:00,2.9672,2.9743,2.9621,2.9633,6805721.3
2025-08-05 23:30:00+00:00,2.9633,2.972,2.9581,2.9681,5038460.4
2025-08-05 23:45:00+00:00,2.9681,2.9715,2.9587,2.9607,4061059.8
2025-08-06 00:00:00+00:00,2.9607,2.9631,2.9451,2.9509,8278808.2
2025-08-06 00:15:00+00:00,2.9509,2.9566,2.9486,2.9519,3850063.8
2025-08-06 00:30:00+00:00,2.9518,2.9605,2.9467,2.9505,4250811.8
2025-08-06 00:45:00+00:00,2.9506,2.9513,2.9253,2.9304,10136110.1
2025-08-06 01:00:00+00:00,2.9303,2.9374,2.9185,2.9362,8099087.9
2025-08-06 01:15:00+00:00,2.9361,2.9392,2.92,2.9227,6993033.9
2025-08-06 01:30:00+00:00,2.9227,2.942,2.9227,2.937,4851041.2
2025-08-06 01:45:00+00:00,2.9371,2.9419,2.9275,2.9388,6503490.3
2025-08-06 02:00:00+00:00,2.9387,2.94,2.9164,2.9235,7413013.4
2025-08-06 02:15:00+00:00,2.9234,2.9344,2.9214,2.9323,4538494.8
2025-08-06 02:30:00+00:00,2.9323,2.936,2.922,2.931,5065524.8
2025-08-06 02:45:00+00:00,2.931,2.9338,2.9263,2.9312,2468975.7
2025-08-06 03:00:00+00:00,2.9312,2.9329,2.9205,2.9231,3705000.8
2025-08-06 03:15:00+00:00,2.9231,2.9233,2.9074,2.9114,9874249.0
2025-08-06 03:30:00+00:00,2.9113,2.9206,2.9092,2.9187,4370822.5
2025-08-06 03:45:00+00:00,2.9186,2.923,2.912,2.9129,2936122.5
2025-08-06 04:00:00+00:00,2.913,2.9159,2.9033,2.9045,6127289.0
2025-08-06 04:15:00+00:00,2.9046,2.9174,2.9036,2.9123,3835960.5
2025-08-06 04:30:00+00:00,2.9123,2.9176,2.9006,2.9067,4762490.3
2025-08-06 04:45:00+00:00,2.9066,2.9124,2.9048,2.9101,3423507.0
2025-08-06 05:00:00+00:00,2.91,2.9394,2.9047,2.9392,8971360.3
2025-08-06 05:15:00+00:00,2.9391,2.954,2.9369,2.9369,14631316.7
2025-08-06 05:30:00+00:00,2.9369,2.965,2.934,2.9604,16573428.0
2025-08-06 05:45:00+00:00,2.9604,2.9669,2.9444,2.9497,10205381.9
2025-08-06 06:00:00+00:00,2.9498,2.9512,2.9304,2.9352,7996079.7
2025-08-06 06:15:00+00:00,2.9353,2.9428,2.9283,2.9375,5174169.6
2025-08-06 06:30:00+00:00,2.9376,2.9522,2.9335,2.9472,5477254.7
2025-08-06 06:45:00+00:00,2.9473,2.9547,2.9445,2.9473,3501346.1
2025-08-06 07:00:00+00:00,2.9473,2.9597,2.9423,2.9558,5019886.5
2025-08-06 07:15:00+00:00,2.9558,2.959,2.9499,2.9582,2876275.6
2025-08-06 07:30:00+00:00,2.9581,2.9586,2.9442,2.9476,4225740.0
2025-08-06 07:45:00+00:00,2.9476,2.9548,2.9459,2.9545,3047102.4
2025-08-06 08:00:00+00:00,2.9545,2.9589,2.9397,2.9431,5360489.8
2025-08-06 08:15:00+00:00,2.943,2.9516,2.9359,2.9416,6075468.0
2025-08-06 08:30:00+00:00,2.9416,2.9417,2.9209,2.9218,8941534.4
2025-08-06 08:45:00+00:00,2.9219,2.9288,2.9175,2.9287,8585721.0
2025-08-06 09:00:00+00:00,2.9287,2.942,2.9213,2.9411,6536266.0
2025-08-06 09:15:00+00:00,2.9411,2.952,2.9407,2.9444,7631082.4
2025-08-06 09:30:00+00:00,2.9444,2.9513,2.9333,2.9364,7091196.8
2025-08-06 09:45:00+00:00,2.9364,2.9432,2.9324,2.9424,2891381.7
2025-08-06 10:00:00+00:00,2.9424,2.9461,2.9342,2.9385,3537579.7
2025-08-06 10:15:00+00:00,2.9384,2.945,2.9257,2.9338,6316662.0
2025-08-06 10:30:00+00:00,2.9337,2.9421,2.9308,2.9406,3557155.6
2025-08-06 10:45:00+00:00,2.9405,2.9425,2.9313,2.9349,3553370.8
2025-08-06 11:00:00+00:00,2.9349,2.9487,2.9336,2.9484,5924183.0
2025-08-06 11:15:00+00:00,2.9485,2.9531,2.9455,2.9513,3662951.7
2025-08-06 11:30:00+00:00,2.9513,2.9554,2.9456,2.9491,3875957.6
2025-08-06 11:45:00+00:00,2.9492,2.9492,2.9403,2.9449,2295408.5
2025-08-06 12:00:00+00:00,2.9448,2.9528,2.9272,2.9294,7143904.9
2025-08-06 12:15:00+00:00,2.9294,2.9425,2.9213,2.9334,8788314.6
2025-08-06 12:30:00+00:00,2.9334,2.9477,2.9317,2.9376,5186788.3
2025-08-06 12:45:00+00:00,2.9376,2.9451,2.9353,2.9382,4895650.5
2025-08-06 13:00:00+00:00,2.9382,2.9504,2.9382,2.95,5090576.9
2025-08-06 13:15:00+00:00,2.95,2.9523,2.9433,2.9481,4634497.1
2025-08-06 13:30:00+00:00,2.9482,2.9587,2.9297,2.954,17363663.6
2025-08-06 13:45:00+00:00,2.9541,2.9578,2.9355,2.9472,11866608.7
2025-08-06 14:00:00+00:00,2.9473,2.9723,2.9472,2.9579,15658223.9
2025-08-06 14:15:00+00:00,2.958,2.9639,2.937,2.9474,11881112.2
2025-08-06 14:30:00+00:00,2.9473,2.9648,2.9432,2.9607,8408061.4
2025-08-06 14:45:00+00:00,2.9608,2.9839,2.9533,2.9835,14189443.0
2025-08-06 15:00:00+00:00,2.9836,2.9868,2.966,2.9736,14519580.0
2025-08-06 15:15:00+00:00,2.9736,2.9793,2.9691,2.9743,6811935.8
2025-08-06 15:30:00+00:00,2.9742,2.9853,2.9723,2.9796,7599190.9
2025-08-06 15:45:00+00:00,2.9795,3.0082,2.9755,3.0022,15579392.5
2025-08-06 16:00:00+00:00,3.0023,3.0137,2.9862,2.9935,22977320.2
2025-08-06 16:15:00+00:00,2.9935,2.9998,2.9845,2.9856,7534660.5
2025-08-06 16:30:00+00:00,2.9857,2.9911,2.9743,2.9752,7910474.2
2025-08-06 16:45:00+00:00,2.9752,2.9846,2.9743,2.9791,4918239.9
2025-08-06 17:00:00+00:00,2.9791,2.9815,2.9681,2.9772,7208240.3
2025-08-06 17:15:00+00:00,2.9772,2.9883,2.9765,2.988,3960226.9
2025-08-06 17:30:00+00:00,2.988,2.9974,2.9804,2.9973,4278426.3
2025-08-06 17:45:00+00:00,2.9973,3.0024,2.9937,3.0018,6406114.4
2025-08-06 18:00:00+00:00,3.0017,3.0144,3.0017,3.0141,7211813.6
2025-08-06 18:15:00+00:00,3.0141,3.0168,2.9985,3.0059,8649192.3
2025-08-06 18:30:00+00:00,3.0059,3.0112,2.9967,2.9979,6406349.5
2025-08-06 18:45:00+00:00,2.9979,3.0032,2.994,3.0001,3501551.7
2025-08-06 19:00:00+00:00,3.0001,3.01,2.9999,3.0086,3994138.9
2025-08-06 19:15:00+00:00,3.0086,3.0123,3.0054,3.0062,3435585.7
2025-08-06 19:30:00+00:00,3.0061,3.0079,3.0015,3.0031,2719345.8
2025-08-06 19:45:00+00:00,3.0031,3.0103,2.9967,3.01,5526401.7
2025-08-06 20:00:00+00:00,3.01,3.0102,3.0017,3.0028,2971562.4
2025-08-06 20:15:00+00:00,3.0028,3.0037,2.9994,3.001,1715247.3
2025-08-06 20:30:00+00:00,3.0011,3.0029,2.99,2.9953,4957531.9
2025-08-06 20:45:00+00:00,2.9953,2.9953,2.9906,2.9928,3096840.6
2025-08-06 21:00:00+00:00,2.9929,3.0041,2.9926,2.9989,3967176.5
2025-08-06 21:15:00+00:00,2.9988,3.0015,2.997,2.9978,2364232.5
2025-08-06 21:30:00+00:00,2.9978,2.9982,2.9789,2.987,6944269.7
2025-08-06 21:45:00+00:00,2.9869,2.9932,2.9869,2.9924,2086070.1
2025-08-06 22:00:00+00:00,2.9924,2.9973,2.9881,2.9955,4378640.1
2025-08-06 22:15:00+00:00,2.9954,2.9983,2.9902,2.9953,2343360.1
2025-08-06 22:30:00+00:00,2.9952,2.9982,2.9923,2.9942,2102528.2
2025-08-06 22:45:00+00:00,2.9942,2.9988,2.9934,2.9979,2147668.1
2025-08-06 23:00:00+00:00,2.9978,3.0008,2.9953,2.9995,2420447.6
2025-08-06 23:15:00+00:00,2.9996,3.0004,2.9925,2.9937,1964990.3
2025-08-06 23:30:00+00:00,2.9938,2.9947,2.9903,2.9933,2584677.4
2025-08-06 23:45:00+00:00,2.9933,2.995,2.9888,2.9896,2607044.1
2025-08-07 00:00:00+00:00,2.9896,2.9899,2.98,2.9833,5475346.6
2025-08-07 00:15:00+00:00,2.9832,2.9848,2.9779,2.9847,3656567.4
2025-08-07 00:30:00+00:00,2.9847,2.9928,2.9833,2.989,3991195.9
2025-08-07 00:45:00+00:00,2.9891,2.9909,2.9841,2.986,2734695.8
2025-08-07 01:00:00+00:00,2.986,2.99,2.981,2.9874,3397140.2
2025-08-07 01:15:00+00:00,2.9875,3.0074,2.9833,3.0049,7603102.1
2025-08-07 01:30:00+00:00,3.0048,3.01,2.9976,3.0003,6775609.9
2025-08-07 01:45:00+00:00,3.0003,3.001,2.982,2.9843,6041468.6
2025-08-07 02:00:00+00:00,2.9843,2.9871,2.9755,2.9861,7083625.8
2025-08-07 02:15:00+00:00,2.986,2.9887,2.9833,2.9862,2322943.6
2025-08-07 02:30:00+00:00,2.9861,2.9862,2.9764,2.9765,3010414.2
2025-08-07 02:45:00+00:00,2.9765,2.979,2.9712,2.9742,4191464.2
2025-08-07 03:00:00+00:00,2.9742,2.9796,2.9701,2.9703,2496181.5
2025-08-07 03:15:00+00:00,2.9703,2.9724,2.9661,2.9686,4051385.5
2025-08-07 03:30:00+00:00,2.9685,2.9717,2.9663,2.9709,2500308.8
2025-08-07 03:45:00+00:00,2.9709,2.974,2.9668,2.9669,2386076.6
2025-08-07 04:00:00+00:00,2.9669,2.9758,2.963,2.9721,7374596.2
2025-08-07 04:15:00+00:00,2.9721,2.9818,2.9716,2.9788,2482363.5
2025-08-07 04:30:00+00:00,2.9788,2.9794,2.9722,2.9735,2433001.5
2025-08-07 04:45:00+00:00,2.9734,2.9757,2.9688,2.9748,2136239.6
2025-08-07 05:00:00+00:00,2.9748,2.9762,2.9697,2.9714,1734269.5
2025-08-07 05:15:00+00:00,2.9713,2.9805,2.97,2.9788,2141568.1
2025-08-07 05:30:00+00:00,2.9788,2.9847,2.9784,2.9829,2202007.8
2025-08-07 05:45:00+00:00,2.9829,2.9945,2.9815,2.9938,4402223.9
2025-08-07 06:00:00+00:00,2.9937,3.0072,2.9912,3.0041,8151380.0
2025-08-07 06:15:00+00:00,3.004,3.0044,2.9971,3.0016,5460629.4
2025-08-07 06:30:00+00:00,3.0015,3.0094,2.9984,3.0076,5677017.2
2025-08-07 06:45:00+00:00,3.0075,3.0132,2.9968,2.9996,5993592.1
2025-08-07 07:00:00+00:00,2.9995,3.0091,2.9983,3.006,3632224.9
2025-08-07 07:15:00+00:00,3.006,3.0098,3.0018,3.0059,4036094.5
2025-08-07 07:30:00+00:00,3.0058,3.0085,3.0031,3.0036,3078263.5
2025-08-07 07:45:00+00:00,3.0035,3.0067,2.9974,2.999,3310713.6
2025-08-07 08:00:00+00:00,2.9989,3.0089,2.9981,3.0015,4597167.8
2025-08-07 08:15:00+00:00,3.0014,3.006,2.9981,3.0038,4107955.9
2025-08-07 08:30:00+00:00,3.0038,3.0038,2.9921,2.9959,5046131.5
2025-08-07 08:45:00+00:00,2.9959,2.998,2.9931,2.9956,2750252.5
2025-08-07 09:00:00+00:00,2.9957,2.9973,2.987,2.9889,5186915.3
2025-08-07 09:15:00+00:00,2.9889,3.0033,2.988,3.0031,4230028.4
2025-08-07 09:30:00+00:00,3.0031,3.0059,2.9978,3.0007,3831464.9
2025-08-07 09:45:00+00:00,3.0008,3.0065,2.9975,3.0053,3821098.3
2025-08-07 10:00:00+00:00,3.0053,3.0534,3.0042,3.0517,24730077.1
2025-08-07 10:15:00+00:00,3.0517,3.0578,3.0415,3.0576,19181962.3
2025-08-07 10:30:00+00:00,3.0576,3.0752,3.0561,3.0738,19644061.1
2025-08-07 10:45:00+00:00,3.0737,3.0745,3.0626,3.0688,13547086.3
2025-08-07 11:00:00+00:00,3.0687,3.0823,3.0653,3.0808,11533840.1
2025-08-07 11:15:00+00:00,3.0807,3.0874,3.0746,3.0846,11956522.0
2025-08-07 11:30:00+00:00,3.0845,3.0846,3.0713,3.0763,9768078.1
2025-08-07 11:45:00+00:00,3.0764,3.0862,3.0742,3.078,8584863.5
2025-08-07 12:00:00+00:00,3.078,3.0846,3.0686,3.073,12271743.1
2025-08-07 12:15:00+00:00,3.0729,3.0744,3.062,3.0699,13281978.8
2025-08-07 12:30:00+00:00,3.0698,3.0765,3.0631,3.0738,7332361.3
2025-08-07 12:45:00+00:00,3.0738,3.0791,3.0598,3.0762,6861594.1
2025-08-07 13:00:00+00:00,3.0762,3.0778,3.071,3.0722,4421474.9
2025-08-07 13:15:00+00:00,3.0723,3.0758,3.0676,3.0709,4816137.3
2025-08-07 13:30:00+00:00,3.0709,3.0838,3.066,3.0758,10700790.9
2025-08-07 13:45:00+00:00,3.0757,3.0757,3.0652,3.0699,5612475.8
2025-08-07 14:00:00+00:00,3.07,3.0711,3.0544,3.0561,9709370.4
2025-08-07 14:15:00+00:00,3.0562,3.0664,3.0549,3.0564,7756795.2
2025-08-07 14:30:00+00:00,3.0564,3.061,3.0473,3.0512,10449757.0
2025-08-07 14:45:00+00:00,3.0513,3.0532,3.0428,3.0473,7428382.7
2025-08-07 15:00:00+00:00,3.0473,3.049,3.0397,3.0438,5674531.6
2025-08-07 15:15:00+00:00,3.0439,3.0559,3.0408,3.05,5741498.4
2025-08-07 15:30:00+00:00,3.05,3.0666,3.0487,3.0637,11008432.8
2025-08-07 15:45:00+00:00,3.0638,3.0646,3.056,3.061,5142235.0
2025-08-07 16:00:00+00:00,3.061,3.065,3.0555,3.0582,4136308.0
2025-08-07 16:15:00+00:00,3.0582,3.0602,3.0491,3.055,4455851.8
2025-08-07 16:30:00+00:00,3.055,3.0573,3.0325,3.033,7459945.6
2025-08-07 16:45:00+00:00,3.0331,3.0395,3.0076,3.0365,25440931.6
2025-08-07 17:00:00+00:00,3.0365,3.0425,3.028,3.0357,8919375.3
2025-08-07 17:15:00+00:00,3.0358,3.0414,3.0331,3.037,4774868.8
2025-08-07 17:30:00+00:00,3.037,3.0458,3.0313,3.0453,4551165.0
2025-08-07 17:45:00+00:00,3.0453,3.0525,3.0433,3.0485,3887169.0
2025-08-07 18:00:00+00:00,3.0485,3.0528,3.0395,3.0429,4968467.1
2025-08-07 18:15:00+00:00,3.0429,3.0508,3.0386,3.0493,2854995.9
2025-08-07 18:30:00+00:00,3.0492,3.0504,3.0429,3.0429,1717958.7
2025-08-07 18:45:00+00:00,3.0429,3.0564,3.0422,3.0525,3337364.6
2025-08-07 19:00:00+00:00,3.0525,3.0572,3.0505,3.056,2565165.4
2025-08-07 19:15:00+00:00,3.0559,3.0595,3.0527,3.0594,2535459.2
2025-08-07 19:30:00+00:00,3.0594,3.0724,3.0573,3.0722,8148640.6
2025-08-07 19:45:00+00:00,3.0721,3.1008,3.072,3.1001,20288935.6
2025-08-07 20:00:00+00:00,3.1002,3.1196,3.099,3.1041,19595608.3
2025-08-07 20:15:00+00:00,3.1041,3.119,3.1006,3.1138,10395471.5
2025-08-07 20:30:00+00:00,3.1139,3.1166,3.109,3.1093,5960143.5
2025-08-07 20:45:00+00:00,3.1093,3.112,3.103,3.1096,7095224.1
2025-08-07 21:00:00+00:00,3.1097,3.1104,3.1017,3.1054,5698649.2
2025-08-07 21:15:00+00:00,3.1054,3.1781,3.1044,3.1779,36207548.3
2025-08-07 21:30:00+00:00,3.178,3.2391,3.1713,3.2389,75658540.9
2025-08-07 21:45:00+00:00,3.239,3.2976,3.2169,3.2485,71176884.4
2025-08-07 22:00:00+00:00,3.2484,3.281,3.2413,3.2692,50923376.9
2025-08-07 22:15:00+00:00,3.2694,3.2899,3.2601,3.2785,34588789.4
2025-08-07 22:30:00+00:00,3.2785,3.2822,3.2584,3.2801,24139901.3
2025-08-07 22:45:00+00:00,3.2803,3.3302,3.2768,3.3237,46834661.8
2025-08-07 23:00:00+00:00,3.3237,3.3332,3.2778,3.2829,42346538.7
2025-08-07 23:15:00+00:00,3.2829,3.307,3.2777,3.3058,16544511.8
2025-08-07 23:30:00+00:00,3.3057,3.3251,3.2975,3.3152,19352231.4
2025-08-07 23:45:00+00:00,3.3151,3.3298,3.3054,3.3181,21601271.3
2025-08-08 00:00:00+00:00,3.3181,3.3366,3.2874,3.3304,48096894.3
2025-08-08 00:15:00+00:00,3.3303,3.336,3.2864,3.3135,40149447.8
2025-08-08 00:30:00+00:00,3.3135,3.3333,3.2914,3.3027,25827587.4
2025-08-08 00:45:00+00:00,3.3028,3.3244,3.2958,3.2972,17726299.5
2025-08-08 01:00:00+00:00,3.2972,3.3029,3.2696,3.2963,39188913.7
2025-08-08 01:15:00+00:00,3.2963,3.3068,3.274,3.2992,27434657.8
2025-08-08 01:30:00+00:00,3.2992,3.3057,3.286,3.2905,11431322.9
2025-08-08 01:45:00+00:00,3.2905,3.3216,3.2858,3.3192,16715231.6
2025-08-08 02:00:00+00:00,3.3191,3.322,3.307,3.3177,11776171.3
2025-08-08 02:15:00+00:00,3.3177,3.3246,3.3042,3.3177,10092709.6
2025-08-08 02:30:00+00:00,3.3177,3.3325,3.3162,3.3313,11254933.3
2025-08-08 02:45:00+00:00,3.3313,3.3494,3.3309,3.3403,23335572.6
2025-08-08 03:00:00+00:00,3.3403,3.375,3.3305,3.3621,27545019.9
2025-08-08 03:15:00+00:00,3.3621,3.3712,3.3539,3.3633,19540460.1
2025-08-08 03:30:00+00:00,3.3633,3.3708,3.3479,3.3658,15156478.7
2025-08-08 03:45:00+00:00,3.366,3.375,3.3558,3.375,10868156.4
2025-08-08 04:00:00+00:00,3.375,3.3813,3.3403,3.3519,25758079.4
2025-08-08 04:15:00+00:00,3.352,3.3609,3.3424,3.3598,9604133.5
2025-08-08 04:30:00+00:00,3.3599,3.3765,3.358,3.3709,9892326.1
2025-08-08 04:45:00+00:00,3.371,3.373,3.3474,3.3493,8266627.8
2025-08-08 05:00:00+00:00,3.3493,3.3508,3.3306,3.3392,15815145.8
2025-08-08 05:15:00+00:00,3.3392,3.3484,3.3245,3.3277,15287011.1
2025-08-08 05:30:00+00:00,3.3277,3.3288,3.3121,3.3179,22919299.1
2025-08-08 05:45:00+00:00,3.318,3.3212,3.308,3.3152,9437817.1
2025-08-08 06:00:00+00:00,3.3153,3.3324,3.3048,3.3288,17339247.6
2025-08-08 06:15:00+00:00,3.3288,3.3401,3.3217,3.336,8830923.2
2025-08-08 06:30:00+00:00,3.336,3.3447,3.3318,3.3438,8167436.8
2025-08-08 06:45:00+00:00,3.3437,3.3491,3.3337,3.3479,5517444.4
2025-08-08 07:00:00+00:00,3.348,3.351,3.328,3.3367,7104311.1
2025-08-08 07:15:00+00:00,3.3368,3.349,3.3241,3.3379,8749552.6
2025-08-08 07:30:00+00:00,3.3379,3.3525,3.3378,3.3461,7850613.6
2025-08-08 07:45:00+00:00,3.3462,3.3598,3.3442,3.3546,7324708.9
2025-08-08 08:00:00+00:00,3.3545,3.3592,3.351,3.3548,8805708.7
2025-08-08 08:15:00+00:00,3.3548,3.3598,3.341,3.3495,10123238.4
2025-08-08 08:30:00+00:00,3.3495,3.3496,3.3312,3.3375,12021903.2
2025-08-08 08:45:00+00:00,3.3375,3.338,3.3207,3.3357,11682057.7
2025-08-08 09:00:00+00:00,3.3356,3.3425,3.332,3.3364,7749147.2
2025-08-08 09:15:00+00:00,3.3364,3.3395,3.3126,3.3189,10821166.4
2025-08-08 09:30:00+00:00,3.319,3.3215,3.3106,3.3173,8355354.1
2025-08-08 09:45:00+00:00,3.3174,3.3295,3.3173,3.3269,5491974.3
2025-08-08 10:00:00+00:00,3.327,3.3321,3.3165,3.3189,6173284.7
2025-08-08 10:15:00+00:00,3.319,3.321,3.3044,3.3092,8983232.3
2025-08-08 10:30:00+00:00,3.3092,3.3216,3.3048,3.3123,5825614.8
2025-08-08 10:45:00+00:00,3.3123,3.3141,3.3014,3.3089,7110346.6
2025-08-08 11:00:00+00:00,3.3089,3.3239,3.3088,3.3219,7310078.4
2025-08-08 11:15:00+00:00,3.322,3.3292,3.3217,3.3247,4852991.0
2025-08-08 11:30:00+00:00,3.3247,3.3368,3.324,3.3293,5296597.3
2025-08-08 11:45:00+00:00,3.3292,3.3371,3.3287,3.3353,3898630.4
2025-08-08 12:00:00+00:00,3.3352,3.3368,3.3081,3.3196,10744599.0
2025-08-08 12:15:00+00:00,3.3197,3.3261,3.3101,3.3147,6099127.5
2025-08-08 12:30:00+00:00,3.3148,3.3312,3.3066,3.3273,9379044.3
2025-08-08 12:45:00+00:00,3.3274,3.3325,3.3134,3.3201,10725655.3
2025-08-08 13:00:00+00:00,3.3201,3.3286,3.3191,3.3191,5380577.0
2025-08-08 13:15:00+00:00,3.3192,3.331,3.3148,3.331,6328060.6
2025-08-08 13:30:00+00:00,3.3309,3.3385,3.3125,3.3338,15640011.6
2025-08-08 13:45:00+00:00,3.3339,3.3558,3.3338,3.3498,23752455.8
2025-08-08 14:00:00+00:00,3.3498,3.372,3.3235,3.3335,40429566.8
2025-08-08 14:15:00+00:00,3.3335,3.3367,3.311,3.323,25977491.5
2025-08-08 14:30:00+00:00,3.323,3.3246,3.2721,3.284,46753357.2
2025-08-08 14:45:00+00:00,3.284,3.2956,3.2714,3.2793,18167798.9
2025-08-08 15:00:00+00:00,3.2792,3.2802,3.224,3.2404,59895977.4
2025-08-08 15:15:00+00:00,3.2405,3.245,3.2299,3.2349,19088278.6
2025-08-08 15:30:00+00:00,3.2348,3.2389,3.205,3.2105,33069949.8
2025-08-08 15:45:00+00:00,3.2105,3.2256,3.2092,3.2206,18202618.8
2025-08-08 16:00:00+00:00,3.2205,3.2481,3.2191,3.2302,25352849.6
2025-08-08 16:15:00+00:00,3.2302,3.245,3.2243,3.2414,9609268.0
2025-08-08 16:30:00+00:00,3.2414,3.2435,3.2302,3.2336,6600264.8
2025-08-08 16:45:00+00:00,3.2336,3.2467,3.2329,3.2451,5831329.9
2025-08-08 17:00:00+00:00,3.2451,3.2617,3.2442,3.2594,14325964.6
2025-08-08 17:15:00+00:00,3.2593,3.2659,3.2514,3.2609,11178907.4
2025-08-08 17:30:00+00:00,3.2608,3.285,3.26,3.2816,16088802.5
2025-08-08 17:45:00+00:00,3.2815,3.2924,3.2747,3.2918,11798305.6
2025-08-08 18:00:00+00:00,3.2918,3.2955,3.2818,3.2868,13940981.5
2025-08-08 18:15:00+00:00,3.2869,3.292,3.2769,3.2833,8750981.4
2025-08-08 18:30:00+00:00,3.2832,3.2936,3.2719,3.2785,10699656.6
2025-08-08 18:45:00+00:00,3.2785,3.2791,3.2616,3.275,16560568.2
2025-08-08 19:00:00+00:00,3.2751,3.28,3.2691,3.2755,7164672.2
2025-08-08 19:15:00+00:00,3.2756,3.2913,3.2752,3.2877,8055970.4
2025-08-08 19:30:00+00:00,3.2878,3.2979,3.2841,3.2946,5468838.2
2025-08-08 19:45:00+00:00,3.2947,3.3382,3.2891,3.3373,20237120.7
2025-08-08 20:00:00+00:00,3.3373,3.3375,3.3038,3.3055,15629449.5
2025-08-08 20:15:00+00:00,3.3056,3.3128,3.2955,3.3067,5659271.4
2025-08-08 20:30:00+00:00,3.3066,3.3129,3.3005,3.3045,3829545.3
2025-08-08 20:45:00+00:00,3.3045,3.3178,3.2985,3.3104,8661981.4
2025-08-08 21:00:00+00:00,3.3104,3.3139,3.3021,3.3117,4886753.4
2025-08-08 21:15:00+00:00,3.3117,3.3117,3.3005,3.3019,2907542.8
2025-08-08 21:30:00+00:00,3.3019,3.3109,3.3018,3.3093,2535210.8
2025-08-08 21:45:00+00:00,3.3093,3.3093,3.3023,3.3023,1916639.5
2025-08-08 22:00:00+00:00,3.3023,3.3026,3.2856,3.296,11289110.8
2025-08-08 22:15:00+00:00,3.2959,3.302,3.2936,3.2993,3403528.2
2025-08-08 22:30:00+00:00,3.2993,3.3,3.2908,3.2939,3415619.7
2025-08-08 22:45:00+00:00,3.2939,3.2976,3.2857,3.2871,5156763.0
2025-08-08 23:00:00+00:00,3.2871,3.2979,3.2844,3.2968,4846122.7
2025-08-08 23:15:00+00:00,3.2969,3.2996,3.2838,3.2847,4485545.7
2025-08-08 23:30:00+00:00,3.2848,3.2864,3.2778,3.2839,9256723.0
2025-08-08 23:45:00+00:00,3.2839,3.2916,3.2819,3.2848,4373354.3
2025-08-09 00:00:00+00:00,3.2848,3.2942,3.2787,3.2942,6511235.3
2025-08-09 00:15:00+00:00,3.2943,3.299,3.2872,3.2896,6316242.8
2025-08-09 00:30:00+00:00,3.2896,3.2916,3.283,3.2867,3005155.5
2025-08-09 00:45:00+00:00,3.2867,3.2982,3.2852,3.2967,6620452.9
2025-08-09 01:00:00+00:00,3.2967,3.302,3.2931,3.2942,6893529.8
2025-08-09 01:15:00+00:00,3.2943,3.2963,3.286,3.2923,3413605.9
2025-08-09 01:30:00+00:00,3.2924,3.3074,3.2916,3.3061,6606693.3
2025-08-09 01:45:00+00:00,3.3062,3.3131,3.3016,3.304,4889133.7
2025-08-09 02:00:00+00:00,3.304,3.3041,3.2922,3.2999,4215840.7
2025-08-09 02:15:00+00:00,3.2999,3.3054,3.298,3.3011,2185922.8
2025-08-09 02:30:00+00:00,3.3012,3.3043,3.295,3.3018,2181757.3
2025-08-09 02:45:00+00:00,3.3018,3.3057,3.2963,3.303,3519205.3
2025-08-09 03:00:00+00:00,3.303,3.3071,3.2987,3.3059,3443013.8
2025-08-09 03:15:00+00:00,3.3059,3.3071,3.3004,3.3021,1717582.8
2025-08-09 03:30:00+00:00,3.3021,3.3029,3.2956,3.2973,2338188.3
2025-08-09 03:45:00+00:00,3.2972,3.2974,3.2882,3.2903,4110127.6
2025-08-09 04:00:00+00:00,3.2902,3.2984,3.2868,3.2978,3714493.7
2025-08-09 04:15:00+00:00,3.2977,3.299,3.2891,3.2911,3853880.2
2025-08-09 04:30:00+00:00,3.2914,3.3082,3.2897,3.2961,6455342.6
2025-08-09 04:45:00+00:00,3.296,3.3033,3.292,3.2985,4096920.6
2025-08-09 05:00:00+00:00,3.2985,3.3242,3.295,3.3119,22049788.3
2025-08-09 05:15:00+00:00,3.3119,3.3312,3.3105,3.3281,14629348.8
2025-08-09 05:30:00+00:00,3.3281,3.3343,3.3132,3.3177,14035406.7
2025-08-09 05:45:00+00:00,3.3177,3.327,3.3108,3.3125,6883087.4
2025-08-09 06:00:00+00:00,3.3125,3.3151,3.3002,3.3028,11150650.3
2025-08-09 06:15:00+00:00,3.3028,3.3093,3.2978,3.3037,7590352.9
2025-08-09 06:30:00+00:00,3.3037,3.3055,3.2954,3.298,5883592.8
2025-08-09 06:45:00+00:00,3.298,3.3047,3.2965,3.3035,3543992.6
2025-08-09 07:00:00+00:00,3.3034,3.3133,3.2994,3.3104,4665815.4
2025-08-09 07:15:00+00:00,3.3104,3.3172,3.3101,3.3154,3796197.1
2025-08-09 07:30:00+00:00,3.3154,3.3196,3.3111,3.3191,4306864.9
2025-08-09 07:45:00+00:00,3.3191,3.3242,3.3161,3.3198,4494311.3
2025-08-09 08:00:00+00:00,3.3198,3.3224,3.3137,3.3159,3594566.9
2025-08-09 08:15:00+00:00,3.316,3.3246,3.3131,3.3239,3418262.2
2025-08-09 08:30:00+00:00,3.324,3.3285,3.3183,3.328,5605914.2
2025-08-09 08:45:00+00:00,3.3279,3.328,3.3111,3.3202,7052023.6
2025-08-09 09:00:00+00:00,3.3203,3.3294,3.3185,3.3279,5433967.7
2025-08-09 09:15:00+00:00,3.328,3.3431,3.3241,3.3337,12098958.0
2025-08-09 09:30:00+00:00,3.3337,3.3439,3.3292,3.3379,11319784.2
2025-08-09 09:45:00+00:00,3.3378,3.3468,3.3334,3.3341,7828776.3
2025-08-09 10:00:00+00:00,3.334,3.3437,3.3317,3.343,6835274.6
2025-08-09 10:15:00+00:00,3.343,3.3454,3.3312,3.3316,6774896.3
2025-08-09 10:30:00+00:00,3.3315,3.335,3.3252,3.3264,7918374.1
2025-08-09 10:45:00+00:00,3.3264,3.3358,3.3263,3.3319,5516560.0
2025-08-09 11:00:00+00:00,3.3319,3.3327,3.3151,3.316,8576709.5
2025-08-09 11:15:00+00:00,3.316,3.3261,3.3159,3.3229,4904320.6
2025-08-09 11:30:00+00:00,3.3229,3.3232,3.3042,3.3105,7570708.5
2025-08-09 11:45:00+00:00,3.3104,3.3129,3.3034,3.308,5533005.6
2025-08-09 12:00:00+00:00,3.308,3.317,3.3015,3.3161,5768797.6
2025-08-09 12:15:00+00:00,3.3161,3.3265,3.3143,3.325,5811006.0
2025-08-09 12:30:00+00:00,3.325,3.325,3.3127,3.3161,4590968.9
2025-08-09 12:45:00+00:00,3.316,3.3255,3.3155,3.3235,3021827.6
2025-08-09 13:00:00+00:00,3.3235,3.3257,3.293,3.298,14542860.5
2025-08-09 13:15:00+00:00,3.298,3.3039,3.2901,3.2962,15312947.6
2025-08-09 13:30:00+00:00,3.2963,3.2966,3.2751,3.2898,15735416.1
2025-08-09 13:45:00+00:00,3.2898,3.2898,3.2756,3.2759,8287986.5
2025-08-09 14:00:00+00:00,3.276,3.2837,3.245,3.2825,38795785.2
2025-08-09 14:15:00+00:00,3.2825,3.2913,3.272,3.2887,9961650.6
2025-08-09 14:30:00+00:00,3.2887,3.292,3.2837,3.2867,5578449.6
2025-08-09 14:45:00+00:00,3.2867,3.2946,3.2794,3.2942,5541332.3
2025-08-09 15:00:00+00:00,3.2941,3.2946,3.2802,3.2869,5840845.3
2025-08-09 15:15:00+00:00,3.2868,3.2939,3.2623,3.2727,13768475.5
2025-08-09 15:30:00+00:00,3.2727,3.2766,3.2641,3.2719,8485426.6
2025-08-09 15:45:00+00:00,3.2719,3.2785,3.2684,3.2713,4706097.7
2025-08-09 16:00:00+00:00,3.2713,3.2809,3.2711,3.2804,5937738.6
2025-08-09 16:15:00+00:00,3.2805,3.2854,3.273,3.2748,4871923.3
2025-08-09 16:30:00+00:00,3.2749,3.281,3.2641,3.2768,5543291.1
2025-08-09 16:45:00+00:00,3.2767,3.281,3.2682,3.2711,3981395.7
2025-08-09 17:00:00+00:00,3.271,3.2809,3.2651,3.2807,6155348.1
2025-08-09 17:15:00+00:00,3.2807,3.2892,3.2791,3.2867,4622192.9
2025-08-09 17:30:00+00:00,3.2867,3.2968,3.282,3.2893,6157479.5
2025-08-09 17:45:00+00:00,3.2893,3.2893,3.2814,3.283,4954742.3
2025-08-09 18:00:00+00:00,3.2829,3.283,3.2752,3.2806,5317297.8
2025-08-09 18:15:00+00:00,3.2805,3.2884,3.278,3.2844,3148133.1
2025-08-09 18:30:00+00:00,3.2843,3.2863,3.2771,3.2801,4337097.4
2025-08-09 18:45:00+00:00,3.28,3.2864,3.2771,3.2833,3452078.3
2025-08-09 19:00:00+00:00,3.2833,3.2929,3.28,3.2875,2929965.5
2025-08-09 19:15:00+00:00,3.2875,3.2877,3.2714,3.2762,4438899.1
2025-08-09 19:30:00+00:00,3.2763,3.2785,3.2614,3.267,8581316.5
2025-08-09 19:45:00+00:00,3.2669,3.271,3.2573,3.2637,4913897.0
2025-08-09 20:00:00+00:00,3.2636,3.2647,3.2526,3.2573,7181280.1
2025-08-09 20:15:00+00:00,3.2572,3.2733,3.25,3.2711,9851885.4
2025-08-09 20:30:00+00:00,3.2711,3.2746,3.2601,3.2646,5849899.5
2025-08-09 20:45:00+00:00,3.2646,3.267,3.2513,3.2575,5688479.2
2025-08-09 21:00:00+00:00,3.2575,3.2647,3.2501,3.256,4382101.9
2025-08-09 21:15:00+00:00,3.2561,3.2562,3.2348,3.2386,13425723.6
2025-08-09 21:30:00+00:00,3.2386,3.2493,3.231,3.2429,7385344.4
2025-08-09 21:45:00+00:00,3.2428,3.2579,3.2428,3.2472,4844951.9
2025-08-09 22:00:00+00:00,3.247,3.2506,3.2404,3.2439,4706550.1
2025-08-09 22:15:00+00:00,3.2438,3.2621,3.2381,3.2553,8121015.1
2025-08-09 22:30:00+00:00,3.2552,3.2552,3.2188,3.2234,25902857.7
2025-08-09 22:45:00+00:00,3.2234,3.2281,3.2061,3.2247,12455072.2
2025-08-09 23:00:00+00:00,3.2247,3.2307,3.2121,3.2176,6917962.8
2025-08-09 23:15:00+00:00,3.2176,3.2274,3.2156,3.2199,4248005.4
2025-08-09 23:30:00+00:00,3.22,3.2326,3.2176,3.2291,3823490.5
2025-08-09 23:45:00+00:00,3.2292,3.2313,3.2222,3.2245,3581670.9
2025-08-10 00:00:00+00:00,3.2245,3.2393,3.224,3.2385,6683551.2
2025-08-10 00:15:00+00:00,3.2385,3.2415,3.234,3.2394,4285880.1
2025-08-10 00:30:00+00:00,3.2394,3.2434,3.2342,3.2416,3644240.6
2025-08-10 00:45:00+00:00,3.2416,3.243,3.2275,3.2326,6635715.0
2025-08-10 01:00:00+00:00,3.2325,3.2388,3.217,3.2213,7563938.7
2025-08-10 01:15:00+00:00,3.2212,3.2304,3.2202,3.2263,3461616.2
2025-08-10 01:30:00+00:00,3.2264,3.2372,3.2258,3.2347,5157502.2
2025-08-10 01:45:00+00:00,3.2347,3.2368,3.2284,3.2356,2809059.6
2025-08-10 02:00:00+00:00,3.2357,3.2425,3.232,3.2414,6330868.2
2025-08-10 02:15:00+00:00,3.2415,3.2473,3.2371,3.2447,5398589.0
2025-08-10 02:30:00+00:00,3.2447,3.2453,3.2252,3.2287,4876839.4
2025-08-10 02:45:00+00:00,3.2288,3.243,3.2288,3.2406,3650322.9
2025-08-10 03:00:00+00:00,3.2406,3.2514,3.2372,3.2509,10377984.1
2025-08-10 03:15:00+00:00,3.2508,3.262,3.2426,3.2572,12536151.9
2025-08-10 03:30:00+00:00,3.2572,3.2629,3.2493,3.2602,6807668.2
2025-08-10 03:45:00+00:00,3.2601,3.2605,3.2512,3.2571,3771440.9
2025-08-10 04:00:00+00:00,3.2572,3.2619,3.2489,3.259,4179390.5
2025-08-10 04:15:00+00:00,3.259,3.2657,3.256,3.2611,3917695.2
2025-08-10 04:30:00+00:00,3.2611,3.2735,3.2606,3.2694,6494819.0
2025-08-10 04:45:00+00:00,3.2695,3.2775,3.269,3.2725,6779212.7
2025-08-10 05:00:00+00:00,3.2725,3.2731,3.2544,3.26,6489898.0
2025-08-10 05:15:00+00:00,3.26,3.2612,3.2445,3.2466,7832720.9
2025-08-10 05:30:00+00:00,3.2466,3.2659,3.2454,3.2648,5294983.9
2025-08-10 05:45:00+00:00,3.2648,3.2662,3.2521,3.2545,4336591.1
2025-08-10 06:00:00+00:00,3.2546,3.2619,3.2502,3.2577,3649403.1
2025-08-10 06:15:00+00:00,3.2576,3.2577,3.2348,3.2373,10348171.7
2025-08-10 06:30:00+00:00,3.2373,3.2505,3.2347,3.2461,5908777.9
2025-08-10 06:45:00+00:00,3.2461,3.2526,3.2413,3.2472,3522212.0
2025-08-10 07:00:00+00:00,3.2472,3.2531,3.246,3.2474,2827760.9
2025-08-10 07:15:00+00:00,3.2475,3.2475,3.2329,3.2337,4798360.2
2025-08-10 07:30:00+00:00,3.2336,3.2368,3.161,3.1669,59342386.5
2025-08-10 07:45:00+00:00,3.1669,3.1895,3.161,3.1861,23949582.3
2025-08-10 08:00:00+00:00,3.186,3.1872,3.1511,3.1757,28898482.0
2025-08-10 08:15:00+00:00,3.1759,3.1946,3.1737,3.1945,10704159.7
2025-08-10 08:30:00+00:00,3.1946,3.1964,3.1873,3.1941,7323024.0
2025-08-10 08:45:00+00:00,3.1941,3.2101,3.1941,3.2071,9262610.9
2025-08-10 09:00:00+00:00,3.2072,3.2119,3.2042,3.2073,4707652.6
2025-08-10 09:15:00+00:00,3.2072,3.214,3.2045,3.2071,3855233.4
2025-08-10 09:30:00+00:00,3.2071,3.2139,3.2047,3.208,4239759.2
2025-08-10 09:45:00+00:00,3.2079,3.2186,3.2076,3.2129,4861514.1
2025-08-10 10:00:00+00:00,3.2128,3.2152,3.2005,3.2006,4922378.9
2025-08-10 10:15:00+00:00,3.2006,3.2084,3.1903,3.1918,7092094.6
2025-08-10 10:30:00+00:00,3.1918,3.2027,3.1795,3.201,9646178.7
2025-08-10 10:45:00+00:00,3.2009,3.2068,3.1882,3.1884,9942659.8
2025-08-10 11:00:00+00:00,3.1884,3.1907,3.1759,3.1896,8401630.1
2025-08-10 11:15:00+00:00,3.1895,3.1954,3.1832,3.1923,4176492.4
2025-08-10 11:30:00+00:00,3.1924,3.2031,3.1865,3.1958,6459870.5
2025-08-10 11:45:00+00:00,3.1958,3.202,3.1874,3.19,5023653.6
2025-08-10 12:00:00+00:00,3.1901,3.1956,3.1833,3.1866,4750217.4
2025-08-10 12:15:00+00:00,3.1866,3.1894,3.1782,3.1831,6347245.8
2025-08-10 12:30:00+00:00,3.183,3.1939,3.1808,3.1909,3947679.5
2025-08-10 12:45:00+00:00,3.1909,3.1942,3.182,3.187,3868356.2
2025-08-10 13:00:00+00:00,3.1871,3.195,3.1862,3.1897,2573721.0
2025-08-10 13:15:00+00:00,3.1897,3.1922,3.1806,3.1867,2896673.4
2025-08-10 13:30:00+00:00,3.1868,3.1877,3.1674,3.1755,10073776.4
2025-08-10 13:45:00+00:00,3.1755,3.1801,3.1611,3.1623,7527559.0
2025-08-10 14:00:00+00:00,3.1623,3.1764,3.1555,3.1735,10650967.4
2025-08-10 14:15:00+00:00,3.1735,3.1888,3.1719,3.185,6861258.3
2025-08-10 14:30:00+00:00,3.185,3.2019,3.1841,3.1986,11325217.1
2025-08-10 14:45:00+00:00,3.1986,3.2033,3.1923,3.1993,9118712.4
2025-08-10 15:00:00+00:00,3.1993,3.202,3.1923,3.1981,6385199.9
2025-08-10 15:15:00+00:00,3.1982,3.2014,3.185,3.1962,7308986.1
2025-08-10 15:30:00+00:00,3.1963,3.1963,3.183,3.1892,4027155.2
2025-08-10 15:45:00+00:00,3.1892,3.1956,3.178,3.1835,5355865.9
2025-08-10 16:00:00+00:00,3.1834,3.195,3.1804,3.1891,5171624.5
2025-08-10 16:15:00+00:00,3.1891,3.1973,3.1884,3.1945,3937500.8
2025-08-10 16:30:00+00:00,3.1945,3.199,3.1919,3.1961,3606490.9
2025-08-10 16:45:00+00:00,3.1962,3.2,3.1917,3.1961,2292154.9
2025-08-10 17:00:00+00:00,3.196,3.1974,3.1889,3.189,3326197.6
2025-08-10 17:15:00+00:00,3.1889,3.1912,3.1802,3.1837,3484625.9
2025-08-10 17:30:00+00:00,3.1838,3.1947,3.1838,3.1921,2110570.2
2025-08-10 17:45:00+00:00,3.192,3.1992,3.1906,3.1961,2668292.2
2025-08-10 18:00:00+00:00,3.1962,3.1993,3.1938,3.1967,2291139.8
2025-08-10 18:15:00+00:00,3.1967,3.1972,3.193,3.1934,1247958.6
2025-08-10 18:30:00+00:00,3.1933,3.2023,3.1922,3.2011,2434427.4
2025-08-10 18:45:00+00:00,3.201,3.2074,3.1981,3.2061,3306098.2
2025-08-10 19:00:00+00:00,3.206,3.213,3.2006,3.2123,3545720.7
2025-08-10 19:15:00+00:00,3.2123,3.2126,3.2029,3.2036,3267407.3
2025-08-10 19:30:00+00:00,3.2035,3.2115,3.2026,3.2062,2722589.7
2025-08-10 19:45:00+00:00,3.2063,3.2099,3.2044,3.2053,2577467.6
2025-08-10 20:00:00+00:00,3.2052,3.2068,3.19,3.1998,7069209.2
2025-08-10 20:15:00+00:00,3.1998,3.2021,3.1754,3.1828,16682808.9
2025-08-10 20:30:00+00:00,3.1828,3.1975,3.1776,3.1967,6896745.1
2025-08-10 20:45:00+00:00,3.1966,3.1966,3.1807,3.1843,7397919.2
2025-08-10 21:00:00+00:00,3.1843,3.1849,3.167,3.1725,9474739.7
2025-08-10 21:15:00+00:00,3.1725,3.1847,3.1616,3.1634,7832276.4
2025-08-10 21:30:00+00:00,3.1634,3.1673,3.1561,3.1671,8579544.5
2025-08-10 21:45:00+00:00,3.167,3.1836,3.167,3.1814,4076759.4
2025-08-10 22:00:00+00:00,3.1815,3.1832,3.1676,3.1751,7184759.3
2025-08-10 22:15:00+00:00,3.1752,3.1919,3.1749,3.1788,7282257.9
2025-08-10 22:30:00+00:00,3.1789,3.1869,3.1778,3.1825,3934852.3
2025-08-10 22:45:00+00:00,3.1825,3.1826,3.1705,3.179,3323614.9
2025-08-10 23:00:00+00:00,3.1791,3.1847,3.1738,3.1738,2914562.0
2025-08-10 23:15:00+00:00,3.1739,3.1763,3.1633,3.1749,7439616.8
2025-08-10 23:30:00+00:00,3.1748,3.1833,3.1716,3.1823,3250240.4
2025-08-10 23:45:00+00:00,3.1822,3.1915,3.1812,3.1856,4062229.0
2025-08-11 00:00:00+00:00,3.1855,3.1874,3.1706,3.1786,6624838.6
2025-08-11 00:15:00+00:00,3.1785,3.2006,3.1765,3.1998,7822473.1
2025-08-11 00:30:00+00:00,3.1997,3.2062,3.1874,3.2009,10453340.0
2025-08-11 00:45:00+00:00,3.2009,3.2032,3.1924,3.1925,5781388.4
2025-08-11 01:00:00+00:00,3.1924,3.2079,3.1904,3.2045,6053126.0
2025-08-11 01:15:00+00:00,3.2045,3.2162,3.2012,3.2148,6426729.7
2025-08-11 01:30:00+00:00,3.2148,3.2309,3.2148,3.2199,15070902.9
2025-08-11 01:45:00+00:00,3.22,3.2253,3.2161,3.2233,5992640.2
2025-08-11 02:00:00+00:00,3.2233,3.2555,3.2213,3.2533,22051508.4
2025-08-11 02:15:00+00:00,3.2532,3.2654,3.2477,3.2627,17399701.1
2025-08-11 02:30:00+00:00,3.2628,3.2699,3.2549,3.2666,10886028.1
2025-08-11 02:45:00+00:00,3.2666,3.2686,3.2604,3.2621,7381915.7
2025-08-11 03:00:00+00:00,3.262,3.2687,3.2475,3.2678,11657301.5
2025-08-11 03:15:00+00:00,3.2678,3.2726,3.2553,3.2581,10303135.2
2025-08-11 03:30:00+00:00,3.2582,3.2605,3.2501,3.2509,3766957.8
2025-08-11 03:45:00+00:00,3.2509,3.267,3.2503,3.2641,5213149.6
2025-08-11 04:00:00+00:00,3.2642,3.2764,3.2617,3.2731,7298228.4
2025-08-11 04:15:00+00:00,3.273,3.2754,3.2592,3.2595,5033914.3
2025-08-11 04:30:00+00:00,3.2595,3.2658,3.2542,3.2645,4222757.1
2025-08-11 04:45:00+00:00,3.2643,3.269,3.2561,3.2606,5785614.1
2025-08-11 05:00:00+00:00,3.2607,3.281,3.2599,3.2801,9301691.7
2025-08-11 05:15:00+00:00,3.28,3.2814,3.2736,3.274,6402713.8
2025-08-11 05:30:00+00:00,3.274,3.2769,3.2715,3.2715,3723803.1
2025-08-11 05:45:00+00:00,3.2715,3.2716,3.2617,3.2699,4786079.4
2025-08-11 06:00:00+00:00,3.2699,3.2813,3.2673,3.2689,6172316.3
2025-08-11 06:15:00+00:00,3.2689,3.2705,3.2587,3.2634,4306475.5
2025-08-11 06:30:00+00:00,3.2634,3.2745,3.2601,3.2736,3950629.9
2025-08-11 06:45:00+00:00,3.2735,3.2778,3.2677,3.2777,3480857.1
2025-08-11 07:00:00+00:00,3.2776,3.2878,3.2726,3.2731,9195732.8
2025-08-11 07:15:00+00:00,3.2731,3.2734,3.261,3.2667,6256424.5
2025-08-11 07:30:00+00:00,3.2666,3.2678,3.2501,3.2578,13847312.1
2025-08-11 07:45:00+00:00,3.2577,3.2578,3.2323,3.2442,15702794.4
2025-08-11 08:00:00+00:00,3.2442,3.2583,3.2273,3.2571,14167064.8
2025-08-11 08:15:00+00:00,3.2572,3.3156,3.2549,3.3141,36703030.0
2025-08-11 08:30:00+00:00,3.314,3.3328,3.2965,3.3098,32962776.1
2025-08-11 08:45:00+00:00,3.3099,3.3126,3.2926,3.298,16363323.3
2025-08-11 09:00:00+00:00,3.298,3.3202,3.2979,3.3126,11674290.1
2025-08-11 09:15:00+00:00,3.3125,3.3125,3.2941,3.2967,8862337.6
2025-08-11 09:30:00+00:00,3.2966,3.3011,3.2773,3.2864,12562572.3
2025-08-11 09:45:00+00:00,3.2864,3.2914,3.2689,3.2794,8542632.8
2025-08-11 10:00:00+00:00,3.2794,3.2806,3.2585,3.2659,9799048.5
2025-08-11 10:15:00+00:00,3.2658,3.2832,3.249,3.2759,16428849.7
2025-08-11 10:30:00+00:00,3.2759,3.2783,3.2592,3.2625,6215142.7
2025-08-11 10:45:00+00:00,3.2624,3.2673,3.2502,3.2548,9613439.8
2025-08-11 11:00:00+00:00,3.2548,3.2641,3.2392,3.2529,16470836.8
2025-08-11 11:15:00+00:00,3.2529,3.2529,3.2143,3.2146,24836452.9
2025-08-11 11:30:00+00:00,3.2146,3.2449,3.2109,3.2419,20218099.1
2025-08-11 11:45:00+00:00,3.2419,3.243,3.2024,3.2137,21544838.4
2025-08-11 12:00:00+00:00,3.2137,3.2307,3.2077,3.2199,12431522.7
2025-08-11 12:15:00+00:00,3.2198,3.2344,3.2143,3.2228,10439080.8
2025-08-11 12:30:00+00:00,3.2227,3.2349,3.1956,3.2055,28655686.0
2025-08-11 12:45:00+00:00,3.2055,3.2105,3.1938,3.206,18929990.7
2025-08-11 13:00:00+00:00,3.206,3.2077,3.1816,3.1908,18007544.5
2025-08-11 13:15:00+00:00,3.1908,3.2053,3.1832,3.1883,10196392.0
2025-08-11 13:30:00+00:00,3.1884,3.2223,3.1865,3.2188,22613603.9
2025-08-11 13:45:00+00:00,3.2188,3.2241,3.203,3.2158,16221132.4
2025-08-11 14:00:00+00:00,3.2158,3.229,3.199,3.2046,15115091.5
2025-08-11 14:15:00+00:00,3.2047,3.2177,3.201,3.2154,8402799.5
2025-08-11 14:30:00+00:00,3.2155,3.2322,3.209,3.2091,12798086.5
2025-08-11 14:45:00+00:00,3.209,3.2108,3.1885,3.1932,12566118.7
2025-08-11 15:00:00+00:00,3.1932,3.1978,3.1746,3.1834,15210397.8
2025-08-11 15:15:00+00:00,3.1835,3.1977,3.1765,3.1792,8809490.9
2025-08-11 15:30:00+00:00,3.1793,3.201,3.1776,3.1997,8020186.2
2025-08-11 15:45:00+00:00,3.1997,3.2091,3.1918,3.2073,6787243.9
2025-08-11 16:00:00+00:00,3.2074,3.223,3.2046,3.2111,16551603.4
2025-08-11 16:15:00+00:00,3.2112,3.2148,3.1955,3.2045,9761848.9
2025-08-11 16:30:00+00:00,3.2046,3.213,3.1824,3.1837,12546890.5
2025-08-11 16:45:00+00:00,3.1838,3.1978,3.1825,3.1863,5775630.7
2025-08-11 17:00:00+00:00,3.1862,3.1991,3.1841,3.1917,5163548.4
2025-08-11 17:15:00+00:00,3.1916,3.2273,3.175,3.2209,26839094.1
2025-08-11 17:30:00+00:00,3.221,3.221,3.1834,3.1874,18053482.3
2025-08-11 17:45:00+00:00,3.1875,3.1923,3.175,3.1908,10041054.7
2025-08-11 18:00:00+00:00,3.1909,3.193,3.1607,3.188,26125048.0
2025-08-11 18:15:00+00:00,3.188,3.1976,3.1794,3.1913,8926154.2
2025-08-11 18:30:00+00:00,3.1914,3.2062,3.1914,3.1934,5320899.0
2025-08-11 18:45:00+00:00,3.1934,3.2087,3.1888,3.2053,3667775.5
2025-08-11 19:00:00+00:00,3.2054,3.2054,3.1911,3.1938,3547840.9
2025-08-11 19:15:00+00:00,3.1938,3.1979,3.1846,3.1918,3227016.5
2025-08-11 19:30:00+00:00,3.1918,3.1982,3.181,3.1811,5209939.9
2025-08-11 19:45:00+00:00,3.181,3.183,3.1433,3.1474,33311795.6
2025-08-11 20:00:00+00:00,3.1474,3.1502,3.1341,3.1414,18449677.4
2025-08-11 20:15:00+00:00,3.1414,3.1574,3.1351,3.1546,7992011.7
2025-08-11 20:30:00+00:00,3.1545,3.1615,3.1462,3.1613,5637226.3
2025-08-11 20:45:00+00:00,3.1613,3.1663,3.157,3.1611,4523109.6
2025-08-11 21:00:00+00:00,3.161,3.1698,3.1584,3.1638,4578882.5
2025-08-11 21:15:00+00:00,3.1638,3.1664,3.1466,3.1593,5140847.5
2025-08-11 21:30:00+00:00,3.1594,3.1602,3.12,3.1375,20392189.4
2025-08-11 21:45:00+00:00,3.1375,3.1401,3.1159,3.1369,10524892.4
2025-08-11 22:00:00+00:00,3.1369,3.1387,3.1213,3.1289,6848989.4
2025-08-11 22:15:00+00:00,3.1289,3.1401,3.1156,3.1282,9466156.7
2025-08-11 22:30:00+00:00,3.1281,3.1405,3.1223,3.1338,6629129.5
2025-08-11 22:45:00+00:00,3.1337,3.1408,3.1324,3.1364,3353900.4
2025-08-11 23:00:00+00:00,3.1363,3.1452,3.1315,3.1425,5427125.3
2025-08-11 23:15:00+00:00,3.1424,3.1427,3.1282,3.1325,4148787.3
2025-08-11 23:30:00+00:00,3.1325,3.1392,3.131,3.1384,2614398.5
2025-08-11 23:45:00+00:00,3.1385,3.14,3.128,3.1281,3119470.1
2025-08-12 00:00:00+00:00,3.1281,3.1407,3.1258,3.1398,7721906.2
2025-08-12 00:15:00+00:00,3.1397,3.148,3.1389,3.1421,7342663.3
2025-08-12 00:30:00+00:00,3.1421,3.1433,3.1312,3.1375,4237070.0
2025-08-12 00:45:00+00:00,3.1375,3.1507,3.1373,3.1462,6773460.8
2025-08-12 01:00:00+00:00,3.1462,3.1542,3.1415,3.1465,6165863.1
2025-08-12 01:15:00+00:00,3.1466,3.156,3.1432,3.1555,5287842.1
2025-08-12 01:30:00+00:00,3.1555,3.1612,3.1517,3.1607,4151999.8
2025-08-12 01:45:00+00:00,3.1608,3.1636,3.1556,3.1612,5185245.1
2025-08-12 02:00:00+00:00,3.1612,3.1672,3.1562,3.1651,3909228.1
2025-08-12 02:15:00+00:00,3.1651,3.1724,3.1622,3.1722,5860694.4
2025-08-12 02:30:00+00:00,3.1722,3.1742,3.1685,3.1716,4818935.7
2025-08-12 02:45:00+00:00,3.1716,3.1717,3.159,3.1599,4551488.0
2025-08-12 03:00:00+00:00,3.1598,3.1613,3.1485,3.1498,5786289.9
2025-08-12 03:15:00+00:00,3.1498,3.1511,3.142,3.1478,4396122.1
2025-08-12 03:30:00+00:00,3.1478,3.157,3.1477,3.1516,3671280.9
2025-08-12 03:45:00+00:00,3.1517,3.1546,3.1455,3.1473,3133069.0
2025-08-12 04:00:00+00:00,3.1473,3.1571,3.144,3.1535,3437389.5
2025-08-12 04:15:00+00:00,3.1536,3.1612,3.1509,3.1611,2856066.1
2025-08-12 04:30:00+00:00,3.1612,3.1647,3.1564,3.1607,3205671.2
2025-08-12 04:45:00+00:00,3.1607,3.1634,3.1573,3.1617,2170230.2
2025-08-12 05:00:00+00:00,3.1618,3.1619,3.1428,3.1534,5993433.7
2025-08-12 05:15:00+00:00,3.1535,3.1538,3.13,3.1331,8758153.7
2025-08-12 05:30:00+00:00,3.1331,3.1336,3.122,3.1249,9353028.9
2025-08-12 05:45:00+00:00,3.125,3.1408,3.125,3.1403,5596878.9
2025-08-12 06:00:00+00:00,3.1403,3.1447,3.1214,3.1224,6999996.1
2025-08-12 06:15:00+00:00,3.1224,3.1496,3.1136,3.1443,10535097.6
2025-08-12 06:30:00+00:00,3.1444,3.1474,3.1351,3.1451,5031013.1
2025-08-12 06:45:00+00:00,3.1451,3.148,3.1407,3.1425,2855445.0
2025-08-12 07:00:00+00:00,3.1425,3.1583,3.1425,3.1553,5720969.2
2025-08-12 07:15:00+00:00,3.1552,3.16,3.1537,3.1539,3956167.7
2025-08-12 07:30:00+00:00,3.1539,3.1547,3.1437,3.1492,5083312.6
2025-08-12 07:45:00+00:00,3.1492,3.1545,3.1477,3.1544,2667599.5
2025-08-12 08:00:00+00:00,3.1544,3.1555,3.1381,3.1453,6375432.4
2025-08-12 08:15:00+00:00,3.1452,3.1489,3.1394,3.1429,2720823.1
2025-08-12 08:30:00+00:00,3.143,3.1593,3.1407,3.1589,4764683.5
2025-08-12 08:45:00+00:00,3.1588,3.1632,3.1467,3.1497,6669787.2
2025-08-12 09:00:00+00:00,3.1496,3.1527,3.1287,3.1303,6736696.5
2025-08-12 09:15:00+00:00,3.1304,3.1409,3.1285,3.1398,4111584.0
2025-08-12 09:30:00+00:00,3.1399,3.1399,3.1297,3.1325,2761894.2
2025-08-12 09:45:00+00:00,3.1324,3.1369,3.123,3.1271,4604327.7
2025-08-12 10:00:00+00:00,3.1271,3.1271,3.1024,3.1088,15825624.1
2025-08-12 10:15:00+00:00,3.1089,3.122,3.1046,3.1202,7538222.8
2025-08-12 10:30:00+00:00,3.1202,3.1274,3.1125,3.1187,5456337.4
2025-08-12 10:45:00+00:00,3.1187,3.1302,3.1187,3.127,3723879.3
2025-08-12 11:00:00+00:00,3.127,3.1335,3.1167,3.1216,6309092.8
2025-08-12 11:15:00+00:00,3.1216,3.1475,3.1215,3.1449,7193275.1
2025-08-12 11:30:00+00:00,3.145,3.1572,3.1446,3.1521,9303451.9
2025-08-12 11:45:00+00:00,3.152,3.1606,3.1486,3.1486,5586047.8
2025-08-12 12:00:00+00:00,3.1486,3.1528,3.1441,3.1468,5337146.3
2025-08-12 12:15:00+00:00,3.1467,3.1645,3.1412,3.1608,9506582.5
2025-08-12 12:30:00+00:00,3.1609,3.1983,3.1609,3.1946,51711320.5
2025-08-12 12:45:00+00:00,3.1945,3.2014,3.1807,3.1837,20134203.5
2025-08-12 13:00:00+00:00,3.1838,3.1869,3.1624,3.1796,17025496.8
2025-08-12 13:15:00+00:00,3.1796,3.191,3.1735,3.1903,6898749.3
2025-08-12 13:30:00+00:00,3.1902,3.1977,3.17,3.1731,12303507.6
2025-08-12 13:45:00+00:00,3.1731,3.18,3.1584,3.1736,16663309.0
2025-08-12 14:00:00+00:00,3.1735,3.1867,3.1671,3.1856,9888208.4
2025-08-12 14:15:00+00:00,3.1856,3.1918,3.1754,3.1875,5997804.9
2025-08-12 14:30:00+00:00,3.1876,3.1979,3.1857,3.1972,7519865.4
2025-08-12 14:45:00+00:00,3.1972,3.2098,3.1895,3.2034,11798019.3
2025-08-12 15:00:00+00:00,3.2033,3.2152,3.2019,3.2035,11109065.2
2025-08-12 15:15:00+00:00,3.2035,3.2179,3.2016,3.2149,10824535.3
2025-08-12 15:30:00+00:00,3.2148,3.2169,3.2035,3.2059,10524184.1
2025-08-12 15:45:00+00:00,3.206,3.2144,3.2015,3.2115,7728409.2
2025-08-12 16:00:00+00:00,3.2115,3.2143,3.204,3.2142,8826195.2
2025-08-12 16:15:00+00:00,3.2142,3.2235,3.2091,3.2205,9836894.3
2025-08-12 16:30:00+00:00,3.2206,3.2259,3.2133,3.2171,8758527.8
2025-08-12 16:45:00+00:00,3.2172,3.2336,3.215,3.2299,10392950.4
2025-08-12 17:00:00+00:00,3.23,3.2395,3.226,3.2369,8126993.2
2025-08-12 17:15:00+00:00,3.2369,3.2495,3.2299,3.2348,13631740.5
2025-08-12 17:30:00+00:00,3.2349,3.2404,3.2253,3.2322,9345127.9
2025-08-12 17:45:00+00:00,3.2322,3.2378,3.2258,3.229,5910099.2
2025-08-12 18:00:00+00:00,3.229,3.2418,3.2263,3.2409,6200210.9
2025-08-12 18:15:00+00:00,3.2408,3.2569,3.2401,3.2514,12359581.5
2025-08-12 18:30:00+00:00,3.2514,3.254,3.2387,3.247,7978780.9
2025-08-12 18:45:00+00:00,3.247,3.2497,3.2355,3.2452,5836961.8
2025-08-12 19:00:00+00:00,3.2452,3.2526,3.2446,3.2499,3682288.9
2025-08-12 19:15:00+00:00,3.2499,3.2655,3.2499,3.2651,7289850.5
2025-08-12 19:30:00+00:00,3.2651,3.2775,3.2602,3.2621,13516332.6
2025-08-12 19:45:00+00:00,3.2622,3.289,3.2612,3.2872,13028117.8
2025-08-12 20:00:00+00:00,3.2872,3.2876,3.2711,3.2753,11428095.9
2025-08-12 20:15:00+00:00,3.2752,3.306,3.2739,3.291,30923821.7
2025-08-12 20:30:00+00:00,3.2909,3.3035,3.2817,3.2937,13224883.4
2025-08-12 20:45:00+00:00,3.2937,3.2954,3.283,3.2899,8716396.3
2025-08-12 21:00:00+00:00,3.2899,3.2899,3.2679,3.2726,15244840.9
2025-08-12 21:15:00+00:00,3.2726,3.293,3.2718,3.2854,10524065.3
2025-08-12 21:30:00+00:00,3.2855,3.2898,3.276,3.284,5677469.9
2025-08-12 21:45:00+00:00,3.2841,3.2888,3.2666,3.273,7718062.6
2025-08-12 22:00:00+00:00,3.2731,3.2762,3.2566,3.267,15685278.0
2025-08-12 22:15:00+00:00,3.267,3.2746,3.2618,3.2713,6027694.4
2025-08-12 22:30:00+00:00,3.2713,3.277,3.2629,3.2642,4275823.0
2025-08-12 22:45:00+00:00,3.2642,3.2803,3.263,3.2744,5860231.1
2025-08-12 23:00:00+00:00,3.2744,3.278,3.2679,3.2689,4702547.7
2025-08-12 23:15:00+00:00,3.2689,3.27,3.2622,3.2681,5526845.5
2025-08-12 23:30:00+00:00,3.2681,3.2781,3.2625,3.2747,8288769.6
2025-08-12 23:45:00+00:00,3.2748,3.2762,3.2646,3.2665,4543100.5
2025-08-13 00:00:00+00:00,3.2666,3.2666,3.2572,3.2615,8468121.3
2025-08-13 00:15:00+00:00,3.2615,3.2624,3.2518,3.2548,6571422.0
2025-08-13 00:30:00+00:00,3.2547,3.2627,3.2522,3.255,8683164.1
2025-08-13 00:45:00+00:00,3.255,3.2609,3.2423,3.2462,10431706.4
2025-08-13 01:00:00+00:00,3.2462,3.2466,3.215,3.2162,20582597.4
2025-08-13 01:15:00+00:00,3.2163,3.2354,3.2163,3.2351,9191113.0
2025-08-13 01:30:00+00:00,3.235,3.2368,3.2167,3.2209,6474263.1
2025-08-13 01:45:00+00:00,3.2209,3.2273,3.2181,3.2225,4551089.7
2025-08-13 02:00:00+00:00,3.2225,3.2225,3.2055,3.2065,9803822.9
2025-08-13 02:15:00+00:00,3.2065,3.2128,3.206,3.21,6617440.5
2025-08-13 02:30:00+00:00,3.2099,3.2309,3.2096,3.2297,7754099.8
2025-08-13 02:45:00+00:00,3.2296,3.2399,3.2281,3.2387,7031364.7
2025-08-13 03:00:00+00:00,3.2386,3.2449,3.2218,3.2266,8492544.8
2025-08-13 03:15:00+00:00,3.2266,3.2397,3.2264,3.2318,5391393.7
2025-08-13 03:30:00+00:00,3.2318,3.2486,3.2281,3.2479,7696236.0
2025-08-13 03:45:00+00:00,3.2479,3.25,3.2392,3.2409,6461303.9
2025-08-13 04:00:00+00:00,3.2409,3.2551,3.2382,3.2514,8921987.0
2025-08-13 04:15:00+00:00,3.2514,3.2568,3.2478,3.2478,5339314.7
2025-08-13 04:30:00+00:00,3.2479,3.2548,3.2393,3.2452,6662303.9
2025-08-13 04:45:00+00:00,3.2453,3.2548,3.2399,3.2503,4774934.6
2025-08-13 05:00:00+00:00,3.2502,3.2525,3.2454,3.2466,4456020.4
2025-08-13 05:15:00+00:00,3.2466,3.2493,3.2412,3.2486,5004648.5
2025-08-13 05:30:00+00:00,3.2485,3.2489,3.2236,3.2256,11540114.9
2025-08-13 05:45:00+00:00,3.2256,3.2276,3.2114,3.2179,9873328.5
2025-08-13 06:00:00+00:00,3.2178,3.2238,3.2012,3.2225,13235160.3
2025-08-13 06:15:00+00:00,3.2225,3.226,3.2101,3.2147,6033182.1
2025-08-13 06:30:00+00:00,3.2147,3.2259,3.2143,3.2149,4651358.1
2025-08-13 06:45:00+00:00,3.215,3.23,3.2144,3.2243,4772311.8
2025-08-13 07:00:00+00:00,3.2243,3.2323,3.2206,3.2208,5482535.9
2025-08-13 07:15:00+00:00,3.2208,3.2291,3.2203,3.2269,3583043.9
2025-08-13 07:30:00+00:00,3.2269,3.2305,3.219,3.2279,4686192.0
2025-08-13 07:45:00+00:00,3.2279,3.2419,3.2228,3.2386,8311658.3
2025-08-13 08:00:00+00:00,3.2385,3.2505,3.238,3.2498,10398682.7
2025-08-13 08:15:00+00:00,3.2498,3.2754,3.2465,3.2693,18632327.8
2025-08-13 08:30:00+00:00,3.2693,3.2855,3.2681,3.2835,13926487.3
2025-08-13 08:45:00+00:00,3.2834,3.2878,3.2737,3.2862,10502724.8
2025-08-13 09:00:00+00:00,3.2861,3.2934,3.2832,3.286,11172738.1
2025-08-13 09:15:00+00:00,3.2861,3.2861,3.2698,3.2774,11546060.6
2025-08-13 09:30:00+00:00,3.2774,3.2801,3.267,3.2754,8618593.7
2025-08-13 09:45:00+00:00,3.2755,3.2907,3.2745,3.2888,11367011.5
2025-08-13 10:00:00+00:00,3.2889,3.2906,3.2773,3.2779,9267074.8
2025-08-13 10:15:00+00:00,3.2779,3.2882,3.2763,3.2827,8580827.1
2025-08-13 10:30:00+00:00,3.2827,3.2996,3.2801,3.2954,10702312.2
2025-08-13 10:45:00+00:00,3.2953,3.2954,3.2879,3.2914,6286862.0
2025-08-13 11:00:00+00:00,3.2914,3.2978,3.284,3.2928,7707358.6
2025-08-13 11:15:00+00:00,3.2929,3.2931,3.2766,3.2793,8913102.1
2025-08-13 11:30:00+00:00,3.2794,3.2864,3.2746,3.2858,5947671.8
2025-08-13 11:45:00+00:00,3.2858,3.2918,3.2824,3.2847,5738153.5
2025-08-13 12:00:00+00:00,3.2846,3.2907,3.2771,3.2855,5798389.8
2025-08-13 12:15:00+00:00,3.2856,3.294,3.2834,3.2888,6068007.4
2025-08-13 12:30:00+00:00,3.2888,3.2911,3.2762,3.2859,6601391.7
2025-08-13 12:45:00+00:00,3.2859,3.2876,3.27,3.2707,12128125.0
2025-08-13 13:00:00+00:00,3.2708,3.282,3.2705,3.2789,8668682.5
2025-08-13 13:15:00+00:00,3.2789,3.3366,3.2775,3.3247,38219896.2
2025-08-13 13:30:00+00:00,3.3246,3.3363,3.2532,3.2736,65582090.5
2025-08-13 13:45:00+00:00,3.2736,3.3113,3.2701,3.2919,40980780.9
2025-08-13 14:00:00+00:00,3.292,3.2996,3.2779,3.2838,17629951.7
2025-08-13 14:15:00+00:00,3.2838,3.2875,3.2431,3.2661,43542985.6
2025-08-13 14:30:00+00:00,3.2661,3.2719,3.2497,3.2698,13773608.0
2025-08-13 14:45:00+00:00,3.2697,3.2723,3.2312,3.2396,22708503.3
2025-08-13 15:00:00+00:00,3.2397,3.2527,3.2272,3.2465,17837110.9
2025-08-13 15:15:00+00:00,3.2464,3.2508,3.2252,3.2438,15231298.3
2025-08-13 15:30:00+00:00,3.2438,3.2686,3.2363,3.2653,12582287.4
2025-08-13 15:45:00+00:00,3.2654,3.2656,3.2514,3.2556,7987299.0
2025-08-13 16:00:00+00:00,3.2556,3.2628,3.2487,3.2618,5964652.3
2025-08-13 16:15:00+00:00,3.2618,3.2792,3.2606,3.2751,10581742.7
2025-08-13 16:30:00+00:00,3.2751,3.2766,3.246,3.2496,11545998.2
2025-08-13 16:45:00+00:00,3.2497,3.2588,3.246,3.2535,5449732.7
2025-08-13 17:00:00+00:00,3.2535,3.2656,3.25,3.2631,5720160.5
2025-08-13 17:15:00+00:00,3.2631,3.2744,3.2618,3.2722,7615579.8
2025-08-13 17:30:00+00:00,3.2723,3.2746,3.2658,3.2717,5483767.6
2025-08-13 17:45:00+00:00,3.2717,3.2775,3.2658,3.2748,3399677.0
2025-08-13 18:00:00+00:00,3.2747,3.2792,3.2693,3.2769,4096877.2
2025-08-13 18:15:00+00:00,3.277,3.2785,3.2557,3.2591,6985511.3
2025-08-13 18:30:00+00:00,3.2591,3.268,3.2435,3.2595,7355551.6
2025-08-13 18:45:00+00:00,3.2594,3.272,3.2559,3.2682,3969028.8
2025-08-13 19:00:00+00:00,3.2682,3.2757,3.2659,3.2675,3969491.8
2025-08-13 19:15:00+00:00,3.2675,3.2812,3.2673,3.2759,5106593.0
2025-08-13 19:30:00+00:00,3.2759,3.2782,3.2689,3.2703,3435631.0
2025-08-13 19:45:00+00:00,3.2703,3.2847,3.27,3.2775,5875589.2
2025-08-13 20:00:00+00:00,3.2776,3.2793,3.2641,3.2718,6029120.4
2025-08-13 20:15:00+00:00,3.2718,3.2751,3.258,3.2639,4877919.2
2025-08-13 20:30:00+00:00,3.2639,3.2722,3.2636,3.2706,4334629.8
2025-08-13 20:45:00+00:00,3.2705,3.271,3.2623,3.2629,2178226.9
2025-08-13 21:00:00+00:00,3.2628,3.2757,3.2608,3.2707,4724536.3
2025-08-13 21:15:00+00:00,3.2708,3.2788,3.2708,3.2722,4025890.2
2025-08-13 21:30:00+00:00,3.2721,3.2772,3.2638,3.264,2695170.5
2025-08-13 21:45:00+00:00,3.2641,3.2666,3.2522,3.2587,5581697.8
2025-08-13 22:00:00+00:00,3.2587,3.2699,3.253,3.2678,6098614.3
2025-08-13 22:15:00+00:00,3.2678,3.2722,3.2597,3.2704,3729758.1
2025-08-13 22:30:00+00:00,3.2705,3.2866,3.2675,3.283,6049885.4
2025-08-13 22:45:00+00:00,3.283,3.2944,3.2682,3.2743,14030779.8
2025-08-13 23:00:00+00:00,3.2742,3.2899,3.2738,3.2805,9737892.1
2025-08-13 23:15:00+00:00,3.2805,3.2847,3.2782,3.2841,3372958.3
2025-08-13 23:30:00+00:00,3.2842,3.2909,3.2823,3.2845,5225278.9
2025-08-13 23:45:00+00:00,3.2845,3.2892,3.273,3.2752,6206487.5
2025-08-14 00:00:00+00:00,3.2752,3.2854,3.273,3.2814,9806369.5
2025-08-14 00:15:00+00:00,3.2814,3.2901,3.2748,3.2901,8055962.1
2025-08-14 00:30:00+00:00,3.2901,3.3048,3.2791,3.2907,21144816.0
2025-08-14 00:45:00+00:00,3.2906,3.299,3.2701,3.2989,14083728.8
2025-08-14 01:00:00+00:00,3.2988,3.309,3.2825,3.2899,18618987.7
2025-08-14 01:15:00+00:00,3.29,3.3012,3.284,3.2965,7143794.9
2025-08-14 01:30:00+00:00,3.2964,3.3304,3.2928,3.321,25443511.4
2025-08-14 01:45:00+00:00,3.3209,3.3317,3.311,3.3213,12374450.7
2025-08-14 02:00:00+00:00,3.3213,3.3393,3.3167,3.3234,15369740.6
2025-08-14 02:15:00+00:00,3.3234,3.3234,3.3061,3.311,10271151.5
2025-08-14 02:30:00+00:00,3.311,3.329,3.3096,3.329,7652179.8
2025-08-14 02:45:00+00:00,3.3289,3.3565,3.3236,3.3507,21269767.1
2025-08-14 03:00:00+00:00,3.3507,3.3508,3.3324,3.3389,11331215.5
2025-08-14 03:15:00+00:00,3.3388,3.3482,3.3373,3.3409,8338387.7
2025-08-14 03:30:00+00:00,3.3408,3.3446,3.3305,3.3342,10947919.7
2025-08-14 03:45:00+00:00,3.3341,3.3438,3.3261,3.3276,7431305.6
2025-08-14 04:00:00+00:00,3.3277,3.3328,3.3143,3.3165,9983931.3
2025-08-14 04:15:00+00:00,3.3166,3.3362,3.3161,3.327,6701863.7
2025-08-14 04:30:00+00:00,3.3269,3.3279,3.3118,3.3163,11336514.6
2025-08-14 04:45:00+00:00,3.3164,3.3174,3.304,3.3045,10404999.2
2025-08-14 05:00:00+00:00,3.3044,3.3119,3.288,3.2916,16680998.9
2025-08-14 05:15:00+00:00,3.2916,3.2988,3.2864,3.2864,7772867.6
2025-08-14 05:30:00+00:00,3.2865,3.2937,3.2722,3.2761,12877017.7
2025-08-14 05:45:00+00:00,3.2761,3.2826,3.2717,3.2757,9078032.1
2025-08-14 06:00:00+00:00,3.2756,3.2764,3.24,3.249,32009042.4
2025-08-14 06:15:00+00:00,3.249,3.2525,3.2347,3.2513,16829554.2
2025-08-14 06:30:00+00:00,3.2514,3.2701,3.2508,3.2649,15329241.3
2025-08-14 06:45:00+00:00,3.2648,3.2741,3.2637,3.266,8828736.2
2025-08-14 07:00:00+00:00,3.266,3.272,3.2457,3.2487,15038679.3
2025-08-14 07:15:00+00:00,3.2487,3.2533,3.2418,3.2491,7613825.6
2025-08-14 07:30:00+00:00,3.2491,3.2584,3.2448,3.2522,7315239.8
2025-08-14 07:45:00+00:00,3.2522,3.2565,3.2386,3.2555,9895538.4
2025-08-14 08:00:00+00:00,3.2555,3.2558,3.2252,3.2369,16772074.4
2025-08-14 08:15:00+00:00,3.2369,3.2454,3.2347,3.2406,8391979.7
2025-08-14 08:30:00+00:00,3.2406,3.2457,3.2226,3.2254,10959199.5
2025-08-14 08:45:00+00:00,3.2254,3.234,3.2247,3.2331,6229107.3
2025-08-14 09:00:00+00:00,3.2332,3.2384,3.2231,3.238,7935260.6
2025-08-14 09:15:00+00:00,3.238,3.2418,3.2315,3.2362,7835033.2
2025-08-14 09:30:00+00:00,3.2361,3.2392,3.2253,3.229,5624174.9
2025-08-14 09:45:00+00:00,3.229,3.2452,3.2289,3.2417,5770895.7
2025-08-14 10:00:00+00:00,3.2416,3.242,3.2279,3.2297,5951636.8
2025-08-14 10:15:00+00:00,3.2298,3.2394,3.226,3.2278,4491557.1
2025-08-14 10:30:00+00:00,3.2279,3.2346,3.1973,3.2066,27978701.8
2025-08-14 10:45:00+00:00,3.2067,3.2194,3.2066,3.2116,13927053.8
2025-08-14 11:00:00+00:00,3.2115,3.214,3.2013,3.2108,9925935.0
2025-08-14 11:15:00+00:00,3.2108,3.218,3.204,3.2133,7324840.1
2025-08-14 11:30:00+00:00,3.2133,3.2185,3.2063,3.2124,4639938.8
2025-08-14 11:45:00+00:00,3.2124,3.2182,3.211,3.2176,5427514.3
2025-08-14 12:00:00+00:00,3.2175,3.2273,3.215,3.2249,7397799.1
2025-08-14 12:15:00+00:00,3.2249,3.2346,3.2164,3.2263,12092404.9
2025-08-14 12:30:00+00:00,3.2263,3.2266,2.981,3.1328,205964437.3
2025-08-14 12:45:00+00:00,3.1328,3.136,3.0837,3.0997,64355365.4
2025-08-14 13:00:00+00:00,3.0997,3.1258,3.0377,3.1256,76009363.9
2025-08-14 13:15:00+00:00,3.1256,3.1267,3.0877,3.1004,30342248.7
2025-08-14 13:30:00+00:00,3.1005,3.1154,3.085,3.1036,30623502.2
2025-08-14 13:45:00+00:00,3.1036,3.1344,3.0997,3.1106,29074068.6
2025-08-14 14:00:00+00:00,3.1107,3.1148,3.0946,3.0995,17685486.5
2025-08-14 14:15:00+00:00,3.0996,3.1328,3.0996,3.1285,15537835.6
2025-08-14 14:30:00+00:00,3.1284,3.1396,3.1209,3.1225,23898776.8
2025-08-14 14:45:00+00:00,3.1224,3.1372,3.1172,3.1202,13389006.1
2025-08-14 15:00:00+00:00,3.1201,3.1241,3.1086,3.1099,11915859.0
2025-08-14 15:15:00+00:00,3.1098,3.1143,3.0906,3.096,17833134.8
2025-08-14 15:30:00+00:00,3.0961,3.1016,3.0837,3.0957,15445299.8
2025-08-14 15:45:00+00:00,3.0957,3.1066,3.0897,3.0941,8154601.2
2025-08-14 16:00:00+00:00,3.094,3.0943,3.0586,3.0591,35662586.3
2025-08-14 16:15:00+00:00,3.0591,3.0731,3.0458,3.0573,22545264.5
2025-08-14 16:30:00+00:00,3.0573,3.0697,3.0486,3.0587,12652477.9
2025-08-14 16:45:00+00:00,3.0587,3.0732,3.0492,3.0662,9553590.7
2025-08-14 17:00:00+00:00,3.0662,3.0723,3.046,3.0597,12252420.5
2025-08-14 17:15:00+00:00,3.0598,3.0835,3.0505,3.0825,9058145.0
2025-08-14 17:30:00+00:00,3.0824,3.0846,3.0637,3.0683,6940953.6
2025-08-14 17:45:00+00:00,3.0683,3.0783,3.0643,3.0772,4758819.0
2025-08-14 18:00:00+00:00,3.0773,3.0773,3.0569,3.0571,5857032.9
2025-08-14 18:15:00+00:00,3.0571,3.0721,3.0414,3.067,14303865.8
2025-08-14 18:30:00+00:00,3.067,3.0804,3.0658,3.0793,5260181.5
2025-08-14 18:45:00+00:00,3.0793,3.0843,3.0761,3.0799,4923536.3
2025-08-14 19:00:00+00:00,3.0799,3.0877,3.0776,3.0796,4832446.8
2025-08-14 19:15:00+00:00,3.0796,3.093,3.0763,3.0903,5735900.4
2025-08-14 19:30:00+00:00,3.0902,3.0969,3.0883,3.0963,6016917.9
2025-08-14 19:45:00+00:00,3.0963,3.0963,3.064,3.0664,21239755.9
2025-08-14 20:00:00+00:00,3.0665,3.0706,3.0558,3.0686,9937116.9
2025-08-14 20:15:00+00:00,3.0685,3.0809,3.0669,3.0805,5941850.1
2025-08-14 20:30:00+00:00,3.0805,3.0845,3.0642,3.071,4761024.0
2025-08-14 20:45:00+00:00,3.071,3.0779,3.0612,3.0759,4169769.4
2025-08-14 21:00:00+00:00,3.0759,3.0784,3.0616,3.0748,5927636.8
2025-08-14 21:15:00+00:00,3.0748,3.076,3.0407,3.0425,11881515.7
2025-08-14 21:30:00+00:00,3.0425,3.0509,3.0278,3.046,20019693.4
2025-08-14 21:45:00+00:00,3.046,3.0648,3.0449,3.059,6302311.8
2025-08-14 22:00:00+00:00,3.0589,3.0597,3.0435,3.0578,7005304.1
2025-08-14 22:15:00+00:00,3.0577,3.0642,3.0562,3.0642,4753493.4
2025-08-14 22:30:00+00:00,3.0641,3.0716,3.0633,3.0701,4576144.4
2025-08-14 22:45:00+00:00,3.0702,3.0805,3.0685,3.0771,10250629.5
2025-08-14 23:00:00+00:00,3.077,3.0852,3.0747,3.0844,5873307.0
2025-08-14 23:15:00+00:00,3.0845,3.088,3.0813,3.0875,5710530.3
2025-08-14 23:30:00+00:00,3.0875,3.0888,3.0791,3.0817,3516595.5
2025-08-14 23:45:00+00:00,3.0818,3.0866,3.0751,3.0774,3146353.9
2025-08-15 00:00:00+00:00,3.0775,3.0899,3.0734,3.0898,6911920.7
2025-08-15 00:15:00+00:00,3.0899,3.0899,3.0748,3.0818,4513976.9
2025-08-15 00:30:00+00:00,3.0818,3.09,3.0705,3.086,7456695.3
2025-08-15 00:45:00+00:00,3.086,3.094,3.0773,3.0782,5713393.4
2025-08-15 01:00:00+00:00,3.0782,3.0835,3.0731,3.0772,3163522.0
2025-08-15 01:15:00+00:00,3.0773,3.093,3.07,3.0893,4882107.8
2025-08-15 01:30:00+00:00,3.0893,3.0964,3.0852,3.0895,4997712.4
2025-08-15 01:45:00+00:00,3.0896,3.0984,3.0879,3.0923,4943984.2
2025-08-15 02:00:00+00:00,3.0923,3.0979,3.0848,3.0957,4958848.1
2025-08-15 02:15:00+00:00,3.0958,3.1034,3.0931,3.1027,3720727.7
2025-08-15 02:30:00+00:00,3.1027,3.1041,3.0987,3.1005,3398370.2
2025-08-15 02:45:00+00:00,3.1005,3.1052,3.0964,3.0986,3417157.0
2025-08-15 03:00:00+00:00,3.0986,3.1059,3.093,3.1051,4477448.7
2025-08-15 03:15:00+00:00,3.1051,3.1153,3.1051,3.1146,5635258.7
2025-08-15 03:30:00+00:00,3.1147,3.1205,3.1122,3.1157,5513846.2
2025-08-15 03:45:00+00:00,3.1156,3.1174,3.1112,3.1161,3719918.8
2025-08-15 04:00:00+00:00,3.1161,3.1252,3.1083,3.1216,5061495.4
2025-08-15 04:15:00+00:00,3.1216,3.1256,3.1172,3.1255,3846237.0
2025-08-15 04:30:00+00:00,3.1255,3.1266,3.1182,3.1221,3894571.9
2025-08-15 04:45:00+00:00,3.1221,3.1221,3.1136,3.1153,4610177.3
2025-08-15 05:00:00+00:00,3.1152,3.1177,3.1066,3.1079,6013197.5
2025-08-15 05:15:00+00:00,3.1079,3.1164,3.1078,3.1113,3189025.6
2025-08-15 05:30:00+00:00,3.1114,3.1145,3.107,3.1094,3044192.2
2025-08-15 05:45:00+00:00,3.1094,3.1321,3.1094,3.1315,5148000.0
2025-08-15 06:00:00+00:00,3.1315,3.1414,3.1244,3.1271,12911482.6
2025-08-15 06:15:00+00:00,3.1272,3.137,3.1237,3.1339,6023009.2
2025-08-15 06:30:00+00:00,3.1339,3.1366,3.131,3.1349,5197217.2
2025-08-15 06:45:00+00:00,3.1349,3.1351,3.123,3.1242,3829451.0
2025-08-15 07:00:00+00:00,3.1243,3.1243,3.1115,3.1118,6996367.5
2025-08-15 07:15:00+00:00,3.1119,3.1147,3.1084,3.1128,4296833.2
2025-08-15 07:30:00+00:00,3.1128,3.1158,3.1069,3.1089,3677548.0
2025-08-15 07:45:00+00:00,3.1088,3.117,3.104,3.1159,4157747.0
2025-08-15 08:00:00+00:00,3.1159,3.1245,3.1155,3.1176,6599110.3
2025-08-15 08:15:00+00:00,3.1176,3.1267,3.1152,3.1236,3906201.1
2025-08-15 08:30:00+00:00,3.1235,3.126,3.1164,3.1222,3252255.3
2025-08-15 08:45:00+00:00,3.1222,3.1222,3.1113,3.114,2947643.9
2025-08-15 09:00:00+00:00,3.114,3.1225,3.1132,3.1172,2386152.8
2025-08-15 09:15:00+00:00,3.1172,3.1176,3.0976,3.1001,9050614.6
2025-08-15 09:30:00+00:00,3.1001,3.108,3.0991,3.1049,4631051.9
2025-08-15 09:45:00+00:00,3.1049,3.1097,3.096,3.1024,5595617.9
2025-08-15 10:00:00+00:00,3.1024,3.116,3.1015,3.1073,6560890.2
2025-08-15 10:15:00+00:00,3.1073,3.121,3.1054,3.1128,6379871.4
2025-08-15 10:30:00+00:00,3.1127,3.1153,3.107,3.1119,2818269.6
2025-08-15 10:45:00+00:00,3.1118,3.1139,3.1,3.1055,2862396.3
2025-08-15 11:00:00+00:00,3.1054,3.1149,3.1051,3.1075,2846431.2
2025-08-15 11:15:00+00:00,3.1075,3.1086,3.0953,3.1006,3940888.8
2025-08-15 11:30:00+00:00,3.1006,3.1101,3.0976,3.1085,3286969.7
2025-08-15 11:45:00+00:00,3.1085,3.1174,3.1085,3.1096,3667181.5
2025-08-15 12:00:00+00:00,3.1095,3.1195,3.1066,3.1171,4308221.9
2025-08-15 12:15:00+00:00,3.117,3.1186,3.0959,3.1078,8524295.4
2025-08-15 12:30:00+00:00,3.1078,3.1395,3.096,3.1191,28972016.5
2025-08-15 12:45:00+00:00,3.1192,3.1273,3.1096,3.1117,7765227.0
2025-08-15 13:00:00+00:00,3.1118,3.1217,3.1033,3.1065,6636984.2
2025-08-15 13:15:00+00:00,3.1066,3.1137,3.1021,3.1084,4471899.6
2025-08-15 13:30:00+00:00,3.1084,3.1114,3.0811,3.0827,19675396.9
2025-08-15 13:45:00+00:00,3.0827,3.0899,3.0698,3.0825,28415917.3
2025-08-15 14:00:00+00:00,3.0825,3.0993,3.07,3.0903,13947146.9
2025-08-15 14:15:00+00:00,3.0904,3.0988,3.0703,3.0738,10908036.1
2025-08-15 14:30:00+00:00,3.0739,3.0812,3.0667,3.0695,11465849.5
2025-08-15 14:45:00+00:00,3.0695,3.0743,3.0532,3.061,20235564.5
2025-08-15 15:00:00+00:00,3.061,3.0643,3.0436,3.0535,14556755.3
2025-08-15 15:15:00+00:00,3.0535,3.062,3.0214,3.0237,27695705.9
2025-08-15 15:30:00+00:00,3.0238,3.043,3.0133,3.0147,20232005.4
2025-08-15 15:45:00+00:00,3.0147,3.0348,3.0094,3.0255,17609147.8
2025-08-15 16:00:00+00:00,3.0255,3.0292,3.0027,3.0085,19324121.5
2025-08-15 16:15:00+00:00,3.0084,3.0264,3.001,3.0188,13723316.4
2025-08-15 16:30:00+00:00,3.0188,3.0337,3.0179,3.0241,11221072.6
2025-08-15 16:45:00+00:00,3.0241,3.0408,3.0237,3.0355,8597140.6
2025-08-15 17:00:00+00:00,3.0355,3.0385,3.022,3.0282,6419074.8
2025-08-15 17:15:00+00:00,3.0283,3.0656,3.02,3.0553,21323614.6
2025-08-15 17:30:00+00:00,3.0553,3.0624,3.0422,3.0601,9492027.1
2025-08-15 17:45:00+00:00,3.06,3.061,3.0462,3.0549,4557057.1
2025-08-15 18:00:00+00:00,3.0549,3.06,3.0459,3.0532,4459395.6
2025-08-15 18:15:00+00:00,3.0532,3.0651,3.0516,3.065,5375903.2
2025-08-15 18:30:00+00:00,3.065,3.0707,3.0594,3.0608,6208604.3
2025-08-15 18:45:00+00:00,3.0608,3.0809,3.0528,3.0628,14423678.5
2025-08-15 19:00:00+00:00,3.0628,3.0833,3.0537,3.0815,10920544.7
2025-08-15 19:15:00+00:00,3.0815,3.0932,3.0678,3.07,12844376.3
2025-08-15 19:30:00+00:00,3.0701,3.0733,3.0625,3.0691,4534091.8
2025-08-15 19:45:00+00:00,3.0692,3.0709,3.0574,3.0638,8385303.7
2025-08-15 20:00:00+00:00,3.0638,3.0652,3.0547,3.0609,4631055.1
2025-08-15 20:15:00+00:00,3.0609,3.0769,3.0528,3.0758,8824150.8
2025-08-15 20:30:00+00:00,3.0758,3.0892,3.0675,3.0722,10746257.5
2025-08-15 20:45:00+00:00,3.0722,3.0765,3.0675,3.0735,3877709.3
2025-08-15 21:00:00+00:00,3.0735,3.087,3.0732,3.0842,7155742.4
2025-08-15 21:15:00+00:00,3.0843,3.0925,3.076,3.0842,7260585.0
2025-08-15 21:30:00+00:00,3.0843,3.0855,3.0762,3.0792,4427653.1
2025-08-15 21:45:00+00:00,3.0792,3.081,3.0754,3.0775,1682341.6
2025-08-15 22:00:00+00:00,3.0775,3.0828,3.0737,3.0754,3125843.0
2025-08-15 22:15:00+00:00,3.0755,3.0805,3.0731,3.078,1802297.1
2025-08-15 22:30:00+00:00,3.0779,3.0855,3.0774,3.081,2174173.4
2025-08-15 22:45:00+00:00,3.081,3.0957,3.0807,3.0938,4704410.1
2025-08-15 23:00:00+00:00,3.0937,3.0965,3.0765,3.0769,7876389.6
2025-08-15 23:15:00+00:00,3.077,3.0782,3.0688,3.0748,5088531.3
2025-08-15 23:30:00+00:00,3.0747,3.0769,3.0694,3.0704,2172805.5
2025-08-15 23:45:00+00:00,3.0704,3.0773,3.0692,3.0763,1351770.8
2025-08-16 00:00:00+00:00,3.0763,3.0797,3.0734,3.0783,9146193.2
2025-08-16 00:15:00+00:00,3.0782,3.0799,3.0697,3.0767,5126322.3
2025-08-16 00:30:00+00:00,3.0766,3.0875,3.0764,3.0841,4732122.5
2025-08-16 00:45:00+00:00,3.0841,3.0921,3.0836,3.0904,5220275.9
2025-08-16 01:00:00+00:00,3.0904,3.0931,3.0861,3.0915,3397788.6
2025-08-16 01:15:00+00:00,3.0915,3.0923,3.0834,3.0881,2806543.2
2025-08-16 01:30:00+00:00,3.088,3.0937,3.0869,3.0891,1653305.3
2025-08-16 01:45:00+00:00,3.0891,3.0926,3.0856,3.0886,1522719.5
2025-08-16 02:00:00+00:00,3.0887,3.0908,3.0836,3.0886,1749403.8
2025-08-16 02:15:00+00:00,3.0886,3.0905,3.0861,3.0897,1064890.4
2025-08-16 02:30:00+00:00,3.0897,3.0913,3.0858,3.0862,2109606.2
2025-08-16 02:45:00+00:00,3.0863,3.0914,3.0847,3.0907,3029911.4
2025-08-16 03:00:00+00:00,3.0906,3.1053,3.0888,3.1013,7844281.5
2025-08-16 03:15:00+00:00,3.1014,3.1097,3.101,3.107,4531500.9
2025-08-16 03:30:00+00:00,3.1071,3.113,3.104,3.107,3655427.4
2025-08-16 03:45:00+00:00,3.1071,3.1133,3.1063,3.1071,3921046.9
2025-08-16 04:00:00+00:00,3.1072,3.1137,3.1072,3.1125,3313359.2
2025-08-16 04:15:00+00:00,3.1126,3.116,3.111,3.1137,3255210.7
2025-08-16 04:30:00+00:00,3.1136,3.1144,3.1035,3.1044,2975992.9
2025-08-16 04:45:00+00:00,3.1043,3.1093,3.104,3.1059,1616239.4
2025-08-16 05:00:00+00:00,3.1059,3.1064,3.0997,3.1016,2710233.0
2025-08-16 05:15:00+00:00,3.1015,3.1015,3.0961,3.0963,2982033.7
2025-08-16 05:30:00+00:00,3.0962,3.0985,3.0886,3.0937,3421025.6
2025-08-16 05:45:00+00:00,3.0937,3.0965,3.0918,3.093,2201131.8
2025-08-16 06:00:00+00:00,3.093,3.0964,3.0896,3.0936,3210599.4
2025-08-16 06:15:00+00:00,3.0936,3.0979,3.0926,3.0927,2037990.0
2025-08-16 06:30:00+00:00,3.0927,3.1006,3.0871,3.0984,3161480.2
2025-08-16 06:45:00+00:00,3.0984,3.1097,3.0976,3.1043,5440700.1
2025-08-16 07:00:00+00:00,3.1043,3.1126,3.1041,3.1099,4077145.8
2025-08-16 07:15:00+00:00,3.1099,3.1139,3.1096,3.113,3351363.1
2025-08-16 07:30:00+00:00,3.113,3.1186,3.111,3.1171,5191588.3
2025-08-16 07:45:00+00:00,3.117,3.1246,3.1166,3.1222,5721168.0
2025-08-16 08:00:00+00:00,3.1222,3.1286,3.1149,3.1187,7531946.4
2025-08-16 08:15:00+00:00,3.1187,3.1274,3.115,3.1255,3703781.5
2025-08-16 08:30:00+00:00,3.1256,3.1408,3.1256,3.1395,9309575.9
2025-08-16 08:45:00+00:00,3.1395,3.145,3.1329,3.1396,7770057.3
2025-08-16 09:00:00+00:00,3.1396,3.1458,3.1376,3.1413,6993145.9
2025-08-16 09:15:00+00:00,3.1413,3.1477,3.1367,3.1425,4560603.1
2025-08-16 09:30:00+00:00,3.1426,3.1548,3.1416,3.1512,7784442.6
2025-08-16 09:45:00+00:00,3.1512,3.1512,3.1235,3.1235,16092664.4
2025-08-16 10:00:00+00:00,3.1235,3.1458,3.1214,3.1374,14310806.7
2025-08-16 10:15:00+00:00,3.1373,3.1428,3.1263,3.1359,10365183.2
2025-08-16 10:30:00+00:00,3.1358,3.1371,3.125,3.1297,6609674.4
2025-08-16 10:45:00+00:00,3.1297,3.132,3.1193,3.1251,5962589.6
2025-08-16 11:00:00+00:00,3.1251,3.1332,3.1242,3.1271,4520141.4
2025-08-16 11:15:00+00:00,3.1271,3.1297,3.1152,3.1158,6125115.1
2025-08-16 11:30:00+00:00,3.1159,3.1217,3.109,3.1109,5352801.6
2025-08-16 11:45:00+00:00,3.1109,3.1159,3.102,3.1034,8042411.6
2025-08-16 12:00:00+00:00,3.1034,3.1153,3.1032,3.1121,5306539.8
2025-08-16 12:15:00+00:00,3.1122,3.1159,3.0967,3.1052,7479038.7
2025-08-16 12:30:00+00:00,3.1052,3.1175,3.1052,3.1134,6136714.0
2025-08-16 12:45:00+00:00,3.1133,3.118,3.1078,3.1111,4166160.6
2025-08-16 13:00:00+00:00,3.111,3.1184,3.109,3.1172,4404819.5
2025-08-16 13:15:00+00:00,3.1173,3.1258,3.1144,3.1153,6768346.9
2025-08-16 13:30:00+00:00,3.1153,3.1197,3.1105,3.1131,5554879.6
2025-08-16 13:45:00+00:00,3.1132,3.1138,3.099,3.1058,7416441.4
2025-08-16 14:00:00+00:00,3.1057,3.1088,3.0981,3.1073,3867041.9
2025-08-16 14:15:00+00:00,3.1073,3.1183,3.1009,3.1151,4906283.8
2025-08-16 14:30:00+00:00,3.115,3.1157,3.1065,3.1091,3909975.8
2025-08-16 14:45:00+00:00,3.1091,3.1159,3.1078,3.1078,2396966.6
2025-08-16 15:00:00+00:00,3.1079,3.1146,3.1005,3.1088,3713926.7
2025-08-16 15:15:00+00:00,3.1088,3.1102,3.1035,3.1059,2315332.2
2025-08-16 15:30:00+00:00,3.1059,3.1069,3.0979,3.1012,3728675.7
2025-08-16 15:45:00+00:00,3.1013,3.1042,3.0992,3.1018,1824900.6
2025-08-16 16:00:00+00:00,3.1018,3.1109,3.1008,3.107,3597982.4
2025-08-16 16:15:00+00:00,3.107,3.1111,3.105,3.1087,2237980.8
2025-08-16 16:30:00+00:00,3.1088,3.1095,3.093,3.0996,5188233.1
2025-08-16 16:45:00+00:00,3.0995,3.1094,3.097,3.1061,3050497.1
2025-08-16 17:00:00+00:00,3.1062,3.1089,3.099,3.0996,2100090.8
2025-08-16 17:15:00+00:00,3.0996,3.1003,3.0947,3.0983,2077880.0
2025-08-16 17:30:00+00:00,3.0983,3.0991,3.0924,3.0948,2374697.8
2025-08-16 17:45:00+00:00,3.0947,3.0987,3.0928,3.0949,1697204.8
2025-08-16 18:00:00+00:00,3.0948,3.1036,3.0906,3.1032,2501321.6
2025-08-16 18:15:00+00:00,3.1031,3.1071,3.0943,3.0985,2302497.1
2025-08-16 18:30:00+00:00,3.0985,3.1028,3.097,3.0983,1046111.2
2025-08-16 18:45:00+00:00,3.0983,3.1,3.0961,3.0971,1913508.6
2025-08-16 19:00:00+00:00,3.097,3.1005,3.0962,3.0974,1717731.8
2025-08-16 19:15:00+00:00,3.0974,3.1014,3.0941,3.1008,2367595.6
2025-08-16 19:30:00+00:00,3.1008,3.1067,3.1007,3.1031,2358169.1
2025-08-16 19:45:00+00:00,3.1031,3.1068,3.0985,3.0985,2081113.7
2025-08-16 20:00:00+00:00,3.0985,3.1008,3.0938,3.0992,2470451.9
2025-08-16 20:15:00+00:00,3.0993,3.106,3.0992,3.1013,1698379.9
2025-08-16 20:30:00+00:00,3.1013,3.1043,3.1003,3.1013,1404370.1
2025-08-16 20:45:00+00:00,3.1013,3.1032,3.099,3.1027,1167332.5
2025-08-16 21:00:00+00:00,3.1027,3.1031,3.0946,3.0948,1274412.6
2025-08-16 21:15:00+00:00,3.0947,3.0988,3.0947,3.0983,883998.1
2025-08-16 21:30:00+00:00,3.0983,3.0993,3.0933,3.0939,1206760.8
2025-08-16 21:45:00+00:00,3.0938,3.0957,3.0923,3.0932,838302.7
2025-08-16 22:00:00+00:00,3.0931,3.0979,3.0893,3.0948,3669931.8
2025-08-16 22:15:00+00:00,3.0948,3.0979,3.0942,3.0976,1206976.4
2025-08-16 22:30:00+00:00,3.0976,3.1043,3.097,3.1023,1645289.2
2025-08-16 22:45:00+00:00,3.1024,3.1076,3.1017,3.1047,1635157.8
2025-08-16 23:00:00+00:00,3.1047,3.1057,3.1005,3.1029,1252648.1
2025-08-16 23:15:00+00:00,3.1029,3.1061,3.0994,3.0999,1128691.3
2025-08-16 23:30:00+00:00,3.0999,3.1007,3.0977,3.0987,1301869.6
2025-08-16 23:45:00+00:00,3.0987,3.1055,3.0983,3.1039,1342589.0
2025-08-17 00:00:00+00:00,3.1039,3.104,3.0985,3.0986,1673149.6
2025-08-17 00:15:00+00:00,3.0986,3.1006,3.095,3.0967,1734826.7
2025-08-17 00:30:00+00:00,3.0967,3.1011,3.0941,3.0965,1840890.9
2025-08-17 00:45:00+00:00,3.0966,3.0966,3.0914,3.0916,1845078.7
2025-08-17 01:00:00+00:00,3.0915,3.0916,3.0814,3.0871,5408086.8
2025-08-17 01:15:00+00:00,3.087,3.0877,3.0815,3.0841,3262283.0
2025-08-17 01:30:00+00:00,3.0841,3.1024,3.0822,3.0969,4893901.4
2025-08-17 01:45:00+00:00,3.097,3.1054,3.0947,3.1037,2312451.8
2025-08-17 02:00:00+00:00,3.1037,3.1083,3.094,3.0958,3382034.7
2025-08-17 02:15:00+00:00,3.0958,3.1071,3.0923,3.1063,2581210.0
2025-08-17 02:30:00+00:00,3.1064,3.1165,3.1028,3.1155,5196157.7
2025-08-17 02:45:00+00:00,3.1155,3.1194,3.111,3.1185,4686632.2
2025-08-17 03:00:00+00:00,3.1185,3.1194,3.1144,3.1153,2744770.8
2025-08-17 03:15:00+00:00,3.1152,3.1174,3.112,3.1148,1908779.1
2025-08-17 03:30:00+00:00,3.1149,3.1226,3.1125,3.1222,2987859.7
2025-08-17 03:45:00+00:00,3.1221,3.1225,3.1178,3.1186,2596121.3
2025-08-17 04:00:00+00:00,3.1185,3.1261,3.1178,3.1232,4114433.2
2025-08-17 04:15:00+00:00,3.1232,3.1268,3.1208,3.1245,3166784.2
2025-08-17 04:30:00+00:00,3.1245,3.1265,3.12,3.1218,2317666.4
2025-08-17 04:45:00+00:00,3.1219,3.1338,3.12,3.1327,7109150.9
2025-08-17 05:00:00+00:00,3.1327,3.1365,3.1307,3.1362,4223625.8
2025-08-17 05:15:00+00:00,3.1362,3.1373,3.1309,3.1338,2895501.9
2025-08-17 05:30:00+00:00,3.1338,3.1338,3.1247,3.1252,3059269.5
2025-08-17 05:45:00+00:00,3.1251,3.1282,3.1201,3.1205,2377721.1
2025-08-17 06:00:00+00:00,3.1206,3.1262,3.1205,3.1261,2036963.7
2025-08-17 06:15:00+00:00,3.126,3.127,3.1215,3.1244,1636999.4
2025-08-17 06:30:00+00:00,3.1244,3.1245,3.116,3.1206,3019013.9
2025-08-17 06:45:00+00:00,3.1206,3.1206,3.1131,3.1139,2640344.4
2025-08-17 07:00:00+00:00,3.1139,3.1202,3.1104,3.119,3411764.4
2025-08-17 07:15:00+00:00,3.1189,3.1203,3.1132,3.114,1883304.5
2025-08-17 07:30:00+00:00,3.114,3.1174,3.1102,3.1167,2434798.7
2025-08-17 07:45:00+00:00,3.1168,3.1193,3.1152,3.1162,1718208.4
2025-08-17 08:00:00+00:00,3.1161,3.1175,3.11,3.1116,2583318.0
2025-08-17 08:15:00+00:00,3.1116,3.1147,3.11,3.1146,1840626.4
2025-08-17 08:30:00+00:00,3.1147,3.1243,3.1145,3.1223,2981669.9
2025-08-17 08:45:00+00:00,3.1224,3.1406,3.1223,3.1359,6972869.4
2025-08-17 09:00:00+00:00,3.1358,3.1377,3.1276,3.1288,8395529.7
2025-08-17 09:15:00+00:00,3.1289,3.1289,3.1206,3.1224,4561317.2
2025-08-17 09:30:00+00:00,3.1225,3.125,3.1172,3.118,4437422.0
2025-08-17 09:45:00+00:00,3.1179,3.1302,3.1177,3.1301,3688749.6
2025-08-17 10:00:00+00:00,3.1302,3.1361,3.1232,3.1285,6847439.4
2025-08-17 10:15:00+00:00,3.1286,3.1321,3.1233,3.1235,2475656.3
2025-08-17 10:30:00+00:00,3.1234,3.1258,3.1205,3.1255,2631030.0
2025-08-17 10:45:00+00:00,3.1255,3.1263,3.1201,3.1257,2545577.5
2025-08-17 11:00:00+00:00,3.1257,3.1257,3.1212,3.1228,2224048.0
2025-08-17 11:15:00+00:00,3.1228,3.1301,3.122,3.1301,2685397.3
2025-08-17 11:30:00+00:00,3.13,3.1313,3.1264,3.1277,2353810.4
2025-08-17 11:45:00+00:00,3.1277,3.1312,3.1262,3.1267,2262167.6
2025-08-17 12:00:00+00:00,3.1266,3.1272,3.122,3.1224,3284209.7
2025-08-17 12:15:00+00:00,3.1224,3.1224,3.1134,3.1146,4950357.9
2025-08-17 12:30:00+00:00,3.1147,3.1185,3.1125,3.1156,4078085.2
2025-08-17 12:45:00+00:00,3.1156,3.1172,3.1138,3.1164,2547842.0
2025-08-17 13:00:00+00:00,3.1163,3.117,3.1127,3.1144,3315299.0
2025-08-17 13:15:00+00:00,3.1145,3.1177,3.1142,3.116,3066452.6
2025-08-17 13:30:00+00:00,3.116,3.123,3.1157,3.123,4453407.6
2025-08-17 13:45:00+00:00,3.123,3.1308,3.1227,3.1268,6181261.8
2025-08-17 14:00:00+00:00,3.1269,3.1279,3.1236,3.1241,2699969.4
2025-08-17 14:15:00+00:00,3.1241,3.1245,3.1163,3.1197,3226008.2
2025-08-17 14:30:00+00:00,3.1196,3.1208,3.1154,3.1186,3256919.3
2025-08-17 14:45:00+00:00,3.1187,3.1237,3.1153,3.1162,3041896.1
2025-08-17 15:00:00+00:00,3.1161,3.1212,3.1136,3.1209,3391393.5
2025-08-17 15:15:00+00:00,3.121,3.1211,3.1132,3.1202,2975560.2
2025-08-17 15:30:00+00:00,3.1202,3.1368,3.12,3.1358,9166758.6
2025-08-17 15:45:00+00:00,3.1358,3.1448,3.1324,3.1423,9381439.7
2025-08-17 16:00:00+00:00,3.1423,3.1458,3.1356,3.1378,8416942.1
2025-08-17 16:15:00+00:00,3.1379,3.1392,3.125,3.1253,7862983.5
2025-08-17 16:30:00+00:00,3.1253,3.1253,3.1137,3.1146,7649858.3
2025-08-17 16:45:00+00:00,3.1146,3.1168,3.1026,3.1105,9862080.5
2025-08-17 17:00:00+00:00,3.1105,3.1182,3.109,3.1098,4245741.8
2025-08-17 17:15:00+00:00,3.1098,3.1174,3.1034,3.1147,4899654.3
2025-08-17 17:30:00+00:00,3.1146,3.1175,3.108,3.1106,1911982.0
2025-08-17 17:45:00+00:00,3.1107,3.1137,3.1043,3.1058,2117111.6
2025-08-17 18:00:00+00:00,3.1059,3.107,3.1018,3.1044,2881286.3
2025-08-17 18:15:00+00:00,3.1044,3.1062,3.0971,3.1019,4658973.5
2025-08-17 18:30:00+00:00,3.102,3.106,3.099,3.1007,2842365.1
2025-08-17 18:45:00+00:00,3.1006,3.1032,3.0752,3.0963,17347693.3
2025-08-17 19:00:00+00:00,3.0962,3.1017,3.0911,3.1007,5787712.1
2025-08-17 19:15:00+00:00,3.1008,3.1012,3.0957,3.0975,3101622.1
2025-08-17 19:30:00+00:00,3.0974,3.0992,3.0875,3.0901,4176031.8
2025-08-17 19:45:00+00:00,3.0901,3.0943,3.0853,3.0871,3153673.1
2025-08-17 20:00:00+00:00,3.0871,3.0934,3.0868,3.0928,2199802.5
2025-08-17 20:15:00+00:00,3.0928,3.0946,3.0889,3.0916,1847256.3
2025-08-17 20:30:00+00:00,3.0916,3.0978,3.0912,3.0975,2330109.5
2025-08-17 20:45:00+00:00,3.0975,3.0979,3.0902,3.091,2353356.2
2025-08-17 21:00:00+00:00,3.0911,3.0942,3.0863,3.0898,2594614.6
2025-08-17 21:15:00+00:00,3.0898,3.0959,3.0867,3.094,1706984.2
2025-08-17 21:30:00+00:00,3.0939,3.0997,3.0889,3.0997,2254337.1
2025-08-17 21:45:00+00:00,3.0997,3.1017,3.098,3.0983,1847800.0
2025-08-17 22:00:00+00:00,3.0983,3.103,3.0945,3.0977,4393536.0
2025-08-17 22:15:00+00:00,3.0978,3.1031,3.0952,3.101,4323581.0
2025-08-17 22:30:00+00:00,3.101,3.1114,3.0999,3.1114,3509322.0
2025-08-17 22:45:00+00:00,3.1114,3.1114,3.1068,3.1088,3289157.1
2025-08-17 23:00:00+00:00,3.1088,3.1098,3.099,3.1057,5520797.5
2025-08-17 23:15:00+00:00,3.1056,3.1058,3.0951,3.0953,3190609.0
2025-08-17 23:30:00+00:00,3.0953,3.0961,3.0905,3.0942,2461155.5
2025-08-17 23:45:00+00:00,3.0942,3.0942,3.0832,3.0856,3931947.9
2025-08-18 00:00:00+00:00,3.0856,3.0897,3.0807,3.0871,3867103.8
2025-08-18 00:15:00+00:00,3.0871,3.0873,3.0735,3.0767,5285288.2
2025-08-18 00:30:00+00:00,3.0768,3.084,3.0706,3.0807,5728140.9
2025-08-18 00:45:00+00:00,3.0808,3.0868,3.079,3.0805,2855487.9
2025-08-18 01:00:00+00:00,3.0804,3.0828,3.071,3.0723,2839288.6
2025-08-18 01:15:00+00:00,3.0724,3.0786,3.054,3.0541,10603880.5
2025-08-18 01:30:00+00:00,3.0541,3.0665,3.0418,3.0498,22909282.5
2025-08-18 01:45:00+00:00,3.0498,3.0543,3.0331,3.04,10709369.4
2025-08-18 02:00:00+00:00,3.04,3.043,3.0185,3.0291,20268411.2
2025-08-18 02:15:00+00:00,3.0291,3.0326,3.0166,3.0194,10002334.1
2025-08-18 02:30:00+00:00,3.0194,3.03,3.0105,3.0269,10971817.8
2025-08-18 02:45:00+00:00,3.027,3.0287,3.0025,3.0087,13357728.4
2025-08-18 03:00:00+00:00,3.0087,3.0144,3.006,3.0089,6693876.1
2025-08-18 03:15:00+00:00,3.0089,3.012,2.9863,2.9865,21618039.5
2025-08-18 03:30:00+00:00,2.9865,2.9919,2.9648,2.9781,25830011.6
2025-08-18 03:45:00+00:00,2.9782,2.9908,2.9674,2.9882,19820878.4
2025-08-18 04:00:00+00:00,2.9882,2.9885,2.9761,2.9856,9447028.2
2025-08-18 04:15:00+00:00,2.9855,2.9942,2.9802,2.9942,6898865.9
2025-08-18 04:30:00+00:00,2.9942,2.9978,2.9903,2.9907,7874693.8
2025-08-18 04:45:00+00:00,2.9907,2.9979,2.9903,2.9965,3146067.1
2025-08-18 05:00:00+00:00,2.9964,3.0036,2.9957,3.002,6627232.0
2025-08-18 05:15:00+00:00,3.0019,3.0023,2.995,2.9961,4400351.8
2025-08-18 05:30:00+00:00,2.9961,2.9971,2.9771,2.9819,11003392.3
2025-08-18 05:45:00+00:00,2.982,2.9908,2.971,2.9905,9702286.7
2025-08-18 06:00:00+00:00,2.9905,2.9905,2.9718,2.9749,8264182.2
2025-08-18 06:15:00+00:00,2.9749,2.9794,2.9595,2.9693,13156738.2
2025-08-18 06:30:00+00:00,2.9692,2.9756,2.9533,2.9607,10391982.5
2025-08-18 06:45:00+00:00,2.9608,2.9713,2.9527,2.9696,8976822.1
2025-08-18 07:00:00+00:00,2.9696,2.9772,2.967,2.9682,6403059.5
2025-08-18 07:15:00+00:00,2.9681,2.9719,2.9586,2.9653,5786751.2
2025-08-18 07:30:00+00:00,2.9654,2.9746,2.9574,2.9676,7427880.1
2025-08-18 07:45:00+00:00,2.9677,2.9706,2.9607,2.9623,2893296.7
2025-08-18 08:00:00+00:00,2.9623,2.974,2.9605,2.9636,5198793.6
2025-08-18 08:15:00+00:00,2.9635,2.9713,2.9613,2.9713,3252492.6
2025-08-18 08:30:00+00:00,2.9712,2.9743,2.965,2.9663,2741648.3
2025-08-18 08:45:00+00:00,2.9663,2.9693,2.9603,2.9607,3457005.9
2025-08-18 09:00:00+00:00,2.9607,2.9608,2.9486,2.9526,10720617.6
2025-08-18 09:15:00+00:00,2.9526,2.9527,2.9406,2.9444,13633255.9
2025-08-18 09:30:00+00:00,2.9444,2.963,2.939,2.9625,13710258.8
2025-08-18 09:45:00+00:00,2.9624,2.9681,2.9587,2.9658,8273499.1
2025-08-18 10:00:00+00:00,2.9658,2.9709,2.957,2.9585,5092982.4
2025-08-18 10:15:00+00:00,2.9584,2.9628,2.9535,2.9545,4205076.8
2025-08-18 10:30:00+00:00,2.9544,2.9678,2.954,2.9678,3769830.5
2025-08-18 10:45:00+00:00,2.9678,2.968,2.9628,2.9677,4035088.3
2025-08-18 11:00:00+00:00,2.9676,2.9714,2.9624,2.9667,4078007.3
2025-08-18 11:15:00+00:00,2.9668,2.9736,2.9647,2.9703,3385299.5
2025-08-18 11:30:00+00:00,2.9704,2.9766,2.966,2.9755,4384694.8
2025-08-18 11:45:00+00:00,2.9754,2.9757,2.9575,2.9628,7920048.3
2025-08-18 12:00:00+00:00,2.9628,2.9776,2.9581,2.973,5098375.8
2025-08-18 12:15:00+00:00,2.9729,2.9782,2.97,2.9733,3987743.8
2025-08-18 12:30:00+00:00,2.9733,2.9815,2.9711,2.9801,6249130.0
2025-08-18 12:45:00+00:00,2.98,2.9883,2.9779,2.9882,6084376.1
2025-08-18 13:00:00+00:00,2.9883,2.9933,2.9843,2.9902,8965344.0
2025-08-18 13:15:00+00:00,2.9902,2.9985,2.9862,2.9959,6584222.8
2025-08-18 13:30:00+00:00,2.996,2.9985,2.9749,2.981,10683840.6
2025-08-18 13:45:00+00:00,2.9811,2.9904,2.9651,2.9654,10862694.3
2025-08-18 14:00:00+00:00,2.9655,2.9849,2.9655,2.9807,9225923.7
2025-08-18 14:15:00+00:00,2.9806,2.9946,2.9741,2.99,6505586.4
2025-08-18 14:30:00+00:00,2.99,2.9974,2.9809,2.9818,7375931.6
2025-08-18 14:45:00+00:00,2.9818,2.9948,2.968,2.9942,6414472.6
2025-08-18 15:00:00+00:00,2.9942,3.0041,2.9886,2.9894,8152394.4
2025-08-18 15:15:00+00:00,2.9895,2.9999,2.9854,2.9923,5544978.4
2025-08-18 15:30:00+00:00,2.9923,3.0202,2.9847,3.0117,14295146.8
2025-08-18 15:45:00+00:00,3.0117,3.0226,3.0102,3.0138,10856400.4
2025-08-18 16:00:00+00:00,3.0139,3.021,3.0054,3.0078,8948991.8
2025-08-18 16:15:00+00:00,3.0078,3.0204,3.0025,3.0137,5680829.4
2025-08-18 16:30:00+00:00,3.0138,3.0205,3.0003,3.0087,6897823.0
2025-08-18 16:45:00+00:00,3.0087,3.0204,3.0017,3.002,4939803.3
2025-08-18 17:00:00+00:00,3.0021,3.018,2.9985,3.0179,4545078.1
2025-08-18 17:15:00+00:00,3.0179,3.0495,3.0179,3.0461,15162381.4
2025-08-18 17:30:00+00:00,3.0461,3.0952,3.0454,3.0762,29188105.3
2025-08-18 17:45:00+00:00,3.076,3.0831,3.0665,3.069,13487200.0
2025-08-18 18:00:00+00:00,3.0691,3.0728,3.0456,3.0468,12444796.6
2025-08-18 18:15:00+00:00,3.0468,3.053,3.0419,3.052,5934863.8
2025-08-18 18:30:00+00:00,3.0519,3.0639,3.0513,3.0577,6950464.0
2025-08-18 18:45:00+00:00,3.0577,3.0654,3.0574,3.0643,3133199.1
2025-08-18 19:00:00+00:00,3.0643,3.0754,3.0546,3.0587,6769267.9
2025-08-18 19:15:00+00:00,3.0587,3.076,3.0546,3.0749,4255594.9
2025-08-18 19:30:00+00:00,3.0748,3.0771,3.0606,3.0615,4669012.8
2025-08-18 19:45:00+00:00,3.0616,3.083,3.0591,3.0807,4463454.8
2025-08-18 20:00:00+00:00,3.0808,3.0821,3.0661,3.0772,4261790.1
2025-08-18 20:15:00+00:00,3.0772,3.0785,3.0667,3.0752,2458690.9
2025-08-18 20:30:00+00:00,3.0753,3.0778,3.0504,3.0595,7256027.3
2025-08-18 20:45:00+00:00,3.0596,3.0796,3.0556,3.078,4864896.4
2025-08-18 21:00:00+00:00,3.078,3.0898,3.0718,3.0894,5459959.8
2025-08-18 21:15:00+00:00,3.0894,3.0949,3.0838,3.0931,4316935.0
2025-08-18 21:30:00+00:00,3.0931,3.0947,3.0719,3.0719,5089535.6
2025-08-18 21:45:00+00:00,3.072,3.0874,3.0679,3.0779,6032836.1
2025-08-18 22:00:00+00:00,3.0779,3.0896,3.0779,3.0843,6875100.5
2025-08-18 22:15:00+00:00,3.0844,3.0917,3.0829,3.0846,4632182.5
2025-08-18 22:30:00+00:00,3.0845,3.0861,3.0746,3.0763,5606957.7
2025-08-18 22:45:00+00:00,3.0764,3.0781,3.0671,3.0678,4617462.2
2025-08-18 23:00:00+00:00,3.0677,3.0695,3.0612,3.0612,4595978.8
2025-08-18 23:15:00+00:00,3.0613,3.0681,3.0587,3.0643,4557639.5
2025-08-18 23:30:00+00:00,3.0643,3.0648,3.0549,3.0563,5311961.0
2025-08-18 23:45:00+00:00,3.0563,3.0617,3.054,3.0605,3451142.9
2025-08-19 00:00:00+00:00,3.0605,3.0629,3.0552,3.0563,3861048.4
2025-08-19 00:15:00+00:00,3.0563,3.0563,3.035,3.0375,14493563.6
2025-08-19 00:30:00+00:00,3.0376,3.0552,3.0238,3.0509,14611819.2
2025-08-19 00:45:00+00:00,3.0509,3.0691,3.0504,3.0652,9095421.0
2025-08-19 01:00:00+00:00,3.0652,3.0796,3.0625,3.0684,8072316.8
2025-08-19 01:15:00+00:00,3.0684,3.0727,3.0556,3.0557,4719595.4
2025-08-19 01:30:00+00:00,3.0556,3.0556,3.0434,3.0504,6829396.7
2025-08-19 01:45:00+00:00,3.0503,3.056,3.0435,3.0496,7113808.8
2025-08-19 02:00:00+00:00,3.0495,3.0506,3.0355,3.0409,6718648.0
2025-08-19 02:15:00+00:00,3.0408,3.0461,3.0332,3.0431,4558066.7
2025-08-19 02:30:00+00:00,3.0431,3.0476,3.0353,3.0385,2892264.2
2025-08-19 02:45:00+00:00,3.0384,3.0467,3.0312,3.0339,3681128.6
2025-08-19 03:00:00+00:00,3.0339,3.0351,3.0229,3.0313,7149500.1
2025-08-19 03:15:00+00:00,3.0312,3.0345,3.0177,3.0196,6202863.1
2025-08-19 03:30:00+00:00,3.0196,3.0198,2.9882,2.9975,16686157.7
2025-08-19 03:45:00+00:00,2.9975,2.9988,2.9829,2.9891,11921020.7
2025-08-19 04:00:00+00:00,2.9892,2.9953,2.9717,2.985,14928527.6
2025-08-19 04:15:00+00:00,2.9851,2.9896,2.9742,2.9808,8658294.2
2025-08-19 04:30:00+00:00,2.9808,2.9976,2.9801,2.9974,6896347.3
2025-08-19 04:45:00+00:00,2.9973,3.0061,2.9923,3.0051,5340518.9
2025-08-19 05:00:00+00:00,3.0051,3.0124,3.0004,3.0087,7387020.3
2025-08-19 05:15:00+00:00,3.0086,3.0222,3.0066,3.0213,9168849.9
2025-08-19 05:30:00+00:00,3.0213,3.0267,3.0146,3.0208,3631155.0
2025-08-19 05:45:00+00:00,3.0207,3.0213,3.0122,3.0134,4968898.4
2025-08-19 06:00:00+00:00,3.0134,3.0181,3.0024,3.0162,7062455.0
2025-08-19 06:15:00+00:00,3.0161,3.0249,3.0096,3.0204,5453576.7
2025-08-19 06:30:00+00:00,3.0204,3.025,3.0164,3.0195,2968771.2
2025-08-19 06:45:00+00:00,3.0195,3.0223,3.0124,3.0187,3309493.5
2025-08-19 07:00:00+00:00,3.0188,3.0215,3.0048,3.0094,5807666.1
2025-08-19 07:15:00+00:00,3.0094,3.0103,2.994,2.9991,7645242.8
2025-08-19 07:30:00+00:00,2.9991,3.0013,2.9909,2.9965,6348275.3
2025-08-19 07:45:00+00:00,2.9965,3.006,2.995,3.0023,4193834.4
2025-08-19 08:00:00+00:00,3.0024,3.0091,2.989,3.0013,8568115.4
2025-08-19 08:15:00+00:00,3.0013,3.006,2.9971,3.0,3359405.1
2025-08-19 08:30:00+00:00,3.0,3.0016,2.9943,2.9983,3193518.9
2025-08-19 08:45:00+00:00,2.9982,3.0153,2.996,3.0076,7871705.0
2025-08-19 09:00:00+00:00,3.0076,3.0168,3.004,3.0127,5623227.0
2025-08-19 09:15:00+00:00,3.0126,3.0182,3.0104,3.0164,3718066.6
2025-08-19 09:30:00+00:00,3.0164,3.0226,3.0086,3.0097,4966439.0
2025-08-19 09:45:00+00:00,3.0096,3.016,3.0073,3.016,2215185.1
2025-08-19 10:00:00+00:00,3.016,3.0184,3.0097,3.0114,3263435.4
2025-08-19 10:15:00+00:00,3.0114,3.0159,3.0104,3.0123,2772100.0
2025-08-19 10:30:00+00:00,3.0123,3.0234,3.0091,3.0176,4884646.3
2025-08-19 10:45:00+00:00,3.0176,3.0189,3.0081,3.0115,4074216.8
2025-08-19 11:00:00+00:00,3.0114,3.013,3.006,3.0098,4037656.7
2025-08-19 11:15:00+00:00,3.0099,3.0178,3.0079,3.0134,5360529.8
2025-08-19 11:30:00+00:00,3.0133,3.0168,3.0058,3.0068,2767646.0
2025-08-19 11:45:00+00:00,3.0067,3.0164,3.0051,3.0142,2193991.4
2025-08-19 12:00:00+00:00,3.0142,3.0149,3.0093,3.0114,2310780.7
2025-08-19 12:15:00+00:00,3.0115,3.017,3.01,3.0153,2362505.5
2025-08-19 12:30:00+00:00,3.0154,3.0154,3.0083,3.0116,1934254.0
2025-08-19 12:45:00+00:00,3.0116,3.0136,3.0027,3.012,5575785.0
2025-08-19 13:00:00+00:00,3.012,3.0124,3.0039,3.0039,2716763.3
2025-08-19 13:15:00+00:00,3.0038,3.0277,3.0035,3.0226,6391063.4
2025-08-19 13:30:00+00:00,3.0226,3.0365,2.9885,2.9897,25620284.5
2025-08-19 13:45:00+00:00,2.9896,3.008,2.9831,2.9984,15819942.0
2025-08-19 14:00:00+00:00,2.9984,3.0062,2.9869,2.9886,7397336.5
2025-08-19 14:15:00+00:00,2.9886,2.9896,2.9475,2.9482,23732660.1
2025-08-19 14:30:00+00:00,2.9482,2.9603,2.9321,2.9442,32560319.0
2025-08-19 14:45:00+00:00,2.9442,2.949,2.9301,2.9413,18694231.2
2025-08-19 15:00:00+00:00,2.9414,2.9493,2.9321,2.9453,13539076.5
2025-08-19 15:15:00+00:00,2.9454,2.9657,2.9441,2.9634,12258043.0
2025-08-19 15:30:00+00:00,2.9633,2.9645,2.9455,2.9511,7312870.7
2025-08-19 15:45:00+00:00,2.9511,2.9513,2.925,2.928,15784679.7
2025-08-19 16:00:00+00:00,2.9281,2.933,2.9207,2.9215,14016539.7
2025-08-19 16:15:00+00:00,2.9215,2.934,2.918,2.9205,8666028.5
2025-08-19 16:30:00+00:00,2.9204,2.93,2.91,2.9205,17751355.3
2025-08-19 16:45:00+00:00,2.9205,2.9217,2.9063,2.9094,12025786.0
2025-08-19 17:00:00+00:00,2.9093,2.9208,2.895,2.9208,21449682.0
2025-08-19 17:15:00+00:00,2.9208,2.9283,2.9187,2.9257,9615824.8
2025-08-19 17:30:00+00:00,2.9256,2.9307,2.9196,2.9236,5491908.4
2025-08-19 17:45:00+00:00,2.9236,2.9303,2.9166,2.9276,4867143.9
2025-08-19 18:00:00+00:00,2.9277,2.9318,2.9234,2.9234,4847223.7
2025-08-19 18:15:00+00:00,2.9235,2.929,2.9166,2.9169,4049558.9
2025-08-19 18:30:00+00:00,2.9168,2.9242,2.9048,2.9082,7643788.3
2025-08-19 18:45:00+00:00,2.9083,2.9115,2.8911,2.9012,12503923.5
2025-08-19 19:00:00+00:00,2.9011,2.9011,2.8791,2.8859,17059447.6
2025-08-19 19:15:00+00:00,2.886,2.917,2.8804,2.9143,11301173.2
2025-08-19 19:30:00+00:00,2.9143,2.9173,2.907,2.9097,5796282.7
2025-08-19 19:45:00+00:00,2.9097,2.9118,2.87,2.8755,20962694.7
2025-08-19 20:00:00+00:00,2.8753,2.8842,2.8701,2.8755,10446282.2
2025-08-19 20:15:00+00:00,2.8756,2.8929,2.8735,2.8899,7441720.0
2025-08-19 20:30:00+00:00,2.89,2.9013,2.8897,2.9001,6170920.2
2025-08-19 20:45:00+00:00,2.9002,2.905,2.8974,2.902,5662589.5
2025-08-19 21:00:00+00:00,2.902,2.9037,2.8873,2.8914,7569664.7
2025-08-19 21:15:00+00:00,2.8915,2.8975,2.8725,2.8902,10609492.3
2025-08-19 21:30:00+00:00,2.8901,2.8952,2.8848,2.8945,5064770.0
2025-08-19 21:45:00+00:00,2.8944,2.8985,2.8909,2.8952,2619516.1
2025-08-19 22:00:00+00:00,2.8953,2.8954,2.8813,2.8862,6134944.6
2025-08-19 22:15:00+00:00,2.8863,2.8936,2.8826,2.8912,4560015.4
2025-08-19 22:30:00+00:00,2.8912,2.8997,2.8898,2.8961,4030348.1
2025-08-19 22:45:00+00:00,2.896,2.8969,2.8874,2.8912,3183368.2
2025-08-19 23:00:00+00:00,2.8911,2.8924,2.8808,2.8856,4450370.4
2025-08-19 23:15:00+00:00,2.8856,2.8864,2.8603,2.8648,11552581.5
2025-08-19 23:30:00+00:00,2.8647,2.877,2.8603,2.8686,12666780.5
2025-08-19 23:45:00+00:00,2.8686,2.87,2.8474,2.8593,21595334.6
2025-08-20 00:00:00+00:00,2.8593,2.8828,2.8585,2.8767,14781611.8
2025-08-20 00:15:00+00:00,2.8767,2.8866,2.866,2.8727,9128108.8
2025-08-20 00:30:00+00:00,2.8727,2.886,2.87,2.8833,6064485.5
2025-08-20 00:45:00+00:00,2.8833,2.8873,2.8764,2.8771,3675418.5
2025-08-20 01:00:00+00:00,2.8772,2.8898,2.874,2.8766,4387555.2
2025-08-20 01:15:00+00:00,2.8766,2.8874,2.87,2.8709,5221780.1
2025-08-20 01:30:00+00:00,2.8709,2.872,2.8476,2.855,11282687.7
2025-08-20 01:45:00+00:00,2.855,2.8862,2.8547,2.8838,9054898.0
2025-08-20 02:00:00+00:00,2.8837,2.8921,2.877,2.8905,6023022.3
2025-08-20 02:15:00+00:00,2.8905,2.8925,2.8877,2.89,3760893.7
2025-08-20 02:30:00+00:00,2.8899,2.8915,2.8852,2.8909,3237145.5
2025-08-20 02:45:00+00:00,2.891,2.8922,2.8827,2.8836,3973194.3
2025-08-20 03:00:00+00:00,2.8836,2.8918,2.8815,2.8824,5275666.9
2025-08-20 03:15:00+00:00,2.8824,2.8926,2.88,2.8925,3260696.2
2025-08-20 03:30:00+00:00,2.8925,2.8987,2.882,2.8843,6276721.3
2025-08-20 03:45:00+00:00,2.8843,2.8884,2.8816,2.8855,2277422.4
2025-08-20 04:00:00+00:00,2.8856,2.8946,2.8852,2.8912,4173708.8
2025-08-20 04:15:00+00:00,2.8913,2.896,2.8896,2.8947,5083968.5
2025-08-20 04:30:00+00:00,2.8947,2.8994,2.888,2.8906,7952801.4
2025-08-20 04:45:00+00:00,2.8906,2.8987,2.89,2.897,3108643.4
2025-08-20 05:00:00+00:00,2.897,2.8989,2.8916,2.8925,3466796.6
2025-08-20 05:15:00+00:00,2.8925,2.8946,2.8864,2.8933,3302333.7
2025-08-20 05:30:00+00:00,2.8933,2.8972,2.891,2.8953,2739897.5
2025-08-20 05:45:00+00:00,2.8954,2.8993,2.8941,2.8983,2634455.3
2025-08-20 06:00:00+00:00,2.8983,2.8988,2.8818,2.8822,5510787.6
2025-08-20 06:15:00+00:00,2.8823,2.8862,2.8751,2.8837,5616919.4
2025-08-20 06:30:00+00:00,2.8837,2.8916,2.8817,2.8899,3317982.0
2025-08-20 06:45:00+00:00,2.8899,2.8899,2.8822,2.8837,2178659.2
2025-08-20 07:00:00+00:00,2.8837,2.8917,2.8813,2.8906,5478250.6
2025-08-20 07:15:00+00:00,2.8907,2.8957,2.8865,2.8917,4886814.6
2025-08-20 07:30:00+00:00,2.8916,2.8922,2.8738,2.8756,6073374.3
2025-08-20 07:45:00+00:00,2.8755,2.8784,2.8637,2.8662,10899896.9
2025-08-20 08:00:00+00:00,2.8662,2.8787,2.8622,2.8777,8992512.2
2025-08-20 08:15:00+00:00,2.8777,2.8908,2.8774,2.8896,6694889.6
2025-08-20 08:30:00+00:00,2.8896,2.9076,2.8896,2.9053,16841417.9
2025-08-20 08:45:00+00:00,2.9053,2.913,2.9006,2.9119,10489976.5
2025-08-20 09:00:00+00:00,2.9119,2.912,2.8973,2.9041,15198378.6
2025-08-20 09:15:00+00:00,2.9042,2.9057,2.8927,2.8941,6064649.8
2025-08-20 09:30:00+00:00,2.8942,2.8992,2.8896,2.895,4578787.6
2025-08-20 09:45:00+00:00,2.8951,2.9017,2.8833,2.8853,5830319.7
2025-08-20 10:00:00+00:00,2.8854,2.8893,2.8825,2.8845,4454689.5
2025-08-20 10:15:00+00:00,2.8846,2.8975,2.8846,2.8895,4404652.8
2025-08-20 10:30:00+00:00,2.8896,2.8994,2.8896,2.8987,2422642.2
2025-08-20 10:45:00+00:00,2.8988,2.905,2.8985,2.902,4944730.5
2025-08-20 11:00:00+00:00,2.902,2.9042,2.8895,2.8913,3962196.3
2025-08-20 11:15:00+00:00,2.8914,2.8917,2.885,2.8867,3754160.0
2025-08-20 11:30:00+00:00,2.8868,2.8869,2.8608,2.8638,13191371.2
2025-08-20 11:45:00+00:00,2.8639,2.8882,2.8578,2.8881,11251040.1
2025-08-20 12:00:00+00:00,2.8881,2.913,2.888,2.8967,13634802.4
2025-08-20 12:15:00+00:00,2.8967,2.9004,2.8844,2.8883,6881932.4
2025-08-20 12:30:00+00:00,2.8882,2.9019,2.8874,2.8991,5449132.4
2025-08-20 12:45:00+00:00,2.8992,2.9,2.8908,2.8917,3536256.6
2025-08-20 13:00:00+00:00,2.8918,2.8918,2.8706,2.8709,5355876.6
2025-08-20 13:15:00+00:00,2.8709,2.8799,2.8673,2.8784,6795205.4
2025-08-20 13:30:00+00:00,2.8784,2.8892,2.8608,2.8615,21900655.1
2025-08-20 13:45:00+00:00,2.8616,2.8639,2.8357,2.8377,34643846.4
2025-08-20 14:00:00+00:00,2.8378,2.8486,2.822,2.8275,30579864.8
2025-08-20 14:15:00+00:00,2.8275,2.8588,2.8174,2.8547,23971597.9
2025-08-20 14:30:00+00:00,2.8547,2.8907,2.8541,2.8811,23849326.7
2025-08-20 14:45:00+00:00,2.881,2.9015,2.8775,2.8873,16029028.0
2025-08-20 15:00:00+00:00,2.8874,2.9249,2.8831,2.9136,25097678.4
2025-08-20 15:15:00+00:00,2.9135,2.9333,2.9127,2.9282,18895409.2
2025-08-20 15:30:00+00:00,2.9283,2.9314,2.9183,2.9225,11513672.1
2025-08-20 15:45:00+00:00,2.9226,2.9274,2.8972,2.9029,19892965.4
2025-08-20 16:00:00+00:00,2.9029,2.9193,2.9026,2.9169,12084524.9
2025-08-20 16:15:00+00:00,2.9169,2.9281,2.916,2.9274,8838421.1
2025-08-20 16:30:00+00:00,2.9274,2.9275,2.9114,2.9172,6040262.1
2025-08-20 16:45:00+00:00,2.9173,2.9234,2.909,2.9124,5527671.4
2025-08-20 17:00:00+00:00,2.9124,2.932,2.9108,2.9238,7125654.3
2025-08-20 17:15:00+00:00,2.9238,2.9356,2.9189,2.9195,6567215.6
2025-08-20 17:30:00+00:00,2.9195,2.951,2.9184,2.9502,16243236.7
2025-08-20 17:45:00+00:00,2.9502,2.955,2.93,2.9421,16740628.3
2025-08-20 18:00:00+00:00,2.9421,2.9442,2.9171,2.9185,11932467.5
2025-08-20 18:15:00+00:00,2.9186,2.92,2.9062,2.9088,14551085.8
2025-08-20 18:30:00+00:00,2.9089,2.9222,2.9047,2.9205,5122890.5
2025-08-20 18:45:00+00:00,2.9206,2.9248,2.9167,2.9174,3567272.1
2025-08-20 19:00:00+00:00,2.9174,2.9408,2.9153,2.9385,5488506.6
2025-08-20 19:15:00+00:00,2.9386,2.9574,2.938,2.9522,8733994.0
2025-08-20 19:30:00+00:00,2.9523,2.9583,2.9501,2.9562,5780428.3
2025-08-20 19:45:00+00:00,2.9562,2.9876,2.954,2.9875,14622661.3
2025-08-20 20:00:00+00:00,2.9875,2.988,2.9717,2.9718,8976760.2
2025-08-20 20:15:00+00:00,2.9718,2.9746,2.9643,2.9702,4891221.4
2025-08-20 20:30:00+00:00,2.9701,2.9749,2.9645,2.9715,3087741.6
2025-08-20 20:45:00+00:00,2.9715,2.974,2.9666,2.9695,3788374.0
2025-08-20 21:00:00+00:00,2.9695,2.9754,2.9683,2.9707,4004314.2
2025-08-20 21:15:00+00:00,2.9707,2.972,2.9547,2.9577,5843801.2
2025-08-20 21:30:00+00:00,2.9577,2.9689,2.9519,2.9676,4185705.9
2025-08-20 21:45:00+00:00,2.9677,2.9715,2.9631,2.9662,4006527.8
2025-08-20 22:00:00+00:00,2.9662,2.9729,2.9603,2.966,3828820.6
2025-08-20 22:15:00+00:00,2.966,2.9668,2.9607,2.9651,2682897.7
2025-08-20 22:30:00+00:00,2.9652,2.9683,2.9601,2.9683,3723357.8
2025-08-20 22:45:00+00:00,2.9683,2.9705,2.965,2.9681,2930202.1
2025-08-20 23:00:00+00:00,2.9681,2.9691,2.9593,2.9597,3316483.7
2025-08-20 23:15:00+00:00,2.9597,2.9606,2.9523,2.9537,4126377.5
2025-08-20 23:30:00+00:00,2.9537,2.9593,2.953,2.9566,2124257.2
2025-08-20 23:45:00+00:00,2.9567,2.9567,2.948,2.9503,4138834.6
2025-08-21 00:00:00+00:00,2.9503,2.951,2.9449,2.9454,9960243.3
2025-08-21 00:15:00+00:00,2.9454,2.9472,2.9324,2.9361,11980593.3
2025-08-21 00:30:00+00:00,2.9362,2.9501,2.9362,2.9467,3818025.6
2025-08-21 00:45:00+00:00,2.9467,2.9499,2.9367,2.9423,3158056.9
2025-08-21 01:00:00+00:00,2.9424,2.9436,2.9317,2.9357,4115922.9
2025-08-21 01:15:00+00:00,2.9357,2.9385,2.9264,2.934,5646258.0
2025-08-21 01:30:00+00:00,2.934,2.9436,2.9322,2.9404,3234954.4
2025-08-21 01:45:00+00:00,2.9405,2.951,2.9346,2.9493,6018989.7
2025-08-21 02:00:00+00:00,2.9494,2.9577,2.9262,2.9267,8237278.8
2025-08-21 02:15:00+00:00,2.9266,2.9282,2.9186,2.9225,7428521.8
2025-08-21 02:30:00+00:00,2.9226,2.9231,2.9117,2.9165,5245292.4
2025-08-21 02:45:00+00:00,2.9166,2.9238,2.9146,2.9232,3170085.0
2025-08-21 03:00:00+00:00,2.9233,2.95,2.9228,2.9452,8557137.4
2025-08-21 03:15:00+00:00,2.9452,2.9474,2.9339,2.9358,5357502.4
2025-08-21 03:30:00+00:00,2.9357,2.9416,2.9329,2.9395,2165345.2
2025-08-21 03:45:00+00:00,2.9395,2.9408,2.9284,2.9289,3372961.7
2025-08-21 04:00:00+00:00,2.9288,2.9317,2.924,2.926,2607811.6
2025-08-21 04:15:00+00:00,2.926,2.9265,2.9209,2.9249,2300889.6
2025-08-21 04:30:00+00:00,2.925,2.9342,2.9238,2.9338,2742617.1
2025-08-21 04:45:00+00:00,2.9338,2.94,2.9292,2.9298,2559932.2
2025-08-21 05:00:00+00:00,2.9297,2.9321,2.9221,2.9249,2807417.6
2025-08-21 05:15:00+00:00,2.9249,2.9283,2.9202,2.9225,3901234.8
2025-08-21 05:30:00+00:00,2.9225,2.93,2.9219,2.9229,2148583.0
2025-08-21 05:45:00+00:00,2.9229,2.9301,2.9216,2.93,2413733.9
2025-08-21 06:00:00+00:00,2.9301,2.9301,2.91,2.9112,5203498.7
2025-08-21 06:15:00+00:00,2.9113,2.9131,2.9022,2.9045,6893707.0
2025-08-21 06:30:00+00:00,2.9045,2.9119,2.9042,2.9095,2866783.4
2025-08-21 06:45:00+00:00,2.9095,2.9108,2.9059,2.9102,2170716.9
2025-08-21 07:00:00+00:00,2.9102,2.9168,2.903,2.9031,3880229.7
2025-08-21 07:15:00+00:00,2.9031,2.906,2.8912,2.9027,10140273.1
2025-08-21 07:30:00+00:00,2.9026,2.9112,2.8987,2.9074,4937177.6
2025-08-21 07:45:00+00:00,2.9075,2.9087,2.9039,2.9072,3093297.4
2025-08-21 08:00:00+00:00,2.9072,2.915,2.9021,2.915,6046955.6
2025-08-21 08:15:00+00:00,2.9149,2.915,2.8981,2.9009,5159504.7
2025-08-21 08:30:00+00:00,2.9009,2.9052,2.8974,2.9035,2282247.4
2025-08-21 08:45:00+00:00,2.9035,2.9086,2.896,2.8962,2351045.2
2025-08-21 09:00:00+00:00,2.8962,2.8968,2.8876,2.8906,5869990.3
2025-08-21 09:15:00+00:00,2.8906,2.8932,2.8846,2.8917,3864036.4
2025-08-21 09:30:00+00:00,2.8917,2.904,2.8903,2.9036,4960097.0
2025-08-21 09:45:00+00:00,2.9036,2.905,2.8916,2.8925,3039434.1
2025-08-21 10:00:00+00:00,2.8924,2.9017,2.8892,2.8975,4543344.3
2025-08-21 10:15:00+00:00,2.8975,2.9011,2.893,2.8984,2566035.8
2025-08-21 10:30:00+00:00,2.8984,2.9043,2.8947,2.9008,2070765.9
2025-08-21 10:45:00+00:00,2.9008,2.9044,2.8966,2.8994,1943009.5
2025-08-21 11:00:00+00:00,2.8994,2.9082,2.898,2.9063,2821835.8
2025-08-21 11:15:00+00:00,2.9063,2.9115,2.9056,2.9111,3127114.3
2025-08-21 11:30:00+00:00,2.9111,2.9151,2.8983,2.9045,5912447.0
2025-08-21 11:45:00+00:00,2.9045,2.9049,2.8949,2.9009,5364765.6
2025-08-21 12:00:00+00:00,2.9008,2.9029,2.8952,2.8981,2719189.3
2025-08-21 12:15:00+00:00,2.8982,2.9046,2.8885,2.8976,5168781.3
2025-08-21 12:30:00+00:00,2.8975,2.9088,2.8964,2.9029,4511282.2
2025-08-21 12:45:00+00:00,2.903,2.9039,2.8818,2.8894,7997662.1
2025-08-21 13:00:00+00:00,2.8893,2.8986,2.8837,2.8971,4071151.5
2025-08-21 13:15:00+00:00,2.8971,2.9054,2.8944,2.9048,2787526.1
2025-08-21 13:30:00+00:00,2.9049,2.9195,2.8922,2.9134,12799044.3
2025-08-21 13:45:00+00:00,2.9134,2.9151,2.8943,2.8946,12864476.7
2025-08-21 14:00:00+00:00,2.8946,2.9125,2.8895,2.9082,8975809.7
2025-08-21 14:15:00+00:00,2.9082,2.9222,2.905,2.9201,8560761.5
2025-08-21 14:30:00+00:00,2.9202,2.9213,2.8762,2.8922,18979419.3
2025-08-21 14:45:00+00:00,2.8922,2.899,2.8849,2.8983,7957559.8
2025-08-21 15:00:00+00:00,2.8983,2.902,2.8745,2.8752,10921221.1
2025-08-21 15:15:00+00:00,2.8752,2.8964,2.871,2.8903,10425381.3
2025-08-21 15:30:00+00:00,2.8903,2.8991,2.8836,2.8939,4993709.9
2025-08-21 15:45:00+00:00,2.8938,2.8939,2.8807,2.8855,4667085.7
2025-08-21 16:00:00+00:00,2.8855,2.9012,2.8801,2.8989,8048017.8
2025-08-21 16:15:00+00:00,2.899,2.9091,2.8905,2.8975,6235112.9
2025-08-21 16:30:00+00:00,2.8975,2.9028,2.888,2.9,5305834.0
2025-08-21 16:45:00+00:00,2.9,2.902,2.8875,2.889,4433994.5
2025-08-21 17:00:00+00:00,2.889,2.89,2.8725,2.8769,9080811.4
2025-08-21 17:15:00+00:00,2.8768,2.8898,2.8761,2.8841,6476294.7
2025-08-21 17:30:00+00:00,2.8841,2.9025,2.8832,2.9006,8213246.9
2025-08-21 17:45:00+00:00,2.9006,2.9065,2.8985,2.9008,5544930.5
2025-08-21 18:00:00+00:00,2.9007,2.9051,2.9,2.9034,4322209.8
2025-08-21 18:15:00+00:00,2.9034,2.9161,2.9016,2.9138,4617033.3
2025-08-21 18:30:00+00:00,2.9138,2.9147,2.9034,2.9038,2476104.4
2025-08-21 18:45:00+00:00,2.9038,2.9144,2.8992,2.9124,3566927.9
2025-08-21 19:00:00+00:00,2.9124,2.9183,2.9065,2.9072,3163363.2
2025-08-21 19:15:00+00:00,2.9072,2.9099,2.8882,2.8883,5082378.6
2025-08-21 19:30:00+00:00,2.8884,2.8884,2.8672,2.8673,11931436.7
2025-08-21 19:45:00+00:00,2.8673,2.8703,2.8503,2.867,21723665.7
2025-08-21 20:00:00+00:00,2.8671,2.8728,2.8627,2.8719,9454969.6
2025-08-21 20:15:00+00:00,2.8719,2.8811,2.8674,2.8785,7664510.1
2025-08-21 20:30:00+00:00,2.8785,2.8786,2.8584,2.8719,6800481.8
2025-08-21 20:45:00+00:00,2.8718,2.8868,2.87,2.8788,4631554.8
2025-08-21 21:00:00+00:00,2.8788,2.8835,2.8655,2.8806,4705530.6
2025-08-21 21:15:00+00:00,2.8806,2.8869,2.8743,2.8848,3545139.7
2025-08-21 21:30:00+00:00,2.8848,2.8875,2.875,2.8791,2439354.3
2025-08-21 21:45:00+00:00,2.879,2.8851,2.8771,2.8831,1290717.6
2025-08-21 22:00:00+00:00,2.883,2.8839,2.8758,2.883,2760907.4
2025-08-21 22:15:00+00:00,2.8829,2.8851,2.88,2.8813,1996384.6
2025-08-21 22:30:00+00:00,2.8813,2.8816,2.8685,2.869,2912601.0
2025-08-21 22:45:00+00:00,2.8689,2.8748,2.8674,2.8735,2323211.8
2025-08-21 23:00:00+00:00,2.8735,2.8735,2.854,2.8575,4491499.4
2025-08-21 23:15:00+00:00,2.8575,2.8598,2.8471,2.8562,6778073.8
2025-08-21 23:30:00+00:00,2.8561,2.8563,2.8408,2.8412,6917098.0
2025-08-21 23:45:00+00:00,2.8413,2.8517,2.8413,2.8505,3711133.4
2025-08-22 00:00:00+00:00,2.8504,2.8612,2.8484,2.8566,7421538.8
2025-08-22 00:15:00+00:00,2.8565,2.8649,2.8495,2.8634,4095957.6
2025-08-22 00:30:00+00:00,2.8633,2.8698,2.8612,2.8625,3706226.3
2025-08-22 00:45:00+00:00,2.8626,2.8634,2.8463,2.8562,5956211.0
2025-08-22 01:00:00+00:00,2.8561,2.8622,2.8367,2.8424,9288881.0
2025-08-22 01:15:00+00:00,2.8425,2.8587,2.842,2.8519,5646429.6
2025-08-22 01:30:00+00:00,2.8519,2.8577,2.8468,2.8563,3990409.2
2025-08-22 01:45:00+00:00,2.8562,2.8615,2.8548,2.8571,2525715.4
2025-08-22 02:00:00+00:00,2.8571,2.871,2.8515,2.8709,6471666.0
2025-08-22 02:15:00+00:00,2.8709,2.8838,2.8695,2.8819,6440804.3
2025-08-22 02:30:00+00:00,2.8819,2.8822,2.8637,2.8641,6080230.9
2025-08-22 02:45:00+00:00,2.864,2.8662,2.8554,2.8563,4216037.7
2025-08-22 03:00:00+00:00,2.8563,2.8591,2.8504,2.8564,4752469.2
2025-08-22 03:15:00+00:00,2.8564,2.8565,2.8456,2.8471,4746951.4
2025-08-22 03:30:00+00:00,2.847,2.8477,2.8246,2.8311,15087031.7
2025-08-22 03:45:00+00:00,2.8311,2.8343,2.8205,2.8314,9405389.8
2025-08-22 04:00:00+00:00,2.8314,2.845,2.829,2.8448,6944506.5
2025-08-22 04:15:00+00:00,2.8447,2.8584,2.8442,2.8553,7020377.5
2025-08-22 04:30:00+00:00,2.8553,2.8655,2.85,2.8592,9110028.0
2025-08-22 04:45:00+00:00,2.8593,2.8629,2.8494,2.8557,4309647.3
2025-08-22 05:00:00+00:00,2.8556,2.8649,2.8503,2.8624,3338758.8
2025-08-22 05:15:00+00:00,2.8623,2.8629,2.8562,2.8603,1641289.2
2025-08-22 05:30:00+00:00,2.8603,2.8723,2.856,2.8631,5304958.7
2025-08-22 05:45:00+00:00,2.8631,2.8726,2.8622,2.8697,4162880.8
2025-08-22 06:00:00+00:00,2.8697,2.8709,2.8569,2.8643,5876823.4
2025-08-22 06:15:00+00:00,2.8644,2.8725,2.8628,2.8659,4125173.7
2025-08-22 06:30:00+00:00,2.8659,2.8673,2.844,2.8483,7270235.3
2025-08-22 06:45:00+00:00,2.8484,2.856,2.8457,2.852,3125500.8
2025-08-22 07:00:00+00:00,2.852,2.8722,2.8495,2.8669,6371747.9
2025-08-22 07:15:00+00:00,2.8669,2.8735,2.8601,2.8706,5467617.3
2025-08-22 07:30:00+00:00,2.8705,2.8708,2.8645,2.8645,2338876.5
2025-08-22 07:45:00+00:00,2.8646,2.8682,2.8589,2.859,3137876.6
2025-08-22 08:00:00+00:00,2.8589,2.8722,2.8587,2.8689,4266818.1
2025-08-22 08:15:00+00:00,2.8689,2.8753,2.866,2.8711,4050367.4
2025-08-22 08:30:00+00:00,2.8712,2.8716,2.8631,2.8666,2634312.9
2025-08-22 08:45:00+00:00,2.8666,2.8676,2.859,2.8665,5728082.4
2025-08-22 09:00:00+00:00,2.8666,2.8692,2.8585,2.8585,2698414.6
2025-08-22 09:15:00+00:00,2.8586,2.8633,2.8551,2.8586,2710772.6
2025-08-22 09:30:00+00:00,2.8586,2.8626,2.8491,2.8549,4628411.2
2025-08-22 09:45:00+00:00,2.8549,2.8622,2.8536,2.8581,2639783.7
2025-08-22 10:00:00+00:00,2.8582,2.8588,2.8466,2.847,4923161.0
2025-08-22 10:15:00+00:00,2.847,2.8477,2.8404,2.8434,4889977.6
2025-08-22 10:30:00+00:00,2.8434,2.8441,2.8301,2.8338,8637166.1
2025-08-22 10:45:00+00:00,2.8339,2.8347,2.8261,2.831,6115103.8
2025-08-22 11:00:00+00:00,2.831,2.8326,2.8143,2.8194,15674194.3
2025-08-22 11:15:00+00:00,2.8193,2.8245,2.8146,2.821,8490924.7
2025-08-22 11:30:00+00:00,2.821,2.8228,2.805,2.8095,16107242.3
2025-08-22 11:45:00+00:00,2.8096,2.8139,2.8024,2.804,7717735.9
2025-08-22 12:00:00+00:00,2.804,2.8088,2.789,2.7954,24911891.6
2025-08-22 12:15:00+00:00,2.7954,2.8,2.7916,2.799,8700364.4
2025-08-22 12:30:00+00:00,2.7989,2.8006,2.7812,2.7995,22409987.5
2025-08-22 12:45:00+00:00,2.7994,2.8168,2.7978,2.8064,21991575.6
2025-08-22 13:00:00+00:00,2.8063,2.8195,2.804,2.8112,8859611.0
2025-08-22 13:15:00+00:00,2.8112,2.817,2.802,2.8168,8954858.5
2025-08-22 13:30:00+00:00,2.8169,2.8625,2.8063,2.8454,34713539.4
2025-08-22 13:45:00+00:00,2.8455,2.86,2.8342,2.8385,20784877.8
2025-08-22 14:00:00+00:00,2.8385,3.0027,2.8384,2.9991,162248529.3
2025-08-22 14:15:00+00:00,2.9992,3.0395,2.9417,2.993,135912764.4
2025-08-22 14:30:00+00:00,2.993,3.0268,2.993,3.0141,55594493.4
2025-08-22 14:45:00+00:00,3.014,3.0299,3.0024,3.004,28316461.1
2025-08-22 15:00:00+00:00,3.0039,3.0349,3.0035,3.022,27805079.8
2025-08-22 15:15:00+00:00,3.0221,3.0333,3.0154,3.0191,14244081.3
2025-08-22 15:30:00+00:00,3.019,3.0426,3.0176,3.0352,17071314.0
2025-08-22 15:45:00+00:00,3.0352,3.0404,3.016,3.016,14261034.0
2025-08-22 16:00:00+00:00,3.016,3.0715,3.0153,3.0509,38142550.9
2025-08-22 16:15:00+00:00,3.0509,3.052,3.0392,3.049,13535136.6
2025-08-22 16:30:00+00:00,3.049,3.061,3.0446,3.0532,12396431.9
2025-08-22 16:45:00+00:00,3.0531,3.0531,3.0401,3.0473,9098399.8
2025-08-22 17:00:00+00:00,3.0474,3.0825,3.0474,3.0823,23223936.4
2025-08-22 17:15:00+00:00,3.0824,3.0927,3.0733,3.0921,22380384.3
2025-08-22 17:30:00+00:00,3.092,3.0949,3.0609,3.07,20997714.4
2025-08-22 17:45:00+00:00,3.07,3.0714,3.0633,3.0654,9516911.9
2025-08-22 18:00:00+00:00,3.0654,3.0728,3.0583,3.0645,11714308.6
2025-08-22 18:15:00+00:00,3.0644,3.0652,3.0435,3.0518,17212989.6
2025-08-22 18:30:00+00:00,3.0518,3.0748,3.0498,3.0735,8651819.3
2025-08-22 18:45:00+00:00,3.0734,3.0785,3.0638,3.0784,6485802.2
2025-08-22 19:00:00+00:00,3.0784,3.087,3.074,3.0854,10618151.4
2025-08-22 19:15:00+00:00,3.0853,3.096,3.084,3.0945,11553657.1
2025-08-22 19:30:00+00:00,3.0945,3.0966,3.0812,3.0921,9471724.2
2025-08-22 19:45:00+00:00,3.0921,3.0998,3.0682,3.0713,26832457.8
2025-08-22 20:00:00+00:00,3.0714,3.0848,3.0699,3.0803,10895757.1
2025-08-22 20:15:00+00:00,3.0803,3.0832,3.0753,3.0779,4638068.2
2025-08-22 20:30:00+00:00,3.0779,3.0893,3.0714,3.0842,11157532.6
2025-08-22 20:45:00+00:00,3.0841,3.0905,3.0783,3.0901,8107877.3
2025-08-22 21:00:00+00:00,3.09,3.1058,3.0754,3.083,17780818.5
2025-08-22 21:15:00+00:00,3.083,3.106,3.0785,3.0977,19289543.6
2025-08-22 21:30:00+00:00,3.0977,3.0993,3.0874,3.0972,5633886.9
2025-08-22 21:45:00+00:00,3.0971,3.098,3.0852,3.0891,5158161.5
2025-08-22 22:00:00+00:00,3.089,3.0909,3.0715,3.0851,16281704.7
2025-08-22 22:15:00+00:00,3.0852,3.0886,3.0836,3.0861,5043501.2
2025-08-22 22:30:00+00:00,3.0861,3.0869,3.0726,3.0821,7570939.5
2025-08-22 22:45:00+00:00,3.0822,3.0881,3.0747,3.0769,5538568.9
2025-08-22 23:00:00+00:00,3.0768,3.0791,3.0644,3.0653,9015180.9
2025-08-22 23:15:00+00:00,3.0653,3.0692,3.0652,3.0675,3958202.5
2025-08-22 23:30:00+00:00,3.0674,3.0812,3.066,3.0794,5711946.2
2025-08-22 23:45:00+00:00,3.0793,3.0794,3.0729,3.0738,2421248.8
2025-08-23 00:00:00+00:00,3.0738,3.0749,3.0562,3.0597,12284567.4
2025-08-23 00:15:00+00:00,3.0597,3.0645,3.0557,3.059,5266856.2
2025-08-23 00:30:00+00:00,3.059,3.0634,3.0464,3.0465,9559866.0
2025-08-23 00:45:00+00:00,3.0465,3.0506,3.0384,3.0385,9904598.1
2025-08-23 01:00:00+00:00,3.0384,3.0466,3.0329,3.0354,10226370.1
2025-08-23 01:15:00+00:00,3.0354,3.0361,3.02,3.0223,12472747.9
2025-08-23 01:30:00+00:00,3.0222,3.0269,3.01,3.0109,11050639.1
2025-08-23 01:45:00+00:00,3.011,3.0299,3.0109,3.0249,10497444.8
2025-08-23 02:00:00+00:00,3.0248,3.0305,3.0174,3.0224,10376112.9
2025-08-23 02:15:00+00:00,3.0224,3.0242,2.9918,2.9919,17166333.0
2025-08-23 02:30:00+00:00,2.9918,2.9997,2.9682,2.989,29450258.4
2025-08-23 02:45:00+00:00,2.989,3.0014,2.9832,2.9971,9172719.4
2025-08-23 03:00:00+00:00,2.9971,3.0078,2.9907,3.004,9779545.4
2025-08-23 03:15:00+00:00,3.0041,3.0073,2.9845,2.9972,15126617.2
2025-08-23 03:30:00+00:00,2.9973,2.9978,2.9842,2.9865,7213684.9
2025-08-23 03:45:00+00:00,2.9865,2.9985,2.9832,2.993,4841747.2
2025-08-23 04:00:00+00:00,2.9929,3.0104,2.9923,3.0096,7645367.6
2025-08-23 04:15:00+00:00,3.0096,3.0134,3.0014,3.009,5352222.8
2025-08-23 04:30:00+00:00,3.009,3.0296,3.0089,3.0294,12323114.7
2025-08-23 04:45:00+00:00,3.0294,3.0331,3.0222,3.0319,8073883.8
2025-08-23 05:00:00+00:00,3.0318,3.0337,3.0256,3.0295,5453479.0
2025-08-23 05:15:00+00:00,3.0295,3.0465,3.0287,3.043,9538034.8
2025-08-23 05:30:00+00:00,3.0431,3.0581,3.0431,3.0492,10344714.4
2025-08-23 05:45:00+00:00,3.0493,3.0545,3.0447,3.0506,4295510.3
2025-08-23 06:00:00+00:00,3.0506,3.0631,3.0456,3.0489,8238031.5
2025-08-23 06:15:00+00:00,3.0489,3.0576,3.0489,3.0535,3861584.0
2025-08-23 06:30:00+00:00,3.0534,3.065,3.0515,3.0601,4995802.4
2025-08-23 06:45:00+00:00,3.0601,3.0644,3.0545,3.0634,4309577.4
2025-08-23 07:00:00+00:00,3.0634,3.0751,3.055,3.0709,9382792.8
2025-08-23 07:15:00+00:00,3.0709,3.073,3.0541,3.0551,6134165.7
2025-08-23 07:30:00+00:00,3.0552,3.0692,3.0482,3.0643,8571809.5
2025-08-23 07:45:00+00:00,3.0642,3.0656,3.055,3.0612,4584420.8
2025-08-23 08:00:00+00:00,3.0613,3.0713,3.0566,3.0578,6346531.2
2025-08-23 08:15:00+00:00,3.0577,3.0623,3.045,3.0469,8493540.9
2025-08-23 08:30:00+00:00,3.0469,3.0586,3.043,3.0562,7633601.1
2025-08-23 08:45:00+00:00,3.0562,3.0592,3.0477,3.0515,4090113.6
2025-08-23 09:00:00+00:00,3.0514,3.0536,3.0384,3.0455,7211537.7
2025-08-23 09:15:00+00:00,3.0454,3.047,3.0407,3.0453,3524500.8
2025-08-23 09:30:00+00:00,3.0452,3.0494,3.0434,3.0435,3786480.0
2025-08-23 09:45:00+00:00,3.0435,3.0519,3.0428,3.047,5697889.3
2025-08-23 10:00:00+00:00,3.047,3.0489,3.0339,3.0372,8434765.3
2025-08-23 10:15:00+00:00,3.0371,3.0398,3.031,3.035,5564239.5
2025-08-23 10:30:00+00:00,3.0349,3.0377,3.0286,3.0315,5215176.9
2025-08-23 10:45:00+00:00,3.0315,3.037,3.0304,3.0311,2719995.9
2025-08-23 11:00:00+00:00,3.0312,3.0408,3.0296,3.0402,4708433.1
2025-08-23 11:15:00+00:00,3.0402,3.042,3.0306,3.0306,3101523.0
2025-08-23 11:30:00+00:00,3.0306,3.0438,3.0289,3.0423,4202240.3
2025-08-23 11:45:00+00:00,3.0423,3.0512,3.0368,3.0425,7480712.4
2025-08-23 12:00:00+00:00,3.0425,3.0455,3.0313,3.0379,5724399.0
2025-08-23 12:15:00+00:00,3.038,3.0466,3.0362,3.0377,3507005.4
2025-08-23 12:30:00+00:00,3.0377,3.0446,3.0365,3.0391,2596972.7
2025-08-23 12:45:00+00:00,3.039,3.0409,3.0301,3.0324,4105843.9
2025-08-23 13:00:00+00:00,3.0325,3.0336,3.0286,3.0293,3852098.6
2025-08-23 13:15:00+00:00,3.0294,3.0313,3.021,3.0228,7581333.2
2025-08-23 13:30:00+00:00,3.0229,3.0229,3.0106,3.0145,15143628.4
2025-08-23 13:45:00+00:00,3.0145,3.0248,3.0124,3.0151,7927897.7
2025-08-23 14:00:00+00:00,3.015,3.0225,3.01,3.0166,6162209.8
2025-08-23 14:15:00+00:00,3.0166,3.0285,3.0145,3.0272,4713721.8
2025-08-23 14:30:00+00:00,3.0272,3.0317,3.0063,3.0129,7134510.5
2025-08-23 14:45:00+00:00,3.0128,3.018,3.0098,3.0151,3686891.1
2025-08-23 15:00:00+00:00,3.015,3.0205,3.0121,3.0149,3432870.5
2025-08-23 15:15:00+00:00,3.0148,3.023,3.014,3.022,3499146.1
2025-08-23 15:30:00+00:00,3.0221,3.0233,3.0175,3.0184,2245637.0
2025-08-23 15:45:00+00:00,3.0184,3.0225,3.0165,3.0181,2236995.8
2025-08-23 16:00:00+00:00,3.0181,3.0201,3.0122,3.0171,4814378.8
2025-08-23 16:15:00+00:00,3.0171,3.0243,3.0146,3.0185,2491822.6
2025-08-23 16:30:00+00:00,3.0185,3.0193,3.0098,3.0104,3695085.2
2025-08-23 16:45:00+00:00,3.0105,3.0224,3.0103,3.0201,4273642.3
2025-08-23 17:00:00+00:00,3.0201,3.0252,3.0188,3.0209,2512605.5
2025-08-23 17:15:00+00:00,3.0209,3.0223,3.016,3.0166,3770581.3
2025-08-23 17:30:00+00:00,3.0165,3.0235,3.0157,3.0218,1946453.8
2025-08-23 17:45:00+00:00,3.0218,3.0245,3.0171,3.0176,1227251.7
2025-08-23 18:00:00+00:00,3.0177,3.0193,3.0153,3.0176,1953360.6
2025-08-23 18:15:00+00:00,3.0176,3.0207,3.0165,3.017,1562712.4
2025-08-23 18:30:00+00:00,3.017,3.021,3.016,3.021,996830.8
2025-08-23 18:45:00+00:00,3.0209,3.0221,3.0182,3.0217,1016960.5
2025-08-23 19:00:00+00:00,3.0216,3.028,3.02,3.0264,2960052.3
2025-08-23 19:15:00+00:00,3.0263,3.029,3.0259,3.027,1565675.7
2025-08-23 19:30:00+00:00,3.0271,3.0293,3.0256,3.0265,1283096.3
2025-08-23 19:45:00+00:00,3.0265,3.0302,3.0264,3.0291,1541487.7
2025-08-23 20:00:00+00:00,3.0291,3.0325,3.0276,3.0293,2483887.6
2025-08-23 20:15:00+00:00,3.0293,3.0325,3.027,3.0319,2796303.8
2025-08-23 20:30:00+00:00,3.0319,3.0326,3.0243,3.0278,2733178.6
2025-08-23 20:45:00+00:00,3.0278,3.034,3.0271,3.0314,2468452.2
2025-08-23 21:00:00+00:00,3.0314,3.0331,3.0274,3.0329,1901338.0
2025-08-23 21:15:00+00:00,3.0328,3.0338,3.0251,3.0276,4650155.6
2025-08-23 21:30:00+00:00,3.0276,3.0329,3.0262,3.0298,3721165.0
2025-08-23 21:45:00+00:00,3.0298,3.0332,3.0282,3.0319,844704.6
2025-08-23 22:00:00+00:00,3.032,3.0412,3.0302,3.0402,4890369.0
2025-08-23 22:15:00+00:00,3.0403,3.0413,3.0347,3.0369,1669029.1
2025-08-23 22:30:00+00:00,3.037,3.0432,3.0365,3.0402,2300811.8
2025-08-23 22:45:00+00:00,3.0401,3.047,3.0394,3.0466,2750050.8
2025-08-23 23:00:00+00:00,3.0465,3.0519,3.0456,3.0456,3507292.3
2025-08-23 23:15:00+00:00,3.0456,3.0572,3.0441,3.0554,3684600.3
2025-08-23 23:30:00+00:00,3.0553,3.0553,3.0474,3.0487,1851509.7
2025-08-23 23:45:00+00:00,3.0487,3.0495,3.0457,3.0478,3148421.6
2025-08-24 00:00:00+00:00,3.0478,3.0516,3.0461,3.0492,4293405.5
2025-08-24 00:15:00+00:00,3.0492,3.0551,3.0459,3.0536,3492866.1
2025-08-24 00:30:00+00:00,3.0536,3.0636,3.0528,3.0615,5738128.6
2025-08-24 00:45:00+00:00,3.0614,3.0616,3.0544,3.0565,3548286.4
2025-08-24 01:00:00+00:00,3.0566,3.0572,3.0464,3.0543,5004681.1
2025-08-24 01:15:00+00:00,3.0543,3.0621,3.0482,3.0525,4590250.9
2025-08-24 01:30:00+00:00,3.0525,3.065,3.0498,3.0649,3788458.2
2025-08-24 01:45:00+00:00,3.0648,3.0888,3.063,3.073,17521197.0
2025-08-24 02:00:00+00:00,3.0731,3.0791,3.0571,3.0603,11078893.5
2025-08-24 02:15:00+00:00,3.0604,3.0685,3.0548,3.0657,6577272.3
2025-08-24 02:30:00+00:00,3.0658,3.0684,3.0607,3.0646,4156570.8
2025-08-24 02:45:00+00:00,3.0646,3.0676,3.055,3.0564,6556209.2
2025-08-24 03:00:00+00:00,3.0564,3.0592,3.0465,3.0474,6382919.8
2025-08-24 03:15:00+00:00,3.0475,3.0533,3.0446,3.0452,3891206.9
2025-08-24 03:30:00+00:00,3.0453,3.0533,3.0439,3.0497,2451456.9
2025-08-24 03:45:00+00:00,3.0496,3.0564,3.0478,3.052,2644465.1
2025-08-24 04:00:00+00:00,3.052,3.0562,3.0424,3.0492,3901976.1
2025-08-24 04:15:00+00:00,3.0492,3.0515,3.0444,3.0448,1723350.9
2025-08-24 04:30:00+00:00,3.0447,3.0495,3.0411,3.0449,3096876.5
2025-08-24 04:45:00+00:00,3.0448,3.0508,3.042,3.0506,1872274.1
2025-08-24 05:00:00+00:00,3.0507,3.0534,3.045,3.0518,2341030.2
2025-08-24 05:15:00+00:00,3.0518,3.0541,3.0472,3.0477,2702467.1
2025-08-24 05:30:00+00:00,3.0476,3.0528,3.0448,3.0505,2332002.8
2025-08-24 05:45:00+00:00,3.0505,3.0512,3.043,3.0495,1865064.4
2025-08-24 06:00:00+00:00,3.0494,3.05,3.0429,3.0441,1907603.1
2025-08-24 06:15:00+00:00,3.0442,3.0478,3.0369,3.0413,5567432.1
2025-08-24 06:30:00+00:00,3.0413,3.0422,3.0288,3.034,6483095.3
2025-08-24 06:45:00+00:00,3.0339,3.0386,3.0291,3.0313,9113886.1
2025-08-24 07:00:00+00:00,3.0313,3.0423,3.0298,3.041,4169474.2
2025-08-24 07:15:00+00:00,3.041,3.0415,3.0306,3.0411,2968854.7
2025-08-24 07:30:00+00:00,3.041,3.0472,3.04,3.042,3746788.2
2025-08-24 07:45:00+00:00,3.042,3.0455,3.0345,3.0355,2483387.5
2025-08-24 08:00:00+00:00,3.0355,3.0475,3.0272,3.0457,5210482.4
2025-08-24 08:15:00+00:00,3.0456,3.0472,3.0351,3.0379,3453074.6
2025-08-24 08:30:00+00:00,3.0378,3.0385,3.0329,3.0358,2232822.2
2025-08-24 08:45:00+00:00,3.0359,3.0412,3.0338,3.0393,2138212.4
2025-08-24 09:00:00+00:00,3.0393,3.0423,3.0278,3.0283,4548787.6
2025-08-24 09:15:00+00:00,3.0284,3.031,3.0245,3.0288,3652659.1
2025-08-24 09:30:00+00:00,3.0288,3.0367,3.0258,3.0345,3227937.8
2025-08-24 09:45:00+00:00,3.0345,3.0345,3.024,3.0246,2814968.9
2025-08-24 10:00:00+00:00,3.0246,3.026,3.0173,3.0181,5996973.0
2025-08-24 10:15:00+00:00,3.0182,3.0206,3.0121,3.0163,8065688.7
2025-08-24 10:30:00+00:00,3.0163,3.0163,3.001,3.0157,12586890.2
2025-08-24 10:45:00+00:00,3.0156,3.0218,3.0112,3.0117,6902148.5
2025-08-24 11:00:00+00:00,3.0116,3.0151,3.0011,3.005,5475134.7
2025-08-24 11:15:00+00:00,3.005,3.0094,2.9963,3.0087,11961852.0
2025-08-24 11:30:00+00:00,3.0087,3.0143,3.0043,3.0052,4234946.6
2025-08-24 11:45:00+00:00,3.0052,3.01,3.0041,3.0077,2669136.9
2025-08-24 12:00:00+00:00,3.0077,3.0167,3.0047,3.0139,3802490.9
2025-08-24 12:15:00+00:00,3.0139,3.0171,3.0081,3.0122,3309006.4
2025-08-24 12:30:00+00:00,3.0123,3.0172,3.0055,3.0111,2611345.1
2025-08-24 12:45:00+00:00,3.011,3.0184,3.0093,3.0163,3141448.7
2025-08-24 13:00:00+00:00,3.0163,3.0192,3.0111,3.0131,5023853.0
2025-08-24 13:15:00+00:00,3.0131,3.0216,3.0121,3.0188,3732907.4
2025-08-24 13:30:00+00:00,3.0189,3.0237,3.0169,3.0189,4306161.1
2025-08-24 13:45:00+00:00,3.019,3.0225,3.0171,3.0191,2750558.3
2025-08-24 14:00:00+00:00,3.0191,3.0204,3.0128,3.0172,5508419.9
2025-08-24 14:15:00+00:00,3.0173,3.0277,3.0129,3.0147,6986146.7
2025-08-24 14:30:00+00:00,3.0147,3.0162,3.0094,3.011,2862178.5
2025-08-24 14:45:00+00:00,3.0109,3.0234,3.0101,3.0207,3636173.5
2025-08-24 15:00:00+00:00,3.0207,3.039,3.0164,3.0347,8491870.1
2025-08-24 15:15:00+00:00,3.0348,3.04,3.03,3.0335,6329587.4
2025-08-24 15:30:00+00:00,3.0336,3.0368,3.027,3.0284,3817243.7
2025-08-24 15:45:00+00:00,3.0284,3.0296,3.0129,3.0137,5535410.5
2025-08-24 16:00:00+00:00,3.0136,3.0242,3.0125,3.023,8456020.0
2025-08-24 16:15:00+00:00,3.023,3.0247,3.0153,3.0184,3900018.7
2025-08-24 16:30:00+00:00,3.0184,3.0299,3.0169,3.0233,4288077.9
2025-08-24 16:45:00+00:00,3.0232,3.0316,3.021,3.0291,2329021.6
2025-08-24 17:00:00+00:00,3.0291,3.0396,3.0284,3.0395,4327373.5
2025-08-24 17:15:00+00:00,3.0395,3.0438,3.0343,3.036,6045245.7
2025-08-24 17:30:00+00:00,3.0361,3.0623,3.0336,3.0615,9138588.8
2025-08-24 17:45:00+00:00,3.0615,3.0642,3.0493,3.0505,10032384.3
2025-08-24 18:00:00+00:00,3.0505,3.0581,3.0451,3.0581,7012044.1
2025-08-24 18:15:00+00:00,3.058,3.0825,3.0571,3.0812,20005840.8
2025-08-24 18:30:00+00:00,3.0812,3.1094,3.0797,3.1003,27623876.6
2025-08-24 18:45:00+00:00,3.1003,3.1164,3.0961,3.1093,13340670.8
2025-08-24 19:00:00+00:00,3.1092,3.1252,3.1013,3.1168,15347546.4
2025-08-24 19:15:00+00:00,3.1167,3.1275,3.107,3.115,11614137.8
2025-08-24 19:30:00+00:00,3.115,3.1171,2.995,3.0552,147176355.0
2025-08-24 19:45:00+00:00,3.0552,3.059,3.0056,3.0334,51784136.6
2025-08-24 20:00:00+00:00,3.0334,3.036,2.9842,3.0068,51737578.3
2025-08-24 20:15:00+00:00,3.0068,3.0401,3.0041,3.0314,21493854.3
2025-08-24 20:30:00+00:00,3.0314,3.0394,3.0193,3.0378,9513019.9
2025-08-24 20:45:00+00:00,3.0379,3.0394,3.0236,3.0279,9125708.4
2025-08-24 21:00:00+00:00,3.028,3.0312,3.0079,3.021,14376068.2
2025-08-24 21:15:00+00:00,3.0209,3.029,3.0161,3.0262,5583582.4
2025-08-24 21:30:00+00:00,3.0262,3.0465,3.0243,3.0351,8240710.2
2025-08-24 21:45:00+00:00,3.035,3.0464,3.0219,3.0278,5733789.9
2025-08-24 22:00:00+00:00,3.0279,3.0319,3.0114,3.0238,10061996.4
2025-08-24 22:15:00+00:00,3.0238,3.0244,3.003,3.0037,6884424.3
2025-08-24 22:30:00+00:00,3.0038,3.0228,3.0007,3.0228,6750216.1
2025-08-24 22:45:00+00:00,3.0228,3.0346,3.0178,3.0325,5528340.3
2025-08-24 23:00:00+00:00,3.0325,3.039,3.026,3.0346,7265437.3
2025-08-24 23:15:00+00:00,3.0345,3.0383,3.0297,3.0317,2846581.9
2025-08-24 23:30:00+00:00,3.0318,3.0365,3.0271,3.0343,3006103.9
2025-08-24 23:45:00+00:00,3.0342,3.0384,3.0222,3.025,4979716.8
2025-08-25 00:00:00+00:00,3.0249,3.0352,3.0223,3.0255,7240316.7
2025-08-25 00:15:00+00:00,3.0254,3.0272,3.0107,3.0127,5131926.8
2025-08-25 00:30:00+00:00,3.0128,3.0129,2.972,2.9766,24869694.8
2025-08-25 00:45:00+00:00,2.9766,2.9949,2.9764,2.9926,10597186.4
2025-08-25 01:00:00+00:00,2.9925,3.0074,2.9918,3.0074,5718982.0
2025-08-25 01:15:00+00:00,3.0073,3.0251,2.9957,3.0178,10704909.0
2025-08-25 01:30:00+00:00,3.0178,3.0198,3.0082,3.0083,4676964.3
2025-08-25 01:45:00+00:00,3.0083,3.022,3.0082,3.0152,3081457.9
2025-08-25 02:00:00+00:00,3.0152,3.0275,3.0145,3.0269,3989494.1
2025-08-25 02:15:00+00:00,3.0268,3.046,3.0232,3.0437,12224491.2
2025-08-25 02:30:00+00:00,3.0437,3.0521,3.0358,3.0386,8335258.4
2025-08-25 02:45:00+00:00,3.0385,3.047,3.037,3.0438,4029155.4
2025-08-25 03:00:00+00:00,3.0438,3.0529,3.0364,3.0413,4680517.0
2025-08-25 03:15:00+00:00,3.0414,3.0478,3.0353,3.036,3736034.6
2025-08-25 03:30:00+00:00,3.036,3.043,3.029,3.0389,5386851.7
2025-08-25 03:45:00+00:00,3.0388,3.0432,3.0162,3.0213,8782635.6
2025-08-25 04:00:00+00:00,3.0213,3.0256,3.014,3.014,6408530.8
2025-08-25 04:15:00+00:00,3.014,3.0232,3.0094,3.0121,4601892.7
2025-08-25 04:30:00+00:00,3.012,3.0149,3.003,3.0076,5002024.1
2025-08-25 04:45:00+00:00,3.0075,3.01,3.0034,3.0039,4308245.0
2025-08-25 05:00:00+00:00,3.004,3.0103,2.9934,2.9956,6510609.5
2025-08-25 05:15:00+00:00,2.9957,3.01,2.9946,3.0078,4344445.4
2025-08-25 05:30:00+00:00,3.0079,3.0104,2.9981,3.0019,3116637.9
2025-08-25 05:45:00+00:00,3.0019,3.0063,2.9902,2.9917,4846734.2
2025-08-25 06:00:00+00:00,2.9917,2.9935,2.9766,2.9811,10886368.2
2025-08-25 06:15:00+00:00,2.9812,2.987,2.9737,2.9793,9457842.2
2025-08-25 06:30:00+00:00,2.9794,2.9803,2.9643,2.9696,10668510.3
2025-08-25 06:45:00+00:00,2.9696,2.97,2.9538,2.9546,13173470.8
2025-08-25 07:00:00+00:00,2.9546,2.9655,2.9471,2.9617,9933743.5
2025-08-25 07:15:00+00:00,2.9618,2.9671,2.9467,2.9468,6402636.6
2025-08-25 07:30:00+00:00,2.9468,2.9514,2.936,2.9476,14406123.9
2025-08-25 07:45:00+00:00,2.9476,2.949,2.9271,2.9374,12422016.6
2025-08-25 08:00:00+00:00,2.9374,2.9421,2.9198,2.9391,17643554.2
2025-08-25 08:15:00+00:00,2.9391,2.9516,2.9389,2.9434,9178393.1
2025-08-25 08:30:00+00:00,2.9433,2.9513,2.9373,2.9387,6624121.0
2025-08-25 08:45:00+00:00,2.9388,2.949,2.937,2.9436,4079034.1
2025-08-25 09:00:00+00:00,2.9435,2.9474,2.9332,2.9385,6051632.7
2025-08-25 09:15:00+00:00,2.9385,2.947,2.938,2.9383,6329608.2
2025-08-25 09:30:00+00:00,2.9383,2.9456,2.936,2.9435,3426529.3
2025-08-25 09:45:00+00:00,2.9435,2.9564,2.9411,2.9558,4333176.5
2025-08-25 10:00:00+00:00,2.9557,2.9561,2.9465,2.9466,6455426.6
2025-08-25 10:15:00+00:00,2.9466,2.9498,2.9187,2.9298,14232427.0
2025-08-25 10:30:00+00:00,2.9298,2.9325,2.9179,2.9252,8237344.7
2025-08-25 10:45:00+00:00,2.9252,2.9337,2.9218,2.9298,5418689.5
2025-08-25 11:00:00+00:00,2.9298,2.9354,2.927,2.9331,4131222.7
2025-08-25 11:15:00+00:00,2.9331,2.9361,2.9275,2.9319,2940661.3
2025-08-25 11:30:00+00:00,2.932,2.9426,2.9315,2.9386,5496807.1
2025-08-25 11:45:00+00:00,2.9386,2.9432,2.9381,2.9418,2541080.3
2025-08-25 12:00:00+00:00,2.9416,2.9493,2.9344,2.9493,8523479.0
2025-08-25 12:15:00+00:00,2.9492,2.9632,2.9441,2.9629,7677300.3
2025-08-25 12:30:00+00:00,2.9629,2.963,2.9501,2.9607,6442520.9
2025-08-25 12:45:00+00:00,2.9607,2.9617,2.9545,2.9609,3712135.6
2025-08-25 13:00:00+00:00,2.9608,2.9616,2.9539,2.9543,3183535.4
2025-08-25 13:15:00+00:00,2.9543,2.9671,2.948,2.9608,7186947.9
2025-08-25 13:30:00+00:00,2.9608,2.9627,2.9376,2.9377,21109509.0
2025-08-25 13:45:00+00:00,2.9376,2.9524,2.926,2.9479,14048345.9
2025-08-25 14:00:00+00:00,2.9479,2.96,2.9403,2.9541,7859467.5
2025-08-25 14:15:00+00:00,2.954,2.9644,2.9523,2.9526,6927471.6
2025-08-25 14:30:00+00:00,2.9527,2.9635,2.9467,2.9543,4355622.1
2025-08-25 14:45:00+00:00,2.9542,2.9677,2.9528,2.9658,4813392.0
2025-08-25 15:00:00+00:00,2.9657,2.9715,2.952,2.9564,6232733.7
2025-08-25 15:15:00+00:00,2.9564,2.973,2.9552,2.9649,5812744.8
2025-08-25 15:30:00+00:00,2.9649,2.967,2.9531,2.9581,4815411.1
2025-08-25 15:45:00+00:00,2.958,2.9582,2.9468,2.9522,5381534.9
2025-08-25 16:00:00+00:00,2.9523,2.9585,2.9421,2.9583,7084751.6
2025-08-25 16:15:00+00:00,2.9583,2.9673,2.9561,2.9568,3584437.2
2025-08-25 16:30:00+00:00,2.9568,2.9621,2.9524,2.9585,2205177.9
2025-08-25 16:45:00+00:00,2.9585,2.961,2.9477,2.9478,2867068.8
2025-08-25 17:00:00+00:00,2.9478,2.9501,2.9342,2.9447,8355030.2
2025-08-25 17:15:00+00:00,2.9447,2.9535,2.9374,2.9521,4803505.3
2025-08-25 17:30:00+00:00,2.9521,2.956,2.9414,2.9481,3739957.6
2025-08-25 17:45:00+00:00,2.9481,2.9659,2.9462,2.9622,6509209.2
2025-08-25 18:00:00+00:00,2.9623,2.9652,2.9534,2.9579,6520429.4
2025-08-25 18:15:00+00:00,2.9579,2.9625,2.9523,2.9608,3535558.8
2025-08-25 18:30:00+00:00,2.9609,2.9643,2.9449,2.9478,9796005.8
2025-08-25 18:45:00+00:00,2.9478,2.9615,2.9451,2.9588,4800435.7
2025-08-25 19:00:00+00:00,2.9589,2.9602,2.9419,2.9419,6595777.7
2025-08-25 19:15:00+00:00,2.942,2.9426,2.9193,2.9361,20806444.0
2025-08-25 19:30:00+00:00,2.936,2.9378,2.905,2.9099,20181332.8
2025-08-25 19:45:00+00:00,2.9098,2.9145,2.871,2.8752,39402767.9
2025-08-25 20:00:00+00:00,2.8753,2.8925,2.85,2.8639,45457524.8
2025-08-25 20:15:00+00:00,2.864,2.886,2.8599,2.8685,19469922.0
2025-08-25 20:30:00+00:00,2.8685,2.8704,2.8291,2.8541,51362522.1
2025-08-25 20:45:00+00:00,2.8541,2.8614,2.8239,2.8245,25158507.6
2025-08-25 21:00:00+00:00,2.8245,2.8506,2.8202,2.8329,27749400.2
2025-08-25 21:15:00+00:00,2.833,2.8516,2.8322,2.8411,12846079.8
2025-08-25 21:30:00+00:00,2.8411,2.857,2.8321,2.8511,11722559.9
2025-08-25 21:45:00+00:00,2.851,2.8628,2.8483,2.8487,9172725.9
2025-08-25 22:00:00+00:00,2.8486,2.8566,2.8383,2.8393,8113885.9
2025-08-25 22:15:00+00:00,2.8392,2.859,2.8371,2.8587,10506562.0
2025-08-25 22:30:00+00:00,2.8587,2.8672,2.8563,2.8672,6291237.3
2025-08-25 22:45:00+00:00,2.8671,2.8675,2.8576,2.861,4656443.5
2025-08-25 23:00:00+00:00,2.8611,2.8628,2.8539,2.8583,6480106.7
2025-08-25 23:15:00+00:00,2.8584,2.8617,2.8463,2.8525,4017323.9
2025-08-25 23:30:00+00:00,2.8524,2.86,2.8502,2.8593,2205357.8
2025-08-25 23:45:00+00:00,2.8594,2.8625,2.8555,2.8567,2735785.2
2025-08-26 00:00:00+00:00,2.8568,2.864,2.8496,2.8622,9593828.5
2025-08-26 00:15:00+00:00,2.8621,2.8737,2.8598,2.8723,9769138.6
2025-08-26 00:30:00+00:00,2.8723,2.881,2.8555,2.8567,11059257.3
2025-08-26 00:45:00+00:00,2.8568,2.8731,2.8443,2.8585,12149381.1
2025-08-26 01:00:00+00:00,2.8584,2.8756,2.8493,2.865,8521719.8
2025-08-26 01:15:00+00:00,2.8651,2.8776,2.8624,2.8761,4888971.8
2025-08-26 01:30:00+00:00,2.8761,2.8806,2.8693,2.8752,3737330.3
2025-08-26 01:45:00+00:00,2.8752,2.884,2.8737,2.8824,5084826.0
2025-08-26 02:00:00+00:00,2.8824,2.8953,2.8808,2.8952,5777905.9
2025-08-26 02:15:00+00:00,2.8952,2.8958,2.8802,2.8861,4763564.5
2025-08-26 02:30:00+00:00,2.8861,2.8868,2.8708,2.8765,4499197.7
2025-08-26 02:45:00+00:00,2.8764,2.8843,2.8712,2.8812,9497224.9
2025-08-26 03:00:00+00:00,2.8811,2.8879,2.8797,2.8823,3373827.8
2025-08-26 03:15:00+00:00,2.8823,2.8945,2.8758,2.8859,8609676.4
2025-08-26 03:30:00+00:00,2.886,2.892,2.8848,2.8888,1977145.1
2025-08-26 03:45:00+00:00,2.8888,2.8896,2.8818,2.8835,2059392.7
2025-08-26 04:00:00+00:00,2.8836,2.8974,2.8835,2.8969,4131774.0
2025-08-26 04:15:00+00:00,2.8969,2.9016,2.8933,2.8983,4271611.0
2025-08-26 04:30:00+00:00,2.8984,2.9038,2.8982,2.901,3409650.0
2025-08-26 04:45:00+00:00,2.9011,2.9088,2.8978,2.9056,6622120.0
2025-08-26 05:00:00+00:00,2.9057,2.9126,2.905,2.9125,3169478.7
2025-08-26 05:15:00+00:00,2.9124,2.916,2.9105,2.9126,4853145.8
2025-08-26 05:30:00+00:00,2.9127,2.9227,2.9099,2.9226,4511970.6
2025-08-26 05:45:00+00:00,2.9226,2.9276,2.9177,2.9177,7398380.3
2025-08-26 06:00:00+00:00,2.9177,2.9281,2.91,2.9219,9076043.5
2025-08-26 06:15:00+00:00,2.9219,2.9277,2.901,2.9079,11558896.8
2025-08-26 06:30:00+00:00,2.908,2.9149,2.906,2.9104,2930887.7
2025-08-26 06:45:00+00:00,2.9104,2.9122,2.9038,2.9095,3382636.8
2025-08-26 07:00:00+00:00,2.9094,2.9167,2.9042,2.907,5520848.1
2025-08-26 07:15:00+00:00,2.9069,2.9136,2.8984,2.9069,5253769.3
2025-08-26 07:30:00+00:00,2.9069,2.934,2.9059,2.9178,11972948.7
2025-08-26 07:45:00+00:00,2.9179,2.9225,2.9112,2.9157,6442934.7
2025-08-26 08:00:00+00:00,2.9157,2.9206,2.9101,2.918,4241498.0
2025-08-26 08:15:00+00:00,2.918,2.9263,2.909,2.919,7322805.9
2025-08-26 08:30:00+00:00,2.9189,2.9216,2.915,2.9189,3137792.5
2025-08-26 08:45:00+00:00,2.9188,2.923,2.9081,2.9099,5160123.2
2025-08-26 09:00:00+00:00,2.91,2.9175,2.9079,2.9135,3042414.8
2025-08-26 09:15:00+00:00,2.9134,2.9198,2.9128,2.9168,2410808.1
2025-08-26 09:30:00+00:00,2.9168,2.9194,2.905,2.9055,3251552.3
2025-08-26 09:45:00+00:00,2.9056,2.9083,2.9013,2.9083,6934364.5
2025-08-26 10:00:00+00:00,2.9083,2.9115,2.9048,2.9055,3316760.5
2025-08-26 10:15:00+00:00,2.9055,2.9074,2.8989,2.9033,3843549.7
2025-08-26 10:30:00+00:00,2.9033,2.913,2.9032,2.9118,5458266.4
2025-08-26 10:45:00+00:00,2.9119,2.9143,2.9038,2.9066,3722745.2
2025-08-26 11:00:00+00:00,2.9066,2.9097,2.9004,2.9034,5975015.0
2025-08-26 11:15:00+00:00,2.9033,2.9034,2.894,2.8969,6209964.5
2025-08-26 11:30:00+00:00,2.8969,2.8972,2.8894,2.8968,6481313.0
2025-08-26 11:45:00+00:00,2.8967,2.901,2.8926,2.9001,4195220.8
2025-08-26 12:00:00+00:00,2.9,2.9008,2.8884,2.8888,6491116.1
2025-08-26 12:15:00+00:00,2.8888,2.894,2.8874,2.8931,4382317.5
2025-08-26 12:30:00+00:00,2.8931,2.939,2.8929,2.9257,29707118.4
2025-08-26 12:45:00+00:00,2.9256,2.9328,2.8929,2.9164,25168971.1
2025-08-26 13:00:00+00:00,2.9164,2.9166,2.9042,2.906,9012645.7
2025-08-26 13:15:00+00:00,2.9061,2.9106,2.8983,2.8999,4876709.8
2025-08-26 13:30:00+00:00,2.8999,2.9227,2.8972,2.911,16942578.5
2025-08-26 13:45:00+00:00,2.911,2.9179,2.8862,2.9163,20108111.6
2025-08-26 14:00:00+00:00,2.9163,2.9227,2.9033,2.9076,10779080.2
2025-08-26 14:15:00+00:00,2.9075,2.9342,2.9065,2.9239,13416677.1
2025-08-26 14:30:00+00:00,2.9239,2.9331,2.9218,2.9316,5399035.9
2025-08-26 14:45:00+00:00,2.9317,2.94,2.9254,2.929,8179849.1
2025-08-26 15:00:00+00:00,2.9289,2.9413,2.9253,2.9286,8214357.8
2025-08-26 15:15:00+00:00,2.9287,2.9421,2.924,2.933,9900225.8
2025-08-26 15:30:00+00:00,2.933,2.9335,2.9206,2.9222,6429983.7
2025-08-26 15:45:00+00:00,2.9223,2.9326,2.922,2.9315,2764948.9
2025-08-26 16:00:00+00:00,2.9315,2.9348,2.9246,2.9276,4976969.0
2025-08-26 16:15:00+00:00,2.9276,2.9458,2.9276,2.9457,4890545.8
2025-08-26 16:30:00+00:00,2.9458,2.9516,2.9413,2.947,6299769.2
2025-08-26 16:45:00+00:00,2.9469,2.9548,2.9437,2.9543,4987339.5
2025-08-26 17:00:00+00:00,2.9542,2.9559,2.9451,2.9516,6130471.8
2025-08-26 17:15:00+00:00,2.9516,2.962,2.9487,2.9562,8735545.2
2025-08-26 17:30:00+00:00,2.9563,2.9572,2.947,2.9497,4791633.8
2025-08-26 17:45:00+00:00,2.9497,2.9613,2.9471,2.9613,9224974.3
2025-08-26 18:00:00+00:00,2.9613,2.9634,2.9582,2.9611,3941192.7
2025-08-26 18:15:00+00:00,2.961,2.9735,2.9605,2.9732,6605430.4
2025-08-26 18:30:00+00:00,2.9733,2.9876,2.9726,2.9853,10458273.3
2025-08-26 18:45:00+00:00,2.9853,2.9861,2.9772,2.979,5944554.1
2025-08-26 19:00:00+00:00,2.979,2.9798,2.9649,2.9722,7777684.0
2025-08-26 19:15:00+00:00,2.9722,2.9892,2.9701,2.9889,8615680.0
2025-08-26 19:30:00+00:00,2.9889,3.0231,2.9858,3.017,28968845.1
2025-08-26 19:45:00+00:00,3.0171,3.081,3.0153,3.0596,61245871.0
2025-08-26 20:00:00+00:00,3.0595,3.0617,3.0283,3.0378,43073282.9
2025-08-26 20:15:00+00:00,3.0376,3.0412,3.0237,3.0253,13714340.3
2025-08-26 20:30:00+00:00,3.0253,3.0345,3.019,3.0218,10447429.7
2025-08-26 20:45:00+00:00,3.0219,3.0387,3.0155,3.0384,11463448.0
2025-08-26 21:00:00+00:00,3.0384,3.0402,3.02,3.028,9435432.9
2025-08-26 21:15:00+00:00,3.028,3.0329,3.0186,3.0199,5239993.2
2025-08-26 21:30:00+00:00,3.02,3.0261,3.0172,3.0214,4695303.3
2025-08-26 21:45:00+00:00,3.0214,3.0294,3.0192,3.0293,2748994.1
2025-08-26 22:00:00+00:00,3.0293,3.0318,3.0131,3.0213,7472068.9
2025-08-26 22:15:00+00:00,3.0213,3.023,3.0046,3.0075,7635499.6
2025-08-26 22:30:00+00:00,3.0074,3.0155,3.0029,3.0043,6419654.8
2025-08-26 22:45:00+00:00,3.0042,3.0125,3.002,3.0124,4931024.2
2025-08-26 23:00:00+00:00,3.0124,3.0261,3.0079,3.0236,8167196.6
2025-08-26 23:15:00+00:00,3.0237,3.0237,3.013,3.0147,3926774.5
2025-08-26 23:30:00+00:00,3.0146,3.0156,3.007,3.0147,4778428.6
2025-08-26 23:45:00+00:00,3.0148,3.0148,3.0085,3.0112,2090791.3
2025-08-27 00:00:00+00:00,3.0113,3.0116,3.0011,3.0018,6922067.3
2025-08-27 00:15:00+00:00,3.0017,3.0038,2.9937,2.9952,6948509.9
2025-08-27 00:30:00+00:00,2.9951,3.0035,2.9938,2.9949,5354774.5
2025-08-27 00:45:00+00:00,2.995,2.997,2.9844,2.9885,7092081.9
2025-08-27 01:00:00+00:00,2.9885,2.9917,2.98,2.9912,6609692.3
2025-08-27 01:15:00+00:00,2.9911,2.9987,2.9852,2.9954,3934987.2
2025-08-27 01:30:00+00:00,2.9953,3.0068,2.9935,2.9962,4492664.4
2025-08-27 01:45:00+00:00,2.9962,3.0045,2.9956,3.0021,2937823.0
2025-08-27 02:00:00+00:00,3.0021,3.0037,2.9874,2.99,3860852.7
2025-08-27 02:15:00+00:00,2.9899,3.0064,2.9889,2.9955,4256883.6
2025-08-27 02:30:00+00:00,2.9955,3.0025,2.9946,2.9988,2721553.2
2025-08-27 02:45:00+00:00,2.9989,3.0006,2.9926,2.9935,1886604.9
2025-08-27 03:00:00+00:00,2.9935,2.997,2.9866,2.991,2449529.3
2025-08-27 03:15:00+00:00,2.9909,2.9915,2.9827,2.9863,3374951.5
2025-08-27 03:30:00+00:00,2.9863,2.9943,2.9862,2.9921,2487746.4
2025-08-27 03:45:00+00:00,2.9921,3.0121,2.9921,3.0031,13141856.4
2025-08-27 04:00:00+00:00,3.0031,3.0198,3.0001,3.0143,9178673.7
2025-08-27 04:15:00+00:00,3.0142,3.021,3.009,3.0099,5811883.3
2025-08-27 04:30:00+00:00,3.0099,3.024,3.0085,3.0223,6093600.0
2025-08-27 04:45:00+00:00,3.0222,3.0265,3.0184,3.0209,5239939.1
2025-08-27 05:00:00+00:00,3.0209,3.0225,3.0093,3.02,5011397.6
2025-08-27 05:15:00+00:00,3.0199,3.0222,3.0135,3.0163,3154833.6
2025-08-27 05:30:00+00:00,3.0163,3.0192,3.0098,3.0154,4179831.3
2025-08-27 05:45:00+00:00,3.0155,3.0164,3.012,3.0136,2241635.4
2025-08-27 06:00:00+00:00,3.0137,3.014,3.0025,3.0049,7311282.3
2025-08-27 06:15:00+00:00,3.005,3.0103,3.0023,3.008,2482054.2
2025-08-27 06:30:00+00:00,3.0079,3.014,3.0071,3.009,2205646.6
2025-08-27 06:45:00+00:00,3.0089,3.0092,2.9948,2.9977,8317732.5
2025-08-27 07:00:00+00:00,2.9977,3.0018,2.9967,2.9994,3522695.8
2025-08-27 07:15:00+00:00,2.9994,3.0008,2.9838,2.9871,8210260.0
2025-08-27 07:30:00+00:00,2.9871,2.9901,2.9834,2.9876,4712332.1
2025-08-27 07:45:00+00:00,2.9876,2.9945,2.9841,2.9924,3536646.2
2025-08-27 08:00:00+00:00,2.9923,3.0057,2.9923,3.0044,8132373.3
2025-08-27 08:15:00+00:00,3.0043,3.0056,2.996,3.0,3491214.3
2025-08-27 08:30:00+00:00,3.0,3.0058,2.9994,3.0016,3031066.8
2025-08-27 08:45:00+00:00,3.0016,3.0134,2.9954,3.0131,3968699.5
2025-08-27 09:00:00+00:00,3.0131,3.0224,3.0113,3.0126,7318582.4
2025-08-27 09:15:00+00:00,3.0126,3.018,3.0107,3.0126,4205505.5
2025-08-27 09:30:00+00:00,3.0127,3.0162,3.0063,3.0076,3518851.9
2025-08-27 09:45:00+00:00,3.0076,3.0119,3.0062,3.0094,2965738.4
2025-08-27 10:00:00+00:00,3.0094,3.0142,3.0063,3.0087,3255179.8
2025-08-27 10:15:00+00:00,3.0086,3.0142,3.0041,3.0078,3820473.1
2025-08-27 10:30:00+00:00,3.0079,3.01,2.9955,3.0008,5678580.9
2025-08-27 10:45:00+00:00,3.0008,3.0017,2.9972,2.9974,1842320.9
2025-08-27 11:00:00+00:00,2.9974,3.002,2.9971,2.9995,4214761.4
2025-08-27 11:15:00+00:00,2.9994,3.0008,2.9953,2.9963,3382360.0
2025-08-27 11:30:00+00:00,2.9963,2.9992,2.9938,2.9949,3296377.7
2025-08-27 11:45:00+00:00,2.9949,2.9998,2.9948,2.9967,3169617.4
2025-08-27 12:00:00+00:00,2.9966,3.004,2.9897,2.9961,7024606.8
2025-08-27 12:15:00+00:00,2.9961,2.9994,2.9907,2.9945,2477761.8
2025-08-27 12:30:00+00:00,2.9945,2.9993,2.9911,2.9932,2894824.1
2025-08-27 12:45:00+00:00,2.9933,3.0029,2.9933,3.0008,3312098.7
2025-08-27 13:00:00+00:00,3.0007,3.0008,2.9916,2.9935,4112945.8
2025-08-27 13:15:00+00:00,2.9935,2.9996,2.9915,2.9971,3095046.0
2025-08-27 13:30:00+00:00,2.9971,3.0183,2.9865,3.008,21005693.0
2025-08-27 13:45:00+00:00,3.008,3.015,2.9974,2.9989,12428639.1
2025-08-27 14:00:00+00:00,2.9989,3.0088,2.9916,3.006,7899513.3
2025-08-27 14:15:00+00:00,3.006,3.0168,3.002,3.0149,5585239.4
2025-08-27 14:30:00+00:00,3.0148,3.031,3.0122,3.0122,16020029.0
2025-08-27 14:45:00+00:00,3.0123,3.0153,3.0014,3.004,9010172.2
2025-08-27 15:00:00+00:00,3.004,3.0166,2.998,3.0133,7624397.3
2025-08-27 15:15:00+00:00,3.0133,3.0171,2.9981,3.0028,7887920.9
2025-08-27 15:30:00+00:00,3.0027,3.0097,2.996,3.0076,9155789.9
2025-08-27 15:45:00+00:00,3.0075,3.0196,3.0046,3.0156,6462176.9
2025-08-27 16:00:00+00:00,3.0156,3.0168,3.0063,3.0091,4924787.6
2025-08-27 16:15:00+00:00,3.0091,3.0206,3.0062,3.0099,5857937.6
2025-08-27 16:30:00+00:00,3.01,3.0131,2.9988,3.0103,6013312.5
2025-08-27 16:45:00+00:00,3.0103,3.0202,3.0068,3.0176,4703905.2
2025-08-27 17:00:00+00:00,3.0176,3.0224,3.013,3.0166,5527158.5
2025-08-27 17:15:00+00:00,3.0167,3.0224,3.0095,3.0198,4034902.6
2025-08-27 17:30:00+00:00,3.0199,3.0289,3.0181,3.0278,6913194.3
2025-08-27 17:45:00+00:00,3.0277,3.0367,3.0275,3.0341,7960309.3
2025-08-27 18:00:00+00:00,3.034,3.0439,3.0337,3.0388,8073020.7
2025-08-27 18:15:00+00:00,3.0388,3.0394,3.0296,3.0347,5056126.9
2025-08-27 18:30:00+00:00,3.0347,3.035,3.021,3.021,5514796.8
2025-08-27 18:45:00+00:00,3.021,3.0282,3.007,3.0074,5985664.2
2025-08-27 19:00:00+00:00,3.0075,3.0158,2.986,2.9945,16320626.8
2025-08-27 19:15:00+00:00,2.9945,3.0088,2.9921,3.0061,5852058.1
2025-08-27 19:30:00+00:00,3.006,3.0188,3.0054,3.0157,5016077.8
2025-08-27 19:45:00+00:00,3.0158,3.0158,2.9943,3.0041,17238058.9
2025-08-27 20:00:00+00:00,3.0041,3.0074,2.9821,2.9965,16583704.9
2025-08-27 20:15:00+00:00,2.9965,3.0278,2.97,3.0089,67512019.9
2025-08-27 20:30:00+00:00,3.0088,3.0237,3.0018,3.0125,18673813.1
2025-08-27 20:45:00+00:00,3.0125,3.0161,2.9992,3.0112,6166779.8
2025-08-27 21:00:00+00:00,3.0113,3.0187,3.0032,3.0062,5905654.2
2025-08-27 21:15:00+00:00,3.0062,3.0084,2.9955,3.0003,5285727.4
2025-08-27 21:30:00+00:00,3.0002,3.006,2.988,2.9953,3424009.8
2025-08-27 21:45:00+00:00,2.9953,2.9953,2.9782,2.986,4646779.8
2025-08-27 22:00:00+00:00,2.986,2.9877,2.9603,2.9747,14706540.4
2025-08-27 22:15:00+00:00,2.9748,2.9832,2.9724,2.9793,4800598.2
2025-08-27 22:30:00+00:00,2.9793,2.9905,2.978,2.9904,3043054.3
2025-08-27 22:45:00+00:00,2.9905,2.9912,2.9777,2.9777,4577586.7
2025-08-27 23:00:00+00:00,2.9776,2.9815,2.9726,2.973,3503049.2
2025-08-27 23:15:00+00:00,2.9731,2.9765,2.9676,2.9739,4422532.8
2025-08-27 23:30:00+00:00,2.9739,2.977,2.9621,2.9629,4083221.6
2025-08-27 23:45:00+00:00,2.963,2.968,2.961,2.9676,5063587.6
2025-08-28 00:00:00+00:00,2.9677,2.9779,2.9655,2.9761,8104302.1
2025-08-28 00:15:00+00:00,2.9761,2.978,2.9564,2.967,10067825.2
2025-08-28 00:30:00+00:00,2.9671,2.9686,2.9519,2.9679,6911210.2
2025-08-28 00:45:00+00:00,2.9678,2.9775,2.96,2.9685,5339602.0
2025-08-28 01:00:00+00:00,2.9685,2.9779,2.9675,2.9761,4161076.5
2025-08-28 01:15:00+00:00,2.9761,2.9798,2.973,2.9731,3260119.5
2025-08-28 01:30:00+00:00,2.9732,2.9875,2.9728,2.9825,6164198.2
2025-08-28 01:45:00+00:00,2.9825,2.9884,2.98,2.9837,2814112.7
2025-08-28 02:00:00+00:00,2.9838,2.9858,2.9763,2.9767,3141460.5
2025-08-28 02:15:00+00:00,2.9767,2.9863,2.9741,2.9848,3584167.2
2025-08-28 02:30:00+00:00,2.9848,2.9875,2.9762,2.9762,2347776.1
2025-08-28 02:45:00+00:00,2.9762,2.9788,2.9695,2.9723,1834262.3
2025-08-28 03:00:00+00:00,2.9723,2.9824,2.9684,2.9811,3482959.3
2025-08-28 03:15:00+00:00,2.981,2.9844,2.9755,2.9811,2685728.7
2025-08-28 03:30:00+00:00,2.9811,2.9844,2.9785,2.9797,2243410.4
2025-08-28 03:45:00+00:00,2.9797,2.9835,2.9742,2.9811,2168575.7
2025-08-28 04:00:00+00:00,2.9812,2.9913,2.9762,2.9909,4042282.7
2025-08-28 04:15:00+00:00,2.9909,2.994,2.986,2.9886,4570126.4
2025-08-28 04:30:00+00:00,2.9886,3.0011,2.9877,2.999,6324683.3
2025-08-28 04:45:00+00:00,2.9989,3.0111,2.9964,3.0065,8663511.9
2025-08-28 05:00:00+00:00,3.0065,3.0122,3.0027,3.0044,7782788.2
2025-08-28 05:15:00+00:00,3.0043,3.0089,2.998,3.0016,5595599.6
2025-08-28 05:30:00+00:00,3.0015,3.0051,2.9963,2.9964,2241133.1
2025-08-28 05:45:00+00:00,2.9963,3.0007,2.9933,2.999,3414534.1
2025-08-28 06:00:00+00:00,2.999,2.9996,2.9894,2.9923,4646254.9
2025-08-28 06:15:00+00:00,2.9922,2.9981,2.9906,2.9981,2227144.3
2025-08-28 06:30:00+00:00,2.998,2.9997,2.9922,2.9997,3955964.5
2025-08-28 06:45:00+00:00,2.9996,3.0028,2.9946,3.0006,4610081.2
2025-08-28 07:00:00+00:00,3.0005,3.006,2.9988,3.0007,3673033.5
2025-08-28 07:15:00+00:00,3.0008,3.0038,2.9916,2.9954,6220980.2
2025-08-28 07:30:00+00:00,2.9954,2.9958,2.99,2.9934,2984336.0
2025-08-28 07:45:00+00:00,2.9934,3.0023,2.9933,3.0023,2993993.5
2025-08-28 08:00:00+00:00,3.0023,3.0155,3.0016,3.0079,11222611.2
2025-08-28 08:15:00+00:00,3.0079,3.0148,3.0006,3.0017,6440509.8
2025-08-28 08:30:00+00:00,3.0017,3.0033,2.9987,2.9989,3841712.2
2025-08-28 08:45:00+00:00,2.9989,2.9998,2.9941,2.999,5315295.8
2025-08-28 09:00:00+00:00,2.9989,2.9991,2.9911,2.9912,6342489.7
2025-08-28 09:15:00+00:00,2.9913,2.9994,2.9905,2.9992,2524273.0
2025-08-28 09:30:00+00:00,2.9992,2.9998,2.9963,2.999,2733471.0
2025-08-28 09:45:00+00:00,2.999,3.0011,2.9956,2.9984,1805159.1
2025-08-28 10:00:00+00:00,2.9984,3.0004,2.9932,3.0001,2621833.9
2025-08-28 10:15:00+00:00,3.0001,3.0003,2.9933,2.9978,2134149.5
2025-08-28 10:30:00+00:00,2.9977,3.0044,2.9967,3.0029,3298943.5
2025-08-28 10:45:00+00:00,3.0029,3.0064,3.0018,3.0064,3721093.5
2025-08-28 11:00:00+00:00,3.0064,3.0068,2.9997,3.0017,3423951.6
2025-08-28 11:15:00+00:00,3.0017,3.0042,3.0006,3.0033,1374433.3
2025-08-28 11:30:00+00:00,3.0034,3.0048,2.9994,2.9995,1888251.6
2025-08-28 11:45:00+00:00,2.9995,3.0075,2.9979,3.0065,2783679.3
2025-08-28 12:00:00+00:00,3.0065,3.008,3.0039,3.0072,3319708.0
2025-08-28 12:15:00+00:00,3.0072,3.0116,3.005,3.0087,4063283.3
2025-08-28 12:30:00+00:00,3.0088,3.0223,3.005,3.0211,14069831.2
2025-08-28 12:45:00+00:00,3.0211,3.0241,3.0166,3.0181,8051146.8
2025-08-28 13:00:00+00:00,3.0181,3.0241,3.0152,3.0185,6296320.1
2025-08-28 13:15:00+00:00,3.0186,3.0247,3.0097,3.0122,5765337.8
2025-08-28 13:30:00+00:00,3.0121,3.0208,3.0075,3.0172,10632948.9
2025-08-28 13:45:00+00:00,3.0171,3.0184,2.995,3.002,17744479.6
2025-08-28 14:00:00+00:00,3.002,3.0123,2.9955,3.0074,9042683.0
2025-08-28 14:15:00+00:00,3.0073,3.0142,2.9976,3.0017,7196936.4
2025-08-28 14:30:00+00:00,3.0017,3.0148,2.9948,3.0122,7876634.5
2025-08-28 14:45:00+00:00,3.0123,3.0191,3.01,3.015,6528078.5
2025-08-28 15:00:00+00:00,3.015,3.0184,3.0078,3.0087,6314322.4
2025-08-28 15:15:00+00:00,3.0087,3.0186,2.9906,2.9937,13630623.4
2025-08-28 15:30:00+00:00,2.9937,2.9965,2.9811,2.982,12928510.9
2025-08-28 15:45:00+00:00,2.982,2.9825,2.969,2.98,13256694.2
2025-08-28 16:00:00+00:00,2.9801,2.9936,2.98,2.9929,5973699.9
2025-08-28 16:15:00+00:00,2.9928,2.9971,2.989,2.9959,5796100.5
2025-08-28 16:30:00+00:00,2.9959,2.996,2.9873,2.9889,4402824.7
2025-08-28 16:45:00+00:00,2.9888,2.9898,2.9565,2.9575,13693238.2
2025-08-28 17:00:00+00:00,2.9574,2.9739,2.956,2.9736,9252906.0
2025-08-28 17:15:00+00:00,2.9737,2.9826,2.9724,2.981,4629519.1
2025-08-28 17:30:00+00:00,2.9809,2.9809,2.9727,2.9787,3390045.6
2025-08-28 17:45:00+00:00,2.9787,2.98,2.975,2.9787,2509889.6
2025-08-28 18:00:00+00:00,2.9787,2.9787,2.9687,2.9717,3806455.2
2025-08-28 18:15:00+00:00,2.9717,2.9819,2.9673,2.9812,3714379.3
2025-08-28 18:30:00+00:00,2.9812,2.9857,2.978,2.9814,3014720.1
2025-08-28 18:45:00+00:00,2.9814,2.9835,2.9755,2.9772,2616466.8
2025-08-28 19:00:00+00:00,2.9772,2.984,2.9764,2.9771,2830069.1
2025-08-28 19:15:00+00:00,2.9772,2.9776,2.9696,2.9773,2815900.4
2025-08-28 19:30:00+00:00,2.9774,2.9792,2.96,2.9628,4263998.4
2025-08-28 19:45:00+00:00,2.9628,2.9676,2.9414,2.9421,17142901.1
2025-08-28 20:00:00+00:00,2.9421,2.96,2.9417,2.9571,8408922.5
2025-08-28 20:15:00+00:00,2.9572,2.9617,2.9556,2.9563,3129754.5
2025-08-28 20:30:00+00:00,2.9563,2.9588,2.9513,2.955,3745790.7
2025-08-28 20:45:00+00:00,2.955,2.956,2.9474,2.9481,4187973.8
2025-08-28 21:00:00+00:00,2.9481,2.9527,2.9464,2.9525,3181953.0
2025-08-28 21:15:00+00:00,2.9525,2.9527,2.9456,2.9484,3939374.0
2025-08-28 21:30:00+00:00,2.9485,2.957,2.9469,2.957,2834224.9
2025-08-28 21:45:00+00:00,2.9569,2.964,2.9564,2.9597,2592847.9
2025-08-28 22:00:00+00:00,2.9597,2.9677,2.9596,2.9669,3087368.1
2025-08-28 22:15:00+00:00,2.9669,2.9724,2.9642,2.9716,3248668.3
2025-08-28 22:30:00+00:00,2.9717,2.9778,2.9672,2.9685,3403885.2
2025-08-28 22:45:00+00:00,2.9686,2.97,2.965,2.9684,3075817.4
2025-08-28 23:00:00+00:00,2.9685,2.9734,2.9652,2.966,3151899.5
2025-08-28 23:15:00+00:00,2.9661,2.9692,2.962,2.9646,2290905.2
2025-08-28 23:30:00+00:00,2.9647,2.9722,2.9624,2.9697,3400020.0
2025-08-28 23:45:00+00:00,2.9698,2.97,2.9606,2.9647,2128523.3
2025-08-29 00:00:00+00:00,2.9647,2.9708,2.961,2.9632,3791290.5
2025-08-29 00:15:00+00:00,2.9633,2.9755,2.9587,2.9733,4457885.2
2025-08-29 00:30:00+00:00,2.9732,2.9742,2.9564,2.9574,5720847.3
2025-08-29 00:45:00+00:00,2.9574,2.9604,2.9525,2.9567,3763075.7
2025-08-29 01:00:00+00:00,2.9568,2.9602,2.946,2.9491,6196785.2
2025-08-29 01:15:00+00:00,2.9491,2.9494,2.9368,2.9376,9465445.7
2025-08-29 01:30:00+00:00,2.9376,2.9491,2.9376,2.947,4590702.3
2025-08-29 01:45:00+00:00,2.947,2.949,2.9391,2.9404,3188431.6
2025-08-29 02:00:00+00:00,2.9405,2.952,2.9357,2.9499,4925621.3
2025-08-29 02:15:00+00:00,2.9498,2.9577,2.9434,2.9494,2791233.3
2025-08-29 02:30:00+00:00,2.9495,2.9515,2.9444,2.9504,2527753.6
2025-08-29 02:45:00+00:00,2.9505,2.9534,2.9459,2.9459,1593434.8
2025-08-29 03:00:00+00:00,2.946,2.9489,2.9376,2.9405,2391229.5
2025-08-29 03:15:00+00:00,2.9405,2.9434,2.9364,2.939,3672532.6
2025-08-29 03:30:00+00:00,2.939,2.945,2.9365,2.9412,3928769.5
2025-08-29 03:45:00+00:00,2.9412,2.9444,2.9365,2.9367,2432842.7
2025-08-29 04:00:00+00:00,2.9367,2.9398,2.9263,2.9291,7281832.9
2025-08-29 04:15:00+00:00,2.929,2.9344,2.9286,2.93,2534319.1
2025-08-29 04:30:00+00:00,2.9301,2.9301,2.9238,2.9262,4104214.2
2025-08-29 04:45:00+00:00,2.9263,2.9275,2.9135,2.9164,14013286.4
2025-08-29 05:00:00+00:00,2.9165,2.917,2.9048,2.9089,12772696.5
2025-08-29 05:15:00+00:00,2.909,2.9094,2.9,2.9001,8596641.4
2025-08-29 05:30:00+00:00,2.9,2.9125,2.898,2.9112,6634766.4
2025-08-29 05:45:00+00:00,2.9111,2.9143,2.9062,2.9089,3451867.4
2025-08-29 06:00:00+00:00,2.909,2.9112,2.8947,2.8952,6950820.7
2025-08-29 06:15:00+00:00,2.8952,2.8962,2.8911,2.8917,3500169.5
2025-08-29 06:30:00+00:00,2.8918,2.9003,2.89,2.9003,9044672.3
2025-08-29 06:45:00+00:00,2.8996,2.9041,2.8921,2.8992,16022048.8
2025-08-29 07:00:00+00:00,2.8992,2.8993,2.8665,2.8679,20274866.5
2025-08-29 07:15:00+00:00,2.8678,2.8736,2.8592,2.8669,13122729.6
2025-08-29 07:30:00+00:00,2.8669,2.8747,2.8653,2.8686,10795405.1
2025-08-29 07:45:00+00:00,2.8685,2.8761,2.8641,2.8685,10197525.2
2025-08-29 08:00:00+00:00,2.8685,2.8771,2.8631,2.8645,9073326.7
2025-08-29 08:15:00+00:00,2.8645,2.8682,2.8566,2.8606,13867940.6
2025-08-29 08:30:00+00:00,2.8606,2.8647,2.8573,2.8622,8673266.0
2025-08-29 08:45:00+00:00,2.8622,2.8646,2.8483,2.851,10015924.5
2025-08-29 09:00:00+00:00,2.8511,2.8526,2.8422,2.8493,11686733.7
2025-08-29 09:15:00+00:00,2.8493,2.8615,2.8474,2.8609,7715523.3
2025-08-29 09:30:00+00:00,2.8609,2.8613,2.857,2.8608,4352796.2
2025-08-29 09:45:00+00:00,2.8609,2.8749,2.8604,2.8738,12845137.5
2025-08-29 10:00:00+00:00,2.8738,2.8811,2.8722,2.8783,9117243.1
2025-08-29 10:15:00+00:00,2.8783,2.8854,2.8753,2.8832,8105898.3
2025-08-29 10:30:00+00:00,2.8833,2.8833,2.8722,2.873,5419601.4
2025-08-29 10:45:00+00:00,2.8731,2.877,2.868,2.8751,6374421.6
2025-08-29 11:00:00+00:00,2.8751,2.881,2.8702,2.879,5091811.9
2025-08-29 11:15:00+00:00,2.879,2.879,2.8725,2.8737,3500829.1
2025-08-29 11:30:00+00:00,2.8737,2.8763,2.8704,2.8705,3408862.2
2025-08-29 11:45:00+00:00,2.8705,2.8752,2.8705,2.8751,2710351.0
2025-08-29 12:00:00+00:00,2.8752,2.883,2.8742,2.8827,4454383.8
2025-08-29 12:15:00+00:00,2.8827,2.8827,2.876,2.8787,4727250.7
2025-08-29 12:30:00+00:00,2.8788,2.9198,2.8757,2.8828,51762856.8
2025-08-29 12:45:00+00:00,2.8829,2.8929,2.8803,2.8853,7969430.8
2025-08-29 13:00:00+00:00,2.8854,2.8866,2.8738,2.877,5175585.1
2025-08-29 13:15:00+00:00,2.877,2.8781,2.8644,2.8682,8309825.3
2025-08-29 13:30:00+00:00,2.8682,2.8702,2.8492,2.8563,19498544.0
2025-08-29 13:45:00+00:00,2.8563,2.8567,2.8343,2.8481,28306136.7
2025-08-29 14:00:00+00:00,2.8482,2.8603,2.8177,2.8319,46031359.0
2025-08-29 14:15:00+00:00,2.8319,2.8521,2.8222,2.8329,29451166.2
2025-08-29 14:30:00+00:00,2.833,2.8391,2.8201,2.8205,19302480.5
2025-08-29 14:45:00+00:00,2.8204,2.8278,2.8152,2.8218,18568881.5
2025-08-29 15:00:00+00:00,2.8218,2.8375,2.8206,2.8349,10123543.1
2025-08-29 15:15:00+00:00,2.8349,2.8442,2.8349,2.8378,8138595.1
2025-08-29 15:30:00+00:00,2.8378,2.8427,2.8332,2.8401,5309039.6
2025-08-29 15:45:00+00:00,2.8401,2.8441,2.8269,2.833,9471548.0
2025-08-29 16:00:00+00:00,2.833,2.8385,2.8166,2.8329,15152724.1
2025-08-29 16:15:00+00:00,2.8329,2.8388,2.8259,2.8287,5538550.8
2025-08-29 16:30:00+00:00,2.8287,2.8446,2.8283,2.841,4498762.9
2025-08-29 16:45:00+00:00,2.841,2.8424,2.8318,2.8396,4673943.4
2025-08-29 17:00:00+00:00,2.8396,2.8406,2.8181,2.8196,11113210.3
2025-08-29 17:15:00+00:00,2.8195,2.8292,2.8124,2.8206,11651509.1
2025-08-29 17:30:00+00:00,2.8206,2.83,2.8192,2.8264,4173390.8
2025-08-29 17:45:00+00:00,2.8263,2.8299,2.8156,2.8168,5330935.0
2025-08-29 18:00:00+00:00,2.8167,2.8253,2.8103,2.8173,6039497.0
2025-08-29 18:15:00+00:00,2.8174,2.8197,2.8004,2.8031,15648889.2
2025-08-29 18:30:00+00:00,2.8031,2.8057,2.8,2.8021,5835466.3
2025-08-29 18:45:00+00:00,2.8021,2.8104,2.8006,2.8085,4132388.3
2025-08-29 19:00:00+00:00,2.8084,2.8173,2.8013,2.8147,9001360.5
2025-08-29 19:15:00+00:00,2.8147,2.8287,2.8137,2.8275,6131398.7
2025-08-29 19:30:00+00:00,2.8275,2.8333,2.8204,2.8317,6214748.8
2025-08-29 19:45:00+00:00,2.8317,2.8364,2.8045,2.8121,16943543.7
2025-08-29 20:00:00+00:00,2.8121,2.8186,2.7972,2.8117,12371268.5
2025-08-29 20:15:00+00:00,2.8116,2.8133,2.8018,2.8041,6538441.2
2025-08-29 20:30:00+00:00,2.8041,2.8041,2.7878,2.7899,11916140.4
2025-08-29 20:45:00+00:00,2.7899,2.7934,2.7823,2.7847,7717232.6
2025-08-29 21:00:00+00:00,2.7846,2.7968,2.7716,2.7958,17458445.9
2025-08-29 21:15:00+00:00,2.7958,2.8038,2.7948,2.8029,5513002.8
2025-08-29 21:30:00+00:00,2.803,2.8181,2.803,2.8181,7527847.8
2025-08-29 21:45:00+00:00,2.8181,2.8186,2.8034,2.8061,4052847.8
2025-08-29 22:00:00+00:00,2.8061,2.8079,2.7885,2.7904,5906045.1
2025-08-29 22:15:00+00:00,2.7905,2.8016,2.789,2.7989,4769045.4
2025-08-29 22:30:00+00:00,2.799,2.802,2.7949,2.8004,3137254.4
2025-08-29 22:45:00+00:00,2.8003,2.8106,2.8003,2.8102,3250474.1
2025-08-29 23:00:00+00:00,2.8101,2.8134,2.805,2.8127,4240823.8
2025-08-29 23:15:00+00:00,2.8128,2.8204,2.8114,2.8169,4894101.7
2025-08-29 23:30:00+00:00,2.8169,2.8246,2.8161,2.8245,6337087.2
2025-08-29 23:45:00+00:00,2.8246,2.8247,2.8166,2.8179,3770250.6
2025-08-30 00:00:00+00:00,2.8179,2.8223,2.8139,2.8156,5169972.1
2025-08-30 00:15:00+00:00,2.8156,2.8235,2.8143,2.821,2886514.9
2025-08-30 00:30:00+00:00,2.821,2.8214,2.8116,2.8127,3801265.5
2025-08-30 00:45:00+00:00,2.8128,2.8194,2.8112,2.8161,2718477.3
2025-08-30 01:00:00+00:00,2.816,2.818,2.8124,2.8128,1594716.9
2025-08-30 01:15:00+00:00,2.8128,2.8128,2.7952,2.7975,6932956.0
2025-08-30 01:30:00+00:00,2.7975,2.8017,2.7928,2.7937,4144890.2
2025-08-30 01:45:00+00:00,2.7937,2.7946,2.7596,2.764,19214029.4
2025-08-30 02:00:00+00:00,2.7641,2.7888,2.7599,2.7885,17305816.5
2025-08-30 02:15:00+00:00,2.7884,2.7961,2.7855,2.7931,6440384.6
2025-08-30 02:30:00+00:00,2.7931,2.7987,2.7928,2.7982,2411124.5
2025-08-30 02:45:00+00:00,2.7981,2.8022,2.7921,2.7922,2542842.9
2025-08-30 03:00:00+00:00,2.7921,2.802,2.7904,2.8017,3286652.6
2025-08-30 03:15:00+00:00,2.8016,2.8197,2.8016,2.811,8147778.9
2025-08-30 03:30:00+00:00,2.811,2.8188,2.8107,2.8118,4179934.2
2025-08-30 03:45:00+00:00,2.8118,2.8165,2.8105,2.8115,2345635.2
2025-08-30 04:00:00+00:00,2.8115,2.8207,2.8102,2.8165,4346302.3
2025-08-30 04:15:00+00:00,2.8165,2.8212,2.8162,2.8199,3018451.0
2025-08-30 04:30:00+00:00,2.82,2.8206,2.8119,2.8126,2938152.9
2025-08-30 04:45:00+00:00,2.8127,2.816,2.8103,2.8109,1549848.1
2025-08-30 05:00:00+00:00,2.8109,2.8237,2.8083,2.8195,5025238.9
2025-08-30 05:15:00+00:00,2.8196,2.8259,2.8189,2.8237,2788627.0
2025-08-30 05:30:00+00:00,2.8236,2.8313,2.8203,2.8289,8193874.8
2025-08-30 05:45:00+00:00,2.829,2.8338,2.8245,2.8255,6030592.6
2025-08-30 06:00:00+00:00,2.8255,2.8313,2.8214,2.8221,3822511.2
2025-08-30 06:15:00+00:00,2.822,2.826,2.8201,2.8237,1645096.7
2025-08-30 06:30:00+00:00,2.8236,2.8321,2.8232,2.8315,2207589.0
2025-08-30 06:45:00+00:00,2.8315,2.832,2.8243,2.8259,3601319.3
2025-08-30 07:00:00+00:00,2.826,2.8301,2.8229,2.8273,3095367.4
2025-08-30 07:15:00+00:00,2.8274,2.8293,2.824,2.827,1218258.5
2025-08-30 07:30:00+00:00,2.8269,2.8316,2.8211,2.8312,4055489.6
2025-08-30 07:45:00+00:00,2.8312,2.833,2.8281,2.8304,2591668.0
2025-08-30 08:00:00+00:00,2.8303,2.8309,2.8209,2.8234,4592999.6
2025-08-30 08:15:00+00:00,2.8234,2.8244,2.82,2.8228,2650510.0
2025-08-30 08:30:00+00:00,2.8229,2.8236,2.8167,2.8169,5501008.0
2025-08-30 08:45:00+00:00,2.817,2.8178,2.8084,2.8094,3285347.3
2025-08-30 09:00:00+00:00,2.8095,2.8104,2.8015,2.8019,4418583.4
2025-08-30 09:15:00+00:00,2.8019,2.8068,2.8014,2.8031,3821755.6
2025-08-30 09:30:00+00:00,2.8031,2.8033,2.7941,2.7979,5049146.5
2025-08-30 09:45:00+00:00,2.7978,2.8075,2.7956,2.8024,4189180.8
2025-08-30 10:00:00+00:00,2.8024,2.8097,2.8012,2.8057,2931260.8
2025-08-30 10:15:00+00:00,2.8057,2.8126,2.8052,2.8087,4274493.1
2025-08-30 10:30:00+00:00,2.8088,2.8095,2.798,2.8011,3496870.9
2025-08-30 10:45:00+00:00,2.8011,2.805,2.7989,2.8024,1295835.4
2025-08-30 11:00:00+00:00,2.8024,2.805,2.7995,2.8019,2670207.2
2025-08-30 11:15:00+00:00,2.8019,2.8033,2.7997,2.8025,1218215.6
2025-08-30 11:30:00+00:00,2.8024,2.8048,2.7994,2.8047,1384493.1
2025-08-30 11:45:00+00:00,2.8048,2.8112,2.8039,2.8085,2495915.9
2025-08-30 12:00:00+00:00,2.8085,2.8096,2.8027,2.8039,2314409.9
2025-08-30 12:15:00+00:00,2.8038,2.8039,2.7918,2.7957,4098849.3
2025-08-30 12:30:00+00:00,2.7957,2.7967,2.7758,2.7837,15115006.8
2025-08-30 12:45:00+00:00,2.7836,2.7928,2.7828,2.7916,4310500.1
2025-08-30 13:00:00+00:00,2.7916,2.793,2.7729,2.7759,10297703.1
2025-08-30 13:15:00+00:00,2.7758,2.7865,2.7734,2.7865,4082031.8
2025-08-30 13:30:00+00:00,2.7865,2.7908,2.7826,2.7833,3005694.9
2025-08-30 13:45:00+00:00,2.7833,2.7915,2.7781,2.7906,3312943.8
2025-08-30 14:00:00+00:00,2.7906,2.7916,2.7835,2.7854,2193766.5
2025-08-30 14:15:00+00:00,2.7854,2.789,2.7815,2.7887,1809447.0
2025-08-30 14:30:00+00:00,2.7886,2.7936,2.7882,2.7918,2865095.5
2025-08-30 14:45:00+00:00,2.7919,2.7984,2.7915,2.7956,3809077.9
2025-08-30 15:00:00+00:00,2.7957,2.7977,2.7905,2.7961,2656762.9
2025-08-30 15:15:00+00:00,2.7962,2.8038,2.7962,2.8021,4450193.0
2025-08-30 15:30:00+00:00,2.8021,2.8072,2.7986,2.8064,4638089.6
2025-08-30 15:45:00+00:00,2.8065,2.8089,2.8031,2.8053,3209485.3
2025-08-30 16:00:00+00:00,2.8053,2.8064,2.7988,2.7994,3964709.7
2025-08-30 16:15:00+00:00,2.7994,2.8044,2.797,2.8034,2695918.5
2025-08-30 16:30:00+00:00,2.8035,2.8144,2.8025,2.8114,5226521.3
2025-08-30 16:45:00+00:00,2.8114,2.812,2.8061,2.8087,2233767.2
2025-08-30 17:00:00+00:00,2.8087,2.8159,2.8071,2.815,2504775.2
2025-08-30 17:15:00+00:00,2.815,2.8172,2.8112,2.8112,2332032.2
2025-08-30 17:30:00+00:00,2.8112,2.8142,2.8045,2.8068,3108561.7
2025-08-30 17:45:00+00:00,2.8067,2.8072,2.8026,2.8054,2669270.9
2025-08-30 18:00:00+00:00,2.8053,2.8101,2.8018,2.804,2693866.0
2025-08-30 18:15:00+00:00,2.804,2.8048,2.8001,2.8032,2042746.7
2025-08-30 18:30:00+00:00,2.8031,2.804,2.7988,2.8016,1634295.4
2025-08-30 18:45:00+00:00,2.8016,2.8061,2.8016,2.8037,1344334.7
2025-08-30 19:00:00+00:00,2.8037,2.8091,2.8023,2.809,2257599.7
2025-08-30 19:15:00+00:00,2.8091,2.8138,2.8049,2.8106,2479920.7
2025-08-30 19:30:00+00:00,2.8107,2.812,2.8062,2.8098,967820.5
2025-08-30 19:45:00+00:00,2.8098,2.8099,2.8053,2.8091,977267.7
2025-08-30 20:00:00+00:00,2.8091,2.8113,2.8047,2.8071,1785475.5
2025-08-30 20:15:00+00:00,2.8072,2.8074,2.8018,2.8063,1646874.5
2025-08-30 20:30:00+00:00,2.8063,2.8066,2.7997,2.8031,1157452.5
2025-08-30 20:45:00+00:00,2.8031,2.8049,2.8014,2.8044,1097278.2
2025-08-30 21:00:00+00:00,2.8043,2.8071,2.7988,2.8066,2743818.8
2025-08-30 21:15:00+00:00,2.8066,2.8066,2.8001,2.8011,3029059.4
2025-08-30 21:30:00+00:00,2.8012,2.8035,2.8003,2.8034,1131508.6
2025-08-30 21:45:00+00:00,2.8033,2.8076,2.8033,2.8052,876650.5
2025-08-30 22:00:00+00:00,2.8053,2.8067,2.7979,2.7994,3653634.8
2025-08-30 22:15:00+00:00,2.7993,2.8066,2.7993,2.8058,1817800.4
2025-08-30 22:30:00+00:00,2.8057,2.8089,2.8035,2.8074,1616127.0
2025-08-30 22:45:00+00:00,2.8073,2.8088,2.8058,2.8068,1090765.7
2025-08-30 23:00:00+00:00,2.8069,2.8119,2.8065,2.8102,1797764.0
2025-08-30 23:15:00+00:00,2.8103,2.8148,2.8088,2.8145,1789434.4
2025-08-30 23:30:00+00:00,2.8145,2.8157,2.8119,2.8153,2428994.1
2025-08-30 23:45:00+00:00,2.8154,2.8168,2.8135,2.8167,1399827.5
2025-08-31 00:00:00+00:00,2.8166,2.824,2.8166,2.8199,5312947.6
2025-08-31 00:15:00+00:00,2.82,2.8242,2.8182,2.8232,3103861.7
2025-08-31 00:30:00+00:00,2.8232,2.8292,2.8217,2.8287,4158008.3
2025-08-31 00:45:00+00:00,2.8287,2.8455,2.8278,2.8435,10682209.3
2025-08-31 01:00:00+00:00,2.8435,2.845,2.8351,2.8377,4222740.3
2025-08-31 01:15:00+00:00,2.8376,2.8448,2.8366,2.8409,3774323.6
2025-08-31 01:30:00+00:00,2.8409,2.8518,2.8398,2.8517,5934186.6
2025-08-31 01:45:00+00:00,2.8517,2.868,2.8505,2.8614,10837951.3
2025-08-31 02:00:00+00:00,2.8614,2.8632,2.854,2.8541,4951170.7
2025-08-31 02:15:00+00:00,2.8541,2.8572,2.8511,2.8525,2769228.7
2025-08-31 02:30:00+00:00,2.8525,2.8526,2.8461,2.8462,4052326.1
2025-08-31 02:45:00+00:00,2.8461,2.8483,2.8435,2.846,2558264.6
2025-08-31 03:00:00+00:00,2.846,2.8513,2.8448,2.8449,6301621.2
2025-08-31 03:15:00+00:00,2.845,2.845,2.8412,2.8435,6224198.2
2025-08-31 03:30:00+00:00,2.8434,2.8477,2.839,2.8471,3596073.9
2025-08-31 03:45:00+00:00,2.8471,2.8503,2.8455,2.8503,2457855.9
2025-08-31 04:00:00+00:00,2.8503,2.8551,2.8451,2.8533,4945275.4
2025-08-31 04:15:00+00:00,2.8533,2.8538,2.8439,2.8445,3426011.2
2025-08-31 04:30:00+00:00,2.8444,2.8476,2.8419,2.842,2536404.7
2025-08-31 04:45:00+00:00,2.842,2.8464,2.8412,2.8464,2033679.7
2025-08-31 05:00:00+00:00,2.8463,2.8463,2.834,2.8356,5940514.7
2025-08-31 05:15:00+00:00,2.8357,2.8368,2.8315,2.8334,2775642.0
2025-08-31 05:30:00+00:00,2.8335,2.8381,2.8333,2.8363,1881071.5
2025-08-31 05:45:00+00:00,2.8363,2.837,2.8316,2.8354,2109299.8
2025-08-31 06:00:00+00:00,2.8354,2.837,2.8301,2.832,2554041.6
2025-08-31 06:15:00+00:00,2.8321,2.8329,2.826,2.8271,4129342.8
2025-08-31 06:30:00+00:00,2.8271,2.8293,2.8245,2.8276,2941280.8
2025-08-31 06:45:00+00:00,2.8276,2.8284,2.8216,2.8225,2698526.5
2025-08-31 07:00:00+00:00,2.8226,2.8335,2.822,2.8323,3333949.2
2025-08-31 07:15:00+00:00,2.8323,2.8335,2.8293,2.8306,2524348.8
2025-08-31 07:30:00+00:00,2.8307,2.8327,2.8272,2.8292,1527842.4
2025-08-31 07:45:00+00:00,2.8292,2.8298,2.8257,2.8277,1629780.8
2025-08-31 08:00:00+00:00,2.8277,2.8319,2.8276,2.8317,2183637.1
2025-08-31 08:15:00+00:00,2.8317,2.8354,2.8294,2.8328,2023000.3
2025-08-31 08:30:00+00:00,2.8328,2.8379,2.8301,2.8379,3758742.7
2025-08-31 08:45:00+00:00,2.8379,2.8432,2.837,2.8427,3236717.9
2025-08-31 09:00:00+00:00,2.8428,2.8428,2.8363,2.8364,2220620.6
2025-08-31 09:15:00+00:00,2.8364,2.8404,2.8356,2.8378,1339161.5
2025-08-31 09:30:00+00:00,2.8378,2.8415,2.8357,2.8375,1725180.4
2025-08-31 09:45:00+00:00,2.8374,2.8374,2.8288,2.8301,3420207.6
2025-08-31 10:00:00+00:00,2.8301,2.8323,2.8227,2.8239,4408124.9
2025-08-31 10:15:00+00:00,2.8239,2.8257,2.8197,2.8219,3866294.2
2025-08-31 10:30:00+00:00,2.8219,2.8241,2.8118,2.8129,5000468.4
2025-08-31 10:45:00+00:00,2.8129,2.8216,2.8106,2.819,3684372.6
2025-08-31 11:00:00+00:00,2.819,2.8195,2.8138,2.8189,2133893.7
2025-08-31 11:15:00+00:00,2.8189,2.8238,2.812,2.823,3078030.5
2025-08-31 11:30:00+00:00,2.8229,2.8261,2.8168,2.8212,2739071.6
2025-08-31 11:45:00+00:00,2.8213,2.8241,2.8198,2.8226,1971471.0
2025-08-31 12:00:00+00:00,2.8226,2.8235,2.815,2.8157,2844856.0
2025-08-31 12:15:00+00:00,2.8157,2.8166,2.8114,2.8129,2699116.3
2025-08-31 12:30:00+00:00,2.813,2.8175,2.812,2.8143,2349625.0
2025-08-31 12:45:00+00:00,2.8143,2.8182,2.8124,2.8164,2411610.1
2025-08-31 13:00:00+00:00,2.8165,2.8205,2.8111,2.8129,3960488.5
2025-08-31 13:15:00+00:00,2.8129,2.8217,2.812,2.8176,3754675.9
2025-08-31 13:30:00+00:00,2.8177,2.819,2.8042,2.8091,5965755.2
2025-08-31 13:45:00+00:00,2.8091,2.8136,2.8067,2.8102,2334223.2
2025-08-31 14:00:00+00:00,2.8101,2.8131,2.8001,2.8041,4516575.7
2025-08-31 14:15:00+00:00,2.804,2.8075,2.8005,2.807,2441074.3
2025-08-31 14:30:00+00:00,2.807,2.816,2.8062,2.8123,4368535.4
2025-08-31 14:45:00+00:00,2.8123,2.8141,2.8063,2.808,2157427.2
2025-08-31 15:00:00+00:00,2.808,2.8241,2.807,2.8128,5460033.4
2025-08-31 15:15:00+00:00,2.8128,2.8163,2.8101,2.8142,1908638.3
2025-08-31 15:30:00+00:00,2.8142,2.821,2.8124,2.8208,2124268.6
2025-08-31 15:45:00+00:00,2.8207,2.8233,2.8192,2.8207,3618966.5
2025-08-31 16:00:00+00:00,2.8207,2.8208,2.8081,2.8094,9981233.2
2025-08-31 16:15:00+00:00,2.8094,2.8101,2.8044,2.8072,6166424.9
2025-08-31 16:30:00+00:00,2.8072,2.8132,2.8043,2.8125,2745570.3
2025-08-31 16:45:00+00:00,2.8126,2.8149,2.8088,2.8129,1648686.6
2025-08-31 17:00:00+00:00,2.813,2.8137,2.8087,2.8125,1576840.5
2025-08-31 17:15:00+00:00,2.8125,2.8136,2.8057,2.8116,2342759.9
2025-08-31 17:30:00+00:00,2.8116,2.8127,2.8075,2.8097,1373445.2
2025-08-31 17:45:00+00:00,2.8096,2.8104,2.805,2.8077,1620996.3
2025-08-31 18:00:00+00:00,2.8077,2.8107,2.8053,2.8087,3216903.7
2025-08-31 18:15:00+00:00,2.8087,2.8158,2.807,2.8124,2664364.7
2025-08-31 18:30:00+00:00,2.8125,2.8195,2.8119,2.8163,2489326.6
2025-08-31 18:45:00+00:00,2.8164,2.8198,2.8161,2.8183,1521396.3
2025-08-31 19:00:00+00:00,2.8183,2.8184,2.8089,2.8091,2695270.8
2025-08-31 19:15:00+00:00,2.8092,2.8099,2.8021,2.8023,4626033.3
2025-08-31 19:30:00+00:00,2.8024,2.8073,2.8012,2.8053,2134439.7
2025-08-31 19:45:00+00:00,2.8053,2.8053,2.7968,2.7988,3753496.9
2025-08-31 20:00:00+00:00,2.7988,2.807,2.7932,2.8058,5701210.3
2025-08-31 20:15:00+00:00,2.8059,2.808,2.7983,2.8038,3108491.0
2025-08-31 20:30:00+00:00,2.8037,2.8082,2.7995,2.8011,2144221.7
2025-08-31 20:45:00+00:00,2.8012,2.8088,2.8004,2.8068,1636571.5
2025-08-31 21:00:00+00:00,2.8068,2.8096,2.8019,2.8095,1903294.9
2025-08-31 21:15:00+00:00,2.8096,2.8122,2.8066,2.8101,2047541.0
2025-08-31 21:30:00+00:00,2.8101,2.8158,2.8089,2.8158,1941198.2
2025-08-31 21:45:00+00:00,2.8157,2.8159,2.8083,2.8101,1871494.1
2025-08-31 22:00:00+00:00,2.8102,2.8111,2.8032,2.8085,3941521.0
2025-08-31 22:15:00+00:00,2.8086,2.8156,2.8085,2.813,1652236.2
2025-08-31 22:30:00+00:00,2.8129,2.8134,2.7995,2.8002,3672560.6
2025-08-31 22:45:00+00:00,2.8002,2.8033,2.7974,2.7993,3804126.6
2025-08-31 23:00:00+00:00,2.7993,2.7993,2.7884,2.7917,5784674.9
2025-08-31 23:15:00+00:00,2.7917,2.7918,2.7819,2.7852,5912080.0
2025-08-31 23:30:00+00:00,2.7852,2.7859,2.7709,2.7726,10019654.1
2025-08-31 23:45:00+00:00,2.7726,2.7787,2.7686,2.7745,5621495.2
2025-09-01 00:00:00+00:00,2.7744,2.7762,2.7535,2.7612,17425515.1
2025-09-01 00:15:00+00:00,2.7612,2.7661,2.7361,2.7498,25886697.3
2025-09-01 00:30:00+00:00,2.7499,2.7622,2.7358,2.7587,12765077.1
2025-09-01 00:45:00+00:00,2.7587,2.7675,2.7531,2.7611,13464636.6
2025-09-01 01:00:00+00:00,2.7611,2.77,2.7539,2.7606,8003390.6
2025-09-01 01:15:00+00:00,2.7606,2.7669,2.7533,2.7666,4893530.6
2025-09-01 01:30:00+00:00,2.7667,2.7742,2.7629,2.7735,5389340.6
2025-09-01 01:45:00+00:00,2.7734,2.7784,2.757,2.7635,6835161.7
2025-09-01 02:00:00+00:00,2.7636,2.7659,2.7483,2.7507,4938676.4
2025-09-01 02:15:00+00:00,2.7507,2.7549,2.7353,2.747,9608878.6
2025-09-01 02:30:00+00:00,2.747,2.7476,2.7352,2.7391,5614921.1
2025-09-01 02:45:00+00:00,2.7391,2.742,2.7272,2.7324,12778523.8
2025-09-01 03:00:00+00:00,2.7324,2.7395,2.7245,2.7292,9455995.2
2025-09-01 03:15:00+00:00,2.7292,2.7353,2.7257,2.7332,7063126.0
2025-09-01 03:30:00+00:00,2.7333,2.7432,2.7298,2.7415,6867838.5
2025-09-01 03:45:00+00:00,2.7415,2.745,2.7344,2.7407,7592447.4
2025-09-01 04:00:00+00:00,2.7406,2.7459,2.7338,2.7432,4532548.1
2025-09-01 04:15:00+00:00,2.7433,2.7441,2.7315,2.7358,4111522.6
2025-09-01 04:30:00+00:00,2.7357,2.7358,2.72,2.7203,7730613.7
2025-09-01 04:45:00+00:00,2.7203,2.7216,2.7103,2.7179,13710652.9
2025-09-01 05:00:00+00:00,2.7179,2.7236,2.701,2.7104,13543921.4
2025-09-01 05:15:00+00:00,2.7103,2.721,2.7,2.721,9254860.5
2025-09-01 05:30:00+00:00,2.721,2.7346,2.7187,2.7337,8936118.7
2025-09-01 05:45:00+00:00,2.7336,2.7365,2.7272,2.7319,5075555.6
2025-09-01 06:00:00+00:00,2.7319,2.7336,2.7176,2.7243,5838160.1
2025-09-01 06:15:00+00:00,2.7242,2.7364,2.7197,2.7295,9685402.1
2025-09-01 06:30:00+00:00,2.7294,2.7385,2.728,2.7383,3679188.9
2025-09-01 06:45:00+00:00,2.7383,2.7392,2.7338,2.7357,2848421.7
2025-09-01 07:00:00+00:00,2.7356,2.7413,2.7253,2.7263,7800990.3
2025-09-01 07:15:00+00:00,2.7263,2.7499,2.7254,2.7461,9902105.5
2025-09-01 07:30:00+00:00,2.7461,2.7637,2.7438,2.7523,15082713.0
2025-09-01 07:45:00+00:00,2.7523,2.7934,2.7522,2.793,35262297.6
2025-09-01 08:00:00+00:00,2.793,2.8179,2.7928,2.8008,39489743.7
2025-09-01 08:15:00+00:00,2.8008,2.8069,2.7933,2.7943,12398019.6
2025-09-01 08:30:00+00:00,2.7943,2.816,2.7942,2.8149,15566947.7
2025-09-01 08:45:00+00:00,2.8148,2.8258,2.8098,2.8241,12206646.8
2025-09-01 09:00:00+00:00,2.824,2.8381,2.824,2.829,15645145.3
2025-09-01 09:15:00+00:00,2.8289,2.829,2.8207,2.8223,5737981.0
2025-09-01 09:30:00+00:00,2.8222,2.825,2.8146,2.8215,5516846.0
2025-09-01 09:45:00+00:00,2.8215,2.8217,2.8071,2.8075,10012441.6
2025-09-01 10:00:00+00:00,2.8075,2.8146,2.8024,2.8138,8054599.5
2025-09-01 10:15:00+00:00,2.8139,2.815,2.7998,2.8017,6081060.2
2025-09-01 10:30:00+00:00,2.8017,2.8019,2.7815,2.7859,16747796.1
2025-09-01 10:45:00+00:00,2.7858,2.7919,2.7764,2.7913,8425293.2
2025-09-01 11:00:00+00:00,2.7913,2.7986,2.7868,2.7877,7006899.8
2025-09-01 11:15:00+00:00,2.7877,2.7942,2.7795,2.7829,5310040.5
2025-09-01 11:30:00+00:00,2.7828,2.7831,2.7661,2.7669,12569675.0
2025-09-01 11:45:00+00:00,2.7669,2.7746,2.7661,2.7688,7034833.2
2025-09-01 12:00:00+00:00,2.7687,2.777,2.7629,2.7719,7492379.2
2025-09-01 12:15:00+00:00,2.772,2.7741,2.7597,2.7706,6427624.7
2025-09-01 12:30:00+00:00,2.7706,2.7795,2.7676,2.7686,5749277.9
2025-09-01 12:45:00+00:00,2.7685,2.7762,2.7659,2.7704,3238346.2
2025-09-01 13:00:00+00:00,2.7705,2.773,2.7627,2.7656,7370808.8
2025-09-01 13:15:00+00:00,2.7655,2.7765,2.756,2.7745,10185693.5
2025-09-01 13:30:00+00:00,2.7745,2.7754,2.7638,2.7648,6700940.2
2025-09-01 13:45:00+00:00,2.7647,2.7685,2.7527,2.758,7624506.7
2025-09-01 14:00:00+00:00,2.7581,2.7722,2.7568,2.7696,4154641.7
2025-09-01 14:15:00+00:00,2.7695,2.7724,2.7613,2.7657,2555919.0
2025-09-01 14:30:00+00:00,2.7658,2.7686,2.7503,2.763,5525629.8
2025-09-01 14:45:00+00:00,2.763,2.7724,2.7542,2.7686,5396481.6
2025-09-01 15:00:00+00:00,2.7686,2.7776,2.7592,2.7637,5451785.8
2025-09-01 15:15:00+00:00,2.7637,2.7666,2.7528,2.7587,4062536.7
2025-09-01 15:30:00+00:00,2.7586,2.7662,2.7529,2.7625,3688114.0
2025-09-01 15:45:00+00:00,2.7625,2.7688,2.7504,2.7611,4759490.5
2025-09-01 16:00:00+00:00,2.7611,2.7674,2.7519,2.7608,5159601.9
2025-09-01 16:15:00+00:00,2.7608,2.7645,2.7516,2.7588,3634346.5
2025-09-01 16:30:00+00:00,2.7589,2.7592,2.7424,2.7491,5494398.2
2025-09-01 16:45:00+00:00,2.7491,2.7562,2.7426,2.7459,3878110.4
2025-09-01 17:00:00+00:00,2.7459,2.7472,2.7265,2.7356,14110089.6
2025-09-01 17:15:00+00:00,2.7356,2.7402,2.7214,2.7288,6565743.7
2025-09-01 17:30:00+00:00,2.7287,2.73,2.7196,2.7257,8011461.0
2025-09-01 17:45:00+00:00,2.7256,2.7294,2.7186,2.7256,6323901.9
2025-09-01 18:00:00+00:00,2.7255,2.734,2.7226,2.7325,7276641.7
2025-09-01 18:15:00+00:00,2.7325,2.7453,2.7308,2.7425,7335821.0
2025-09-01 18:30:00+00:00,2.7424,2.7515,2.7397,2.75,3379923.3
2025-09-01 18:45:00+00:00,2.75,2.7564,2.7493,2.7545,3470919.0
2025-09-01 19:00:00+00:00,2.7544,2.765,2.7512,2.7634,4386124.1
2025-09-01 19:15:00+00:00,2.7634,2.7655,2.7576,2.7576,4784307.0
2025-09-01 19:30:00+00:00,2.7576,2.7705,2.7571,2.7698,4643977.3
2025-09-01 19:45:00+00:00,2.7698,2.7736,2.7657,2.7722,3506161.0
2025-09-01 20:00:00+00:00,2.7723,2.7729,2.7644,2.7694,4043199.9
2025-09-01 20:15:00+00:00,2.7695,2.7748,2.7659,2.7716,5292026.1
2025-09-01 20:30:00+00:00,2.7716,2.7737,2.7403,2.7407,15070572.2
2025-09-01 20:45:00+00:00,2.7406,2.7641,2.7347,2.7611,28422898.6
2025-09-01 21:00:00+00:00,2.7611,2.7632,2.7419,2.7437,8757964.8
2025-09-01 21:15:00+00:00,2.7437,2.7469,2.7272,2.7304,8331815.8
2025-09-01 21:30:00+00:00,2.7304,2.7309,2.6955,2.7112,18559706.6
2025-09-01 21:45:00+00:00,2.7113,2.7284,2.71,2.7266,6446156.1
2025-09-01 22:00:00+00:00,2.7265,2.7283,2.716,2.7249,6714366.8
2025-09-01 22:15:00+00:00,2.7249,2.7357,2.7185,2.7196,5759723.3
2025-09-01 22:30:00+00:00,2.7197,2.7307,2.7177,2.7194,4038739.8
2025-09-01 22:45:00+00:00,2.7193,2.7462,2.7186,2.7425,7269357.9
2025-09-01 23:00:00+00:00,2.7425,2.7517,2.7406,2.7462,8448270.0
2025-09-01 23:15:00+00:00,2.7462,2.7462,2.739,2.7444,3233526.7
2025-09-01 23:30:00+00:00,2.7444,2.7486,2.7342,2.7486,4035206.6
2025-09-01 23:45:00+00:00,2.7486,2.7604,2.7472,2.7576,8634308.0
2025-09-02 00:00:00+00:00,2.7576,2.765,2.7554,2.7599,7204328.7
2025-09-02 00:15:00+00:00,2.7599,2.7668,2.7552,2.7554,4165587.3
2025-09-02 00:30:00+00:00,2.7553,2.7633,2.7522,2.7552,3903042.2
2025-09-02 00:45:00+00:00,2.7552,2.7657,2.7536,2.7591,3410418.1
2025-09-02 01:00:00+00:00,2.7592,2.7657,2.755,2.7572,3854775.5
2025-09-02 01:15:00+00:00,2.7573,2.7595,2.7484,2.7525,6796546.7
2025-09-02 01:30:00+00:00,2.7525,2.7734,2.7471,2.7702,6352231.2
2025-09-02 01:45:00+00:00,2.7703,2.7759,2.7638,2.7644,8766595.2
2025-09-02 02:00:00+00:00,2.7644,2.7717,2.7616,2.7645,3916970.1
2025-09-02 02:15:00+00:00,2.7645,2.7734,2.7567,2.7715,4897055.8
2025-09-02 02:30:00+00:00,2.7715,2.7799,2.7686,2.7754,3743321.2
2025-09-02 02:45:00+00:00,2.7753,2.7885,2.7732,2.7876,6185389.0
2025-09-02 03:00:00+00:00,2.7875,2.7955,2.7822,2.7928,8980872.3
2025-09-02 03:15:00+00:00,2.7928,2.8,2.7912,2.7933,7093218.7
2025-09-02 03:30:00+00:00,2.7933,2.7993,2.7897,2.797,3656340.7
2025-09-02 03:45:00+00:00,2.7969,2.7991,2.7946,2.7966,4316356.3
2025-09-02 04:00:00+00:00,2.7967,2.7975,2.7901,2.7935,3737855.5
2025-09-02 04:15:00+00:00,2.7935,2.8013,2.7917,2.7989,3223956.8
2025-09-02 04:30:00+00:00,2.799,2.8043,2.7981,2.803,3137484.9
2025-09-02 04:45:00+00:00,2.8031,2.8041,2.7958,2.8019,2906031.7
2025-09-02 05:00:00+00:00,2.802,2.8049,2.7964,2.8017,3427997.3
2025-09-02 05:15:00+00:00,2.8018,2.8058,2.7983,2.8013,2999896.0
2025-09-02 05:30:00+00:00,2.8014,2.8105,2.8002,2.8079,4095761.7
2025-09-02 05:45:00+00:00,2.8079,2.8145,2.8078,2.8094,4086020.2
2025-09-02 06:00:00+00:00,2.8094,2.8137,2.8043,2.8056,6236826.5
2025-09-02 06:15:00+00:00,2.8056,2.8076,2.7994,2.8029,4197007.5
2025-09-02 06:30:00+00:00,2.8029,2.8076,2.7994,2.8062,3090250.8
2025-09-02 06:45:00+00:00,2.8061,2.8069,2.7994,2.8012,2311086.5
2025-09-02 07:00:00+00:00,2.8013,2.8049,2.7958,2.7975,5973325.5
2025-09-02 07:15:00+00:00,2.7975,2.8013,2.7945,2.7989,5441854.3
2025-09-02 07:30:00+00:00,2.7988,2.8016,2.7892,2.7907,6377300.5
2025-09-02 07:45:00+00:00,2.7906,2.7952,2.784,2.7928,9147645.4
2025-09-02 08:00:00+00:00,2.7928,2.8048,2.7924,2.8004,6975062.8
2025-09-02 08:15:00+00:00,2.8003,2.8318,2.8001,2.8148,18019026.3
2025-09-02 08:30:00+00:00,2.8148,2.8152,2.8047,2.8119,5901537.1
2025-09-02 08:45:00+00:00,2.8119,2.814,2.8047,2.8048,3764694.8
2025-09-02 09:00:00+00:00,2.8047,2.8149,2.8026,2.8132,5375916.3
2025-09-02 09:15:00+00:00,2.8131,2.821,2.8111,2.8114,4295081.6
2025-09-02 09:30:00+00:00,2.8115,2.8115,2.8066,2.8084,3155950.9
2025-09-02 09:45:00+00:00,2.8083,2.8089,2.8045,2.8087,1869593.8
2025-09-02 10:00:00+00:00,2.8088,2.8112,2.8031,2.8109,2766882.9
2025-09-02 10:15:00+00:00,2.8109,2.8115,2.8046,2.8051,1822435.0
2025-09-02 10:30:00+00:00,2.8051,2.8102,2.8022,2.8077,3566946.1
2025-09-02 10:45:00+00:00,2.8078,2.8107,2.8064,2.8106,1778404.6
2025-09-02 11:00:00+00:00,2.8107,2.8114,2.7995,2.8018,3565617.7
2025-09-02 11:15:00+00:00,2.8018,2.8043,2.7976,2.7997,3833663.9
2025-09-02 11:30:00+00:00,2.7997,2.8066,2.7996,2.8043,2569549.0
2025-09-02 11:45:00+00:00,2.8042,2.8057,2.7942,2.7979,6400047.3
2025-09-02 12:00:00+00:00,2.7978,2.8013,2.7902,2.7907,7393972.7
2025-09-02 12:15:00+00:00,2.7908,2.7987,2.7878,2.7969,5701174.4
2025-09-02 12:30:00+00:00,2.7969,2.8003,2.778,2.7801,12546744.3
2025-09-02 12:45:00+00:00,2.7801,2.7804,2.7607,2.7679,23067635.7
2025-09-02 13:00:00+00:00,2.7679,2.7833,2.7661,2.7814,10222503.8
2025-09-02 13:15:00+00:00,2.7813,2.7842,2.7738,2.7799,6502789.6
2025-09-02 13:30:00+00:00,2.78,2.8089,2.7694,2.806,28705831.9
2025-09-02 13:45:00+00:00,2.806,2.8313,2.8034,2.8273,25050356.7
2025-09-02 14:00:00+00:00,2.8273,2.8385,2.8085,2.8204,23323472.7
2025-09-02 14:15:00+00:00,2.8203,2.8361,2.8096,2.8349,13878899.9
2025-09-02 14:30:00+00:00,2.8348,2.8449,2.8293,2.8348,17035975.5
2025-09-02 14:45:00+00:00,2.8349,2.839,2.8258,2.8369,7704643.0
2025-09-02 15:00:00+00:00,2.8368,2.839,2.8204,2.8306,8480375.0
2025-09-02 15:15:00+00:00,2.8306,2.8349,2.8207,2.8269,6824069.7
2025-09-02 15:30:00+00:00,2.8269,2.827,2.8045,2.8071,8322571.5
2025-09-02 15:45:00+00:00,2.8071,2.811,2.7849,2.7895,11303602.2
2025-09-02 16:00:00+00:00,2.7894,2.8032,2.788,2.8002,8519227.6
2025-09-02 16:15:00+00:00,2.8002,2.8043,2.7804,2.7815,6918165.5
2025-09-02 16:30:00+00:00,2.7816,2.7987,2.7816,2.7942,4839036.8
2025-09-02 16:45:00+00:00,2.7941,2.7982,2.7892,2.7944,2925471.3
2025-09-02 17:00:00+00:00,2.7944,2.8023,2.7874,2.7877,4323557.0
2025-09-02 17:15:00+00:00,2.7877,2.801,2.7867,2.8003,4864437.3
2025-09-02 17:30:00+00:00,2.8003,2.806,2.7918,2.7952,6619257.6
2025-09-02 17:45:00+00:00,2.7952,2.8052,2.7944,2.8042,3943852.2
2025-09-02 18:00:00+00:00,2.8043,2.8058,2.7939,2.8027,3968900.9
2025-09-02 18:15:00+00:00,2.8028,2.8045,2.7967,2.7996,2899505.6
2025-09-02 18:30:00+00:00,2.7996,2.8047,2.7955,2.8001,3339894.1
2025-09-02 18:45:00+00:00,2.8001,2.8199,2.7919,2.8127,9335737.6
2025-09-02 19:00:00+00:00,2.8127,2.822,2.808,2.808,6437839.2
2025-09-02 19:15:00+00:00,2.8081,2.8127,2.8024,2.806,4304220.4
2025-09-02 19:30:00+00:00,2.806,2.8148,2.7989,2.8135,4335433.3
2025-09-02 19:45:00+00:00,2.8135,2.8277,2.8117,2.8269,8914954.1
2025-09-02 20:00:00+00:00,2.8269,2.8326,2.8155,2.8326,8820429.6
2025-09-02 20:15:00+00:00,2.8326,2.8496,2.8312,2.8485,10761812.1
2025-09-02 20:30:00+00:00,2.8484,2.8538,2.8344,2.8461,15267765.6
2025-09-02 20:45:00+00:00,2.8462,2.8482,2.8366,2.842,4696279.4
2025-09-02 21:00:00+00:00,2.8421,2.8479,2.839,2.8479,4351845.9
2025-09-02 21:15:00+00:00,2.8479,2.8479,2.8322,2.836,4840962.2
2025-09-02 21:30:00+00:00,2.836,2.8429,2.8346,2.8412,2701115.5
2025-09-02 21:45:00+00:00,2.8413,2.845,2.841,2.8436,1685721.9
2025-09-02 22:00:00+00:00,2.8437,2.844,2.8334,2.8414,5764457.2
2025-09-02 22:15:00+00:00,2.8415,2.8443,2.8377,2.8425,2405652.0
2025-09-02 22:30:00+00:00,2.8424,2.8486,2.8394,2.8476,3120644.2
2025-09-02 22:45:00+00:00,2.8475,2.8594,2.8443,2.8593,8860316.6
2025-09-02 23:00:00+00:00,2.8593,2.8593,2.851,2.8546,3829415.2
2025-09-02 23:15:00+00:00,2.8546,2.8618,2.852,2.8528,3284924.9
2025-09-02 23:30:00+00:00,2.8529,2.8601,2.8492,2.8555,3186450.5
2025-09-02 23:45:00+00:00,2.8554,2.8631,2.8546,2.8605,3601612.0
2025-09-03 00:00:00+00:00,2.8605,2.8617,2.85,2.8553,8018230.4
2025-09-03 00:15:00+00:00,2.8553,2.8625,2.8477,2.8598,8219616.2
2025-09-03 00:30:00+00:00,2.8597,2.8618,2.8481,2.8488,3741543.1
2025-09-03 00:45:00+00:00,2.8487,2.85,2.8365,2.8402,13596001.1
2025-09-03 01:00:00+00:00,2.8401,2.8406,2.8269,2.8279,9284574.3
2025-09-03 01:15:00+00:00,2.8279,2.8348,2.8246,2.8274,6895159.4
2025-09-03 01:30:00+00:00,2.8274,2.8335,2.8268,2.8335,5011464.9
2025-09-03 01:45:00+00:00,2.8335,2.8478,2.8294,2.8465,5848436.6
2025-09-03 02:00:00+00:00,2.8465,2.8648,2.8452,2.853,10702584.2
2025-09-03 02:15:00+00:00,2.8531,2.8644,2.8526,2.8578,5053551.0
2025-09-03 02:30:00+00:00,2.8577,2.8599,2.8492,2.8537,3034965.2
2025-09-03 02:45:00+00:00,2.8536,2.8573,2.8493,2.8495,2356126.5
2025-09-03 03:00:00+00:00,2.8495,2.8499,2.8394,2.8396,3426386.7
2025-09-03 03:15:00+00:00,2.8396,2.8431,2.8369,2.8392,3362138.9
2025-09-03 03:30:00+00:00,2.8391,2.8418,2.8342,2.836,1849545.6
2025-09-03 03:45:00+00:00,2.836,2.8415,2.8344,2.8399,2180495.3
2025-09-03 04:00:00+00:00,2.8399,2.8432,2.8329,2.8333,2994847.9
2025-09-03 04:15:00+00:00,2.8333,2.8356,2.8295,2.8323,3232146.1
2025-09-03 04:30:00+00:00,2.8323,2.8381,2.832,2.8359,1471274.7
2025-09-03 04:45:00+00:00,2.8358,2.8376,2.8334,2.8354,1230986.4
2025-09-03 05:00:00+00:00,2.8354,2.8361,2.8306,2.8345,1446283.0
2025-09-03 05:15:00+00:00,2.8345,2.8348,2.8287,2.8304,1733016.2
2025-09-03 05:30:00+00:00,2.8303,2.8323,2.8271,2.8282,2084803.1
2025-09-03 05:45:00+00:00,2.8282,2.8289,2.8224,2.8259,2775859.4
2025-09-03 06:00:00+00:00,2.8259,2.8265,2.814,2.8192,9211826.1
2025-09-03 06:15:00+00:00,2.8192,2.8237,2.8162,2.8228,2764951.2
2025-09-03 06:30:00+00:00,2.8229,2.8253,2.8166,2.8179,3128348.3
2025-09-03 06:45:00+00:00,2.8178,2.8199,2.8132,2.8165,2829696.7
2025-09-03 07:00:00+00:00,2.8165,2.8198,2.8115,2.8165,3546830.7
2025-09-03 07:15:00+00:00,2.8165,2.8169,2.8091,2.8131,4445157.6
2025-09-03 07:30:00+00:00,2.8132,2.8184,2.8122,2.8181,3267741.7
2025-09-03 07:45:00+00:00,2.8181,2.8206,2.8145,2.8192,5291241.1
2025-09-03 08:00:00+00:00,2.8192,2.8338,2.8185,2.833,6686483.9
2025-09-03 08:15:00+00:00,2.833,2.8375,2.8282,2.8305,5902352.8
2025-09-03 08:30:00+00:00,2.8306,2.8335,2.8272,2.8327,3771328.4
2025-09-03 08:45:00+00:00,2.8327,2.836,2.83,2.836,2507840.7
2025-09-03 09:00:00+00:00,2.836,2.8426,2.8313,2.8316,6686337.6
2025-09-03 09:15:00+00:00,2.8317,2.841,2.8316,2.8393,2837632.3
2025-09-03 09:30:00+00:00,2.8393,2.8444,2.8362,2.8439,3488743.1
2025-09-03 09:45:00+00:00,2.844,2.8466,2.8376,2.8449,5267806.4
2025-09-03 10:00:00+00:00,2.8449,2.847,2.8405,2.8454,2815741.2
2025-09-03 10:15:00+00:00,2.8455,2.8582,2.8447,2.8578,6729937.1
2025-09-03 10:30:00+00:00,2.8578,2.8627,2.8483,2.8511,7270588.8
2025-09-03 10:45:00+00:00,2.8511,2.8515,2.8453,2.8465,3596245.1
2025-09-03 11:00:00+00:00,2.8464,2.8576,2.8461,2.8564,4212995.0
2025-09-03 11:15:00+00:00,2.8563,2.8578,2.8528,2.8555,2623664.0
2025-09-03 11:30:00+00:00,2.8556,2.8604,2.8488,2.8593,5193727.2
2025-09-03 11:45:00+00:00,2.8593,2.8594,2.854,2.8553,3453403.4
2025-09-03 12:00:00+00:00,2.8554,2.8615,2.8554,2.8586,3476703.0
2025-09-03 12:15:00+00:00,2.8586,2.865,2.8562,2.8574,4933959.0
2025-09-03 12:30:00+00:00,2.8573,2.8741,2.8518,2.8521,12354464.7
2025-09-03 12:45:00+00:00,2.8521,2.8542,2.8408,2.8441,9314664.0
2025-09-03 13:00:00+00:00,2.844,2.8522,2.844,2.8503,6357191.6
2025-09-03 13:15:00+00:00,2.8503,2.8552,2.8488,2.8512,3570530.9
2025-09-03 13:30:00+00:00,2.8512,2.8713,2.848,2.8667,11601233.9
2025-09-03 13:45:00+00:00,2.8666,2.8738,2.8568,2.8582,12122085.2
2025-09-03 14:00:00+00:00,2.8583,2.8719,2.853,2.853,12856127.4
2025-09-03 14:15:00+00:00,2.8531,2.873,2.8522,2.8693,10169718.8
2025-09-03 14:30:00+00:00,2.8692,2.8853,2.8692,2.884,14935869.9
2025-09-03 14:45:00+00:00,2.884,2.8841,2.869,2.8717,7711217.0
2025-09-03 15:00:00+00:00,2.8717,2.8753,2.866,2.8663,6040858.9
2025-09-03 15:15:00+00:00,2.8663,2.8718,2.8604,2.8636,3951571.9
2025-09-03 15:30:00+00:00,2.8635,2.8741,2.8628,2.8722,7974747.2
2025-09-03 15:45:00+00:00,2.8722,2.8737,2.8674,2.8706,2507250.5
2025-09-03 16:00:00+00:00,2.8706,2.8729,2.8658,2.8702,3597789.5
2025-09-03 16:15:00+00:00,2.8702,2.8717,2.8625,2.8625,2271388.2
2025-09-03 16:30:00+00:00,2.8625,2.8647,2.8568,2.8571,3230451.2
2025-09-03 16:45:00+00:00,2.8571,2.8602,2.855,2.8587,3197015.1
2025-09-03 17:00:00+00:00,2.8587,2.8677,2.8587,2.8664,2530524.3
2025-09-03 17:15:00+00:00,2.8664,2.8677,2.8578,2.861,2814487.2
2025-09-03 17:30:00+00:00,2.8609,2.8655,2.8576,2.8578,3081134.8
2025-09-03 17:45:00+00:00,2.8578,2.867,2.8555,2.861,3693955.8
2025-09-03 18:00:00+00:00,2.861,2.8663,2.8586,2.8626,2660166.4
2025-09-03 18:15:00+00:00,2.8626,2.8627,2.8567,2.8585,2003380.0
2025-09-03 18:30:00+00:00,2.8586,2.8586,2.8467,2.8483,4967359.1
2025-09-03 18:45:00+00:00,2.8483,2.8505,2.8437,2.8504,4979658.6
2025-09-03 19:00:00+00:00,2.8505,2.851,2.8448,2.8452,2367781.7
2025-09-03 19:15:00+00:00,2.8451,2.85,2.8418,2.848,3492656.6
2025-09-03 19:30:00+00:00,2.8481,2.8521,2.8469,2.8518,3034497.6
2025-09-03 19:45:00+00:00,2.8518,2.865,2.8502,2.8631,5911694.7
2025-09-03 20:00:00+00:00,2.8632,2.8661,2.862,2.8626,3188805.6
2025-09-03 20:15:00+00:00,2.8627,2.8627,2.8543,2.8551,4152054.5
2025-09-03 20:30:00+00:00,2.855,2.8604,2.855,2.8597,2023231.0
2025-09-03 20:45:00+00:00,2.8597,2.86,2.8527,2.8555,1668506.8
2025-09-03 21:00:00+00:00,2.8556,2.8568,2.8492,2.8499,3524015.6
2025-09-03 21:15:00+00:00,2.8499,2.8525,2.8462,2.8482,1915204.3
2025-09-03 21:30:00+00:00,2.8482,2.8486,2.8421,2.844,2028151.6
2025-09-03 21:45:00+00:00,2.844,2.8471,2.8375,2.8442,3879238.6
2025-09-03 22:00:00+00:00,2.8441,2.8481,2.8435,2.8474,4114212.8
2025-09-03 22:15:00+00:00,2.8474,2.8515,2.8419,2.8433,3474261.3
2025-09-03 22:30:00+00:00,2.8432,2.8445,2.8397,2.8423,1607014.9
2025-09-03 22:45:00+00:00,2.8424,2.8448,2.8392,2.8448,1742295.4
2025-09-03 23:00:00+00:00,2.8448,2.8456,2.8408,2.8419,1404364.7
2025-09-03 23:15:00+00:00,2.8419,2.8453,2.8411,2.8449,1963395.2
2025-09-03 23:30:00+00:00,2.8448,2.8465,2.8404,2.8412,1730633.0
2025-09-03 23:45:00+00:00,2.8412,2.8438,2.8411,2.843,1457160.2
2025-09-04 00:00:00+00:00,2.8429,2.8473,2.8422,2.8461,3716697.5
2025-09-04 00:15:00+00:00,2.8461,2.856,2.8427,2.8512,4824478.8
2025-09-04 00:30:00+00:00,2.8513,2.855,2.8485,2.8487,2338555.1
2025-09-04 00:45:00+00:00,2.8487,2.8496,2.845,2.8451,1529863.8
2025-09-04 01:00:00+00:00,2.8451,2.8452,2.8341,2.8341,4205721.7
2025-09-04 01:15:00+00:00,2.8341,2.8381,2.8326,2.838,3910114.2
2025-09-04 01:30:00+00:00,2.8379,2.8439,2.8357,2.837,3514920.4
2025-09-04 01:45:00+00:00,2.8369,2.8396,2.8348,2.8393,1896341.3
2025-09-04 02:00:00+00:00,2.8393,2.8439,2.8379,2.8403,3418976.3
2025-09-04 02:15:00+00:00,2.8403,2.843,2.8352,2.8352,2273400.8
2025-09-04 02:30:00+00:00,2.8353,2.8431,2.8318,2.8398,3806970.2
2025-09-04 02:45:00+00:00,2.8399,2.8423,2.835,2.8363,1666820.1
2025-09-04 03:00:00+00:00,2.8363,2.8387,2.8317,2.8375,3291894.5
2025-09-04 03:15:00+00:00,2.8374,2.8493,2.8365,2.8434,4172535.3
2025-09-04 03:30:00+00:00,2.8434,2.847,2.8395,2.8455,2811591.7
2025-09-04 03:45:00+00:00,2.8455,2.8494,2.8416,2.843,2797496.1
2025-09-04 04:00:00+00:00,2.843,2.8485,2.8371,2.8442,3447595.6
2025-09-04 04:15:00+00:00,2.8441,2.8526,2.8428,2.8483,4727098.5
2025-09-04 04:30:00+00:00,2.8483,2.8601,2.8473,2.8543,5126743.5
2025-09-04 04:45:00+00:00,2.8544,2.858,2.8479,2.8495,3084781.6
2025-09-04 05:00:00+00:00,2.8494,2.8496,2.829,2.8301,12511698.3
2025-09-04 05:15:00+00:00,2.8301,2.8346,2.8239,2.8291,6393885.7
2025-09-04 05:30:00+00:00,2.8292,2.8346,2.8274,2.8277,3275251.9
2025-09-04 05:45:00+00:00,2.8277,2.8319,2.8258,2.8319,2851639.1
2025-09-04 06:00:00+00:00,2.8319,2.8322,2.8224,2.8237,5527001.8
2025-09-04 06:15:00+00:00,2.8237,2.8239,2.818,2.8202,4190034.5
2025-09-04 06:30:00+00:00,2.8202,2.8202,2.8162,2.8182,3523950.1
2025-09-04 06:45:00+00:00,2.8183,2.8183,2.8128,2.8132,3957288.5
2025-09-04 07:00:00+00:00,2.8132,2.8225,2.8129,2.821,5930447.6
2025-09-04 07:15:00+00:00,2.821,2.8238,2.8146,2.8159,3040650.0
2025-09-04 07:30:00+00:00,2.8158,2.8206,2.8153,2.8203,1611528.1
2025-09-04 07:45:00+00:00,2.8203,2.8256,2.8196,2.8234,2188888.6
2025-09-04 08:00:00+00:00,2.8234,2.832,2.8225,2.8311,6861248.7
2025-09-04 08:15:00+00:00,2.831,2.8517,2.831,2.8517,8929325.0
2025-09-04 08:30:00+00:00,2.8516,2.8546,2.8427,2.8435,7357862.5
2025-09-04 08:45:00+00:00,2.8435,2.8446,2.8352,2.8361,3815387.1
2025-09-04 09:00:00+00:00,2.836,2.8493,2.836,2.8448,3997598.3
2025-09-04 09:15:00+00:00,2.8447,2.8457,2.8394,2.8413,1789895.0
2025-09-04 09:30:00+00:00,2.8413,2.8463,2.8401,2.8418,1711495.1
2025-09-04 09:45:00+00:00,2.8417,2.8429,2.8376,2.8414,2542942.4
2025-09-04 10:00:00+00:00,2.8415,2.8461,2.8348,2.8418,3820190.4
2025-09-04 10:15:00+00:00,2.8418,2.8441,2.8388,2.8394,1686137.2
2025-09-04 10:30:00+00:00,2.8394,2.8433,2.8372,2.8391,1320736.6
2025-09-04 10:45:00+00:00,2.839,2.8436,2.839,2.8406,3027068.8
2025-09-04 11:00:00+00:00,2.8406,2.8489,2.8377,2.8471,3097674.1
2025-09-04 11:15:00+00:00,2.8472,2.8495,2.8419,2.8421,3178818.6
2025-09-04 11:30:00+00:00,2.842,2.845,2.8397,2.8449,1420175.6
2025-09-04 11:45:00+00:00,2.845,2.8457,2.8382,2.8398,1693004.9
2025-09-04 12:00:00+00:00,2.8398,2.8445,2.8378,2.8426,2156794.0
2025-09-04 12:15:00+00:00,2.8426,2.8454,2.838,2.8424,3210516.6
2025-09-04 12:30:00+00:00,2.8424,2.8468,2.8312,2.8339,4451790.1
2025-09-04 12:45:00+00:00,2.8339,2.8456,2.8326,2.8446,3364895.9
2025-09-04 13:00:00+00:00,2.8446,2.8453,2.8371,2.8385,2178441.0
2025-09-04 13:15:00+00:00,2.8385,2.8453,2.8373,2.8398,2117118.9
2025-09-04 13:30:00+00:00,2.8397,2.843,2.825,2.8285,7909473.9
2025-09-04 13:45:00+00:00,2.8285,2.8302,2.8195,2.825,6502345.2
2025-09-04 14:00:00+00:00,2.8249,2.8274,2.8058,2.8115,20245904.9
2025-09-04 14:15:00+00:00,2.8115,2.8365,2.8067,2.8293,10369082.1
2025-09-04 14:30:00+00:00,2.8294,2.8444,2.829,2.8345,9118270.4
2025-09-04 14:45:00+00:00,2.8344,2.8402,2.8312,2.8338,4421906.8
2025-09-04 15:00:00+00:00,2.8338,2.8365,2.8114,2.8148,12421688.1
2025-09-04 15:15:00+00:00,2.8149,2.8186,2.8062,2.8123,10445727.7
2025-09-04 15:30:00+00:00,2.8123,2.8144,2.8023,2.8096,7172210.1
2025-09-04 15:45:00+00:00,2.8096,2.814,2.8072,2.809,3332084.5
2025-09-04 16:00:00+00:00,2.809,2.8187,2.8054,2.8153,5517138.2
2025-09-04 16:15:00+00:00,2.8153,2.8163,2.8031,2.8033,3449251.0
2025-09-04 16:30:00+00:00,2.8033,2.8081,2.8002,2.8056,4455934.5
2025-09-04 16:45:00+00:00,2.8056,2.8096,2.8007,2.8061,3271696.6
2025-09-04 17:00:00+00:00,2.8062,2.8151,2.8062,2.8114,3907918.8
2025-09-04 17:15:00+00:00,2.8114,2.819,2.8114,2.8183,2774714.1
2025-09-04 17:30:00+00:00,2.8183,2.8198,2.8114,2.8119,2558532.1
2025-09-04 17:45:00+00:00,2.812,2.8192,2.8109,2.8141,2467649.4
2025-09-04 18:00:00+00:00,2.8141,2.8222,2.8138,2.8145,2785159.0
2025-09-04 18:15:00+00:00,2.8144,2.817,2.8006,2.8022,4015611.8
2025-09-04 18:30:00+00:00,2.8023,2.8062,2.795,2.8014,7967943.9
2025-09-04 18:45:00+00:00,2.8015,2.8051,2.7954,2.7978,2832899.2
2025-09-04 19:00:00+00:00,2.7979,2.8058,2.7951,2.8049,2762133.4
2025-09-04 19:15:00+00:00,2.805,2.8056,2.7956,2.801,2571483.6
2025-09-04 19:30:00+00:00,2.8009,2.8025,2.7886,2.7898,6058208.3
2025-09-04 19:45:00+00:00,2.7897,2.7925,2.7823,2.7831,10352110.9
2025-09-04 20:00:00+00:00,2.7831,2.8003,2.7831,2.7993,9056611.6
2025-09-04 20:15:00+00:00,2.7992,2.8045,2.7955,2.8045,4097084.8
2025-09-04 20:30:00+00:00,2.8044,2.8059,2.8004,2.8004,2287501.1
2025-09-04 20:45:00+00:00,2.8005,2.8016,2.7973,2.8001,2593983.1
2025-09-04 21:00:00+00:00,2.8001,2.8046,2.7978,2.8009,2580988.6
2025-09-04 21:15:00+00:00,2.801,2.805,2.8001,2.801,1469536.5
2025-09-04 21:30:00+00:00,2.8011,2.8091,2.799,2.809,2190437.0
2025-09-04 21:45:00+00:00,2.8091,2.8127,2.808,2.8113,1964974.1
2025-09-04 22:00:00+00:00,2.8113,2.8125,2.8057,2.8058,3406567.1
2025-09-04 22:15:00+00:00,2.8058,2.81,2.802,2.809,3072118.6
2025-09-04 22:30:00+00:00,2.8089,2.8124,2.8054,2.8061,2578529.3
2025-09-04 22:45:00+00:00,2.8061,2.8216,2.8047,2.8182,4759041.5
2025-09-04 23:00:00+00:00,2.8182,2.8245,2.8118,2.8141,6260356.7
2025-09-04 23:15:00+00:00,2.8142,2.8146,2.8077,2.8077,2431334.2
2025-09-04 23:30:00+00:00,2.8077,2.8082,2.8006,2.8017,2855930.3
2025-09-04 23:45:00+00:00,2.8017,2.803,2.7925,2.7933,4168399.6
2025-09-05 00:00:00+00:00,2.7933,2.7988,2.7902,2.7977,4880668.5
2025-09-05 00:15:00+00:00,2.7978,2.7986,2.7896,2.7944,3145259.4
2025-09-05 00:30:00+00:00,2.7944,2.7979,2.7892,2.7927,3606603.9
2025-09-05 00:45:00+00:00,2.7928,2.7928,2.7765,2.7803,10101256.7
2025-09-05 01:00:00+00:00,2.7804,2.7871,2.7769,2.7821,4464432.9
2025-09-05 01:15:00+00:00,2.782,2.7968,2.7786,2.7957,3950963.7
2025-09-05 01:30:00+00:00,2.7958,2.8057,2.7948,2.8053,2843239.5
2025-09-05 01:45:00+00:00,2.8053,2.8073,2.8013,2.8035,2941578.1
2025-09-05 02:00:00+00:00,2.8035,2.8129,2.8013,2.8069,5499416.8
2025-09-05 02:15:00+00:00,2.8069,2.8108,2.801,2.8066,4265645.9
2025-09-05 02:30:00+00:00,2.8066,2.8117,2.8032,2.8044,4515293.8
2025-09-05 02:45:00+00:00,2.8045,2.8106,2.8035,2.8095,1803927.3
2025-09-05 03:00:00+00:00,2.8095,2.8095,2.801,2.801,2630437.9
2025-09-05 03:15:00+00:00,2.801,2.8046,2.7966,2.7974,2339220.8
2025-09-05 03:30:00+00:00,2.7973,2.8022,2.7972,2.802,1963944.5
2025-09-05 03:45:00+00:00,2.8019,2.8066,2.8001,2.8059,1467079.2
2025-09-05 04:00:00+00:00,2.8058,2.8069,2.8022,2.8027,1674449.4
2025-09-05 04:15:00+00:00,2.8026,2.8084,2.8024,2.8071,1595278.0
2025-09-05 04:30:00+00:00,2.807,2.8151,2.807,2.8151,2156758.8
2025-09-05 04:45:00+00:00,2.8151,2.8161,2.8126,2.8151,1932664.5
2025-09-05 05:00:00+00:00,2.815,2.8179,2.8119,2.8175,2291382.3
2025-09-05 05:15:00+00:00,2.8175,2.8197,2.8135,2.8143,1871578.7
2025-09-05 05:30:00+00:00,2.8143,2.8165,2.8105,2.8146,2099519.9
2025-09-05 05:45:00+00:00,2.8145,2.8162,2.8096,2.8107,3447910.7
2025-09-05 06:00:00+00:00,2.8107,2.8115,2.8048,2.8059,2991509.5
2025-09-05 06:15:00+00:00,2.8059,2.8077,2.8027,2.8046,2311918.3
2025-09-05 06:30:00+00:00,2.8046,2.8115,2.8041,2.8113,1671863.9
2025-09-05 06:45:00+00:00,2.8113,2.8131,2.8089,2.8127,2263665.4
2025-09-05 07:00:00+00:00,2.8126,2.8268,2.8123,2.8223,9223942.3
2025-09-05 07:15:00+00:00,2.8223,2.8367,2.8215,2.836,11466333.0
2025-09-05 07:30:00+00:00,2.836,2.8432,2.8317,2.8426,7795932.6
2025-09-05 07:45:00+00:00,2.8427,2.849,2.8414,2.8432,8726801.9
2025-09-05 08:00:00+00:00,2.8432,2.8445,2.8366,2.8388,9057034.5
2025-09-05 08:15:00+00:00,2.8388,2.8403,2.8315,2.838,5207689.5
2025-09-05 08:30:00+00:00,2.838,2.8428,2.8378,2.8402,3164259.9
2025-09-05 08:45:00+00:00,2.8403,2.8433,2.839,2.8427,1894347.6
2025-09-05 09:00:00+00:00,2.8428,2.8433,2.836,2.836,3640667.2
2025-09-05 09:15:00+00:00,2.836,2.8365,2.8271,2.8287,7635225.8
2025-09-05 09:30:00+00:00,2.8287,2.847,2.8275,2.8455,7718321.1
2025-09-05 09:45:00+00:00,2.8455,2.8486,2.8422,2.8439,4559032.3
2025-09-05 10:00:00+00:00,2.8439,2.8532,2.8415,2.8416,6086068.1
2025-09-05 10:15:00+00:00,2.8416,2.8438,2.84,2.8429,4417710.7
2025-09-05 10:30:00+00:00,2.843,2.8473,2.8383,2.8392,3358799.9
2025-09-05 10:45:00+00:00,2.8392,2.8405,2.8377,2.8381,2159037.4
2025-09-05 11:00:00+00:00,2.8381,2.8454,2.8375,2.8409,3984265.7
2025-09-05 11:15:00+00:00,2.8409,2.8457,2.8373,2.8443,2725983.4
2025-09-05 11:30:00+00:00,2.8443,2.8462,2.8423,2.845,2436358.8
2025-09-05 11:45:00+00:00,2.845,2.8459,2.8421,2.843,2417418.9
2025-09-05 12:00:00+00:00,2.843,2.845,2.8401,2.8428,2664376.5
2025-09-05 12:15:00+00:00,2.8427,2.8559,2.8408,2.8554,6718220.3
2025-09-05 12:30:00+00:00,2.8554,2.8774,2.8347,2.8583,64441392.0
2025-09-05 12:45:00+00:00,2.8583,2.8771,2.856,2.8746,10419084.5
2025-09-05 13:00:00+00:00,2.8745,2.8777,2.8678,2.8718,10528277.6
2025-09-05 13:15:00+00:00,2.8718,2.8729,2.8647,2.8654,6607587.8
2025-09-05 13:30:00+00:00,2.8654,2.8775,2.8621,2.8767,11330094.2
2025-09-05 13:45:00+00:00,2.8767,2.8843,2.8695,2.8803,12583896.3
2025-09-05 14:00:00+00:00,2.8803,2.8803,2.8602,2.863,12563656.4
2025-09-05 14:15:00+00:00,2.863,2.864,2.8214,2.8257,47160646.1
2025-09-05 14:30:00+00:00,2.8256,2.8291,2.804,2.8172,31531976.6
2025-09-05 14:45:00+00:00,2.8172,2.8179,2.7982,2.8074,26206355.1
2025-09-05 15:00:00+00:00,2.8074,2.8157,2.7992,2.8142,14159026.3
2025-09-05 15:15:00+00:00,2.8143,2.8253,2.8125,2.8221,8182605.4
2025-09-05 15:30:00+00:00,2.8222,2.8239,2.811,2.8234,5867328.9
2025-09-05 15:45:00+00:00,2.8233,2.8233,2.811,2.8133,4267844.4
2025-09-05 16:00:00+00:00,2.8134,2.8156,2.8056,2.8144,7439685.5
2025-09-05 16:15:00+00:00,2.8144,2.8144,2.8029,2.8053,4463661.4
2025-09-05 16:30:00+00:00,2.8053,2.8111,2.8045,2.8096,3279786.8
2025-09-05 16:45:00+00:00,2.8095,2.8133,2.8062,2.8127,3235127.4
2025-09-05 17:00:00+00:00,2.8127,2.8138,2.8067,2.8123,3553524.7
2025-09-05 17:15:00+00:00,2.8122,2.8156,2.8102,2.8104,2596810.7
2025-09-05 17:30:00+00:00,2.8105,2.812,2.8023,2.806,4394741.2
2025-09-05 17:45:00+00:00,2.8059,2.818,2.8048,2.8166,2672609.2
2025-09-05 18:00:00+00:00,2.8166,2.8199,2.8116,2.8143,2504241.8
2025-09-05 18:15:00+00:00,2.8143,2.8266,2.8141,2.8265,2709778.0
2025-09-05 18:30:00+00:00,2.8265,2.836,2.8257,2.836,4106928.5
2025-09-05 18:45:00+00:00,2.836,2.8383,2.831,2.8339,4627371.0
2025-09-05 19:00:00+00:00,2.8339,2.8423,2.8318,2.8405,5177128.4
2025-09-05 19:15:00+00:00,2.8405,2.852,2.8403,2.8491,7660531.1
2025-09-05 19:30:00+00:00,2.8491,2.8545,2.8437,2.846,6574144.0
2025-09-05 19:45:00+00:00,2.846,2.8643,2.8445,2.8638,16012094.2
2025-09-05 20:00:00+00:00,2.8638,2.8645,2.8513,2.8567,9823830.9
2025-09-05 20:15:00+00:00,2.8567,2.8567,2.8485,2.8502,5440495.2
2025-09-05 20:30:00+00:00,2.8502,2.8554,2.8452,2.8518,4874796.3
2025-09-05 20:45:00+00:00,2.8517,2.8534,2.8463,2.849,4096518.6
2025-09-05 21:00:00+00:00,2.8491,2.8508,2.8388,2.8407,5450331.8
2025-09-05 21:15:00+00:00,2.8408,2.8425,2.8231,2.8324,13132886.7
2025-09-05 21:30:00+00:00,2.8323,2.84,2.825,2.8338,2917459.7
2025-09-05 21:45:00+00:00,2.8339,2.8339,2.8206,2.8215,2694449.9
2025-09-05 22:00:00+00:00,2.8214,2.8262,2.8201,2.8216,3003078.9
2025-09-05 22:15:00+00:00,2.8216,2.8239,2.8151,2.8155,2213071.4
2025-09-05 22:30:00+00:00,2.8155,2.8222,2.8152,2.8209,2026801.0
2025-09-05 22:45:00+00:00,2.8209,2.8229,2.8171,2.8178,1490780.9
2025-09-05 23:00:00+00:00,2.8178,2.8202,2.8145,2.8178,2085024.0
2025-09-05 23:15:00+00:00,2.8178,2.8227,2.8163,2.8206,1469830.0
2025-09-05 23:30:00+00:00,2.8206,2.8209,2.8164,2.8175,924166.5
2025-09-05 23:45:00+00:00,2.8176,2.8179,2.8125,2.8132,1976054.9
2025-09-06 00:00:00+00:00,2.8131,2.8175,2.8122,2.8143,2518695.6
2025-09-06 00:15:00+00:00,2.8143,2.8215,2.8126,2.8191,2165301.3
2025-09-06 00:30:00+00:00,2.819,2.8223,2.8164,2.8167,2043440.4
2025-09-06 00:45:00+00:00,2.8167,2.8183,2.8123,2.8141,1368491.6
2025-09-06 01:00:00+00:00,2.814,2.8176,2.8107,2.8167,2196674.9
2025-09-06 01:15:00+00:00,2.8167,2.8181,2.8128,2.8145,1695281.8
2025-09-06 01:30:00+00:00,2.8145,2.8157,2.8111,2.8148,1625058.6
2025-09-06 01:45:00+00:00,2.8148,2.8187,2.8147,2.8169,2199287.1
2025-09-06 02:00:00+00:00,2.8168,2.8189,2.8123,2.8126,1537034.4
2025-09-06 02:15:00+00:00,2.8127,2.8147,2.811,2.8126,1259343.8
2025-09-06 02:30:00+00:00,2.8126,2.8153,2.8109,2.8144,1093716.1
2025-09-06 02:45:00+00:00,2.8143,2.8244,2.8142,2.8215,3126126.7
2025-09-06 03:00:00+00:00,2.8215,2.8215,2.8184,2.8191,1488233.0
2025-09-06 03:15:00+00:00,2.8191,2.8251,2.8191,2.8227,1768570.4
2025-09-06 03:30:00+00:00,2.8228,2.8263,2.8199,2.8255,1788720.5
2025-09-06 03:45:00+00:00,2.8255,2.8275,2.8246,2.8255,1187794.6
2025-09-06 04:00:00+00:00,2.8256,2.8256,2.8178,2.82,2104808.4
2025-09-06 04:15:00+00:00,2.82,2.82,2.8167,2.8173,863781.1
2025-09-06 04:30:00+00:00,2.8173,2.8178,2.814,2.8155,2260438.4
2025-09-06 04:45:00+00:00,2.8155,2.8169,2.814,2.8155,1584075.7
2025-09-06 05:00:00+00:00,2.8155,2.816,2.8132,2.8151,1125638.0
2025-09-06 05:15:00+00:00,2.8152,2.8163,2.8132,2.8152,1167302.0
2025-09-06 05:30:00+00:00,2.8152,2.8166,2.813,2.8133,1268137.1
2025-09-06 05:45:00+00:00,2.8133,2.8155,2.8128,2.8128,1139027.5
2025-09-06 06:00:00+00:00,2.8129,2.816,2.812,2.8157,1528429.0
2025-09-06 06:15:00+00:00,2.8156,2.8162,2.813,2.8137,1502979.2
2025-09-06 06:30:00+00:00,2.8138,2.8154,2.8129,2.8143,1072107.9
2025-09-06 06:45:00+00:00,2.8143,2.816,2.8143,2.8158,1199929.3
2025-09-06 07:00:00+00:00,2.8158,2.8193,2.8149,2.8188,1532460.7
2025-09-06 07:15:00+00:00,2.8188,2.8192,2.8167,2.8189,1433049.8
2025-09-06 07:30:00+00:00,2.819,2.82,2.8181,2.8198,1461965.7
2025-09-06 07:45:00+00:00,2.8198,2.8201,2.818,2.8189,1182558.2
2025-09-06 08:00:00+00:00,2.8189,2.8193,2.8152,2.8163,2488491.7
2025-09-06 08:15:00+00:00,2.8163,2.8168,2.8138,2.8146,1506473.7
2025-09-06 08:30:00+00:00,2.8146,2.8166,2.8143,2.8159,1338114.8
2025-09-06 08:45:00+00:00,2.8159,2.8159,2.8134,2.8137,1221206.4
2025-09-06 09:00:00+00:00,2.8137,2.8137,2.8056,2.8069,6036868.5
2025-09-06 09:15:00+00:00,2.8068,2.8088,2.8063,2.8077,2052323.0
2025-09-06 09:30:00+00:00,2.8077,2.8106,2.8067,2.8104,1732937.5
2025-09-06 09:45:00+00:00,2.8103,2.8108,2.807,2.8073,1355759.2
2025-09-06 10:00:00+00:00,2.8073,2.8073,2.8046,2.805,2383863.1
2025-09-06 10:15:00+00:00,2.805,2.8057,2.8042,2.8051,1474896.9
2025-09-06 10:30:00+00:00,2.8051,2.8091,2.8028,2.8091,2987622.9
2025-09-06 10:45:00+00:00,2.809,2.8097,2.8056,2.8057,1429593.1
2025-09-06 11:00:00+00:00,2.8056,2.8057,2.8015,2.8033,2546926.3
2025-09-06 11:15:00+00:00,2.8033,2.8035,2.7995,2.8018,2864028.3
2025-09-06 11:30:00+00:00,2.8019,2.8021,2.7995,2.8019,1826386.0
2025-09-06 11:45:00+00:00,2.8018,2.8047,2.8003,2.8046,2271444.6
2025-09-06 12:00:00+00:00,2.8047,2.8087,2.8034,2.805,2951686.1
2025-09-06 12:15:00+00:00,2.805,2.8064,2.8041,2.8045,1155928.2
2025-09-06 12:30:00+00:00,2.8045,2.807,2.8026,2.8065,1443026.9
2025-09-06 12:45:00+00:00,2.8065,2.8093,2.806,2.8071,1739412.0
2025-09-06 13:00:00+00:00,2.807,2.8116,2.8066,2.8103,2632661.8
2025-09-06 13:15:00+00:00,2.8103,2.8165,2.8096,2.8136,2862291.2
2025-09-06 13:30:00+00:00,2.8136,2.8139,2.8084,2.8096,2688347.2
2025-09-06 13:45:00+00:00,2.8097,2.813,2.8079,2.8127,1131740.8
2025-09-06 14:00:00+00:00,2.8127,2.8141,2.8106,2.8119,1250835.8
2025-09-06 14:15:00+00:00,2.812,2.8141,2.8104,2.8141,1169956.8
2025-09-06 14:30:00+00:00,2.8141,2.8143,2.8126,2.8133,1258526.5
2025-09-06 14:45:00+00:00,2.8134,2.8135,2.8095,2.8099,1238431.8
2025-09-06 15:00:00+00:00,2.81,2.8112,2.807,2.8079,2421719.6
2025-09-06 15:15:00+00:00,2.8079,2.8164,2.8078,2.8129,2236801.3
2025-09-06 15:30:00+00:00,2.8129,2.8138,2.8044,2.8044,2866843.6
2025-09-06 15:45:00+00:00,2.8044,2.8045,2.7986,2.8009,4370784.2
2025-09-06 16:00:00+00:00,2.8009,2.8035,2.7956,2.803,6594671.8
2025-09-06 16:15:00+00:00,2.803,2.8052,2.7969,2.8037,4770935.1
2025-09-06 16:30:00+00:00,2.8037,2.8055,2.802,2.8041,1891680.7
2025-09-06 16:45:00+00:00,2.804,2.8061,2.7976,2.7993,4952983.4
2025-09-06 17:00:00+00:00,2.7993,2.8014,2.7985,2.8012,1809999.2
2025-09-06 17:15:00+00:00,2.8011,2.8028,2.7995,2.8,1234987.6
2025-09-06 17:30:00+00:00,2.7999,2.8005,2.7955,2.7969,2440459.5
2025-09-06 17:45:00+00:00,2.7968,2.7991,2.7963,2.7982,1351066.1
2025-09-06 18:00:00+00:00,2.7982,2.8023,2.7977,2.8005,1880884.4
2025-09-06 18:15:00+00:00,2.8004,2.802,2.7993,2.801,862762.6
2025-09-06 18:30:00+00:00,2.801,2.8011,2.7973,2.7976,1146847.9
2025-09-06 18:45:00+00:00,2.7976,2.801,2.7973,2.7992,948708.6
2025-09-06 19:00:00+00:00,2.7991,2.8006,2.7975,2.7978,1231460.6
2025-09-06 19:15:00+00:00,2.7979,2.7989,2.796,2.7964,1269645.4
2025-09-06 19:30:00+00:00,2.7964,2.7976,2.7923,2.7943,2900225.0
2025-09-06 19:45:00+00:00,2.7943,2.7949,2.791,2.793,2061050.5
2025-09-06 20:00:00+00:00,2.7929,2.7971,2.7929,2.796,1426582.9
2025-09-06 20:15:00+00:00,2.796,2.7978,2.7951,2.7961,1242958.6
2025-09-06 20:30:00+00:00,2.7961,2.7984,2.7951,2.7977,1160763.0
2025-09-06 20:45:00+00:00,2.7977,2.8011,2.7976,2.8011,1209014.3
2025-09-06 21:00:00+00:00,2.8012,2.8017,2.7983,2.7993,1027669.7
2025-09-06 21:15:00+00:00,2.7993,2.8019,2.7985,2.8011,641577.7
2025-09-06 21:30:00+00:00,2.8011,2.8065,2.8004,2.8035,2105839.9
2025-09-06 21:45:00+00:00,2.8035,2.8045,2.8031,2.8044,1017597.6
2025-09-06 22:00:00+00:00,2.8043,2.8083,2.8026,2.8041,3110038.7
2025-09-06 22:15:00+00:00,2.8041,2.806,2.8029,2.8038,3013980.3
2025-09-06 22:30:00+00:00,2.8037,2.8058,2.8016,2.8031,1859661.8
2025-09-06 22:45:00+00:00,2.8032,2.8046,2.8017,2.8041,1244780.9
2025-09-06 23:00:00+00:00,2.804,2.8056,2.8016,2.8052,1264332.2
2025-09-06 23:15:00+00:00,2.8053,2.8112,2.8052,2.8101,2981328.7
2025-09-06 23:30:00+00:00,2.8101,2.8111,2.809,2.8096,1599716.6
2025-09-06 23:45:00+00:00,2.8097,2.8099,2.8076,2.8083,923525.2
2025-09-07 00:00:00+00:00,2.8084,2.8131,2.8078,2.813,2294232.5
2025-09-07 00:15:00+00:00,2.8131,2.8131,2.811,2.8113,912656.7
2025-09-07 00:30:00+00:00,2.8112,2.8143,2.8096,2.8141,3045963.5
2025-09-07 00:45:00+00:00,2.8142,2.8158,2.8133,2.8138,2665829.9
2025-09-07 01:00:00+00:00,2.8138,2.8186,2.8138,2.8185,2756181.6
2025-09-07 01:15:00+00:00,2.8185,2.821,2.817,2.819,1803749.4
2025-09-07 01:30:00+00:00,2.819,2.8204,2.8183,2.8203,1188500.9
2025-09-07 01:45:00+00:00,2.8203,2.8223,2.82,2.8202,2479643.6
2025-09-07 02:00:00+00:00,2.8202,2.8202,2.8157,2.8178,2240904.3
2025-09-07 02:15:00+00:00,2.8179,2.8187,2.8146,2.8186,1085033.9
2025-09-07 02:30:00+00:00,2.8187,2.8212,2.8186,2.8206,1722508.9
2025-09-07 02:45:00+00:00,2.8207,2.823,2.8191,2.8214,1514584.3
2025-09-07 03:00:00+00:00,2.8214,2.8225,2.8193,2.8193,1522482.0
2025-09-07 03:15:00+00:00,2.8193,2.8232,2.8193,2.8232,1268294.2
2025-09-07 03:30:00+00:00,2.8232,2.8247,2.8216,2.8217,1356007.1
2025-09-07 03:45:00+00:00,2.8217,2.8238,2.821,2.8212,786576.7
2025-09-07 04:00:00+00:00,2.8212,2.822,2.8183,2.8185,1831370.7
2025-09-07 04:15:00+00:00,2.8185,2.8201,2.8176,2.8196,2610165.7
2025-09-07 04:30:00+00:00,2.8195,2.8204,2.8178,2.8182,862343.5
2025-09-07 04:45:00+00:00,2.8182,2.8207,2.8181,2.8206,900905.2
2025-09-07 05:00:00+00:00,2.8206,2.8237,2.8205,2.8228,1074502.6
2025-09-07 05:15:00+00:00,2.8227,2.8251,2.8215,2.8251,1161776.0
2025-09-07 05:30:00+00:00,2.825,2.8251,2.8236,2.8246,1015007.2
2025-09-07 05:45:00+00:00,2.8246,2.8248,2.8225,2.8233,1102481.3
2025-09-07 06:00:00+00:00,2.8234,2.824,2.8199,2.8199,2028314.0
2025-09-07 06:15:00+00:00,2.8199,2.82,2.8175,2.8194,1896934.9
2025-09-07 06:30:00+00:00,2.8194,2.8215,2.8176,2.8184,2786106.2
2025-09-07 06:45:00+00:00,2.8184,2.8201,2.8176,2.8187,1418440.8
2025-09-07 07:00:00+00:00,2.8187,2.8229,2.8186,2.8227,1954774.0
2025-09-07 07:15:00+00:00,2.8227,2.826,2.8204,2.8244,1686847.7
2025-09-07 07:30:00+00:00,2.8244,2.8336,2.8243,2.8312,5791019.6
2025-09-07 07:45:00+00:00,2.8312,2.8329,2.8272,2.8295,4351731.8
2025-09-07 08:00:00+00:00,2.8296,2.8305,2.8282,2.83,1747479.2
2025-09-07 08:15:00+00:00,2.8299,2.8347,2.8294,2.8334,2458103.0
2025-09-07 08:30:00+00:00,2.8335,2.8359,2.8325,2.8341,5126642.2
2025-09-07 08:45:00+00:00,2.8341,2.8356,2.8311,2.8311,2116891.0
2025-09-07 09:00:00+00:00,2.8311,2.8343,2.8309,2.8334,1367071.9
2025-09-07 09:15:00+00:00,2.8333,2.8351,2.833,2.8337,1064263.9
2025-09-07 09:30:00+00:00,2.8337,2.8337,2.826,2.828,4745744.9
2025-09-07 09:45:00+00:00,2.828,2.8304,2.8273,2.83,1456223.1
2025-09-07 10:00:00+00:00,2.83,2.8312,2.8292,2.8301,1232555.5
2025-09-07 10:15:00+00:00,2.83,2.83,2.8244,2.8257,2570894.3
2025-09-07 10:30:00+00:00,2.8257,2.8288,2.8252,2.8288,1370625.0
2025-09-07 10:45:00+00:00,2.8288,2.8298,2.8274,2.8298,1153715.3
2025-09-07 11:00:00+00:00,2.8298,2.8307,2.8292,2.8304,951804.0
2025-09-07 11:15:00+00:00,2.8304,2.8304,2.8282,2.8296,992050.7
2025-09-07 11:30:00+00:00,2.8296,2.8319,2.8292,2.8307,1490449.6
2025-09-07 11:45:00+00:00,2.8308,2.8313,2.8298,2.8304,1173807.7
2025-09-07 12:00:00+00:00,2.8305,2.8312,2.8273,2.8295,1818325.3
2025-09-07 12:15:00+00:00,2.8296,2.8308,2.8274,2.8307,2152732.1
2025-09-07 12:30:00+00:00,2.8307,2.8346,2.8299,2.8327,2236573.2
2025-09-07 12:45:00+00:00,2.8328,2.8343,2.8312,2.8343,1477224.6
2025-09-07 13:00:00+00:00,2.8343,2.8351,2.833,2.8334,1787495.2
2025-09-07 13:15:00+00:00,2.8333,2.8342,2.831,2.834,1788872.8
2025-09-07 13:30:00+00:00,2.8341,2.8487,2.8335,2.8406,9260690.0
2025-09-07 13:45:00+00:00,2.8405,2.8477,2.84,2.8477,6667260.1
2025-09-07 14:00:00+00:00,2.8476,2.9278,2.8448,2.9062,68017201.4
2025-09-07 14:15:00+00:00,2.9061,2.9249,2.8811,2.8889,37205458.8
2025-09-07 14:30:00+00:00,2.8889,2.913,2.8889,2.9053,25685069.7
2025-09-07 14:45:00+00:00,2.9053,2.9076,2.8831,2.8839,10449075.3
2025-09-07 15:00:00+00:00,2.8838,2.8913,2.8709,2.8713,12537388.5
2025-09-07 15:15:00+00:00,2.8713,2.8876,2.8711,2.8876,9997131.0
2025-09-07 15:30:00+00:00,2.8875,2.8988,2.8868,2.8975,7289933.8
2025-09-07 15:45:00+00:00,2.8975,2.9006,2.8902,2.8991,12576910.7
2025-09-07 16:00:00+00:00,2.8991,2.8999,2.8892,2.8904,7416344.5
2025-09-07 16:15:00+00:00,2.8903,2.8914,2.8807,2.8825,6814268.0
2025-09-07 16:30:00+00:00,2.8824,2.8887,2.8767,2.8884,6974291.1
2025-09-07 16:45:00+00:00,2.8885,2.8929,2.8859,2.8904,4329419.3
2025-09-07 17:00:00+00:00,2.8904,2.8931,2.8798,2.8798,4816603.8
2025-09-07 17:15:00+00:00,2.8799,2.883,2.875,2.8756,4779938.7
2025-09-07 17:30:00+00:00,2.8757,2.8808,2.8753,2.8801,2498551.7
2025-09-07 17:45:00+00:00,2.88,2.8801,2.8566,2.8585,10363015.5
2025-09-07 18:00:00+00:00,2.8585,2.8667,2.8563,2.8637,4286139.1
2025-09-07 18:15:00+00:00,2.8637,2.8657,2.8577,2.8605,3260908.1
2025-09-07 18:30:00+00:00,2.8605,2.8638,2.8501,2.8523,6220847.9
2025-09-07 18:45:00+00:00,2.8524,2.8584,2.8489,2.8571,5597810.3
2025-09-07 19:00:00+00:00,2.8571,2.8651,2.8562,2.8595,6559950.4
2025-09-07 19:15:00+00:00,2.8595,2.8627,2.8529,2.854,3887370.7
2025-09-07 19:30:00+00:00,2.8541,2.8667,2.8536,2.8642,3349793.5
2025-09-07 19:45:00+00:00,2.8642,2.8645,2.8605,2.8612,2189592.8
2025-09-07 20:00:00+00:00,2.8611,2.8659,2.8605,2.8637,3703879.8
2025-09-07 20:15:00+00:00,2.8636,2.871,2.8631,2.8707,2918245.5
2025-09-07 20:30:00+00:00,2.8707,2.8717,2.8685,2.8704,2070512.7
2025-09-07 20:45:00+00:00,2.8704,2.8788,2.87,2.8785,4352302.6
2025-09-07 21:00:00+00:00,2.8786,2.8797,2.874,2.8754,4148042.4
2025-09-07 21:15:00+00:00,2.8753,2.8761,2.872,2.8761,2063972.0
2025-09-07 21:30:00+00:00,2.8761,2.8784,2.8672,2.8672,4653995.4
2025-09-07 21:45:00+00:00,2.8672,2.8672,2.8578,2.8579,2687099.2
2025-09-07 22:00:00+00:00,2.8578,2.8661,2.8539,2.8661,11244774.6
2025-09-07 22:15:00+00:00,2.866,2.8722,2.8654,2.8711,10359082.5
2025-09-07 22:30:00+00:00,2.8712,2.8721,2.8679,2.8702,3676955.9
2025-09-07 22:45:00+00:00,2.8702,2.8764,2.8702,2.8755,8097292.5
2025-09-07 23:00:00+00:00,2.8756,2.8851,2.8756,2.8794,8635676.9
2025-09-07 23:15:00+00:00,2.8793,2.8896,2.8782,2.8889,5438142.2
2025-09-07 23:30:00+00:00,2.8889,2.8908,2.8824,2.8841,8430847.4
2025-09-07 23:45:00+00:00,2.8842,2.885,2.8755,2.876,7488024.6
2025-09-08 00:00:00+00:00,2.876,2.8773,2.869,2.8708,5489774.6
2025-09-08 00:15:00+00:00,2.8708,2.8778,2.8653,2.8775,4008512.0
2025-09-08 00:30:00+00:00,2.8775,2.8838,2.8725,2.8809,4002120.6
2025-09-08 00:45:00+00:00,2.8808,2.8809,2.8637,2.8678,4012569.9
2025-09-08 01:00:00+00:00,2.8679,2.8751,2.8652,2.874,2603423.8
2025-09-08 01:15:00+00:00,2.8741,2.8823,2.8708,2.8767,2989503.3
2025-09-08 01:30:00+00:00,2.8767,2.8848,2.8757,2.8784,4063542.9
2025-09-08 01:45:00+00:00,2.8783,2.8809,2.8762,2.8791,2077503.0
2025-09-08 02:00:00+00:00,2.8791,2.8827,2.8722,2.876,3082742.5
2025-09-08 02:15:00+00:00,2.876,2.8764,2.861,2.8671,6277517.5
2025-09-08 02:30:00+00:00,2.8671,2.8874,2.8656,2.8839,6717180.5
2025-09-08 02:45:00+00:00,2.8839,2.8877,2.8791,2.8851,4724228.4
2025-09-08 03:00:00+00:00,2.8851,2.895,2.8832,2.8911,5165189.3
2025-09-08 03:15:00+00:00,2.8912,2.8936,2.8814,2.8873,3938442.2
2025-09-08 03:30:00+00:00,2.8873,2.899,2.8855,2.8954,5341876.9
2025-09-08 03:45:00+00:00,2.8954,2.8955,2.8848,2.8876,3943624.9
2025-09-08 04:00:00+00:00,2.8876,2.8887,2.8764,2.8815,4136892.3
2025-09-08 04:15:00+00:00,2.8815,2.8885,2.8814,2.888,2701934.8
2025-09-08 04:30:00+00:00,2.888,2.891,2.8829,2.8834,2355628.0
2025-09-08 04:45:00+00:00,2.8835,2.8838,2.8754,2.8794,2776899.4
2025-09-08 05:00:00+00:00,2.8793,2.8877,2.8768,2.882,3100907.5
2025-09-08 05:15:00+00:00,2.8821,2.8906,2.882,2.886,2057212.9
2025-09-08 05:30:00+00:00,2.886,2.8886,2.8829,2.8859,3371694.7
2025-09-08 05:45:00+00:00,2.8859,2.895,2.884,2.8915,3556361.4
2025-09-08 06:00:00+00:00,2.8915,2.8933,2.8729,2.8763,6273675.7
2025-09-08 06:15:00+00:00,2.8763,2.8855,2.876,2.8844,2202355.1
2025-09-08 06:30:00+00:00,2.8843,2.885,2.8785,2.8788,2356947.4
2025-09-08 06:45:00+00:00,2.8788,2.8789,2.8742,2.875,2438018.2
2025-09-08 07:00:00+00:00,2.875,2.888,2.8749,2.8878,3076807.8
2025-09-08 07:15:00+00:00,2.8878,2.9006,2.8856,2.9006,6699072.2
2025-09-08 07:30:00+00:00,2.9006,2.9064,2.8895,2.9046,11593862.1
2025-09-08 07:45:00+00:00,2.9046,2.9099,2.9002,2.909,7031160.7
2025-09-08 08:00:00+00:00,2.9091,2.9157,2.9059,2.9119,9366568.7
2025-09-08 08:15:00+00:00,2.9119,2.9121,2.9022,2.9114,7953722.8
2025-09-08 08:30:00+00:00,2.9114,2.9194,2.9072,2.9147,8952845.1
2025-09-08 08:45:00+00:00,2.9147,2.9168,2.9053,2.9084,4445548.3
2025-09-08 09:00:00+00:00,2.9084,2.9159,2.9028,2.9151,4145548.1
2025-09-08 09:15:00+00:00,2.9151,2.9218,2.913,2.9193,6191623.7
2025-09-08 09:30:00+00:00,2.9193,2.9217,2.9157,2.9174,4413479.3
2025-09-08 09:45:00+00:00,2.9175,2.9349,2.9175,2.932,9244710.7
2025-09-08 10:00:00+00:00,2.932,2.9459,2.9241,2.9423,14611462.2
2025-09-08 10:15:00+00:00,2.9422,2.9539,2.9412,2.943,19655479.6
2025-09-08 10:30:00+00:00,2.943,2.95,2.9406,2.9491,6323619.5
2025-09-08 10:45:00+00:00,2.949,2.9522,2.9424,2.9496,8627455.6
2025-09-08 11:00:00+00:00,2.9496,2.9499,2.9358,2.9395,8537030.3
2025-09-08 11:15:00+00:00,2.9394,2.9422,2.932,2.9348,5374401.3
2025-09-08 11:30:00+00:00,2.9349,2.938,2.9291,2.9313,7039315.7
2025-09-08 11:45:00+00:00,2.9312,2.9384,2.9299,2.9349,4786266.5
2025-09-08 12:00:00+00:00,2.935,2.9403,2.9323,2.9369,5104740.0
2025-09-08 12:15:00+00:00,2.937,2.9508,2.9352,2.9472,6791219.1
2025-09-08 12:30:00+00:00,2.9471,2.9681,2.9461,2.9673,10248443.3
2025-09-08 12:45:00+00:00,2.9672,2.9806,2.9608,2.9622,16181565.1
2025-09-08 13:00:00+00:00,2.9623,2.9803,2.9618,2.979,13571146.7
2025-09-08 13:15:00+00:00,2.9791,2.9865,2.9724,2.9774,10858572.3
2025-09-08 13:30:00+00:00,2.9773,2.9899,2.9653,2.9769,21388900.7
2025-09-08 13:45:00+00:00,2.9768,2.9936,2.973,2.9762,19385807.3
2025-09-08 14:00:00+00:00,2.9762,2.9951,2.9745,2.9817,13820180.5
2025-09-08 14:15:00+00:00,2.9818,2.988,2.9777,2.9863,6336565.0
2025-09-08 14:30:00+00:00,2.9863,2.9911,2.9724,2.9762,8917113.3
2025-09-08 14:45:00+00:00,2.9763,2.9821,2.972,2.9807,4461450.3
2025-09-08 15:00:00+00:00,2.9808,2.9829,2.9742,2.976,4560069.0
2025-09-08 15:15:00+00:00,2.9759,2.984,2.9711,2.9828,6869020.2
2025-09-08 15:30:00+00:00,2.9828,2.983,2.9739,2.9783,4278968.5
2025-09-08 15:45:00+00:00,2.9784,2.9854,2.9764,2.9845,3864650.7
2025-09-08 16:00:00+00:00,2.9846,2.9898,2.9769,2.9771,5200992.5
2025-09-08 16:15:00+00:00,2.977,2.9822,2.973,2.9795,4561420.8
2025-09-08 16:30:00+00:00,2.9795,2.9796,2.964,2.9739,10407118.7
2025-09-08 16:45:00+00:00,2.974,2.9745,2.9605,2.9685,8415867.1
2025-09-08 17:00:00+00:00,2.9685,2.97,2.9624,2.9652,4611467.6
2025-09-08 17:15:00+00:00,2.9653,2.9815,2.9653,2.9815,4930356.8
2025-09-08 17:30:00+00:00,2.9815,2.9818,2.9717,2.9724,3135719.5
2025-09-08 17:45:00+00:00,2.9723,2.9774,2.9655,2.969,3611455.7
2025-09-08 18:00:00+00:00,2.9691,2.977,2.9685,2.9728,3675049.4
2025-09-08 18:15:00+00:00,2.9728,2.9759,2.9701,2.974,2299659.1
2025-09-08 18:30:00+00:00,2.974,2.978,2.969,2.9725,2615349.8
2025-09-08 18:45:00+00:00,2.9724,2.9836,2.972,2.9831,3663647.8
2025-09-08 19:00:00+00:00,2.9831,2.9837,2.9692,2.9747,5632218.5
2025-09-08 19:15:00+00:00,2.9747,2.9811,2.972,2.9781,3806073.3
2025-09-08 19:30:00+00:00,2.9782,2.9809,2.9673,2.9697,5648752.1
2025-09-08 19:45:00+00:00,2.9697,2.9827,2.9688,2.9781,6870689.8
2025-09-08 20:00:00+00:00,2.9782,2.984,2.9756,2.9783,5821331.2
2025-09-08 20:15:00+00:00,2.9783,2.9784,2.964,2.9676,5520551.9
2025-09-08 20:30:00+00:00,2.9676,2.9691,2.956,2.957,8043875.9
2025-09-08 20:45:00+00:00,2.9569,2.9628,2.9538,2.9628,5244861.3
2025-09-08 21:00:00+00:00,2.9629,2.9654,2.9602,2.9654,2803788.2
2025-09-08 21:15:00+00:00,2.9654,2.9769,2.9618,2.9743,5037527.5
2025-09-08 21:30:00+00:00,2.9743,2.975,2.9692,2.9703,1910417.3
2025-09-08 21:45:00+00:00,2.9703,2.9746,2.9702,2.9735,1427447.4
2025-09-08 22:00:00+00:00,2.9735,2.9789,2.9707,2.9767,3132975.7
2025-09-08 22:15:00+00:00,2.9766,2.9828,2.974,2.9818,3040986.2
2025-09-08 22:30:00+00:00,2.9818,2.9823,2.9756,2.9789,2317789.7
2025-09-08 22:45:00+00:00,2.9788,2.9788,2.973,2.9752,1864416.5
2025-09-08 23:00:00+00:00,2.9751,2.9786,2.9723,2.9737,2170474.1
2025-09-08 23:15:00+00:00,2.9737,2.9748,2.9668,2.968,2071398.1
2025-09-08 23:30:00+00:00,2.968,2.9683,2.9621,2.9633,2197990.5
2025-09-08 23:45:00+00:00,2.9634,2.971,2.9621,2.9687,2373966.4
2025-09-09 00:00:00+00:00,2.9687,2.9776,2.9676,2.9721,7312265.6
2025-09-09 00:15:00+00:00,2.972,2.9731,2.9562,2.9591,7800593.7
2025-09-09 00:30:00+00:00,2.9591,2.9593,2.9451,2.9493,10741673.2
2025-09-09 00:45:00+00:00,2.9492,2.9592,2.946,2.9549,4080500.9
2025-09-09 01:00:00+00:00,2.955,2.9602,2.9542,2.956,3317581.9
2025-09-09 01:15:00+00:00,2.9561,2.9561,2.947,2.9505,3269745.4
2025-09-09 01:30:00+00:00,2.9505,2.9585,2.9466,2.958,3791902.6
2025-09-09 01:45:00+00:00,2.958,2.96,2.9522,2.9579,3389320.4
2025-09-09 02:00:00+00:00,2.958,2.958,2.9489,2.9496,2114868.8
2025-09-09 02:15:00+00:00,2.9496,2.9537,2.9431,2.948,3433623.7
2025-09-09 02:30:00+00:00,2.9481,2.9514,2.9445,2.9446,3686864.8
2025-09-09 02:45:00+00:00,2.9446,2.9447,2.9343,2.9363,8461805.2
2025-09-09 03:00:00+00:00,2.9363,2.9394,2.9337,2.9373,4039723.4
2025-09-09 03:15:00+00:00,2.9373,2.9398,2.9327,2.9392,4223331.6
2025-09-09 03:30:00+00:00,2.9392,2.9454,2.9363,2.9427,3654295.6
2025-09-09 03:45:00+00:00,2.9427,2.952,2.9391,2.9491,4215417.9
2025-09-09 04:00:00+00:00,2.9491,2.9494,2.9436,2.9454,3451617.4
2025-09-09 04:15:00+00:00,2.9454,2.9588,2.9451,2.9563,4322017.5
2025-09-09 04:30:00+00:00,2.9563,2.9642,2.956,2.9595,7651121.9
2025-09-09 04:45:00+00:00,2.9595,2.9659,2.9556,2.9617,4402283.1
2025-09-09 05:00:00+00:00,2.9617,2.9633,2.9539,2.955,3800023.3
2025-09-09 05:15:00+00:00,2.955,2.9578,2.953,2.955,2282867.3
2025-09-09 05:30:00+00:00,2.9549,2.957,2.9501,2.9568,2290142.8
2025-09-09 05:45:00+00:00,2.9567,2.9655,2.9553,2.9637,3392082.9
2025-09-09 06:00:00+00:00,2.9637,2.986,2.9614,2.9827,12833973.8
2025-09-09 06:15:00+00:00,2.9827,2.9934,2.9825,2.9902,13647117.1
2025-09-09 06:30:00+00:00,2.9902,2.9947,2.9817,2.9825,11302946.8
2025-09-09 06:45:00+00:00,2.9825,2.9969,2.9819,2.9915,8281210.1
2025-09-09 07:00:00+00:00,2.9915,3.016,2.9908,3.0094,22178841.0
2025-09-09 07:15:00+00:00,3.0093,3.0271,3.0077,3.0261,14792090.7
2025-09-09 07:30:00+00:00,3.026,3.0264,3.0083,3.0086,10109004.7
2025-09-09 07:45:00+00:00,3.0085,3.0193,3.0044,3.0193,6345592.6
2025-09-09 08:00:00+00:00,3.0192,3.0319,3.0123,3.0261,11921606.6
2025-09-09 08:15:00+00:00,3.0261,3.0293,3.0208,3.0245,5887057.5
2025-09-09 08:30:00+00:00,3.0244,3.0363,3.0243,3.0283,7349265.2
2025-09-09 08:45:00+00:00,3.0282,3.0283,3.0159,3.0232,11140198.0
2025-09-09 09:00:00+00:00,3.0232,3.0249,3.0138,3.0144,4729801.3
2025-09-09 09:15:00+00:00,3.0144,3.0181,3.0143,3.0161,2970066.5
2025-09-09 09:30:00+00:00,3.0161,3.0163,3.0071,3.0111,5275457.8
2025-09-09 09:45:00+00:00,3.0111,3.0123,3.0062,3.0069,3634214.8
2025-09-09 10:00:00+00:00,3.007,3.0152,3.006,3.0134,5454520.7
2025-09-09 10:15:00+00:00,3.0134,3.0147,3.0008,3.0014,6433146.6
2025-09-09 10:30:00+00:00,3.0014,3.0069,2.9985,3.0056,6468122.1
2025-09-09 10:45:00+00:00,3.0056,3.0056,2.9984,3.0027,3854064.0
2025-09-09 11:00:00+00:00,3.0026,3.013,3.0007,3.0087,6769602.8
2025-09-09 11:15:00+00:00,3.0087,3.0095,3.001,3.007,3430674.5
2025-09-09 11:30:00+00:00,3.0071,3.0084,3.0015,3.0036,2705947.2
2025-09-09 11:45:00+00:00,3.0036,3.017,3.002,3.0035,8989377.7
2025-09-09 12:00:00+00:00,3.0035,3.0274,2.9973,3.026,12118037.2
2025-09-09 12:15:00+00:00,3.026,3.0291,3.019,3.0191,7338171.0
2025-09-09 12:30:00+00:00,3.0191,3.02,2.9985,3.0001,12804242.4
2025-09-09 12:45:00+00:00,3.0,3.0092,2.9996,3.0065,6140782.2
2025-09-09 13:00:00+00:00,3.0065,3.011,2.996,3.0096,6116070.1
2025-09-09 13:15:00+00:00,3.0095,3.0095,2.9952,3.0047,5459663.3
2025-09-09 13:30:00+00:00,3.0046,3.0101,3.0005,3.0085,6147151.8
2025-09-09 13:45:00+00:00,3.0085,3.0176,3.0078,3.011,8340752.6
2025-09-09 14:00:00+00:00,3.011,3.0175,2.9834,3.0006,33365785.9
2025-09-09 14:15:00+00:00,3.0006,3.002,2.982,2.9883,7210609.6
2025-09-09 14:30:00+00:00,2.9883,2.9886,2.9511,2.962,32760691.5
2025-09-09 14:45:00+00:00,2.962,2.969,2.9572,2.9658,8067529.0
2025-09-09 15:00:00+00:00,2.9657,2.9704,2.954,2.9565,8708486.1
2025-09-09 15:15:00+00:00,2.9566,2.9608,2.9501,2.954,9931180.7
2025-09-09 15:30:00+00:00,2.9541,2.9544,2.9358,2.9378,14120719.5
2025-09-09 15:45:00+00:00,2.9378,2.9501,2.9356,2.9456,7626484.0
2025-09-09 16:00:00+00:00,2.9457,2.9547,2.9455,2.9521,8207720.5
2025-09-09 16:15:00+00:00,2.952,2.9577,2.9428,2.9453,5270042.8
2025-09-09 16:30:00+00:00,2.9452,2.95,2.944,2.948,2867939.9
2025-09-09 16:45:00+00:00,2.9479,2.952,2.9454,2.9519,2311035.1
2025-09-09 17:00:00+00:00,2.9519,2.9634,2.9511,2.962,5033757.1
2025-09-09 17:15:00+00:00,2.962,2.9632,2.9536,2.9543,3187590.7
2025-09-09 17:30:00+00:00,2.9543,2.9588,2.9487,2.9545,2779030.2
2025-09-09 17:45:00+00:00,2.9544,2.9578,2.9518,2.9531,1845303.1
2025-09-09 18:00:00+00:00,2.9531,2.9568,2.9501,2.9559,2723851.8
2025-09-09 18:15:00+00:00,2.956,2.9645,2.9548,2.9622,2908215.5
2025-09-09 18:30:00+00:00,2.9622,2.9622,2.9556,2.958,2413032.8
2025-09-09 18:45:00+00:00,2.9579,2.9632,2.957,2.9608,1961464.1
2025-09-09 19:00:00+00:00,2.9608,2.9656,2.9592,2.9642,2522323.7
2025-09-09 19:15:00+00:00,2.9642,2.9692,2.9621,2.9684,2668636.2
2025-09-09 19:30:00+00:00,2.9685,2.9713,2.9653,2.9675,4121261.3
2025-09-09 19:45:00+00:00,2.9676,2.9692,2.9616,2.9634,2536486.2
2025-09-09 20:00:00+00:00,2.9634,2.967,2.9542,2.9572,4242358.6
2025-09-09 20:15:00+00:00,2.9571,2.9588,2.951,2.9514,3173182.9
2025-09-09 20:30:00+00:00,2.9513,2.9538,2.9454,2.9464,2934170.0
2025-09-09 20:45:00+00:00,2.9464,2.955,2.946,2.9533,3390749.2
2025-09-09 21:00:00+00:00,2.9532,2.96,2.95,2.9588,2747628.2
2025-09-09 21:15:00+00:00,2.9588,2.9613,2.9494,2.9507,2683825.3
2025-09-09 21:30:00+00:00,2.9508,2.9549,2.9484,2.9548,1508570.2
2025-09-09 21:45:00+00:00,2.9548,2.955,2.9496,2.9504,862590.6
2025-09-09 22:00:00+00:00,2.9503,2.9537,2.9446,2.9529,3058390.7
2025-09-09 22:15:00+00:00,2.9529,2.9535,2.9481,2.9483,1614555.8
2025-09-09 22:30:00+00:00,2.9482,2.9515,2.9474,2.9515,1522587.1
2025-09-09 22:45:00+00:00,2.9515,2.9518,2.9467,2.9488,1737724.9
2025-09-09 23:00:00+00:00,2.9488,2.9494,2.9407,2.9437,4609205.4
2025-09-09 23:15:00+00:00,2.9437,2.9462,2.9405,2.9411,1731981.4
2025-09-09 23:30:00+00:00,2.9412,2.9446,2.939,2.9434,3892779.9
2025-09-09 23:45:00+00:00,2.9435,2.9476,2.9409,2.9456,1841435.3
2025-09-10 00:00:00+00:00,2.9457,2.9482,2.9413,2.9426,2877243.6
2025-09-10 00:15:00+00:00,2.9425,2.9425,2.934,2.9353,6100837.0
2025-09-10 00:30:00+00:00,2.9353,2.95,2.9342,2.9492,3614623.5
2025-09-10 00:45:00+00:00,2.9492,2.9499,2.9346,2.9361,3946714.2
2025-09-10 01:00:00+00:00,2.9361,2.9444,2.935,2.9439,2401013.5
2025-09-10 01:15:00+00:00,2.944,2.9545,2.9439,2.9469,3438619.2
2025-09-10 01:30:00+00:00,2.9469,2.954,2.946,2.9491,2915592.9
2025-09-10 01:45:00+00:00,2.9492,2.9506,2.9444,2.9481,1674765.8
2025-09-10 02:00:00+00:00,2.948,2.9576,2.9477,2.9552,5425010.5
2025-09-10 02:15:00+00:00,2.9553,2.963,2.953,2.9582,5428506.0
2025-09-10 02:30:00+00:00,2.9582,2.9629,2.9576,2.9609,3336459.6
2025-09-10 02:45:00+00:00,2.961,2.9621,2.956,2.9579,2132942.1
2025-09-10 03:00:00+00:00,2.958,2.9581,2.9516,2.9564,2633974.9
2025-09-10 03:15:00+00:00,2.9563,2.9598,2.9542,2.955,2381887.0
2025-09-10 03:30:00+00:00,2.955,2.96,2.955,2.9586,1718758.1
2025-09-10 03:45:00+00:00,2.9586,2.9626,2.9578,2.9615,1831080.8
2025-09-10 04:00:00+00:00,2.9616,2.9628,2.9563,2.9627,2122574.9
2025-09-10 04:15:00+00:00,2.9627,2.9644,2.9579,2.9607,2301913.5
2025-09-10 04:30:00+00:00,2.9608,2.9625,2.9541,2.9548,2049543.0
2025-09-10 04:45:00+00:00,2.9547,2.9594,2.9541,2.9584,1413580.2
2025-09-10 05:00:00+00:00,2.9584,2.9584,2.9492,2.9549,2581179.2
2025-09-10 05:15:00+00:00,2.9549,2.9555,2.949,2.9544,1940643.4
2025-09-10 05:30:00+00:00,2.9544,2.961,2.9535,2.9598,1702618.1
2025-09-10 05:45:00+00:00,2.9598,2.9619,2.9524,2.9589,2461394.0
2025-09-10 06:00:00+00:00,2.9589,2.959,2.9442,2.9471,4816789.2
2025-09-10 06:15:00+00:00,2.9471,2.9527,2.9458,2.9516,2070733.7
2025-09-10 06:30:00+00:00,2.9517,2.9575,2.9489,2.9544,2279305.0
2025-09-10 06:45:00+00:00,2.9544,2.9581,2.9502,2.952,1871796.8
2025-09-10 07:00:00+00:00,2.952,2.9575,2.9505,2.9561,2095158.0
2025-09-10 07:15:00+00:00,2.9562,2.9699,2.9507,2.9683,6330215.8
2025-09-10 07:30:00+00:00,2.9683,2.973,2.9669,2.9719,6829334.5
2025-09-10 07:45:00+00:00,2.972,2.98,2.9719,2.9797,6933714.2
2025-09-10 08:00:00+00:00,2.9798,2.986,2.975,2.9827,8678548.2
2025-09-10 08:15:00+00:00,2.9827,2.9846,2.9748,2.9758,5264272.1
2025-09-10 08:30:00+00:00,2.9758,2.9761,2.9686,2.9692,5339206.2
2025-09-10 08:45:00+00:00,2.9692,2.9728,2.9679,2.9682,2606881.3
2025-09-10 09:00:00+00:00,2.9682,2.9703,2.9589,2.966,5049615.2
2025-09-10 09:15:00+00:00,2.966,2.9758,2.9634,2.9727,3204775.0
2025-09-10 09:30:00+00:00,2.9727,2.9763,2.9696,2.9702,2936231.6
2025-09-10 09:45:00+00:00,2.9701,2.9708,2.9663,2.9671,1444218.4
2025-09-10 10:00:00+00:00,2.9671,2.9683,2.9639,2.9657,2410380.6
2025-09-10 10:15:00+00:00,2.9657,2.9658,2.959,2.9639,3651881.6
2025-09-10 10:30:00+00:00,2.964,2.9681,2.9637,2.9653,1747071.9
2025-09-10 10:45:00+00:00,2.9653,2.966,2.9612,2.9629,1379797.1
2025-09-10 11:00:00+00:00,2.9629,2.9704,2.9612,2.9697,3039303.4
2025-09-10 11:15:00+00:00,2.9697,2.972,2.967,2.9697,2453391.3
2025-09-10 11:30:00+00:00,2.9697,2.9697,2.9646,2.966,2501101.4
2025-09-10 11:45:00+00:00,2.966,2.9716,2.9656,2.9697,1500499.4
2025-09-10 12:00:00+00:00,2.9697,2.9744,2.9693,2.9731,3189369.0
2025-09-10 12:15:00+00:00,2.9731,2.9763,2.9707,2.9742,2737915.1
2025-09-10 12:30:00+00:00,2.9742,3.0053,2.9742,2.9957,35561189.9
2025-09-10 12:45:00+00:00,2.9957,2.9983,2.9867,2.9979,9258220.7
2025-09-10 13:00:00+00:00,2.9978,3.02,2.9955,3.0105,12982181.6
2025-09-10 13:15:00+00:00,3.0104,3.0148,2.9966,3.0004,10101617.0
2025-09-10 13:30:00+00:00,3.0005,3.0089,2.9906,3.0072,8150895.0
2025-09-10 13:45:00+00:00,3.0073,3.0235,3.0027,3.0114,19085331.9
2025-09-10 14:00:00+00:00,3.0114,3.0191,3.0049,3.0122,8883164.3
2025-09-10 14:15:00+00:00,3.0123,3.0178,3.006,3.009,6781499.0
2025-09-10 14:30:00+00:00,3.009,3.0125,3.0002,3.0051,7078889.8
2025-09-10 14:45:00+00:00,3.005,3.0067,2.9963,2.9978,6704102.3
2025-09-10 15:00:00+00:00,2.9979,3.008,2.9967,3.0073,4601344.5
2025-09-10 15:15:00+00:00,3.0073,3.0087,2.9958,2.9984,4244815.6
2025-09-10 15:30:00+00:00,2.9985,3.0045,2.9929,3.0032,4160568.1
2025-09-10 15:45:00+00:00,3.0031,3.0055,2.9984,3.0015,3592847.7
2025-09-10 16:00:00+00:00,3.0016,3.0044,2.9914,2.9931,6433950.0
2025-09-10 16:15:00+00:00,2.9931,2.9984,2.9893,2.9983,6679091.3
2025-09-10 16:30:00+00:00,2.9983,2.9992,2.9918,2.9967,4170390.0
2025-09-10 16:45:00+00:00,2.9967,3.0041,2.9947,3.0041,3794953.9
2025-09-10 17:00:00+00:00,3.0041,3.0131,3.0011,3.0116,4762114.7
2025-09-10 17:15:00+00:00,3.0116,3.0124,2.9922,2.994,7879004.2
2025-09-10 17:30:00+00:00,2.994,3.0029,2.9907,3.0021,4842517.6
2025-09-10 17:45:00+00:00,3.0022,3.0048,2.9991,3.0024,2109272.0
2025-09-10 18:00:00+00:00,3.0023,3.0061,2.997,2.9996,3242834.5
2025-09-10 18:15:00+00:00,2.9997,2.9997,2.9875,2.9892,4565060.9
2025-09-10 18:30:00+00:00,2.9892,2.9958,2.9885,2.9926,2128865.2
2025-09-10 18:45:00+00:00,2.9926,3.0003,2.9903,2.9975,1924564.6
2025-09-10 19:00:00+00:00,2.9974,2.9984,2.989,2.9891,2705766.9
2025-09-10 19:15:00+00:00,2.9891,2.9897,2.9706,2.9738,10727319.9
2025-09-10 19:30:00+00:00,2.9738,2.9803,2.9656,2.9771,7451868.9
2025-09-10 19:45:00+00:00,2.9771,2.9804,2.9733,2.9772,2855694.9
2025-09-10 20:00:00+00:00,2.9772,2.9859,2.9764,2.9822,3740204.7
2025-09-10 20:15:00+00:00,2.9823,2.9847,2.9761,2.9767,2718836.3
2025-09-10 20:30:00+00:00,2.9768,2.9784,2.972,2.9773,1764910.8
2025-09-10 20:45:00+00:00,2.9773,2.9782,2.9711,2.9734,3115704.3
2025-09-10 21:00:00+00:00,2.9733,2.9777,2.9707,2.975,2197870.5
2025-09-10 21:15:00+00:00,2.9749,2.9806,2.9737,2.9765,2324286.4
2025-09-10 21:30:00+00:00,2.9765,2.9837,2.9751,2.977,1927579.2
2025-09-10 21:45:00+00:00,2.977,2.9809,2.9747,2.9796,1907885.1
2025-09-10 22:00:00+00:00,2.9796,2.984,2.9762,2.9833,2514116.1
2025-09-10 22:15:00+00:00,2.9833,2.9853,2.9801,2.982,1356845.6
2025-09-10 22:30:00+00:00,2.982,2.9824,2.9751,2.9771,1750578.6
2025-09-10 22:45:00+00:00,2.977,2.9793,2.9751,2.9771,1453768.6
2025-09-10 23:00:00+00:00,2.9771,2.9827,2.977,2.9795,1952026.5
2025-09-10 23:15:00+00:00,2.9796,2.9856,2.9795,2.9809,2786691.5
2025-09-10 23:30:00+00:00,2.9809,2.9844,2.98,2.9813,1393957.0
2025-09-10 23:45:00+00:00,2.9813,2.9844,2.979,2.9822,2283705.4
2025-09-11 00:00:00+00:00,2.9822,2.9823,2.9759,2.9782,4306018.5
2025-09-11 00:15:00+00:00,2.9782,2.9847,2.9772,2.9846,2315789.1
2025-09-11 00:30:00+00:00,2.9845,2.9876,2.9805,2.9833,2528509.2
2025-09-11 00:45:00+00:00,2.9833,2.9939,2.9833,2.989,3725874.0
2025-09-11 01:00:00+00:00,2.989,2.9964,2.988,2.996,3424661.6
2025-09-11 01:15:00+00:00,2.996,2.9966,2.9927,2.9929,2204835.0
2025-09-11 01:30:00+00:00,2.9929,2.9941,2.9882,2.9907,2763645.7
2025-09-11 01:45:00+00:00,2.9906,2.9951,2.9901,2.9941,1294324.1
2025-09-11 02:00:00+00:00,2.9941,2.9958,2.9912,2.9953,1205741.9
2025-09-11 02:15:00+00:00,2.9953,2.9963,2.9902,2.9905,2204305.4
2025-09-11 02:30:00+00:00,2.9905,2.9927,2.9865,2.9925,1932215.5
2025-09-11 02:45:00+00:00,2.9926,2.9929,2.9869,2.9869,1717894.8
2025-09-11 03:00:00+00:00,2.9869,2.9914,2.9867,2.9905,2020933.0
2025-09-11 03:15:00+00:00,2.9905,3.0075,2.9901,3.0043,5260862.9
2025-09-11 03:30:00+00:00,3.0044,3.006,2.9998,3.0015,2478142.3
2025-09-11 03:45:00+00:00,3.0015,3.0094,3.0013,3.0081,4916073.8
2025-09-11 04:00:00+00:00,3.0081,3.0098,3.0013,3.0023,3021387.9
2025-09-11 04:15:00+00:00,3.0023,3.0063,3.0002,3.0055,4065888.1
2025-09-11 04:30:00+00:00,3.0056,3.0134,3.0009,3.0132,3378707.2
2025-09-11 04:45:00+00:00,3.0131,3.0132,3.0073,3.0082,1911760.0
2025-09-11 05:00:00+00:00,3.0083,3.0095,3.0002,3.0008,2696616.6
2025-09-11 05:15:00+00:00,3.0008,3.0036,2.996,2.9964,3387008.3
2025-09-11 05:30:00+00:00,2.9963,3.0054,2.9958,3.0041,2927492.1
2025-09-11 05:45:00+00:00,3.004,3.008,3.001,3.0058,2549990.4
2025-09-11 06:00:00+00:00,3.0058,3.0058,2.995,2.9991,4561049.7
2025-09-11 06:15:00+00:00,2.999,3.0024,2.9954,3.0005,2948954.4
2025-09-11 06:30:00+00:00,3.0005,3.0036,3.0,3.0018,2071555.2
2025-09-11 06:45:00+00:00,3.0018,3.003,2.9985,2.9992,1839291.3
2025-09-11 07:00:00+00:00,2.9992,2.9995,2.9912,2.9942,4568100.6
2025-09-11 07:15:00+00:00,2.9942,2.9971,2.9901,2.9961,2617379.0
2025-09-11 07:30:00+00:00,2.9961,3.0001,2.9951,2.9994,1899080.1
2025-09-11 07:45:00+00:00,2.9994,3.0031,2.9989,3.0022,2281350.6
2025-09-11 08:00:00+00:00,3.0021,3.0022,2.9972,3.0013,2533721.1
2025-09-11 08:15:00+00:00,3.0014,3.002,2.9987,3.0009,1642509.9
2025-09-11 08:30:00+00:00,3.0009,3.0171,3.0006,3.0171,5662927.6
2025-09-11 08:45:00+00:00,3.0171,3.0193,3.01,3.015,8160597.7
2025-09-11 09:00:00+00:00,3.0151,3.0156,3.01,3.011,4533834.5
2025-09-11 09:15:00+00:00,3.011,3.0344,3.0104,3.0274,15332427.4
2025-09-11 09:30:00+00:00,3.0274,3.0274,3.0158,3.0236,7859458.8
2025-09-11 09:45:00+00:00,3.0236,3.0266,3.0151,3.0266,6048529.7
2025-09-11 10:00:00+00:00,3.0266,3.0318,3.0217,3.0222,5388393.4
2025-09-11 10:15:00+00:00,3.0222,3.0222,3.0107,3.0132,6207146.1
2025-09-11 10:30:00+00:00,3.0132,3.018,3.0115,3.0151,3641400.7
2025-09-11 10:45:00+00:00,3.0152,3.0197,3.015,3.015,3192245.6
2025-09-11 11:00:00+00:00,3.015,3.0155,3.011,3.0137,3243806.2
2025-09-11 11:15:00+00:00,3.0137,3.0139,3.0055,3.0066,4584074.8
2025-09-11 11:30:00+00:00,3.0067,3.0123,3.0022,3.0104,5332201.0
2025-09-11 11:45:00+00:00,3.0104,3.0122,3.0044,3.0064,3269525.1
2025-09-11 12:00:00+00:00,3.0064,3.022,3.0064,3.022,7587245.2
2025-09-11 12:15:00+00:00,3.022,3.0287,3.017,3.0286,7509382.5
2025-09-11 12:30:00+00:00,3.0287,3.035,2.9421,2.9959,78295664.0
2025-09-11 12:45:00+00:00,2.9959,3.008,2.9894,2.9969,13641565.4
2025-09-11 13:00:00+00:00,2.9969,2.9984,2.9748,2.979,14653337.2
2025-09-11 13:15:00+00:00,2.979,2.9928,2.9789,2.9888,8021663.3
2025-09-11 13:30:00+00:00,2.9888,3.009,2.9886,2.9947,9473291.9
2025-09-11 13:45:00+00:00,2.9946,3.0122,2.991,3.0108,7789708.1
2025-09-11 14:00:00+00:00,3.0109,3.0111,2.9946,2.9972,7334410.9
2025-09-11 14:15:00+00:00,2.9973,2.9976,2.9836,2.9917,7164256.9
2025-09-11 14:30:00+00:00,2.9916,3.0056,2.9908,3.0031,4283907.1
2025-09-11 14:45:00+00:00,3.003,3.005,2.9925,2.9976,3539725.6
2025-09-11 15:00:00+00:00,2.9976,2.9996,2.9912,2.9962,3496533.5
2025-09-11 15:15:00+00:00,2.9962,3.0046,2.9949,2.9952,4333388.7
2025-09-11 15:30:00+00:00,2.9953,2.9987,2.9899,2.9931,4044021.4
2025-09-11 15:45:00+00:00,2.9932,2.9965,2.9877,2.9932,4741135.6
2025-09-11 16:00:00+00:00,2.9932,3.0029,2.993,3.0016,3417358.7
2025-09-11 16:15:00+00:00,3.0017,3.0023,2.9897,2.99,3265888.7
2025-09-11 16:30:00+00:00,2.99,2.9976,2.9887,2.995,2406534.3
2025-09-11 16:45:00+00:00,2.995,2.9964,2.9881,2.9948,2241089.8
2025-09-11 17:00:00+00:00,2.9948,3.0011,2.9905,2.9988,3417427.2
2025-09-11 17:15:00+00:00,2.9987,3.0002,2.994,2.9951,1932913.5
2025-09-11 17:30:00+00:00,2.9951,3.0099,2.9945,3.0096,4101206.3
2025-09-11 17:45:00+00:00,3.0096,3.012,3.0044,3.012,4403915.3
2025-09-11 18:00:00+00:00,3.0119,3.0196,3.0109,3.0155,5915496.4
2025-09-11 18:15:00+00:00,3.0155,3.0188,3.0062,3.0083,4947622.3
2025-09-11 18:30:00+00:00,3.0084,3.0179,3.006,3.0176,2814438.1
2025-09-11 18:45:00+00:00,3.0175,3.0338,3.0155,3.0225,11236462.0
2025-09-11 19:00:00+00:00,3.0225,3.0328,3.0193,3.027,4954622.1
2025-09-11 19:15:00+00:00,3.027,3.031,3.0204,3.0295,3314749.5
2025-09-11 19:30:00+00:00,3.0295,3.031,3.0242,3.0264,4014523.0
2025-09-11 19:45:00+00:00,3.0264,3.032,3.02,3.0246,4286644.7
2025-09-11 20:00:00+00:00,3.0247,3.0283,3.0172,3.0186,4662916.6
2025-09-11 20:15:00+00:00,3.0186,3.0232,3.016,3.0169,3252206.6
2025-09-11 20:30:00+00:00,3.0169,3.0193,3.0113,3.012,2883838.7
2025-09-11 20:45:00+00:00,3.012,3.0144,3.01,3.0111,2253441.1
2025-09-11 21:00:00+00:00,3.0112,3.0228,3.0101,3.0191,3292748.8
2025-09-11 21:15:00+00:00,3.0192,3.0211,3.0136,3.0139,1618653.8
2025-09-11 21:30:00+00:00,3.014,3.0184,3.0123,3.0175,2761377.5
2025-09-11 21:45:00+00:00,3.0175,3.018,3.0122,3.0125,2753793.0
2025-09-11 22:00:00+00:00,3.0125,3.0188,3.0116,3.0153,3070710.8
2025-09-11 22:15:00+00:00,3.0152,3.0272,3.0133,3.0249,5330205.8
2025-09-11 22:30:00+00:00,3.0248,3.0276,3.0219,3.0241,3352736.7
2025-09-11 22:45:00+00:00,3.0241,3.0278,3.0231,3.0231,2594608.2
2025-09-11 23:00:00+00:00,3.0231,3.0428,3.0231,3.0423,10261480.8
2025-09-11 23:15:00+00:00,3.0422,3.0484,3.035,3.0415,8825090.7
2025-09-11 23:30:00+00:00,3.0415,3.042,3.0363,3.0413,3651353.0
2025-09-11 23:45:00+00:00,3.0413,3.0451,3.0384,3.0388,3022651.5
2025-09-12 00:00:00+00:00,3.0388,3.0424,3.0332,3.0337,5980186.9
2025-09-12 00:15:00+00:00,3.0337,3.048,3.0325,3.048,7362482.1
2025-09-12 00:30:00+00:00,3.048,3.0698,3.0459,3.0678,19420848.3
2025-09-12 00:45:00+00:00,3.0678,3.0712,3.0516,3.0531,19387862.6
2025-09-12 01:00:00+00:00,3.0531,3.0672,3.0528,3.0625,8527000.5
2025-09-12 01:15:00+00:00,3.0626,3.0643,3.0519,3.0553,4129898.8
2025-09-12 01:30:00+00:00,3.0553,3.0554,3.042,3.0456,5922107.4
2025-09-12 01:45:00+00:00,3.0456,3.0457,3.0364,3.0382,4222269.0
2025-09-12 02:00:00+00:00,3.0382,3.0449,3.037,3.04,4706871.6
2025-09-12 02:15:00+00:00,3.0401,3.0507,3.0395,3.0466,4341371.7
2025-09-12 02:30:00+00:00,3.0466,3.0533,3.0435,3.0497,2576558.3
2025-09-12 02:45:00+00:00,3.0498,3.0498,3.0413,3.0429,2917365.3
2025-09-12 03:00:00+00:00,3.043,3.0464,3.037,3.0381,3578358.0
2025-09-12 03:15:00+00:00,3.038,3.0406,3.0356,3.0367,2274089.8
2025-09-12 03:30:00+00:00,3.0366,3.0407,3.0308,3.0337,4390346.4
2025-09-12 03:45:00+00:00,3.0337,3.0373,3.0335,3.0358,2407164.5
2025-09-12 04:00:00+00:00,3.0358,3.0363,3.0274,3.034,3974169.1
2025-09-12 04:15:00+00:00,3.034,3.0456,3.034,3.0453,4039972.5
2025-09-12 04:30:00+00:00,3.0453,3.053,3.0449,3.0502,6467582.4
2025-09-12 04:45:00+00:00,3.0501,3.0549,3.0472,3.053,3896391.2
2025-09-12 05:00:00+00:00,3.053,3.053,3.0472,3.0496,2552209.4
2025-09-12 05:15:00+00:00,3.0496,3.0588,3.0492,3.055,3438193.7
2025-09-12 05:30:00+00:00,3.055,3.0666,3.051,3.0632,4970194.4
2025-09-12 05:45:00+00:00,3.0632,3.0726,3.0624,3.0714,9602654.9
2025-09-12 06:00:00+00:00,3.0714,3.0714,3.0582,3.0582,9265472.7
2025-09-12 06:15:00+00:00,3.0583,3.0654,3.055,3.0571,4224710.3
2025-09-12 06:30:00+00:00,3.057,3.0601,3.0525,3.0584,4148107.4
2025-09-12 06:45:00+00:00,3.0584,3.0584,3.0473,3.0505,5105525.2
2025-09-12 07:00:00+00:00,3.0506,3.0584,3.0489,3.0547,4202710.1
2025-09-12 07:15:00+00:00,3.0547,3.0589,3.0513,3.0528,2587274.3
2025-09-12 07:30:00+00:00,3.0528,3.0573,3.0462,3.0572,3925872.2
2025-09-12 07:45:00+00:00,3.0573,3.0718,3.0544,3.0659,10454616.0
2025-09-12 08:00:00+00:00,3.066,3.0699,3.0562,3.0566,7012451.9
2025-09-12 08:15:00+00:00,3.0566,3.0637,3.0468,3.0608,6661841.6
2025-09-12 08:30:00+00:00,3.0607,3.0613,3.0506,3.0514,4105835.8
2025-09-12 08:45:00+00:00,3.0514,3.0548,3.0482,3.054,3377506.0
2025-09-12 09:00:00+00:00,3.054,3.0561,3.0473,3.0531,3561324.4
2025-09-12 09:15:00+00:00,3.0532,3.0555,3.0466,3.0479,2149035.0
2025-09-12 09:30:00+00:00,3.0479,3.0514,3.0425,3.0445,3995905.6
2025-09-12 09:45:00+00:00,3.0445,3.0489,3.0428,3.0472,2603229.4
2025-09-12 10:00:00+00:00,3.0471,3.0489,3.0378,3.0432,5390048.1
2025-09-12 10:15:00+00:00,3.0431,3.047,3.0403,3.0403,3143757.2
2025-09-12 10:30:00+00:00,3.0403,3.0452,3.0397,3.0427,2687454.5
2025-09-12 10:45:00+00:00,3.0427,3.044,3.0397,3.0421,2275086.3
2025-09-12 11:00:00+00:00,3.042,3.0486,3.0393,3.045,2954612.6
2025-09-12 11:15:00+00:00,3.045,3.0512,3.0448,3.0499,4114254.2
2025-09-12 11:30:00+00:00,3.0499,3.0507,3.0454,3.047,2781162.9
2025-09-12 11:45:00+00:00,3.047,3.047,3.0358,3.0375,4614213.3
2025-09-12 12:00:00+00:00,3.0376,3.04,3.0241,3.0316,15790078.1
2025-09-12 12:15:00+00:00,3.0316,3.038,3.0305,3.036,7873321.7
2025-09-12 12:30:00+00:00,3.036,3.0365,3.029,3.0347,3936330.3
2025-09-12 12:45:00+00:00,3.0346,3.043,3.0334,3.0399,4741894.3
2025-09-12 13:00:00+00:00,3.0399,3.0436,3.0372,3.0386,4256483.3
2025-09-12 13:15:00+00:00,3.0386,3.0389,3.0333,3.0337,2412851.7
2025-09-12 13:30:00+00:00,3.0338,3.0415,3.0252,3.031,7508453.2
2025-09-12 13:45:00+00:00,3.0309,3.0439,3.028,3.0393,6274682.2
2025-09-12 14:00:00+00:00,3.0392,3.056,3.0331,3.0505,12773763.6
2025-09-12 14:15:00+00:00,3.0506,3.0642,3.0487,3.056,10093364.8
2025-09-12 14:30:00+00:00,3.056,3.0584,3.0335,3.0335,8586085.4
2025-09-12 14:45:00+00:00,3.0336,3.04,3.0322,3.0378,5467322.0
2025-09-12 15:00:00+00:00,3.0377,3.0384,3.0161,3.0195,11084805.5
2025-09-12 15:15:00+00:00,3.0195,3.0268,3.0169,3.0191,5161908.2
2025-09-12 15:30:00+00:00,3.0192,3.0263,3.0185,3.026,3600499.5
2025-09-12 15:45:00+00:00,3.026,3.0319,3.0245,3.0263,3828638.8
2025-09-12 16:00:00+00:00,3.0264,3.0339,3.0204,3.0318,7234364.1
2025-09-12 16:15:00+00:00,3.0318,3.0388,3.028,3.0367,4275354.7
2025-09-12 16:30:00+00:00,3.0367,3.0413,3.03,3.0314,4391026.1
2025-09-12 16:45:00+00:00,3.0314,3.0399,3.0281,3.0398,2119276.8
2025-09-12 17:00:00+00:00,3.0399,3.0455,3.034,3.0438,3350702.2
2025-09-12 17:15:00+00:00,3.0438,3.0657,3.0438,3.0598,14727112.4
2025-09-12 17:30:00+00:00,3.0598,3.0721,3.0564,3.0691,11264509.3
2025-09-12 17:45:00+00:00,3.0692,3.0706,3.0579,3.0643,7449684.0
2025-09-12 18:00:00+00:00,3.0643,3.07,3.0588,3.0673,5751153.1
2025-09-12 18:15:00+00:00,3.0672,3.0703,3.0624,3.0678,4683100.9
2025-09-12 18:30:00+00:00,3.0678,3.0767,3.067,3.0732,7952412.1
2025-09-12 18:45:00+00:00,3.0732,3.0781,3.0711,3.0779,5962071.3
2025-09-12 19:00:00+00:00,3.0779,3.078,3.0689,3.0704,3984465.0
2025-09-12 19:15:00+00:00,3.0704,3.0732,3.0653,3.0731,4567101.8
2025-09-12 19:30:00+00:00,3.0731,3.0777,3.0692,3.0777,4658586.0
2025-09-12 19:45:00+00:00,3.0776,3.0926,3.0776,3.0886,11674063.3
2025-09-12 20:00:00+00:00,3.0885,3.103,3.081,3.0977,15551669.0
2025-09-12 20:15:00+00:00,3.0977,3.1084,3.0876,3.0957,13920878.6
2025-09-12 20:30:00+00:00,3.0958,3.0994,3.0886,3.0985,4843762.8
2025-09-12 20:45:00+00:00,3.0985,3.1372,3.0985,3.1221,22768254.2
2025-09-12 21:00:00+00:00,3.1222,3.1255,3.0938,3.1034,16689314.8
2025-09-12 21:15:00+00:00,3.1034,3.1083,3.0959,3.0972,4842407.7
2025-09-12 21:30:00+00:00,3.0973,3.1002,3.084,3.0997,6992958.4
2025-09-12 21:45:00+00:00,3.0998,3.0998,3.093,3.093,1834650.4
2025-09-12 22:00:00+00:00,3.093,3.1109,3.093,3.1098,5906916.9
2025-09-12 22:15:00+00:00,3.1098,3.1253,3.1094,3.1218,10659071.1
2025-09-12 22:30:00+00:00,3.1217,3.1222,3.1026,3.1057,7446158.2
2025-09-12 22:45:00+00:00,3.1057,3.1162,3.1021,3.1104,5965924.3
2025-09-12 23:00:00+00:00,3.1103,3.1122,3.1034,3.1057,3808091.0
2025-09-12 23:15:00+00:00,3.1058,3.1077,3.099,3.104,4214618.0
2025-09-12 23:30:00+00:00,3.104,3.105,3.0995,3.0995,2561923.2
2025-09-12 23:45:00+00:00,3.0996,3.1094,3.0992,3.1046,2785645.1
2025-09-13 00:00:00+00:00,3.1046,3.1064,3.0952,3.0994,5070206.3
2025-09-13 00:15:00+00:00,3.0993,3.105,3.0918,3.0931,4015132.9
2025-09-13 00:30:00+00:00,3.093,3.102,3.0925,3.1001,3677496.9
2025-09-13 00:45:00+00:00,3.1,3.105,3.099,3.102,4473881.9
2025-09-13 01:00:00+00:00,3.102,3.1135,3.102,3.1076,5151869.7
2025-09-13 01:15:00+00:00,3.1077,3.1208,3.1076,3.1099,5889367.0
2025-09-13 01:30:00+00:00,3.1099,3.1239,3.1052,3.1053,8098677.7
2025-09-13 01:45:00+00:00,3.1053,3.1056,3.0927,3.0962,4782605.0
2025-09-13 02:00:00+00:00,3.0962,3.1063,3.0888,3.1044,5452261.8
2025-09-13 02:15:00+00:00,3.1044,3.1062,3.1004,3.1016,2297476.6
2025-09-13 02:30:00+00:00,3.1016,3.103,3.0965,3.103,1991082.6
2025-09-13 02:45:00+00:00,3.103,3.1038,3.098,3.1017,2204602.6
2025-09-13 03:00:00+00:00,3.1017,3.1062,3.0994,3.1033,2254355.7
2025-09-13 03:15:00+00:00,3.1034,3.1136,3.103,3.1119,4020497.6
2025-09-13 03:30:00+00:00,3.1119,3.1168,3.1082,3.113,3091936.7
2025-09-13 03:45:00+00:00,3.113,3.1153,3.1106,3.1135,2391174.3
2025-09-13 04:00:00+00:00,3.1134,3.1157,3.1096,3.1127,3908191.7
2025-09-13 04:15:00+00:00,3.1128,3.113,3.1075,3.1076,2028105.6
2025-09-13 04:30:00+00:00,3.1076,3.1118,3.1069,3.1117,1776244.3
2025-09-13 04:45:00+00:00,3.1117,3.1123,3.1044,3.105,2043759.0
2025-09-13 05:00:00+00:00,3.1051,3.1066,3.1006,3.1064,2241001.1
2025-09-13 05:15:00+00:00,3.1064,3.1124,3.103,3.1108,2287697.8
2025-09-13 05:30:00+00:00,3.1107,3.1107,3.0983,3.1011,3677037.3
2025-09-13 05:45:00+00:00,3.1011,3.103,3.0984,3.1002,2085521.0
2025-09-13 06:00:00+00:00,3.1002,3.113,3.0994,3.1101,4740426.7
2025-09-13 06:15:00+00:00,3.1102,3.1111,3.1037,3.1067,2058331.6
2025-09-13 06:30:00+00:00,3.1067,3.1108,3.1055,3.1083,2281366.4
2025-09-13 06:45:00+00:00,3.1083,3.1155,3.1076,3.1153,3856579.4
2025-09-13 07:00:00+00:00,3.1152,3.1197,3.1111,3.1196,3055367.3
2025-09-13 07:15:00+00:00,3.1197,3.1214,3.1133,3.1138,4528589.7
2025-09-13 07:30:00+00:00,3.1139,3.1193,3.1135,3.1149,1809558.0
2025-09-13 07:45:00+00:00,3.1149,3.1184,3.114,3.1161,1640440.0
2025-09-13 08:00:00+00:00,3.116,3.1167,3.1093,3.1136,3753491.5
2025-09-13 08:15:00+00:00,3.1135,3.1227,3.1114,3.122,3136391.7
2025-09-13 08:30:00+00:00,3.122,3.1413,3.1217,3.1384,11624606.3
2025-09-13 08:45:00+00:00,3.1384,3.145,3.1348,3.1429,9308509.0
2025-09-13 09:00:00+00:00,3.1429,3.1708,3.1385,3.1648,27423917.8
2025-09-13 09:15:00+00:00,3.1649,3.1702,3.1584,3.1616,12506877.1
2025-09-13 09:30:00+00:00,3.1616,3.1743,3.1597,3.1738,9632652.2
2025-09-13 09:45:00+00:00,3.1738,3.1844,3.1688,3.1791,14085604.1
2025-09-13 10:00:00+00:00,3.179,3.1792,3.1622,3.1729,11974096.1
2025-09-13 10:15:00+00:00,3.173,3.1855,3.1705,3.1711,10136013.5
2025-09-13 10:30:00+00:00,3.1711,3.1722,3.1593,3.1675,8647521.2
2025-09-13 10:45:00+00:00,3.1675,3.1702,3.1601,3.1628,5428082.0
2025-09-13 11:00:00+00:00,3.1628,3.1628,3.1525,3.1536,6615865.9
2025-09-13 11:15:00+00:00,3.1536,3.1648,3.1492,3.1644,6587820.0
2025-09-13 11:30:00+00:00,3.1645,3.1716,3.1618,3.1698,5362137.9
2025-09-13 11:45:00+00:00,3.1698,3.176,3.1657,3.1719,5751528.2
2025-09-13 12:00:00+00:00,3.1719,3.177,3.1636,3.1762,5753810.7
2025-09-13 12:15:00+00:00,3.1762,3.181,3.1666,3.1669,5085186.9
2025-09-13 12:30:00+00:00,3.1669,3.172,3.1652,3.1678,2932688.6
2025-09-13 12:45:00+00:00,3.1678,3.1712,3.1652,3.17,2372221.8
2025-09-13 13:00:00+00:00,3.17,3.1703,3.1575,3.1647,4686235.0
2025-09-13 13:15:00+00:00,3.1647,3.1784,3.1587,3.174,6006414.2
2025-09-13 13:30:00+00:00,3.174,3.1742,3.1617,3.1621,5315260.4
2025-09-13 13:45:00+00:00,3.1622,3.1658,3.1156,3.1416,33250512.8
2025-09-13 14:00:00+00:00,3.1417,3.1445,3.1203,3.1371,16228217.4
2025-09-13 14:15:00+00:00,3.1371,3.1561,3.1363,3.1525,7217127.5
2025-09-13 14:30:00+00:00,3.1525,3.1556,3.1396,3.1442,5438538.5
2025-09-13 14:45:00+00:00,3.1441,3.1513,3.1379,3.1463,3639680.3
2025-09-13 15:00:00+00:00,3.1464,3.1558,3.1435,3.153,3765280.2
2025-09-13 15:15:00+00:00,3.1531,3.1562,3.1392,3.1418,4452819.8
2025-09-13 15:30:00+00:00,3.1418,3.1424,3.12,3.1323,11504197.4
2025-09-13 15:45:00+00:00,3.1323,3.1359,3.1274,3.133,4098012.6
2025-09-13 16:00:00+00:00,3.133,3.1415,3.1261,3.1302,8570942.7
2025-09-13 16:15:00+00:00,3.1302,3.1368,3.1235,3.132,6712416.1
2025-09-13 16:30:00+00:00,3.132,3.1359,3.1129,3.1259,9169962.7
2025-09-13 16:45:00+00:00,3.1259,3.1275,3.1052,3.11,15073658.8
2025-09-13 17:00:00+00:00,3.11,3.1132,3.0888,3.0893,22244698.7
2025-09-13 17:15:00+00:00,3.0893,3.1097,3.0882,3.1047,6823583.3
2025-09-13 17:30:00+00:00,3.1047,3.1148,3.1031,3.1112,4848749.2
2025-09-13 17:45:00+00:00,3.1111,3.1175,3.1106,3.1121,2702415.0
2025-09-13 18:00:00+00:00,3.112,3.1125,3.1008,3.1118,3415209.6
2025-09-13 18:15:00+00:00,3.1117,3.1177,3.1056,3.1151,3341443.6
2025-09-13 18:30:00+00:00,3.1152,3.1152,3.1056,3.1126,2728752.2
2025-09-13 18:45:00+00:00,3.1126,3.116,3.1106,3.1139,1932072.3
2025-09-13 19:00:00+00:00,3.114,3.117,3.1084,3.113,2996528.3
2025-09-13 19:15:00+00:00,3.1129,3.1142,3.1069,3.1084,2503036.3
2025-09-13 19:30:00+00:00,3.1084,3.1143,3.108,3.112,1712578.1
2025-09-13 19:45:00+00:00,3.1121,3.1136,3.1088,3.11,1513626.4
2025-09-13 20:00:00+00:00,3.11,3.1208,3.1078,3.1187,7272687.4
2025-09-13 20:15:00+00:00,3.1186,3.1205,3.1145,3.1182,3152766.0
2025-09-13 20:30:00+00:00,3.1182,3.1211,3.1133,3.1145,2180464.9
2025-09-13 20:45:00+00:00,3.1145,3.12,3.1145,3.1163,2426192.7
2025-09-13 21:00:00+00:00,3.1163,3.1234,3.1157,3.1215,2838867.2
2025-09-13 21:15:00+00:00,3.1215,3.1269,3.1203,3.123,4159316.9
2025-09-13 21:30:00+00:00,3.123,3.124,3.1206,3.122,1636876.4
2025-09-13 21:45:00+00:00,3.1219,3.1222,3.1159,3.1188,1890092.9
2025-09-13 22:00:00+00:00,3.1188,3.1224,3.1168,3.1205,2193063.0
2025-09-13 22:15:00+00:00,3.1206,3.1206,3.1156,3.118,1332604.3
2025-09-13 22:30:00+00:00,3.1181,3.1181,3.1125,3.1151,2176378.4
2025-09-13 22:45:00+00:00,3.1152,3.1203,3.1139,3.1192,2968343.1
2025-09-13 23:00:00+00:00,3.1192,3.1241,3.1187,3.1226,2131132.6
2025-09-13 23:15:00+00:00,3.1225,3.1264,3.1188,3.1199,4563140.9
2025-09-13 23:30:00+00:00,3.1199,3.1203,3.1169,3.1198,1730296.6
2025-09-13 23:45:00+00:00,3.1197,3.1215,3.118,3.1181,1553098.9
2025-09-14 00:00:00+00:00,3.118,3.1187,3.1145,3.1163,3546419.8
2025-09-14 00:15:00+00:00,3.1162,3.1197,3.1129,3.1146,2795901.2
2025-09-14 00:30:00+00:00,3.1146,3.1174,3.1132,3.114,2457577.4
2025-09-14 00:45:00+00:00,3.114,3.1148,3.101,3.1095,7846378.0
2025-09-14 01:00:00+00:00,3.1095,3.1095,3.0902,3.0905,8672749.0
2025-09-14 01:15:00+00:00,3.0905,3.0982,3.0824,3.0944,10529757.0
2025-09-14 01:30:00+00:00,3.0944,3.1025,3.0927,3.1025,3829191.5
2025-09-14 01:45:00+00:00,3.1025,3.1168,3.1005,3.1141,5814489.6
2025-09-14 02:00:00+00:00,3.114,3.1254,3.112,3.1254,5999044.2
2025-09-14 02:15:00+00:00,3.1253,3.1259,3.1166,3.1172,3834813.9
2025-09-14 02:30:00+00:00,3.1173,3.119,3.1046,3.1127,8582947.8
2025-09-14 02:45:00+00:00,3.1126,3.1253,3.1082,3.1213,6236100.2
2025-09-14 03:00:00+00:00,3.1214,3.1229,3.1077,3.1127,5890186.6
2025-09-14 03:15:00+00:00,3.1126,3.1163,3.1044,3.105,7115475.1
2025-09-14 03:30:00+00:00,3.1049,3.1118,3.1046,3.1053,2448047.3
2025-09-14 03:45:00+00:00,3.1053,3.1077,3.0908,3.094,6931724.0
2025-09-14 04:00:00+00:00,3.094,3.0964,3.0868,3.0882,6027268.2
2025-09-14 04:15:00+00:00,3.0882,3.0969,3.0744,3.0924,12535660.8
2025-09-14 04:30:00+00:00,3.0924,3.1031,3.092,3.1025,4158425.6
2025-09-14 04:45:00+00:00,3.1025,3.103,3.0952,3.0978,2583585.2
2025-09-14 05:00:00+00:00,3.0979,3.1012,3.0961,3.0991,1714418.4
2025-09-14 05:15:00+00:00,3.0991,3.1041,3.0986,3.1037,1392553.7
2025-09-14 05:30:00+00:00,3.1037,3.1058,3.1005,3.1026,3183837.9
2025-09-14 05:45:00+00:00,3.1027,3.1073,3.1026,3.1063,1972976.0
2025-09-14 06:00:00+00:00,3.1063,3.1077,3.0933,3.0962,4648525.2
2025-09-14 06:15:00+00:00,3.0961,3.0991,3.0927,3.0958,2598736.4
2025-09-14 06:30:00+00:00,3.0958,3.096,3.0871,3.088,4853227.5
2025-09-14 06:45:00+00:00,3.088,3.0911,3.0819,3.0908,4106226.0
2025-09-14 07:00:00+00:00,3.0909,3.0909,3.0825,3.0868,2620143.7
2025-09-14 07:15:00+00:00,3.0869,3.0902,3.0847,3.088,2262368.4
2025-09-14 07:30:00+00:00,3.088,3.0892,3.0848,3.0848,2134994.9
2025-09-14 07:45:00+00:00,3.0848,3.087,3.0736,3.0829,7850449.3
2025-09-14 08:00:00+00:00,3.0829,3.0829,3.0761,3.0809,3979336.9
2025-09-14 08:15:00+00:00,3.0809,3.0843,3.0736,3.0818,3547948.6
2025-09-14 08:30:00+00:00,3.0817,3.0887,3.0797,3.088,2835340.4
2025-09-14 08:45:00+00:00,3.0881,3.0891,3.0822,3.0833,2357837.8
2025-09-14 09:00:00+00:00,3.0833,3.0844,3.08,3.0831,2086742.0
2025-09-14 09:15:00+00:00,3.0831,3.0893,3.0809,3.0884,2877748.5
2025-09-14 09:30:00+00:00,3.0885,3.0943,3.0858,3.0866,3730222.8
2025-09-14 09:45:00+00:00,3.0867,3.0895,3.0855,3.0887,1805631.6
2025-09-14 10:00:00+00:00,3.0888,3.0902,3.0814,3.0815,2785619.3
2025-09-14 10:15:00+00:00,3.0815,3.0874,3.0794,3.0798,2594989.9
2025-09-14 10:30:00+00:00,3.0797,3.0842,3.0797,3.0829,1752887.6
2025-09-14 10:45:00+00:00,3.0829,3.0859,3.0811,3.0836,1401564.0
2025-09-14 11:00:00+00:00,3.0837,3.0866,3.0805,3.0825,1819337.7
2025-09-14 11:15:00+00:00,3.0825,3.0836,3.0657,3.0673,11254441.5
2025-09-14 11:30:00+00:00,3.0674,3.0688,3.0564,3.0575,11998761.9
2025-09-14 11:45:00+00:00,3.0576,3.064,3.053,3.0577,7275992.6
2025-09-14 12:00:00+00:00,3.0576,3.0654,3.057,3.0631,5113627.2
2025-09-14 12:15:00+00:00,3.063,3.0639,3.0554,3.0607,4991372.6
2025-09-14 12:30:00+00:00,3.0607,3.0625,3.0461,3.0476,7334151.6
2025-09-14 12:45:00+00:00,3.0476,3.0515,3.038,3.049,11159493.7
2025-09-14 13:00:00+00:00,3.049,3.0517,3.0416,3.05,4682923.8
2025-09-14 13:15:00+00:00,3.05,3.0515,3.0395,3.0431,4969092.5
2025-09-14 13:30:00+00:00,3.043,3.0486,3.0385,3.0481,5238196.4
2025-09-14 13:45:00+00:00,3.048,3.0483,3.0232,3.0357,15625181.3
2025-09-14 14:00:00+00:00,3.0357,3.0483,3.0322,3.0444,5975416.1
2025-09-14 14:15:00+00:00,3.0444,3.0448,3.0201,3.0269,19801240.0
2025-09-14 14:30:00+00:00,3.0269,3.0315,3.0088,3.0113,19170587.5
2025-09-14 14:45:00+00:00,3.0114,3.0251,3.0082,3.0235,9823616.6
2025-09-14 15:00:00+00:00,3.0234,3.0274,3.0125,3.0168,7051694.7
2025-09-14 15:15:00+00:00,3.0169,3.0329,3.0169,3.0308,9660565.8
2025-09-14 15:30:00+00:00,3.0307,3.0374,3.0261,3.0293,5654221.8
2025-09-14 15:45:00+00:00,3.0293,3.0327,3.0268,3.0295,3293267.6
2025-09-14 16:00:00+00:00,3.0295,3.0414,3.0266,3.0359,6930570.4
2025-09-14 16:15:00+00:00,3.036,3.0428,3.0343,3.0414,3699940.9
2025-09-14 16:30:00+00:00,3.0414,3.0451,3.0384,3.0449,3465659.9
2025-09-14 16:45:00+00:00,3.0449,3.0458,3.0391,3.0417,3236194.9
2025-09-14 17:00:00+00:00,3.0417,3.0442,3.0369,3.0431,2623846.5
2025-09-14 17:15:00+00:00,3.0432,3.0524,3.0431,3.0516,4607853.5
2025-09-14 17:30:00+00:00,3.0517,3.0552,3.0499,3.0524,3688909.9
2025-09-14 17:45:00+00:00,3.0524,3.058,3.0523,3.0525,3474349.2
2025-09-14 18:00:00+00:00,3.0525,3.0531,3.0464,3.0475,3126500.2
2025-09-14 18:15:00+00:00,3.0474,3.0486,3.0407,3.0417,3368253.6
2025-09-14 18:30:00+00:00,3.0417,3.0442,3.0368,3.0377,2580210.5
2025-09-14 18:45:00+00:00,3.0376,3.0395,3.0312,3.0352,3910414.6
2025-09-14 19:00:00+00:00,3.0351,3.0403,3.0282,3.0383,4163462.8
2025-09-14 19:15:00+00:00,3.0382,3.0446,3.0375,3.0433,3962897.1
2025-09-14 19:30:00+00:00,3.0433,3.0458,3.0357,3.0385,4265962.4
2025-09-14 19:45:00+00:00,3.0386,3.0414,3.0315,3.0363,2617570.1
2025-09-14 20:00:00+00:00,3.0363,3.042,3.034,3.0406,2392621.5
2025-09-14 20:15:00+00:00,3.0406,3.0421,3.0366,3.0377,1362139.5
2025-09-14 20:30:00+00:00,3.0377,3.0395,3.0327,3.0392,1510874.8
2025-09-14 20:45:00+00:00,3.0392,3.04,3.0355,3.0366,1803505.5
2025-09-14 21:00:00+00:00,3.0367,3.0393,3.0252,3.0329,3175589.2
2025-09-14 21:15:00+00:00,3.0328,3.0396,3.0318,3.0363,2550297.7
2025-09-14 21:30:00+00:00,3.0362,3.0463,3.0362,3.0462,1997656.1
2025-09-14 21:45:00+00:00,3.0463,3.0513,3.0434,3.0468,3568530.8
2025-09-14 22:00:00+00:00,3.0469,3.0489,3.0384,3.039,4417521.6
2025-09-14 22:15:00+00:00,3.0391,3.0431,3.0374,3.0429,1475639.0
2025-09-14 22:30:00+00:00,3.043,3.0535,3.042,3.0512,4627496.7
2025-09-14 22:45:00+00:00,3.0512,3.056,3.0486,3.0494,3254161.8
2025-09-14 23:00:00+00:00,3.0494,3.0494,3.0325,3.0331,6675593.3
2025-09-14 23:15:00+00:00,3.0331,3.0382,3.0277,3.0308,4946405.7
2025-09-14 23:30:00+00:00,3.0308,3.0313,3.0236,3.0303,3442064.4
2025-09-14 23:45:00+00:00,3.0304,3.032,3.0237,3.0266,2871147.2
2025-09-15 00:00:00+00:00,3.0265,3.0374,3.0256,3.0345,4438483.4
2025-09-15 00:15:00+00:00,3.0344,3.0436,3.0276,3.0422,2987024.4
2025-09-15 00:30:00+00:00,3.0422,3.043,3.0324,3.0332,2837256.4
2025-09-15 00:45:00+00:00,3.0332,3.0393,3.0315,3.0336,2538994.6
2025-09-15 01:00:00+00:00,3.0335,3.0349,3.0173,3.0174,4388479.4
2025-09-15 01:15:00+00:00,3.0173,3.0312,3.0105,3.0312,7396545.7
2025-09-15 01:30:00+00:00,3.0312,3.0468,3.0309,3.041,6799761.7
2025-09-15 01:45:00+00:00,3.0411,3.0462,3.0356,3.0385,2577444.3
2025-09-15 02:00:00+00:00,3.0385,3.0478,3.0384,3.046,3578053.5
2025-09-15 02:15:00+00:00,3.0459,3.0485,3.0403,3.0409,2295805.6
2025-09-15 02:30:00+00:00,3.0409,3.0409,3.0312,3.0364,2409079.0
2025-09-15 02:45:00+00:00,3.0364,3.0407,3.033,3.0345,1564207.4
2025-09-15 03:00:00+00:00,3.0345,3.0452,3.0332,3.0428,2271524.8
2025-09-15 03:15:00+00:00,3.0428,3.0454,3.0387,3.0408,2185949.3
2025-09-15 03:30:00+00:00,3.0407,3.0468,3.0383,3.0451,1579520.2
2025-09-15 03:45:00+00:00,3.0451,3.0515,3.0451,3.0468,2090100.8
2025-09-15 04:00:00+00:00,3.0468,3.0493,3.0431,3.0445,2439162.0
2025-09-15 04:15:00+00:00,3.0445,3.0567,3.0422,3.0519,5105532.5
2025-09-15 04:30:00+00:00,3.052,3.0545,3.0482,3.0523,2230959.0
2025-09-15 04:45:00+00:00,3.0524,3.0555,3.0485,3.0496,2039715.0
2025-09-15 05:00:00+00:00,3.0497,3.0597,3.0475,3.059,2775535.0
2025-09-15 05:15:00+00:00,3.059,3.0647,3.0569,3.0621,6024921.6
2025-09-15 05:30:00+00:00,3.062,3.064,3.0595,3.0599,2150631.9
2025-09-15 05:45:00+00:00,3.0599,3.0655,3.0594,3.0646,2921310.8
2025-09-15 06:00:00+00:00,3.0646,3.065,3.0584,3.0596,4143684.1
2025-09-15 06:15:00+00:00,3.0597,3.0597,3.0444,3.0454,7555949.4
2025-09-15 06:30:00+00:00,3.0453,3.0485,3.0289,3.0337,8604079.4
2025-09-15 06:45:00+00:00,3.0337,3.0356,3.0229,3.0339,6516134.6
2025-09-15 07:00:00+00:00,3.0338,3.0415,3.0328,3.0411,4076055.8
2025-09-15 07:15:00+00:00,3.0412,3.0471,3.0336,3.0339,4994244.7
2025-09-15 07:30:00+00:00,3.0339,3.0339,3.0101,3.022,15893831.4
2025-09-15 07:45:00+00:00,3.0221,3.0274,3.0183,3.0213,6925246.3
2025-09-15 08:00:00+00:00,3.0212,3.0224,2.967,2.9888,53304418.1
2025-09-15 08:15:00+00:00,2.9888,2.994,2.9809,2.9841,10929643.7
2025-09-15 08:30:00+00:00,2.9842,2.9897,2.9727,2.98,10228244.7
2025-09-15 08:45:00+00:00,2.98,2.9807,2.954,2.958,23349749.6
2025-09-15 09:00:00+00:00,2.958,2.9807,2.9518,2.9718,19763791.5
2025-09-15 09:15:00+00:00,2.9717,2.9811,2.9651,2.9777,9876400.0
2025-09-15 09:30:00+00:00,2.9777,2.9827,2.9758,2.9795,4770291.0
2025-09-15 09:45:00+00:00,2.9796,2.9804,2.9742,2.9758,4238775.6
2025-09-15 10:00:00+00:00,2.9758,2.9766,2.9653,2.9685,5572527.3
2025-09-15 10:15:00+00:00,2.9684,2.9742,2.9665,2.9723,4074781.5
2025-09-15 10:30:00+00:00,2.9723,2.9779,2.9671,2.9763,3543589.4
2025-09-15 10:45:00+00:00,2.9763,2.9804,2.9733,2.9779,3281587.5
2025-09-15 11:00:00+00:00,2.9779,2.988,2.9756,2.9879,5034817.3
2025-09-15 11:15:00+00:00,2.988,2.9936,2.9826,2.9881,5895813.5
2025-09-15 11:30:00+00:00,2.988,2.9939,2.9853,2.9921,3683746.1
2025-09-15 11:45:00+00:00,2.9922,2.9988,2.9893,2.9976,4449215.8
2025-09-15 12:00:00+00:00,2.9976,2.9989,2.9851,2.9922,5406140.0
2025-09-15 12:15:00+00:00,2.9922,2.9991,2.9863,2.9866,3747429.5
2025-09-15 12:30:00+00:00,2.9866,2.9951,2.9859,2.9941,3424016.2
2025-09-15 12:45:00+00:00,2.9941,2.9973,2.9854,2.9881,7237107.3
2025-09-15 13:00:00+00:00,2.9881,2.9926,2.9828,2.9906,5632036.9
2025-09-15 13:15:00+00:00,2.9907,3.0064,2.9872,3.0055,5155004.9
2025-09-15 13:30:00+00:00,3.0056,3.0419,3.005,3.0156,29120711.0
2025-09-15 13:45:00+00:00,3.0155,3.035,3.0136,3.0208,12964885.6
2025-09-15 14:00:00+00:00,3.0208,3.0268,3.0046,3.0256,12894554.7
2025-09-15 14:15:00+00:00,3.0255,3.0295,3.0133,3.0271,7268982.0
2025-09-15 14:30:00+00:00,3.0271,3.0283,3.0055,3.0123,6753286.4
2025-09-15 14:45:00+00:00,3.0124,3.0175,3.0033,3.0041,5076713.9
2025-09-15 15:00:00+00:00,3.0042,3.0145,3.0039,3.0067,5835495.2
2025-09-15 15:15:00+00:00,3.0067,3.0394,2.9988,3.0245,24879237.4
2025-09-15 15:30:00+00:00,3.0246,3.0254,3.0059,3.0094,16020480.5
2025-09-15 15:45:00+00:00,3.0093,3.0292,3.005,3.0263,10370530.7
2025-09-15 16:00:00+00:00,3.0262,3.0347,3.0208,3.0233,13107767.7
2025-09-15 16:15:00+00:00,3.0234,3.0278,3.0125,3.0169,7065985.7
2025-09-15 16:30:00+00:00,3.0168,3.025,3.0137,3.0249,4510275.4
2025-09-15 16:45:00+00:00,3.0249,3.0257,3.0008,3.0048,6651560.2
2025-09-15 17:00:00+00:00,3.0049,3.0136,3.0031,3.0109,4275103.1
2025-09-15 17:15:00+00:00,3.011,3.0155,2.9944,2.9999,7663525.9
2025-09-15 17:30:00+00:00,3.0,3.0047,2.9908,3.0029,6286859.0
2025-09-15 17:45:00+00:00,3.0029,3.0086,2.9951,3.0078,4722480.7
2025-09-15 18:00:00+00:00,3.0078,3.0087,2.9961,3.0,3535218.5
2025-09-15 18:15:00+00:00,3.0,3.0029,2.9939,2.9962,3557456.4
2025-09-15 18:30:00+00:00,2.9962,3.0031,2.9951,2.9967,2511566.6
2025-09-15 18:45:00+00:00,2.9967,3.0103,2.9942,3.007,3394168.0
2025-09-15 19:00:00+00:00,3.007,3.015,2.9988,3.0008,4045534.8
2025-09-15 19:15:00+00:00,3.0009,3.0014,2.9923,2.9934,3818282.2
2025-09-15 19:30:00+00:00,2.9933,3.0018,2.9843,3.0004,7425213.1
2025-09-15 19:45:00+00:00,3.0003,3.0024,2.986,2.9864,6510115.2
2025-09-15 20:00:00+00:00,2.9864,2.9963,2.9785,2.9946,7628984.9
2025-09-15 20:15:00+00:00,2.9945,2.9963,2.9864,2.9888,2554705.8
2025-09-15 20:30:00+00:00,2.9888,2.9902,2.9848,2.9895,1707081.5
2025-09-15 20:45:00+00:00,2.9895,2.9973,2.9883,2.9966,1920528.3
2025-09-15 21:00:00+00:00,2.9967,2.9978,2.9886,2.9903,1909319.0
2025-09-15 21:15:00+00:00,2.9904,2.9988,2.9899,2.9987,1497514.3
2025-09-15 21:30:00+00:00,2.9987,3.0029,2.996,3.0015,1498728.2
2025-09-15 21:45:00+00:00,3.0014,3.0027,2.9975,2.9978,1898665.5
2025-09-15 22:00:00+00:00,2.9978,2.9998,2.9871,2.9918,6498106.3
2025-09-15 22:15:00+00:00,2.9919,2.9967,2.9902,2.9953,1570571.3
2025-09-15 22:30:00+00:00,2.9953,2.996,2.9856,2.9877,1823909.1
2025-09-15 22:45:00+00:00,2.9878,2.9904,2.9858,2.9899,1700634.8
2025-09-15 23:00:00+00:00,2.99,2.99,2.9837,2.9872,1787361.1
2025-09-15 23:15:00+00:00,2.9872,2.9963,2.9863,2.9956,1914387.7
2025-09-15 23:30:00+00:00,2.9956,2.9972,2.9926,2.9937,2670894.5
2025-09-15 23:45:00+00:00,2.9938,2.9965,2.9904,2.9957,1522032.4
2025-09-16 00:00:00+00:00,2.9957,2.9957,2.9876,2.9877,5057627.1
2025-09-16 00:15:00+00:00,2.9877,2.9905,2.9786,2.9814,5222231.1
2025-09-16 00:30:00+00:00,2.9814,2.9856,2.9801,2.9835,2464800.6
2025-09-16 00:45:00+00:00,2.9834,2.985,2.9756,2.9849,3779261.8
2025-09-16 01:00:00+00:00,2.985,2.9973,2.984,2.9909,3527986.3
2025-09-16 01:15:00+00:00,2.9909,2.998,2.9907,2.9942,2786589.5
2025-09-16 01:30:00+00:00,2.9942,2.997,2.9856,2.9872,3889576.5
2025-09-16 01:45:00+00:00,2.9872,2.9932,2.9819,2.9837,3690169.0
2025-09-16 02:00:00+00:00,2.9836,2.9893,2.9804,2.9872,2238146.7
2025-09-16 02:15:00+00:00,2.9873,2.9922,2.9847,2.9849,1724133.3
2025-09-16 02:30:00+00:00,2.9849,2.9908,2.9822,2.9835,1698621.4
2025-09-16 02:45:00+00:00,2.9835,2.984,2.9782,2.9782,1813360.0
2025-09-16 03:00:00+00:00,2.9782,2.9828,2.977,2.9794,2258724.8
2025-09-16 03:15:00+00:00,2.9793,2.9833,2.9778,2.9796,1883696.6
2025-09-16 03:30:00+00:00,2.9796,2.9893,2.9794,2.9844,2636041.2
2025-09-16 03:45:00+00:00,2.9845,2.9852,2.9775,2.9776,1790885.2
2025-09-16 04:00:00+00:00,2.9777,2.9802,2.9679,2.9693,5509040.3
2025-09-16 04:15:00+00:00,2.9694,2.9756,2.9623,2.9756,5229629.9
2025-09-16 04:30:00+00:00,2.9755,2.9766,2.9666,2.9706,2433751.0
2025-09-16 04:45:00+00:00,2.9705,2.9818,2.9684,2.9801,2653934.2
2025-09-16 05:00:00+00:00,2.98,2.9918,2.9781,2.9883,4225459.4
2025-09-16 05:15:00+00:00,2.9883,2.9921,2.9839,2.9899,3798101.2
2025-09-16 05:30:00+00:00,2.9899,2.9958,2.9883,2.9957,2561463.5
2025-09-16 05:45:00+00:00,2.9958,3.0064,2.993,3.0031,6438295.5
2025-09-16 06:00:00+00:00,3.0032,3.0041,2.9952,3.0015,7332617.9
2025-09-16 06:15:00+00:00,3.0014,3.0028,2.9886,2.9895,4439899.4
2025-09-16 06:30:00+00:00,2.9894,2.9895,2.9772,2.9821,5298053.7
2025-09-16 06:45:00+00:00,2.982,2.9855,2.9798,2.9822,2287693.3
2025-09-16 07:00:00+00:00,2.9823,2.988,2.9823,2.9861,2636649.0
2025-09-16 07:15:00+00:00,2.986,2.9933,2.9851,2.9922,2885685.4
2025-09-16 07:30:00+00:00,2.9922,2.9954,2.9885,2.9953,2876275.1
2025-09-16 07:45:00+00:00,2.9954,3.0129,2.9942,3.0062,8295552.2
2025-09-16 08:00:00+00:00,3.0062,3.0152,3.0022,3.0144,4103464.3
2025-09-16 08:15:00+00:00,3.0144,3.023,3.0144,3.0185,7491836.3
2025-09-16 08:30:00+00:00,3.0186,3.0297,3.0157,3.0207,7112666.0
2025-09-16 08:45:00+00:00,3.0206,3.0487,3.0181,3.0331,15673594.3
2025-09-16 09:00:00+00:00,3.0332,3.0376,3.0264,3.0301,6902414.8
2025-09-16 09:15:00+00:00,3.0302,3.038,3.0253,3.0268,4265751.5
2025-09-16 09:30:00+00:00,3.0268,3.0316,3.0201,3.0214,4383594.7
2025-09-16 09:45:00+00:00,3.0214,3.028,3.02,3.0279,2950367.6
2025-09-16 10:00:00+00:00,3.028,3.0315,3.0225,3.0273,2942233.1
2025-09-16 10:15:00+00:00,3.0273,3.033,3.0245,3.0313,2544655.6
2025-09-16 10:30:00+00:00,3.0312,3.0338,3.0252,3.0285,2536091.0
2025-09-16 10:45:00+00:00,3.0284,3.0346,3.0154,3.0202,5684476.6
2025-09-16 11:00:00+00:00,3.0202,3.029,3.0198,3.0256,3440501.3
2025-09-16 11:15:00+00:00,3.0257,3.0322,3.0241,3.0273,2444656.8
2025-09-16 11:30:00+00:00,3.0272,3.033,3.0268,3.0291,1975989.4
2025-09-16 11:45:00+00:00,3.029,3.0305,3.0264,3.0276,1577475.1
2025-09-16 12:00:00+00:00,3.0277,3.0296,3.0234,3.0285,2842562.3
2025-09-16 12:15:00+00:00,3.0285,3.0354,3.0272,3.0309,4639378.9
2025-09-16 12:30:00+00:00,3.031,3.0363,3.0288,3.0338,3396871.1
2025-09-16 12:45:00+00:00,3.0339,3.039,3.0296,3.0361,3502421.1
2025-09-16 13:00:00+00:00,3.0361,3.0422,3.0343,3.0343,4159448.7
2025-09-16 13:15:00+00:00,3.0344,3.0468,3.0327,3.0432,6197445.5
2025-09-16 13:30:00+00:00,3.0432,3.0449,3.018,3.0195,10696741.3
2025-09-16 13:45:00+00:00,3.0195,3.0247,2.9982,3.0232,29157423.3
2025-09-16 14:00:00+00:00,3.0231,3.0232,3.0021,3.0105,11915708.2
2025-09-16 14:15:00+00:00,3.0105,3.0221,3.0046,3.02,12739220.0
2025-09-16 14:30:00+00:00,3.02,3.0223,3.0131,3.0182,5510301.5
2025-09-16 14:45:00+00:00,3.0181,3.03,3.0173,3.0271,3628146.7
2025-09-16 15:00:00+00:00,3.0272,3.0288,3.0196,3.0217,3843535.5
2025-09-16 15:15:00+00:00,3.0216,3.0335,3.0214,3.0306,4404371.4
2025-09-16 15:30:00+00:00,3.0306,3.0333,3.0272,3.0307,2118007.2
2025-09-16 15:45:00+00:00,3.0307,3.0405,3.029,3.0377,6189334.2
2025-09-16 16:00:00+00:00,3.0377,3.039,3.0303,3.0359,6333370.9
2025-09-16 16:15:00+00:00,3.0359,3.0379,3.0289,3.0354,3598829.8
2025-09-16 16:30:00+00:00,3.0355,3.0428,3.0351,3.0396,4251487.2
2025-09-16 16:45:00+00:00,3.0396,3.0495,3.0375,3.0453,4601771.1
2025-09-16 17:00:00+00:00,3.0453,3.0537,3.0442,3.0535,7471886.9
2025-09-16 17:15:00+00:00,3.0535,3.0577,3.045,3.0475,6135768.5
2025-09-16 17:30:00+00:00,3.0475,3.0505,3.0405,3.0434,5726854.6
2025-09-16 17:45:00+00:00,3.0435,3.0499,3.0415,3.0458,3341937.3
2025-09-16 18:00:00+00:00,3.0458,3.0502,3.0434,3.0461,2944291.2
2025-09-16 18:15:00+00:00,3.0462,3.05,3.0415,3.0434,2420612.0
2025-09-16 18:30:00+00:00,3.0434,3.0443,3.0341,3.0382,5924794.7
2025-09-16 18:45:00+00:00,3.0382,3.0407,3.0354,3.0386,1771592.5
2025-09-16 19:00:00+00:00,3.0385,3.0426,3.0343,3.0399,3003130.9
2025-09-16 19:15:00+00:00,3.04,3.0428,3.035,3.0381,2602702.7
2025-09-16 19:30:00+00:00,3.0381,3.0395,3.0337,3.0367,2434877.1
2025-09-16 19:45:00+00:00,3.0367,3.0523,3.0367,3.0506,7684919.0
2025-09-16 20:00:00+00:00,3.0507,3.0507,3.0448,3.0466,4719751.4
2025-09-16 20:15:00+00:00,3.0467,3.0482,3.0402,3.0445,2301492.9
2025-09-16 20:30:00+00:00,3.0445,3.0478,3.0422,3.0473,1158867.3
2025-09-16 20:45:00+00:00,3.0473,3.0484,3.0445,3.0456,965617.7
2025-09-16 21:00:00+00:00,3.0456,3.0505,3.0452,3.0456,1895675.2
2025-09-16 21:15:00+00:00,3.0455,3.05,3.0452,3.0482,1622736.1
2025-09-16 21:30:00+00:00,3.0482,3.0552,3.048,3.0521,2598749.3
2025-09-16 21:45:00+00:00,3.0521,3.0542,3.0489,3.0528,1740360.4
2025-09-16 22:00:00+00:00,3.0528,3.0568,3.0518,3.0545,2926383.0
2025-09-16 22:15:00+00:00,3.0545,3.055,3.0481,3.0485,1981048.7
2025-09-16 22:30:00+00:00,3.0484,3.0496,3.0448,3.0489,1562213.4
2025-09-16 22:45:00+00:00,3.0489,3.05,3.0457,3.0458,1137525.0
2025-09-16 23:00:00+00:00,3.0457,3.0468,3.0422,3.0425,1749321.5
2025-09-16 23:15:00+00:00,3.0424,3.0436,3.0391,3.0399,2204703.4
2025-09-16 23:30:00+00:00,3.0399,3.0414,3.035,3.037,2676046.5
2025-09-16 23:45:00+00:00,3.0369,3.038,3.034,3.0364,1416391.9
2025-09-17 00:00:00+00:00,3.0364,3.0388,3.032,3.0338,2963350.5
2025-09-17 00:15:00+00:00,3.0338,3.0399,3.0338,3.0383,2164671.1
2025-09-17 00:30:00+00:00,3.0383,3.0414,3.0364,3.04,1337107.3
2025-09-17 00:45:00+00:00,3.0401,3.0401,3.033,3.0346,1813478.5
2025-09-17 01:00:00+00:00,3.0346,3.039,3.033,3.0389,1996763.8
2025-09-17 01:15:00+00:00,3.0389,3.044,3.0366,3.0436,2258007.9
2025-09-17 01:30:00+00:00,3.0436,3.0442,3.0359,3.036,1796078.6
2025-09-17 01:45:00+00:00,3.0361,3.0389,3.033,3.0389,2521783.8
2025-09-17 02:00:00+00:00,3.0389,3.0389,3.0334,3.0348,1527684.0
2025-09-17 02:15:00+00:00,3.0348,3.0376,3.03,3.0315,3578956.0
2025-09-17 02:30:00+00:00,3.0315,3.0433,3.0301,3.0388,13199251.5
2025-09-17 02:45:00+00:00,3.0388,3.0466,3.0358,3.0362,5230236.9
2025-09-17 03:00:00+00:00,3.0361,3.0363,3.0301,3.0305,4392468.1
2025-09-17 03:15:00+00:00,3.0306,3.0348,3.0281,3.0303,5765004.1
2025-09-17 03:30:00+00:00,3.0303,3.0314,3.0181,3.0209,7144296.2
2025-09-17 03:45:00+00:00,3.0209,3.0214,3.0143,3.0152,5990510.2
2025-09-17 04:00:00+00:00,3.0153,3.0182,3.0133,3.0162,3331487.7
2025-09-17 04:15:00+00:00,3.0162,3.017,3.0088,3.0093,4518314.8
2025-09-17 04:30:00+00:00,3.0093,3.0116,3.0061,3.0093,2608812.7
2025-09-17 04:45:00+00:00,3.0093,3.0103,3.0043,3.0098,3577236.9
2025-09-17 05:00:00+00:00,3.0097,3.0149,3.0092,3.0146,3894860.6
2025-09-17 05:15:00+00:00,3.0146,3.0158,3.0062,3.0065,6592215.7
2025-09-17 05:30:00+00:00,3.0066,3.0142,3.0066,3.0134,2191863.3
2025-09-17 05:45:00+00:00,3.0135,3.0199,3.0051,3.0189,5638489.5
2025-09-17 06:00:00+00:00,3.0189,3.02,3.0158,3.018,3917605.0
2025-09-17 06:15:00+00:00,3.018,3.0207,3.0125,3.015,3286370.9
2025-09-17 06:30:00+00:00,3.0149,3.0214,3.0139,3.0213,2206141.8
2025-09-17 06:45:00+00:00,3.0213,3.0241,3.0187,3.0221,2663963.1
2025-09-17 07:00:00+00:00,3.0221,3.025,3.019,3.0245,2501337.5
2025-09-17 07:15:00+00:00,3.0245,3.0375,3.0238,3.035,6796370.8
2025-09-17 07:30:00+00:00,3.035,3.0367,3.0332,3.0337,3427675.5
2025-09-17 07:45:00+00:00,3.0336,3.0357,3.0319,3.0329,1582371.3
2025-09-17 08:00:00+00:00,3.0329,3.0329,3.0185,3.0185,6194761.0
2025-09-17 08:15:00+00:00,3.0185,3.0215,3.0166,3.0197,2648239.4
2025-09-17 08:30:00+00:00,3.0198,3.0199,3.0122,3.0138,4874533.8
2025-09-17 08:45:00+00:00,3.0138,3.0201,3.0136,3.0189,2272476.6
2025-09-17 09:00:00+00:00,3.0188,3.0189,3.0146,3.0161,2682951.7
2025-09-17 09:15:00+00:00,3.0161,3.0162,3.0124,3.0154,1787008.7
2025-09-17 09:30:00+00:00,3.0155,3.0158,3.0127,3.0131,2076056.8
2025-09-17 09:45:00+00:00,3.013,3.0164,3.013,3.0132,1475497.2
2025-09-17 10:00:00+00:00,3.0132,3.0173,3.0129,3.0149,1930725.0
2025-09-17 10:15:00+00:00,3.0148,3.0178,3.0012,3.0058,9219580.0
2025-09-17 10:30:00+00:00,3.0058,3.0097,3.0042,3.0085,2203663.9
2025-09-17 10:45:00+00:00,3.0085,3.0117,3.0067,3.0112,3678136.4
2025-09-17 11:00:00+00:00,3.0112,3.013,3.0083,3.012,2344412.5
2025-09-17 11:15:00+00:00,3.012,3.0122,3.0054,3.0109,3506239.2
2025-09-17 11:30:00+00:00,3.0109,3.011,3.0066,3.0072,1274615.1
2025-09-17 11:45:00+00:00,3.0073,3.0103,3.0066,3.0073,1907207.5
2025-09-17 12:00:00+00:00,3.0074,3.016,3.0066,3.0158,2659649.6
2025-09-17 12:15:00+00:00,3.0158,3.0215,3.012,3.0198,4473965.8
2025-09-17 12:30:00+00:00,3.0198,3.0228,3.0169,3.0201,2803585.3
2025-09-17 12:45:00+00:00,3.02,3.0244,3.0178,3.0225,2470671.3
2025-09-17 13:00:00+00:00,3.0225,3.0242,3.0166,3.0182,3362141.1
2025-09-17 13:15:00+00:00,3.0182,3.0292,3.0177,3.0286,2650930.6
2025-09-17 13:30:00+00:00,3.0285,3.0365,3.0186,3.0214,6841063.5
2025-09-17 13:45:00+00:00,3.0214,3.0315,3.017,3.0215,4420052.0
2025-09-17 14:00:00+00:00,3.0216,3.0291,3.0172,3.0284,5018995.5
2025-09-17 14:15:00+00:00,3.0285,3.0289,3.0155,3.0197,5437876.5
2025-09-17 14:30:00+00:00,3.0197,3.0221,3.011,3.011,5785306.0
2025-09-17 14:45:00+00:00,3.011,3.0155,3.0069,3.0125,4250806.4
2025-09-17 15:00:00+00:00,3.0125,3.0186,3.0116,3.0176,2502945.7
2025-09-17 15:15:00+00:00,3.0176,3.0222,3.0148,3.0156,1690242.4
2025-09-17 15:30:00+00:00,3.0156,3.0213,3.0152,3.0212,1985002.7
2025-09-17 15:45:00+00:00,3.0213,3.0244,3.0181,3.0214,2017606.8
2025-09-17 16:00:00+00:00,3.0213,3.0213,3.009,3.0124,3894039.2
2025-09-17 16:15:00+00:00,3.0125,3.016,3.0085,3.0159,2331918.2
2025-09-17 16:30:00+00:00,3.0159,3.0182,3.0114,3.0173,1775739.3
2025-09-17 16:45:00+00:00,3.0173,3.0232,3.016,3.0206,2339264.1
2025-09-17 17:00:00+00:00,3.0206,3.0222,3.0165,3.0192,1737772.8
2025-09-17 17:15:00+00:00,3.0192,3.0278,3.0179,3.0276,2543456.1
2025-09-17 17:30:00+00:00,3.0277,3.0467,3.0277,3.0397,13361980.1
2025-09-17 17:45:00+00:00,3.0398,3.0675,3.0151,3.0194,17323342.2
2025-09-17 18:00:00+00:00,3.0163,3.064,3.01,3.0158,52869172.3
2025-09-17 18:15:00+00:00,3.0157,3.0405,3.004,3.0362,21118018.4
2025-09-17 18:30:00+00:00,3.0362,3.037,2.9891,2.9927,28231952.7
2025-09-17 18:45:00+00:00,2.9927,3.0072,2.9803,2.9965,25594931.8
2025-09-17 19:00:00+00:00,2.9964,3.03,2.9933,3.0182,22613285.9
2025-09-17 19:15:00+00:00,3.0183,3.0333,3.0092,3.0268,13084082.8
2025-09-17 19:30:00+00:00,3.0267,3.0421,3.0233,3.0377,9740358.8
2025-09-17 19:45:00+00:00,3.0377,3.0405,3.03,3.0307,9843857.3
2025-09-17 20:00:00+00:00,3.0306,3.0487,3.0304,3.0435,5953963.0
2025-09-17 20:15:00+00:00,3.0436,3.0472,3.0292,3.0297,6470400.1
2025-09-17 20:30:00+00:00,3.0297,3.0311,3.0183,3.0242,5376305.8
2025-09-17 20:45:00+00:00,3.0241,3.0289,3.0112,3.0135,4956604.8
2025-09-17 21:00:00+00:00,3.0135,3.0221,3.0045,3.0221,6016863.9
2025-09-17 21:15:00+00:00,3.0221,3.029,3.0184,3.0223,4797440.1
2025-09-17 21:30:00+00:00,3.0224,3.0322,3.021,3.0322,2415951.8
2025-09-17 21:45:00+00:00,3.0322,3.0381,3.0259,3.0309,5046865.3
2025-09-17 22:00:00+00:00,3.0309,3.0568,3.0309,3.0536,11836738.2
2025-09-17 22:15:00+00:00,3.0536,3.0691,3.0486,3.0676,12505411.2
2025-09-17 22:30:00+00:00,3.0675,3.0754,3.0656,3.0746,9219148.6
2025-09-17 22:45:00+00:00,3.0747,3.0903,3.0702,3.0861,14009986.5
2025-09-17 23:00:00+00:00,3.086,3.1068,3.086,3.0907,20034945.6
2025-09-17 23:15:00+00:00,3.0906,3.0929,3.072,3.0797,12969586.8
2025-09-17 23:30:00+00:00,3.0797,3.0887,3.0685,3.0708,10634369.3
2025-09-17 23:45:00+00:00,3.0707,3.0843,3.0701,3.083,4856908.0
2025-09-18 00:00:00+00:00,3.0831,3.0935,3.0808,3.0926,8905984.0
2025-09-18 00:15:00+00:00,3.0925,3.0946,3.0758,3.0787,7842004.0
2025-09-18 00:30:00+00:00,3.0787,3.0892,3.0776,3.0865,5545913.0
2025-09-18 00:45:00+00:00,3.0865,3.0882,3.0742,3.0752,5786159.1
2025-09-18 01:00:00+00:00,3.0751,3.0848,3.07,3.0831,4816223.3
2025-09-18 01:15:00+00:00,3.083,3.0881,3.0775,3.0816,3597908.3
2025-09-18 01:30:00+00:00,3.0815,3.0974,3.0777,3.096,4659384.7
2025-09-18 01:45:00+00:00,3.096,3.099,3.089,3.0919,4091589.3
2025-09-18 02:00:00+00:00,3.0919,3.0941,3.0844,3.0873,3440420.9
2025-09-18 02:15:00+00:00,3.0873,3.0881,3.079,3.0809,2452933.7
2025-09-18 02:30:00+00:00,3.0808,3.0881,3.0793,3.0821,2695952.3
2025-09-18 02:45:00+00:00,3.082,3.0952,3.082,3.0944,3047921.7
2025-09-18 03:00:00+00:00,3.0943,3.109,3.0912,3.1081,9090835.8
2025-09-18 03:15:00+00:00,3.108,3.1112,3.1,3.1047,6760461.0
2025-09-18 03:30:00+00:00,3.1047,3.1085,3.1007,3.1055,4129508.8
2025-09-18 03:45:00+00:00,3.1054,3.1094,3.1014,3.1043,3096588.2
2025-09-18 04:00:00+00:00,3.1043,3.1063,3.0987,3.1015,3311768.0
2025-09-18 04:15:00+00:00,3.1015,3.1043,3.0955,3.0964,4150015.6
2025-09-18 04:30:00+00:00,3.0964,3.1002,3.0918,3.0958,4043415.4
2025-09-18 04:45:00+00:00,3.0958,3.0981,3.0898,3.0974,4918094.0
2025-09-18 05:00:00+00:00,3.0975,3.0975,3.0915,3.0922,3040308.3
2025-09-18 05:15:00+00:00,3.0923,3.094,3.0829,3.0835,4893689.9
2025-09-18 05:30:00+00:00,3.0835,3.085,3.0762,3.0801,5470949.7
2025-09-18 05:45:00+00:00,3.0801,3.0816,3.0766,3.0796,3129286.5
2025-09-18 06:00:00+00:00,3.0797,3.0816,3.0581,3.0599,13059930.7
2025-09-18 06:15:00+00:00,3.06,3.0664,3.056,3.0578,10067400.5
2025-09-18 06:30:00+00:00,3.0579,3.0652,3.0545,3.0638,6540579.3
2025-09-18 06:45:00+00:00,3.0639,3.0703,3.0639,3.0698,4296452.7
2025-09-18 07:00:00+00:00,3.0698,3.0768,3.0688,3.0764,4321009.7
2025-09-18 07:15:00+00:00,3.0763,3.0772,3.0691,3.0735,2765486.9
2025-09-18 07:30:00+00:00,3.0736,3.0905,3.0728,3.0878,7326587.0
2025-09-18 07:45:00+00:00,3.0877,3.1029,3.0865,3.091,7905187.3
2025-09-18 08:00:00+00:00,3.0911,3.1073,3.0893,3.1024,7636345.8
2025-09-18 08:15:00+00:00,3.1024,3.1064,3.0967,3.0996,4367335.8
2025-09-18 08:30:00+00:00,3.0996,3.1032,3.0957,3.0966,3004205.6
2025-09-18 08:45:00+00:00,3.0967,3.107,3.0922,3.1055,5743566.6
2025-09-18 09:00:00+00:00,3.1056,3.1088,3.1014,3.1019,4062211.6
2025-09-18 09:15:00+00:00,3.1019,3.1087,3.1019,3.1057,2335099.5
2025-09-18 09:30:00+00:00,3.1056,3.1085,3.1016,3.1045,3659968.3
2025-09-18 09:45:00+00:00,3.1044,3.1224,3.1031,3.1222,11564996.2
2025-09-18 10:00:00+00:00,3.1222,3.1244,3.1072,3.1124,7619463.9
2025-09-18 10:15:00+00:00,3.1125,3.1146,3.1019,3.1031,4708732.0
2025-09-18 10:30:00+00:00,3.1031,3.1103,3.1029,3.1093,3677530.7
2025-09-18 10:45:00+00:00,3.1093,3.1149,3.108,3.1111,2933930.4
2025-09-18 11:00:00+00:00,3.1111,3.1279,3.1111,3.1259,7887653.0
2025-09-18 11:15:00+00:00,3.126,3.1296,3.1192,3.1281,11388135.0
2025-09-18 11:30:00+00:00,3.1281,3.1328,3.123,3.127,8890046.0
2025-09-18 11:45:00+00:00,3.127,3.1367,3.1239,3.1358,6886356.6
2025-09-18 12:00:00+00:00,3.1358,3.1388,3.1234,3.126,8325551.7
2025-09-18 12:15:00+00:00,3.1261,3.1276,3.1181,3.1225,4936996.9
2025-09-18 12:30:00+00:00,3.1225,3.127,3.1146,3.1201,5930419.0
2025-09-18 12:45:00+00:00,3.1201,3.1225,3.114,3.1149,3079654.6
2025-09-18 13:00:00+00:00,3.115,3.1226,3.1116,3.1211,5110378.8
2025-09-18 13:15:00+00:00,3.1211,3.1249,3.117,3.118,3543658.9
2025-09-18 13:30:00+00:00,3.118,3.131,3.106,3.1089,15327652.2
2025-09-18 13:45:00+00:00,3.1088,3.1212,3.1012,3.1177,10481108.4
2025-09-18 14:00:00+00:00,3.1177,3.1264,3.1172,3.1223,5329755.1
2025-09-18 14:15:00+00:00,3.1223,3.13,3.1195,3.1236,6188407.6
2025-09-18 14:30:00+00:00,3.1236,3.128,3.1162,3.1213,4280847.6
2025-09-18 14:45:00+00:00,3.1213,3.1247,3.1156,3.1203,6179669.0
2025-09-18 15:00:00+00:00,3.1203,3.123,3.1122,3.1149,5078519.4
2025-09-18 15:15:00+00:00,3.1148,3.1239,3.1118,3.1145,4024506.5
2025-09-18 15:30:00+00:00,3.1145,3.1277,3.1135,3.1166,9037798.7
2025-09-18 15:45:00+00:00,3.1166,3.119,3.1115,3.1121,5764167.6
2025-09-18 16:00:00+00:00,3.1121,3.1167,3.1061,3.1087,5265450.2
2025-09-18 16:15:00+00:00,3.1087,3.1169,3.1086,3.1126,4151388.4
2025-09-18 16:30:00+00:00,3.1127,3.1144,3.106,3.1123,3524692.9
2025-09-18 16:45:00+00:00,3.1123,3.1197,3.1119,3.1166,3130841.1
2025-09-18 17:00:00+00:00,3.1165,3.1223,3.1106,3.1157,8170267.2
2025-09-18 17:15:00+00:00,3.1157,3.1204,3.1095,3.1097,3889732.3
2025-09-18 17:30:00+00:00,3.1098,3.1098,3.0971,3.1005,7919956.3
2025-09-18 17:45:00+00:00,3.1005,3.1074,3.0996,3.1066,3424796.5
2025-09-18 18:00:00+00:00,3.1066,3.1126,3.1027,3.1126,3209859.8
2025-09-18 18:15:00+00:00,3.1126,3.1174,3.1102,3.1157,2879623.0
2025-09-18 18:30:00+00:00,3.1156,3.1167,3.1026,3.1075,3682263.0
2025-09-18 18:45:00+00:00,3.1074,3.1173,3.1074,3.1153,3400379.0
2025-09-18 19:00:00+00:00,3.1153,3.1154,3.1082,3.1088,2488997.0
2025-09-18 19:15:00+00:00,3.1087,3.1092,3.0985,3.0996,2956315.0
2025-09-18 19:30:00+00:00,3.0997,3.1012,3.0875,3.0971,12394948.6
2025-09-18 19:45:00+00:00,3.0971,3.1146,3.0965,3.1064,10518892.2
2025-09-18 20:00:00+00:00,3.1063,3.1072,3.0976,3.0996,5317735.9
2025-09-18 20:15:00+00:00,3.0996,3.1007,3.0943,3.0969,2097006.6
2025-09-18 20:30:00+00:00,3.0969,3.1002,3.0917,3.0989,7561272.0
2025-09-18 20:45:00+00:00,3.0988,3.1039,3.0974,3.099,3495540.6
2025-09-18 21:00:00+00:00,3.099,3.1011,3.0856,3.0869,4614909.5
2025-09-18 21:15:00+00:00,3.0869,3.0905,3.0855,3.0892,3126175.0
2025-09-18 21:30:00+00:00,3.0892,3.0916,3.0858,3.087,2143608.5
2025-09-18 21:45:00+00:00,3.0869,3.0884,3.0821,3.0833,2205128.7
2025-09-18 22:00:00+00:00,3.0833,3.0842,3.074,3.0748,7992287.8
2025-09-18 22:15:00+00:00,3.0748,3.083,3.0746,3.0782,4724876.9
2025-09-18 22:30:00+00:00,3.0781,3.0809,3.0741,3.0753,2402161.1
2025-09-18 22:45:00+00:00,3.0754,3.078,3.0716,3.0721,4235030.6
2025-09-18 23:00:00+00:00,3.072,3.0721,3.059,3.0689,12855679.8
2025-09-18 23:15:00+00:00,3.0688,3.0705,3.0634,3.0703,3179036.5
2025-09-18 23:30:00+00:00,3.0703,3.0778,3.0702,3.0747,3803818.2
2025-09-18 23:45:00+00:00,3.0746,3.0773,3.0718,3.0721,2196782.7
2025-09-19 00:00:00+00:00,3.0721,3.08,3.0721,3.0761,3124595.0
2025-09-19 00:15:00+00:00,3.076,3.0838,3.0755,3.0828,3233640.6
2025-09-19 00:30:00+00:00,3.0827,3.0844,3.0771,3.0829,2305445.8
2025-09-19 00:45:00+00:00,3.0828,3.0861,3.0797,3.0853,2283631.8
2025-09-19 01:00:00+00:00,3.0853,3.0925,3.0843,3.0852,5133720.2
2025-09-19 01:15:00+00:00,3.0852,3.09,3.0823,3.0899,2433837.4
2025-09-19 01:30:00+00:00,3.0899,3.0928,3.0789,3.0817,3133371.4
2025-09-19 01:45:00+00:00,3.0817,3.0825,3.0761,3.079,2040035.0
2025-09-19 02:00:00+00:00,3.0789,3.0789,3.0678,3.07,3286319.7
2025-09-19 02:15:00+00:00,3.0701,3.0713,3.0654,3.0685,3240980.1
2025-09-19 02:30:00+00:00,3.0685,3.069,3.0599,3.0658,7369299.7
2025-09-19 02:45:00+00:00,3.0658,3.0707,3.0651,3.0662,1815013.4
2025-09-19 03:00:00+00:00,3.0663,3.0725,3.0651,3.0716,2257679.8
2025-09-19 03:15:00+00:00,3.0717,3.0749,3.0623,3.0638,4009821.0
2025-09-19 03:30:00+00:00,3.0639,3.0645,3.0465,3.0522,16461941.6
2025-09-19 03:45:00+00:00,3.0522,3.0542,3.0434,3.0458,7160295.0
2025-09-19 04:00:00+00:00,3.0457,3.0464,3.0221,3.0232,26255736.0
2025-09-19 04:15:00+00:00,3.0233,3.04,3.0232,3.039,8058508.9
2025-09-19 04:30:00+00:00,3.039,3.044,3.036,3.0409,5077427.2
2025-09-19 04:45:00+00:00,3.041,3.0485,3.0404,3.0478,3674738.2
2025-09-19 05:00:00+00:00,3.0478,3.0502,3.0416,3.0501,3303735.7
2025-09-19 05:15:00+00:00,3.0501,3.0518,3.0375,3.0379,5091118.0
2025-09-19 05:30:00+00:00,3.0378,3.044,3.0354,3.0398,2715203.0
2025-09-19 05:45:00+00:00,3.0398,3.0485,3.0398,3.0465,1675551.4
2025-09-19 06:00:00+00:00,3.0465,3.0465,3.0303,3.0306,8222805.5
2025-09-19 06:15:00+00:00,3.0306,3.0382,3.0282,3.0319,3232633.7
2025-09-19 06:30:00+00:00,3.032,3.0364,3.026,3.0338,3760328.7
2025-09-19 06:45:00+00:00,3.0338,3.0349,3.0245,3.0257,3593528.8
2025-09-19 07:00:00+00:00,3.0256,3.0348,3.0219,3.0338,7316675.8
2025-09-19 07:15:00+00:00,3.0338,3.0389,3.0321,3.0356,4475974.2
2025-09-19 07:30:00+00:00,3.0357,3.0392,3.0333,3.038,2833024.9
2025-09-19 07:45:00+00:00,3.038,3.0406,3.0349,3.0364,3560484.2
2025-09-19 08:00:00+00:00,3.0364,3.0434,3.0335,3.0408,3701716.4
2025-09-19 08:15:00+00:00,3.0408,3.0458,3.0404,3.0419,3224983.8
2025-09-19 08:30:00+00:00,3.042,3.0424,3.0343,3.0365,2559712.2
2025-09-19 08:45:00+00:00,3.0365,3.0366,3.0323,3.0328,1754186.4
2025-09-19 09:00:00+00:00,3.0328,3.0421,3.0322,3.0404,2378104.2
2025-09-19 09:15:00+00:00,3.0403,3.0404,3.0302,3.0318,2924345.6
2025-09-19 09:30:00+00:00,3.0319,3.0337,3.0244,3.0252,4854996.0
2025-09-19 09:45:00+00:00,3.0252,3.0306,3.0222,3.0281,7177110.4
2025-09-19 10:00:00+00:00,3.0281,3.0298,3.0225,3.0271,6283306.8
2025-09-19 10:15:00+00:00,3.0271,3.0311,3.0244,3.0244,4716243.0
2025-09-19 10:30:00+00:00,3.0245,3.0322,3.0225,3.0311,2491113.0
2025-09-19 10:45:00+00:00,3.0311,3.0349,3.0293,3.0298,3245931.2
2025-09-19 11:00:00+00:00,3.0298,3.0317,3.0237,3.0272,2725012.8
2025-09-19 11:15:00+00:00,3.0272,3.0302,3.023,3.0233,3229351.0
2025-09-19 11:30:00+00:00,3.0232,3.0265,3.0209,3.0214,3719072.4
2025-09-19 11:45:00+00:00,3.0214,3.0313,3.0209,3.0288,3913005.7
2025-09-19 12:00:00+00:00,3.0289,3.045,3.0279,3.0426,7005476.4
2025-09-19 12:15:00+00:00,3.0425,3.0442,3.0335,3.0344,5711861.8
2025-09-19 12:30:00+00:00,3.0343,3.0405,3.0331,3.0358,4147725.4
2025-09-19 12:45:00+00:00,3.0357,3.0386,3.0305,3.0317,2596370.7
2025-09-19 13:00:00+00:00,3.0317,3.0357,3.0297,3.0325,2807718.3
2025-09-19 13:15:00+00:00,3.0325,3.035,3.0255,3.0297,8294909.7
2025-09-19 13:30:00+00:00,3.0296,3.0353,3.0234,3.0281,6135257.6
2025-09-19 13:45:00+00:00,3.028,3.0376,3.0274,3.0327,4875427.7
2025-09-19 14:00:00+00:00,3.0327,3.0359,3.0276,3.0303,5961769.1
2025-09-19 14:15:00+00:00,3.0302,3.0366,3.021,3.021,6734656.5
2025-09-19 14:30:00+00:00,3.021,3.0245,3.0115,3.0125,15536177.4
2025-09-19 14:45:00+00:00,3.0125,3.0161,3.0049,3.0069,20518218.1
2025-09-19 15:00:00+00:00,3.0069,3.0078,2.9866,2.9942,23108358.1
2025-09-19 15:15:00+00:00,2.9943,3.0039,2.9906,3.0031,11486186.1
2025-09-19 15:30:00+00:00,3.003,3.0082,2.9939,3.0072,5505412.2
2025-09-19 15:45:00+00:00,3.0071,3.0109,3.0048,3.0085,4730960.8
2025-09-19 16:00:00+00:00,3.0085,3.0156,3.004,3.0144,5380047.6
2025-09-19 16:15:00+00:00,3.0144,3.0159,3.0067,3.0118,4264160.0
2025-09-19 16:30:00+00:00,3.0118,3.014,3.0062,3.0128,2258020.9
2025-09-19 16:45:00+00:00,3.0127,3.0147,3.0081,3.0088,3049486.9
2025-09-19 17:00:00+00:00,3.0088,3.009,2.9966,2.9983,6049601.0
2025-09-19 17:15:00+00:00,2.9982,3.0024,2.9965,3.0012,3058708.5
2025-09-19 17:30:00+00:00,3.0012,3.0012,2.9937,2.9994,2525376.8
2025-09-19 17:45:00+00:00,2.9995,3.002,2.9948,2.9954,2058532.2
2025-09-19 18:00:00+00:00,2.9954,2.9984,2.986,2.9948,4752207.1
2025-09-19 18:15:00+00:00,2.9948,3.0,2.9906,2.9971,2660965.2
2025-09-19 18:30:00+00:00,2.9971,3.0013,2.9962,2.9995,2167809.3
2025-09-19 18:45:00+00:00,2.9996,3.0016,2.9935,2.9966,2198726.3
2025-09-19 19:00:00+00:00,2.9967,3.0047,2.9966,3.0024,3085801.0
2025-09-19 19:15:00+00:00,3.0024,3.0094,3.0015,3.0057,2998782.8
2025-09-19 19:30:00+00:00,3.0056,3.0057,2.9985,2.9987,2473503.1
2025-09-19 19:45:00+00:00,2.9988,2.9998,2.982,2.9851,18975997.7
2025-09-19 20:00:00+00:00,2.985,2.9907,2.9817,2.9883,8101032.0
2025-09-19 20:15:00+00:00,2.9883,2.9926,2.9829,2.9918,4810499.9
2025-09-19 20:30:00+00:00,2.9918,2.9936,2.9886,2.9917,3408292.7
2025-09-19 20:45:00+00:00,2.9917,2.9922,2.983,2.984,3013855.3
2025-09-19 21:00:00+00:00,2.984,2.9896,2.9766,2.9896,6978997.6
2025-09-19 21:15:00+00:00,2.9896,2.9931,2.9875,2.9909,2579290.8
2025-09-19 21:30:00+00:00,2.9909,2.9949,2.9905,2.9915,1751775.3
2025-09-19 21:45:00+00:00,2.9915,2.9944,2.9882,2.9943,1534052.9
2025-09-19 22:00:00+00:00,2.9943,2.9993,2.9936,2.9977,2059341.2
2025-09-19 22:15:00+00:00,2.9977,2.9984,2.9947,2.9972,1029556.8
2025-09-19 22:30:00+00:00,2.9972,2.9973,2.9928,2.9928,1250376.9
2025-09-19 22:45:00+00:00,2.9928,2.9973,2.9911,2.9915,3528752.0
2025-09-19 23:00:00+00:00,2.9915,2.9917,2.9838,2.9844,2487459.3
2025-09-19 23:15:00+00:00,2.9844,2.9871,2.9771,2.9802,4583964.2
2025-09-19 23:30:00+00:00,2.9802,2.9844,2.9783,2.9841,1903973.0
2025-09-19 23:45:00+00:00,2.9842,2.9896,2.9841,2.9885,1294832.1
2025-09-20 00:00:00+00:00,2.9884,2.9891,2.9846,2.9862,4159994.7
2025-09-20 00:15:00+00:00,2.9861,2.988,2.983,2.9842,3224936.6
2025-09-20 00:30:00+00:00,2.9841,2.9935,2.984,2.9928,1734000.4
2025-09-20 00:45:00+00:00,2.9927,2.9997,2.9927,2.9972,3443810.7
2025-09-20 01:00:00+00:00,2.9972,2.9972,2.9904,2.9908,2060235.8
2025-09-20 01:15:00+00:00,2.9908,2.998,2.9903,2.9967,1480608.6
2025-09-20 01:30:00+00:00,2.9967,2.9967,2.9883,2.9925,1823399.7
2025-09-20 01:45:00+00:00,2.9926,2.9953,2.9902,2.9903,1243855.7
2025-09-20 02:00:00+00:00,2.9902,2.9903,2.983,2.983,2429635.7
2025-09-20 02:15:00+00:00,2.983,2.9895,2.978,2.9872,2679355.3
2025-09-20 02:30:00+00:00,2.9872,2.992,2.983,2.9917,1579941.3
2025-09-20 02:45:00+00:00,2.9916,2.9941,2.989,2.9932,1028057.7
2025-09-20 03:00:00+00:00,2.9932,2.9937,2.9835,2.9859,5079298.6
2025-09-20 03:15:00+00:00,2.9859,2.991,2.9855,2.9879,1377971.1
2025-09-20 03:30:00+00:00,2.9879,2.9925,2.9874,2.992,930968.4
2025-09-20 03:45:00+00:00,2.9919,2.9931,2.9882,2.9899,918123.2
2025-09-20 04:00:00+00:00,2.9899,2.9909,2.9878,2.9899,1315984.3
2025-09-20 04:15:00+00:00,2.9899,2.9908,2.986,2.9873,2081706.1
2025-09-20 04:30:00+00:00,2.9873,2.9929,2.9858,2.9928,1376960.7
2025-09-20 04:45:00+00:00,2.9927,2.9934,2.99,2.9912,1129652.7
2025-09-20 05:00:00+00:00,2.9913,2.9928,2.987,2.9926,1288600.8
2025-09-20 05:15:00+00:00,2.9927,2.9947,2.9913,2.9944,1174643.3
2025-09-20 05:30:00+00:00,2.9945,2.9976,2.9933,2.9955,2470670.4
2025-09-20 05:45:00+00:00,2.9955,3.0012,2.9954,3.0012,2003568.9
2025-09-20 06:00:00+00:00,3.0011,3.0011,2.9948,2.9959,3061809.4
2025-09-20 06:15:00+00:00,2.996,3.0009,2.9955,3.0009,1483759.0
2025-09-20 06:30:00+00:00,3.0009,3.0037,3.0002,3.0036,1376927.8
2025-09-20 06:45:00+00:00,3.0037,3.005,3.0024,3.0035,2060462.0
2025-09-20 07:00:00+00:00,3.0035,3.0069,3.0015,3.0015,3242850.8
2025-09-20 07:15:00+00:00,3.0015,3.0033,2.9999,3.0,2102251.9
2025-09-20 07:30:00+00:00,3.0001,3.0049,2.9972,3.0049,2157680.1
2025-09-20 07:45:00+00:00,3.0049,3.0077,3.003,3.0069,2378575.1
2025-09-20 08:00:00+00:00,3.0069,3.0073,3.0017,3.0031,2422558.8
2025-09-20 08:15:00+00:00,3.0031,3.0036,2.9973,2.9982,1964418.1
2025-09-20 08:30:00+00:00,2.9982,2.9998,2.9953,2.9968,1871651.6
2025-09-20 08:45:00+00:00,2.9968,2.9968,2.9833,2.9836,6073764.1
2025-09-20 09:00:00+00:00,2.9836,2.9871,2.9792,2.9863,5578150.7
2025-09-20 09:15:00+00:00,2.9863,2.9873,2.9829,2.9832,1935606.3
2025-09-20 09:30:00+00:00,2.9832,2.9832,2.9729,2.9803,6648020.8
2025-09-20 09:45:00+00:00,2.9803,2.9822,2.9773,2.9775,2051112.4
2025-09-20 10:00:00+00:00,2.9775,2.9827,2.9769,2.9821,2159369.9
2025-09-20 10:15:00+00:00,2.9822,2.9839,2.9785,2.9786,1700199.8
2025-09-20 10:30:00+00:00,2.9785,2.9818,2.9756,2.9808,2509918.0
2025-09-20 10:45:00+00:00,2.9808,2.9821,2.977,2.9778,1709192.8
2025-09-20 11:00:00+00:00,2.9778,2.9858,2.9776,2.9843,1910601.0
2025-09-20 11:15:00+00:00,2.9843,2.9856,2.9797,2.9799,1556967.8
2025-09-20 11:30:00+00:00,2.9799,2.9834,2.9799,2.982,1249366.5
2025-09-20 11:45:00+00:00,2.9819,2.9875,2.9819,2.9875,1556924.0
2025-09-20 12:00:00+00:00,2.9875,2.9878,2.9841,2.9848,1592606.3
2025-09-20 12:15:00+00:00,2.9848,2.9864,2.9814,2.9814,1428774.2
2025-09-20 12:30:00+00:00,2.9814,2.9842,2.981,2.9818,1688475.2
2025-09-20 12:45:00+00:00,2.9818,2.9847,2.9807,2.9837,899885.2
2025-09-20 13:00:00+00:00,2.9837,2.9849,2.9794,2.9823,1835642.0
2025-09-20 13:15:00+00:00,2.9824,2.9884,2.9817,2.986,2282981.4
2025-09-20 13:30:00+00:00,2.9861,2.9875,2.9828,2.9851,1316617.9
2025-09-20 13:45:00+00:00,2.985,2.9862,2.9808,2.982,1478799.9
2025-09-20 14:00:00+00:00,2.9821,2.9821,2.9661,2.9719,8915849.0
2025-09-20 14:15:00+00:00,2.9718,2.9755,2.9635,2.9669,5734746.3
2025-09-20 14:30:00+00:00,2.967,2.9738,2.9642,2.9714,4645048.2
2025-09-20 14:45:00+00:00,2.9714,2.9838,2.9714,2.9796,8323718.9
2025-09-20 15:00:00+00:00,2.9797,2.9915,2.9782,2.987,9004159.9
2025-09-20 15:15:00+00:00,2.9869,2.9948,2.9868,2.9914,5703972.2
2025-09-20 15:30:00+00:00,2.9915,2.9915,2.9847,2.9885,3751431.9
2025-09-20 15:45:00+00:00,2.9885,2.9886,2.9829,2.9879,2741373.4
2025-09-20 16:00:00+00:00,2.9879,2.9914,2.9832,2.9835,4530706.1
2025-09-20 16:15:00+00:00,2.9834,2.9844,2.9742,2.9763,4774780.5
2025-09-20 16:30:00+00:00,2.9763,2.9883,2.9744,2.987,3314360.3
2025-09-20 16:45:00+00:00,2.9869,2.991,2.9847,2.9899,2938090.0
2025-09-20 17:00:00+00:00,2.9899,2.9901,2.9822,2.9827,2331035.6
2025-09-20 17:15:00+00:00,2.9828,2.9864,2.9797,2.9847,1858761.5
2025-09-20 17:30:00+00:00,2.9848,2.9869,2.9814,2.9818,1366237.8
2025-09-20 17:45:00+00:00,2.9819,2.9834,2.9796,2.9811,1204196.3
2025-09-20 18:00:00+00:00,2.981,2.981,2.9691,2.9714,5509034.8
2025-09-20 18:15:00+00:00,2.9714,2.9756,2.9694,2.9743,2118805.0
2025-09-20 18:30:00+00:00,2.9743,2.9748,2.9697,2.9734,1991024.9
2025-09-20 18:45:00+00:00,2.9734,2.9745,2.9702,2.9733,1237772.5
2025-09-20 19:00:00+00:00,2.9733,2.9769,2.9701,2.9769,1709822.2
2025-09-20 19:15:00+00:00,2.9768,2.98,2.9768,2.9772,1866669.8
2025-09-20 19:30:00+00:00,2.9773,2.9785,2.9714,2.9722,1171236.1
2025-09-20 19:45:00+00:00,2.9722,2.973,2.97,2.9729,1028116.9
2025-09-20 20:00:00+00:00,2.973,2.976,2.9704,2.9722,2130278.8
2025-09-20 20:15:00+00:00,2.9723,2.9739,2.969,2.9713,1986914.1
2025-09-20 20:30:00+00:00,2.9713,2.9732,2.9705,2.9721,1411357.8
2025-09-20 20:45:00+00:00,2.9721,2.9779,2.9696,2.9696,2580637.6
2025-09-20 21:00:00+00:00,2.9695,2.9781,2.9691,2.9774,1723479.2
2025-09-20 21:15:00+00:00,2.9775,2.98,2.9736,2.9798,1919710.9
2025-09-20 21:30:00+00:00,2.9799,2.984,2.9786,2.9821,1914279.7
2025-09-20 21:45:00+00:00,2.9821,2.9821,2.9777,2.9788,845382.9
2025-09-20 22:00:00+00:00,2.9789,2.9789,2.9759,2.9784,2070464.6
2025-09-20 22:15:00+00:00,2.9784,2.9803,2.9761,2.9784,1146787.5
2025-09-20 22:30:00+00:00,2.9783,2.9785,2.9731,2.9747,1378324.2
2025-09-20 22:45:00+00:00,2.9747,2.983,2.9747,2.9807,2209560.6
2025-09-20 23:00:00+00:00,2.9807,2.981,2.9737,2.9745,1936307.9
2025-09-20 23:15:00+00:00,2.9745,2.9751,2.9701,2.9702,2026737.5
2025-09-20 23:30:00+00:00,2.9702,2.9727,2.9681,2.9727,2259264.6
2025-09-20 23:45:00+00:00,2.9728,2.9765,2.9722,2.9735,1839108.0
2025-09-21 00:00:00+00:00,2.9735,2.9777,2.9729,2.9767,2571323.8
2025-09-21 00:15:00+00:00,2.9767,2.9775,2.9726,2.9732,2159670.9
2025-09-21 00:30:00+00:00,2.9732,2.9846,2.9709,2.9836,2668806.7
2025-09-21 00:45:00+00:00,2.9836,2.99,2.9833,2.9873,2924696.4
2025-09-21 01:00:00+00:00,2.9873,2.9889,2.9849,2.9861,1826818.2
2025-09-21 01:15:00+00:00,2.9861,2.9867,2.984,2.9859,1082830.1
2025-09-21 01:30:00+00:00,2.9859,2.9859,2.981,2.9817,1076563.1
2025-09-21 01:45:00+00:00,2.9818,2.9822,2.9762,2.9784,2138845.3
2025-09-21 02:00:00+00:00,2.9784,2.9862,2.9781,2.9851,1887049.0
2025-09-21 02:15:00+00:00,2.9851,2.9855,2.9745,2.9853,2148926.3
2025-09-21 02:30:00+00:00,2.9853,2.988,2.9833,2.9864,1441423.4
2025-09-21 02:45:00+00:00,2.9864,2.9896,2.9863,2.9888,1087626.2
2025-09-21 03:00:00+00:00,2.9889,2.9911,2.9865,2.9911,1520387.3
2025-09-21 03:15:00+00:00,2.991,2.9927,2.9892,2.9911,1869257.9
2025-09-21 03:30:00+00:00,2.9911,2.9958,2.9898,2.9951,1415531.3
2025-09-21 03:45:00+00:00,2.9951,2.9972,2.9945,2.9961,1485923.6
2025-09-21 04:00:00+00:00,2.9962,2.9966,2.9916,2.9935,2120198.1
2025-09-21 04:15:00+00:00,2.9935,2.9959,2.992,2.9946,1294360.8
2025-09-21 04:30:00+00:00,2.9946,2.9983,2.9917,2.9974,1658602.1
2025-09-21 04:45:00+00:00,2.9974,3.0057,2.9962,3.0057,4169018.1
2025-09-21 05:00:00+00:00,3.0057,3.012,3.0013,3.0032,6688325.4
2025-09-21 05:15:00+00:00,3.0033,3.0108,2.9995,3.01,2754749.6
2025-09-21 05:30:00+00:00,3.01,3.0123,3.0053,3.0058,2811481.2
2025-09-21 05:45:00+00:00,3.0059,3.0075,3.0027,3.0043,1781580.6
2025-09-21 06:00:00+00:00,3.0044,3.0104,3.0042,3.0063,2808103.7
2025-09-21 06:15:00+00:00,3.0063,3.0071,3.0011,3.003,2127072.7
2025-09-21 06:30:00+00:00,3.003,3.0032,2.9997,3.0017,2161307.7
2025-09-21 06:45:00+00:00,3.0018,3.0018,2.9983,2.9989,1723893.1
2025-09-21 07:00:00+00:00,2.9989,3.0047,2.9979,3.0021,2203776.6
2025-09-21 07:15:00+00:00,3.0021,3.0052,2.9997,3.0027,1567516.7
2025-09-21 07:30:00+00:00,3.0027,3.0045,3.0019,3.0019,1062043.1
2025-09-21 07:45:00+00:00,3.002,3.002,2.9938,2.9956,2590991.0
2025-09-21 08:00:00+00:00,2.9957,2.9994,2.9926,2.9941,2456584.4
2025-09-21 08:15:00+00:00,2.9941,2.9941,2.9883,2.9895,2631313.3
2025-09-21 08:30:00+00:00,2.9895,2.9913,2.9882,2.9911,1269466.9
2025-09-21 08:45:00+00:00,2.9912,2.9913,2.9885,2.9896,1301280.0
2025-09-21 09:00:00+00:00,2.9896,2.9915,2.9824,2.9833,2454781.0
2025-09-21 09:15:00+00:00,2.9833,2.9836,2.9668,2.969,11311261.2
2025-09-21 09:30:00+00:00,2.9691,2.9712,2.9592,2.9702,10928958.6
2025-09-21 09:45:00+00:00,2.9702,2.9789,2.9659,2.9773,6564846.6
2025-09-21 10:00:00+00:00,2.9774,2.979,2.9733,2.9757,2794396.4
2025-09-21 10:15:00+00:00,2.9757,2.9771,2.9711,2.974,2235617.0
2025-09-21 10:30:00+00:00,2.974,2.9765,2.972,2.972,1486201.5
2025-09-21 10:45:00+00:00,2.972,2.9721,2.9665,2.9667,3045365.9
2025-09-21 11:00:00+00:00,2.9666,2.9771,2.9655,2.9752,3587563.0
2025-09-21 11:15:00+00:00,2.9753,2.9762,2.9718,2.9753,1999369.1
2025-09-21 11:30:00+00:00,2.9753,2.98,2.9737,2.9777,1301958.9
2025-09-21 11:45:00+00:00,2.9777,2.9785,2.9724,2.9737,1833740.3
2025-09-21 12:00:00+00:00,2.9738,2.9825,2.9715,2.9814,2587688.5
2025-09-21 12:15:00+00:00,2.9814,2.9845,2.9803,2.9815,2041052.7
2025-09-21 12:30:00+00:00,2.9814,2.9852,2.9782,2.9792,2092106.6
2025-09-21 12:45:00+00:00,2.9791,2.9815,2.976,2.9779,1349996.2
2025-09-21 13:00:00+00:00,2.9779,2.9837,2.9762,2.9808,1356709.3
2025-09-21 13:15:00+00:00,2.9807,2.9833,2.9794,2.9832,775047.8
2025-09-21 13:30:00+00:00,2.9832,2.9861,2.9794,2.9813,1716908.3
2025-09-21 13:45:00+00:00,2.9812,2.9851,2.9812,2.9849,1243388.8
2025-09-21 14:00:00+00:00,2.9849,2.9873,2.9811,2.9834,1454507.9
2025-09-21 14:15:00+00:00,2.9834,2.9834,2.9762,2.9769,1898202.2
2025-09-21 14:30:00+00:00,2.9768,2.9814,2.9732,2.9814,2087396.2
2025-09-21 14:45:00+00:00,2.9814,2.9859,2.9747,2.9748,2126581.1
2025-09-21 15:00:00+00:00,2.9748,2.9762,2.9729,2.9755,1269399.8
2025-09-21 15:15:00+00:00,2.9756,2.9769,2.9711,2.9713,1869900.3
2025-09-21 15:30:00+00:00,2.9712,2.9777,2.9682,2.9775,2497729.9
2025-09-21 15:45:00+00:00,2.9775,2.98,2.9753,2.9784,1609191.5
2025-09-21 16:00:00+00:00,2.9784,2.982,2.9774,2.9801,1916240.7
2025-09-21 16:15:00+00:00,2.98,2.9809,2.9674,2.9726,3125776.2
2025-09-21 16:30:00+00:00,2.9727,2.9733,2.9631,2.9646,3393061.4
2025-09-21 16:45:00+00:00,2.9646,2.9654,2.9602,2.9636,4424683.3
2025-09-21 17:00:00+00:00,2.9635,2.966,2.955,2.9569,7651189.6
2025-09-21 17:15:00+00:00,2.9569,2.9595,2.9506,2.9561,5283184.1
2025-09-21 17:30:00+00:00,2.956,2.9631,2.9518,2.9627,2568530.8
2025-09-21 17:45:00+00:00,2.9627,2.9728,2.9622,2.9724,2796740.3
2025-09-21 18:00:00+00:00,2.9724,2.9785,2.9711,2.9772,3213529.9
2025-09-21 18:15:00+00:00,2.9773,2.9798,2.9729,2.9741,1939421.9
2025-09-21 18:30:00+00:00,2.9741,2.9802,2.9735,2.9788,1773886.6
2025-09-21 18:45:00+00:00,2.9789,2.9839,2.978,2.9839,2174994.7
2025-09-21 19:00:00+00:00,2.9839,2.984,2.9694,2.9726,3754273.2
2025-09-21 19:15:00+00:00,2.9725,2.981,2.9703,2.981,1575233.1
2025-09-21 19:30:00+00:00,2.9809,2.9812,2.9747,2.9767,1017730.4
2025-09-21 19:45:00+00:00,2.9767,2.9809,2.9762,2.9802,918746.9
2025-09-21 20:00:00+00:00,2.9801,2.9815,2.9727,2.9739,1688622.9
2025-09-21 20:15:00+00:00,2.9739,2.9837,2.973,2.9831,2051210.8
2025-09-21 20:30:00+00:00,2.9831,2.9831,2.9732,2.9745,1733053.5
2025-09-21 20:45:00+00:00,2.9745,2.9775,2.9726,2.974,1076892.0
2025-09-21 21:00:00+00:00,2.974,2.9771,2.973,2.9771,1617918.8
2025-09-21 21:15:00+00:00,2.9771,2.9771,2.9658,2.9668,1699739.3
2025-09-21 21:30:00+00:00,2.9669,2.978,2.9653,2.9746,1845342.8
2025-09-21 21:45:00+00:00,2.9747,2.9761,2.9723,2.9734,668970.9
2025-09-21 22:00:00+00:00,2.9734,2.9778,2.9652,2.9667,3228432.2
2025-09-21 22:15:00+00:00,2.9666,2.9734,2.9627,2.9718,2216609.7
2025-09-21 22:30:00+00:00,2.9718,2.981,2.9696,2.9805,2590209.9
2025-09-21 22:45:00+00:00,2.9806,2.9919,2.9803,2.9894,5759634.6
2025-09-21 23:00:00+00:00,2.9895,2.9918,2.9745,2.9767,5768376.4
2025-09-21 23:15:00+00:00,2.9767,2.9787,2.9697,2.9723,3791862.5
2025-09-21 23:30:00+00:00,2.9723,2.9751,2.9672,2.9738,2058201.2
2025-09-21 23:45:00+00:00,2.9738,2.9738,2.9682,2.9686,1327297.8
2025-09-22 00:00:00+00:00,2.9686,2.974,2.9634,2.9637,6120167.5
2025-09-22 00:15:00+00:00,2.9637,2.9641,2.9512,2.9535,10056512.1
2025-09-22 00:30:00+00:00,2.9535,2.9545,2.8992,2.9175,75627393.0
2025-09-22 00:45:00+00:00,2.9175,2.9235,2.8946,2.915,27880500.8
2025-09-22 01:00:00+00:00,2.9151,2.9266,2.9111,2.9152,11402111.3
2025-09-22 01:15:00+00:00,2.9152,2.9252,2.9108,2.9235,7884508.7
2025-09-22 01:30:00+00:00,2.9235,2.9348,2.9187,2.9289,6783503.2
2025-09-22 01:45:00+00:00,2.9289,2.932,2.9139,2.9161,5759670.9
2025-09-22 02:00:00+00:00,2.9161,2.9217,2.9088,2.9089,11735051.8
2025-09-22 02:15:00+00:00,2.9089,2.913,2.895,2.9045,12491359.8
2025-09-22 02:30:00+00:00,2.9045,2.9051,2.8752,2.8878,30426271.7
2025-09-22 02:45:00+00:00,2.8878,2.8973,2.886,2.897,10086393.3
2025-09-22 03:00:00+00:00,2.897,2.9042,2.8953,2.9018,5042044.0
2025-09-22 03:15:00+00:00,2.9018,2.9068,2.8971,2.9044,3022227.3
2025-09-22 03:30:00+00:00,2.9044,2.9044,2.8919,2.8942,3685793.3
2025-09-22 03:45:00+00:00,2.8942,2.9039,2.8938,2.9026,4172924.0
2025-09-22 04:00:00+00:00,2.9025,2.9047,2.8943,2.8947,4646033.7
2025-09-22 04:15:00+00:00,2.8947,2.9034,2.8931,2.9015,2263933.2
2025-09-22 04:30:00+00:00,2.9016,2.9054,2.8969,2.8999,2264595.9
2025-09-22 04:45:00+00:00,2.9,2.9023,2.8927,2.893,3018220.0
2025-09-22 05:00:00+00:00,2.8929,2.8944,2.882,2.8835,6857619.1
2025-09-22 05:15:00+00:00,2.8835,2.8901,2.8793,2.8873,4693830.9
2025-09-22 05:30:00+00:00,2.8874,2.8874,2.8749,2.8756,5243210.4
2025-09-22 05:45:00+00:00,2.8756,2.8806,2.8417,2.8453,16124758.1
2025-09-22 06:00:00+00:00,2.8449,2.8491,2.6704,2.7849,164607612.6
2025-09-22 06:15:00+00:00,2.7848,2.8187,2.782,2.8081,34760609.7
2025-09-22 06:30:00+00:00,2.808,2.8218,2.8028,2.8207,19356477.0
2025-09-22 06:45:00+00:00,2.8207,2.8275,2.8121,2.8222,13984212.5
2025-09-22 07:00:00+00:00,2.8222,2.8262,2.8087,2.8094,17647280.8
2025-09-22 07:15:00+00:00,2.8093,2.8165,2.807,2.8147,9412028.7
2025-09-22 07:30:00+00:00,2.8147,2.8224,2.8051,2.8084,11533987.1
2025-09-22 07:45:00+00:00,2.8084,2.8132,2.8023,2.8046,6840128.3
2025-09-22 08:00:00+00:00,2.8045,2.82,2.7961,2.8145,14398843.6
2025-09-22 08:15:00+00:00,2.8145,2.8226,2.8066,2.8091,9000895.6
2025-09-22 08:30:00+00:00,2.8091,2.8184,2.8057,2.8169,6869329.1
2025-09-22 08:45:00+00:00,2.8168,2.8217,2.8096,2.8114,4967093.3
2025-09-22 09:00:00+00:00,2.8114,2.8147,2.8075,2.8098,4589000.0
2025-09-22 09:15:00+00:00,2.8099,2.8175,2.8079,2.8137,4784980.9
2025-09-22 09:30:00+00:00,2.8137,2.8148,2.8066,2.8117,5176503.4
2025-09-22 09:45:00+00:00,2.8117,2.814,2.796,2.7995,10407412.9
2025-09-22 10:00:00+00:00,2.7995,2.8117,2.7883,2.8055,9170676.9
2025-09-22 10:15:00+00:00,2.8056,2.8126,2.8014,2.8102,4422580.4
2025-09-22 10:30:00+00:00,2.8103,2.8105,2.797,2.8032,5540714.8
2025-09-22 10:45:00+00:00,2.8033,2.818,2.8028,2.8147,5956225.9
2025-09-22 11:00:00+00:00,2.8148,2.8212,2.8112,2.8143,5163857.1
2025-09-22 11:15:00+00:00,2.8143,2.8188,2.8103,2.816,3460798.6
2025-09-22 11:30:00+00:00,2.8161,2.8161,2.8102,2.8123,3198463.5
2025-09-22 11:45:00+00:00,2.8123,2.8179,2.8113,2.8148,3130331.6
2025-09-22 12:00:00+00:00,2.8148,2.8152,2.8027,2.8097,9100197.2
2025-09-22 12:15:00+00:00,2.8096,2.8218,2.8095,2.8178,4504101.0
2025-09-22 12:30:00+00:00,2.8178,2.822,2.8135,2.8172,3878234.1
2025-09-22 12:45:00+00:00,2.8172,2.8439,2.8172,2.8436,13236915.4
2025-09-22 13:00:00+00:00,2.8436,2.8518,2.8392,2.8494,15403881.0
2025-09-22 13:15:00+00:00,2.8494,2.8519,2.8408,2.8516,6872813.9
2025-09-22 13:30:00+00:00,2.8515,2.857,2.835,2.8381,11410052.4
2025-09-22 13:45:00+00:00,2.8381,2.8558,2.8324,2.8556,8389696.3
2025-09-22 14:00:00+00:00,2.8556,2.8588,2.8477,2.8487,9721068.6
2025-09-22 14:15:00+00:00,2.8488,2.8632,2.8476,2.8628,8616340.7
2025-09-22 14:30:00+00:00,2.8627,2.8659,2.8565,2.8606,7586401.8
2025-09-22 14:45:00+00:00,2.8606,2.868,2.8535,2.8593,11601110.2
2025-09-22 15:00:00+00:00,2.8594,2.8735,2.8553,2.8628,15723152.0
2025-09-22 15:15:00+00:00,2.8628,2.8695,2.8517,2.8651,8960462.5
2025-09-22 15:30:00+00:00,2.8652,2.8654,2.8526,2.8539,6520538.2
2025-09-22 15:45:00+00:00,2.854,2.86,2.848,2.8585,5846310.6
2025-09-22 16:00:00+00:00,2.8586,2.8688,2.8572,2.8667,7745282.1
2025-09-22 16:15:00+00:00,2.8667,2.8691,2.8552,2.8594,5418281.8
2025-09-22 16:30:00+00:00,2.8594,2.8603,2.8432,2.846,8628819.4
2025-09-22 16:45:00+00:00,2.846,2.8488,2.84,2.8439,5094195.7
2025-09-22 17:00:00+00:00,2.844,2.8533,2.8434,2.8474,6137931.2
2025-09-22 17:15:00+00:00,2.8474,2.8654,2.8431,2.8614,7341283.2
2025-09-22 17:30:00+00:00,2.8614,2.867,2.8497,2.8547,6574975.9
2025-09-22 17:45:00+00:00,2.8548,2.8604,2.8525,2.8555,3527093.8
2025-09-22 18:00:00+00:00,2.8556,2.8616,2.8551,2.8589,4787524.2
2025-09-22 18:15:00+00:00,2.8588,2.8598,2.8442,2.8506,6495466.4
2025-09-22 18:30:00+00:00,2.8506,2.8526,2.8403,2.8422,4735613.8
2025-09-22 18:45:00+00:00,2.8422,2.8428,2.8312,2.8323,8090169.6
2025-09-22 19:00:00+00:00,2.8323,2.8359,2.8279,2.8309,4384698.1
2025-09-22 19:15:00+00:00,2.831,2.8364,2.8273,2.8274,5559963.1
2025-09-22 19:30:00+00:00,2.8273,2.8337,2.8202,2.8279,12168978.9
2025-09-22 19:45:00+00:00,2.8279,2.8351,2.8137,2.8331,19949840.8
2025-09-22 20:00:00+00:00,2.8331,2.8332,2.8132,2.8285,12886152.3
2025-09-22 20:15:00+00:00,2.8285,2.8309,2.8246,2.8304,3447698.5
2025-09-22 20:30:00+00:00,2.8305,2.8382,2.83,2.8375,5636365.4
2025-09-22 20:45:00+00:00,2.8376,2.8421,2.8331,2.8393,3513403.2
2025-09-22 21:00:00+00:00,2.8393,2.8393,2.8281,2.8283,2433881.2
2025-09-22 21:15:00+00:00,2.8282,2.8392,2.8282,2.8378,1590536.8
2025-09-22 21:30:00+00:00,2.8379,2.8489,2.8363,2.8483,2699460.0
2025-09-22 21:45:00+00:00,2.8484,2.8559,2.8472,2.8538,2377600.8
2025-09-22 22:00:00+00:00,2.8539,2.8539,2.8454,2.8495,2890506.2
2025-09-22 22:15:00+00:00,2.8495,2.8549,2.8478,2.8481,2635469.8
2025-09-22 22:30:00+00:00,2.8481,2.8492,2.842,2.8462,1907099.0
2025-09-22 22:45:00+00:00,2.8462,2.8468,2.8416,2.8445,1933332.3
2025-09-22 23:00:00+00:00,2.8445,2.8467,2.8429,2.844,1864197.4
2025-09-22 23:15:00+00:00,2.8441,2.8487,2.843,2.8459,1987776.1
2025-09-22 23:30:00+00:00,2.8459,2.8479,2.8425,2.8456,2197830.8
2025-09-22 23:45:00+00:00,2.8457,2.8516,2.8451,2.8512,1537914.0
2025-09-23 00:00:00+00:00,2.8512,2.8542,2.8457,2.8539,3866068.4
2025-09-23 00:15:00+00:00,2.854,2.8657,2.8539,2.8631,5042498.9
2025-09-23 00:30:00+00:00,2.863,2.8669,2.8542,2.8544,4038636.0
2025-09-23 00:45:00+00:00,2.8545,2.8563,2.8489,2.8499,2643963.6
2025-09-23 01:00:00+00:00,2.8499,2.8523,2.8354,2.838,6918925.3
2025-09-23 01:15:00+00:00,2.838,2.8482,2.8364,2.8463,3213192.4
2025-09-23 01:30:00+00:00,2.8462,2.847,2.8273,2.8308,3949228.0
2025-09-23 01:45:00+00:00,2.8308,2.834,2.8209,2.8218,5178194.4
2025-09-23 02:00:00+00:00,2.8218,2.8362,2.8218,2.8302,4789667.3
2025-09-23 02:15:00+00:00,2.8303,2.831,2.8162,2.8175,4809109.7
2025-09-23 02:30:00+00:00,2.8175,2.8207,2.8145,2.8155,3679663.9
2025-09-23 02:45:00+00:00,2.8155,2.8165,2.8054,2.808,6177125.7
2025-09-23 03:00:00+00:00,2.808,2.8116,2.7977,2.8112,9250227.6
2025-09-23 03:15:00+00:00,2.8112,2.8487,2.8106,2.8469,12774684.5
2025-09-23 03:30:00+00:00,2.847,2.8711,2.8463,2.8547,15763488.5
2025-09-23 03:45:00+00:00,2.8546,2.871,2.8544,2.8587,9341173.1
2025-09-23 04:00:00+00:00,2.8588,2.8648,2.8476,2.8484,5568079.9
2025-09-23 04:15:00+00:00,2.8483,2.8495,2.8428,2.8438,2977068.1
2025-09-23 04:30:00+00:00,2.8439,2.8503,2.8342,2.8453,5282366.9
2025-09-23 04:45:00+00:00,2.8452,2.8552,2.8389,2.8547,4360093.6
2025-09-23 05:00:00+00:00,2.8547,2.8642,2.8501,2.8605,6516426.7
2025-09-23 05:15:00+00:00,2.8606,2.8732,2.858,2.8693,5224711.4
2025-09-23 05:30:00+00:00,2.8693,2.8738,2.8656,2.8727,3660599.6
2025-09-23 05:45:00+00:00,2.8728,2.8742,2.8628,2.8645,5467675.7
2025-09-23 06:00:00+00:00,2.8646,2.8711,2.8581,2.866,4953740.6
2025-09-23 06:15:00+00:00,2.866,2.8738,2.8636,2.8714,3593584.5
2025-09-23 06:30:00+00:00,2.8713,2.8792,2.8648,2.8668,12592652.1
2025-09-23 06:45:00+00:00,2.8669,2.8731,2.8628,2.8713,7224411.9
2025-09-23 07:00:00+00:00,2.8712,2.8725,2.8626,2.867,4755477.9
2025-09-23 07:15:00+00:00,2.8669,2.8829,2.8644,2.8694,10066363.8
2025-09-23 07:30:00+00:00,2.8694,2.8725,2.8656,2.867,3812637.7
2025-09-23 07:45:00+00:00,2.867,2.8689,2.8617,2.8631,3253690.5
2025-09-23 08:00:00+00:00,2.863,2.8683,2.8567,2.8615,5993641.1
2025-09-23 08:15:00+00:00,2.8615,2.8646,2.8589,2.8591,2836748.2
2025-09-23 08:30:00+00:00,2.8591,2.8622,2.8544,2.8619,2730609.6
2025-09-23 08:45:00+00:00,2.8619,2.8647,2.8579,2.864,2042209.4
2025-09-23 09:00:00+00:00,2.864,2.8721,2.8611,2.8705,4461109.6
2025-09-23 09:15:00+00:00,2.8705,2.8705,2.8525,2.8527,4180278.4
2025-09-23 09:30:00+00:00,2.8526,2.8569,2.8515,2.8544,2717528.7
2025-09-23 09:45:00+00:00,2.8543,2.8573,2.8474,2.8562,3548014.4
2025-09-23 10:00:00+00:00,2.8561,2.8635,2.8539,2.8615,3766281.3
2025-09-23 10:15:00+00:00,2.8616,2.8635,2.856,2.8589,1955072.5
2025-09-23 10:30:00+00:00,2.8588,2.8629,2.8558,2.8614,1868378.6
2025-09-23 10:45:00+00:00,2.8614,2.8672,2.8614,2.8625,2682353.9
2025-09-23 11:00:00+00:00,2.8624,2.8627,2.8556,2.8564,2673803.8
2025-09-23 11:15:00+00:00,2.8564,2.8628,2.8554,2.8604,2499528.9
2025-09-23 11:30:00+00:00,2.8604,2.866,2.8587,2.866,1746317.2
2025-09-23 11:45:00+00:00,2.866,2.8665,2.8568,2.857,3313163.2
2025-09-23 12:00:00+00:00,2.8569,2.8598,2.8515,2.8583,5204839.1
2025-09-23 12:15:00+00:00,2.8583,2.8604,2.8518,2.8561,3806827.3
2025-09-23 12:30:00+00:00,2.856,2.8684,2.8538,2.8674,3662019.1
2025-09-23 12:45:00+00:00,2.8674,2.8705,2.8589,2.8634,8445159.7
2025-09-23 13:00:00+00:00,2.8634,2.8635,2.8555,2.8586,5606022.1
2025-09-23 13:15:00+00:00,2.8586,2.8628,2.8547,2.8606,2359186.8
2025-09-23 13:30:00+00:00,2.8606,2.8672,2.852,2.8586,5185526.0
2025-09-23 13:45:00+00:00,2.8587,2.8635,2.8535,2.8579,3221846.2
2025-09-23 14:00:00+00:00,2.858,2.8772,2.8572,2.8687,6942308.9
2025-09-23 14:15:00+00:00,2.8688,2.8694,2.8552,2.8622,4638047.0
2025-09-23 14:30:00+00:00,2.8623,2.8669,2.853,2.8625,5998511.7
2025-09-23 14:45:00+00:00,2.8626,2.8681,2.8564,2.8627,3133444.2
2025-09-23 15:00:00+00:00,2.8626,2.8763,2.8572,2.8717,5922656.5
2025-09-23 15:15:00+00:00,2.8718,2.8789,2.8691,2.8741,5460191.5
2025-09-23 15:30:00+00:00,2.8741,2.8826,2.8727,2.8772,5150460.8
2025-09-23 15:45:00+00:00,2.8773,2.8807,2.8732,2.8753,2586391.8
2025-09-23 16:00:00+00:00,2.8753,2.8776,2.8622,2.87,5770923.0
2025-09-23 16:15:00+00:00,2.8699,2.8782,2.8659,2.8775,3526191.3
2025-09-23 16:30:00+00:00,2.8775,2.8826,2.8695,2.877,6591768.3
2025-09-23 16:45:00+00:00,2.8771,2.8959,2.877,2.8845,8911296.4
2025-09-23 17:00:00+00:00,2.8846,2.8861,2.8739,2.875,4676792.2
2025-09-23 17:15:00+00:00,2.8751,2.8768,2.8672,2.8677,3453063.1
2025-09-23 17:30:00+00:00,2.8676,2.8736,2.8532,2.855,7650149.4
2025-09-23 17:45:00+00:00,2.8551,2.8596,2.844,2.8477,8842156.9
2025-09-23 18:00:00+00:00,2.8477,2.8536,2.8392,2.8524,7720185.8
2025-09-23 18:15:00+00:00,2.8524,2.8536,2.8426,2.844,3732145.4
2025-09-23 18:30:00+00:00,2.844,2.851,2.8412,2.8449,3121741.1
2025-09-23 18:45:00+00:00,2.845,2.8464,2.8366,2.8444,5177741.2
2025-09-23 19:00:00+00:00,2.8443,2.8643,2.844,2.8628,5753784.2
2025-09-23 19:15:00+00:00,2.8628,2.8688,2.8594,2.864,3418499.2
2025-09-23 19:30:00+00:00,2.8639,2.8647,2.8542,2.855,2946700.3
2025-09-23 19:45:00+00:00,2.855,2.8565,2.8464,2.8517,12745367.2
2025-09-23 20:00:00+00:00,2.8516,2.8587,2.8474,2.8495,6651930.1
2025-09-23 20:15:00+00:00,2.8495,2.8515,2.8369,2.8423,3880415.0
2025-09-23 20:30:00+00:00,2.8422,2.8551,2.8415,2.8514,3480986.7
2025-09-23 20:45:00+00:00,2.8513,2.8545,2.8432,2.8541,2402311.1
2025-09-23 21:00:00+00:00,2.8541,2.8554,2.8403,2.8437,2893745.6
2025-09-23 21:15:00+00:00,2.8437,2.8467,2.8337,2.8456,3308679.1
2025-09-23 21:30:00+00:00,2.8456,2.8567,2.8449,2.8566,2225044.6
2025-09-23 21:45:00+00:00,2.8566,2.8567,2.8469,2.8473,1588738.0
2025-09-23 22:00:00+00:00,2.8472,2.8473,2.8401,2.8426,2900038.0
2025-09-23 22:15:00+00:00,2.8425,2.8431,2.8338,2.8353,2260617.2
2025-09-23 22:30:00+00:00,2.8353,2.8436,2.8353,2.8396,2188764.1
2025-09-23 22:45:00+00:00,2.8396,2.8406,2.8314,2.8341,1749706.1
2025-09-23 23:00:00+00:00,2.834,2.8353,2.8257,2.8267,5454592.2
2025-09-23 23:15:00+00:00,2.8266,2.8296,2.816,2.8187,4868926.9
2025-09-23 23:30:00+00:00,2.8187,2.8319,2.8181,2.8285,4329409.2
2025-09-23 23:45:00+00:00,2.8284,2.8315,2.8229,2.8234,1896761.2
2025-09-24 00:00:00+00:00,2.8234,2.8303,2.8203,2.8296,5452179.4
2025-09-24 00:15:00+00:00,2.8295,2.8411,2.8291,2.837,7164444.3
2025-09-24 00:30:00+00:00,2.837,2.837,2.8276,2.8318,3139861.4
2025-09-24 00:45:00+00:00,2.8317,2.8366,2.826,2.8271,1795280.8
2025-09-24 01:00:00+00:00,2.8271,2.8337,2.8232,2.8309,2665169.5
2025-09-24 01:15:00+00:00,2.831,2.8379,2.8296,2.8367,2111153.1
2025-09-24 01:30:00+00:00,2.8367,2.8404,2.8336,2.8341,1779252.1
2025-09-24 01:45:00+00:00,2.8341,2.842,2.8336,2.8397,1529684.1
2025-09-24 02:00:00+00:00,2.8396,2.8404,2.8274,2.8279,2076180.5
2025-09-24 02:15:00+00:00,2.8279,2.8286,2.8197,2.8242,4627007.4
2025-09-24 02:30:00+00:00,2.8243,2.8277,2.8196,2.8254,3615595.5
2025-09-24 02:45:00+00:00,2.8254,2.8316,2.8174,2.8277,10977311.6
2025-09-24 03:00:00+00:00,2.8276,2.8333,2.8234,2.8267,2782114.6
2025-09-24 03:15:00+00:00,2.8267,2.8295,2.8033,2.8113,11175576.7
2025-09-24 03:30:00+00:00,2.8114,2.8202,2.8086,2.8146,8034886.9
2025-09-24 03:45:00+00:00,2.8146,2.8166,2.8049,2.8125,5245500.6
2025-09-24 04:00:00+00:00,2.8125,2.8125,2.7871,2.8035,26108477.7
2025-09-24 04:15:00+00:00,2.8035,2.8243,2.7985,2.8232,10006652.2
2025-09-24 04:30:00+00:00,2.8233,2.8477,2.823,2.8433,13020747.7
2025-09-24 04:45:00+00:00,2.8433,2.8441,2.8378,2.8391,5655282.2
2025-09-24 05:00:00+00:00,2.8391,2.8458,2.8369,2.8446,4216046.8
2025-09-24 05:15:00+00:00,2.8446,2.8473,2.8384,2.8432,2885779.9
2025-09-24 05:30:00+00:00,2.8432,2.8556,2.841,2.8535,3674910.8
2025-09-24 05:45:00+00:00,2.8535,2.8597,2.8528,2.856,3619721.6
2025-09-24 06:00:00+00:00,2.856,2.8612,2.8527,2.8568,4052537.9
2025-09-24 06:15:00+00:00,2.8568,2.8677,2.854,2.8557,8792099.3
2025-09-24 06:30:00+00:00,2.8557,2.8563,2.8496,2.8532,5445616.8
2025-09-24 06:45:00+00:00,2.8533,2.8573,2.852,2.8548,2665860.3
2025-09-24 07:00:00+00:00,2.8549,2.8676,2.8532,2.8667,5598617.4
2025-09-24 07:15:00+00:00,2.8667,2.8716,2.8604,2.8629,3743416.6
2025-09-24 07:30:00+00:00,2.8628,2.8737,2.8607,2.8709,3204762.5
2025-09-24 07:45:00+00:00,2.8709,2.8764,2.8692,2.8723,3965913.6
2025-09-24 08:00:00+00:00,2.8724,2.8733,2.868,2.8707,3462265.2
2025-09-24 08:15:00+00:00,2.8707,2.8737,2.8659,2.8706,3633752.1
2025-09-24 08:30:00+00:00,2.8706,2.876,2.8706,2.8751,2352698.7
2025-09-24 08:45:00+00:00,2.8751,2.8786,2.8715,2.8735,2736958.3
2025-09-24 09:00:00+00:00,2.8736,2.8736,2.8704,2.8715,1959653.8
2025-09-24 09:15:00+00:00,2.8714,2.873,2.8691,2.8715,1674483.6
2025-09-24 09:30:00+00:00,2.8715,2.8781,2.8714,2.8765,2187392.7
2025-09-24 09:45:00+00:00,2.8765,2.8773,2.8723,2.8727,2061202.9
2025-09-24 10:00:00+00:00,2.8726,2.8742,2.8694,2.8703,4198626.1
2025-09-24 10:15:00+00:00,2.8703,2.8728,2.8673,2.8679,3120613.2
2025-09-24 10:30:00+00:00,2.8679,2.8726,2.8673,2.8696,2905912.2
2025-09-24 10:45:00+00:00,2.8696,2.873,2.8671,2.8717,1612381.2
2025-09-24 11:00:00+00:00,2.8717,2.8834,2.8709,2.8808,4969919.8
2025-09-24 11:15:00+00:00,2.8809,2.8829,2.875,2.8757,3036491.8
2025-09-24 11:30:00+00:00,2.8757,2.8807,2.8741,2.8771,2396811.0
2025-09-24 11:45:00+00:00,2.8771,2.8807,2.8742,2.8789,2316483.5
2025-09-24 12:00:00+00:00,2.8789,2.8863,2.8789,2.8845,4384135.8
2025-09-24 12:15:00+00:00,2.8846,2.8864,2.8773,2.8779,3060957.6
2025-09-24 12:30:00+00:00,2.8779,2.8824,2.8774,2.881,1631028.4
2025-09-24 12:45:00+00:00,2.8811,2.8811,2.8737,2.8755,2413485.0
2025-09-24 13:00:00+00:00,2.8755,2.8777,2.8724,2.8739,2441745.4
2025-09-24 13:15:00+00:00,2.874,2.8793,2.8728,2.8759,1575375.8
2025-09-24 13:30:00+00:00,2.8759,2.8859,2.8703,2.8813,5845338.7
2025-09-24 13:45:00+00:00,2.8813,2.8848,2.875,2.8757,5347056.6
2025-09-24 14:00:00+00:00,2.8757,2.8899,2.8757,2.8895,6126008.0
2025-09-24 14:15:00+00:00,2.8896,2.8946,2.885,2.8938,7898992.2
2025-09-24 14:30:00+00:00,2.8938,2.904,2.893,2.9037,8595286.5
2025-09-24 14:45:00+00:00,2.9037,2.925,2.9033,2.9185,20765622.7
2025-09-24 15:00:00+00:00,2.9186,2.9232,2.907,2.9078,8168783.9
2025-09-24 15:15:00+00:00,2.9078,2.9232,2.9076,2.9223,5328650.4
2025-09-24 15:30:00+00:00,2.9224,2.937,2.922,2.932,12199966.0
2025-09-24 15:45:00+00:00,2.9321,2.95,2.9246,2.9389,25474441.8
2025-09-24 16:00:00+00:00,2.9389,2.9463,2.9276,2.9304,12287419.6
2025-09-24 16:15:00+00:00,2.9305,2.9476,2.93,2.9443,9344287.1
2025-09-24 16:30:00+00:00,2.9442,2.9466,2.9301,2.9432,11668830.6
2025-09-24 16:45:00+00:00,2.9431,2.9514,2.9394,2.9452,8852804.3
2025-09-24 17:00:00+00:00,2.9453,2.9488,2.9374,2.9463,6539769.7
2025-09-24 17:15:00+00:00,2.9464,2.9485,2.9334,2.9357,5117869.6
2025-09-24 17:30:00+00:00,2.9357,2.9555,2.9352,2.9484,7306076.8
2025-09-24 17:45:00+00:00,2.9483,2.95,2.9392,2.943,5290589.7
2025-09-24 18:00:00+00:00,2.9429,2.95,2.9394,2.9476,4124131.7
2025-09-24 18:15:00+00:00,2.9477,2.9525,2.9434,2.9517,3931556.7
2025-09-24 18:30:00+00:00,2.9517,2.955,2.9461,2.951,4596355.6
2025-09-24 18:45:00+00:00,2.951,2.9526,2.9452,2.9501,2864998.4
2025-09-24 19:00:00+00:00,2.9501,2.9558,2.9465,2.9502,4630701.1
2025-09-24 19:15:00+00:00,2.9502,2.954,2.9488,2.9512,2243847.0
2025-09-24 19:30:00+00:00,2.9511,2.9597,2.9462,2.9584,6548517.7
2025-09-24 19:45:00+00:00,2.9584,2.9948,2.9556,2.9759,29315483.6
2025-09-24 20:00:00+00:00,2.9759,2.9786,2.962,2.9633,15965962.9
2025-09-24 20:15:00+00:00,2.9633,2.9743,2.9604,2.9637,5925430.7
2025-09-24 20:30:00+00:00,2.9637,2.9637,2.9502,2.9574,5919414.2
2025-09-24 20:45:00+00:00,2.9574,2.976,2.9567,2.9675,4937867.5
2025-09-24 21:00:00+00:00,2.9676,2.9748,2.9615,2.9698,4455399.5
2025-09-24 21:15:00+00:00,2.9698,2.9717,2.9581,2.9625,2856274.5
2025-09-24 21:30:00+00:00,2.9625,2.9647,2.9535,2.9538,3141455.5
2025-09-24 21:45:00+00:00,2.9537,2.9592,2.94,2.9429,6567859.2
2025-09-24 22:00:00+00:00,2.943,2.958,2.9423,2.956,6795017.1
2025-09-24 22:15:00+00:00,2.9561,2.9589,2.9431,2.9435,4571235.5
2025-09-24 22:30:00+00:00,2.9435,2.9481,2.9406,2.9449,6937540.8
2025-09-24 22:45:00+00:00,2.9449,2.9495,2.9354,2.9411,8154504.1
2025-09-24 23:00:00+00:00,2.9411,2.947,2.934,2.9383,5678081.8
2025-09-24 23:15:00+00:00,2.9383,2.9392,2.9278,2.9282,7153965.6
2025-09-24 23:30:00+00:00,2.9281,2.9308,2.9222,2.9286,8173444.4
2025-09-24 23:45:00+00:00,2.9286,2.9314,2.9233,2.9246,3508317.9
2025-09-25 00:00:00+00:00,2.9246,2.9429,2.9244,2.9415,10186100.9
2025-09-25 00:15:00+00:00,2.9414,2.9433,2.9201,2.9211,9942181.0
2025-09-25 00:30:00+00:00,2.9211,2.931,2.9205,2.9229,4045557.4
2025-09-25 00:45:00+00:00,2.9228,2.9246,2.91,2.9134,10569324.9
2025-09-25 01:00:00+00:00,2.9133,2.918,2.9045,2.9095,7038831.5
2025-09-25 01:15:00+00:00,2.9095,2.9135,2.9028,2.9083,4557536.0
2025-09-25 01:30:00+00:00,2.9082,2.9083,2.894,2.8968,9917138.5
2025-09-25 01:45:00+00:00,2.8968,2.9006,2.8884,2.8948,11409640.9
2025-09-25 02:00:00+00:00,2.8949,2.9095,2.8945,2.8973,5899927.0
2025-09-25 02:15:00+00:00,2.8972,2.8974,2.8871,2.8967,5443337.9
2025-09-25 02:30:00+00:00,2.8966,2.9164,2.8961,2.9021,11701692.6
2025-09-25 02:45:00+00:00,2.902,2.91,2.9014,2.9036,3034386.3
2025-09-25 03:00:00+00:00,2.9035,2.9036,2.8939,2.8945,3252055.8
2025-09-25 03:15:00+00:00,2.8944,2.8966,2.874,2.8759,11110480.3
2025-09-25 03:30:00+00:00,2.876,2.8792,2.8702,2.8739,10283079.9
2025-09-25 03:45:00+00:00,2.8738,2.875,2.8679,2.8719,5550970.2
2025-09-25 04:00:00+00:00,2.872,2.8771,2.8591,2.862,10273778.1
2025-09-25 04:15:00+00:00,2.8619,2.8627,2.8368,2.8517,26452950.3
2025-09-25 04:30:00+00:00,2.8518,2.8544,2.841,2.8481,10561848.4
2025-09-25 04:45:00+00:00,2.8481,2.8544,2.8308,2.8435,14004647.9
2025-09-25 05:00:00+00:00,2.8434,2.852,2.8337,2.8503,9851467.4
2025-09-25 05:15:00+00:00,2.8502,2.8616,2.8482,2.8601,9114746.7
2025-09-25 05:30:00+00:00,2.86,2.8604,2.8523,2.8566,4293389.7
2025-09-25 05:45:00+00:00,2.8567,2.865,2.8538,2.8636,5070644.5
2025-09-25 06:00:00+00:00,2.8635,2.864,2.8451,2.8469,8396647.6
2025-09-25 06:15:00+00:00,2.8469,2.8533,2.843,2.8497,6205746.3
2025-09-25 06:30:00+00:00,2.8498,2.8602,2.8478,2.8494,4637904.5
2025-09-25 06:45:00+00:00,2.8493,2.8517,2.8424,2.8445,3856987.4
2025-09-25 07:00:00+00:00,2.8445,2.8515,2.8371,2.845,7224474.5
2025-09-25 07:15:00+00:00,2.8449,2.8566,2.8435,2.8516,4354082.3
2025-09-25 07:30:00+00:00,2.8517,2.8537,2.8453,2.8513,2820897.9
2025-09-25 07:45:00+00:00,2.8513,2.8525,2.8368,2.8409,3276600.9
2025-09-25 08:00:00+00:00,2.8409,2.8535,2.8378,2.847,8026761.5
2025-09-25 08:15:00+00:00,2.847,2.8535,2.8397,2.8497,4633089.3
2025-09-25 08:30:00+00:00,2.8496,2.8496,2.8313,2.8332,4336556.6
2025-09-25 08:45:00+00:00,2.8333,2.8341,2.8248,2.8305,10860388.5
2025-09-25 09:00:00+00:00,2.8305,2.8431,2.828,2.8419,5069596.8
2025-09-25 09:15:00+00:00,2.8419,2.8466,2.8357,2.8403,5722483.4
2025-09-25 09:30:00+00:00,2.8403,2.8429,2.8291,2.8327,7135093.3
2025-09-25 09:45:00+00:00,2.8327,2.8352,2.8231,2.8264,6563488.9
2025-09-25 10:00:00+00:00,2.8264,2.8302,2.8228,2.829,4412186.9
2025-09-25 10:15:00+00:00,2.829,2.8369,2.8285,2.8299,2899736.6
2025-09-25 10:30:00+00:00,2.8299,2.8305,2.8209,2.8242,5831804.3
2025-09-25 10:45:00+00:00,2.8242,2.8242,2.8163,2.8163,5132253.2
2025-09-25 11:00:00+00:00,2.8164,2.8223,2.8109,2.8147,6104445.6
2025-09-25 11:15:00+00:00,2.8147,2.8149,2.806,2.8109,8026861.7
2025-09-25 11:30:00+00:00,2.811,2.8159,2.809,2.8143,6334133.5
2025-09-25 11:45:00+00:00,2.8142,2.8162,2.8096,2.8143,3485289.4
2025-09-25 12:00:00+00:00,2.8142,2.8228,2.8124,2.8225,6618815.6
2025-09-25 12:15:00+00:00,2.8225,2.823,2.7927,2.7935,16370693.5
2025-09-25 12:30:00+00:00,2.7935,2.8297,2.7843,2.8261,34982385.2
2025-09-25 12:45:00+00:00,2.8261,2.8394,2.8204,2.8265,12514427.1
2025-09-25 13:00:00+00:00,2.8265,2.8284,2.8055,2.825,20381398.7
2025-09-25 13:15:00+00:00,2.8249,2.8564,2.8233,2.848,30800484.3
2025-09-25 13:30:00+00:00,2.848,2.8505,2.822,2.8267,17650774.6
2025-09-25 13:45:00+00:00,2.8268,2.8379,2.8223,2.8257,8798658.9
2025-09-25 14:00:00+00:00,2.8257,2.8471,2.8257,2.847,8959833.8
2025-09-25 14:15:00+00:00,2.847,2.8594,2.8464,2.8484,12508362.6
2025-09-25 14:30:00+00:00,2.8484,2.8557,2.8385,2.8457,6763224.4
2025-09-25 14:45:00+00:00,2.8457,2.8469,2.8363,2.8374,3111165.4
2025-09-25 15:00:00+00:00,2.8373,2.8391,2.8277,2.8295,5717529.9
2025-09-25 15:15:00+00:00,2.8295,2.8314,2.8219,2.8253,5316948.4
2025-09-25 15:30:00+00:00,2.8254,2.8351,2.8246,2.8261,3768887.7
2025-09-25 15:45:00+00:00,2.8261,2.83,2.8184,2.83,4407276.4
2025-09-25 16:00:00+00:00,2.83,2.8367,2.8267,2.8283,6793782.8
2025-09-25 16:15:00+00:00,2.8283,2.829,2.8017,2.8039,10716091.6
2025-09-25 16:30:00+00:00,2.804,2.8125,2.802,2.8086,6383118.4
2025-09-25 16:45:00+00:00,2.8086,2.8127,2.7867,2.7903,16006165.7
2025-09-25 17:00:00+00:00,2.7903,2.7929,2.7609,2.7609,22111441.7
2025-09-25 17:15:00+00:00,2.7609,2.7776,2.752,2.7695,32099126.8
2025-09-25 17:30:00+00:00,2.7696,2.7735,2.7396,2.7503,22179737.8
2025-09-25 17:45:00+00:00,2.7504,2.7604,2.7229,2.7359,26382583.5
2025-09-25 18:00:00+00:00,2.736,2.7602,2.732,2.7598,22925301.1
2025-09-25 18:15:00+00:00,2.7598,2.7824,2.753,2.7795,19865001.6
2025-09-25 18:30:00+00:00,2.7795,2.7893,2.7719,2.7839,11597511.1
2025-09-25 18:45:00+00:00,2.7839,2.7994,2.7773,2.799,12617852.5
2025-09-25 19:00:00+00:00,2.799,2.8048,2.7952,2.7963,9222958.2
2025-09-25 19:15:00+00:00,2.7963,2.8126,2.794,2.8078,8428177.7
2025-09-25 19:30:00+00:00,2.8078,2.81,2.7815,2.7828,11838426.6
2025-09-25 19:45:00+00:00,2.7828,2.7833,2.7459,2.7596,33677280.1
2025-09-25 20:00:00+00:00,2.7596,2.7675,2.7546,2.7606,11269808.6
2025-09-25 20:15:00+00:00,2.7607,2.7708,2.7563,2.7581,8201826.3
2025-09-25 20:30:00+00:00,2.7582,2.7584,2.7487,2.7557,6623337.9
2025-09-25 20:45:00+00:00,2.7556,2.7608,2.7444,2.7465,6547303.2
2025-09-25 21:00:00+00:00,2.7466,2.7631,2.745,2.753,6684775.9
2025-09-25 21:15:00+00:00,2.753,2.7582,2.7463,2.7504,4077268.2
2025-09-25 21:30:00+00:00,2.7505,2.7527,2.7296,2.74,10711852.6
2025-09-25 21:45:00+00:00,2.74,2.7586,2.74,2.7555,2685087.0
2025-09-25 22:00:00+00:00,2.7555,2.7647,2.7477,2.7638,4439857.9
2025-09-25 22:15:00+00:00,2.7637,2.7671,2.7503,2.7522,3913417.2
2025-09-25 22:30:00+00:00,2.7522,2.7558,2.7501,2.7539,3663481.2
2025-09-25 22:45:00+00:00,2.7538,2.7544,2.7432,2.753,4039933.5
2025-09-25 23:00:00+00:00,2.7531,2.7636,2.7504,2.7519,4023523.2
2025-09-25 23:15:00+00:00,2.752,2.7582,2.7486,2.7528,3816287.2
2025-09-25 23:30:00+00:00,2.7527,2.7527,2.73,2.7368,11544813.0
2025-09-25 23:45:00+00:00,2.7368,2.7429,2.732,2.742,5490456.0
2025-09-26 00:00:00+00:00,2.7419,2.7549,2.7411,2.7534,8700371.2
2025-09-26 00:15:00+00:00,2.7533,2.7638,2.7533,2.7599,6797117.3
2025-09-26 00:30:00+00:00,2.7599,2.7599,2.7378,2.7381,4011041.3
2025-09-26 00:45:00+00:00,2.7382,2.7714,2.7372,2.7668,7549187.7
2025-09-26 01:00:00+00:00,2.7668,2.7697,2.7564,2.7647,7068247.6
2025-09-26 01:15:00+00:00,2.7646,2.7765,2.764,2.7661,5991015.3
2025-09-26 01:30:00+00:00,2.7661,2.7712,2.7625,2.7663,3373383.9
2025-09-26 01:45:00+00:00,2.7663,2.7716,2.7607,2.7664,4168747.0
2025-09-26 02:00:00+00:00,2.7665,2.7777,2.754,2.7583,5640854.5
2025-09-26 02:15:00+00:00,2.7582,2.7653,2.752,2.7532,2933420.0
2025-09-26 02:30:00+00:00,2.7532,2.7599,2.7483,2.7566,3024893.4
2025-09-26 02:45:00+00:00,2.7566,2.7654,2.7543,2.7577,2816068.6
2025-09-26 03:00:00+00:00,2.7577,2.7585,2.7426,2.7569,4558604.0
2025-09-26 03:15:00+00:00,2.757,2.7625,2.752,2.7527,2842602.0
2025-09-26 03:30:00+00:00,2.7527,2.7545,2.745,2.7514,2228102.7
2025-09-26 03:45:00+00:00,2.7514,2.7616,2.7462,2.7599,3371691.6
2025-09-26 04:00:00+00:00,2.7598,2.7618,2.7524,2.757,3305770.3
2025-09-26 04:15:00+00:00,2.7571,2.7652,2.7535,2.7598,2496095.5
2025-09-26 04:30:00+00:00,2.7598,2.7598,2.7525,2.7551,2072462.1
2025-09-26 04:45:00+00:00,2.755,2.7625,2.7536,2.7617,1713651.5
2025-09-26 05:00:00+00:00,2.7618,2.7697,2.7591,2.764,3668848.9
2025-09-26 05:15:00+00:00,2.764,2.7741,2.7638,2.7726,3006954.4
2025-09-26 05:30:00+00:00,2.7726,2.7727,2.7573,2.7596,3005690.3
2025-09-26 05:45:00+00:00,2.7596,2.7619,2.7487,2.7514,5484069.2
2025-09-26 06:00:00+00:00,2.7514,2.7537,2.7358,2.747,8372975.6
2025-09-26 06:15:00+00:00,2.747,2.7704,2.7457,2.7623,8146375.6
2025-09-26 06:30:00+00:00,2.7624,2.7694,2.7557,2.7671,6352663.0
2025-09-26 06:45:00+00:00,2.7672,2.7673,2.7508,2.7539,6976355.0
2025-09-26 07:00:00+00:00,2.754,2.765,2.7537,2.7643,4861758.6
2025-09-26 07:15:00+00:00,2.7644,2.7666,2.7562,2.7563,3705110.9
2025-09-26 07:30:00+00:00,2.7563,2.7563,2.7388,2.7389,9747022.8
2025-09-26 07:45:00+00:00,2.7389,2.756,2.737,2.7539,12360807.6
2025-09-26 08:00:00+00:00,2.7538,2.765,2.7535,2.762,7773486.6
2025-09-26 08:15:00+00:00,2.762,2.7676,2.754,2.7606,4041796.2
2025-09-26 08:30:00+00:00,2.7607,2.7663,2.7597,2.7641,2348083.7
2025-09-26 08:45:00+00:00,2.7642,2.7658,2.7558,2.7581,3446761.1
2025-09-26 09:00:00+00:00,2.7581,2.7652,2.7523,2.765,3939186.0
2025-09-26 09:15:00+00:00,2.765,2.7652,2.7568,2.761,2488799.7
2025-09-26 09:30:00+00:00,2.761,2.7626,2.7396,2.7423,9126584.5
2025-09-26 09:45:00+00:00,2.7423,2.7488,2.7408,2.7477,3554396.4
2025-09-26 10:00:00+00:00,2.7477,2.748,2.7218,2.7259,14744216.7
2025-09-26 10:15:00+00:00,2.726,2.7298,2.7221,2.7265,6633861.3
2025-09-26 10:30:00+00:00,2.7266,2.729,2.7155,2.716,10052709.7
2025-09-26 10:45:00+00:00,2.7161,2.7216,2.7085,2.7088,9000088.2
2025-09-26 11:00:00+00:00,2.7088,2.7113,2.6967,2.7001,14871872.9
2025-09-26 11:15:00+00:00,2.7002,2.713,2.6983,2.7058,11206569.1
2025-09-26 11:30:00+00:00,2.7057,2.7251,2.7057,2.7229,6661950.2
2025-09-26 11:45:00+00:00,2.7228,2.7318,2.7212,2.7265,5408865.5
2025-09-26 12:00:00+00:00,2.7266,2.7266,2.7049,2.705,5928618.0
2025-09-26 12:15:00+00:00,2.705,2.7316,2.7048,2.7287,6114807.4
2025-09-26 12:30:00+00:00,2.7288,2.7761,2.7166,2.7606,46865193.3
2025-09-26 12:45:00+00:00,2.7606,2.7628,2.7412,2.7522,10310587.6
2025-09-26 13:00:00+00:00,2.7523,2.7554,2.7394,2.7411,6870940.3
2025-09-26 13:15:00+00:00,2.7411,2.7491,2.734,2.7378,6273600.2
2025-09-26 13:30:00+00:00,2.7378,2.7594,2.7312,2.7512,15916479.9
2025-09-26 13:45:00+00:00,2.7511,2.767,2.7463,2.7599,15557761.1
2025-09-26 14:00:00+00:00,2.7599,2.7625,2.7341,2.7361,13341600.6
2025-09-26 14:15:00+00:00,2.7361,2.7408,2.7171,2.7238,13748293.6
2025-09-26 14:30:00+00:00,2.7238,2.7238,2.7025,2.7054,17601536.2
2025-09-26 14:45:00+00:00,2.7054,2.7118,2.699,2.7065,13397147.1
2025-09-26 15:00:00+00:00,2.7065,2.7266,2.7049,2.7167,11363806.2
2025-09-26 15:15:00+00:00,2.7167,2.7428,2.7133,2.7423,12724111.5
2025-09-26 15:30:00+00:00,2.7423,2.7471,2.7325,2.7387,7412382.7
2025-09-26 15:45:00+00:00,2.7387,2.742,2.7294,2.7341,7472857.5
2025-09-26 16:00:00+00:00,2.7341,2.7528,2.7306,2.7456,9257749.9
2025-09-26 16:15:00+00:00,2.7456,2.7615,2.7446,2.7498,7672430.8
2025-09-26 16:30:00+00:00,2.7498,2.7556,2.7463,2.7526,4321890.2
2025-09-26 16:45:00+00:00,2.7526,2.7653,2.7518,2.762,4626263.2
2025-09-26 17:00:00+00:00,2.762,2.7747,2.7616,2.7722,8281822.6
2025-09-26 17:15:00+00:00,2.7723,2.7911,2.768,2.789,12848262.6
2025-09-26 17:30:00+00:00,2.7891,2.7913,2.7828,2.7867,8656787.5
2025-09-26 17:45:00+00:00,2.7866,2.7962,2.7852,2.7921,9730728.7
2025-09-26 18:00:00+00:00,2.7921,2.8001,2.7893,2.7991,10110245.3
2025-09-26 18:15:00+00:00,2.7991,2.8077,2.7982,2.8062,6557354.2
2025-09-26 18:30:00+00:00,2.8063,2.8082,2.797,2.797,5868746.3
2025-09-26 18:45:00+00:00,2.7971,2.8051,2.7947,2.8019,4878908.9
2025-09-26 19:00:00+00:00,2.8019,2.805,2.7903,2.7951,8451770.1
2025-09-26 19:15:00+00:00,2.7952,2.8054,2.7871,2.7872,5474112.4
2025-09-26 19:30:00+00:00,2.7871,2.7922,2.7601,2.7743,25783971.3
2025-09-26 19:45:00+00:00,2.7743,2.7988,2.7743,2.7904,10718199.5
2025-09-26 20:00:00+00:00,2.7903,2.7951,2.7836,2.7946,5823372.9
2025-09-26 20:15:00+00:00,2.7946,2.7964,2.7816,2.7844,4997453.3
2025-09-26 20:30:00+00:00,2.7843,2.787,2.7781,2.7786,2770645.4
2025-09-26 20:45:00+00:00,2.7786,2.7817,2.7757,2.7769,2882671.2
2025-09-26 21:00:00+00:00,2.7768,2.7796,2.7688,2.7792,4242901.9
2025-09-26 21:15:00+00:00,2.7791,2.7872,2.7726,2.7859,4487701.6
2025-09-26 21:30:00+00:00,2.786,2.788,2.776,2.7761,3408223.9
2025-09-26 21:45:00+00:00,2.776,2.7857,2.7752,2.785,2484066.1
2025-09-26 22:00:00+00:00,2.785,2.7896,2.7798,2.7884,2630793.8
2025-09-26 22:15:00+00:00,2.7884,2.7917,2.7838,2.7841,2299621.1
2025-09-26 22:30:00+00:00,2.784,2.7885,2.7829,2.786,1821238.9
2025-09-26 22:45:00+00:00,2.786,2.7889,2.7802,2.781,1734437.7
2025-09-26 23:00:00+00:00,2.781,2.781,2.7745,2.7753,1855553.8
2025-09-26 23:15:00+00:00,2.7753,2.7824,2.774,2.7817,1537820.7
2025-09-26 23:30:00+00:00,2.7818,2.7874,2.7817,2.7841,2074358.6
2025-09-26 23:45:00+00:00,2.784,2.7854,2.7813,2.7823,1623164.4
2025-09-27 00:00:00+00:00,2.7823,2.7823,2.7752,2.7761,3171193.4
2025-09-27 00:15:00+00:00,2.7762,2.7811,2.7748,2.7796,1846149.7
2025-09-27 00:30:00+00:00,2.7796,2.7825,2.7746,2.7771,1506193.2
2025-09-27 00:45:00+00:00,2.7771,2.7813,2.7715,2.7793,3752324.6
2025-09-27 01:00:00+00:00,2.7794,2.7814,2.7749,2.7777,2287960.2
2025-09-27 01:15:00+00:00,2.7777,2.7785,2.7666,2.7695,2501760.0
2025-09-27 01:30:00+00:00,2.7695,2.7713,2.7659,2.769,1877145.3
2025-09-27 01:45:00+00:00,2.769,2.7725,2.768,2.7718,1065636.9
2025-09-27 02:00:00+00:00,2.7718,2.7743,2.7686,2.7743,1257045.8
2025-09-27 02:15:00+00:00,2.7743,2.7755,2.7687,2.7722,1247826.8
2025-09-27 02:30:00+00:00,2.7721,2.7817,2.77,2.7817,1741445.2
2025-09-27 02:45:00+00:00,2.7817,2.7834,2.7758,2.7767,1882466.1
2025-09-27 03:00:00+00:00,2.7766,2.7845,2.7754,2.7822,2305280.6
2025-09-27 03:15:00+00:00,2.7822,2.7883,2.7821,2.7874,1780933.8
2025-09-27 03:30:00+00:00,2.7873,2.7889,2.7853,2.7878,1999087.2
2025-09-27 03:45:00+00:00,2.7877,2.789,2.7818,2.7824,1667627.5
2025-09-27 04:00:00+00:00,2.7824,2.7857,2.7786,2.7787,1828172.3
2025-09-27 04:15:00+00:00,2.7786,2.7861,2.7783,2.786,2692961.9
2025-09-27 04:30:00+00:00,2.7859,2.7892,2.7846,2.7846,3982896.2
2025-09-27 04:45:00+00:00,2.7847,2.786,2.7817,2.7823,1273118.6
2025-09-27 05:00:00+00:00,2.7823,2.7823,2.7746,2.7775,2114419.6
2025-09-27 05:15:00+00:00,2.7774,2.7801,2.7767,2.7793,989817.2
2025-09-27 05:30:00+00:00,2.7793,2.7882,2.7786,2.7876,1512752.0
2025-09-27 05:45:00+00:00,2.7876,2.7904,2.7863,2.7891,1943823.9
2025-09-27 06:00:00+00:00,2.789,2.7898,2.7851,2.7877,2483674.5
2025-09-27 06:15:00+00:00,2.7877,2.7902,2.7858,2.7886,1720610.8
2025-09-27 06:30:00+00:00,2.7886,2.7936,2.7878,2.7897,2100293.0
2025-09-27 06:45:00+00:00,2.7898,2.7956,2.7889,2.7956,1421534.0
2025-09-27 07:00:00+00:00,2.7956,2.8011,2.7927,2.793,4163988.6
2025-09-27 07:15:00+00:00,2.7931,2.7937,2.7883,2.7885,1644860.1
2025-09-27 07:30:00+00:00,2.7886,2.7888,2.7792,2.7804,3016587.3
2025-09-27 07:45:00+00:00,2.7803,2.7806,2.778,2.7801,2093561.4
2025-09-27 08:00:00+00:00,2.7801,2.7804,2.7685,2.77,5471184.5
2025-09-27 08:15:00+00:00,2.7699,2.7746,2.768,2.7745,3527442.6
2025-09-27 08:30:00+00:00,2.7746,2.7761,2.7728,2.7736,2447425.7
2025-09-27 08:45:00+00:00,2.7735,2.7762,2.7665,2.7685,3166360.5
2025-09-27 09:00:00+00:00,2.7685,2.7712,2.7606,2.7656,3902782.3
2025-09-27 09:15:00+00:00,2.7657,2.7736,2.7651,2.7719,3044865.6
2025-09-27 09:30:00+00:00,2.7718,2.7806,2.7716,2.7777,3217809.6
2025-09-27 09:45:00+00:00,2.7777,2.7823,2.7772,2.7803,2310241.0
2025-09-27 10:00:00+00:00,2.7803,2.7845,2.7799,2.7829,1701067.5
2025-09-27 10:15:00+00:00,2.7829,2.7835,2.777,2.7787,1786696.0
2025-09-27 10:30:00+00:00,2.7788,2.7917,2.7787,2.7915,3595726.9
2025-09-27 10:45:00+00:00,2.7916,2.7933,2.7868,2.7869,2562600.1
2025-09-27 11:00:00+00:00,2.7868,2.7877,2.7826,2.783,1439810.6
2025-09-27 11:15:00+00:00,2.7829,2.7854,2.78,2.7814,1978478.3
2025-09-27 11:30:00+00:00,2.7813,2.7813,2.7759,2.776,1033125.9
2025-09-27 11:45:00+00:00,2.7759,2.7762,2.7741,2.7762,1506414.2
2025-09-27 12:00:00+00:00,2.7761,2.7774,2.7721,2.7757,2271800.9
2025-09-27 12:15:00+00:00,2.7756,2.7773,2.7733,2.7762,1295424.6
2025-09-27 12:30:00+00:00,2.7761,2.7829,2.7755,2.7814,1778694.4
2025-09-27 12:45:00+00:00,2.7815,2.788,2.7803,2.7831,3291491.3
2025-09-27 13:00:00+00:00,2.7831,2.7836,2.7799,2.7828,1540881.0
2025-09-27 13:15:00+00:00,2.7828,2.786,2.7827,2.783,1068758.2
2025-09-27 13:30:00+00:00,2.783,2.7835,2.7796,2.7834,1229925.8
2025-09-27 13:45:00+00:00,2.7834,2.7844,2.7789,2.7804,935527.0
2025-09-27 14:00:00+00:00,2.7804,2.7852,2.7788,2.7829,1581666.6
2025-09-27 14:15:00+00:00,2.7829,2.783,2.7802,2.7816,885529.9
2025-09-27 14:30:00+00:00,2.7815,2.7835,2.7808,2.7821,847649.7
2025-09-27 14:45:00+00:00,2.7821,2.7821,2.7786,2.781,1580225.2
2025-09-27 15:00:00+00:00,2.7811,2.7811,2.7714,2.7732,2515470.7
2025-09-27 15:15:00+00:00,2.7731,2.7762,2.7723,2.7753,1794265.4
2025-09-27 15:30:00+00:00,2.7753,2.7833,2.7724,2.7809,1604671.7
2025-09-27 15:45:00+00:00,2.7809,2.7838,2.7802,2.7826,1473911.5
2025-09-27 16:00:00+00:00,2.7827,2.7837,2.7775,2.7777,1843275.2
2025-09-27 16:15:00+00:00,2.7777,2.7824,2.7762,2.7815,1461668.8
2025-09-27 16:30:00+00:00,2.7815,2.7839,2.7773,2.7776,1166319.8
2025-09-27 16:45:00+00:00,2.7775,2.7788,2.7733,2.7753,1636839.0
2025-09-27 17:00:00+00:00,2.7752,2.7761,2.7674,2.7688,3824043.9
2025-09-27 17:15:00+00:00,2.7688,2.769,2.7612,2.7677,4171005.9
2025-09-27 17:30:00+00:00,2.7676,2.776,2.7662,2.7753,2590478.1
2025-09-27 17:45:00+00:00,2.7753,2.7835,2.7745,2.7821,2947941.5
2025-09-27 18:00:00+00:00,2.7821,2.7847,2.7803,2.7827,2786126.1
2025-09-27 18:15:00+00:00,2.7826,2.7854,2.7822,2.785,2127702.8
2025-09-27 18:30:00+00:00,2.785,2.7888,2.785,2.787,2638168.0
2025-09-27 18:45:00+00:00,2.7871,2.7889,2.7868,2.7889,1404960.7
2025-09-27 19:00:00+00:00,2.7889,2.7905,2.7876,2.7883,2109140.8
2025-09-27 19:15:00+00:00,2.7883,2.7934,2.7854,2.7925,3436255.5
2025-09-27 19:30:00+00:00,2.7925,2.7933,2.7865,2.7869,1427426.7
2025-09-27 19:45:00+00:00,2.7869,2.7906,2.786,2.7886,967307.1
2025-09-27 20:00:00+00:00,2.7885,2.7906,2.7863,2.7896,2001720.8
2025-09-27 20:15:00+00:00,2.7897,2.7968,2.7876,2.7968,2132665.7
2025-09-27 20:30:00+00:00,2.7968,2.7971,2.7929,2.7952,1582357.2
2025-09-27 20:45:00+00:00,2.7952,2.7965,2.7931,2.7963,1557544.0
2025-09-27 21:00:00+00:00,2.7963,2.7976,2.7866,2.7871,2545663.6
2025-09-27 21:15:00+00:00,2.7871,2.7899,2.7866,2.7896,1129020.6
2025-09-27 21:30:00+00:00,2.7896,2.7959,2.7889,2.7957,1168308.9
2025-09-27 21:45:00+00:00,2.7958,2.798,2.7949,2.7965,1178186.3
2025-09-27 22:00:00+00:00,2.7966,2.8027,2.796,2.8027,3450871.6
2025-09-27 22:15:00+00:00,2.8027,2.8075,2.8026,2.8075,2225716.1
2025-09-27 22:30:00+00:00,2.8075,2.8274,2.807,2.819,9014923.2
2025-09-27 22:45:00+00:00,2.8191,2.8256,2.8109,2.8171,6770164.2
2025-09-27 23:00:00+00:00,2.8172,2.825,2.8109,2.8162,3757820.9
2025-09-27 23:15:00+00:00,2.8162,2.8185,2.8053,2.8071,6320699.5
2025-09-27 23:30:00+00:00,2.8071,2.8114,2.804,2.8065,2245099.9
2025-09-27 23:45:00+00:00,2.8065,2.8098,2.8024,2.8032,1608175.8
2025-09-28 00:00:00+00:00,2.8033,2.8058,2.7917,2.7939,6033011.5
2025-09-28 00:15:00+00:00,2.7938,2.8132,2.7904,2.8112,7154900.9
2025-09-28 00:30:00+00:00,2.8113,2.813,2.7938,2.8041,7561996.1
2025-09-28 00:45:00+00:00,2.8042,2.805,2.7945,2.799,3809933.3
2025-09-28 01:00:00+00:00,2.799,2.8012,2.7916,2.7925,2952325.3
2025-09-28 01:15:00+00:00,2.7926,2.7982,2.792,2.7938,2465580.5
2025-09-28 01:30:00+00:00,2.7939,2.7956,2.7841,2.7855,4294697.9
2025-09-28 01:45:00+00:00,2.7854,2.7887,2.7838,2.7872,2265731.9
2025-09-28 02:00:00+00:00,2.7872,2.7912,2.7853,2.7853,1679672.8
2025-09-28 02:15:00+00:00,2.7853,2.7908,2.7845,2.7896,1250832.4
2025-09-28 02:30:00+00:00,2.7896,2.7929,2.781,2.7828,2136549.9
2025-09-28 02:45:00+00:00,2.7827,2.7864,2.7791,2.7854,1943125.6
2025-09-28 03:00:00+00:00,2.7855,2.7904,2.7851,2.7863,1534444.8
2025-09-28 03:15:00+00:00,2.7864,2.7875,2.7807,2.7814,1763534.9
2025-09-28 03:30:00+00:00,2.7814,2.7837,2.7758,2.7795,1718788.9
2025-09-28 03:45:00+00:00,2.7795,2.7826,2.7774,2.7815,696544.9
2025-09-28 04:00:00+00:00,2.7814,2.7846,2.7776,2.7802,1486514.0
2025-09-28 04:15:00+00:00,2.7802,2.7845,2.7783,2.7792,1347849.2
2025-09-28 04:30:00+00:00,2.7793,2.7866,2.7787,2.7865,916028.3
2025-09-28 04:45:00+00:00,2.7864,2.7885,2.785,2.7876,1317819.8
2025-09-28 05:00:00+00:00,2.7876,2.7934,2.7796,2.7801,3891417.8
2025-09-28 05:15:00+00:00,2.78,2.788,2.7798,2.7864,1479595.5
2025-09-28 05:30:00+00:00,2.7864,2.7897,2.7818,2.783,992710.8
2025-09-28 05:45:00+00:00,2.783,2.7832,2.7799,2.7803,1071413.6
2025-09-28 06:00:00+00:00,2.7802,2.7842,2.7794,2.7804,1479412.4
2025-09-28 06:15:00+00:00,2.7804,2.7818,2.774,2.7753,3551741.9
2025-09-28 06:30:00+00:00,2.7753,2.7857,2.7737,2.7846,3815609.6
2025-09-28 06:45:00+00:00,2.7847,2.7888,2.78,2.7884,1948754.2
2025-09-28 07:00:00+00:00,2.7883,2.7892,2.7816,2.7829,1365644.0
2025-09-28 07:15:00+00:00,2.783,2.7877,2.7823,2.7842,1335573.6
2025-09-28 07:30:00+00:00,2.7842,2.7868,2.782,2.7859,1193847.9
2025-09-28 07:45:00+00:00,2.7859,2.7876,2.7834,2.7862,827534.9
2025-09-28 08:00:00+00:00,2.7863,2.7915,2.785,2.79,2197404.6
2025-09-28 08:15:00+00:00,2.7899,2.7938,2.7856,2.789,3129699.9
2025-09-28 08:30:00+00:00,2.789,2.7896,2.7803,2.7837,3330581.0
2025-09-28 08:45:00+00:00,2.7836,2.7933,2.7832,2.7855,3558712.6
2025-09-28 09:00:00+00:00,2.7856,2.7894,2.7816,2.7833,3330042.1
2025-09-28 09:15:00+00:00,2.7834,2.7834,2.7716,2.7777,5368802.7
2025-09-28 09:30:00+00:00,2.7777,2.7824,2.7764,2.7824,3437790.1
2025-09-28 09:45:00+00:00,2.7824,2.7824,2.7761,2.7762,2346561.3
2025-09-28 10:00:00+00:00,2.7762,2.7762,2.7695,2.7721,3437658.9
2025-09-28 10:15:00+00:00,2.7722,2.7773,2.7718,2.7765,2743932.1
2025-09-28 10:30:00+00:00,2.7764,2.7841,2.7764,2.7827,2709831.7
2025-09-28 10:45:00+00:00,2.7827,2.784,2.7784,2.78,1499169.2
2025-09-28 11:00:00+00:00,2.78,2.78,2.7749,2.7749,1218998.8
2025-09-28 11:15:00+00:00,2.775,2.7785,2.7702,2.7714,3105132.1
2025-09-28 11:30:00+00:00,2.7713,2.7767,2.7705,2.7734,1568526.8
2025-09-28 11:45:00+00:00,2.7734,2.776,2.7707,2.7752,1536737.7
2025-09-28 12:00:00+00:00,2.7751,2.7752,2.7661,2.7695,4310719.9
2025-09-28 12:15:00+00:00,2.7694,2.776,2.7679,2.774,3686691.5
2025-09-28 12:30:00+00:00,2.7739,2.7742,2.7649,2.7689,4703514.0
2025-09-28 12:45:00+00:00,2.769,2.7722,2.7663,2.7685,3772453.5
2025-09-28 13:00:00+00:00,2.7686,2.7779,2.7654,2.7759,2621587.0
2025-09-28 13:15:00+00:00,2.7759,2.782,2.7751,2.7795,3435937.4
2025-09-28 13:30:00+00:00,2.7794,2.7826,2.778,2.7794,3426122.8
2025-09-28 13:45:00+00:00,2.7793,2.7889,2.7766,2.7847,3199577.0
2025-09-28 14:00:00+00:00,2.7847,2.7861,2.7776,2.7808,2915149.6
2025-09-28 14:15:00+00:00,2.7807,2.788,2.7791,2.7878,2259784.9
2025-09-28 14:30:00+00:00,2.7878,2.7886,2.7848,2.7886,1490394.0
2025-09-28 14:45:00+00:00,2.7886,2.7958,2.788,2.7954,3438602.4
2025-09-28 15:00:00+00:00,2.7954,2.8013,2.7916,2.7991,4971706.9
2025-09-28 15:15:00+00:00,2.7991,2.8131,2.798,2.8048,9193789.2
2025-09-28 15:30:00+00:00,2.8048,2.8105,2.8016,2.8087,3306030.1
2025-09-28 15:45:00+00:00,2.8087,2.8105,2.8021,2.8096,2951279.8
2025-09-28 16:00:00+00:00,2.8096,2.8186,2.8063,2.8072,8615539.3
2025-09-28 16:15:00+00:00,2.8072,2.8112,2.8035,2.8081,4521769.5
2025-09-28 16:30:00+00:00,2.8081,2.8126,2.8057,2.8119,3556446.6
2025-09-28 16:45:00+00:00,2.8118,2.8332,2.8108,2.8302,5677014.0
2025-09-28 17:00:00+00:00,2.8303,2.8336,2.8237,2.8272,7176316.4
2025-09-28 17:15:00+00:00,2.8272,2.8281,2.8188,2.8257,3778941.1
2025-09-28 17:30:00+00:00,2.8256,2.8313,2.8248,2.8266,2486116.1
2025-09-28 17:45:00+00:00,2.8267,2.829,2.8213,2.8223,1938937.8
2025-09-28 18:00:00+00:00,2.8223,2.8255,2.8154,2.8159,2754648.3
2025-09-28 18:15:00+00:00,2.816,2.8206,2.8149,2.8196,1564096.3
2025-09-28 18:30:00+00:00,2.8196,2.8252,2.8196,2.8235,1273229.6
2025-09-28 18:45:00+00:00,2.8235,2.8298,2.8231,2.8293,1648345.2
2025-09-28 19:00:00+00:00,2.8293,2.8298,2.8218,2.822,1923902.9
2025-09-28 19:15:00+00:00,2.822,2.8318,2.8208,2.8297,2390019.6
2025-09-28 19:30:00+00:00,2.8298,2.83,2.8244,2.8267,1350407.0
2025-09-28 19:45:00+00:00,2.8268,2.8285,2.8256,2.8266,1139899.6
2025-09-28 20:00:00+00:00,2.8265,2.8275,2.8251,2.8264,1814573.7
2025-09-28 20:15:00+00:00,2.8265,2.8344,2.8255,2.8328,2356418.8
2025-09-28 20:30:00+00:00,2.8329,2.84,2.8328,2.8388,4839356.5
2025-09-28 20:45:00+00:00,2.8388,2.8449,2.8374,2.8418,4972989.5
2025-09-28 21:00:00+00:00,2.8419,2.8499,2.8411,2.8459,4486553.2
2025-09-28 21:15:00+00:00,2.8459,2.8459,2.8388,2.8409,3744925.3
2025-09-28 21:30:00+00:00,2.841,2.8423,2.835,2.8357,3991695.9
2025-09-28 21:45:00+00:00,2.8357,2.8383,2.8322,2.8383,1902813.2
2025-09-28 22:00:00+00:00,2.8382,2.8612,2.8379,2.8505,16941625.8
2025-09-28 22:15:00+00:00,2.8506,2.8586,2.8492,2.8537,5415475.2
2025-09-28 22:30:00+00:00,2.8538,2.8605,2.8537,2.86,4367617.4
2025-09-28 22:45:00+00:00,2.8601,2.8624,2.8558,2.8569,3354274.4
2025-09-28 23:00:00+00:00,2.8568,2.866,2.8568,2.8608,4091078.1
2025-09-28 23:15:00+00:00,2.8608,2.8635,2.8568,2.8604,2383106.6
2025-09-28 23:30:00+00:00,2.8604,2.8656,2.8581,2.8647,1835310.2
2025-09-28 23:45:00+00:00,2.8648,2.8664,2.8614,2.8662,2252430.7
2025-09-29 00:00:00+00:00,2.8662,2.867,2.8536,2.8547,5855636.7
2025-09-29 00:15:00+00:00,2.8547,2.8628,2.8521,2.8593,3639841.7
2025-09-29 00:30:00+00:00,2.8592,2.8607,2.8528,2.855,1795293.5
2025-09-29 00:45:00+00:00,2.8549,2.8629,2.8545,2.8613,2009365.5
2025-09-29 01:00:00+00:00,2.8613,2.8662,2.8561,2.8639,4549350.7
2025-09-29 01:15:00+00:00,2.864,2.8662,2.8567,2.8585,2179502.6
2025-09-29 01:30:00+00:00,2.8586,2.8658,2.8576,2.8628,2345387.2
2025-09-29 01:45:00+00:00,2.8627,2.8632,2.8549,2.856,2778084.9
2025-09-29 02:00:00+00:00,2.856,2.8624,2.8471,2.8615,6377787.3
2025-09-29 02:15:00+00:00,2.8615,2.8797,2.8592,2.8706,9836688.0
2025-09-29 02:30:00+00:00,2.8706,2.8828,2.868,2.8803,7792511.2
2025-09-29 02:45:00+00:00,2.8803,2.8838,2.8709,2.8738,6745159.9
2025-09-29 03:00:00+00:00,2.8739,2.8747,2.8567,2.8569,6149298.5
2025-09-29 03:15:00+00:00,2.8568,2.8635,2.8561,2.862,3851300.4
2025-09-29 03:30:00+00:00,2.8621,2.864,2.8556,2.8569,2092410.4
2025-09-29 03:45:00+00:00,2.8569,2.8626,2.8562,2.8621,1888590.9
2025-09-29 04:00:00+00:00,2.8622,2.8634,2.8563,2.857,3372874.7
2025-09-29 04:15:00+00:00,2.857,2.8582,2.8515,2.8526,3071109.0
2025-09-29 04:30:00+00:00,2.8526,2.8616,2.8509,2.859,3588644.4
2025-09-29 04:45:00+00:00,2.8589,2.8641,2.857,2.8593,2077232.0
2025-09-29 05:00:00+00:00,2.8592,2.8607,2.8493,2.8559,3246672.7
2025-09-29 05:15:00+00:00,2.8559,2.8571,2.8499,2.8533,4932680.2
2025-09-29 05:30:00+00:00,2.8533,2.8559,2.8504,2.8535,1806322.2
2025-09-29 05:45:00+00:00,2.8535,2.86,2.8534,2.8582,1643918.8
2025-09-29 06:00:00+00:00,2.8582,2.8597,2.8428,2.8493,7108320.1
2025-09-29 06:15:00+00:00,2.8492,2.8588,2.8476,2.8529,3324081.0
2025-09-29 06:30:00+00:00,2.853,2.8647,2.8515,2.8642,3159923.1
2025-09-29 06:45:00+00:00,2.8642,2.8692,2.8629,2.8672,4200928.8
2025-09-29 07:00:00+00:00,2.8672,2.871,2.8645,2.8678,3144745.0
2025-09-29 07:15:00+00:00,2.8678,2.8932,2.8633,2.8905,10131237.5
2025-09-29 07:30:00+00:00,2.8905,2.904,2.8892,2.8956,13876217.9
2025-09-29 07:45:00+00:00,2.8956,2.8972,2.8823,2.8854,7286664.9
2025-09-29 08:00:00+00:00,2.8855,2.8915,2.8813,2.8856,6003640.7
2025-09-29 08:15:00+00:00,2.8857,2.891,2.8806,2.888,4313508.3
2025-09-29 08:30:00+00:00,2.888,2.8885,2.8838,2.8868,2409468.6
2025-09-29 08:45:00+00:00,2.8869,2.8905,2.8818,2.8819,2394327.4
2025-09-29 09:00:00+00:00,2.8819,2.8832,2.8742,2.8749,4355008.7
2025-09-29 09:15:00+00:00,2.8748,2.8756,2.8706,2.8736,4109555.5
2025-09-29 09:30:00+00:00,2.8737,2.8756,2.8676,2.8682,2945446.7
2025-09-29 09:45:00+00:00,2.8682,2.8705,2.8661,2.8692,2478985.6
2025-09-29 10:00:00+00:00,2.8693,2.8695,2.8641,2.8653,3484618.0
2025-09-29 10:15:00+00:00,2.8653,2.8664,2.86,2.8639,3344410.8
2025-09-29 10:30:00+00:00,2.8639,2.8661,2.8566,2.8578,4005080.4
2025-09-29 10:45:00+00:00,2.8578,2.863,2.8547,2.8598,3507355.2
2025-09-29 11:00:00+00:00,2.8597,2.8608,2.8516,2.8542,4917073.6
2025-09-29 11:15:00+00:00,2.8542,2.8641,2.8539,2.8602,3773785.9
2025-09-29 11:30:00+00:00,2.8602,2.8627,2.854,2.8566,3005065.8
2025-09-29 11:45:00+00:00,2.8565,2.8569,2.8527,2.8538,2103584.9
2025-09-29 12:00:00+00:00,2.8537,2.8574,2.8483,2.8567,3882083.8
2025-09-29 12:15:00+00:00,2.8567,2.8629,2.8559,2.8626,4559046.3
2025-09-29 12:30:00+00:00,2.8627,2.8676,2.8488,2.8534,5252084.6
2025-09-29 12:45:00+00:00,2.8534,2.8594,2.845,2.8483,6286285.6
2025-09-29 13:00:00+00:00,2.8482,2.8551,2.8441,2.8532,5287674.8
2025-09-29 13:15:00+00:00,2.8531,2.8546,2.8477,2.8496,3300071.3
2025-09-29 13:30:00+00:00,2.8495,2.882,2.847,2.881,10885878.4
2025-09-29 13:45:00+00:00,2.8811,2.885,2.8731,2.8794,14473575.8
2025-09-29 14:00:00+00:00,2.8794,2.9084,2.8772,2.9073,16199694.7
2025-09-29 14:15:00+00:00,2.9072,2.9278,2.8949,2.9022,28859175.2
2025-09-29 14:30:00+00:00,2.9021,2.9093,2.8963,2.9023,6913968.4
2025-09-29 14:45:00+00:00,2.9023,2.914,2.9018,2.9071,7796444.5
2025-09-29 15:00:00+00:00,2.9071,2.9102,2.891,2.8934,7540460.0
2025-09-29 15:15:00+00:00,2.8934,2.8951,2.8845,2.889,6534284.3
2025-09-29 15:30:00+00:00,2.8891,2.8965,2.8855,2.8925,4263201.3
2025-09-29 15:45:00+00:00,2.8924,2.8949,2.8823,2.8924,4333679.9
2025-09-29 16:00:00+00:00,2.8924,2.8959,2.8896,2.8919,4157672.6
2025-09-29 16:15:00+00:00,2.8918,2.8956,2.8833,2.8844,3324529.1
2025-09-29 16:30:00+00:00,2.8844,2.8994,2.8844,2.8874,5761193.9
2025-09-29 16:45:00+00:00,2.8874,2.8926,2.8756,2.8785,6740360.4
2025-09-29 17:00:00+00:00,2.8786,2.8807,2.8673,2.8777,8656047.2
2025-09-29 17:15:00+00:00,2.8776,2.8799,2.8644,2.8779,6592625.3
2025-09-29 17:30:00+00:00,2.8779,2.8822,2.8711,2.8793,3573764.9
2025-09-29 17:45:00+00:00,2.8792,2.8852,2.8782,2.8811,3473874.8
2025-09-29 18:00:00+00:00,2.8811,2.8818,2.8712,2.8729,2148441.8
2025-09-29 18:15:00+00:00,2.8728,2.8748,2.8652,2.8733,4570484.6
2025-09-29 18:30:00+00:00,2.8732,2.874,2.8671,2.8716,2066431.2
2025-09-29 18:45:00+00:00,2.8717,2.875,2.8711,2.875,2202643.0
2025-09-29 19:00:00+00:00,2.875,2.8834,2.8718,2.8817,4797824.9
2025-09-29 19:15:00+00:00,2.8818,2.882,2.8704,2.8801,3099335.0
2025-09-29 19:30:00+00:00,2.88,2.8877,2.8759,2.8873,5237143.1
2025-09-29 19:45:00+00:00,2.8873,2.902,2.8873,2.8962,9435681.0
2025-09-29 20:00:00+00:00,2.8963,2.9015,2.8883,2.9,5561073.2
2025-09-29 20:15:00+00:00,2.8999,2.9032,2.8932,2.9019,4696475.1
2025-09-29 20:30:00+00:00,2.902,2.9137,2.9016,2.9107,5029821.9
2025-09-29 20:45:00+00:00,2.9107,2.9127,2.9017,2.9046,3875311.4
2025-09-29 21:00:00+00:00,2.9046,2.9073,2.8925,2.8938,4986073.4
2025-09-29 21:15:00+00:00,2.8938,2.902,2.8935,2.9011,2884087.3
2025-09-29 21:30:00+00:00,2.901,2.9014,2.8939,2.8962,1855116.7
2025-09-29 21:45:00+00:00,2.8962,2.8964,2.8896,2.8929,1989230.8
2025-09-29 22:00:00+00:00,2.8928,2.8957,2.8862,2.8883,4095823.8
2025-09-29 22:15:00+00:00,2.8883,2.8902,2.8827,2.8856,2994132.7
2025-09-29 22:30:00+00:00,2.8856,2.8889,2.882,2.8853,1876604.1
2025-09-29 22:45:00+00:00,2.8852,2.8905,2.8849,2.8862,3334375.1
2025-09-29 23:00:00+00:00,2.8861,2.8894,2.8781,2.8814,6737051.0
2025-09-29 23:15:00+00:00,2.8814,2.887,2.8796,2.8828,3206305.1
2025-09-29 23:30:00+00:00,2.8828,2.8857,2.8812,2.8824,2215898.2
2025-09-29 23:45:00+00:00,2.8824,2.8843,2.8774,2.8788,3178244.5
2025-09-30 00:00:00+00:00,2.8788,2.8876,2.8745,2.8835,6492382.9
2025-09-30 00:15:00+00:00,2.8835,2.8849,2.874,2.8763,5575091.5
2025-09-30 00:30:00+00:00,2.8763,2.8855,2.873,2.8793,2665225.9
2025-09-30 00:45:00+00:00,2.8794,2.8903,2.8716,2.8738,8909591.0
2025-09-30 01:00:00+00:00,2.8737,2.8832,2.8715,2.8829,3196147.1
2025-09-30 01:15:00+00:00,2.883,2.8916,2.8794,2.8816,5682313.5
2025-09-30 01:30:00+00:00,2.8816,2.8816,2.8704,2.8712,5687444.8
2025-09-30 01:45:00+00:00,2.8711,2.882,2.8665,2.8802,4365063.1
2025-09-30 02:00:00+00:00,2.8802,2.8819,2.874,2.876,3326493.4
2025-09-30 02:15:00+00:00,2.8761,2.8845,2.8742,2.8841,2089874.6
2025-09-30 02:30:00+00:00,2.8841,2.8881,2.882,2.8861,2651972.7
2025-09-30 02:45:00+00:00,2.8862,2.8878,2.8776,2.8801,2555064.7
2025-09-30 03:00:00+00:00,2.8802,2.884,2.8715,2.8744,2781393.3
2025-09-30 03:15:00+00:00,2.8744,2.8799,2.8728,2.8754,1776889.8
2025-09-30 03:30:00+00:00,2.8753,2.8799,2.8732,2.8798,1720720.5
2025-09-30 03:45:00+00:00,2.8799,2.8806,2.8725,2.8748,1598053.8
2025-09-30 04:00:00+00:00,2.8748,2.8765,2.873,2.8733,1295754.8
2025-09-30 04:15:00+00:00,2.8733,2.8785,2.8725,2.8772,1476926.1
2025-09-30 04:30:00+00:00,2.8772,2.8796,2.8746,2.8795,1290036.6
2025-09-30 04:45:00+00:00,2.8795,2.8816,2.8776,2.8798,1234487.5
2025-09-30 05:00:00+00:00,2.8797,2.8881,2.8775,2.888,2545163.3
2025-09-30 05:15:00+00:00,2.888,2.8934,2.8814,2.892,4567844.5
2025-09-30 05:30:00+00:00,2.892,2.8982,2.887,2.8945,4404502.3
2025-09-30 05:45:00+00:00,2.8945,2.901,2.8893,2.8925,4682370.2
2025-09-30 06:00:00+00:00,2.8926,2.8949,2.8865,2.8935,3422647.8
2025-09-30 06:15:00+00:00,2.8935,2.9031,2.8929,2.9026,2821488.8
2025-09-30 06:30:00+00:00,2.9026,2.906,2.8984,2.9023,3680077.6
2025-09-30 06:45:00+00:00,2.9024,2.9024,2.8962,2.8975,1908991.8
2025-09-30 07:00:00+00:00,2.8975,2.899,2.8905,2.8915,2955450.8
2025-09-30 07:15:00+00:00,2.8915,2.8933,2.8886,2.8923,1821837.1
2025-09-30 07:30:00+00:00,2.8923,2.8924,2.875,2.8761,5587846.9
2025-09-30 07:45:00+00:00,2.8761,2.8807,2.8709,2.8728,4401739.4
2025-09-30 08:00:00+00:00,2.8728,2.8742,2.8685,2.8718,4896779.9
2025-09-30 08:15:00+00:00,2.8718,2.8719,2.8625,2.8635,4615383.8
2025-09-30 08:30:00+00:00,2.8635,2.8649,2.8564,2.8585,5373261.8
2025-09-30 08:45:00+00:00,2.8585,2.8607,2.8518,2.8543,4892204.8
2025-09-30 09:00:00+00:00,2.8543,2.8558,2.847,2.8478,6141269.9
2025-09-30 09:15:00+00:00,2.8478,2.8575,2.8473,2.8569,5260099.8
2025-09-30 09:30:00+00:00,2.8569,2.8588,2.8457,2.8466,4498868.6
2025-09-30 09:45:00+00:00,2.8465,2.8465,2.836,2.8381,9608003.1
2025-09-30 10:00:00+00:00,2.8381,2.8447,2.835,2.8385,5885162.9
2025-09-30 10:15:00+00:00,2.8386,2.8472,2.8385,2.8455,2920983.1
2025-09-30 10:30:00+00:00,2.8456,2.8457,2.8382,2.8391,3682408.2
2025-09-30 10:45:00+00:00,2.8392,2.845,2.8383,2.8394,3210472.6
2025-09-30 11:00:00+00:00,2.8395,2.843,2.8365,2.8373,2786417.8
2025-09-30 11:15:00+00:00,2.8373,2.842,2.8331,2.8411,3122417.6
2025-09-30 11:30:00+00:00,2.841,2.8462,2.8397,2.8455,3375313.7
2025-09-30 11:45:00+00:00,2.8455,2.8493,2.8449,2.8454,3678484.5
2025-09-30 12:00:00+00:00,2.8454,2.8495,2.8427,2.8463,2579896.6
2025-09-30 12:15:00+00:00,2.8463,2.8528,2.8453,2.8521,2485638.0
2025-09-30 12:30:00+00:00,2.8521,2.8544,2.8493,2.8537,3526930.0
2025-09-30 12:45:00+00:00,2.8537,2.8541,2.8466,2.8478,2502401.0
2025-09-30 13:00:00+00:00,2.8478,2.8526,2.8436,2.8517,3962998.2
2025-09-30 13:15:00+00:00,2.8517,2.8584,2.8492,2.852,3764442.8
2025-09-30 13:30:00+00:00,2.852,2.8559,2.8387,2.8555,7596977.8
2025-09-30 13:45:00+00:00,2.8554,2.8614,2.838,2.8445,8059866.2
2025-09-30 14:00:00+00:00,2.8445,2.8481,2.8284,2.838,10960725.6
2025-09-30 14:15:00+00:00,2.838,2.8465,2.8302,2.835,5378441.4
2025-09-30 14:30:00+00:00,2.8349,2.8418,2.831,2.8404,3585887.6
2025-09-30 14:45:00+00:00,2.8404,2.8488,2.8372,2.8463,4103498.2
2025-09-30 15:00:00+00:00,2.8463,2.8469,2.8227,2.8273,8808289.3
2025-09-30 15:15:00+00:00,2.8272,2.8288,2.8119,2.8183,13924744.3
2025-09-30 15:30:00+00:00,2.8183,2.8257,2.8158,2.818,6261608.4
2025-09-30 15:45:00+00:00,2.818,2.8285,2.8146,2.827,4738855.7
2025-09-30 16:00:00+00:00,2.827,2.83,2.8208,2.8244,5432312.0
2025-09-30 16:15:00+00:00,2.8244,2.8372,2.8206,2.8318,5178288.4
2025-09-30 16:30:00+00:00,2.8317,2.8346,2.8164,2.8217,4978036.6
2025-09-30 16:45:00+00:00,2.8216,2.8323,2.8198,2.8237,5393767.0
2025-09-30 17:00:00+00:00,2.8236,2.8304,2.8216,2.8242,4293814.2
2025-09-30 17:15:00+00:00,2.8241,2.8255,2.8167,2.8196,5634890.4
2025-09-30 17:30:00+00:00,2.8196,2.839,2.8167,2.8332,10737304.1
2025-09-30 17:45:00+00:00,2.8331,2.8332,2.8255,2.8271,2841940.0
2025-09-30 18:00:00+00:00,2.8272,2.8354,2.8202,2.8341,4228357.3
2025-09-30 18:15:00+00:00,2.8341,2.8424,2.8301,2.839,6492226.8
2025-09-30 18:30:00+00:00,2.8391,2.8409,2.8302,2.8334,6377436.7
2025-09-30 18:45:00+00:00,2.8335,2.8415,2.8332,2.8391,4222538.5
2025-09-30 19:00:00+00:00,2.8391,2.847,2.8377,2.8444,5564684.5
2025-09-30 19:15:00+00:00,2.8444,2.8499,2.8425,2.8495,3869749.7
2025-09-30 19:30:00+00:00,2.8496,2.8605,2.8489,2.8603,6479923.9
2025-09-30 19:45:00+00:00,2.8603,2.8721,2.8602,2.8625,13012507.4
2025-09-30 20:00:00+00:00,2.8626,2.8658,2.858,2.8595,5564762.2
2025-09-30 20:15:00+00:00,2.8595,2.8698,2.8574,2.8688,3824290.5
2025-09-30 20:30:00+00:00,2.8687,2.8699,2.8629,2.8632,1978821.3
2025-09-30 20:45:00+00:00,2.8631,2.8732,2.8622,2.8711,3118091.2
2025-09-30 21:00:00+00:00,2.8711,2.8785,2.862,2.8632,5641827.2
2025-09-30 21:15:00+00:00,2.8633,2.8722,2.8611,2.8628,3968579.9
2025-09-30 21:30:00+00:00,2.8628,2.8638,2.8556,2.8565,4227184.8
2025-09-30 21:45:00+00:00,2.8566,2.8614,2.8503,2.8519,3210274.9
2025-09-30 22:00:00+00:00,2.8519,2.863,2.8517,2.859,4177183.3
2025-09-30 22:15:00+00:00,2.8589,2.8606,2.8507,2.8513,5154624.4
2025-09-30 22:30:00+00:00,2.8513,2.8533,2.8441,2.8472,4183599.4
2025-09-30 22:45:00+00:00,2.8471,2.8486,2.8375,2.8406,3115906.5
2025-09-30 23:00:00+00:00,2.8406,2.8406,2.8328,2.8382,3521049.0
2025-09-30 23:15:00+00:00,2.8381,2.8423,2.8364,2.8379,1911641.6
2025-09-30 23:30:00+00:00,2.8379,2.8428,2.8376,2.8422,2657871.9
2025-09-30 23:45:00+00:00,2.8423,2.847,2.8403,2.8454,2794107.6
2025-10-01 00:00:00+00:00,2.8453,2.8506,2.845,2.8468,2773650.7
2025-10-01 00:15:00+00:00,2.8468,2.8468,2.8368,2.8373,3269290.4
2025-10-01 00:30:00+00:00,2.8373,2.8388,2.8292,2.8306,4155047.2
2025-10-01 00:45:00+00:00,2.8305,2.839,2.8268,2.8373,3597005.2
2025-10-01 01:00:00+00:00,2.8372,2.8444,2.835,2.8432,2507968.9
2025-10-01 01:15:00+00:00,2.8431,2.8457,2.8357,2.8447,3480447.9
2025-10-01 01:30:00+00:00,2.8447,2.8498,2.8351,2.8475,2447526.5
2025-10-01 01:45:00+00:00,2.8476,2.8588,2.8458,2.857,7198370.5
2025-10-01 02:00:00+00:00,2.8571,2.8575,2.8473,2.8478,4037064.8
2025-10-01 02:15:00+00:00,2.8479,2.8505,2.8463,2.8474,1318152.2
2025-10-01 02:30:00+00:00,2.8474,2.8477,2.8391,2.8398,2703496.8
2025-10-01 02:45:00+00:00,2.8397,2.8424,2.839,2.8408,1393763.6
2025-10-01 03:00:00+00:00,2.8408,2.8415,2.8368,2.8375,1835885.1
2025-10-01 03:15:00+00:00,2.8375,2.8376,2.8238,2.8253,8060104.3
2025-10-01 03:30:00+00:00,2.8254,2.8288,2.8209,2.8214,2745297.6
2025-10-01 03:45:00+00:00,2.8213,2.8213,2.8126,2.8177,6136844.1
2025-10-01 04:00:00+00:00,2.8178,2.8362,2.8149,2.8285,7637063.0
2025-10-01 04:15:00+00:00,2.8285,2.8385,2.8282,2.8366,4514686.9
2025-10-01 04:30:00+00:00,2.8367,2.8443,2.8359,2.8383,5375750.0
2025-10-01 04:45:00+00:00,2.8383,2.8439,2.8326,2.8351,4666491.5
2025-10-01 05:00:00+00:00,2.8351,2.8533,2.8335,2.8486,5426522.7
2025-10-01 05:15:00+00:00,2.8486,2.85,2.8392,2.843,3114470.8
2025-10-01 05:30:00+00:00,2.843,2.85,2.8404,2.8444,2612160.0
2025-10-01 05:45:00+00:00,2.8443,2.8476,2.8425,2.8443,1540002.5
2025-10-01 06:00:00+00:00,2.8442,2.8484,2.8419,2.843,2978015.9
2025-10-01 06:15:00+00:00,2.843,2.8456,2.8333,2.8388,2784560.8
2025-10-01 06:30:00+00:00,2.8388,2.8446,2.8369,2.8409,2102935.0
2025-10-01 06:45:00+00:00,2.841,2.8413,2.8295,2.8307,3572588.8
2025-10-01 07:00:00+00:00,2.8306,2.8383,2.8297,2.8375,2080897.2
2025-10-01 07:15:00+00:00,2.8375,2.844,2.8372,2.8426,2190764.9
2025-10-01 07:30:00+00:00,2.8426,2.8563,2.842,2.8535,8865826.8
2025-10-01 07:45:00+00:00,2.8536,2.8552,2.8501,2.8526,1615620.8
2025-10-01 08:00:00+00:00,2.8526,2.8626,2.8505,2.8607,4892133.4
2025-10-01 08:15:00+00:00,2.8608,2.8706,2.8576,2.8702,7815333.7
2025-10-01 08:30:00+00:00,2.8703,2.9048,2.8702,2.9034,19715983.7
2025-10-01 08:45:00+00:00,2.9033,2.92,2.8995,2.9159,26638679.0
2025-10-01 09:00:00+00:00,2.9159,2.9189,2.9061,2.9133,11826960.1
2025-10-01 09:15:00+00:00,2.9132,2.9298,2.913,2.9274,15089204.7
2025-10-01 09:30:00+00:00,2.9275,2.9404,2.9232,2.94,14722302.3
2025-10-01 09:45:00+00:00,2.94,2.9512,2.9373,2.9402,16796887.4
2025-10-01 10:00:00+00:00,2.9402,2.941,2.9185,2.9197,15528887.5
2025-10-01 10:15:00+00:00,2.9197,2.9331,2.9189,2.9261,8546694.5
2025-10-01 10:30:00+00:00,2.9261,2.9311,2.9242,2.9311,3572591.5
2025-10-01 10:45:00+00:00,2.9312,2.9394,2.9258,2.9289,5735120.0
2025-10-01 11:00:00+00:00,2.9289,2.9385,2.9286,2.9364,4815194.9
2025-10-01 11:15:00+00:00,2.9364,2.942,2.9343,2.9376,3285258.5
2025-10-01 11:30:00+00:00,2.9377,2.9424,2.9344,2.9393,4248642.1
2025-10-01 11:45:00+00:00,2.9392,2.9447,2.9378,2.9427,3876722.1
2025-10-01 12:00:00+00:00,2.9426,2.9438,2.9265,2.9315,8917925.4
2025-10-01 12:15:00+00:00,2.9316,2.9412,2.9262,2.9388,6275832.0
2025-10-01 12:30:00+00:00,2.9389,2.9427,2.9328,2.9381,5091966.0
2025-10-01 12:45:00+00:00,2.9381,2.941,2.9314,2.9351,5022643.4
2025-10-01 13:00:00+00:00,2.9351,2.9526,2.935,2.9459,10680503.2
2025-10-01 13:15:00+00:00,2.946,2.9544,2.9409,2.9439,8545767.9
2025-10-01 13:30:00+00:00,2.944,2.9489,2.937,2.9416,7595763.1
2025-10-01 13:45:00+00:00,2.9415,2.945,2.932,2.9375,8387224.2
2025-10-01 14:00:00+00:00,2.9375,2.9455,2.9301,2.945,9607722.5
2025-10-01 14:15:00+00:00,2.9451,2.9482,2.9409,2.944,4467624.2
2025-10-01 14:30:00+00:00,2.9441,2.957,2.9426,2.9501,8105051.2
2025-10-01 14:45:00+00:00,2.95,2.95,2.9347,2.9417,8853231.8
2025-10-01 15:00:00+00:00,2.9417,2.945,2.9313,2.9348,5013205.7
2025-10-01 15:15:00+00:00,2.9349,2.945,2.9348,2.9422,3542731.3
2025-10-01 15:30:00+00:00,2.9422,2.9443,2.9374,2.9428,3049851.1
2025-10-01 15:45:00+00:00,2.9427,2.945,2.9343,2.9403,3256374.3
2025-10-01 16:00:00+00:00,2.9404,2.9434,2.9337,2.9402,6742742.4
2025-10-01 16:15:00+00:00,2.9403,2.946,2.9357,2.9443,4249655.5
2025-10-01 16:30:00+00:00,2.9443,2.9484,2.9427,2.9443,4222772.9
2025-10-01 16:45:00+00:00,2.9444,2.9452,2.9333,2.9366,4544897.3
2025-10-01 17:00:00+00:00,2.9366,2.9433,2.9333,2.9338,4319833.8
2025-10-01 17:15:00+00:00,2.9337,2.9437,2.9335,2.941,3066281.3
2025-10-01 17:30:00+00:00,2.9411,2.9421,2.932,2.9347,2472999.4
2025-10-01 17:45:00+00:00,2.9347,2.9353,2.9188,2.9195,10303712.2
2025-10-01 18:00:00+00:00,2.9194,2.9289,2.9194,2.9279,3452749.8
2025-10-01 18:15:00+00:00,2.9278,2.929,2.9257,2.9289,1781588.2
2025-10-01 18:30:00+00:00,2.9289,2.9416,2.9289,2.9361,4231694.3
2025-10-01 18:45:00+00:00,2.9362,2.9386,2.9325,2.935,2927801.4
2025-10-01 19:00:00+00:00,2.935,2.9419,2.9342,2.9417,3139709.0
2025-10-01 19:15:00+00:00,2.9417,2.9496,2.9416,2.9496,3604776.2
2025-10-01 19:30:00+00:00,2.9496,2.9544,2.9468,2.9501,5018973.5
2025-10-01 19:45:00+00:00,2.95,2.96,2.95,2.9536,11083413.5
2025-10-01 20:00:00+00:00,2.9537,2.9544,2.9438,2.9455,6201408.6
2025-10-01 20:15:00+00:00,2.9455,2.9512,2.9392,2.9465,3933404.7
2025-10-01 20:30:00+00:00,2.9465,2.9465,2.9369,2.9409,2406681.3
2025-10-01 20:45:00+00:00,2.9408,2.9463,2.9386,2.9462,1777588.9
2025-10-01 21:00:00+00:00,2.9462,2.9465,2.9352,2.9369,2072145.1
2025-10-01 21:15:00+00:00,2.9369,2.9395,2.9275,2.9342,4748079.0
2025-10-01 21:30:00+00:00,2.9343,2.9345,2.9269,2.9292,1997586.9
2025-10-01 21:45:00+00:00,2.9292,2.9324,2.9252,2.9276,1238700.7
2025-10-01 22:00:00+00:00,2.9276,2.9389,2.9267,2.9326,3342986.6
2025-10-01 22:15:00+00:00,2.9325,2.9338,2.927,2.9289,1633145.5
2025-10-01 22:30:00+00:00,2.9288,2.931,2.9257,2.9308,1824545.2
2025-10-01 22:45:00+00:00,2.9308,2.9376,2.9267,2.929,4182237.7
2025-10-01 23:00:00+00:00,2.929,2.9359,2.927,2.932,2657869.8
2025-10-01 23:15:00+00:00,2.932,2.9438,2.9317,2.9388,4777027.0
2025-10-01 23:30:00+00:00,2.9388,2.9443,2.9384,2.9429,1843681.1
2025-10-01 23:45:00+00:00,2.9429,2.9505,2.9408,2.9473,3423799.7
2025-10-02 00:00:00+00:00,2.9473,2.9614,2.9424,2.9591,13155659.2
2025-10-02 00:15:00+00:00,2.959,2.9598,2.9504,2.9526,4853625.7
2025-10-02 00:30:00+00:00,2.9526,2.9528,2.9387,2.9402,4699681.6
2025-10-02 00:45:00+00:00,2.9402,2.9441,2.9397,2.9421,1715466.7
2025-10-02 01:00:00+00:00,2.9421,2.9581,2.9407,2.9559,4861637.9
2025-10-02 01:15:00+00:00,2.9558,2.9668,2.9508,2.9592,6411373.4
2025-10-02 01:30:00+00:00,2.9592,2.9689,2.9574,2.9668,3816234.8
2025-10-02 01:45:00+00:00,2.9668,2.9743,2.965,2.9685,7317024.2
2025-10-02 02:00:00+00:00,2.9684,2.973,2.959,2.9667,6108924.7
2025-10-02 02:15:00+00:00,2.9666,2.9688,2.9601,2.9653,3137180.8
2025-10-02 02:30:00+00:00,2.9654,2.9794,2.9635,2.9772,5833334.5
2025-10-02 02:45:00+00:00,2.9771,2.98,2.9694,2.9749,5704826.1
2025-10-02 03:00:00+00:00,2.9749,2.98,2.9744,2.9762,4001413.3
2025-10-02 03:15:00+00:00,2.9762,2.9819,2.9736,2.9816,6312200.9
2025-10-02 03:30:00+00:00,2.9815,2.9863,2.9771,2.9779,6000748.7
2025-10-02 03:45:00+00:00,2.9779,2.9779,2.9651,2.971,6067060.7
2025-10-02 04:00:00+00:00,2.9709,2.9784,2.9659,2.975,3554195.7
2025-10-02 04:15:00+00:00,2.975,2.9753,2.9553,2.9561,6288986.2
2025-10-02 04:30:00+00:00,2.9561,2.9608,2.9526,2.96,4973200.7
2025-10-02 04:45:00+00:00,2.96,2.9666,2.9587,2.9661,2583224.0
2025-10-02 05:00:00+00:00,2.9662,2.967,2.9595,2.9595,1777165.1
2025-10-02 05:15:00+00:00,2.9595,2.9798,2.9566,2.9741,6245321.0
2025-10-02 05:30:00+00:00,2.9741,2.9781,2.9618,2.9654,10014485.4
2025-10-02 05:45:00+00:00,2.9654,2.9659,2.9604,2.9635,2002711.0
2025-10-02 06:00:00+00:00,2.9635,2.9653,2.9613,2.9639,2193588.7
2025-10-02 06:15:00+00:00,2.964,2.971,2.9633,2.9677,1940844.3
2025-10-02 06:30:00+00:00,2.9677,2.9815,2.9667,2.977,8411434.7
2025-10-02 06:45:00+00:00,2.9771,2.9795,2.9751,2.9782,2532501.7
2025-10-02 07:00:00+00:00,2.9783,2.9813,2.9749,2.9789,3152930.4
2025-10-02 07:15:00+00:00,2.9789,2.984,2.9728,2.9775,2743449.7
2025-10-02 07:30:00+00:00,2.9776,2.9799,2.9705,2.9711,2866383.1
2025-10-02 07:45:00+00:00,2.971,2.973,2.964,2.9679,2822072.6
2025-10-02 08:00:00+00:00,2.9679,2.9725,2.9656,2.9657,2535468.8
2025-10-02 08:15:00+00:00,2.9658,2.9742,2.965,2.9741,2143746.8
2025-10-02 08:30:00+00:00,2.9741,2.9885,2.9717,2.9865,7562654.9
2025-10-02 08:45:00+00:00,2.9865,2.9896,2.9817,2.9876,3538120.9
2025-10-02 09:00:00+00:00,2.9877,2.9877,2.9803,2.9823,3864060.0
2025-10-02 09:15:00+00:00,2.9822,2.9907,2.9815,2.9854,5706375.1
2025-10-02 09:30:00+00:00,2.9854,2.9856,2.9741,2.9775,4939286.7
2025-10-02 09:45:00+00:00,2.9775,2.983,2.9758,2.9821,2689834.8
2025-10-02 10:00:00+00:00,2.9821,2.9849,2.9777,2.9833,2576537.8
2025-10-02 10:15:00+00:00,2.9833,2.9858,2.9774,2.9784,2259999.4
2025-10-02 10:30:00+00:00,2.9785,2.99,2.9772,2.9889,3916684.7
2025-10-02 10:45:00+00:00,2.9889,2.9927,2.985,2.9875,3364124.8
2025-10-02 11:00:00+00:00,2.9874,2.9953,2.9862,2.9913,6705041.8
2025-10-02 11:15:00+00:00,2.9912,2.9916,2.9816,2.9839,3668550.1
2025-10-02 11:30:00+00:00,2.9838,2.9847,2.9812,2.9831,2757028.9
2025-10-02 11:45:00+00:00,2.9831,2.9877,2.9671,2.9701,9258858.7
2025-10-02 12:00:00+00:00,2.9701,2.9785,2.9665,2.9781,5691469.5
2025-10-02 12:15:00+00:00,2.9782,2.981,2.9758,2.9796,3253861.6
2025-10-02 12:30:00+00:00,2.9797,2.9863,2.9741,2.9816,3841120.6
2025-10-02 12:45:00+00:00,2.9817,2.9859,2.9785,2.985,4444584.8
2025-10-02 13:00:00+00:00,2.985,2.9858,2.9754,2.9765,3820651.7
2025-10-02 13:15:00+00:00,2.9765,2.9771,2.9612,2.9748,9536069.7
2025-10-02 13:30:00+00:00,2.9747,2.9788,2.9665,2.9735,6593423.7
2025-10-02 13:45:00+00:00,2.9736,2.988,2.9711,2.9845,13384682.4
2025-10-02 14:00:00+00:00,2.9845,2.993,2.967,2.9696,9534419.0
2025-10-02 14:15:00+00:00,2.9696,2.9805,2.9667,2.9792,6109630.5
2025-10-02 14:30:00+00:00,2.9792,2.9821,2.9603,2.9632,5758109.5
2025-10-02 14:45:00+00:00,2.9632,2.9663,2.945,2.9565,19897386.8
2025-10-02 15:00:00+00:00,2.9564,2.9727,2.945,2.9703,14107077.6
2025-10-02 15:15:00+00:00,2.9703,2.9779,2.9661,2.9739,6733286.7
2025-10-02 15:30:00+00:00,2.9739,2.9775,2.9592,2.9748,10025542.3
2025-10-02 15:45:00+00:00,2.9747,2.992,2.9743,2.9908,8816975.2
2025-10-02 16:00:00+00:00,2.9908,3.0311,2.9859,3.028,32286007.3
2025-10-02 16:15:00+00:00,3.0281,3.0312,3.0136,3.0253,14960577.0
2025-10-02 16:30:00+00:00,3.0253,3.0377,3.0145,3.0189,15401688.1
2025-10-02 16:45:00+00:00,3.0189,3.0575,3.0173,3.0438,24380653.3
2025-10-02 17:00:00+00:00,3.0439,3.055,3.0375,3.0528,11178297.5
2025-10-02 17:15:00+00:00,3.0529,3.0544,3.0302,3.0386,7719254.1
2025-10-02 17:30:00+00:00,3.0387,3.043,3.0303,3.0393,5068557.0
2025-10-02 17:45:00+00:00,3.0394,3.0487,3.0331,3.0339,5330532.6
2025-10-02 18:00:00+00:00,3.0339,3.0475,3.0338,3.0428,6795005.9
2025-10-02 18:15:00+00:00,3.0428,3.0488,3.0405,3.0474,4609806.3
2025-10-02 18:30:00+00:00,3.0474,3.0543,3.042,3.047,5884382.3
2025-10-02 18:45:00+00:00,3.047,3.0629,3.0456,3.0607,9818004.8
2025-10-02 19:00:00+00:00,3.0607,3.0758,3.0572,3.0726,10246216.4
2025-10-02 19:15:00+00:00,3.0727,3.0766,3.0665,3.0748,8038104.5
2025-10-02 19:30:00+00:00,3.0748,3.0921,3.0741,3.0901,10835240.3
2025-10-02 19:45:00+00:00,3.0902,3.099,3.0842,3.0894,17666590.5
2025-10-02 20:00:00+00:00,3.0895,3.09,3.0622,3.0634,19149046.8
2025-10-02 20:15:00+00:00,3.0634,3.0763,3.0615,3.0673,6031304.5
2025-10-02 20:30:00+00:00,3.0673,3.0683,3.0512,3.0633,8230245.9
2025-10-02 20:45:00+00:00,3.0633,3.0674,3.0539,3.0577,4253703.8
2025-10-02 21:00:00+00:00,3.0577,3.0652,3.0548,3.0612,4733555.0
2025-10-02 21:15:00+00:00,3.0612,3.0626,3.0354,3.0413,7739577.9
2025-10-02 21:30:00+00:00,3.0413,3.0436,3.0359,3.0436,6032165.1
2025-10-02 21:45:00+00:00,3.0435,3.0498,3.0388,3.039,3755578.5
2025-10-02 22:00:00+00:00,3.0389,3.0474,3.0371,3.0417,4607831.5
2025-10-02 22:15:00+00:00,3.0416,3.0424,3.0248,3.0397,15065666.3
2025-10-02 22:30:00+00:00,3.0398,3.0456,3.0348,3.0371,4168334.6
2025-10-02 22:45:00+00:00,3.0372,3.0403,3.03,3.0312,4523843.3
2025-10-02 23:00:00+00:00,3.0312,3.0393,3.0301,3.0361,5647977.2
2025-10-02 23:15:00+00:00,3.0361,3.0372,3.025,3.0304,5396916.4
2025-10-02 23:30:00+00:00,3.0305,3.038,3.0289,3.0328,3832369.0
2025-10-02 23:45:00+00:00,3.0328,3.0406,3.0287,3.0375,4500415.2
2025-10-03 00:00:00+00:00,3.0376,3.0381,3.0122,3.0196,12251294.8
2025-10-03 00:15:00+00:00,3.0195,3.0326,3.0179,3.0297,9264504.8
2025-10-03 00:30:00+00:00,3.0297,3.0309,3.0158,3.0164,4593391.4
2025-10-03 00:45:00+00:00,3.0163,3.0239,3.0142,3.0188,3726583.6
2025-10-03 01:00:00+00:00,3.0187,3.0249,3.0155,3.0177,4378747.0
2025-10-03 01:15:00+00:00,3.0177,3.0214,3.004,3.0076,9824348.4
2025-10-03 01:30:00+00:00,3.0075,3.0156,3.0046,3.0109,4952828.5
2025-10-03 01:45:00+00:00,3.0108,3.0164,3.0036,3.0055,4562145.1
2025-10-03 02:00:00+00:00,3.0055,3.0192,3.0032,3.0185,4512809.7
2025-10-03 02:15:00+00:00,3.0184,3.0203,3.0083,3.0093,3250377.4
2025-10-03 02:30:00+00:00,3.0092,3.0198,3.0072,3.0146,3656240.7
2025-10-03 02:45:00+00:00,3.0145,3.0245,3.0112,3.0211,4382629.3
2025-10-03 03:00:00+00:00,3.021,3.0304,3.0185,3.0258,7721267.1
2025-10-03 03:15:00+00:00,3.0258,3.0379,3.0252,3.0294,6724698.9
2025-10-03 03:30:00+00:00,3.0295,3.0329,3.026,3.0275,3616681.2
2025-10-03 03:45:00+00:00,3.0274,3.0289,3.0173,3.0194,4043135.4
2025-10-03 04:00:00+00:00,3.0194,3.0253,3.0152,3.0253,3764103.1
2025-10-03 04:15:00+00:00,3.0253,3.0309,3.0236,3.0246,2298990.2
2025-10-03 04:30:00+00:00,3.0245,3.0246,3.0172,3.0244,3240777.8
2025-10-03 04:45:00+00:00,3.0245,3.0291,3.0222,3.0281,2473210.3
2025-10-03 05:00:00+00:00,3.0282,3.0297,3.02,3.022,2736387.6
2025-10-03 05:15:00+00:00,3.0221,3.0234,3.0181,3.0205,2395184.0
2025-10-03 05:30:00+00:00,3.0205,3.0219,3.0128,3.0145,2636467.7
2025-10-03 05:45:00+00:00,3.0144,3.0213,3.0129,3.0198,4109946.9
2025-10-03 06:00:00+00:00,3.0197,3.0273,3.0161,3.0242,3449598.8
2025-10-03 06:15:00+00:00,3.0242,3.0272,3.0223,3.0257,1953721.0
2025-10-03 06:30:00+00:00,3.0257,3.0343,3.025,3.0305,2988432.9
2025-10-03 06:45:00+00:00,3.0305,3.0305,3.0116,3.0221,7765817.2
2025-10-03 07:00:00+00:00,3.0221,3.0264,3.0175,3.0246,3347907.8
2025-10-03 07:15:00+00:00,3.0246,3.0322,3.0187,3.0199,5957230.1
2025-10-03 07:30:00+00:00,3.0198,3.0297,3.0181,3.0236,4835855.1
2025-10-03 07:45:00+00:00,3.0236,3.0332,3.0215,3.0329,4942570.0
2025-10-03 08:00:00+00:00,3.0329,3.0426,3.0292,3.0338,7172781.3
2025-10-03 08:15:00+00:00,3.0338,3.0495,3.0213,3.0405,10898907.5
2025-10-03 08:30:00+00:00,3.0405,3.0536,3.0378,3.0532,7362005.1
2025-10-03 08:45:00+00:00,3.0532,3.0572,3.0459,3.0515,7319480.8
2025-10-03 09:00:00+00:00,3.0514,3.053,3.0412,3.0426,5016018.2
2025-10-03 09:15:00+00:00,3.0426,3.048,3.0384,3.0452,4179786.7
2025-10-03 09:30:00+00:00,3.0452,3.0473,3.034,3.0368,3433926.7
2025-10-03 09:45:00+00:00,3.0368,3.04,3.0367,3.0391,2337390.4
2025-10-03 10:00:00+00:00,3.0392,3.0487,3.0387,3.0411,4395637.8
2025-10-03 10:15:00+00:00,3.0411,3.0447,3.0385,3.0414,3284906.8
2025-10-03 10:30:00+00:00,3.0413,3.0469,3.0373,3.0413,8784985.0
2025-10-03 10:45:00+00:00,3.0413,3.045,3.0395,3.0436,3019551.4
2025-10-03 11:00:00+00:00,3.0437,3.0465,3.0328,3.0364,4514853.9
2025-10-03 11:15:00+00:00,3.0363,3.0384,3.0283,3.0367,3384403.6
2025-10-03 11:30:00+00:00,3.0367,3.0407,3.0309,3.0395,2443670.5
2025-10-03 11:45:00+00:00,3.0396,3.0418,3.0355,3.0365,2384149.9
2025-10-03 12:00:00+00:00,3.0366,3.0392,3.0306,3.0362,3274638.3
2025-10-03 12:15:00+00:00,3.0362,3.0394,3.0309,3.0335,3224084.2
2025-10-03 12:30:00+00:00,3.0335,3.0378,3.0237,3.0243,4142153.8
2025-10-03 12:45:00+00:00,3.0242,3.0258,3.0201,3.0212,4470092.9
2025-10-03 13:00:00+00:00,3.0211,3.0212,3.0075,3.0145,9428212.7
2025-10-03 13:15:00+00:00,3.0145,3.0264,3.0138,3.0244,5673332.4
2025-10-03 13:30:00+00:00,3.0245,3.0311,3.0132,3.0193,7947827.5
2025-10-03 13:45:00+00:00,3.0192,3.0285,3.018,3.024,4654166.7
2025-10-03 14:00:00+00:00,3.024,3.029,3.0152,3.0203,6872292.0
2025-10-03 14:15:00+00:00,3.0203,3.0299,3.0062,3.028,9469988.7
2025-10-03 14:30:00+00:00,3.0279,3.0366,3.023,3.0324,5057199.1
2025-10-03 14:45:00+00:00,3.0324,3.0466,3.0324,3.0416,5881012.8
2025-10-03 15:00:00+00:00,3.0416,3.0417,3.0244,3.0349,5304760.9
2025-10-03 15:15:00+00:00,3.0349,3.0512,3.0348,3.0397,7128025.3
2025-10-03 15:30:00+00:00,3.0396,3.054,3.0396,3.0537,6394594.6
2025-10-03 15:45:00+00:00,3.0537,3.0721,3.0485,3.0676,14347295.4
2025-10-03 16:00:00+00:00,3.0676,3.0873,3.0676,3.0787,21157973.9
2025-10-03 16:15:00+00:00,3.0787,3.0912,3.0745,3.086,11524939.7
2025-10-03 16:30:00+00:00,3.086,3.0935,3.08,3.0935,9703348.4
2025-10-03 16:45:00+00:00,3.0935,3.095,3.0584,3.0616,20413515.3
2025-10-03 17:00:00+00:00,3.0615,3.0615,3.0111,3.0567,45397014.1
2025-10-03 17:15:00+00:00,3.0568,3.0569,3.0352,3.0389,15799353.0
2025-10-03 17:30:00+00:00,3.0388,3.0544,3.0331,3.0435,9890409.3
2025-10-03 17:45:00+00:00,3.0436,3.0446,3.0209,3.0277,13358818.0
2025-10-03 18:00:00+00:00,3.0277,3.0363,3.0188,3.035,7928167.7
2025-10-03 18:15:00+00:00,3.0349,3.0485,3.0325,3.0471,4733452.6
2025-10-03 18:30:00+00:00,3.0472,3.0506,3.04,3.0404,4478850.0
2025-10-03 18:45:00+00:00,3.0404,3.0481,3.0365,3.0451,4121370.9
2025-10-03 19:00:00+00:00,3.0451,3.047,3.0357,3.0403,5834989.0
2025-10-03 19:15:00+00:00,3.0403,3.0537,3.0403,3.0487,6192847.7
2025-10-03 19:30:00+00:00,3.0487,3.0516,3.0401,3.0404,3657584.9
2025-10-03 19:45:00+00:00,3.0404,3.0408,3.0308,3.0338,5476658.0
2025-10-03 20:00:00+00:00,3.0338,3.0349,3.02,3.0228,5952785.9
2025-10-03 20:15:00+00:00,3.0228,3.0314,3.0205,3.0284,2797729.0
2025-10-03 20:30:00+00:00,3.0285,3.0381,3.0278,3.0381,2420136.8
2025-10-03 20:45:00+00:00,3.0381,3.0394,3.032,3.0368,2747076.7
2025-10-03 21:00:00+00:00,3.0367,3.0545,3.0362,3.0545,5160572.3
2025-10-03 21:15:00+00:00,3.0545,3.055,3.0441,3.0485,3122980.8
2025-10-03 21:30:00+00:00,3.0485,3.0508,3.0462,3.0481,2659711.7
2025-10-03 21:45:00+00:00,3.0481,3.0495,3.0414,3.0455,1795144.8
2025-10-03 22:00:00+00:00,3.0455,3.0512,3.045,3.0464,2390591.0
2025-10-03 22:15:00+00:00,3.0463,3.0522,3.0445,3.0522,1779897.3
2025-10-03 22:30:00+00:00,3.0523,3.053,3.0466,3.047,2091535.2
2025-10-03 22:45:00+00:00,3.0471,3.0542,3.045,3.0468,2508196.0
2025-10-03 23:00:00+00:00,3.0467,3.0499,3.0417,3.0434,1951505.1
2025-10-03 23:15:00+00:00,3.0435,3.0489,3.0422,3.0423,1875859.0
2025-10-03 23:30:00+00:00,3.0422,3.0467,3.0387,3.0429,1951421.5
2025-10-03 23:45:00+00:00,3.0429,3.0435,3.0358,3.0395,1988332.9
2025-10-04 00:00:00+00:00,3.0394,3.0468,3.0385,3.0426,2934070.6
2025-10-04 00:15:00+00:00,3.0426,3.0457,3.0376,3.0391,1835341.4
2025-10-04 00:30:00+00:00,3.039,3.0518,3.0389,3.0457,3162602.8
2025-10-04 00:45:00+00:00,3.0457,3.0466,3.0395,3.0428,2622341.1
2025-10-04 01:00:00+00:00,3.0427,3.0448,3.0331,3.0358,3741225.2
2025-10-04 01:15:00+00:00,3.0358,3.0364,3.0286,3.0294,3032064.5
2025-10-04 01:30:00+00:00,3.0295,3.0328,3.0237,3.0267,3024760.8
2025-10-04 01:45:00+00:00,3.0266,3.0274,3.0191,3.023,3332677.7
2025-10-04 02:00:00+00:00,3.023,3.0327,3.0178,3.0198,4292414.7
2025-10-04 02:15:00+00:00,3.0198,3.0229,3.0155,3.0224,3089505.2
2025-10-04 02:30:00+00:00,3.0225,3.0242,3.0191,3.0226,2054584.2
2025-10-04 02:45:00+00:00,3.0226,3.0232,3.019,3.0197,1709717.3
2025-10-04 03:00:00+00:00,3.0197,3.0207,3.007,3.0099,5088918.5
2025-10-04 03:15:00+00:00,3.0098,3.0171,3.0081,3.0136,3388100.3
2025-10-04 03:30:00+00:00,3.0136,3.0198,3.0122,3.0192,1730787.0
2025-10-04 03:45:00+00:00,3.0192,3.0235,3.0175,3.0224,1937080.5
2025-10-04 04:00:00+00:00,3.0224,3.0276,3.0193,3.0207,2873446.1
2025-10-04 04:15:00+00:00,3.0208,3.0212,3.0161,3.0161,2259942.8
2025-10-04 04:30:00+00:00,3.0162,3.019,3.0133,3.0167,1890864.2
2025-10-04 04:45:00+00:00,3.0166,3.0194,3.0157,3.0166,1332598.8
2025-10-04 05:00:00+00:00,3.0167,3.0237,3.0154,3.0233,2496002.7
2025-10-04 05:15:00+00:00,3.0233,3.0281,3.0217,3.0229,2625774.1
2025-10-04 05:30:00+00:00,3.0229,3.025,3.0175,3.0179,2618177.7
2025-10-04 05:45:00+00:00,3.0179,3.0237,3.0164,3.0228,1703957.2
2025-10-04 06:00:00+00:00,3.0228,3.0262,3.0216,3.0239,2759044.5
2025-10-04 06:15:00+00:00,3.0239,3.0297,3.0236,3.0251,2626525.5
2025-10-04 06:30:00+00:00,3.0251,3.029,3.0242,3.0245,1827348.0
2025-10-04 06:45:00+00:00,3.0246,3.0281,3.0227,3.0256,1663125.4
2025-10-04 07:00:00+00:00,3.0256,3.0304,3.0236,3.028,1735880.0
2025-10-04 07:15:00+00:00,3.028,3.0295,3.0258,3.0266,1587438.1
2025-10-04 07:30:00+00:00,3.0266,3.0285,3.021,3.0222,1549275.5
2025-10-04 07:45:00+00:00,3.0222,3.0238,3.0161,3.0168,3998532.8
2025-10-04 08:00:00+00:00,3.0169,3.0211,3.0158,3.0159,2595710.4
2025-10-04 08:15:00+00:00,3.0158,3.0159,3.0052,3.0065,8133445.2
2025-10-04 08:30:00+00:00,3.0064,3.01,2.9926,2.9982,13586231.7
2025-10-04 08:45:00+00:00,2.9981,3.0015,2.9951,2.9994,6572170.8
2025-10-04 09:00:00+00:00,2.9994,3.0064,2.997,3.0053,3670482.3
2025-10-04 09:15:00+00:00,3.0053,3.0065,3.0032,3.0046,1406360.7
2025-10-04 09:30:00+00:00,3.0046,3.0048,2.9992,3.004,2256803.0
2025-10-04 09:45:00+00:00,3.004,3.0044,2.9942,2.9956,3175939.9
2025-10-04 10:00:00+00:00,2.9955,3.003,2.9944,2.9997,3239107.7
2025-10-04 10:15:00+00:00,2.9997,3.0044,2.9979,3.0032,2333515.8
2025-10-04 10:30:00+00:00,3.0032,3.0036,2.9824,2.9883,8654363.5
2025-10-04 10:45:00+00:00,2.9882,2.991,2.9814,2.9863,7867816.8
2025-10-04 11:00:00+00:00,2.9863,2.9905,2.9841,2.9852,3784761.1
2025-10-04 11:15:00+00:00,2.9852,2.99,2.9819,2.9892,4200674.6
2025-10-04 11:30:00+00:00,2.9892,2.9917,2.9836,2.9887,2616044.8
2025-10-04 11:45:00+00:00,2.9887,2.993,2.9881,2.9897,2316904.5
2025-10-04 12:00:00+00:00,2.9897,2.9944,2.9859,2.9923,4555495.2
2025-10-04 12:15:00+00:00,2.9923,2.9924,2.9874,2.9884,2662094.9
2025-10-04 12:30:00+00:00,2.9883,2.9938,2.9871,2.9894,1935859.6
2025-10-04 12:45:00+00:00,2.9893,2.9894,2.9814,2.9829,4323499.2
2025-10-04 13:00:00+00:00,2.9829,3.0019,2.9826,2.9977,8607593.8
2025-10-04 13:15:00+00:00,2.9978,3.0056,2.994,2.9948,4767339.6
2025-10-04 13:30:00+00:00,2.9948,3.0031,2.9948,2.9987,3581575.7
2025-10-04 13:45:00+00:00,2.9987,3.0002,2.9912,2.9917,2719976.2
2025-10-04 14:00:00+00:00,2.9917,2.998,2.9876,2.9963,5838407.8
2025-10-04 14:15:00+00:00,2.9962,2.9963,2.9831,2.9847,3336556.8
2025-10-04 14:30:00+00:00,2.9847,2.9857,2.978,2.98,5875996.1
2025-10-04 14:45:00+00:00,2.98,2.9801,2.965,2.9662,11252089.4
2025-10-04 15:00:00+00:00,2.9662,2.9724,2.9587,2.961,9316332.1
2025-10-04 15:15:00+00:00,2.9611,2.9616,2.94,2.9428,20966339.5
2025-10-04 15:30:00+00:00,2.943,2.9514,2.9403,2.9497,9435868.2
2025-10-04 15:45:00+00:00,2.9497,2.9611,2.9471,2.9489,14275407.2
2025-10-04 16:00:00+00:00,2.949,2.9542,2.9417,2.9451,5732434.2
2025-10-04 16:15:00+00:00,2.9452,2.9477,2.9379,2.9472,7208542.5
2025-10-04 16:30:00+00:00,2.9472,2.9533,2.9469,2.9506,5017789.7
2025-10-04 16:45:00+00:00,2.9507,2.9516,2.9437,2.9455,3113568.7
2025-10-04 17:00:00+00:00,2.9455,2.9541,2.9428,2.9488,3818481.6
2025-10-04 17:15:00+00:00,2.9488,2.9566,2.9475,2.9547,2152614.6
2025-10-04 17:30:00+00:00,2.9547,2.9556,2.9412,2.9436,3220855.7
2025-10-04 17:45:00+00:00,2.9436,2.9485,2.9416,2.9478,1561191.9
2025-10-04 18:00:00+00:00,2.9477,2.9484,2.9433,2.9441,2277820.5
2025-10-04 18:15:00+00:00,2.9441,2.9448,2.9404,2.9434,1952578.2
2025-10-04 18:30:00+00:00,2.9433,2.9444,2.9396,2.9439,2572675.7
2025-10-04 18:45:00+00:00,2.9438,2.9442,2.9403,2.943,1491373.9
2025-10-04 19:00:00+00:00,2.9431,2.9481,2.9415,2.9468,2286582.4
2025-10-04 19:15:00+00:00,2.9467,2.9517,2.9456,2.9477,2112324.7
2025-10-04 19:30:00+00:00,2.9478,2.9481,2.9424,2.9425,2109629.5
2025-10-04 19:45:00+00:00,2.9426,2.9496,2.942,2.9495,1236395.6
2025-10-04 20:00:00+00:00,2.9496,2.95,2.9458,2.9483,1809693.1
2025-10-04 20:15:00+00:00,2.9482,2.9512,2.9476,2.9501,1849901.7
2025-10-04 20:30:00+00:00,2.95,2.9544,2.9475,2.9543,2749569.4
2025-10-04 20:45:00+00:00,2.9544,2.9571,2.9459,2.9459,3403362.2
2025-10-04 21:00:00+00:00,2.946,2.9541,2.9448,2.9515,3048187.4
2025-10-04 21:15:00+00:00,2.9515,2.9635,2.9512,2.9629,3788702.6
2025-10-04 21:30:00+00:00,2.9629,2.964,2.9618,2.9639,2285242.7
2025-10-04 21:45:00+00:00,2.964,2.964,2.9583,2.9606,1163031.4
2025-10-04 22:00:00+00:00,2.9606,2.9664,2.9572,2.9581,4428025.6
2025-10-04 22:15:00+00:00,2.9581,2.9607,2.953,2.9606,2339277.4
2025-10-04 22:30:00+00:00,2.9606,2.9694,2.9606,2.9691,2207628.6
2025-10-04 22:45:00+00:00,2.9692,2.9706,2.9675,2.968,1850581.2
2025-10-04 23:00:00+00:00,2.968,2.9684,2.9622,2.9624,1422156.4
2025-10-04 23:15:00+00:00,2.9624,2.966,2.9617,2.966,944723.7
2025-10-04 23:30:00+00:00,2.9659,2.971,2.9655,2.9705,1978117.4
2025-10-04 23:45:00+00:00,2.9705,2.9719,2.9663,2.9675,1767397.1
2025-10-05 00:00:00+00:00,2.9675,2.9682,2.9607,2.962,2969440.2
2025-10-05 00:15:00+00:00,2.962,2.9736,2.961,2.973,2373851.6
2025-10-05 00:30:00+00:00,2.973,2.9734,2.9592,2.9597,2333024.4
2025-10-05 00:45:00+00:00,2.9597,2.9607,2.955,2.9563,2380500.2
2025-10-05 01:00:00+00:00,2.9563,2.9692,2.9559,2.9652,2225247.6
2025-10-05 01:15:00+00:00,2.9652,2.9664,2.9583,2.9604,1765675.3
2025-10-05 01:30:00+00:00,2.9604,2.9656,2.96,2.9645,1315129.5
2025-10-05 01:45:00+00:00,2.9645,2.9672,2.9622,2.9636,1421217.8
2025-10-05 02:00:00+00:00,2.9635,2.9649,2.9599,2.963,955936.6
2025-10-05 02:15:00+00:00,2.9631,2.9724,2.9619,2.9721,2493983.1
2025-10-05 02:30:00+00:00,2.9722,3.002,2.9721,2.9903,22109934.3
2025-10-05 02:45:00+00:00,2.9902,3.006,2.9902,3.0041,6646593.6
2025-10-05 03:00:00+00:00,3.004,3.0178,3.0018,3.0066,9840385.7
2025-10-05 03:15:00+00:00,3.0067,3.0142,3.0016,3.0134,6145229.0
2025-10-05 03:30:00+00:00,3.0135,3.0256,3.0129,3.0229,8915956.5
2025-10-05 03:45:00+00:00,3.0228,3.025,3.0046,3.0066,4795513.1
2025-10-05 04:00:00+00:00,3.0067,3.0162,3.0039,3.0101,4701892.5
2025-10-05 04:15:00+00:00,3.0101,3.016,3.0066,3.0112,2815173.2
2025-10-05 04:30:00+00:00,3.0112,3.0174,3.0072,3.0149,3313305.1
2025-10-05 04:45:00+00:00,3.015,3.0437,3.0142,3.0335,20606334.9
2025-10-05 05:00:00+00:00,3.0335,3.0419,3.0252,3.0334,7160464.6
2025-10-05 05:15:00+00:00,3.0334,3.0365,3.0269,3.0361,4675701.2
2025-10-05 05:30:00+00:00,3.0361,3.0381,3.0285,3.0305,3324060.4
2025-10-05 05:45:00+00:00,3.0305,3.0359,3.0259,3.0354,3336361.1
2025-10-05 06:00:00+00:00,3.0354,3.0383,3.0306,3.0367,3749105.7
2025-10-05 06:15:00+00:00,3.0366,3.0376,3.0258,3.0366,3771803.2
2025-10-05 06:30:00+00:00,3.0367,3.0393,3.0291,3.0373,3155080.9
2025-10-05 06:45:00+00:00,3.0373,3.0394,3.032,3.0337,2451329.0
2025-10-05 07:00:00+00:00,3.0337,3.0471,3.0324,3.0457,7538258.8
2025-10-05 07:15:00+00:00,3.0457,3.0572,3.0456,3.0485,9676758.9
2025-10-05 07:30:00+00:00,3.0485,3.0524,3.0454,3.0517,3824225.6
2025-10-05 07:45:00+00:00,3.0517,3.0674,3.0517,3.0633,6977001.9
2025-10-05 08:00:00+00:00,3.0633,3.0724,3.0544,3.0544,9637006.9
2025-10-05 08:15:00+00:00,3.0544,3.0648,3.051,3.0585,6773486.5
2025-10-05 08:30:00+00:00,3.0585,3.0585,3.0473,3.0534,5089596.9
2025-10-05 08:45:00+00:00,3.0533,3.0541,3.0463,3.0473,4988788.2
2025-10-05 09:00:00+00:00,3.0473,3.0521,3.0432,3.047,4644707.1
2025-10-05 09:15:00+00:00,3.047,3.0493,3.0355,3.0402,6647558.9
2025-10-05 09:30:00+00:00,3.0403,3.0464,3.0224,3.0264,21826967.0
2025-10-05 09:45:00+00:00,3.0265,3.0328,3.0164,3.0241,9070122.6
2025-10-05 10:00:00+00:00,3.0241,3.0251,3.0011,3.012,17285661.7
2025-10-05 10:15:00+00:00,3.012,3.0208,3.0102,3.0146,6558694.6
2025-10-05 10:30:00+00:00,3.0146,3.0155,3.0059,3.0151,4209061.5
2025-10-05 10:45:00+00:00,3.0151,3.0206,3.0151,3.0154,3202481.0
2025-10-05 11:00:00+00:00,3.0153,3.0196,3.0066,3.009,4814841.2
2025-10-05 11:15:00+00:00,3.0091,3.0187,3.0059,3.0163,3307151.6
2025-10-05 11:30:00+00:00,3.0164,3.0192,3.0122,3.0186,2240566.6
2025-10-05 11:45:00+00:00,3.0187,3.023,3.0186,3.0215,3314757.2
2025-10-05 12:00:00+00:00,3.0216,3.0216,3.0049,3.0114,5316117.9
2025-10-05 12:15:00+00:00,3.0115,3.02,3.0092,3.0108,2876732.9
2025-10-05 12:30:00+00:00,3.0108,3.0157,3.006,3.007,3092405.3
2025-10-05 12:45:00+00:00,3.007,3.0139,3.0054,3.0063,1613438.4
2025-10-05 13:00:00+00:00,3.0063,3.0119,3.005,3.0083,2479717.9
2025-10-05 13:15:00+00:00,3.0083,3.0094,2.9952,3.0059,6315468.0
2025-10-05 13:30:00+00:00,3.0059,3.0135,3.0007,3.0085,3372864.6
2025-10-05 13:45:00+00:00,3.0086,3.0119,3.0022,3.0045,2117255.3
2025-10-05 14:00:00+00:00,3.0044,3.0099,3.0033,3.008,2367285.6
2025-10-05 14:15:00+00:00,3.0081,3.0081,3.001,3.0024,3489884.1
2025-10-05 14:30:00+00:00,3.0025,3.004,2.9883,2.9932,7797792.2
2025-10-05 14:45:00+00:00,2.9932,2.9956,2.985,2.9948,6502666.0
2025-10-05 15:00:00+00:00,2.9948,2.9989,2.9925,2.9988,3315784.8
2025-10-05 15:15:00+00:00,2.9989,3.007,2.9988,3.0056,2676160.4
2025-10-05 15:30:00+00:00,3.0055,3.0055,2.9987,3.0026,3077259.3
2025-10-05 15:45:00+00:00,3.0027,3.0155,3.0026,3.0123,4951841.6
2025-10-05 16:00:00+00:00,3.0123,3.0147,3.0073,3.0109,3201144.7
2025-10-05 16:15:00+00:00,3.011,3.0126,3.0021,3.0028,2873834.0
2025-10-05 16:30:00+00:00,3.0028,3.0057,2.996,2.9974,3756401.7
2025-10-05 16:45:00+00:00,2.9974,3.0037,2.9811,3.0016,12702210.0
2025-10-05 17:00:00+00:00,3.0016,3.0076,2.9951,2.9998,5341983.1
2025-10-05 17:15:00+00:00,2.9999,3.0053,2.9983,3.0014,2442208.9
2025-10-05 17:30:00+00:00,3.0013,3.0014,2.9882,2.9921,3833074.6
2025-10-05 17:45:00+00:00,2.992,2.993,2.9802,2.9877,4192367.1
2025-10-05 18:00:00+00:00,2.9877,2.9905,2.9736,2.9801,7443716.6
2025-10-05 18:15:00+00:00,2.9802,2.9804,2.9679,2.9733,11960751.6
2025-10-05 18:30:00+00:00,2.9732,2.9814,2.9727,2.9754,4429237.0
2025-10-05 18:45:00+00:00,2.9753,2.9791,2.9732,2.9743,2190122.9
2025-10-05 19:00:00+00:00,2.9743,2.9747,2.949,2.9537,20213528.9
2025-10-05 19:15:00+00:00,2.9536,2.9618,2.949,2.955,4708919.8
2025-10-05 19:30:00+00:00,2.955,2.9593,2.9531,2.9548,2725590.6
2025-10-05 19:45:00+00:00,2.9548,2.9569,2.9469,2.9522,5087666.2
2025-10-05 20:00:00+00:00,2.9521,2.9608,2.9455,2.9556,4953099.3
2025-10-05 20:15:00+00:00,2.9556,2.9581,2.951,2.9581,2487280.2
2025-10-05 20:30:00+00:00,2.9581,2.9707,2.9581,2.9688,6157377.6
2025-10-05 20:45:00+00:00,2.9687,2.9733,2.9682,2.9682,3778534.6
2025-10-05 21:00:00+00:00,2.9682,2.9734,2.9618,2.9734,4058213.8
2025-10-05 21:15:00+00:00,2.9733,2.9783,2.9684,2.9759,3675383.9
2025-10-05 21:30:00+00:00,2.9759,2.9786,2.9703,2.9757,2297681.6
2025-10-05 21:45:00+00:00,2.9757,2.9784,2.9709,2.9743,2067297.1
2025-10-05 22:00:00+00:00,2.9744,2.9841,2.9563,2.9609,12206119.3
2025-10-05 22:15:00+00:00,2.9609,2.9661,2.9561,2.9605,9585876.9
2025-10-05 22:30:00+00:00,2.9604,2.9626,2.9556,2.9622,4219724.6
2025-10-05 22:45:00+00:00,2.9621,2.9681,2.9607,2.9654,4023962.9
2025-10-05 23:00:00+00:00,2.9653,2.9698,2.9618,2.9666,4364685.9
2025-10-05 23:15:00+00:00,2.9666,2.9712,2.9662,2.9709,2396407.8
2025-10-05 23:30:00+00:00,2.971,2.9777,2.9684,2.9692,3637513.9
2025-10-05 23:45:00+00:00,2.9693,2.973,2.9663,2.9679,2043805.1
2025-10-06 00:00:00+00:00,2.9678,2.9703,2.9572,2.9691,6991407.9
2025-10-06 00:15:00+00:00,2.969,2.9902,2.9601,2.9686,16591142.8
2025-10-06 00:30:00+00:00,2.9686,2.9763,2.9622,2.9711,6970027.6
2025-10-06 00:45:00+00:00,2.971,2.9729,2.9536,2.9615,6187476.6
2025-10-06 01:00:00+00:00,2.9615,2.9719,2.9534,2.9673,4796565.8
2025-10-06 01:15:00+00:00,2.9673,2.9852,2.9615,2.9803,4705624.8
2025-10-06 01:30:00+00:00,2.9802,2.9864,2.9701,2.974,6666331.6
2025-10-06 01:45:00+00:00,2.9739,2.9787,2.9707,2.9774,3203199.1
2025-10-06 02:00:00+00:00,2.9774,2.981,2.9698,2.9727,2586645.7
2025-10-06 02:15:00+00:00,2.9726,2.9772,2.9671,2.9674,3287984.3
2025-10-06 02:30:00+00:00,2.9673,2.9712,2.9599,2.9703,4442252.6
2025-10-06 02:45:00+00:00,2.9703,2.9908,2.9702,2.9799,7986340.8
2025-10-06 03:00:00+00:00,2.9798,2.9815,2.9762,2.9801,2301306.6
2025-10-06 03:15:00+00:00,2.9802,2.9815,2.9735,2.9766,2251385.9
2025-10-06 03:30:00+00:00,2.9767,2.9828,2.975,2.9769,3302926.3
2025-10-06 03:45:00+00:00,2.977,2.9779,2.9725,2.9767,2443182.4
2025-10-06 04:00:00+00:00,2.9768,2.978,2.9692,2.9747,3446293.6
2025-10-06 04:15:00+00:00,2.9748,2.9809,2.9743,2.9798,2174319.0
2025-10-06 04:30:00+00:00,2.9798,2.9808,2.9683,2.9704,4462361.0
2025-10-06 04:45:00+00:00,2.9704,2.9711,2.9642,2.9665,3389308.9
2025-10-06 05:00:00+00:00,2.9664,2.9697,2.9618,2.9619,2968324.6
2025-10-06 05:15:00+00:00,2.9619,2.9705,2.961,2.9703,2185466.8
2025-10-06 05:30:00+00:00,2.9703,2.9709,2.9635,2.9689,2130953.5
2025-10-06 05:45:00+00:00,2.9689,2.9754,2.968,2.9722,2802645.6
2025-10-06 06:00:00+00:00,2.9721,2.9867,2.972,2.9846,5626423.4
2025-10-06 06:15:00+00:00,2.9847,2.9902,2.9812,2.9888,5281492.5
2025-10-06 06:30:00+00:00,2.9888,2.9983,2.988,2.9916,6497399.5
2025-10-06 06:45:00+00:00,2.9917,2.9934,2.9844,2.9888,3967475.4
2025-10-06 07:00:00+00:00,2.9889,2.9947,2.9866,2.9946,3576801.9
2025-10-06 07:15:00+00:00,2.9946,2.9962,2.988,2.9894,3684566.2
2025-10-06 07:30:00+00:00,2.9894,2.9898,2.9678,2.9704,6575629.3
2025-10-06 07:45:00+00:00,2.9704,2.9729,2.9635,2.9721,8333462.8
2025-10-06 08:00:00+00:00,2.9722,2.9833,2.9722,2.9791,5817692.1
2025-10-06 08:15:00+00:00,2.979,2.9825,2.9759,2.9821,2242560.7
2025-10-06 08:30:00+00:00,2.9821,2.9905,2.9821,2.9846,4140251.6
2025-10-06 08:45:00+00:00,2.9845,2.9906,2.9834,2.9865,2439542.0
2025-10-06 09:00:00+00:00,2.9865,2.9936,2.9853,2.9907,4197126.2
2025-10-06 09:15:00+00:00,2.9906,2.9931,2.9864,2.9904,4083810.1
2025-10-06 09:30:00+00:00,2.9904,2.9914,2.9854,2.9883,4569909.7
2025-10-06 09:45:00+00:00,2.9882,2.9931,2.9874,2.9905,2620588.6
2025-10-06 10:00:00+00:00,2.9906,2.9932,2.9855,2.9878,2317004.5
2025-10-06 10:15:00+00:00,2.9878,2.9931,2.9838,2.9915,2555925.1
2025-10-06 10:30:00+00:00,2.9916,2.9941,2.9881,2.9904,3938751.2
2025-10-06 10:45:00+00:00,2.9905,2.9955,2.9901,2.9925,2825615.6
2025-10-06 11:00:00+00:00,2.9925,2.9935,2.9848,2.9913,2732483.8
2025-10-06 11:15:00+00:00,2.9914,3.0077,2.9911,3.0051,6805827.7
2025-10-06 11:30:00+00:00,3.0051,3.0074,2.994,2.9997,5259125.5
2025-10-06 11:45:00+00:00,2.9998,3.002,2.9924,2.9941,3492530.9
2025-10-06 12:00:00+00:00,2.9942,3.0026,2.994,2.9993,3636183.3
2025-10-06 12:15:00+00:00,2.9994,3.0079,2.999,3.0013,5142300.6
2025-10-06 12:30:00+00:00,3.0014,3.0045,2.9972,2.9974,3507485.0
2025-10-06 12:45:00+00:00,2.9974,3.003,2.9973,2.9996,3043527.9
2025-10-06 13:00:00+00:00,2.9996,3.0044,2.9924,2.9976,6894289.5
2025-10-06 13:15:00+00:00,2.9976,3.0022,2.9908,2.9966,8875507.0
2025-10-06 13:30:00+00:00,2.9966,3.0084,2.9872,2.9952,14558272.3
2025-10-06 13:45:00+00:00,2.9954,3.0086,2.9899,3.0074,7290730.4
2025-10-06 14:00:00+00:00,3.0074,3.0208,3.0066,3.0116,13459904.2
2025-10-06 14:15:00+00:00,3.0115,3.0174,2.9962,3.0041,10419708.8
2025-10-06 14:30:00+00:00,3.004,3.0108,2.9983,2.9989,7799772.2
2025-10-06 14:45:00+00:00,2.999,3.0015,2.9828,2.9864,12923755.6
2025-10-06 15:00:00+00:00,2.9864,3.0051,2.9858,3.0041,8817221.7
2025-10-06 15:15:00+00:00,3.0042,3.0352,3.0041,3.032,29811267.3
2025-10-06 15:30:00+00:00,3.032,3.0345,3.0219,3.0285,13298233.1
2025-10-06 15:45:00+00:00,3.0286,3.0383,3.026,3.0299,7716684.5
2025-10-06 16:00:00+00:00,3.0298,3.0398,3.0204,3.029,13011491.2
2025-10-06 16:15:00+00:00,3.0291,3.0363,3.0208,3.0238,6354549.2
2025-10-06 16:30:00+00:00,3.0237,3.0278,3.0209,3.0273,3700090.5
2025-10-06 16:45:00+00:00,3.0274,3.0328,3.0217,3.0315,4036256.2
2025-10-06 17:00:00+00:00,3.0314,3.0379,3.029,3.0322,6412211.0
2025-10-06 17:15:00+00:00,3.0321,3.0464,3.0306,3.043,7884737.9
2025-10-06 17:30:00+00:00,3.043,3.0452,3.0272,3.0357,8266898.5
2025-10-06 17:45:00+00:00,3.0357,3.042,3.0307,3.0354,4421304.2
2025-10-06 18:00:00+00:00,3.0354,3.0394,3.0322,3.0376,4014543.8
2025-10-06 18:15:00+00:00,3.0376,3.043,3.0349,3.0426,3465686.1
2025-10-06 18:30:00+00:00,3.0426,3.0426,3.0334,3.035,3506709.7
2025-10-06 18:45:00+00:00,3.0351,3.0472,3.0345,3.044,5412939.2
2025-10-06 19:00:00+00:00,3.044,3.05,3.0363,3.0455,12390192.7
2025-10-06 19:15:00+00:00,3.0455,3.0461,3.0322,3.0328,6352304.7
2025-10-06 19:30:00+00:00,3.0327,3.034,3.0226,3.0252,5965244.0
2025-10-06 19:45:00+00:00,3.0252,3.0294,3.0228,3.0242,7264817.0
2025-10-06 20:00:00+00:00,3.0242,3.0331,3.0228,3.0267,5244017.2
2025-10-06 20:15:00+00:00,3.0268,3.0271,3.013,3.0152,7047449.0
2025-10-06 20:30:00+00:00,3.0152,3.0204,3.0069,3.0097,6003825.3
2025-10-06 20:45:00+00:00,3.0097,3.0111,3.0067,3.0084,4356002.7
2025-10-06 21:00:00+00:00,3.0083,3.0148,3.0056,3.0058,5591283.8
2025-10-06 21:15:00+00:00,3.0059,3.0074,2.997,3.0063,8475614.6
2025-10-06 21:30:00+00:00,3.0064,3.0096,2.9993,3.0036,4493282.9
2025-10-06 21:45:00+00:00,3.0036,3.0062,2.9987,3.0061,2089743.1
2025-10-06 22:00:00+00:00,3.0061,3.0118,3.0015,3.0026,5634606.4
2025-10-06 22:15:00+00:00,3.0027,3.0058,2.9979,2.9992,5010061.4
2025-10-06 22:30:00+00:00,2.9991,3.0006,2.9917,2.9945,6395756.3
2025-10-06 22:45:00+00:00,2.9944,3.0019,2.9929,3.0004,3688189.7
2025-10-06 23:00:00+00:00,3.0003,3.0017,2.9914,2.9921,2620400.1
2025-10-06 23:15:00+00:00,2.992,2.9951,2.9858,2.9932,4513380.9
2025-10-06 23:30:00+00:00,2.9931,2.996,2.9897,2.995,2498294.0
2025-10-06 23:45:00+00:00,2.9951,2.9951,2.9874,2.9878,3122135.9
2025-10-07 00:00:00+00:00,2.9879,2.9925,2.986,2.9869,4123126.8
2025-10-07 00:15:00+00:00,2.9869,2.9879,2.98,2.9825,6495554.4
2025-10-07 00:30:00+00:00,2.9825,2.9936,2.982,2.9927,3383614.2
2025-10-07 00:45:00+00:00,2.9927,2.994,2.987,2.9933,2328843.3
2025-10-07 01:00:00+00:00,2.9933,2.9999,2.9922,2.9926,4225605.3
2025-10-07 01:15:00+00:00,2.9925,2.9925,2.9769,2.9884,7769082.8
2025-10-07 01:30:00+00:00,2.9885,2.9911,2.9832,2.9911,2469762.7
2025-10-07 01:45:00+00:00,2.9911,2.9917,2.9831,2.9875,2353361.9
2025-10-07 02:00:00+00:00,2.9874,2.9882,2.9833,2.9841,3786797.6
2025-10-07 02:15:00+00:00,2.9841,2.9941,2.9773,2.9927,4166447.7
2025-10-07 02:30:00+00:00,2.9927,2.9938,2.9822,2.9835,2613621.3
2025-10-07 02:45:00+00:00,2.9834,2.9887,2.9815,2.9842,1873046.8
2025-10-07 03:00:00+00:00,2.9843,2.9859,2.9807,2.9845,2556294.3
2025-10-07 03:15:00+00:00,2.9845,2.9845,2.9752,2.9788,5011204.8
2025-10-07 03:30:00+00:00,2.9788,2.9877,2.9779,2.9873,2188224.9
2025-10-07 03:45:00+00:00,2.9872,2.9889,2.9842,2.9849,1426164.7
2025-10-07 04:00:00+00:00,2.9848,2.9852,2.9761,2.9771,4633740.4
2025-10-07 04:15:00+00:00,2.9771,2.9835,2.9735,2.9835,3539260.7
2025-10-07 04:30:00+00:00,2.9835,2.9928,2.9832,2.9909,4753481.2
2025-10-07 04:45:00+00:00,2.9908,2.9945,2.9896,2.9911,5109606.7
2025-10-07 05:00:00+00:00,2.9912,2.9936,2.9853,2.9904,3755045.0
2025-10-07 05:15:00+00:00,2.9904,2.9949,2.9877,2.9934,2263910.1
2025-10-07 05:30:00+00:00,2.9934,3.0002,2.9917,2.9978,3987606.5
2025-10-07 05:45:00+00:00,2.9978,2.9994,2.9862,2.9895,4671581.7
2025-10-07 06:00:00+00:00,2.9895,2.9896,2.98,2.9802,4583049.6
2025-10-07 06:15:00+00:00,2.9803,2.9803,2.9703,2.971,7554711.2
2025-10-07 06:30:00+00:00,2.9709,2.9757,2.9634,2.9671,9461313.9
2025-10-07 06:45:00+00:00,2.9672,2.9744,2.9648,2.9666,4015234.8
2025-10-07 07:00:00+00:00,2.9666,2.973,2.9634,2.9674,4695247.2
2025-10-07 07:15:00+00:00,2.9674,2.9698,2.963,2.9678,3896757.8
2025-10-07 07:30:00+00:00,2.9678,2.9679,2.9603,2.9669,4806576.6
2025-10-07 07:45:00+00:00,2.967,2.9708,2.9657,2.9707,3046260.7
2025-10-07 08:00:00+00:00,2.9707,2.9711,2.9559,2.9575,9002780.5
2025-10-07 08:15:00+00:00,2.9575,2.9645,2.9541,2.9605,7561937.0
2025-10-07 08:30:00+00:00,2.9606,2.9664,2.9531,2.9664,6283544.0
2025-10-07 08:45:00+00:00,2.9664,2.9688,2.961,2.9631,4950440.7
2025-10-07 09:00:00+00:00,2.9631,2.972,2.9624,2.9708,3793764.8
2025-10-07 09:15:00+00:00,2.9707,2.9728,2.9663,2.9705,3288071.2
2025-10-07 09:30:00+00:00,2.9704,2.9721,2.9661,2.9688,2948708.6
2025-10-07 09:45:00+00:00,2.9688,2.9721,2.9683,2.9708,2681801.8
2025-10-07 10:00:00+00:00,2.9708,2.979,2.9665,2.9766,3926966.7
2025-10-07 10:15:00+00:00,2.9766,2.977,2.9713,2.9724,2879378.2
2025-10-07 10:30:00+00:00,2.9724,2.9784,2.9702,2.9733,4153746.5
2025-10-07 10:45:00+00:00,2.9734,2.9778,2.9722,2.9751,2348573.9
2025-10-07 11:00:00+00:00,2.9751,2.9784,2.9726,2.974,2570241.7
2025-10-07 11:15:00+00:00,2.974,2.9758,2.971,2.9737,2389483.8
2025-10-07 11:30:00+00:00,2.9737,2.9765,2.9676,2.9696,3883150.4
2025-10-07 11:45:00+00:00,2.9697,2.9745,2.9675,2.9686,4308376.3
2025-10-07 12:00:00+00:00,2.9686,2.9751,2.9655,2.9698,3710481.0
2025-10-07 12:15:00+00:00,2.9698,2.9726,2.9661,2.9695,2348691.0
2025-10-07 12:30:00+00:00,2.9695,2.9743,2.9661,2.971,2922302.9
2025-10-07 12:45:00+00:00,2.971,2.9898,2.9709,2.9845,8492940.4
2025-10-07 13:00:00+00:00,2.9845,2.9898,2.9736,2.9758,8822356.6
2025-10-07 13:15:00+00:00,2.9758,2.9803,2.9701,2.9772,11004629.9
2025-10-07 13:30:00+00:00,2.9772,2.9781,2.9373,2.9495,30923222.3
2025-10-07 13:45:00+00:00,2.9495,2.9533,2.936,2.9526,18378004.8
2025-10-07 14:00:00+00:00,2.9526,2.9549,2.911,2.9203,43952071.0
2025-10-07 14:15:00+00:00,2.9203,2.9307,2.9011,2.9057,21759355.3
2025-10-07 14:30:00+00:00,2.9056,2.9224,2.9026,2.918,22722480.5
2025-10-07 14:45:00+00:00,2.918,2.9238,2.9071,2.9083,10045771.9
2025-10-07 15:00:00+00:00,2.9084,2.9157,2.8776,2.8981,43124012.1
2025-10-07 15:15:00+00:00,2.8981,2.908,2.8937,2.8955,10781367.2
2025-10-07 15:30:00+00:00,2.8954,2.8954,2.8676,2.8837,24494590.9
2025-10-07 15:45:00+00:00,2.8838,2.8856,2.8748,2.8835,15369659.2
2025-10-07 16:00:00+00:00,2.8835,2.8862,2.8734,2.877,12522928.8
2025-10-07 16:15:00+00:00,2.877,2.8832,2.8711,2.875,12659519.8
2025-10-07 16:30:00+00:00,2.875,2.8962,2.8734,2.8951,11316562.8
2025-10-07 16:45:00+00:00,2.8951,2.9028,2.8841,2.8878,13160268.4
2025-10-07 17:00:00+00:00,2.8877,2.8927,2.8834,2.8865,6276775.7
2025-10-07 17:15:00+00:00,2.8865,2.8894,2.8815,2.8845,3282666.8
2025-10-07 17:30:00+00:00,2.8846,2.8856,2.8763,2.8848,5320100.2
2025-10-07 17:45:00+00:00,2.8848,2.8887,2.8761,2.8766,4272889.0
2025-10-07 18:00:00+00:00,2.8766,2.8803,2.8718,2.8777,6210692.6
2025-10-07 18:15:00+00:00,2.8778,2.8794,2.8673,2.8721,8036437.7
2025-10-07 18:30:00+00:00,2.8721,2.8724,2.86,2.865,9158108.7
2025-10-07 18:45:00+00:00,2.865,2.8667,2.8581,2.8589,5541685.8
2025-10-07 19:00:00+00:00,2.8589,2.8698,2.8542,2.861,10609047.9
2025-10-07 19:15:00+00:00,2.861,2.8711,2.8604,2.8617,4755785.3
2025-10-07 19:30:00+00:00,2.8617,2.8661,2.8582,2.8596,3733734.5
2025-10-07 19:45:00+00:00,2.8595,2.8684,2.8471,2.8556,20170181.3
2025-10-07 20:00:00+00:00,2.8557,2.8794,2.853,2.8777,11888043.0
2025-10-07 20:15:00+00:00,2.8776,2.8805,2.8672,2.8696,10650300.1
2025-10-07 20:30:00+00:00,2.8697,2.8771,2.8686,2.8701,3277883.6
2025-10-07 20:45:00+00:00,2.8701,2.8786,2.8701,2.8706,2799525.3
2025-10-07 21:00:00+00:00,2.8707,2.8768,2.8644,2.8716,3385817.3
2025-10-07 21:15:00+00:00,2.8715,2.8799,2.87,2.8787,2017770.4
2025-10-07 21:30:00+00:00,2.8787,2.8789,2.8665,2.8698,2745803.7
2025-10-07 21:45:00+00:00,2.8699,2.8727,2.8652,2.8712,1893249.1
2025-10-07 22:00:00+00:00,2.8713,2.8716,2.862,2.8689,3208078.8
2025-10-07 22:15:00+00:00,2.8689,2.8754,2.8666,2.8692,2525950.2
2025-10-07 22:30:00+00:00,2.8692,2.8719,2.8609,2.8667,2102387.8
2025-10-07 22:45:00+00:00,2.8668,2.8679,2.8637,2.8656,1360606.2
2025-10-07 23:00:00+00:00,2.8656,2.8657,2.8581,2.8591,2641898.0
2025-10-07 23:15:00+00:00,2.8592,2.862,2.8538,2.8548,4466704.3
2025-10-07 23:30:00+00:00,2.8548,2.856,2.8493,2.8547,5545324.3
2025-10-07 23:45:00+00:00,2.8547,2.8586,2.8482,2.8509,5602248.4
2025-10-08 00:00:00+00:00,2.8509,2.8683,2.8503,2.8674,5802664.2
2025-10-08 00:15:00+00:00,2.8675,2.8739,2.8671,2.8684,5574621.9
2025-10-08 00:30:00+00:00,2.8684,2.8754,2.8586,2.8716,5797679.8
2025-10-08 00:45:00+00:00,2.8716,2.8747,2.8681,2.8682,4212463.9
2025-10-08 01:00:00+00:00,2.8682,2.871,2.8645,2.8648,3535775.1
2025-10-08 01:15:00+00:00,2.8647,2.8747,2.863,2.8691,2511087.7
2025-10-08 01:30:00+00:00,2.8692,2.8725,2.8652,2.8677,2055605.6
2025-10-08 01:45:00+00:00,2.8677,2.8733,2.8676,2.8706,1358288.9
2025-10-08 02:00:00+00:00,2.8706,2.8716,2.8653,2.8697,2342673.1
2025-10-08 02:15:00+00:00,2.8696,2.8778,2.8694,2.8768,3330392.9
2025-10-08 02:30:00+00:00,2.8767,2.8769,2.8687,2.8696,2972802.3
2025-10-08 02:45:00+00:00,2.8696,2.875,2.8674,2.8677,6247228.9
2025-10-08 03:00:00+00:00,2.8677,2.8677,2.8545,2.8546,3736383.0
2025-10-08 03:15:00+00:00,2.8547,2.8597,2.8362,2.8454,12853626.1
2025-10-08 03:30:00+00:00,2.8454,2.8502,2.8408,2.846,4724947.6
2025-10-08 03:45:00+00:00,2.846,2.8525,2.8438,2.8451,3037520.7
2025-10-08 04:00:00+00:00,2.8451,2.8508,2.8284,2.8502,11199384.8
2025-10-08 04:15:00+00:00,2.8502,2.8592,2.8501,2.8555,4165119.6
2025-10-08 04:30:00+00:00,2.8555,2.8632,2.8545,2.8561,3030120.9
2025-10-08 04:45:00+00:00,2.8561,2.8616,2.8548,2.8609,1355615.9
2025-10-08 05:00:00+00:00,2.861,2.8612,2.8523,2.8545,2236277.1
2025-10-08 05:15:00+00:00,2.8545,2.8554,2.8497,2.8517,3434041.5
2025-10-08 05:30:00+00:00,2.8518,2.8539,2.848,2.848,2815299.9
2025-10-08 05:45:00+00:00,2.8481,2.8555,2.8441,2.8538,2682865.9
2025-10-08 06:00:00+00:00,2.8539,2.8548,2.8408,2.8507,9047847.5
2025-10-08 06:15:00+00:00,2.8507,2.8563,2.8466,2.8502,2950772.2
2025-10-08 06:30:00+00:00,2.8503,2.86,2.8503,2.8571,2679052.9
2025-10-08 06:45:00+00:00,2.8572,2.8626,2.8568,2.8602,2132490.8
2025-10-08 07:00:00+00:00,2.8603,2.862,2.8518,2.8533,2916494.7
2025-10-08 07:15:00+00:00,2.8532,2.8557,2.8494,2.8539,2502098.7
2025-10-08 07:30:00+00:00,2.8538,2.8566,2.8487,2.8536,2648723.5
2025-10-08 07:45:00+00:00,2.8535,2.8576,2.847,2.8567,2505053.4
2025-10-08 08:00:00+00:00,2.8566,2.8596,2.8548,2.8578,3573120.7
2025-10-08 08:15:00+00:00,2.8577,2.8651,2.8561,2.8609,2616816.2
2025-10-08 08:30:00+00:00,2.8608,2.8759,2.8597,2.8743,6873968.6
2025-10-08 08:45:00+00:00,2.8744,2.8757,2.8643,2.8668,4045719.3
2025-10-08 09:00:00+00:00,2.8668,2.8708,2.8644,2.8658,2928862.8
2025-10-08 09:15:00+00:00,2.8658,2.8666,2.8614,2.8631,2498529.1
2025-10-08 09:30:00+00:00,2.8631,2.8676,2.8608,2.8648,2082499.3
2025-10-08 09:45:00+00:00,2.8647,2.8683,2.8625,2.8683,1348386.2
2025-10-08 10:00:00+00:00,2.8683,2.873,2.8646,2.8659,2820920.6
2025-10-08 10:15:00+00:00,2.8658,2.8714,2.8646,2.8686,2141748.9
2025-10-08 10:30:00+00:00,2.8687,2.8763,2.8676,2.873,2871796.3
2025-10-08 10:45:00+00:00,2.8729,2.8771,2.8721,2.8758,3636510.8
2025-10-08 11:00:00+00:00,2.8759,2.88,2.8737,2.879,4608180.8
2025-10-08 11:15:00+00:00,2.879,2.8791,2.8723,2.8744,2953133.4
2025-10-08 11:30:00+00:00,2.8745,2.8747,2.869,2.8715,2998153.6
2025-10-08 11:45:00+00:00,2.8714,2.8755,2.8707,2.8745,2358029.9
2025-10-08 12:00:00+00:00,2.8746,2.8811,2.8716,2.8767,4577049.7
2025-10-08 12:15:00+00:00,2.8766,2.8775,2.8725,2.8773,2589859.3
2025-10-08 12:30:00+00:00,2.8774,2.8774,2.87,2.8731,2115569.9
2025-10-08 12:45:00+00:00,2.8731,2.8757,2.8696,2.8738,2073997.5
2025-10-08 13:00:00+00:00,2.8737,2.878,2.8694,2.8749,2743376.6
2025-10-08 13:15:00+00:00,2.8749,2.8762,2.8704,2.8714,2270864.8
2025-10-08 13:30:00+00:00,2.8714,2.8766,2.8539,2.8594,9799234.9
2025-10-08 13:45:00+00:00,2.8594,2.8735,2.8506,2.8723,6997040.7
2025-10-08 14:00:00+00:00,2.8722,2.8923,2.8721,2.8774,15766878.1
2025-10-08 14:15:00+00:00,2.8774,2.8869,2.8741,2.8752,4990829.1
2025-10-08 14:30:00+00:00,2.8752,2.8801,2.8643,2.8695,6532770.8
2025-10-08 14:45:00+00:00,2.8694,2.8716,2.8557,2.8607,4927138.9
2025-10-08 15:00:00+00:00,2.8606,2.8717,2.8587,2.8664,4458028.5
2025-10-08 15:15:00+00:00,2.8664,2.87,2.8591,2.8654,3525372.6
2025-10-08 15:30:00+00:00,2.8655,2.8677,2.8625,2.8675,1767882.9
2025-10-08 15:45:00+00:00,2.8674,2.8675,2.8601,2.8646,2445889.6
2025-10-08 16:00:00+00:00,2.8646,2.8722,2.8611,2.8722,4681976.0
2025-10-08 16:15:00+00:00,2.8721,2.8777,2.8701,2.872,3291924.6
2025-10-08 16:30:00+00:00,2.8721,2.8737,2.8684,2.8711,1978704.6
2025-10-08 16:45:00+00:00,2.8711,2.883,2.8703,2.8824,3996217.1
2025-10-08 17:00:00+00:00,2.8823,2.8942,2.8803,2.8941,7328880.3
2025-10-08 17:15:00+00:00,2.8942,2.9218,2.8919,2.9148,26087247.5
2025-10-08 17:30:00+00:00,2.9148,2.9228,2.9079,2.9096,9105470.9
2025-10-08 17:45:00+00:00,2.9095,2.9234,2.9069,2.9181,5694405.6
2025-10-08 18:00:00+00:00,2.918,2.921,2.9102,2.9168,5963710.9
2025-10-08 18:15:00+00:00,2.9168,2.9176,2.9046,2.9051,4903152.7
2025-10-08 18:30:00+00:00,2.9051,2.9125,2.9012,2.9043,5551457.4
2025-10-08 18:45:00+00:00,2.9044,2.9131,2.9029,2.9066,4455291.5
2025-10-08 19:00:00+00:00,2.9065,2.9073,2.8981,2.9,3971344.8
2025-10-08 19:15:00+00:00,2.9,2.9077,2.8963,2.9053,4291266.5
2025-10-08 19:30:00+00:00,2.9054,2.9096,2.902,2.9039,2463960.9
2025-10-08 19:45:00+00:00,2.9038,2.912,2.9006,2.9081,5381708.7
2025-10-08 20:00:00+00:00,2.9082,2.9086,2.899,2.9043,3299131.7
2025-10-08 20:15:00+00:00,2.9044,2.9107,2.9039,2.9071,2002430.5
2025-10-08 20:30:00+00:00,2.9071,2.9079,2.9003,2.9017,1861219.2
2025-10-08 20:45:00+00:00,2.9017,2.9017,2.8902,2.8918,3257060.8
2025-10-08 21:00:00+00:00,2.8918,2.8984,2.8913,2.8959,2048373.8
2025-10-08 21:15:00+00:00,2.8959,2.9025,2.8948,2.8991,1861950.5
2025-10-08 21:30:00+00:00,2.8991,2.9018,2.8972,2.9016,1411962.8
2025-10-08 21:45:00+00:00,2.9017,2.9017,2.8912,2.8954,1515674.7
2025-10-08 22:00:00+00:00,2.8954,2.9001,2.8946,2.8991,2217388.8
2025-10-08 22:15:00+00:00,2.8991,2.9,2.8935,2.8944,1572370.2
2025-10-08 22:30:00+00:00,2.8944,2.899,2.8929,2.8988,1485825.2
2025-10-08 22:45:00+00:00,2.8988,2.8988,2.8936,2.8937,1388101.4
2025-10-08 23:00:00+00:00,2.8936,2.8936,2.8838,2.8884,3682561.8
2025-10-08 23:15:00+00:00,2.8884,2.8938,2.8872,2.8928,1525869.1
2025-10-08 23:30:00+00:00,2.8928,2.8944,2.8842,2.8845,2059125.9
2025-10-08 23:45:00+00:00,2.8844,2.8845,2.8754,2.8786,7068549.7
2025-10-09 00:00:00+00:00,2.8786,2.8793,2.8641,2.8656,10979827.1
2025-10-09 00:15:00+00:00,2.8656,2.8769,2.8643,2.8672,4645969.1
2025-10-09 00:30:00+00:00,2.8672,2.8705,2.8632,2.8666,2757561.4
2025-10-09 00:45:00+00:00,2.8665,2.8713,2.865,2.8659,2043667.4
2025-10-09 01:00:00+00:00,2.8658,2.8667,2.8576,2.8587,4067044.2
2025-10-09 01:15:00+00:00,2.8586,2.8654,2.8562,2.8568,3630484.2
2025-10-09 01:30:00+00:00,2.8569,2.8575,2.8494,2.8498,6109466.9
2025-10-09 01:45:00+00:00,2.8498,2.8607,2.8497,2.8572,2906412.3
2025-10-09 02:00:00+00:00,2.8571,2.8585,2.8439,2.8498,4900419.6
2025-10-09 02:15:00+00:00,2.8499,2.851,2.8383,2.8385,5361401.4
2025-10-09 02:30:00+00:00,2.8385,2.8431,2.8291,2.8295,7324318.0
2025-10-09 02:45:00+00:00,2.8296,2.8337,2.823,2.8286,6997348.7
2025-10-09 03:00:00+00:00,2.8287,2.8387,2.8277,2.8358,3881186.2
2025-10-09 03:15:00+00:00,2.8358,2.8428,2.8354,2.8387,3600454.5
2025-10-09 03:30:00+00:00,2.8387,2.8415,2.8358,2.8367,2935916.1
2025-10-09 03:45:00+00:00,2.8366,2.8447,2.8363,2.8434,1877749.9
2025-10-09 04:00:00+00:00,2.8433,2.8442,2.8357,2.8358,2854616.0
2025-10-09 04:15:00+00:00,2.8357,2.8474,2.8356,2.8458,2989510.8
2025-10-09 04:30:00+00:00,2.8459,2.8459,2.8392,2.84,1769605.4
2025-10-09 04:45:00+00:00,2.84,2.8457,2.8394,2.8446,2211674.3
2025-10-09 05:00:00+00:00,2.8446,2.8453,2.8378,2.8378,2132671.8
2025-10-09 05:15:00+00:00,2.8379,2.8385,2.8277,2.8342,4703468.3
2025-10-09 05:30:00+00:00,2.8343,2.8399,2.8264,2.827,4182869.1
2025-10-09 05:45:00+00:00,2.8269,2.8326,2.8245,2.8324,4518873.5
2025-10-09 06:00:00+00:00,2.8324,2.8325,2.8215,2.8253,5718192.3
2025-10-09 06:15:00+00:00,2.8253,2.8294,2.8222,2.8282,3303228.5
2025-10-09 06:30:00+00:00,2.8282,2.8314,2.8262,2.8272,3519525.8
2025-10-09 06:45:00+00:00,2.8272,2.832,2.8178,2.8223,6540563.2
2025-10-09 07:00:00+00:00,2.8223,2.8265,2.8206,2.8231,2963249.8
2025-10-09 07:15:00+00:00,2.8231,2.8284,2.8161,2.8208,3886505.6
2025-10-09 07:30:00+00:00,2.8207,2.8209,2.8121,2.8149,4784173.4
2025-10-09 07:45:00+00:00,2.8148,2.8252,2.814,2.8155,2530161.6
2025-10-09 08:00:00+00:00,2.8156,2.8183,2.8035,2.8048,8829577.3
2025-10-09 08:15:00+00:00,2.8048,2.8084,2.7902,2.7911,18983189.0
2025-10-09 08:30:00+00:00,2.7911,2.8,2.7885,2.7913,10739569.5
2025-10-09 08:45:00+00:00,2.7914,2.7993,2.7845,2.7863,9273686.6
2025-10-09 09:00:00+00:00,2.7864,2.7995,2.7864,2.7995,5752262.1
2025-10-09 09:15:00+00:00,2.7995,2.8065,2.7958,2.8029,6991897.9
2025-10-09 09:30:00+00:00,2.803,2.8076,2.8002,2.8027,4682600.2
2025-10-09 09:45:00+00:00,2.8027,2.8089,2.801,2.8071,4398114.2
2025-10-09 10:00:00+00:00,2.8071,2.8137,2.8055,2.8129,6073897.2
2025-10-09 10:15:00+00:00,2.813,2.8135,2.8004,2.802,3736517.0
2025-10-09 10:30:00+00:00,2.8019,2.8178,2.8019,2.8129,4034375.4
2025-10-09 10:45:00+00:00,2.8129,2.8165,2.8054,2.8093,4180780.5
2025-10-09 11:00:00+00:00,2.8093,2.8177,2.8091,2.8159,4574276.4
2025-10-09 11:15:00+00:00,2.8158,2.8268,2.8156,2.824,5018117.8
2025-10-09 11:30:00+00:00,2.8239,2.8242,2.8187,2.8233,4630992.6
2025-10-09 11:45:00+00:00,2.8233,2.8265,2.82,2.8247,3958113.0
2025-10-09 12:00:00+00:00,2.8247,2.8332,2.8226,2.8288,5860396.0
2025-10-09 12:15:00+00:00,2.8288,2.83,2.8238,2.8262,5687979.9
2025-10-09 12:30:00+00:00,2.8262,2.8394,2.8211,2.8329,7625376.0
2025-10-09 12:45:00+00:00,2.8329,2.8331,2.8245,2.8288,4862572.8
2025-10-09 13:00:00+00:00,2.8287,2.8297,2.8192,2.8223,8449385.0
2025-10-09 13:15:00+00:00,2.8223,2.8327,2.8204,2.8298,4261192.8
2025-10-09 13:30:00+00:00,2.8298,2.83,2.815,2.8201,7852421.8
2025-10-09 13:45:00+00:00,2.8201,2.8269,2.8107,2.8147,10049243.5
2025-10-09 14:00:00+00:00,2.8148,2.8205,2.8029,2.8194,13159425.3
2025-10-09 14:15:00+00:00,2.8195,2.8212,2.8019,2.8037,6968281.1
2025-10-09 14:30:00+00:00,2.8037,2.8038,2.7893,2.7962,14916945.5
2025-10-09 14:45:00+00:00,2.7961,2.816,2.7881,2.8113,11391504.4
2025-10-09 15:00:00+00:00,2.8114,2.8232,2.8114,2.8186,7435375.2
2025-10-09 15:15:00+00:00,2.8185,2.8247,2.8039,2.8044,5733669.4
2025-10-09 15:30:00+00:00,2.8045,2.8095,2.7933,2.7965,8380652.5
2025-10-09 15:45:00+00:00,2.7965,2.8084,2.795,2.8011,6325334.4
2025-10-09 16:00:00+00:00,2.8011,2.8084,2.7978,2.7985,4441204.5
2025-10-09 16:15:00+00:00,2.7985,2.804,2.7875,2.794,10326367.0
2025-10-09 16:30:00+00:00,2.794,2.7967,2.7836,2.7904,10536584.7
2025-10-09 16:45:00+00:00,2.7904,2.7912,2.77,2.7768,16179135.7
2025-10-09 17:00:00+00:00,2.7768,2.799,2.7736,2.7974,10858978.9
2025-10-09 17:15:00+00:00,2.7973,2.8022,2.7877,2.7893,4776400.9
2025-10-09 17:30:00+00:00,2.7894,2.7976,2.7837,2.7931,5448149.8
2025-10-09 17:45:00+00:00,2.793,2.8047,2.7911,2.8039,5030612.5
2025-10-09 18:00:00+00:00,2.8038,2.8056,2.7967,2.8019,4601412.8
2025-10-09 18:15:00+00:00,2.802,2.808,2.7951,2.7951,4443858.9
2025-10-09 18:30:00+00:00,2.7951,2.7978,2.7854,2.7886,4954192.3
2025-10-09 18:45:00+00:00,2.7887,2.791,2.7817,2.7834,4332561.4
2025-10-09 19:00:00+00:00,2.7834,2.79,2.7822,2.7879,4757237.0
2025-10-09 19:15:00+00:00,2.7879,2.8004,2.7852,2.7986,5475984.7
2025-10-09 19:30:00+00:00,2.7986,2.7996,2.7832,2.7842,5213969.9
2025-10-09 19:45:00+00:00,2.7843,2.7901,2.773,2.7878,16824124.7
2025-10-09 20:00:00+00:00,2.7878,2.7961,2.7821,2.7831,9794560.3
2025-10-09 20:15:00+00:00,2.7831,2.7918,2.7822,2.7875,3126396.4
2025-10-09 20:30:00+00:00,2.7875,2.7927,2.7871,2.7924,1935628.6
2025-10-09 20:45:00+00:00,2.7925,2.7944,2.7894,2.7936,2524016.1
2025-10-09 21:00:00+00:00,2.7936,2.797,2.7851,2.7924,3151541.8
2025-10-09 21:15:00+00:00,2.7924,2.7992,2.7899,2.7924,3925426.5
2025-10-09 21:30:00+00:00,2.7923,2.8005,2.7894,2.7986,2686461.1
2025-10-09 21:45:00+00:00,2.7987,2.7992,2.7933,2.7969,1281843.8
2025-10-09 22:00:00+00:00,2.7969,2.8055,2.7958,2.8012,3841056.5
2025-10-09 22:15:00+00:00,2.8012,2.8088,2.7989,2.8084,4731376.4
2025-10-09 22:30:00+00:00,2.8084,2.8154,2.8056,2.8135,4559104.2
2025-10-09 22:45:00+00:00,2.8136,2.8152,2.8091,2.8134,3998430.2
2025-10-09 23:00:00+00:00,2.8134,2.8144,2.8035,2.8046,3325231.9
2025-10-09 23:15:00+00:00,2.8046,2.8071,2.8017,2.8057,1971030.9
2025-10-09 23:30:00+00:00,2.8058,2.8065,2.8014,2.8029,1164033.1
2025-10-09 23:45:00+00:00,2.8029,2.8042,2.801,2.8011,2540909.8
2025-10-10 00:00:00+00:00,2.8011,2.8083,2.7996,2.8076,4346801.9
2025-10-10 00:15:00+00:00,2.8076,2.8136,2.8074,2.8135,2509306.0
2025-10-10 00:30:00+00:00,2.8134,2.8167,2.8093,2.8094,2396990.3
2025-10-10 00:45:00+00:00,2.8094,2.8112,2.8043,2.8102,2353468.2
2025-10-10 01:00:00+00:00,2.8102,2.8155,2.8091,2.8123,2605607.1
2025-10-10 01:15:00+00:00,2.8123,2.8169,2.8102,2.8164,1487984.1
2025-10-10 01:30:00+00:00,2.8164,2.8168,2.8065,2.8077,2289241.7
2025-10-10 01:45:00+00:00,2.8078,2.8109,2.805,2.8089,2180726.3
2025-10-10 02:00:00+00:00,2.809,2.8096,2.7983,2.8015,3538737.6
2025-10-10 02:15:00+00:00,2.8016,2.8109,2.801,2.8064,2032232.0
2025-10-10 02:30:00+00:00,2.8063,2.8074,2.7996,2.8004,3295686.6
2025-10-10 02:45:00+00:00,2.8005,2.8005,2.7914,2.7963,4703546.2
2025-10-10 03:00:00+00:00,2.7964,2.7976,2.7894,2.795,3022994.7
2025-10-10 03:15:00+00:00,2.795,2.8215,2.7926,2.8201,8434095.1
2025-10-10 03:30:00+00:00,2.8201,2.8283,2.8201,2.824,7316443.6
2025-10-10 03:45:00+00:00,2.824,2.8286,2.8112,2.8117,5342299.8
2025-10-10 04:00:00+00:00,2.8116,2.8226,2.8108,2.8175,4202686.6
2025-10-10 04:15:00+00:00,2.8176,2.8183,2.8106,2.8115,2036505.1
2025-10-10 04:30:00+00:00,2.8116,2.8184,2.8074,2.8104,3427240.8
2025-10-10 04:45:00+00:00,2.8105,2.8139,2.8072,2.8131,1489511.6
2025-10-10 05:00:00+00:00,2.8131,2.8148,2.803,2.8075,3564435.8
2025-10-10 05:15:00+00:00,2.8075,2.8221,2.8065,2.8191,2822659.5
2025-10-10 05:30:00+00:00,2.8192,2.8211,2.813,2.8209,1679684.6
2025-10-10 05:45:00+00:00,2.8209,2.8297,2.8209,2.8253,3895509.2
2025-10-10 06:00:00+00:00,2.8253,2.8294,2.822,2.8227,3312628.7
2025-10-10 06:15:00+00:00,2.8227,2.825,2.818,2.8187,2127972.2
2025-10-10 06:30:00+00:00,2.8187,2.8231,2.813,2.8183,3189795.6
2025-10-10 06:45:00+00:00,2.8183,2.8228,2.809,2.8144,2968043.4
2025-10-10 07:00:00+00:00,2.8144,2.8163,2.8045,2.8113,4051556.0
2025-10-10 07:15:00+00:00,2.8114,2.8115,2.7974,2.8022,6611376.7
2025-10-10 07:30:00+00:00,2.8022,2.8091,2.7974,2.8086,4403449.2
2025-10-10 07:45:00+00:00,2.8086,2.8086,2.8005,2.8018,2815439.1
2025-10-10 08:00:00+00:00,2.8018,2.8093,2.7964,2.8084,4178450.2
2025-10-10 08:15:00+00:00,2.8083,2.8163,2.8083,2.8142,2140149.4
2025-10-10 08:30:00+00:00,2.8143,2.8173,2.8117,2.8149,2411708.7
2025-10-10 08:45:00+00:00,2.8149,2.8208,2.8149,2.8189,2746619.2
2025-10-10 09:00:00+00:00,2.8188,2.8194,2.8127,2.8157,3316193.9
2025-10-10 09:15:00+00:00,2.8156,2.8281,2.8127,2.8256,5335246.8
2025-10-10 09:30:00+00:00,2.8256,2.8298,2.8224,2.8235,3801076.4
2025-10-10 09:45:00+00:00,2.8235,2.826,2.8109,2.8121,5392261.5
2025-10-10 10:00:00+00:00,2.8122,2.8163,2.811,2.8132,2075559.6
2025-10-10 10:15:00+00:00,2.8131,2.8176,2.8106,2.8112,1984570.1
2025-10-10 10:30:00+00:00,2.8112,2.8131,2.8067,2.8104,2150310.3
2025-10-10 10:45:00+00:00,2.8104,2.8192,2.8097,2.8174,2588635.7
2025-10-10 11:00:00+00:00,2.8174,2.8209,2.8147,2.8156,2565447.9
2025-10-10 11:15:00+00:00,2.8155,2.8189,2.8147,2.8163,1403219.4
2025-10-10 11:30:00+00:00,2.8162,2.8212,2.8162,2.8201,1603748.2
2025-10-10 11:45:00+00:00,2.8202,2.8202,2.8172,2.8172,1092181.5
2025-10-10 12:00:00+00:00,2.8173,2.8204,2.812,2.8138,2253851.5
2025-10-10 12:15:00+00:00,2.8138,2.8188,2.8115,2.8162,1660580.9
2025-10-10 12:30:00+00:00,2.8161,2.8174,2.8097,2.8101,2192091.3
2025-10-10 12:45:00+00:00,2.8101,2.8175,2.8086,2.8173,2001395.2
2025-10-10 13:00:00+00:00,2.8174,2.8249,2.8173,2.8205,4286173.1
2025-10-10 13:15:00+00:00,2.8204,2.8272,2.8175,2.8248,3268895.6
2025-10-10 13:30:00+00:00,2.8248,2.8358,2.8195,2.8302,11495185.5
2025-10-10 13:45:00+00:00,2.8303,2.8308,2.8161,2.8245,7561953.0
2025-10-10 14:00:00+00:00,2.8246,2.8333,2.819,2.8278,6870664.7
2025-10-10 14:15:00+00:00,2.8277,2.8298,2.8126,2.8141,6075050.3
2025-10-10 14:30:00+00:00,2.8141,2.8238,2.8115,2.8149,4241627.9
2025-10-10 14:45:00+00:00,2.8148,2.8194,2.793,2.7985,22524233.5
2025-10-10 15:00:00+00:00,2.7985,2.8007,2.7789,2.7924,32669107.4
2025-10-10 15:15:00+00:00,2.7924,2.7967,2.7414,2.7477,58159505.9
2025-10-10 15:30:00+00:00,2.7477,2.7556,2.7111,2.7554,75962107.6
2025-10-10 15:45:00+00:00,2.7554,2.7557,2.7323,2.74,19254805.5
2025-10-10 16:00:00+00:00,2.74,2.7498,2.7309,2.7372,18926353.6
2025-10-10 16:15:00+00:00,2.7371,2.7492,2.7278,2.7427,10173949.3
2025-10-10 16:30:00+00:00,2.7427,2.7632,2.7363,2.7476,12959622.2
2025-10-10 16:45:00+00:00,2.7475,2.7475,2.7256,2.7279,27725137.0
2025-10-10 17:00:00+00:00,2.7279,2.7319,2.7115,2.717,18179406.2
2025-10-10 17:15:00+00:00,2.717,2.7295,2.7155,2.728,9981987.8
2025-10-10 17:30:00+00:00,2.728,2.7294,2.7093,2.7173,8623459.0
2025-10-10 17:45:00+00:00,2.7172,2.7244,2.7086,2.7221,7830862.2
2025-10-10 18:00:00+00:00,2.7221,2.724,2.7138,2.7204,8201192.5
2025-10-10 18:15:00+00:00,2.7204,2.7306,2.714,2.7245,6767029.0
2025-10-10 18:30:00+00:00,2.7245,2.7255,2.706,2.7064,10528672.4
2025-10-10 18:45:00+00:00,2.7064,2.7135,2.702,2.7068,8078172.2
2025-10-10 19:00:00+00:00,2.7067,2.7113,2.6908,2.6932,28372487.2
2025-10-10 19:15:00+00:00,2.6932,2.696,2.6297,2.6378,55876992.4
2025-10-10 19:30:00+00:00,2.6378,2.6836,2.6312,2.6826,39619998.5
2025-10-10 19:45:00+00:00,2.6825,2.692,2.6716,2.6752,19162616.0
2025-10-10 20:00:00+00:00,2.6752,2.6953,2.6709,2.6909,14842436.4
2025-10-10 20:15:00+00:00,2.6909,2.6949,2.6818,2.6946,9357133.0
2025-10-10 20:30:00+00:00,2.6946,2.6963,2.6856,2.6929,7137992.6
2025-10-10 20:45:00+00:00,2.6929,2.6951,2.405,2.4962,197166434.5
2025-10-10 21:00:00+00:00,2.4961,2.5491,2.1827,2.2899,254213705.9
2025-10-10 21:15:00+00:00,2.2899,2.3191,1.1792,1.944,379522257.2
2025-10-10 21:30:00+00:00,1.9439,2.3185,1.9292,2.2871,108830236.2
2025-10-10 21:45:00+00:00,2.2879,2.4587,2.2151,2.3266,118677322.3
2025-10-10 22:00:00+00:00,2.3266,2.3397,2.1111,2.3202,108265215.4
2025-10-10 22:15:00+00:00,2.3208,2.3532,2.2339,2.2966,84977193.8
2025-10-10 22:30:00+00:00,2.2965,2.334,2.2663,2.3063,93911005.2
2025-10-10 22:45:00+00:00,2.3064,2.3546,2.2867,2.3505,53714859.1
2025-10-10 23:00:00+00:00,2.3505,2.3554,2.3154,2.3481,41379469.4
2025-10-10 23:15:00+00:00,2.3481,2.393,2.3458,2.3875,48159508.4
2025-10-10 23:30:00+00:00,2.3874,2.44,2.3844,2.4333,45663463.5
2025-10-10 23:45:00+00:00,2.4333,2.4472,2.3393,2.3666,53725202.0
2025-10-11 00:00:00+00:00,2.3667,2.3942,2.35,2.3633,43634695.5
2025-10-11 00:15:00+00:00,2.3632,2.3781,2.2955,2.375,49602243.3
2025-10-11 00:30:00+00:00,2.375,2.3864,2.3511,2.3646,25949863.2
2025-10-11 00:45:00+00:00,2.3645,2.4168,2.3634,2.3845,24511656.2
2025-10-11 01:00:00+00:00,2.3845,2.3868,2.3473,2.3573,22115091.8
2025-10-11 01:15:00+00:00,2.3574,2.359,2.3224,2.334,25897800.6
2025-10-11 01:30:00+00:00,2.3341,2.3594,2.3223,2.3262,19436183.1
2025-10-11 01:45:00+00:00,2.326,2.3422,2.3032,2.332,24591169.7
2025-10-11 02:00:00+00:00,2.3319,2.3783,2.3284,2.375,20797716.5
2025-10-11 02:15:00+00:00,2.375,2.4346,2.3748,2.4291,28903960.5
2025-10-11 02:30:00+00:00,2.4291,2.4532,2.4174,2.4518,28220104.0
2025-10-11 02:45:00+00:00,2.4518,2.4518,2.427,2.4342,16667526.4
2025-10-11 03:00:00+00:00,2.4342,2.4411,2.375,2.3839,27526170.4
2025-10-11 03:15:00+00:00,2.3839,2.3847,2.36,2.3752,18858921.1
2025-10-11 03:30:00+00:00,2.3751,2.3837,2.3568,2.3665,15592624.9
2025-10-11 03:45:00+00:00,2.3665,2.4008,2.3657,2.3953,13641692.8
2025-10-11 04:00:00+00:00,2.3954,2.4202,2.393,2.4058,20245996.4
2025-10-11 04:15:00+00:00,2.4057,2.4348,2.4046,2.4169,13161854.9
2025-10-11 04:30:00+00:00,2.4168,2.4204,2.3943,2.4203,11040202.7
2025-10-11 04:45:00+00:00,2.4203,2.4462,2.4129,2.4415,11820280.8
2025-10-11 05:00:00+00:00,2.4416,2.4473,2.4339,2.4419,10449323.4
2025-10-11 05:15:00+00:00,2.4419,2.4446,2.39,2.3929,18252600.9
2025-10-11 05:30:00+00:00,2.3928,2.4088,2.387,2.3944,16291245.0
2025-10-11 05:45:00+00:00,2.3944,2.4207,2.3932,2.4017,9747628.9
2025-10-11 06:00:00+00:00,2.4017,2.427,2.3969,2.4259,16167800.8
2025-10-11 06:15:00+00:00,2.426,2.4419,2.4178,2.4409,11449387.5
2025-10-11 06:30:00+00:00,2.441,2.45,2.429,2.4344,10524133.1
2025-10-11 06:45:00+00:00,2.4345,2.4447,2.415,2.4216,10304065.8
2025-10-11 07:00:00+00:00,2.4216,2.4259,2.4095,2.4231,12471693.8
2025-10-11 07:15:00+00:00,2.4231,2.4415,2.4113,2.4221,14200580.5
2025-10-11 07:30:00+00:00,2.4221,2.4281,2.3964,2.4093,16367677.1
2025-10-11 07:45:00+00:00,2.4093,2.4168,2.3994,2.4102,8218927.0
2025-10-11 08:00:00+00:00,2.4102,2.4123,2.3973,2.4088,9870268.9
2025-10-11 08:15:00+00:00,2.4089,2.4665,2.408,2.4516,28860397.8
2025-10-11 08:30:00+00:00,2.4515,2.4687,2.4351,2.4583,13660163.7
2025-10-11 08:45:00+00:00,2.4584,2.4875,2.4581,2.4827,15083695.1
2025-10-11 09:00:00+00:00,2.4827,2.5046,2.4786,2.483,18583049.0
2025-10-11 09:15:00+00:00,2.483,2.4994,2.4727,2.4981,10756910.8
2025-10-11 09:30:00+00:00,2.4982,2.5,2.4737,2.4766,11271141.4
2025-10-11 09:45:00+00:00,2.4766,2.4785,2.4642,2.4675,8826129.6
2025-10-11 10:00:00+00:00,2.4676,2.4823,2.4569,2.4817,11986187.0
2025-10-11 10:15:00+00:00,2.4816,2.4836,2.4678,2.4783,8818268.0
2025-10-11 10:30:00+00:00,2.4784,2.4807,2.4513,2.4574,11435458.0
2025-10-11 10:45:00+00:00,2.4574,2.478,2.4542,2.4759,7359637.1
2025-10-11 11:00:00+00:00,2.4759,2.483,2.4579,2.4636,9255964.0
2025-10-11 11:15:00+00:00,2.4635,2.4685,2.4398,2.4679,13221670.0
2025-10-11 11:30:00+00:00,2.4679,2.4706,2.4562,2.465,6328383.5
2025-10-11 11:45:00+00:00,2.465,2.4769,2.4625,2.4759,4879169.5
2025-10-11 12:00:00+00:00,2.4758,2.4834,2.4626,2.4676,9515235.4
2025-10-11 12:15:00+00:00,2.4676,2.4841,2.4651,2.4833,6745441.1
2025-10-11 12:30:00+00:00,2.4833,2.4833,2.4564,2.461,8826985.4
2025-10-11 12:45:00+00:00,2.4611,2.4613,2.4297,2.4447,18368587.2
2025-10-11 13:00:00+00:00,2.4448,2.4525,2.4278,2.4496,10230588.3
2025-10-11 13:15:00+00:00,2.4497,2.4501,2.4338,2.4396,7075108.7
2025-10-11 13:30:00+00:00,2.4396,2.445,2.4138,2.4414,17839804.3
2025-10-11 13:45:00+00:00,2.4414,2.4594,2.4362,2.4492,10258143.5
2025-10-11 14:00:00+00:00,2.4493,2.4577,2.4376,2.4461,7504658.4
2025-10-11 14:15:00+00:00,2.446,2.4498,2.428,2.4309,7578954.4
2025-10-11 14:30:00+00:00,2.4308,2.4497,2.4269,2.443,6344193.4
2025-10-11 14:45:00+00:00,2.443,2.4586,2.4396,2.4574,6921520.2
2025-10-11 15:00:00+00:00,2.4573,2.4858,2.4563,2.4789,14293558.5
2025-10-11 15:15:00+00:00,2.4789,2.4816,2.468,2.4751,7355495.1
2025-10-11 15:30:00+00:00,2.475,2.4781,2.4637,2.4676,6061398.4
2025-10-11 15:45:00+00:00,2.4677,2.4828,2.4676,2.4775,5579643.3
2025-10-11 16:00:00+00:00,2.4774,2.4919,2.4705,2.4862,9259999.9
2025-10-11 16:15:00+00:00,2.4861,2.4888,2.4678,2.4704,7337335.9
2025-10-11 16:30:00+00:00,2.4704,2.4781,2.4624,2.4672,7166326.6
2025-10-11 16:45:00+00:00,2.4671,2.4816,2.4614,2.4749,5150423.3
2025-10-11 17:00:00+00:00,2.4748,2.4914,2.4744,2.4862,6058352.8
2025-10-11 17:15:00+00:00,2.4862,2.4888,2.478,2.4874,6244587.0
2025-10-11 17:30:00+00:00,2.4874,2.4879,2.4705,2.4799,6466050.5
2025-10-11 17:45:00+00:00,2.48,2.4828,2.4721,2.4785,4338988.7
2025-10-11 18:00:00+00:00,2.4785,2.479,2.4646,2.4652,5795166.7
2025-10-11 18:15:00+00:00,2.4652,2.4685,2.4615,2.4673,4247701.3
2025-10-11 18:30:00+00:00,2.4672,2.4779,2.4646,2.4753,3755738.0
2025-10-11 18:45:00+00:00,2.4753,2.4754,2.4652,2.4679,2343305.4
2025-10-11 19:00:00+00:00,2.4679,2.4686,2.431,2.4361,16543288.6
2025-10-11 19:15:00+00:00,2.436,2.4375,2.4048,2.4221,21541374.5
2025-10-11 19:30:00+00:00,2.422,2.423,2.4006,2.404,12536731.9
2025-10-11 19:45:00+00:00,2.404,2.4131,2.3821,2.4083,19183716.6
2025-10-11 20:00:00+00:00,2.4082,2.4109,2.3843,2.3869,14208235.3
2025-10-11 20:15:00+00:00,2.3868,2.3946,2.3667,2.3734,18017169.8
2025-10-11 20:30:00+00:00,2.3735,2.3741,2.3526,2.3562,20558913.7
2025-10-11 20:45:00+00:00,2.3561,2.3797,2.3353,2.3532,21474575.6
2025-10-11 21:00:00+00:00,2.3533,2.3569,2.3218,2.342,23071250.3
2025-10-11 21:15:00+00:00,2.3419,2.3832,2.3388,2.3673,24120521.5
2025-10-11 21:30:00+00:00,2.3673,2.3767,2.3529,2.3626,11345556.5
2025-10-11 21:45:00+00:00,2.3625,2.3862,2.3625,2.3841,7761049.7
2025-10-11 22:00:00+00:00,2.384,2.3958,2.3788,2.3847,19106631.2
2025-10-11 22:15:00+00:00,2.3847,2.3954,2.3778,2.3924,8945254.6
2025-10-11 22:30:00+00:00,2.3923,2.4052,2.3865,2.3893,9867918.9
2025-10-11 22:45:00+00:00,2.3893,2.397,2.3869,2.3946,5548669.3
2025-10-11 23:00:00+00:00,2.3946,2.3989,2.3806,2.3863,9254852.7
2025-10-11 23:15:00+00:00,2.3862,2.3994,2.3816,2.3976,5495798.5
2025-10-11 23:30:00+00:00,2.3975,2.3991,2.3825,2.3857,7037571.2
2025-10-11 23:45:00+00:00,2.3858,2.3863,2.3746,2.3806,8104945.3
2025-10-12 00:00:00+00:00,2.3807,2.3837,2.3674,2.3719,10507657.4
2025-10-12 00:15:00+00:00,2.3718,2.3856,2.3617,2.3632,9232729.3
2025-10-12 00:30:00+00:00,2.3631,2.385,2.3546,2.3587,11366925.4
2025-10-12 00:45:00+00:00,2.3587,2.3646,2.3362,2.3405,9129347.5
2025-10-12 01:00:00+00:00,2.3404,2.3523,2.3365,2.3464,10353509.6
2025-10-12 01:15:00+00:00,2.3463,2.3563,2.3263,2.3318,11364451.5
2025-10-12 01:30:00+00:00,2.3318,2.341,2.323,2.3371,11602530.1
2025-10-12 01:45:00+00:00,2.3372,2.3499,2.3224,2.3258,10263956.1
2025-10-12 02:00:00+00:00,2.3258,2.3294,2.3131,2.3212,15806444.4
2025-10-12 02:15:00+00:00,2.3213,2.3453,2.3211,2.3412,11662232.5
2025-10-12 02:30:00+00:00,2.3411,2.3502,2.3158,2.323,11836427.5
2025-10-12 02:45:00+00:00,2.323,2.3266,2.3102,2.3247,8292008.2
2025-10-12 03:00:00+00:00,2.3247,2.3577,2.3199,2.346,15777822.1
2025-10-12 03:15:00+00:00,2.346,2.3629,2.3357,2.3522,13520505.6
2025-10-12 03:30:00+00:00,2.3522,2.3678,2.3461,2.3492,10289732.2
2025-10-12 03:45:00+00:00,2.3491,2.3495,2.3332,2.3403,6004292.9
2025-10-12 04:00:00+00:00,2.3402,2.3593,2.3379,2.3579,8497078.3
2025-10-12 04:15:00+00:00,2.3578,2.3745,2.3576,2.3647,8994916.6
2025-10-12 04:30:00+00:00,2.3647,2.3755,2.3572,2.3607,6978029.4
2025-10-12 04:45:00+00:00,2.3608,2.3695,2.3523,2.3611,5380377.0
2025-10-12 05:00:00+00:00,2.361,2.3626,2.3479,2.3541,4997287.6
2025-10-12 05:15:00+00:00,2.3542,2.3734,2.3542,2.3718,8112061.6
2025-10-12 05:30:00+00:00,2.3719,2.374,2.3655,2.3721,6465803.9
2025-10-12 05:45:00+00:00,2.3722,2.3778,2.3708,2.3723,4645435.4
2025-10-12 06:00:00+00:00,2.3722,2.3848,2.3674,2.3823,6815743.3
2025-10-12 06:15:00+00:00,2.3823,2.396,2.3798,2.3903,7018076.6
2025-10-12 06:30:00+00:00,2.3904,2.3946,2.3849,2.3945,4536046.6
2025-10-12 06:45:00+00:00,2.3944,2.3993,2.3855,2.3882,5656733.5
2025-10-12 07:00:00+00:00,2.3882,2.3957,2.3842,2.3851,3638195.4
2025-10-12 07:15:00+00:00,2.385,2.3925,2.3779,2.3792,5724250.5
2025-10-12 07:30:00+00:00,2.3792,2.3828,2.3741,2.382,5382653.1
2025-10-12 07:45:00+00:00,2.3819,2.39,2.3797,2.3883,3197347.1
2025-10-12 08:00:00+00:00,2.3882,2.396,2.3848,2.3931,5674322.6
2025-10-12 08:15:00+00:00,2.3931,2.4007,2.3929,2.3953,5730443.7
2025-10-12 08:30:00+00:00,2.3953,2.3955,2.3877,2.391,5780935.5
2025-10-12 08:45:00+00:00,2.3909,2.3918,2.3803,2.3812,5084308.8
2025-10-12 09:00:00+00:00,2.3811,2.3827,2.3674,2.3753,8239935.2
2025-10-12 09:15:00+00:00,2.3753,2.3969,2.3752,2.3908,7083017.3
2025-10-12 09:30:00+00:00,2.3907,2.395,2.3833,2.3941,4137833.6
2025-10-12 09:45:00+00:00,2.3941,2.4023,2.3878,2.3994,6075579.5
2025-10-12 10:00:00+00:00,2.3995,2.4097,2.3935,2.3973,7796326.1
2025-10-12 10:15:00+00:00,2.3972,2.3976,2.3845,2.3866,5888758.9
2025-10-12 10:30:00+00:00,2.3866,2.3946,2.3836,2.3912,3848155.6
2025-10-12 10:45:00+00:00,2.3912,2.3955,2.3848,2.3865,4287054.8
2025-10-12 11:00:00+00:00,2.3865,2.4014,2.3863,2.3962,5541498.4
2025-10-12 11:15:00+00:00,2.3962,2.3968,2.3869,2.3942,5085682.5
2025-10-12 11:30:00+00:00,2.3941,2.4044,2.3892,2.3947,16287677.1
2025-10-12 11:45:00+00:00,2.3946,2.3985,2.3904,2.3956,8325068.1
2025-10-12 12:00:00+00:00,2.3956,2.4109,2.395,2.4098,12400948.3
2025-10-12 12:15:00+00:00,2.4097,2.4196,2.405,2.4147,14612677.2
2025-10-12 12:30:00+00:00,2.4147,2.4174,2.4065,2.4134,12897683.1
2025-10-12 12:45:00+00:00,2.4134,2.4135,2.4028,2.4052,9651100.1
2025-10-12 13:00:00+00:00,2.4052,2.4125,2.3978,2.4108,11863270.7
2025-10-12 13:15:00+00:00,2.4107,2.4135,2.3907,2.3976,15398615.8
2025-10-12 13:30:00+00:00,2.3976,2.3982,2.377,2.389,21236902.5
2025-10-12 13:45:00+00:00,2.3891,2.3896,2.3701,2.3741,19696257.5
2025-10-12 14:00:00+00:00,2.3742,2.3878,2.3731,2.3815,18173150.1
2025-10-12 14:15:00+00:00,2.3815,2.3854,2.375,2.3788,14387092.9
2025-10-12 14:30:00+00:00,2.3789,2.383,2.3597,2.3687,23275211.8
2025-10-12 14:45:00+00:00,2.3687,2.4784,2.3681,2.4399,105758435.3
2025-10-12 15:00:00+00:00,2.4398,2.4919,2.4354,2.4914,53185882.6
2025-10-12 15:15:00+00:00,2.4913,2.5144,2.476,2.4934,49626542.9
2025-10-12 15:30:00+00:00,2.4934,2.4951,2.4571,2.4708,36559144.1
2025-10-12 15:45:00+00:00,2.4708,2.4935,2.4708,2.4869,29303187.0
2025-10-12 16:00:00+00:00,2.4868,2.5269,2.4867,2.5027,38359506.4
2025-10-12 16:15:00+00:00,2.5028,2.5043,2.486,2.4968,15381602.7
2025-10-12 16:30:00+00:00,2.4969,2.52,2.4871,2.518,24592356.6
2025-10-12 16:45:00+00:00,2.5181,2.5402,2.4923,2.5163,29905503.9
2025-10-12 17:00:00+00:00,2.5164,2.5293,2.5,2.5254,15914286.6
2025-10-12 17:15:00+00:00,2.5255,2.5332,2.52,2.531,11374292.0
2025-10-12 17:30:00+00:00,2.5311,2.543,2.5221,2.5313,10991292.8
2025-10-12 17:45:00+00:00,2.5314,2.5389,2.5101,2.5268,11558202.9
2025-10-12 18:00:00+00:00,2.5268,2.5368,2.5228,2.528,7887660.4
2025-10-12 18:15:00+00:00,2.5279,2.5399,2.5241,2.5296,6936944.3
2025-10-12 18:30:00+00:00,2.5296,2.5351,2.5104,2.5108,9020165.9
2025-10-12 18:45:00+00:00,2.5109,2.5122,2.5026,2.5114,8470325.7
2025-10-12 19:00:00+00:00,2.5113,2.537,2.5105,2.5345,6602910.4
2025-10-12 19:15:00+00:00,2.5345,2.5413,2.5307,2.533,6529779.7
2025-10-12 19:30:00+00:00,2.533,2.5394,2.527,2.5384,4966101.5
2025-10-12 19:45:00+00:00,2.5384,2.5509,2.5364,2.5457,6391297.8
2025-10-12 20:00:00+00:00,2.5457,2.5548,2.5433,2.5462,7120681.3
2025-10-12 20:15:00+00:00,2.5462,2.558,2.545,2.5575,5747575.6
2025-10-12 20:30:00+00:00,2.5574,2.5671,2.5501,2.5658,11440264.8
2025-10-12 20:45:00+00:00,2.5658,2.5822,2.5509,2.5565,14426130.5
2025-10-12 21:00:00+00:00,2.5564,2.5674,2.5447,2.5567,9036788.7
2025-10-12 21:15:00+00:00,2.5568,2.563,2.5267,2.5412,11965558.3
2025-10-12 21:30:00+00:00,2.5412,2.5412,2.5103,2.5297,11127488.6
2025-10-12 21:45:00+00:00,2.5296,2.5436,2.5288,2.5432,3580355.9
2025-10-12 22:00:00+00:00,2.5433,2.5584,2.5263,2.5342,13856525.9
2025-10-12 22:15:00+00:00,2.5342,2.5445,2.5147,2.5241,14439539.2
2025-10-12 22:30:00+00:00,2.5241,2.5373,2.5206,2.534,9602698.1
2025-10-12 22:45:00+00:00,2.534,2.5387,2.5259,2.531,8978562.0
2025-10-12 23:00:00+00:00,2.531,2.531,2.514,2.5191,12035632.1
2025-10-12 23:15:00+00:00,2.5191,2.5283,2.507,2.5258,8975749.8
2025-10-12 23:30:00+00:00,2.5258,2.5344,2.5189,2.5251,6100062.8
2025-10-12 23:45:00+00:00,2.5252,2.5334,2.5192,2.5271,4676721.5
2025-10-13 00:00:00+00:00,2.5271,2.5295,2.5132,2.526,9827538.1
2025-10-13 00:15:00+00:00,2.526,2.5476,2.5253,2.5303,10811188.2
2025-10-13 00:30:00+00:00,2.5303,2.5338,2.5132,2.5224,10508532.0
2025-10-13 00:45:00+00:00,2.5224,2.5376,2.5144,2.5272,8862646.7
2025-10-13 01:00:00+00:00,2.5271,2.5282,2.5107,2.517,9459654.5
2025-10-13 01:15:00+00:00,2.517,2.5363,2.5134,2.5287,8214490.0
2025-10-13 01:30:00+00:00,2.5286,2.5391,2.5264,2.5351,6122715.0
2025-10-13 01:45:00+00:00,2.5351,2.5484,2.5312,2.548,5350378.0
2025-10-13 02:00:00+00:00,2.548,2.5592,2.53,2.5392,9417120.4
2025-10-13 02:15:00+00:00,2.5393,2.5466,2.5295,2.5413,6729469.2
2025-10-13 02:30:00+00:00,2.5412,2.548,2.5356,2.546,5100995.5
2025-10-13 02:45:00+00:00,2.5459,2.5599,2.5445,2.5572,9232316.1
2025-10-13 03:00:00+00:00,2.5571,2.5701,2.5513,2.5618,10090385.9
2025-10-13 03:15:00+00:00,2.5617,2.5727,2.5587,2.5681,8090597.7
2025-10-13 03:30:00+00:00,2.568,2.5709,2.5503,2.5544,10688767.5
2025-10-13 03:45:00+00:00,2.5543,2.5571,2.5447,2.5494,6788714.4
2025-10-13 04:00:00+00:00,2.5495,2.5571,2.5451,2.5484,5845662.2
2025-10-13 04:15:00+00:00,2.5485,2.568,2.5484,2.5638,12372351.2
2025-10-13 04:30:00+00:00,2.5639,2.5753,2.5601,2.5699,20108527.1
2025-10-13 04:45:00+00:00,2.57,2.5795,2.565,2.5757,18038154.5
2025-10-13 05:00:00+00:00,2.5756,2.578,2.5559,2.5599,20194476.6
2025-10-13 05:15:00+00:00,2.5599,2.5633,2.5396,2.547,20544029.1
2025-10-13 05:30:00+00:00,2.5469,2.5505,2.5412,2.542,13440263.4
2025-10-13 05:45:00+00:00,2.542,2.5479,2.5386,2.5478,11512950.8
2025-10-13 06:00:00+00:00,2.5479,2.5581,2.5318,2.5554,21189798.1
2025-10-13 06:15:00+00:00,2.5555,2.581,2.5545,2.5794,18526269.0
2025-10-13 06:30:00+00:00,2.5794,2.6008,2.5763,2.5864,26258680.0
2025-10-13 06:45:00+00:00,2.5863,2.6077,2.5842,2.6038,19922894.7
2025-10-13 07:00:00+00:00,2.6037,2.6197,2.5951,2.6157,24250622.6
2025-10-13 07:15:00+00:00,2.6156,2.6304,2.614,2.6265,20399489.7
2025-10-13 07:30:00+00:00,2.6265,2.6355,2.6163,2.6292,18215029.6
2025-10-13 07:45:00+00:00,2.6291,2.6292,2.612,2.6197,19724559.9
2025-10-13 08:00:00+00:00,2.6197,2.6209,2.6051,2.6117,21751794.1
2025-10-13 08:15:00+00:00,2.6117,2.622,2.6083,2.6161,13886099.9
2025-10-13 08:30:00+00:00,2.6161,2.637,2.616,2.6243,17556526.2
2025-10-13 08:45:00+00:00,2.6243,2.6413,2.624,2.6319,15256870.0
2025-10-13 09:00:00+00:00,2.6319,2.6366,2.6161,2.6184,19400034.3
2025-10-13 09:15:00+00:00,2.6185,2.6266,2.6144,2.6194,13111738.8
2025-10-13 09:30:00+00:00,2.6194,2.635,2.6189,2.6207,14233871.6
2025-10-13 09:45:00+00:00,2.6208,2.6228,2.6149,2.6204,9695362.1
2025-10-13 10:00:00+00:00,2.6204,2.6223,2.6004,2.6018,23014000.7
2025-10-13 10:15:00+00:00,2.6019,2.6029,2.5911,2.5943,17723098.2
2025-10-13 10:30:00+00:00,2.5943,2.603,2.59,2.6011,14549194.7
2025-10-13 10:45:00+00:00,2.601,2.6022,2.595,2.5991,11209094.5
2025-10-13 11:00:00+00:00,2.5991,2.6026,2.5711,2.5886,37969056.0
2025-10-13 11:15:00+00:00,2.5885,2.5895,2.5345,2.5368,37673054.9
2025-10-13 11:30:00+00:00,2.537,2.575,2.5355,2.57,28876981.2
2025-10-13 11:45:00+00:00,2.57,2.5772,2.5625,2.5682,17610831.3
2025-10-13 12:00:00+00:00,2.5681,2.5857,2.5543,2.5794,22060689.9
2025-10-13 12:15:00+00:00,2.5794,2.5812,2.564,2.572,16729168.6
2025-10-13 12:30:00+00:00,2.5719,2.5899,2.568,2.577,19161757.8
2025-10-13 12:45:00+00:00,2.5771,2.5818,2.5628,2.5684,18714393.8
2025-10-13 13:00:00+00:00,2.5683,2.5761,2.5527,2.557,27940824.5
2025-10-13 13:15:00+00:00,2.557,2.565,2.5495,2.5547,17046422.5
2025-10-13 13:30:00+00:00,2.5547,2.6153,2.5533,2.5946,66301907.1
2025-10-13 13:45:00+00:00,2.5946,2.6074,2.572,2.6024,33499690.5
2025-10-13 14:00:00+00:00,2.6024,2.6118,2.5776,2.5809,26304460.7
2025-10-13 14:15:00+00:00,2.5809,2.5865,2.5536,2.567,25829753.7
2025-10-13 14:30:00+00:00,2.5669,2.589,2.5517,2.5772,25766114.1
2025-10-13 14:45:00+00:00,2.5773,2.5805,2.5522,2.5563,23034274.2
2025-10-13 15:00:00+00:00,2.5563,2.5811,2.554,2.5736,20399389.8
2025-10-13 15:15:00+00:00,2.5736,2.5863,2.57,2.5777,16937087.5
2025-10-13 15:30:00+00:00,2.5778,2.5935,2.5702,2.5746,16603979.7
2025-10-13 15:45:00+00:00,2.5746,2.5959,2.5739,2.5861,17823953.8
2025-10-13 16:00:00+00:00,2.5861,2.5982,2.5831,2.5896,22402591.2
2025-10-13 16:15:00+00:00,2.5896,2.5991,2.5688,2.5819,23098466.5
2025-10-13 16:30:00+00:00,2.5819,2.5878,2.5747,2.577,16948700.6
2025-10-13 16:45:00+00:00,2.5769,2.6001,2.576,2.5923,16895966.7
2025-10-13 17:00:00+00:00,2.5924,2.6181,2.5893,2.5959,22984941.9
2025-10-13 17:15:00+00:00,2.5958,2.6058,2.5901,2.5996,13371400.3
2025-10-13 17:30:00+00:00,2.5997,2.6046,2.5902,2.5934,15457413.6
2025-10-13 17:45:00+00:00,2.5935,2.6255,2.5805,2.6215,23172866.1
2025-10-13 18:00:00+00:00,2.6216,2.6252,2.6045,2.6071,21215312.6
2025-10-13 18:15:00+00:00,2.6071,2.6291,2.6065,2.6223,10418340.0
2025-10-13 18:30:00+00:00,2.6222,2.6268,2.6132,2.6203,7092693.2
2025-10-13 18:45:00+00:00,2.6202,2.621,2.5987,2.6097,5751120.6
2025-10-13 19:00:00+00:00,2.6096,2.6212,2.603,2.6199,5599933.9
2025-10-13 19:15:00+00:00,2.6199,2.6303,2.616,2.6232,6283977.7
2025-10-13 19:30:00+00:00,2.6231,2.6326,2.6204,2.6318,5027763.0
2025-10-13 19:45:00+00:00,2.6318,2.6387,2.617,2.6239,10799693.8
2025-10-13 20:00:00+00:00,2.6238,2.6308,2.6194,2.6285,4288924.3
2025-10-13 20:15:00+00:00,2.6285,2.6372,2.6246,2.6354,4674363.5
2025-10-13 20:30:00+00:00,2.6353,2.6375,2.628,2.6336,3563333.5
2025-10-13 20:45:00+00:00,2.6335,2.644,2.6307,2.6433,9842773.0
2025-10-13 21:00:00+00:00,2.6432,2.645,2.628,2.6281,5986551.5
2025-10-13 21:15:00+00:00,2.6281,2.6339,2.6198,2.6228,5262101.8
2025-10-13 21:30:00+00:00,2.6228,2.6269,2.617,2.6223,3105154.2
2025-10-13 21:45:00+00:00,2.6222,2.6222,2.6111,2.6154,3021843.3
2025-10-13 22:00:00+00:00,2.6153,2.6225,2.6137,2.6152,4252961.2
2025-10-13 22:15:00+00:00,2.6152,2.6171,2.6066,2.609,4687664.6
2025-10-13 22:30:00+00:00,2.609,2.6158,2.6078,2.6105,2198496.5
2025-10-13 22:45:00+00:00,2.6104,2.6116,2.6045,2.6079,2750395.9
2025-10-13 23:00:00+00:00,2.6079,2.6113,2.6036,2.6082,4525428.9
2025-10-13 23:15:00+00:00,2.6081,2.6112,2.6043,2.6078,1850521.3
2025-10-13 23:30:00+00:00,2.6078,2.6128,2.601,2.6081,3515266.9
2025-10-13 23:45:00+00:00,2.608,2.6082,2.5959,2.6042,5920680.1
2025-10-14 00:00:00+00:00,2.6042,2.6087,2.596,2.6012,11559797.4
2025-10-14 00:15:00+00:00,2.6012,2.6167,2.6008,2.6104,10900060.9
2025-10-14 00:30:00+00:00,2.6104,2.62,2.6067,2.6124,13145173.5
2025-10-14 00:45:00+00:00,2.6124,2.6124,2.5938,2.6061,13544055.5
2025-10-14 01:00:00+00:00,2.6061,2.6098,2.5912,2.5983,15031388.3
2025-10-14 01:15:00+00:00,2.5982,2.6077,2.5959,2.5998,8589790.7
2025-10-14 01:30:00+00:00,2.5997,2.6032,2.596,2.5991,7829824.4
2025-10-14 01:45:00+00:00,2.5992,2.6008,2.5812,2.5859,10873469.8
2025-10-14 02:00:00+00:00,2.5859,2.587,2.5729,2.5775,11084315.5
2025-10-14 02:15:00+00:00,2.5774,2.5811,2.5663,2.5735,14956567.2
2025-10-14 02:30:00+00:00,2.5735,2.5783,2.5684,2.5709,11266812.7
2025-10-14 02:45:00+00:00,2.5709,2.5736,2.5615,2.5719,16623765.0
2025-10-14 03:00:00+00:00,2.5718,2.5731,2.5531,2.5629,20094413.1
2025-10-14 03:15:00+00:00,2.5629,2.5694,2.5475,2.551,14646538.1
2025-10-14 03:30:00+00:00,2.551,2.5569,2.5493,2.5551,11595572.1
2025-10-14 03:45:00+00:00,2.5552,2.5673,2.555,2.559,10123768.5
2025-10-14 04:00:00+00:00,2.559,2.5642,2.5441,2.5522,14290264.8
2025-10-14 04:15:00+00:00,2.5523,2.5547,2.5455,2.5498,12594817.5
2025-10-14 04:30:00+00:00,2.5499,2.5499,2.5335,2.539,19110845.0
2025-10-14 04:45:00+00:00,2.539,2.5392,2.5165,2.5253,32006933.0
2025-10-14 05:00:00+00:00,2.5253,2.5397,2.522,2.5353,20753155.5
2025-10-14 05:15:00+00:00,2.5352,2.5383,2.523,2.5242,12840408.2
2025-10-14 05:30:00+00:00,2.5242,2.5265,2.4949,2.5019,39167646.2
2025-10-14 05:45:00+00:00,2.5019,2.5071,2.4963,2.5045,22889812.0
2025-10-14 06:00:00+00:00,2.5045,2.518,2.504,2.5046,17828393.1
2025-10-14 06:15:00+00:00,2.5046,2.5056,2.4875,2.4888,25921905.0
2025-10-14 06:30:00+00:00,2.4888,2.497,2.4546,2.4584,57305154.7
2025-10-14 06:45:00+00:00,2.4584,2.4742,2.4176,2.465,76652355.0
2025-10-14 07:00:00+00:00,2.4651,2.4759,2.4515,2.4677,40850518.4
2025-10-14 07:15:00+00:00,2.4677,2.4796,2.456,2.4682,30234108.1
2025-10-14 07:30:00+00:00,2.4682,2.4696,2.44,2.4503,35980778.7
2025-10-14 07:45:00+00:00,2.4503,2.4554,2.4407,2.4517,30145096.1
2025-10-14 08:00:00+00:00,2.4517,2.4636,2.4367,2.4604,37568313.9
2025-10-14 08:15:00+00:00,2.4605,2.4648,2.4478,2.4629,24957216.9
2025-10-14 08:30:00+00:00,2.4629,2.4732,2.4581,2.4707,26979339.7
2025-10-14 08:45:00+00:00,2.4708,2.4725,2.4591,2.4623,12542622.3
2025-10-14 09:00:00+00:00,2.4624,2.4705,2.459,2.4622,13291158.5
2025-10-14 09:15:00+00:00,2.4621,2.4704,2.4604,2.4662,13629472.7
2025-10-14 09:30:00+00:00,2.4663,2.4742,2.4655,2.4687,5869200.3
2025-10-14 09:45:00+00:00,2.4687,2.4719,2.454,2.4602,8528670.8
2025-10-14 10:00:00+00:00,2.4602,2.4603,2.4447,2.449,6956143.5
2025-10-14 10:15:00+00:00,2.449,2.4491,2.4239,2.4247,21044859.4
2025-10-14 10:30:00+00:00,2.4247,2.4432,2.4107,2.43,24243755.6
2025-10-14 10:45:00+00:00,2.4301,2.4405,2.4149,2.4389,13262700.5
2025-10-14 11:00:00+00:00,2.439,2.4581,2.4372,2.4567,11361184.2
2025-10-14 11:15:00+00:00,2.4567,2.4588,2.448,2.4537,7675916.9
2025-10-14 11:30:00+00:00,2.4537,2.4628,2.4484,2.4491,6692377.2
2025-10-14 11:45:00+00:00,2.4492,2.4566,2.4484,2.4506,3935358.9
2025-10-14 12:00:00+00:00,2.4507,2.4513,2.4354,2.441,11233175.8
2025-10-14 12:15:00+00:00,2.441,2.4411,2.4182,2.4298,13058617.2
2025-10-14 12:30:00+00:00,2.4298,2.4337,2.416,2.4224,9742815.0
2025-10-14 12:45:00+00:00,2.4223,2.4314,2.4135,2.4182,9737776.4
2025-10-14 13:00:00+00:00,2.4183,2.4263,2.4034,2.4106,13384510.5
2025-10-14 13:15:00+00:00,2.4107,2.4256,2.4008,2.4242,13154761.7
2025-10-14 13:30:00+00:00,2.4241,2.4384,2.3877,2.4149,37327241.5
2025-10-14 13:45:00+00:00,2.4149,2.4427,2.4075,2.4304,21865603.3
2025-10-14 14:00:00+00:00,2.4303,2.4493,2.4258,2.4483,17173183.4
2025-10-14 14:15:00+00:00,2.4483,2.4618,2.4457,2.4473,21266583.3
2025-10-14 14:30:00+00:00,2.4472,2.4537,2.4276,2.4498,12273668.0
2025-10-14 14:45:00+00:00,2.4497,2.462,2.4405,2.4449,12642520.9
2025-10-14 15:00:00+00:00,2.4449,2.4591,2.4373,2.4402,7021326.7
2025-10-14 15:15:00+00:00,2.4403,2.4533,2.4348,2.4498,5965406.0
2025-10-14 15:30:00+00:00,2.4499,2.48,2.4491,2.4775,14700233.9
2025-10-14 15:45:00+00:00,2.4775,2.4973,2.4738,2.4957,20930459.5
2025-10-14 16:00:00+00:00,2.4957,2.4993,2.4805,2.4944,15751004.3
2025-10-14 16:15:00+00:00,2.4943,2.5354,2.4933,2.5087,38357097.4
2025-10-14 16:30:00+00:00,2.5087,2.5168,2.4918,2.5064,14959827.1
2025-10-14 16:45:00+00:00,2.5064,2.5182,2.4957,2.5014,10158474.8
2025-10-14 17:00:00+00:00,2.5014,2.524,2.4751,2.5204,26353702.6
2025-10-14 17:15:00+00:00,2.5205,2.5255,2.5104,2.5143,9856836.6
2025-10-14 17:30:00+00:00,2.5144,2.5195,2.4968,2.5126,11281024.2
2025-10-14 17:45:00+00:00,2.5126,2.519,2.5012,2.504,4802286.0
2025-10-14 18:00:00+00:00,2.5041,2.5224,2.5023,2.5199,5943096.7
2025-10-14 18:15:00+00:00,2.5198,2.5249,2.5098,2.5137,6319508.6
2025-10-14 18:30:00+00:00,2.5136,2.5212,2.5017,2.5052,6426113.0
2025-10-14 18:45:00+00:00,2.5052,2.5149,2.4925,2.5009,6022500.4
2025-10-14 19:00:00+00:00,2.5008,2.5038,2.4962,2.4987,3645152.7
2025-10-14 19:15:00+00:00,2.4987,2.516,2.497,2.5094,5014477.9
2025-10-14 19:30:00+00:00,2.5094,2.5107,2.4602,2.4664,37167105.3
2025-10-14 19:45:00+00:00,2.4665,2.486,2.4611,2.4821,24729290.6
2025-10-14 20:00:00+00:00,2.4822,2.4954,2.4747,2.4811,10160636.2
2025-10-14 20:15:00+00:00,2.4811,2.487,2.4773,2.4816,5227051.5
2025-10-14 20:30:00+00:00,2.4817,2.4903,2.4737,2.4899,4572125.0
2025-10-14 20:45:00+00:00,2.4898,2.4933,2.4851,2.4893,4190229.4
2025-10-14 21:00:00+00:00,2.4892,2.4916,2.475,2.4798,3200219.0
2025-10-14 21:15:00+00:00,2.4798,2.4873,2.4744,2.4833,3574032.7
2025-10-14 21:30:00+00:00,2.4833,2.4906,2.4791,2.4883,2341752.5
2025-10-14 21:45:00+00:00,2.4883,2.4963,2.487,2.494,2141491.9
2025-10-14 22:00:00+00:00,2.494,2.5074,2.494,2.4992,4879684.3
2025-10-14 22:15:00+00:00,2.4993,2.5007,2.4956,2.4967,2010048.8
2025-10-14 22:30:00+00:00,2.4967,2.498,2.491,2.4958,2123173.4
2025-10-14 22:45:00+00:00,2.4959,2.4982,2.4884,2.4965,2339175.3
2025-10-14 23:00:00+00:00,2.4966,2.5074,2.4961,2.5067,3314016.2
2025-10-14 23:15:00+00:00,2.5066,2.5114,2.5047,2.5077,2676672.9
2025-10-14 23:30:00+00:00,2.5078,2.5107,2.5046,2.5049,1765624.4
2025-10-14 23:45:00+00:00,2.5048,2.5105,2.5003,2.502,3185588.3
2025-10-15 00:00:00+00:00,2.502,2.5076,2.4939,2.4947,5604486.8
2025-10-15 00:15:00+00:00,2.4947,2.4985,2.4851,2.4908,5571988.2
2025-10-15 00:30:00+00:00,2.4907,2.4987,2.4842,2.4955,5254671.1
2025-10-15 00:45:00+00:00,2.4955,2.5051,2.4946,2.504,2790463.1
2025-10-15 01:00:00+00:00,2.5039,2.5052,2.487,2.4959,5259534.9
2025-10-15 01:15:00+00:00,2.4958,2.5006,2.4898,2.4903,2761086.5
2025-10-15 01:30:00+00:00,2.4903,2.492,2.4832,2.4916,3824832.5
2025-10-15 01:45:00+00:00,2.4917,2.4999,2.4876,2.4988,3160884.1
2025-10-15 02:00:00+00:00,2.4987,2.5092,2.4962,2.5087,4300295.9
2025-10-15 02:15:00+00:00,2.5087,2.5248,2.5086,2.5233,7765456.5
2025-10-15 02:30:00+00:00,2.5233,2.5248,2.512,2.5127,4254487.4
2025-10-15 02:45:00+00:00,2.5127,2.5171,2.509,2.51,3705405.9
2025-10-15 03:00:00+00:00,2.5099,2.5122,2.4967,2.4999,5198382.6
2025-10-15 03:15:00+00:00,2.4998,2.4998,2.485,2.4974,7480096.6
2025-10-15 03:30:00+00:00,2.4973,2.4974,2.4809,2.4854,6599531.8
2025-10-15 03:45:00+00:00,2.4853,2.491,2.4784,2.4871,3745312.9
2025-10-15 04:00:00+00:00,2.4871,2.4887,2.4789,2.4832,3778340.3
2025-10-15 04:15:00+00:00,2.4832,2.4945,2.4821,2.4911,2841195.8
2025-10-15 04:30:00+00:00,2.4911,2.4929,2.4837,2.4872,2342963.5
2025-10-15 04:45:00+00:00,2.4873,2.4984,2.4855,2.4973,3146816.3
2025-10-15 05:00:00+00:00,2.4973,2.5084,2.4973,2.501,5669038.2
2025-10-15 05:15:00+00:00,2.5009,2.5038,2.4916,2.4932,3024902.0
2025-10-15 05:30:00+00:00,2.4931,2.504,2.4885,2.5014,2836707.8
2025-10-15 05:45:00+00:00,2.5014,2.5014,2.4932,2.4986,1744399.9
2025-10-15 06:00:00+00:00,2.4986,2.5039,2.4889,2.4934,3993992.7
2025-10-15 06:15:00+00:00,2.4933,2.495,2.4787,2.4824,4405647.6
2025-10-15 06:30:00+00:00,2.4823,2.508,2.4775,2.5009,6799023.9
2025-10-15 06:45:00+00:00,2.5009,2.5057,2.4968,2.5015,3824618.1
2025-10-15 07:00:00+00:00,2.5015,2.5037,2.4928,2.5,3691814.1
2025-10-15 07:15:00+00:00,2.5001,2.5073,2.4958,2.498,3315462.5
2025-10-15 07:30:00+00:00,2.4981,2.5026,2.4956,2.4994,2286238.6
2025-10-15 07:45:00+00:00,2.4995,2.507,2.4975,2.5059,2582805.5
2025-10-15 08:00:00+00:00,2.5058,2.5179,2.5039,2.5175,6248161.5
2025-10-15 08:15:00+00:00,2.5174,2.5263,2.514,2.5261,9631301.3
2025-10-15 08:30:00+00:00,2.5261,2.547,2.5257,2.5268,22436351.5
2025-10-15 08:45:00+00:00,2.5268,2.5269,2.515,2.5171,6375312.0
2025-10-15 09:00:00+00:00,2.5171,2.5216,2.5114,2.5155,7554019.6
2025-10-15 09:15:00+00:00,2.5155,2.5172,2.5005,2.502,12608001.3
2025-10-15 09:30:00+00:00,2.502,2.5041,2.4929,2.5011,7911587.5
2025-10-15 09:45:00+00:00,2.501,2.5062,2.4954,2.4992,4783025.9
2025-10-15 10:00:00+00:00,2.4993,2.505,2.4933,2.5038,3684836.2
2025-10-15 10:15:00+00:00,2.5037,2.5045,2.493,2.4976,4626474.9
2025-10-15 10:30:00+00:00,2.4976,2.4997,2.4908,2.4978,6071536.9
2025-10-15 10:45:00+00:00,2.4979,2.5002,2.4941,2.4955,3569306.5
2025-10-15 11:00:00+00:00,2.4955,2.504,2.4931,2.494,4813616.6
2025-10-15 11:15:00+00:00,2.494,2.4955,2.4752,2.4878,10610314.6
2025-10-15 11:30:00+00:00,2.4879,2.4953,2.4831,2.4949,3747473.9
2025-10-15 11:45:00+00:00,2.495,2.495,2.4897,2.4912,2273606.5
2025-10-15 12:00:00+00:00,2.4911,2.5006,2.4859,2.4957,5722976.5
2025-10-15 12:15:00+00:00,2.4957,2.4999,2.4839,2.4874,5484633.9
2025-10-15 12:30:00+00:00,2.4873,2.4919,2.4807,2.4908,6183198.9
2025-10-15 12:45:00+00:00,2.4908,2.5023,2.4901,2.5002,6756868.8
2025-10-15 13:00:00+00:00,2.5003,2.5003,2.4811,2.4877,6379986.2
2025-10-15 13:15:00+00:00,2.4877,2.4882,2.4791,2.4791,3785581.6
2025-10-15 13:30:00+00:00,2.479,2.498,2.4682,2.4793,16508708.5
2025-10-15 13:45:00+00:00,2.4793,2.4854,2.454,2.4829,31961377.5
2025-10-15 14:00:00+00:00,2.483,2.511,2.4822,2.5027,14320128.4
2025-10-15 14:15:00+00:00,2.5027,2.51,2.4948,2.4982,6778599.3
2025-10-15 14:30:00+00:00,2.4982,2.4989,2.4783,2.4803,7401981.1
2025-10-15 14:45:00+00:00,2.4804,2.4807,2.4513,2.464,15077164.0
2025-10-15 15:00:00+00:00,2.4639,2.4747,2.4501,2.4636,12593235.6
2025-10-15 15:15:00+00:00,2.4635,2.47,2.4467,2.4559,16031719.8
2025-10-15 15:30:00+00:00,2.4559,2.4617,2.4304,2.4367,26093991.0
2025-10-15 15:45:00+00:00,2.4368,2.4368,2.4231,2.4326,20329471.2
2025-10-15 16:00:00+00:00,2.4326,2.4465,2.4302,2.4406,12314666.3
2025-10-15 16:15:00+00:00,2.4407,2.448,2.4304,2.4429,7179947.9
2025-10-15 16:30:00+00:00,2.4429,2.447,2.4349,2.4383,4452433.7
2025-10-15 16:45:00+00:00,2.4383,2.4483,2.4308,2.4314,6120995.0
2025-10-15 17:00:00+00:00,2.4315,2.4337,2.4167,2.4171,14060591.9
2025-10-15 17:15:00+00:00,2.4171,2.4258,2.413,2.4174,9657098.4
2025-10-15 17:30:00+00:00,2.4175,2.4242,2.4113,2.4218,6679180.3
2025-10-15 17:45:00+00:00,2.4219,2.4337,2.4217,2.4333,5335580.3
2025-10-15 18:00:00+00:00,2.4332,2.4346,2.4205,2.4264,5489068.2
2025-10-15 18:15:00+00:00,2.4263,2.4406,2.4258,2.4363,5604545.3
2025-10-15 18:30:00+00:00,2.4363,2.4416,2.4264,2.429,10102118.5
2025-10-15 18:45:00+00:00,2.4291,2.4413,2.4253,2.4401,4916388.7
2025-10-15 19:00:00+00:00,2.4401,2.4404,2.4236,2.4272,4239785.9
2025-10-15 19:15:00+00:00,2.4273,2.4355,2.4238,2.4328,4244903.8
2025-10-15 19:30:00+00:00,2.4328,2.4345,2.4124,2.4156,8141453.8
2025-10-15 19:45:00+00:00,2.4157,2.4162,2.4002,2.4039,16564292.7
2025-10-15 20:00:00+00:00,2.404,2.4162,2.4033,2.4107,9251601.4
2025-10-15 20:15:00+00:00,2.4107,2.4199,2.3976,2.4008,6240738.6
2025-10-15 20:30:00+00:00,2.4008,2.4118,2.3779,2.4106,22443128.0
2025-10-15 20:45:00+00:00,2.4106,2.4153,2.3954,2.3961,5624871.4
2025-10-15 21:00:00+00:00,2.3961,2.4037,2.374,2.3915,11838961.6
2025-10-15 21:15:00+00:00,2.3914,2.4061,2.3818,2.4025,7277879.0
2025-10-15 21:30:00+00:00,2.4025,2.4149,2.3976,2.4068,6432379.4
2025-10-15 21:45:00+00:00,2.4068,2.4097,2.3892,2.3964,3368718.7
2025-10-15 22:00:00+00:00,2.3964,2.4087,2.3946,2.4084,4338117.1
2025-10-15 22:15:00+00:00,2.4084,2.4145,2.4051,2.4076,3713296.2
2025-10-15 22:30:00+00:00,2.4077,2.4149,2.4069,2.41,4147111.2
2025-10-15 22:45:00+00:00,2.41,2.4125,2.3984,2.4025,3756078.9
2025-10-15 23:00:00+00:00,2.4025,2.4094,2.3971,2.4074,3664288.6
2025-10-15 23:15:00+00:00,2.4073,2.4124,2.3991,2.4092,3422970.3
2025-10-15 23:30:00+00:00,2.4093,2.416,2.4077,2.4121,2716837.9
2025-10-15 23:45:00+00:00,2.4121,2.4142,2.4055,2.4097,1784487.1
2025-10-16 00:00:00+00:00,2.4097,2.4128,2.3978,2.3997,10195856.2
2025-10-16 00:15:00+00:00,2.3998,2.414,2.3995,2.4116,4591052.8
2025-10-16 00:30:00+00:00,2.4117,2.4125,2.4032,2.4056,3531873.1
2025-10-16 00:45:00+00:00,2.4056,2.4108,2.403,2.4053,3111111.9
2025-10-16 01:00:00+00:00,2.4052,2.4207,2.4041,2.4154,4027782.1
2025-10-16 01:15:00+00:00,2.4154,2.4188,2.4087,2.4119,2642791.5
2025-10-16 01:30:00+00:00,2.4118,2.4173,2.4093,2.4147,2760386.6
2025-10-16 01:45:00+00:00,2.4148,2.4251,2.4117,2.4223,4010932.6
2025-10-16 02:00:00+00:00,2.4224,2.434,2.4164,2.4246,7557770.0
2025-10-16 02:15:00+00:00,2.4247,2.4299,2.4225,2.4257,2675079.5
2025-10-16 02:30:00+00:00,2.4258,2.4266,2.4114,2.4145,5952844.9
2025-10-16 02:45:00+00:00,2.4146,2.4265,2.4121,2.4262,3238065.8
2025-10-16 03:00:00+00:00,2.4263,2.4308,2.4221,2.4222,2795682.3
2025-10-16 03:15:00+00:00,2.4222,2.4277,2.4183,2.424,2890061.1
2025-10-16 03:30:00+00:00,2.4241,2.4241,2.4154,2.4192,2307145.8
2025-10-16 03:45:00+00:00,2.4191,2.4224,2.4153,2.4169,1927409.9
2025-10-16 04:00:00+00:00,2.4169,2.4258,2.4152,2.4241,2604740.3
2025-10-16 04:15:00+00:00,2.4242,2.4288,2.4242,2.4267,2154065.9
2025-10-16 04:30:00+00:00,2.4267,2.4288,2.4152,2.4161,2739427.4
2025-10-16 04:45:00+00:00,2.4162,2.4175,2.4074,2.4097,4416666.6
2025-10-16 05:00:00+00:00,2.4098,2.4132,2.4017,2.4084,4566278.7
2025-10-16 05:15:00+00:00,2.4083,2.4106,2.4026,2.4054,2730394.4
2025-10-16 05:30:00+00:00,2.4055,2.4219,2.405,2.4144,10540050.4
2025-10-16 05:45:00+00:00,2.4145,2.4169,2.3954,2.4051,6217386.7
2025-10-16 06:00:00+00:00,2.4052,2.4152,2.4045,2.4114,3478032.9
2025-10-16 06:15:00+00:00,2.4115,2.4173,2.4093,2.4172,4584828.4
2025-10-16 06:30:00+00:00,2.4172,2.4269,2.4169,2.421,5704348.6
2025-10-16 06:45:00+00:00,2.4211,2.4323,2.4211,2.4268,4222125.2
2025-10-16 07:00:00+00:00,2.4268,2.4287,2.4193,2.4227,2715625.8
2025-10-16 07:15:00+00:00,2.4228,2.4228,2.406,2.4064,5302485.0
2025-10-16 07:30:00+00:00,2.4063,2.4125,2.4046,2.4117,2670106.2
2025-10-16 07:45:00+00:00,2.4117,2.4149,2.4061,2.4089,5683082.2
2025-10-16 08:00:00+00:00,2.409,2.4126,2.4004,2.4051,4119675.7
2025-10-16 08:15:00+00:00,2.4052,2.407,2.3954,2.3972,2890965.7
2025-10-16 08:30:00+00:00,2.3972,2.4027,2.3845,2.3897,6849991.1
2025-10-16 08:45:00+00:00,2.3898,2.3956,2.3874,2.3935,2890686.3
2025-10-16 09:00:00+00:00,2.3935,2.4018,2.3886,2.3964,4726118.5
2025-10-16 09:15:00+00:00,2.3963,2.4044,2.3941,2.3942,3273574.8
2025-10-16 09:30:00+00:00,2.3942,2.4045,2.35,2.4019,45620019.4
2025-10-16 09:45:00+00:00,2.402,2.4294,2.4015,2.422,27573327.1
2025-10-16 10:00:00+00:00,2.422,2.4462,2.4206,2.4384,10786663.3
2025-10-16 10:15:00+00:00,2.4383,2.45,2.4346,2.4372,8922017.3
2025-10-16 10:30:00+00:00,2.4372,2.445,2.433,2.4434,5711773.4
2025-10-16 10:45:00+00:00,2.4433,2.4515,2.443,2.4482,5260745.8
2025-10-16 11:00:00+00:00,2.4482,2.456,2.4431,2.4476,6432742.3
2025-10-16 11:15:00+00:00,2.4475,2.4492,2.4333,2.4356,7347551.8
2025-10-16 11:30:00+00:00,2.4356,2.44,2.4311,2.4358,4851209.2
2025-10-16 11:45:00+00:00,2.4357,2.4543,2.4345,2.4511,6011632.7
2025-10-16 12:00:00+00:00,2.4511,2.462,2.4486,2.4494,10891721.9
2025-10-16 12:15:00+00:00,2.4493,2.4574,2.4479,2.4508,3138793.7
2025-10-16 12:30:00+00:00,2.4508,2.4655,2.4462,2.4578,7006618.9
2025-10-16 12:45:00+00:00,2.4578,2.4602,2.4519,2.4522,3325485.7
2025-10-16 13:00:00+00:00,2.4522,2.4566,2.4449,2.4508,3925978.6
2025-10-16 13:15:00+00:00,2.4509,2.4541,2.4382,2.4456,7911022.2
2025-10-16 13:30:00+00:00,2.4456,2.4547,2.4404,2.4484,7107347.2
2025-10-16 13:45:00+00:00,2.4485,2.4534,2.4292,2.4369,9125521.2
2025-10-16 14:00:00+00:00,2.4369,2.4393,2.4165,2.4194,12285216.0
2025-10-16 14:15:00+00:00,2.4194,2.4282,2.3867,2.3936,44156969.7
2025-10-16 14:30:00+00:00,2.3935,2.4372,2.3927,2.4346,26540761.1
2025-10-16 14:45:00+00:00,2.4347,2.4372,2.4013,2.4042,15800613.9
2025-10-16 15:00:00+00:00,2.4042,2.416,2.3933,2.4152,9284673.3
2025-10-16 15:15:00+00:00,2.4153,2.417,2.3867,2.3933,13881796.9
2025-10-16 15:30:00+00:00,2.3932,2.3999,2.3738,2.3805,22888797.2
2025-10-16 15:45:00+00:00,2.3805,2.3807,2.3294,2.354,39311896.1
2025-10-16 16:00:00+00:00,2.354,2.3699,2.3434,2.3598,24928993.7
2025-10-16 16:15:00+00:00,2.3599,2.367,2.3459,2.3619,21302795.8
2025-10-16 16:30:00+00:00,2.3619,2.3739,2.3471,2.3598,15972730.9
2025-10-16 16:45:00+00:00,2.3598,2.3979,2.3556,2.3977,13325501.1
2025-10-16 17:00:00+00:00,2.3977,2.3979,2.3736,2.3747,13745005.1
2025-10-16 17:15:00+00:00,2.3746,2.3953,2.3713,2.3808,9763409.2
2025-10-16 17:30:00+00:00,2.3808,2.3846,2.3655,2.3675,5652448.4
2025-10-16 17:45:00+00:00,2.3674,2.371,2.3613,2.366,3970995.9
2025-10-16 18:00:00+00:00,2.3659,2.3666,2.3338,2.3385,12685691.8
2025-10-16 18:15:00+00:00,2.3384,2.3486,2.3306,2.3379,11117422.7
2025-10-16 18:30:00+00:00,2.3379,2.3606,2.3331,2.3526,9986580.9
2025-10-16 18:45:00+00:00,2.3526,2.3617,2.3422,2.3503,7906404.3
2025-10-16 19:00:00+00:00,2.3503,2.3567,2.3305,2.3311,8750118.3
2025-10-16 19:15:00+00:00,2.3311,2.3409,2.3193,2.3314,16460721.5
2025-10-16 19:30:00+00:00,2.3313,2.3337,2.3062,2.3202,21733636.1
2025-10-16 19:45:00+00:00,2.3204,2.3408,2.3086,2.3257,15966588.9
2025-10-16 20:00:00+00:00,2.3257,2.3349,2.3097,2.3099,8023149.9
2025-10-16 20:15:00+00:00,2.31,2.3182,2.296,2.3069,12624201.3
2025-10-16 20:30:00+00:00,2.3069,2.3094,2.2826,2.2908,18938251.2
2025-10-16 20:45:00+00:00,2.2908,2.3055,2.2875,2.2936,8342515.0
2025-10-16 21:00:00+00:00,2.2935,2.3097,2.2928,2.3067,8019742.7
2025-10-16 21:15:00+00:00,2.3067,2.3143,2.2992,2.3032,12866239.3
2025-10-16 21:30:00+00:00,2.3031,2.3147,2.3011,2.3111,5077738.8
2025-10-16 21:45:00+00:00,2.3112,2.3213,2.3111,2.3205,2959156.4
2025-10-16 22:00:00+00:00,2.3204,2.3238,2.3066,2.3077,4788642.0
2025-10-16 22:15:00+00:00,2.3077,2.3155,2.3053,2.3117,4712235.0
2025-10-16 22:30:00+00:00,2.3117,2.3151,2.3041,2.3044,3240787.8
2025-10-16 22:45:00+00:00,2.3044,2.3094,2.2986,2.2992,4092539.6
2025-10-16 23:00:00+00:00,2.2992,2.3073,2.2959,2.3042,4275835.1
2025-10-16 23:15:00+00:00,2.3042,2.3268,2.3042,2.3199,13925078.4
2025-10-16 23:30:00+00:00,2.3199,2.3253,2.3175,2.3242,6168831.1
2025-10-16 23:45:00+00:00,2.3242,2.3308,2.321,2.3268,4148817.9
2025-10-17 00:00:00+00:00,2.3267,2.3308,2.3186,2.3288,5340373.6
2025-10-17 00:15:00+00:00,2.3288,2.3338,2.3266,2.3319,4432896.5
2025-10-17 00:30:00+00:00,2.3319,2.339,2.3271,2.3333,6283542.5
2025-10-17 00:45:00+00:00,2.3334,2.3376,2.3276,2.3376,2626148.6
2025-10-17 01:00:00+00:00,2.3375,2.4008,2.3355,2.3708,54109958.0
2025-10-17 01:15:00+00:00,2.3709,2.3791,2.3577,2.3662,9587889.3
2025-10-17 01:30:00+00:00,2.3662,2.3714,2.3426,2.346,13417665.0
2025-10-17 01:45:00+00:00,2.346,2.3554,2.3402,2.3549,4812793.0
2025-10-17 02:00:00+00:00,2.3549,2.3579,2.3415,2.3474,6525346.2
2025-10-17 02:15:00+00:00,2.3474,2.3477,2.3355,2.3391,5393426.5
2025-10-17 02:30:00+00:00,2.3391,2.3547,2.3364,2.3526,5324001.7
2025-10-17 02:45:00+00:00,2.3527,2.3647,2.3527,2.3566,5405945.2
2025-10-17 03:00:00+00:00,2.3566,2.3656,2.356,2.3596,3595370.6
2025-10-17 03:15:00+00:00,2.3595,2.3664,2.3547,2.3553,4006073.3
2025-10-17 03:30:00+00:00,2.3553,2.3584,2.3477,2.3484,2895378.7
2025-10-17 03:45:00+00:00,2.3484,2.3602,2.3483,2.3574,1829684.0
2025-10-17 04:00:00+00:00,2.3574,2.3592,2.35,2.356,2323735.4
2025-10-17 04:15:00+00:00,2.356,2.3588,2.3482,2.3505,2457507.8
2025-10-17 04:30:00+00:00,2.3506,2.3571,2.349,2.3495,2022366.4
2025-10-17 04:45:00+00:00,2.3495,2.3537,2.3456,2.3469,2527931.8
2025-10-17 05:00:00+00:00,2.3469,2.3537,2.3455,2.3475,2280519.5
2025-10-17 05:15:00+00:00,2.3475,2.3529,2.3404,2.3516,3920267.6
2025-10-17 05:30:00+00:00,2.3515,2.3532,2.3349,2.3365,5644293.4
2025-10-17 05:45:00+00:00,2.3365,2.3376,2.33,2.3317,6640432.2
2025-10-17 06:00:00+00:00,2.3318,2.3446,2.3318,2.3369,5176799.5
2025-10-17 06:15:00+00:00,2.337,2.3401,2.3175,2.3194,9957251.3
2025-10-17 06:30:00+00:00,2.3193,2.3226,2.2885,2.2965,27465829.6
2025-10-17 06:45:00+00:00,2.2965,2.3027,2.2725,2.2929,33317268.1
2025-10-17 07:00:00+00:00,2.2928,2.2978,2.2678,2.2719,30579248.9
2025-10-17 07:15:00+00:00,2.2719,2.2791,2.2463,2.2497,28042647.9
2025-10-17 07:30:00+00:00,2.2497,2.258,2.231,2.2409,36419349.9
2025-10-17 07:45:00+00:00,2.241,2.2598,2.2361,2.2381,25820085.6
2025-10-17 08:00:00+00:00,2.2382,2.2505,2.218,2.229,29302648.6
2025-10-17 08:15:00+00:00,2.2291,2.2305,2.1996,2.2206,40622710.2
2025-10-17 08:30:00+00:00,2.2207,2.2366,2.2077,2.2096,18088412.0
2025-10-17 08:45:00+00:00,2.2097,2.2206,2.2056,2.2143,14511953.2
2025-10-17 09:00:00+00:00,2.2143,2.2374,2.2083,2.234,17382777.7
2025-10-17 09:15:00+00:00,2.2341,2.2381,2.2208,2.2323,9363230.4
2025-10-17 09:30:00+00:00,2.2323,2.2578,2.2309,2.2386,15962700.4
2025-10-17 09:45:00+00:00,2.2387,2.2433,2.2238,2.2246,7497319.0
2025-10-17 10:00:00+00:00,2.2246,2.2369,2.2129,2.2211,10368982.0
2025-10-17 10:15:00+00:00,2.2212,2.2219,2.1881,2.1976,23105968.3
2025-10-17 10:30:00+00:00,2.1979,2.2158,2.193,2.2074,15296395.5
2025-10-17 10:45:00+00:00,2.2075,2.2306,2.207,2.2255,11197244.4
2025-10-17 11:00:00+00:00,2.2255,2.2738,2.2241,2.27,26561673.6
2025-10-17 11:15:00+00:00,2.27,2.2952,2.2671,2.2815,34075381.2
2025-10-17 11:30:00+00:00,2.2814,2.2872,2.2686,2.2783,14267893.2
2025-10-17 11:45:00+00:00,2.2783,2.2894,2.2739,2.2815,6406364.8
2025-10-17 12:00:00+00:00,2.2816,2.3017,2.2781,2.2904,14786274.0
2025-10-17 12:15:00+00:00,2.2903,2.3037,2.2848,2.2921,9133806.6
2025-10-17 12:30:00+00:00,2.2922,2.3008,2.2843,2.2947,7264976.9
2025-10-17 12:45:00+00:00,2.2947,2.2966,2.2777,2.2781,7130967.6
2025-10-17 13:00:00+00:00,2.278,2.2882,2.2658,2.266,11453123.1
2025-10-17 13:15:00+00:00,2.2661,2.2776,2.2623,2.269,11449160.4
2025-10-17 13:30:00+00:00,2.2691,2.2937,2.2583,2.2644,20609249.3
2025-10-17 13:45:00+00:00,2.2644,2.2988,2.2536,2.2839,19806253.4
2025-10-17 14:00:00+00:00,2.2838,2.2902,2.2641,2.2749,11487290.4
2025-10-17 14:15:00+00:00,2.275,2.2795,2.2563,2.2584,9033827.4
2025-10-17 14:30:00+00:00,2.2584,2.2703,2.2393,2.2605,19251159.2
2025-10-17 14:45:00+00:00,2.2606,2.2792,2.2569,2.26,10936245.5
2025-10-17 15:00:00+00:00,2.26,2.2778,2.2574,2.2625,8863935.5
2025-10-17 15:15:00+00:00,2.2624,2.2826,2.2622,2.2761,7857144.2
2025-10-17 15:30:00+00:00,2.2762,2.287,2.2595,2.2797,9505392.6
2025-10-17 15:45:00+00:00,2.2797,2.3011,2.279,2.2999,10122788.4
2025-10-17 16:00:00+00:00,2.2999,2.3271,2.2978,2.3037,27986026.7
2025-10-17 16:15:00+00:00,2.3036,2.3175,2.2971,2.2998,8979543.2
2025-10-17 16:30:00+00:00,2.2998,2.305,2.2852,2.2933,7480245.5
2025-10-17 16:45:00+00:00,2.2934,2.3001,2.2811,2.2912,6471410.6
2025-10-17 17:00:00+00:00,2.2912,2.299,2.2835,2.292,4921417.5
2025-10-17 17:15:00+00:00,2.2921,2.2958,2.2784,2.2808,4835237.2
2025-10-17 17:30:00+00:00,2.2809,2.292,2.2762,2.287,5520403.3
2025-10-17 17:45:00+00:00,2.2871,2.2955,2.277,2.2917,6043667.2
2025-10-17 18:00:00+00:00,2.2916,2.3027,2.2916,2.2929,5613943.4
2025-10-17 18:15:00+00:00,2.2929,2.3115,2.2913,2.3058,5683138.6
2025-10-17 18:30:00+00:00,2.3057,2.3173,2.3033,2.3066,5001449.8
2025-10-17 18:45:00+00:00,2.3066,2.31,2.2976,2.3031,4692461.0
2025-10-17 19:00:00+00:00,2.3031,2.314,2.3026,2.3096,5244069.5
2025-10-17 19:15:00+00:00,2.3096,2.311,2.299,2.3025,3252335.4
2025-10-17 19:30:00+00:00,2.3024,2.3025,2.2898,2.2956,5797337.9
2025-10-17 19:45:00+00:00,2.2956,2.2998,2.29,2.296,3412961.2
2025-10-17 20:00:00+00:00,2.296,2.3078,2.2946,2.3058,4430090.3
2025-10-17 20:15:00+00:00,2.3059,2.3196,2.3042,2.3168,6395338.4
2025-10-17 20:30:00+00:00,2.3169,2.3186,2.3079,2.3114,5745244.9
2025-10-17 20:45:00+00:00,2.3114,2.317,2.3091,2.3099,3003138.5
2025-10-17 21:00:00+00:00,2.3099,2.3235,2.3083,2.3209,4322402.1
2025-10-17 21:15:00+00:00,2.3209,2.3265,2.3171,2.3261,5790299.3
2025-10-17 21:30:00+00:00,2.3261,2.3283,2.3215,2.3279,3642373.0
2025-10-17 21:45:00+00:00,2.3279,2.3353,2.325,2.333,3550452.2
2025-10-17 22:00:00+00:00,2.3331,2.3402,2.3242,2.3249,9040560.2
2025-10-17 22:15:00+00:00,2.3249,2.3277,2.3213,2.3225,2879293.0
2025-10-17 22:30:00+00:00,2.3225,2.323,2.3105,2.312,4828075.0
2025-10-17 22:45:00+00:00,2.312,2.3191,2.3118,2.3162,2358028.3
2025-10-17 23:00:00+00:00,2.3162,2.3164,2.3021,2.3034,5078401.4
2025-10-17 23:15:00+00:00,2.3034,2.3057,2.296,2.2974,5128181.9
2025-10-17 23:30:00+00:00,2.2974,2.3038,2.2961,2.299,2867924.7
2025-10-17 23:45:00+00:00,2.2989,2.3006,2.29,2.2925,4848500.7
2025-10-18 00:00:00+00:00,2.2925,2.2996,2.2881,2.2984,7450992.2
2025-10-18 00:15:00+00:00,2.2983,2.3136,2.2957,2.312,5853357.2
2025-10-18 00:30:00+00:00,2.312,2.3175,2.3089,2.3158,3881497.3
2025-10-18 00:45:00+00:00,2.3158,2.3169,2.306,2.3085,2547583.8
2025-10-18 01:00:00+00:00,2.3086,2.3181,2.3066,2.3179,3264726.9
2025-10-18 01:15:00+00:00,2.3179,2.3266,2.3165,2.3262,3392746.8
2025-10-18 01:30:00+00:00,2.3262,2.329,2.3225,2.3238,3654170.0
2025-10-18 01:45:00+00:00,2.3239,2.3349,2.3201,2.333,3339416.8
2025-10-18 02:00:00+00:00,2.3331,2.34,2.324,2.3263,5674892.6
2025-10-18 02:15:00+00:00,2.3264,2.3345,2.3241,2.3327,2867758.4
2025-10-18 02:30:00+00:00,2.3328,2.3358,2.3231,2.3239,3924167.4
2025-10-18 02:45:00+00:00,2.3239,2.3249,2.3165,2.3213,3227144.5
2025-10-18 03:00:00+00:00,2.3212,2.331,2.3211,2.3305,2799391.7
2025-10-18 03:15:00+00:00,2.3304,2.3383,2.3287,2.3361,4286183.3
2025-10-18 03:30:00+00:00,2.3362,2.3426,2.3336,2.3344,2609458.1
2025-10-18 03:45:00+00:00,2.3344,2.3396,2.3336,2.3374,2686200.6
2025-10-18 04:00:00+00:00,2.3374,2.3383,2.3295,2.3298,4927589.8
2025-10-18 04:15:00+00:00,2.3297,2.3315,2.3266,2.3301,2601188.6
2025-10-18 04:30:00+00:00,2.33,2.3309,2.3189,2.32,4386224.0
2025-10-18 04:45:00+00:00,2.32,2.3206,2.316,2.3172,2549606.5
2025-10-18 05:00:00+00:00,2.3172,2.3266,2.3172,2.3259,2482556.2
2025-10-18 05:15:00+00:00,2.3258,2.3261,2.3183,2.3193,1825089.3
2025-10-18 05:30:00+00:00,2.3194,2.3239,2.3141,2.3224,2528206.9
2025-10-18 05:45:00+00:00,2.3224,2.3342,2.3224,2.3312,3377939.1
2025-10-18 06:00:00+00:00,2.3313,2.346,2.3305,2.3432,5259220.0
2025-10-18 06:15:00+00:00,2.3433,2.3448,2.3392,2.3414,3832996.2
2025-10-18 06:30:00+00:00,2.3414,2.3442,2.3379,2.3389,2327648.3
2025-10-18 06:45:00+00:00,2.3388,2.3515,2.3371,2.3493,4290293.8
2025-10-18 07:00:00+00:00,2.3493,2.3745,2.3491,2.364,15501076.9
2025-10-18 07:15:00+00:00,2.3639,2.3646,2.3518,2.3547,7334737.0
2025-10-18 07:30:00+00:00,2.3548,2.3644,2.3518,2.3621,4350427.8
2025-10-18 07:45:00+00:00,2.3621,2.3715,2.3482,2.3524,6936688.8
2025-10-18 08:00:00+00:00,2.3524,2.3582,2.3488,2.3554,5528818.5
2025-10-18 08:15:00+00:00,2.3554,2.357,2.3485,2.3506,2854620.4
2025-10-18 08:30:00+00:00,2.3507,2.3537,2.3477,2.3512,2994981.0
2025-10-18 08:45:00+00:00,2.3511,2.3551,2.3454,2.347,3067120.0
2025-10-18 09:00:00+00:00,2.347,2.3549,2.3457,2.353,3196698.1
2025-10-18 09:15:00+00:00,2.3529,2.3632,2.3466,2.3592,4390761.6
2025-10-18 09:30:00+00:00,2.3593,2.3606,2.348,2.3544,3703645.7
2025-10-18 09:45:00+00:00,2.3544,2.3586,2.3488,2.3559,3473321.4
2025-10-18 10:00:00+00:00,2.3559,2.3577,2.3505,2.3512,2568014.5
2025-10-18 10:15:00+00:00,2.3512,2.3543,2.346,2.354,2757385.6
2025-10-18 10:30:00+00:00,2.354,2.3667,2.3538,2.3649,4832306.0
2025-10-18 10:45:00+00:00,2.3649,2.365,2.3526,2.3592,4041327.2
2025-10-18 11:00:00+00:00,2.3592,2.362,2.3553,2.3616,2766696.6
2025-10-18 11:15:00+00:00,2.3616,2.3656,2.3587,2.3595,2993489.8
2025-10-18 11:30:00+00:00,2.3595,2.3718,2.358,2.3711,4611141.9
2025-10-18 11:45:00+00:00,2.3711,2.3779,2.3695,2.3772,5717505.7
2025-10-18 12:00:00+00:00,2.3771,2.3889,2.3765,2.3863,8734707.8
2025-10-18 12:15:00+00:00,2.3862,2.3899,2.3742,2.3774,7118964.4
2025-10-18 12:30:00+00:00,2.3774,2.3786,2.368,2.3779,4989169.2
2025-10-18 12:45:00+00:00,2.3779,2.3799,2.3713,2.3737,3315849.6
2025-10-18 13:00:00+00:00,2.3736,2.3741,2.363,2.372,5667449.7
2025-10-18 13:15:00+00:00,2.372,2.3729,2.3625,2.3653,6946118.7
2025-10-18 13:30:00+00:00,2.3654,2.366,2.355,2.3591,6531295.0
2025-10-18 13:45:00+00:00,2.3592,2.3675,2.3543,2.3614,4380655.2
2025-10-18 14:00:00+00:00,2.3614,2.3664,2.3502,2.3542,6254227.8
2025-10-18 14:15:00+00:00,2.3543,2.3605,2.351,2.3554,4043263.4
2025-10-18 14:30:00+00:00,2.3555,2.3705,2.3554,2.3634,5586648.9
2025-10-18 14:45:00+00:00,2.3635,2.3687,2.3551,2.3597,8316529.4
2025-10-18 15:00:00+00:00,2.3598,2.365,2.357,2.3573,4344111.8
2025-10-18 15:15:00+00:00,2.3573,2.3592,2.347,2.3472,6847903.3
2025-10-18 15:30:00+00:00,2.3472,2.3477,2.3386,2.3471,8164823.3
2025-10-18 15:45:00+00:00,2.3471,2.3502,2.3424,2.3474,3445273.2
2025-10-18 16:00:00+00:00,2.3474,2.3532,2.3361,2.3389,5310802.0
2025-10-18 16:15:00+00:00,2.3389,2.3439,2.3343,2.3411,5827434.4
2025-10-18 16:30:00+00:00,2.3412,2.3419,2.332,2.3378,7283041.6
2025-10-18 16:45:00+00:00,2.3378,2.3447,2.3363,2.3443,2939198.9
2025-10-18 17:00:00+00:00,2.3443,2.3512,2.3412,2.3505,4014563.2
2025-10-18 17:15:00+00:00,2.3505,2.3623,2.3483,2.3607,4588751.2
2025-10-18 17:30:00+00:00,2.3606,2.3621,2.3547,2.3549,3130143.4
2025-10-18 17:45:00+00:00,2.3548,2.3687,2.3543,2.3668,2800200.2
2025-10-18 18:00:00+00:00,2.3667,2.3708,2.3571,2.3572,4102819.5
2025-10-18 18:15:00+00:00,2.3572,2.3623,2.3565,2.3613,2485213.7
2025-10-18 18:30:00+00:00,2.3612,2.3661,2.3602,2.3633,1206234.2
2025-10-18 18:45:00+00:00,2.3632,2.3637,2.3587,2.3608,2036573.0
2025-10-18 19:00:00+00:00,2.3607,2.3617,2.3551,2.3593,1831952.8
2025-10-18 19:15:00+00:00,2.3593,2.3679,2.3593,2.3674,2114211.1
2025-10-18 19:30:00+00:00,2.3675,2.3677,2.3631,2.3644,1209555.9
2025-10-18 19:45:00+00:00,2.3644,2.3694,2.3625,2.3658,1521972.9
2025-10-18 20:00:00+00:00,2.3659,2.3699,2.3626,2.3633,2451095.0
2025-10-18 20:15:00+00:00,2.3634,2.3696,2.3615,2.3689,1705288.3
2025-10-18 20:30:00+00:00,2.369,2.3735,2.3642,2.366,2109119.3
2025-10-18 20:45:00+00:00,2.3661,2.369,2.3571,2.3578,3782270.7
2025-10-18 21:00:00+00:00,2.3577,2.3609,2.3493,2.3545,3830851.1
2025-10-18 21:15:00+00:00,2.3545,2.3611,2.3496,2.3608,1965944.7
2025-10-18 21:30:00+00:00,2.3608,2.3636,2.3574,2.3609,1869141.6
2025-10-18 21:45:00+00:00,2.3608,2.3646,2.3592,2.3626,901405.9
2025-10-18 22:00:00+00:00,2.3626,2.364,2.3589,2.3604,1798733.9
2025-10-18 22:15:00+00:00,2.3603,2.3657,2.3588,2.3636,1209016.0
2025-10-18 22:30:00+00:00,2.3637,2.3645,2.3593,2.3611,1449365.9
2025-10-18 22:45:00+00:00,2.3612,2.3612,2.3562,2.3599,1489448.3
2025-10-18 23:00:00+00:00,2.3599,2.3612,2.3566,2.3593,1836081.7
2025-10-18 23:15:00+00:00,2.3593,2.3608,2.3556,2.3592,1496428.5
2025-10-18 23:30:00+00:00,2.3592,2.3619,2.3578,2.358,1438211.1
2025-10-18 23:45:00+00:00,2.358,2.3591,2.3563,2.3582,965626.2
2025-10-19 00:00:00+00:00,2.3583,2.3609,2.3471,2.3499,6207498.8
2025-10-19 00:15:00+00:00,2.3499,2.3544,2.3491,2.3513,3191365.8
2025-10-19 00:30:00+00:00,2.3512,2.3516,2.3411,2.3415,3305796.2
2025-10-19 00:45:00+00:00,2.3415,2.346,2.3388,2.3443,3145396.1
2025-10-19 01:00:00+00:00,2.3442,2.3442,2.334,2.3387,3545143.8
2025-10-19 01:15:00+00:00,2.3387,2.3463,2.3378,2.346,1741352.5
2025-10-19 01:30:00+00:00,2.346,2.3469,2.3387,2.3439,1365429.4
2025-10-19 01:45:00+00:00,2.3439,2.3497,2.3436,2.3482,2274626.8
2025-10-19 02:00:00+00:00,2.3482,2.3484,2.3413,2.3433,1910809.0
2025-10-19 02:15:00+00:00,2.3434,2.3499,2.3422,2.3448,2104453.1
2025-10-19 02:30:00+00:00,2.3447,2.3464,2.3389,2.3408,2132404.0
2025-10-19 02:45:00+00:00,2.3408,2.3423,2.3376,2.3419,1486994.9
2025-10-19 03:00:00+00:00,2.3419,2.342,2.3362,2.3371,1720385.1
2025-10-19 03:15:00+00:00,2.337,2.3499,2.337,2.3499,4036557.4
2025-10-19 03:30:00+00:00,2.3498,2.3628,2.3495,2.3601,5397653.4
2025-10-19 03:45:00+00:00,2.3602,2.3672,2.3585,2.3672,4271798.1
2025-10-19 04:00:00+00:00,2.3672,2.3682,2.3544,2.3573,4412989.7
2025-10-19 04:15:00+00:00,2.3572,2.3578,2.3528,2.3571,2655619.5
2025-10-19 04:30:00+00:00,2.357,2.3609,2.3559,2.3572,1506566.2
2025-10-19 04:45:00+00:00,2.3572,2.3594,2.3543,2.3559,1229944.0
2025-10-19 05:00:00+00:00,2.3559,2.3605,2.3555,2.3557,2105066.9
2025-10-19 05:15:00+00:00,2.3556,2.3658,2.3534,2.3563,3472199.4
2025-10-19 05:30:00+00:00,2.3564,2.3596,2.35,2.3519,2279017.7
2025-10-19 05:45:00+00:00,2.3518,2.3518,2.3463,2.3512,2977493.4
2025-10-19 06:00:00+00:00,2.3513,2.3548,2.3494,2.3497,1829984.6
2025-10-19 06:15:00+00:00,2.3496,2.3511,2.3457,2.3479,1745204.7
2025-10-19 06:30:00+00:00,2.3479,2.3484,2.3402,2.3449,2671885.0
2025-10-19 06:45:00+00:00,2.3448,2.3482,2.3425,2.3482,1863154.4
2025-10-19 07:00:00+00:00,2.3482,2.352,2.347,2.3506,2344853.1
2025-10-19 07:15:00+00:00,2.3506,2.3536,2.3473,2.3473,1805420.2
2025-10-19 07:30:00+00:00,2.3473,2.3524,2.3421,2.3439,2785167.0
2025-10-19 07:45:00+00:00,2.3438,2.3475,2.3422,2.3468,1098598.2
2025-10-19 08:00:00+00:00,2.3468,2.3509,2.346,2.3475,1909950.6
2025-10-19 08:15:00+00:00,2.3475,2.3698,2.3293,2.3489,22718998.1
2025-10-19 08:30:00+00:00,2.3489,2.349,2.3321,2.3332,7346907.6
2025-10-19 08:45:00+00:00,2.3333,2.3365,2.3259,2.3313,8429618.8
2025-10-19 09:00:00+00:00,2.3312,2.3316,2.3204,2.3236,9462912.5
2025-10-19 09:15:00+00:00,2.3235,2.3294,2.3164,2.3187,7545698.6
2025-10-19 09:30:00+00:00,2.3186,2.3509,2.3178,2.3469,12250582.6
2025-10-19 09:45:00+00:00,2.3469,2.3826,2.3431,2.3618,30939416.0
2025-10-19 10:00:00+00:00,2.3618,2.3723,2.3526,2.3612,8622731.8
2025-10-19 10:15:00+00:00,2.3612,2.3921,2.3555,2.3836,14723835.3
2025-10-19 10:30:00+00:00,2.3835,2.3861,2.3731,2.3829,8814748.8
2025-10-19 10:45:00+00:00,2.3829,2.3844,2.3741,2.3842,3710927.0
2025-10-19 11:00:00+00:00,2.3841,2.3971,2.384,2.3926,8903042.4
2025-10-19 11:15:00+00:00,2.3926,2.395,2.3742,2.3769,7433774.3
2025-10-19 11:30:00+00:00,2.377,2.3815,2.375,2.3756,3920498.9
2025-10-19 11:45:00+00:00,2.3756,2.3771,2.3701,2.3738,4464589.4
2025-10-19 12:00:00+00:00,2.3737,2.378,2.3645,2.3669,6498467.6
2025-10-19 12:15:00+00:00,2.3669,2.3695,2.3634,2.3653,3282582.3
2025-10-19 12:30:00+00:00,2.3653,2.3738,2.3646,2.3658,4075282.2
2025-10-19 12:45:00+00:00,2.3658,2.37,2.3607,2.37,3570195.3
2025-10-19 13:00:00+00:00,2.37,2.3745,2.3641,2.3679,4158669.2
2025-10-19 13:15:00+00:00,2.3679,2.3737,2.3652,2.3732,2794182.6
2025-10-19 13:30:00+00:00,2.3732,2.3885,2.3722,2.3874,6244968.6
2025-10-19 13:45:00+00:00,2.3874,2.4036,2.385,2.4017,11376131.0
2025-10-19 14:00:00+00:00,2.4017,2.4032,2.389,2.397,9523510.8
2025-10-19 14:15:00+00:00,2.397,2.4137,2.395,2.408,15065690.4
2025-10-19 14:30:00+00:00,2.4081,2.4128,2.4028,2.4072,8082117.0
2025-10-19 14:45:00+00:00,2.4073,2.4127,2.4001,2.4112,4491977.2
2025-10-19 15:00:00+00:00,2.4111,2.4126,2.4002,2.4028,10358019.6
2025-10-19 15:15:00+00:00,2.4027,2.4079,2.3986,2.4024,4879572.2
2025-10-19 15:30:00+00:00,2.4024,2.4037,2.3932,2.3959,6183344.7
2025-10-19 15:45:00+00:00,2.3959,2.3998,2.3959,2.3996,2391319.1
2025-10-19 16:00:00+00:00,2.3996,2.4008,2.3921,2.3932,3329113.1
2025-10-19 16:15:00+00:00,2.3933,2.3941,2.3886,2.3925,3013670.3
2025-10-19 16:30:00+00:00,2.3925,2.4072,2.3868,2.4058,6605578.5
2025-10-19 16:45:00+00:00,2.4058,2.407,2.3978,2.3983,4133063.8
2025-10-19 17:00:00+00:00,2.3983,2.4152,2.3956,2.4117,9845338.4
2025-10-19 17:15:00+00:00,2.4118,2.418,2.4025,2.4025,7854808.3
2025-10-19 17:30:00+00:00,2.4025,2.4058,2.3942,2.3994,4172255.6
2025-10-19 17:45:00+00:00,2.3995,2.3999,2.3904,2.395,3728648.8
2025-10-19 18:00:00+00:00,2.395,2.3992,2.394,2.3976,4282665.1
2025-10-19 18:15:00+00:00,2.3976,2.4031,2.3961,2.4011,2861316.8
2025-10-19 18:30:00+00:00,2.4011,2.4073,2.3979,2.4061,2419542.0
2025-10-19 18:45:00+00:00,2.4061,2.4103,2.405,2.4071,2480440.4
2025-10-19 19:00:00+00:00,2.407,2.407,2.393,2.3987,3554832.3
2025-10-19 19:15:00+00:00,2.3986,2.4004,2.3956,2.3978,2393939.5
2025-10-19 19:30:00+00:00,2.3977,2.4002,2.3923,2.3947,2213040.9
2025-10-19 19:45:00+00:00,2.3948,2.4003,2.3911,2.3972,3116625.6
2025-10-19 20:00:00+00:00,2.3973,2.4034,2.3939,2.3983,3855616.8
2025-10-19 20:15:00+00:00,2.3983,2.404,2.3958,2.4036,1721538.4
2025-10-19 20:30:00+00:00,2.4036,2.4041,2.3991,2.4019,1785397.6
2025-10-19 20:45:00+00:00,2.4018,2.4064,2.4013,2.4043,3496270.3
2025-10-19 21:00:00+00:00,2.4043,2.4062,2.3966,2.3986,4069154.6
2025-10-19 21:15:00+00:00,2.3985,2.399,2.388,2.3888,4056104.6
2025-10-19 21:30:00+00:00,2.3888,2.3947,2.3856,2.3943,3262562.1
2025-10-19 21:45:00+00:00,2.3944,2.3972,2.3906,2.3954,2025527.1
2025-10-19 22:00:00+00:00,2.3954,2.4046,2.3948,2.402,4645266.3
2025-10-19 22:15:00+00:00,2.4019,2.4067,2.3993,2.4041,3564728.9
2025-10-19 22:30:00+00:00,2.4041,2.4086,2.4022,2.4075,2909911.2
2025-10-19 22:45:00+00:00,2.4075,2.4075,2.3997,2.4012,2240311.9
2025-10-19 23:00:00+00:00,2.4012,2.4013,2.3921,2.3957,2582467.5
2025-10-19 23:15:00+00:00,2.3958,2.397,2.3914,2.3927,1572607.3
2025-10-19 23:30:00+00:00,2.3927,2.3964,2.3853,2.3871,3292600.0
2025-10-19 23:45:00+00:00,2.3871,2.3896,2.3849,2.3894,2798801.5
2025-10-20 00:00:00+00:00,2.3894,2.3894,2.3764,2.3767,8469255.7
2025-10-20 00:15:00+00:00,2.3767,2.3789,2.3567,2.364,15493569.6
2025-10-20 00:30:00+00:00,2.364,2.3742,2.3534,2.3696,9181562.6
2025-10-20 00:45:00+00:00,2.3696,2.3814,2.3689,2.3788,5117019.2
2025-10-20 01:00:00+00:00,2.3788,2.3834,2.3698,2.377,4143622.6
2025-10-20 01:15:00+00:00,2.3769,2.3789,2.3702,2.375,2717131.4
2025-10-20 01:30:00+00:00,2.3749,2.3793,2.366,2.3705,3176774.2
2025-10-20 01:45:00+00:00,2.3705,2.3756,2.3676,2.3712,2587662.1
2025-10-20 02:00:00+00:00,2.3711,2.3711,2.3629,2.3681,4097156.0
2025-10-20 02:15:00+00:00,2.368,2.3836,2.3663,2.3771,3946843.7
2025-10-20 02:30:00+00:00,2.3771,2.3894,2.3744,2.3866,5678657.5
2025-10-20 02:45:00+00:00,2.3866,2.3949,2.384,2.3854,3774667.7
2025-10-20 03:00:00+00:00,2.3854,2.386,2.3801,2.3859,2386781.4
2025-10-20 03:15:00+00:00,2.386,2.3983,2.3846,2.3969,3952553.8
2025-10-20 03:30:00+00:00,2.3969,2.4222,2.393,2.414,11099811.2
2025-10-20 03:45:00+00:00,2.414,2.4401,2.4103,2.4328,16030087.3
2025-10-20 04:00:00+00:00,2.4328,2.447,2.4328,2.4388,12054291.4
2025-10-20 04:15:00+00:00,2.4388,2.4413,2.4301,2.4332,5250775.9
2025-10-20 04:30:00+00:00,2.4332,2.4421,2.4332,2.4391,3948208.0
2025-10-20 04:45:00+00:00,2.439,2.4462,2.4373,2.4455,2856888.7
2025-10-20 05:00:00+00:00,2.4454,2.4464,2.4349,2.4421,4781713.5
2025-10-20 05:15:00+00:00,2.4422,2.452,2.4391,2.4476,5932790.0
2025-10-20 05:30:00+00:00,2.4476,2.4506,2.4447,2.4496,3542347.3
2025-10-20 05:45:00+00:00,2.4495,2.4555,2.4464,2.4552,3998066.5
2025-10-20 06:00:00+00:00,2.4553,2.4629,2.4546,2.4602,5054779.3
2025-10-20 06:15:00+00:00,2.4603,2.4658,2.4574,2.4584,4295158.8
2025-10-20 06:30:00+00:00,2.4584,2.4677,2.4579,2.4669,4348488.6
2025-10-20 06:45:00+00:00,2.4669,2.4716,2.4627,2.4672,4507271.6
2025-10-20 07:00:00+00:00,2.4672,2.4766,2.4612,2.4744,5760634.0
2025-10-20 07:15:00+00:00,2.4743,2.475,2.4677,2.4693,3218960.3
2025-10-20 07:30:00+00:00,2.4692,2.4705,2.4625,2.4653,3914661.7
2025-10-20 07:45:00+00:00,2.4653,2.4699,2.4589,2.4693,6218398.4
2025-10-20 08:00:00+00:00,2.4693,2.4695,2.4581,2.4628,5247864.5
2025-10-20 08:15:00+00:00,2.4628,2.4661,2.4564,2.4647,4774495.1
2025-10-20 08:30:00+00:00,2.4647,2.4774,2.4631,2.4676,7576295.3
2025-10-20 08:45:00+00:00,2.4677,2.4753,2.4673,2.471,3299145.9
2025-10-20 09:00:00+00:00,2.4709,2.4709,2.4614,2.4653,3096064.2
2025-10-20 09:15:00+00:00,2.4653,2.4665,2.4583,2.4603,4347896.5
2025-10-20 09:30:00+00:00,2.4603,2.4634,2.4556,2.4621,3647181.6
2025-10-20 09:45:00+00:00,2.4621,2.4736,2.46,2.4722,4092019.9
2025-10-20 10:00:00+00:00,2.4721,2.4758,2.4652,2.4698,3486240.0
2025-10-20 10:15:00+00:00,2.4699,2.4777,2.4699,2.4762,5420683.2
2025-10-20 10:30:00+00:00,2.4762,2.4797,2.462,2.4634,5685312.9
2025-10-20 10:45:00+00:00,2.4633,2.4668,2.4589,2.4651,6262492.5
2025-10-20 11:00:00+00:00,2.4651,2.4651,2.4567,2.4587,4623792.6
2025-10-20 11:15:00+00:00,2.4587,2.4653,2.4578,2.463,3560821.2
2025-10-20 11:30:00+00:00,2.463,2.463,2.4511,2.4522,7425450.9
2025-10-20 11:45:00+00:00,2.4523,2.4592,2.4522,2.4567,4442299.7
2025-10-20 12:00:00+00:00,2.4567,2.4579,2.4461,2.448,7241755.7
2025-10-20 12:15:00+00:00,2.4481,2.4541,2.4461,2.4537,4602803.6
2025-10-20 12:30:00+00:00,2.4537,2.4544,2.4469,2.4488,3698818.1
2025-10-20 12:45:00+00:00,2.4489,2.4547,2.448,2.4519,2337682.8
2025-10-20 13:00:00+00:00,2.4519,2.4533,2.4469,2.4482,2641907.6
2025-10-20 13:15:00+00:00,2.4483,2.453,2.4475,2.4519,2215547.1
2025-10-20 13:30:00+00:00,2.4518,2.4604,2.4502,2.4563,6617497.1
2025-10-20 13:45:00+00:00,2.4563,2.4634,2.4559,2.4591,5115276.4
2025-10-20 14:00:00+00:00,2.4591,2.4615,2.45,2.4501,4177688.8
2025-10-20 14:15:00+00:00,2.4502,2.4645,2.4471,2.4635,9413947.9
2025-10-20 14:30:00+00:00,2.4635,2.4652,2.4572,2.4634,4084962.1
2025-10-20 14:45:00+00:00,2.4634,2.4708,2.463,2.4691,3735353.3
2025-10-20 15:00:00+00:00,2.4692,2.4843,2.4675,2.471,9979265.6
2025-10-20 15:15:00+00:00,2.4711,2.4772,2.4689,2.4716,5847835.0
2025-10-20 15:30:00+00:00,2.4716,2.4754,2.4656,2.4724,4296540.6
2025-10-20 15:45:00+00:00,2.4723,2.479,2.4613,2.4619,8678454.7
2025-10-20 16:00:00+00:00,2.4619,2.4668,2.4405,2.4591,21065552.3
2025-10-20 16:15:00+00:00,2.4592,2.4593,2.4462,2.4473,7250926.2
2025-10-20 16:30:00+00:00,2.4473,2.4483,2.4332,2.4345,14875941.6
2025-10-20 16:45:00+00:00,2.4345,2.448,2.4258,2.4439,14108675.6
2025-10-20 17:00:00+00:00,2.4438,2.457,2.4429,2.4452,7654823.1
2025-10-20 17:15:00+00:00,2.4451,2.4517,2.4402,2.4433,4105058.3
2025-10-20 17:30:00+00:00,2.4433,2.4469,2.4347,2.4388,9732052.0
2025-10-20 17:45:00+00:00,2.4387,2.4596,2.4386,2.4587,6779097.5
2025-10-20 18:00:00+00:00,2.4586,2.4655,2.4568,2.4579,5022655.8
2025-10-20 18:15:00+00:00,2.4579,2.4624,2.4542,2.4617,3556210.4
2025-10-20 18:30:00+00:00,2.4617,2.4692,2.4592,2.4688,4407743.0
2025-10-20 18:45:00+00:00,2.4689,2.4765,2.4656,2.4739,5291520.0
2025-10-20 19:00:00+00:00,2.4738,2.4858,2.4686,2.485,7728686.1
2025-10-20 19:15:00+00:00,2.4851,2.4856,2.471,2.4795,4809291.3
2025-10-20 19:30:00+00:00,2.4796,2.5222,2.4787,2.5184,21657671.7
2025-10-20 19:45:00+00:00,2.5185,2.5514,2.5185,2.522,37260213.0
2025-10-20 20:00:00+00:00,2.522,2.5279,2.5051,2.5266,22506255.8
2025-10-20 20:15:00+00:00,2.5265,2.5341,2.513,2.5152,11435178.2
2025-10-20 20:30:00+00:00,2.5152,2.519,2.5063,2.5189,8091150.6
2025-10-20 20:45:00+00:00,2.519,2.5331,2.5147,2.5313,8559780.7
2025-10-20 21:00:00+00:00,2.5312,2.5317,2.5103,2.5122,5927310.4
2025-10-20 21:15:00+00:00,2.5122,2.5133,2.5019,2.5043,4969878.2
2025-10-20 21:30:00+00:00,2.5043,2.5074,2.4929,2.4955,5585591.1
2025-10-20 21:45:00+00:00,2.4954,2.4955,2.4856,2.4908,4629560.9
2025-10-20 22:00:00+00:00,2.4908,2.4936,2.4818,2.4923,4930977.6
2025-10-20 22:15:00+00:00,2.4923,2.4983,2.4875,2.489,4076133.5
2025-10-20 22:30:00+00:00,2.489,2.5042,2.4881,2.5016,3304231.8
2025-10-20 22:45:00+00:00,2.5016,2.5016,2.4953,2.4968,2427360.1
2025-10-20 23:00:00+00:00,2.4969,2.4971,2.485,2.4881,4614582.8
2025-10-20 23:15:00+00:00,2.4882,2.492,2.4845,2.4919,2699308.9
2025-10-20 23:30:00+00:00,2.4919,2.4926,2.4858,2.4872,2938779.6
2025-10-20 23:45:00+00:00,2.4873,2.4956,2.4856,2.4936,2635383.6
2025-10-21 00:00:00+00:00,2.4937,2.4942,2.481,2.4834,6343723.4
2025-10-21 00:15:00+00:00,2.4833,2.4939,2.4833,2.4885,4099607.1
2025-10-21 00:30:00+00:00,2.4885,2.491,2.4822,2.4889,2434268.2
2025-10-21 00:45:00+00:00,2.4889,2.4922,2.4847,2.4847,3779683.3
2025-10-21 01:00:00+00:00,2.4847,2.4852,2.4726,2.4749,6967341.3
2025-10-21 01:15:00+00:00,2.4749,2.4816,2.4747,2.478,1761302.4
2025-10-21 01:30:00+00:00,2.478,2.4789,2.4701,2.4709,2727510.9
2025-10-21 01:45:00+00:00,2.4709,2.474,2.4621,2.4674,9549414.0
2025-10-21 02:00:00+00:00,2.4674,2.4688,2.4557,2.4633,9535962.3
2025-10-21 02:15:00+00:00,2.4632,2.4638,2.4527,2.4597,4880491.1
2025-10-21 02:30:00+00:00,2.4597,2.4635,2.4567,2.4567,4647946.9
2025-10-21 02:45:00+00:00,2.4567,2.4567,2.4479,2.4498,4676937.8
2025-10-21 03:00:00+00:00,2.4499,2.4546,2.4473,2.4509,3577917.0
2025-10-21 03:15:00+00:00,2.4509,2.4577,2.4485,2.4543,4219839.9
2025-10-21 03:30:00+00:00,2.4543,2.4612,2.4522,2.4584,3205453.7
2025-10-21 03:45:00+00:00,2.4585,2.4586,2.4474,2.4517,3205170.7
2025-10-21 04:00:00+00:00,2.4517,2.4528,2.4222,2.4308,24584704.0
2025-10-21 04:15:00+00:00,2.4309,2.4409,2.4254,2.4394,7372654.6
2025-10-21 04:30:00+00:00,2.4394,2.4401,2.4173,2.42,9126584.7
2025-10-21 04:45:00+00:00,2.4199,2.4288,2.4165,2.4228,8211582.1
2025-10-21 05:00:00+00:00,2.4228,2.4325,2.4217,2.4288,7463322.2
2025-10-21 05:15:00+00:00,2.4288,2.4338,2.42,2.4239,7148871.5
2025-10-21 05:30:00+00:00,2.424,2.4347,2.4229,2.4265,6596394.1
2025-10-21 05:45:00+00:00,2.4264,2.4307,2.4202,2.4229,3218378.1
2025-10-21 06:00:00+00:00,2.4229,2.424,2.411,2.4154,8354264.5
2025-10-21 06:15:00+00:00,2.4153,2.435,2.4135,2.4328,7812291.5
2025-10-21 06:30:00+00:00,2.4329,2.4362,2.428,2.4285,4871036.0
2025-10-21 06:45:00+00:00,2.4285,2.4331,2.4263,2.4302,3531599.9
2025-10-21 07:00:00+00:00,2.4302,2.4304,2.4162,2.4165,4822793.8
2025-10-21 07:15:00+00:00,2.4165,2.431,2.4165,2.4308,3925816.3
2025-10-21 07:30:00+00:00,2.4309,2.4343,2.4222,2.4224,3759439.8
2025-10-21 07:45:00+00:00,2.4223,2.4269,2.4205,2.4252,3423294.8
2025-10-21 08:00:00+00:00,2.4253,2.4253,2.4101,2.4123,5691874.6
2025-10-21 08:15:00+00:00,2.4122,2.4166,2.4062,2.4114,7325068.3
2025-10-21 08:30:00+00:00,2.4114,2.4116,2.4022,2.4044,7038417.1
2025-10-21 08:45:00+00:00,2.4044,2.4137,2.4003,2.4111,5775790.0
2025-10-21 09:00:00+00:00,2.4112,2.4113,2.4008,2.4068,3984018.5
2025-10-21 09:15:00+00:00,2.4068,2.4099,2.4034,2.4055,2673752.6
2025-10-21 09:30:00+00:00,2.4055,2.4074,2.4031,2.406,2802628.6
2025-10-21 09:45:00+00:00,2.406,2.4106,2.4054,2.4078,1922724.5
2025-10-21 10:00:00+00:00,2.4078,2.4159,2.4073,2.4105,4305484.3
2025-10-21 10:15:00+00:00,2.4106,2.4117,2.4032,2.4054,2669061.8
2025-10-21 10:30:00+00:00,2.4054,2.4186,2.4047,2.4096,7928031.8
2025-10-21 10:45:00+00:00,2.4096,2.4272,2.4096,2.4154,10899331.1
2025-10-21 11:00:00+00:00,2.4153,2.4163,2.4102,2.4151,5057299.7
2025-10-21 11:15:00+00:00,2.415,2.4232,2.4134,2.4195,3294784.3
2025-10-21 11:30:00+00:00,2.4194,2.426,2.4147,2.4224,5294232.5
2025-10-21 11:45:00+00:00,2.4225,2.4314,2.4225,2.4306,5079808.6
2025-10-21 12:00:00+00:00,2.4305,2.4322,2.4258,2.4262,3834904.4
2025-10-21 12:15:00+00:00,2.4262,2.4462,2.4261,2.4358,12278482.2
2025-10-21 12:30:00+00:00,2.4358,2.44,2.4274,2.4371,6180995.4
2025-10-21 12:45:00+00:00,2.4371,2.4379,2.4218,2.4233,6434144.0
2025-10-21 13:00:00+00:00,2.4234,2.4261,2.4084,2.4203,10378231.1
2025-10-21 13:15:00+00:00,2.4203,2.425,2.4167,2.4246,4764950.4
2025-10-21 13:30:00+00:00,2.4245,2.4307,2.4137,2.4189,8534024.5
2025-10-21 13:45:00+00:00,2.4188,2.4188,2.4059,2.4113,10941310.3
2025-10-21 14:00:00+00:00,2.4112,2.4433,2.4105,2.4424,17074303.3
2025-10-21 14:15:00+00:00,2.4424,2.4596,2.4358,2.4361,19063876.0
2025-10-21 14:30:00+00:00,2.4361,2.45,2.4356,2.446,7052168.5
2025-10-21 14:45:00+00:00,2.446,2.4869,2.4408,2.4851,19074005.9
2025-10-21 15:00:00+00:00,2.4852,2.504,2.4731,2.4943,29182970.1
2025-10-21 15:15:00+00:00,2.4944,2.522,2.49,2.5185,22378684.4
2025-10-21 15:30:00+00:00,2.5185,2.5299,2.5065,2.5293,20544742.6
2025-10-21 15:45:00+00:00,2.5293,2.5315,2.5128,2.5215,12780782.0
2025-10-21 16:00:00+00:00,2.5215,2.5235,2.5074,2.52,13060538.0
2025-10-21 16:15:00+00:00,2.5199,2.5211,2.5107,2.5158,7472949.8
2025-10-21 16:30:00+00:00,2.5159,2.5196,2.5048,2.5114,9883021.7
2025-10-21 16:45:00+00:00,2.5114,2.5208,2.4803,2.4864,23639835.0
2025-10-21 17:00:00+00:00,2.4864,2.5046,2.4826,2.4968,17276563.2
2025-10-21 17:15:00+00:00,2.4968,2.4986,2.4724,2.4954,19755786.7
2025-10-21 17:30:00+00:00,2.4954,2.5053,2.4923,2.5024,9406502.3
2025-10-21 17:45:00+00:00,2.5025,2.5047,2.4881,2.4919,6504627.0
2025-10-21 18:00:00+00:00,2.4919,2.4983,2.4778,2.4827,7666857.3
2025-10-21 18:15:00+00:00,2.4827,2.4883,2.4766,2.4808,5314180.0
2025-10-21 18:30:00+00:00,2.4809,2.4828,2.4715,2.4759,5466095.9
2025-10-21 18:45:00+00:00,2.476,2.4848,2.4755,2.4836,4428279.5
2025-10-21 19:00:00+00:00,2.4836,2.4953,2.4811,2.495,4275397.0
2025-10-21 19:15:00+00:00,2.495,2.5007,2.4878,2.4905,4615183.7
2025-10-21 19:30:00+00:00,2.4905,2.4957,2.4871,2.4906,3444279.2
2025-10-21 19:45:00+00:00,2.4906,2.4996,2.4895,2.4922,3353308.5
2025-10-21 20:00:00+00:00,2.4922,2.4965,2.478,2.4821,6144875.4
2025-10-21 20:15:00+00:00,2.4821,2.4832,2.4642,2.4762,12300411.6
2025-10-21 20:30:00+00:00,2.4763,2.4785,2.4682,2.4725,5477226.0
2025-10-21 20:45:00+00:00,2.4725,2.4774,2.4665,2.4735,3623774.9
2025-10-21 21:00:00+00:00,2.4734,2.4906,2.4715,2.4893,4538965.4
2025-10-21 21:15:00+00:00,2.4894,2.4912,2.45,2.4604,18304839.2
2025-10-21 21:30:00+00:00,2.4604,2.4784,2.4556,2.4781,7100843.7
2025-10-21 21:45:00+00:00,2.4781,2.4785,2.4697,2.4762,2978173.4
2025-10-21 22:00:00+00:00,2.4762,2.4764,2.4578,2.4629,5985007.1
2025-10-21 22:15:00+00:00,2.4629,2.4662,2.4435,2.4455,6553576.4
2025-10-21 22:30:00+00:00,2.4456,2.4505,2.4293,2.4408,17736507.0
2025-10-21 22:45:00+00:00,2.4407,2.4484,2.4383,2.4407,6405603.3
2025-10-21 23:00:00+00:00,2.4408,2.4468,2.4386,2.4442,4369699.9
2025-10-21 23:15:00+00:00,2.4442,2.4469,2.4357,2.4374,4159582.4
2025-10-21 23:30:00+00:00,2.4373,2.4374,2.4141,2.4189,11611196.1
2025-10-21 23:45:00+00:00,2.4189,2.4252,2.4147,2.4212,6050361.6
2025-10-22 00:00:00+00:00,2.4212,2.4328,2.4193,2.4325,6905673.3
2025-10-22 00:15:00+00:00,2.4325,2.4335,2.4124,2.415,6300503.2
2025-10-22 00:30:00+00:00,2.415,2.4251,2.4022,2.4098,15235663.6
2025-10-22 00:45:00+00:00,2.4099,2.4178,2.4087,2.4119,5523349.0
2025-10-22 01:00:00+00:00,2.4119,2.4283,2.4111,2.4251,6041440.7
2025-10-22 01:15:00+00:00,2.4251,2.4252,2.4134,2.4194,3851726.9
2025-10-22 01:30:00+00:00,2.4194,2.4203,2.412,2.4197,3520088.0
2025-10-22 01:45:00+00:00,2.4197,2.4273,2.4177,2.4236,5195192.4
2025-10-22 02:00:00+00:00,2.4236,2.4313,2.4207,2.4306,4264472.2
2025-10-22 02:15:00+00:00,2.4306,2.4306,2.4227,2.4292,2863730.9
2025-10-22 02:30:00+00:00,2.4293,2.4296,2.4226,2.4234,2075146.9
2025-10-22 02:45:00+00:00,2.4233,2.4253,2.4199,2.4225,2442793.0
2025-10-22 03:00:00+00:00,2.4226,2.4226,2.4088,2.4096,3583945.6
2025-10-22 03:15:00+00:00,2.4097,2.4183,2.4073,2.4164,4232046.0
2025-10-22 03:30:00+00:00,2.4164,2.4209,2.4106,2.4156,3401250.9
2025-10-22 03:45:00+00:00,2.4157,2.4214,2.4145,2.4191,1862637.5
2025-10-22 04:00:00+00:00,2.4192,2.4291,2.4178,2.4241,3602820.3
2025-10-22 04:15:00+00:00,2.4241,2.4279,2.4232,2.4251,2952687.5
2025-10-22 04:30:00+00:00,2.4252,2.4363,2.425,2.4335,4461903.2
2025-10-22 04:45:00+00:00,2.4335,2.4364,2.4303,2.4347,3317760.8
2025-10-22 05:00:00+00:00,2.4348,2.4348,2.4235,2.425,4920100.2
2025-10-22 05:15:00+00:00,2.4251,2.4263,2.3911,2.4014,29853282.1
2025-10-22 05:30:00+00:00,2.4013,2.4039,2.3883,2.3973,18874793.9
2025-10-22 05:45:00+00:00,2.3972,2.4044,2.3929,2.4043,6254759.8
2025-10-22 06:00:00+00:00,2.4044,2.4044,2.3987,2.4037,3526613.5
2025-10-22 06:15:00+00:00,2.4037,2.4074,2.3998,2.4026,4286698.9
2025-10-22 06:30:00+00:00,2.4026,2.4084,2.4023,2.405,4313378.7
2025-10-22 06:45:00+00:00,2.405,2.4074,2.4017,2.402,2560019.1
2025-10-22 07:00:00+00:00,2.402,2.4027,2.3902,2.3904,6910984.0
2025-10-22 07:15:00+00:00,2.3904,2.4027,2.3904,2.4015,5441790.0
2025-10-22 07:30:00+00:00,2.4016,2.4089,2.399,2.4052,3918551.3
2025-10-22 07:45:00+00:00,2.4052,2.4114,2.4022,2.4085,4509657.3
2025-10-22 08:00:00+00:00,2.4084,2.4084,2.3948,2.3955,3105070.6
2025-10-22 08:15:00+00:00,2.3955,2.4029,2.3951,2.4011,3518272.4
2025-10-22 08:30:00+00:00,2.4011,2.402,2.3949,2.4008,2604648.5
2025-10-22 08:45:00+00:00,2.4008,2.4036,2.3963,2.3969,2128662.1
2025-10-22 09:00:00+00:00,2.397,2.3995,2.3866,2.3876,5618867.2
2025-10-22 09:15:00+00:00,2.3877,2.3928,2.3828,2.3921,6797551.6
2025-10-22 09:30:00+00:00,2.392,2.3948,2.3779,2.3812,6145317.1
2025-10-22 09:45:00+00:00,2.3812,2.3868,2.3788,2.3833,4286770.4
2025-10-22 10:00:00+00:00,2.3833,2.3895,2.3787,2.388,4808841.8
2025-10-22 10:15:00+00:00,2.388,2.3908,2.3776,2.3792,6027655.5
2025-10-22 10:30:00+00:00,2.3792,2.3814,2.3753,2.3775,5154537.0
2025-10-22 10:45:00+00:00,2.3775,2.383,2.3761,2.3812,3365770.8
2025-10-22 11:00:00+00:00,2.3813,2.3983,2.3633,2.3967,26082397.8
2025-10-22 11:15:00+00:00,2.3966,2.4059,2.3925,2.3937,14801076.7
2025-10-22 11:30:00+00:00,2.3938,2.3995,2.3923,2.3933,4296206.6
2025-10-22 11:45:00+00:00,2.3933,2.3959,2.3865,2.3948,6060808.4
2025-10-22 12:00:00+00:00,2.3949,2.3991,2.3913,2.3964,4280416.4
2025-10-22 12:15:00+00:00,2.3963,2.4095,2.3963,2.4006,8090830.0
2025-10-22 12:30:00+00:00,2.4007,2.4062,2.3987,2.4015,5088952.5
2025-10-22 12:45:00+00:00,2.4015,2.4018,2.3937,2.3987,3665420.3
2025-10-22 13:00:00+00:00,2.3987,2.4087,2.3944,2.4067,4636579.6
2025-10-22 13:15:00+00:00,2.4067,2.4079,2.4016,2.403,5460808.3
2025-10-22 13:30:00+00:00,2.403,2.408,2.3911,2.3993,9448984.0
2025-10-22 13:45:00+00:00,2.3994,2.4117,2.3911,2.4071,12514677.1
2025-10-22 14:00:00+00:00,2.4071,2.4071,2.3828,2.3884,12736794.5
2025-10-22 14:15:00+00:00,2.3884,2.3928,2.3691,2.3741,16560786.4
2025-10-22 14:30:00+00:00,2.3742,2.3939,2.3655,2.3852,23967081.1
2025-10-22 14:45:00+00:00,2.3852,2.4093,2.3769,2.4093,19152399.7
2025-10-22 15:00:00+00:00,2.4093,2.416,2.395,2.3978,11178771.8
2025-10-22 15:15:00+00:00,2.3978,2.3984,2.38,2.3834,6875434.4
2025-10-22 15:30:00+00:00,2.3835,2.4028,2.3786,2.4005,7654451.7
2025-10-22 15:45:00+00:00,2.4005,2.406,2.3946,2.3994,3263147.8
2025-10-22 16:00:00+00:00,2.3994,2.4052,2.3901,2.3918,8329150.4
2025-10-22 16:15:00+00:00,2.3919,2.3983,2.3836,2.3953,7339302.8
2025-10-22 16:30:00+00:00,2.3954,2.4055,2.3782,2.3957,15019790.2
2025-10-22 16:45:00+00:00,2.3958,2.4025,2.3895,2.394,5702921.3
2025-10-22 17:00:00+00:00,2.3939,2.3984,2.3884,2.3945,3787951.1
2025-10-22 17:15:00+00:00,2.3946,2.3954,2.3876,2.3918,3198317.7
2025-10-22 17:30:00+00:00,2.3917,2.3989,2.3837,2.3858,3438432.9
2025-10-22 17:45:00+00:00,2.3858,2.3894,2.3748,2.3777,7763017.5
2025-10-22 18:00:00+00:00,2.3777,2.3849,2.3713,2.3724,6421801.6
2025-10-22 18:15:00+00:00,2.3723,2.3803,2.3658,2.3777,6805192.5
2025-10-22 18:30:00+00:00,2.3777,2.3808,2.3692,2.3724,5412671.7
2025-10-22 18:45:00+00:00,2.3723,2.3772,2.3699,2.3762,3535011.7
2025-10-22 19:00:00+00:00,2.3762,2.393,2.3733,2.3873,7057996.6
2025-10-22 19:15:00+00:00,2.3873,2.3951,2.3869,2.3872,3430570.6
2025-10-22 19:30:00+00:00,2.3872,2.3914,2.377,2.3771,4846470.8
2025-10-22 19:45:00+00:00,2.3772,2.3794,2.3529,2.3754,26108471.1
2025-10-22 20:00:00+00:00,2.3754,2.3795,2.371,2.3741,7751131.7
2025-10-22 20:15:00+00:00,2.3741,2.3741,2.3611,2.3622,5697150.6
2025-10-22 20:30:00+00:00,2.3622,2.3746,2.357,2.3723,5577678.8
2025-10-22 20:45:00+00:00,2.3723,2.3723,2.3597,2.3628,4686540.3
2025-10-22 21:00:00+00:00,2.3628,2.3628,2.3235,2.3434,35012774.1
2025-10-22 21:15:00+00:00,2.3434,2.3532,2.3356,2.336,10660823.2
2025-10-22 21:30:00+00:00,2.3359,2.3451,2.3351,2.3397,4983192.6
2025-10-22 21:45:00+00:00,2.3397,2.3482,2.3371,2.3401,4075903.3
2025-10-22 22:00:00+00:00,2.34,2.3534,2.338,2.348,5940527.0
2025-10-22 22:15:00+00:00,2.348,2.3489,2.3313,2.3331,4876839.1
2025-10-22 22:30:00+00:00,2.333,2.3423,2.3311,2.3396,4859510.0
2025-10-22 22:45:00+00:00,2.3395,2.3431,2.3332,2.3353,3160945.6
2025-10-22 23:00:00+00:00,2.3352,2.3495,2.3347,2.3487,4724244.4
2025-10-22 23:15:00+00:00,2.3486,2.3632,2.3482,2.3575,5953640.8
2025-10-22 23:30:00+00:00,2.3575,2.3675,2.3575,2.3606,5485786.1
2025-10-22 23:45:00+00:00,2.3606,2.3649,2.3602,2.3635,3112438.3
2025-10-23 00:00:00+00:00,2.3636,2.3685,2.362,2.3671,4320107.5
2025-10-23 00:15:00+00:00,2.3671,2.371,2.3606,2.3637,3095711.2
2025-10-23 00:30:00+00:00,2.3637,2.3709,2.3629,2.3644,1814987.7
2025-10-23 00:45:00+00:00,2.3645,2.3686,2.3616,2.3657,1959080.7
2025-10-23 01:00:00+00:00,2.3657,2.3751,2.3639,2.3718,4435696.3
2025-10-23 01:15:00+00:00,2.3719,2.3752,2.3623,2.3678,3988423.2
2025-10-23 01:30:00+00:00,2.3677,2.3737,2.366,2.3702,2373638.0
2025-10-23 01:45:00+00:00,2.3702,2.3717,2.3679,2.3691,1482470.8
2025-10-23 02:00:00+00:00,2.3692,2.3711,2.367,2.3705,1781592.6
2025-10-23 02:15:00+00:00,2.3705,2.3757,2.3704,2.3723,2083915.2
2025-10-23 02:30:00+00:00,2.3723,2.3758,2.3719,2.3736,2120337.8
2025-10-23 02:45:00+00:00,2.3737,2.375,2.3707,2.375,2233375.8
2025-10-23 03:00:00+00:00,2.3749,2.381,2.3739,2.3797,3727025.8
2025-10-23 03:15:00+00:00,2.3797,2.386,2.3788,2.3825,4526550.6
2025-10-23 03:30:00+00:00,2.3826,2.3834,2.3764,2.3766,2423393.1
2025-10-23 03:45:00+00:00,2.3767,2.3797,2.3739,2.3782,1919418.0
2025-10-23 04:00:00+00:00,2.3783,2.3816,2.376,2.377,2135853.2
2025-10-23 04:15:00+00:00,2.377,2.3844,2.3762,2.3827,2015004.5
2025-10-23 04:30:00+00:00,2.3827,2.3899,2.3792,2.3875,3540494.9
2025-10-23 04:45:00+00:00,2.3876,2.3885,2.3831,2.3842,1863652.9
2025-10-23 05:00:00+00:00,2.3842,2.3931,2.3841,2.3907,3657012.9
2025-10-23 05:15:00+00:00,2.3908,2.3908,2.387,2.389,2382394.4
2025-10-23 05:30:00+00:00,2.3891,2.3898,2.3869,2.3872,1869600.3
2025-10-23 05:45:00+00:00,2.3871,2.3942,2.386,2.393,2769679.9
2025-10-23 06:00:00+00:00,2.3931,2.3971,2.3921,2.3966,4677386.3
2025-10-23 06:15:00+00:00,2.3966,2.4163,2.3966,2.4084,15966601.6
2025-10-23 06:30:00+00:00,2.4084,2.4136,2.407,2.4109,4541425.7
2025-10-23 06:45:00+00:00,2.411,2.4184,2.4105,2.4153,6292942.5
2025-10-23 07:00:00+00:00,2.4153,2.4163,2.4053,2.4064,5985489.7
2025-10-23 07:15:00+00:00,2.4064,2.409,2.401,2.4047,4240108.6
2025-10-23 07:30:00+00:00,2.4048,2.4084,2.4009,2.4039,3839160.0
2025-10-23 07:45:00+00:00,2.4039,2.4093,2.4039,2.4065,4058486.7
2025-10-23 08:00:00+00:00,2.4066,2.415,2.4063,2.4135,4780472.9
2025-10-23 08:15:00+00:00,2.4135,2.4159,2.4093,2.414,2607394.6
2025-10-23 08:30:00+00:00,2.4139,2.4146,2.4097,2.4135,3240763.9
2025-10-23 08:45:00+00:00,2.4135,2.4166,2.4105,2.4133,2440309.1
2025-10-23 09:00:00+00:00,2.4132,2.4142,2.4069,2.408,3147653.3
2025-10-23 09:15:00+00:00,2.4081,2.412,2.4068,2.4101,2239338.6
2025-10-23 09:30:00+00:00,2.4101,2.4101,2.4064,2.4089,1586279.8
2025-10-23 09:45:00+00:00,2.4088,2.4113,2.4058,2.4103,1941931.4
2025-10-23 10:00:00+00:00,2.4104,2.4126,2.4071,2.4094,2455593.5
2025-10-23 10:15:00+00:00,2.4095,2.4136,2.4092,2.4109,2797218.4
2025-10-23 10:30:00+00:00,2.4109,2.4132,2.4084,2.4125,3253488.2
2025-10-23 10:45:00+00:00,2.4125,2.4131,2.409,2.4092,1658143.6
2025-10-23 11:00:00+00:00,2.4092,2.4092,2.4011,2.4021,3915589.3
2025-10-23 11:15:00+00:00,2.4021,2.4042,2.3984,2.4006,6133378.5
2025-10-23 11:30:00+00:00,2.4007,2.401,2.3918,2.3942,6173962.2
2025-10-23 11:45:00+00:00,2.3943,2.3945,2.3881,2.3901,3853815.4
2025-10-23 12:00:00+00:00,2.3901,2.3901,2.3732,2.3786,13363764.4
2025-10-23 12:15:00+00:00,2.3787,2.3868,2.377,2.3836,8015037.7
2025-10-23 12:30:00+00:00,2.3835,2.3849,2.3772,2.3846,4446786.0
2025-10-23 12:45:00+00:00,2.3847,2.3884,2.3811,2.3877,4982124.4
2025-10-23 13:00:00+00:00,2.3878,2.3916,2.3791,2.3909,4348186.3
2025-10-23 13:15:00+00:00,2.391,2.3985,2.3903,2.3968,5589174.8
2025-10-23 13:30:00+00:00,2.3967,2.4097,2.394,2.3982,12547620.0
2025-10-23 13:45:00+00:00,2.3982,2.4028,2.3933,2.397,4895351.9
2025-10-23 14:00:00+00:00,2.3971,2.399,2.3822,2.3841,6442212.0
2025-10-23 14:15:00+00:00,2.3842,2.3961,2.3804,2.3912,6989701.2
2025-10-23 14:30:00+00:00,2.3913,2.405,2.39,2.3988,4822128.9
2025-10-23 14:45:00+00:00,2.3988,2.4037,2.3963,2.4014,2949066.8
2025-10-23 15:00:00+00:00,2.4014,2.4176,2.3977,2.4111,9074593.5
2025-10-23 15:15:00+00:00,2.4111,2.4137,2.4004,2.4097,4991396.3
2025-10-23 15:30:00+00:00,2.4096,2.4185,2.4044,2.4063,5860052.4
2025-10-23 15:45:00+00:00,2.4062,2.414,2.4046,2.4072,4189924.1
2025-10-23 16:00:00+00:00,2.4072,2.4108,2.4007,2.4056,3903393.9
2025-10-23 16:15:00+00:00,2.4056,2.4085,2.3945,2.3959,4385919.7
2025-10-23 16:30:00+00:00,2.3959,2.3994,2.3915,2.3953,3808341.4
2025-10-23 16:45:00+00:00,2.3953,2.4156,2.3952,2.4097,7018736.6
2025-10-23 17:00:00+00:00,2.4097,2.4102,2.3952,2.3981,7485330.7
2025-10-23 17:15:00+00:00,2.398,2.4038,2.3965,2.4007,2728179.9
2025-10-23 17:30:00+00:00,2.4007,2.4211,2.3999,2.4144,9642407.7
2025-10-23 17:45:00+00:00,2.4145,2.4248,2.4143,2.4197,5808797.0
2025-10-23 18:00:00+00:00,2.4197,2.421,2.4075,2.4087,4027866.8
2025-10-23 18:15:00+00:00,2.4087,2.4099,2.4032,2.4044,4066490.8
2025-10-23 18:30:00+00:00,2.4045,2.4045,2.3985,2.4023,3101153.5
2025-10-23 18:45:00+00:00,2.4024,2.4048,2.3973,2.4012,3561263.8
2025-10-23 19:00:00+00:00,2.4013,2.4018,2.3906,2.3978,5081541.1
2025-10-23 19:15:00+00:00,2.3978,2.4048,2.3925,2.4037,2834123.1
2025-10-23 19:30:00+00:00,2.4038,2.4066,2.3983,2.4036,2275855.0
2025-10-23 19:45:00+00:00,2.4037,2.4088,2.4022,2.4053,3630869.1
2025-10-23 20:00:00+00:00,2.4053,2.4055,2.3913,2.3992,8779860.9
2025-10-23 20:15:00+00:00,2.3992,2.4004,2.3966,2.3997,1499376.3
2025-10-23 20:30:00+00:00,2.3997,2.4035,2.3952,2.3973,2533875.8
2025-10-23 20:45:00+00:00,2.3973,2.3997,2.3759,2.3841,7729460.0
2025-10-23 21:00:00+00:00,2.3842,2.3906,2.3797,2.3838,4471207.5
2025-10-23 21:15:00+00:00,2.3839,2.3869,2.3822,2.3836,2209169.2
2025-10-23 21:30:00+00:00,2.3836,2.3859,2.3799,2.3848,2118850.7
2025-10-23 21:45:00+00:00,2.3847,2.3863,2.3839,2.3852,1398459.0
2025-10-23 22:00:00+00:00,2.3851,2.3884,2.3811,2.3868,4557703.4
2025-10-23 22:15:00+00:00,2.3869,2.3903,2.3841,2.3894,2410644.3
2025-10-23 22:30:00+00:00,2.3895,2.397,2.3895,2.3923,4361064.9
2025-10-23 22:45:00+00:00,2.3923,2.3967,2.3913,2.3949,2724789.6
2025-10-23 23:00:00+00:00,2.395,2.395,2.3881,2.3927,3110782.6
2025-10-23 23:15:00+00:00,2.3927,2.3966,2.3897,2.3943,1616761.7
2025-10-23 23:30:00+00:00,2.3942,2.3952,2.3916,2.3916,1552144.8
2025-10-23 23:45:00+00:00,2.3916,2.3946,2.3897,2.3936,3325044.6
2025-10-24 00:00:00+00:00,2.3936,2.3943,2.3861,2.3907,4737603.5
2025-10-24 00:15:00+00:00,2.3907,2.3935,2.3861,2.3878,3533899.4
2025-10-24 00:30:00+00:00,2.3878,2.3962,2.3875,2.3939,2741127.8
2025-10-24 00:45:00+00:00,2.394,2.4025,2.3938,2.3962,4014784.3
2025-10-24 01:00:00+00:00,2.3962,2.4003,2.3932,2.3953,2761047.8
2025-10-24 01:15:00+00:00,2.3953,2.396,2.3867,2.3884,2384190.5
2025-10-24 01:30:00+00:00,2.3885,2.3922,2.3851,2.3922,2925548.2
2025-10-24 01:45:00+00:00,2.3922,2.3969,2.3914,2.3961,2135952.3
2025-10-24 02:00:00+00:00,2.396,2.3963,2.3926,2.3947,1976788.3
2025-10-24 02:15:00+00:00,2.3946,2.3969,2.3895,2.3946,1467815.1
2025-10-24 02:30:00+00:00,2.3947,2.4003,2.3925,2.3996,2642021.3
2025-10-24 02:45:00+00:00,2.3996,2.4053,2.3991,2.4028,2799154.2
2025-10-24 03:00:00+00:00,2.4027,2.405,2.3999,2.4012,1785338.6
2025-10-24 03:15:00+00:00,2.4012,2.409,2.3984,2.4062,2105830.5
2025-10-24 03:30:00+00:00,2.4062,2.4068,2.4001,2.4045,2084045.9
2025-10-24 03:45:00+00:00,2.4045,2.4079,2.4027,2.4052,1746563.8
2025-10-24 04:00:00+00:00,2.4052,2.4115,2.4026,2.4106,2468558.3
2025-10-24 04:15:00+00:00,2.4105,2.4174,2.4065,2.4163,4391910.1
2025-10-24 04:30:00+00:00,2.4163,2.4311,2.4162,2.4255,10355462.1
2025-10-24 04:45:00+00:00,2.4254,2.4328,2.4239,2.4285,4498094.3
2025-10-24 05:00:00+00:00,2.4285,2.4327,2.4261,2.4296,6081382.3
2025-10-24 05:15:00+00:00,2.4295,2.4404,2.4295,2.4376,4954506.2
2025-10-24 05:30:00+00:00,2.4376,2.444,2.4336,2.4384,5203553.9
2025-10-24 05:45:00+00:00,2.4384,2.444,2.437,2.4406,3960855.9
2025-10-24 06:00:00+00:00,2.4407,2.443,2.4357,2.4363,3705417.1
2025-10-24 06:15:00+00:00,2.4364,2.4393,2.4317,2.4375,4113448.7
2025-10-24 06:30:00+00:00,2.4376,2.4398,2.4363,2.4397,2530529.5
2025-10-24 06:45:00+00:00,2.4396,2.4475,2.4373,2.444,4213251.9
2025-10-24 07:00:00+00:00,2.444,2.4458,2.4377,2.4382,3548748.8
2025-10-24 07:15:00+00:00,2.4382,2.4414,2.4362,2.441,2834004.8
2025-10-24 07:30:00+00:00,2.441,2.4415,2.4307,2.4342,4263748.7
2025-10-24 07:45:00+00:00,2.4342,2.4395,2.4279,2.4395,6570084.0
2025-10-24 08:00:00+00:00,2.4394,2.446,2.4334,2.4434,4723866.3
2025-10-24 08:15:00+00:00,2.4433,2.446,2.4397,2.4397,2852659.4
2025-10-24 08:30:00+00:00,2.4397,2.4538,2.4369,2.4537,5263467.5
2025-10-24 08:45:00+00:00,2.4537,2.4541,2.4474,2.4494,6149887.7
2025-10-24 09:00:00+00:00,2.4493,2.4559,2.4473,2.4542,3883895.8
2025-10-24 09:15:00+00:00,2.4542,2.4616,2.452,2.4591,5199218.6
2025-10-24 09:30:00+00:00,2.4592,2.4632,2.4537,2.4563,4248059.9
2025-10-24 09:45:00+00:00,2.4564,2.4589,2.4514,2.4539,4830308.5
2025-10-24 10:00:00+00:00,2.4539,2.4593,2.4514,2.455,3176937.3
2025-10-24 10:15:00+00:00,2.4549,2.455,2.4441,2.4471,5507692.3
2025-10-24 10:30:00+00:00,2.4472,2.4518,2.4467,2.4509,3130156.4
2025-10-24 10:45:00+00:00,2.451,2.4529,2.446,2.4469,2496646.7
2025-10-24 11:00:00+00:00,2.447,2.4489,2.4449,2.4476,2352784.0
2025-10-24 11:15:00+00:00,2.4475,2.4498,2.4369,2.4416,6971685.6
2025-10-24 11:30:00+00:00,2.4416,2.445,2.432,2.4444,7807408.2
2025-10-24 11:45:00+00:00,2.4444,2.4553,2.4425,2.4546,5095170.9
2025-10-24 12:00:00+00:00,2.4547,2.4649,2.4546,2.4639,6173855.7
2025-10-24 12:15:00+00:00,2.4638,2.4647,2.4576,2.4588,5352340.0
2025-10-24 12:30:00+00:00,2.4588,2.5008,2.457,2.4822,38213981.5
2025-10-24 12:45:00+00:00,2.4823,2.4837,2.4694,2.4794,9023961.2
2025-10-24 13:00:00+00:00,2.4794,2.4887,2.4729,2.4857,6721476.1
2025-10-24 13:15:00+00:00,2.4858,2.4994,2.4837,2.495,9399426.4
2025-10-24 13:30:00+00:00,2.495,2.5105,2.491,2.4955,21982638.7
2025-10-24 13:45:00+00:00,2.4954,2.5136,2.4811,2.5127,24131298.2
2025-10-24 14:00:00+00:00,2.5126,2.5127,2.4904,2.4945,15136790.9
2025-10-24 14:15:00+00:00,2.4945,2.4963,2.4718,2.4794,19730477.2
2025-10-24 14:30:00+00:00,2.4793,2.4831,2.4683,2.4813,10824798.6
2025-10-24 14:45:00+00:00,2.4814,2.4828,2.4681,2.474,7496363.5
2025-10-24 15:00:00+00:00,2.474,2.4885,2.4688,2.4843,8842784.4
2025-10-24 15:15:00+00:00,2.4842,2.4991,2.4837,2.4886,8836218.1
2025-10-24 15:30:00+00:00,2.4887,2.4896,2.4766,2.4801,5092875.6
2025-10-24 15:45:00+00:00,2.48,2.48,2.4712,2.4785,6236183.1
2025-10-24 16:00:00+00:00,2.4785,2.4832,2.4706,2.4798,5310422.1
2025-10-24 16:15:00+00:00,2.4798,2.4872,2.4706,2.4746,5786706.2
2025-10-24 16:30:00+00:00,2.4747,2.4748,2.4594,2.4633,8727651.9
2025-10-24 16:45:00+00:00,2.4633,2.4787,2.4614,2.4786,3900818.2
2025-10-24 17:00:00+00:00,2.4787,2.4884,2.4774,2.4814,6355314.9
2025-10-24 17:15:00+00:00,2.4813,2.4899,2.4804,2.4889,3883979.7
2025-10-24 17:30:00+00:00,2.4889,2.4891,2.4817,2.4823,3056349.3
2025-10-24 17:45:00+00:00,2.4823,2.4861,2.4731,2.4733,3793864.1
2025-10-24 18:00:00+00:00,2.4734,2.4779,2.47,2.4756,4159162.4
2025-10-24 18:15:00+00:00,2.4756,2.48,2.474,2.4773,3194078.9
2025-10-24 18:30:00+00:00,2.4772,2.4831,2.4716,2.4772,3900869.2
2025-10-24 18:45:00+00:00,2.4772,2.4918,2.4752,2.4898,5994535.1
2025-10-24 19:00:00+00:00,2.4898,2.5098,2.4893,2.5012,12416841.1
2025-10-24 19:15:00+00:00,2.5013,2.505,2.4967,2.5009,4625126.1
2025-10-24 19:30:00+00:00,2.5009,2.5042,2.4944,2.5015,4561199.8
2025-10-24 19:45:00+00:00,2.5015,2.5131,2.4963,2.499,19845086.8
2025-10-24 20:00:00+00:00,2.4989,2.5094,2.4973,2.507,6146512.3
2025-10-24 20:15:00+00:00,2.507,2.5107,2.5041,2.5049,4131179.4
2025-10-24 20:30:00+00:00,2.505,2.5094,2.4991,2.5043,4613781.6
2025-10-24 20:45:00+00:00,2.5042,2.5147,2.5024,2.5131,7410340.9
2025-10-24 21:00:00+00:00,2.513,2.5144,2.4973,2.4975,4415607.5
2025-10-24 21:15:00+00:00,2.4974,2.507,2.4954,2.499,4370833.6
2025-10-24 21:30:00+00:00,2.499,2.5064,2.4987,2.5063,1895987.4
2025-10-24 21:45:00+00:00,2.5063,2.509,2.5039,2.5061,1976611.2
2025-10-24 22:00:00+00:00,2.5062,2.5062,2.4964,2.4991,4913511.2
2025-10-24 22:15:00+00:00,2.4992,2.5027,2.4971,2.502,2631581.1
2025-10-24 22:30:00+00:00,2.5021,2.5132,2.5005,2.5085,5495677.8
2025-10-24 22:45:00+00:00,2.5085,2.5109,2.5059,2.5097,2238750.8
2025-10-24 23:00:00+00:00,2.5098,2.5098,2.504,2.5062,2035715.5
2025-10-24 23:15:00+00:00,2.5062,2.5094,2.5016,2.5074,2092008.7
2025-10-24 23:30:00+00:00,2.5073,2.5086,2.5012,2.5019,2027006.7
2025-10-24 23:45:00+00:00,2.5019,2.51,2.5019,2.5093,2021875.7
2025-10-25 00:00:00+00:00,2.5094,2.5106,2.5041,2.5076,4738329.3
2025-10-25 00:15:00+00:00,2.5075,2.5132,2.502,2.5105,4405076.7
2025-10-25 00:30:00+00:00,2.5106,2.5241,2.5055,2.5206,9338746.9
2025-10-25 00:45:00+00:00,2.5207,2.5375,2.5142,2.5245,16717479.1
2025-10-25 01:00:00+00:00,2.5245,2.5408,2.5196,2.54,8208192.4
2025-10-25 01:15:00+00:00,2.5401,2.5564,2.5295,2.5549,13854505.5
2025-10-25 01:30:00+00:00,2.5549,2.56,2.5359,2.5362,11338629.4
2025-10-25 01:45:00+00:00,2.5362,2.5458,2.5354,2.5452,4133180.2
2025-10-25 02:00:00+00:00,2.5451,2.5505,2.5393,2.5403,3567511.7
2025-10-25 02:15:00+00:00,2.5403,2.5487,2.5396,2.5402,3657298.7
2025-10-25 02:30:00+00:00,2.5402,2.5435,2.5357,2.5371,2732553.6
2025-10-25 02:45:00+00:00,2.5371,2.5477,2.5353,2.5454,3004582.5
2025-10-25 03:00:00+00:00,2.5454,2.5467,2.5312,2.5366,5150350.0
2025-10-25 03:15:00+00:00,2.5366,2.542,2.5322,2.5335,3256445.9
2025-10-25 03:30:00+00:00,2.5335,2.5375,2.5317,2.537,1866077.3
2025-10-25 03:45:00+00:00,2.537,2.5413,2.5358,2.5392,2780661.2
2025-10-25 04:00:00+00:00,2.5392,2.5554,2.5383,2.5551,4942180.5
2025-10-25 04:15:00+00:00,2.5552,2.5683,2.5518,2.5589,7474075.2
2025-10-25 04:30:00+00:00,2.5589,2.5635,2.547,2.5525,6391012.5
2025-10-25 04:45:00+00:00,2.5525,2.57,2.5508,2.5595,6754558.2
2025-10-25 05:00:00+00:00,2.5594,2.5647,2.5482,2.5525,4920047.6
2025-10-25 05:15:00+00:00,2.5525,2.5628,2.5485,2.5601,4368365.1
2025-10-25 05:30:00+00:00,2.5602,2.5629,2.5567,2.5599,3014034.2
2025-10-25 05:45:00+00:00,2.56,2.562,2.5515,2.5562,2783695.1
2025-10-25 06:00:00+00:00,2.5562,2.561,2.5468,2.5518,4455811.8
2025-10-25 06:15:00+00:00,2.5519,2.5561,2.5489,2.5503,2419754.3
2025-10-25 06:30:00+00:00,2.5502,2.5504,2.5378,2.5399,6071631.4
2025-10-25 06:45:00+00:00,2.5399,2.5415,2.5358,2.5374,3795226.3
2025-10-25 07:00:00+00:00,2.5373,2.5414,2.5364,2.5408,3506791.8
2025-10-25 07:15:00+00:00,2.5407,2.5469,2.5407,2.5434,3656240.7
2025-10-25 07:30:00+00:00,2.5434,2.5496,2.5395,2.5433,3993579.1
2025-10-25 07:45:00+00:00,2.5433,2.5446,2.5393,2.5416,2249856.0
2025-10-25 08:00:00+00:00,2.5415,2.545,2.5401,2.544,2473268.8
2025-10-25 08:15:00+00:00,2.544,2.5527,2.5437,2.5516,3449635.5
2025-10-25 08:30:00+00:00,2.5516,2.5516,2.5417,2.5427,2613531.1
2025-10-25 08:45:00+00:00,2.5428,2.5469,2.5417,2.5435,1989583.2
2025-10-25 09:00:00+00:00,2.5435,2.5464,2.5402,2.5449,2855700.4
2025-10-25 09:15:00+00:00,2.5449,2.5449,2.5386,2.5398,2357000.7
2025-10-25 09:30:00+00:00,2.5397,2.5455,2.5381,2.5439,2165957.7
2025-10-25 09:45:00+00:00,2.5438,2.5439,2.5328,2.5387,4369858.3
2025-10-25 10:00:00+00:00,2.5386,2.5416,2.5312,2.532,3743929.8
2025-10-25 10:15:00+00:00,2.532,2.5345,2.5264,2.5284,8713960.0
2025-10-25 10:30:00+00:00,2.5283,2.5449,2.5279,2.5427,5476172.1
2025-10-25 10:45:00+00:00,2.5427,2.5611,2.5425,2.5499,10384585.3
2025-10-25 11:00:00+00:00,2.5499,2.5572,2.548,2.5525,3516930.4
2025-10-25 11:15:00+00:00,2.5525,2.565,2.5525,2.5633,4850086.7
2025-10-25 11:30:00+00:00,2.5634,2.564,2.556,2.5592,4376677.4
2025-10-25 11:45:00+00:00,2.5591,2.5699,2.5551,2.5631,6037723.0
2025-10-25 12:00:00+00:00,2.563,2.566,2.5597,2.5636,3694464.1
2025-10-25 12:15:00+00:00,2.5636,2.5695,2.5589,2.5668,4348544.3
2025-10-25 12:30:00+00:00,2.567,2.5854,2.5649,2.5737,14880681.3
2025-10-25 12:45:00+00:00,2.5737,2.5843,2.5728,2.5786,8895782.2
2025-10-25 13:00:00+00:00,2.5786,2.5835,2.5717,2.572,6995192.0
2025-10-25 13:15:00+00:00,2.572,2.5834,2.5699,2.5809,6318143.3
2025-10-25 13:30:00+00:00,2.5808,2.5813,2.5734,2.5779,4875794.4
2025-10-25 13:45:00+00:00,2.5779,2.5994,2.5773,2.5964,13211027.5
2025-10-25 14:00:00+00:00,2.5963,2.6055,2.5899,2.6012,10792977.6
2025-10-25 14:15:00+00:00,2.6013,2.6071,2.5942,2.598,8049044.0
2025-10-25 14:30:00+00:00,2.5979,2.6193,2.5947,2.6128,13781573.0
2025-10-25 14:45:00+00:00,2.6127,2.6166,2.6033,2.6119,7189712.1
2025-10-25 15:00:00+00:00,2.6119,2.6119,2.5993,2.6059,7946793.8
2025-10-25 15:15:00+00:00,2.6058,2.6124,2.604,2.608,4576760.1
2025-10-25 15:30:00+00:00,2.608,2.6092,2.6003,2.6024,4631755.7
2025-10-25 15:45:00+00:00,2.6025,2.6057,2.5939,2.5965,7820900.3
2025-10-25 16:00:00+00:00,2.5966,2.6045,2.5955,2.6005,6074039.1
2025-10-25 16:15:00+00:00,2.6005,2.6059,2.5912,2.5929,3906513.5
2025-10-25 16:30:00+00:00,2.5929,2.5969,2.5917,2.5939,3422705.1
2025-10-25 16:45:00+00:00,2.5939,2.5941,2.5871,2.5887,6929637.6
2025-10-25 17:00:00+00:00,2.5887,2.5962,2.5875,2.5937,4555780.4
2025-10-25 17:15:00+00:00,2.5938,2.5949,2.5904,2.5917,1883368.7
2025-10-25 17:30:00+00:00,2.5918,2.5958,2.5906,2.5957,2170228.4
2025-10-25 17:45:00+00:00,2.5957,2.5994,2.5941,2.5973,3278409.3
2025-10-25 18:00:00+00:00,2.5972,2.6028,2.5937,2.5988,4403287.4
2025-10-25 18:15:00+00:00,2.5988,2.6084,2.5977,2.6084,3897801.8
2025-10-25 18:30:00+00:00,2.6084,2.6229,2.6058,2.6228,10237412.2
2025-10-25 18:45:00+00:00,2.6229,2.6445,2.6227,2.641,18488195.0
2025-10-25 19:00:00+00:00,2.641,2.6537,2.6329,2.6338,16834422.0
2025-10-25 19:15:00+00:00,2.6338,2.6345,2.6205,2.6205,9706283.1
2025-10-25 19:30:00+00:00,2.6206,2.6206,2.613,2.6135,7901257.0
2025-10-25 19:45:00+00:00,2.6136,2.6136,2.6031,2.6035,6190933.9
2025-10-25 20:00:00+00:00,2.6036,2.6151,2.6036,2.6112,8900498.1
2025-10-25 20:15:00+00:00,2.6112,2.617,2.6106,2.6149,3229778.8
2025-10-25 20:30:00+00:00,2.6149,2.616,2.6019,2.605,3921810.9
2025-10-25 20:45:00+00:00,2.6051,2.6116,2.5965,2.6003,5100672.8
2025-10-25 21:00:00+00:00,2.6002,2.6045,2.5988,2.602,3398806.6
2025-10-25 21:15:00+00:00,2.602,2.6071,2.6001,2.6062,2819177.4
2025-10-25 21:30:00+00:00,2.6061,2.6066,2.596,2.5967,2367295.4
2025-10-25 21:45:00+00:00,2.5967,2.6,2.5918,2.5964,3409586.5
2025-10-25 22:00:00+00:00,2.5964,2.5965,2.5882,2.591,4600426.1
2025-10-25 22:15:00+00:00,2.5909,2.5958,2.5906,2.5932,2732952.1
2025-10-25 22:30:00+00:00,2.5933,2.5959,2.5919,2.593,3154234.4
2025-10-25 22:45:00+00:00,2.593,2.6024,2.5914,2.5997,4329731.2
2025-10-25 23:00:00+00:00,2.5997,2.5997,2.5921,2.5968,3735451.5
2025-10-25 23:15:00+00:00,2.5967,2.6002,2.5928,2.5991,3075546.1
2025-10-25 23:30:00+00:00,2.5991,2.6004,2.5935,2.5939,3158956.9
2025-10-25 23:45:00+00:00,2.5939,2.5973,2.59,2.5947,4160250.1
2025-10-26 00:00:00+00:00,2.5947,2.6103,2.5911,2.6098,11296642.2
2025-10-26 00:15:00+00:00,2.6099,2.6219,2.6056,2.6207,8240304.0
2025-10-26 00:30:00+00:00,2.6207,2.6243,2.6129,2.6189,7281922.3
2025-10-26 00:45:00+00:00,2.6189,2.6271,2.6118,2.6173,6009854.8
2025-10-26 01:00:00+00:00,2.6173,2.6275,2.6156,2.618,6858615.1
2025-10-26 01:15:00+00:00,2.618,2.619,2.6077,2.6097,4541056.7
2025-10-26 01:30:00+00:00,2.6097,2.6216,2.6057,2.6173,3667468.2
2025-10-26 01:45:00+00:00,2.6174,2.62,2.6079,2.6166,5493832.2
2025-10-26 02:00:00+00:00,2.6166,2.6167,2.6044,2.6138,4734185.9
2025-10-26 02:15:00+00:00,2.6138,2.615,2.6076,2.6115,2292865.1
2025-10-26 02:30:00+00:00,2.6115,2.612,2.6025,2.6079,3427708.1
2025-10-26 02:45:00+00:00,2.608,2.608,2.5936,2.596,5637187.8
2025-10-26 03:00:00+00:00,2.596,2.602,2.5932,2.6001,4034627.4
2025-10-26 03:15:00+00:00,2.6,2.6128,2.5968,2.61,4460362.1
2025-10-26 03:30:00+00:00,2.61,2.6124,2.6014,2.6025,2737982.5
2025-10-26 03:45:00+00:00,2.6025,2.6026,2.5978,2.6005,2425653.1
2025-10-26 04:00:00+00:00,2.6005,2.6079,2.598,2.607,1921817.4
2025-10-26 04:15:00+00:00,2.6071,2.6107,2.6026,2.6094,2213950.5
2025-10-26 04:30:00+00:00,2.6094,2.6163,2.6089,2.6114,2696042.9
2025-10-26 04:45:00+00:00,2.6114,2.6121,2.6072,2.6088,2551159.6
2025-10-26 05:00:00+00:00,2.6088,2.6089,2.6038,2.6075,2493754.8
2025-10-26 05:15:00+00:00,2.6075,2.6128,2.6058,2.6118,2077649.8
2025-10-26 05:30:00+00:00,2.6118,2.6165,2.6117,2.6156,2135671.9
2025-10-26 05:45:00+00:00,2.6156,2.6179,2.6117,2.6135,2753718.0
2025-10-26 06:00:00+00:00,2.6135,2.616,2.6101,2.6122,2113042.2
2025-10-26 06:15:00+00:00,2.6122,2.6199,2.6102,2.6196,2445965.4
2025-10-26 06:30:00+00:00,2.6196,2.6213,2.6166,2.6193,2250958.9
2025-10-26 06:45:00+00:00,2.6192,2.6259,2.6171,2.6252,2253762.5
2025-10-26 07:00:00+00:00,2.6253,2.6253,2.6207,2.6233,2565819.5
2025-10-26 07:15:00+00:00,2.6233,2.625,2.618,2.6222,2246855.4
2025-10-26 07:30:00+00:00,2.6222,2.623,2.6175,2.6199,2953432.7
2025-10-26 07:45:00+00:00,2.6199,2.6246,2.6199,2.6228,2229605.3
2025-10-26 08:00:00+00:00,2.6229,2.6246,2.6183,2.6185,2575517.2
2025-10-26 08:15:00+00:00,2.6186,2.629,2.6163,2.6285,4785083.4
2025-10-26 08:30:00+00:00,2.6285,2.6373,2.6234,2.6343,5943027.2
2025-10-26 08:45:00+00:00,2.6342,2.635,2.6301,2.6319,3596780.9
2025-10-26 09:00:00+00:00,2.6319,2.6437,2.6318,2.6396,7581840.3
2025-10-26 09:15:00+00:00,2.6397,2.6601,2.6389,2.6575,14704244.5
2025-10-26 09:30:00+00:00,2.6575,2.6618,2.6471,2.6506,13883904.4
2025-10-26 09:45:00+00:00,2.6506,2.6511,2.6385,2.645,9025095.7
2025-10-26 10:00:00+00:00,2.645,2.6465,2.6325,2.6363,7280816.3
2025-10-26 10:15:00+00:00,2.6363,2.6415,2.6323,2.6351,4096090.0
2025-10-26 10:30:00+00:00,2.6351,2.6353,2.626,2.6299,5271715.7
2025-10-26 10:45:00+00:00,2.6299,2.6311,2.6267,2.6286,3416975.2
2025-10-26 11:00:00+00:00,2.6287,2.6314,2.6173,2.624,7030637.6
2025-10-26 11:15:00+00:00,2.6241,2.6328,2.6233,2.632,4919401.8
2025-10-26 11:30:00+00:00,2.632,2.6498,2.6304,2.6471,10483172.4
2025-10-26 11:45:00+00:00,2.6471,2.6519,2.6395,2.645,8834291.7
2025-10-26 12:00:00+00:00,2.645,2.655,2.6426,2.6475,8947387.2
2025-10-26 12:15:00+00:00,2.6476,2.6525,2.634,2.6392,8138539.6
2025-10-26 12:30:00+00:00,2.6391,2.6411,2.6317,2.6323,5085275.2
2025-10-26 12:45:00+00:00,2.6323,2.643,2.6323,2.6371,4894677.6
2025-10-26 13:00:00+00:00,2.6372,2.6495,2.6372,2.6463,6574572.8
2025-10-26 13:15:00+00:00,2.6464,2.6511,2.6402,2.647,5010601.3
2025-10-26 13:30:00+00:00,2.6471,2.6494,2.6438,2.6452,5239554.8
2025-10-26 13:45:00+00:00,2.6453,2.6478,2.6378,2.6407,6691060.1
2025-10-26 14:00:00+00:00,2.6408,2.6409,2.635,2.6378,4124617.0
2025-10-26 14:15:00+00:00,2.6379,2.6388,2.6282,2.6309,5558066.3
2025-10-26 14:30:00+00:00,2.631,2.6431,2.6308,2.6429,5756846.4
2025-10-26 14:45:00+00:00,2.6429,2.6437,2.6348,2.6368,3397250.1
2025-10-26 15:00:00+00:00,2.6367,2.645,2.6322,2.6418,6481449.1
2025-10-26 15:15:00+00:00,2.6418,2.6446,2.636,2.641,3604698.3
2025-10-26 15:30:00+00:00,2.641,2.6451,2.6381,2.6395,2935682.6
2025-10-26 15:45:00+00:00,2.6395,2.6417,2.6358,2.6396,2013591.4
2025-10-26 16:00:00+00:00,2.6397,2.6404,2.6318,2.6351,3778143.8
2025-10-26 16:15:00+00:00,2.635,2.6354,2.6236,2.6239,11067372.0
2025-10-26 16:30:00+00:00,2.6239,2.6284,2.6185,2.6284,6935845.3
2025-10-26 16:45:00+00:00,2.6284,2.6287,2.6235,2.6254,2534040.1
2025-10-26 17:00:00+00:00,2.6254,2.6278,2.6237,2.6256,2299975.7
2025-10-26 17:15:00+00:00,2.6255,2.6287,2.6249,2.625,1870671.7
2025-10-26 17:30:00+00:00,2.6249,2.6273,2.6225,2.6233,1243660.8
2025-10-26 17:45:00+00:00,2.6232,2.6236,2.6205,2.6215,2708720.0
2025-10-26 18:00:00+00:00,2.6214,2.628,2.621,2.6268,3079115.8
2025-10-26 18:15:00+00:00,2.6268,2.6325,2.6222,2.6225,3468588.0
2025-10-26 18:30:00+00:00,2.6225,2.6277,2.6209,2.6239,2470316.6
2025-10-26 18:45:00+00:00,2.6239,2.626,2.6186,2.6192,3939719.1
2025-10-26 19:00:00+00:00,2.6192,2.6192,2.6103,2.6146,9811557.9
2025-10-26 19:15:00+00:00,2.6146,2.6151,2.608,2.6108,5072548.0
2025-10-26 19:30:00+00:00,2.6108,2.6138,2.6082,2.6134,4046065.0
2025-10-26 19:45:00+00:00,2.6134,2.6142,2.609,2.6136,2518808.1
2025-10-26 20:00:00+00:00,2.6136,2.6144,2.609,2.6103,2582146.3
2025-10-26 20:15:00+00:00,2.6102,2.6113,2.5957,2.6046,10808821.9
2025-10-26 20:30:00+00:00,2.6047,2.6154,2.6046,2.6143,3711780.7
2025-10-26 20:45:00+00:00,2.6142,2.6154,2.6079,2.6104,2303389.3
2025-10-26 21:00:00+00:00,2.6103,2.6257,2.61,2.6239,5224360.9
2025-10-26 21:15:00+00:00,2.6238,2.6239,2.61,2.6127,4607378.3
2025-10-26 21:30:00+00:00,2.6128,2.6292,2.6094,2.6192,4489127.2
2025-10-26 21:45:00+00:00,2.6192,2.6233,2.6167,2.6184,1879778.8
2025-10-26 22:00:00+00:00,2.6185,2.6628,2.6185,2.6435,28037462.4
2025-10-26 22:15:00+00:00,2.6434,2.6449,2.629,2.641,8003875.6
2025-10-26 22:30:00+00:00,2.641,2.6468,2.6371,2.642,5067875.4
2025-10-26 22:45:00+00:00,2.642,2.6598,2.6419,2.6512,8944294.4
2025-10-26 23:00:00+00:00,2.6513,2.6608,2.6491,2.6536,6719029.9
2025-10-26 23:15:00+00:00,2.6536,2.659,2.6492,2.6512,4592249.7
2025-10-26 23:30:00+00:00,2.6512,2.6574,2.6482,2.651,4459639.3
2025-10-26 23:45:00+00:00,2.6509,2.6535,2.6408,2.6449,5015859.3
2025-10-27 00:00:00+00:00,2.6449,2.6536,2.6353,2.6508,8803975.1
2025-10-27 00:15:00+00:00,2.6508,2.6581,2.647,2.6559,6286436.7
2025-10-27 00:30:00+00:00,2.6558,2.665,2.6536,2.6565,10795610.5
2025-10-27 00:45:00+00:00,2.6565,2.6565,2.6437,2.6471,7329917.5
2025-10-27 01:00:00+00:00,2.647,2.6539,2.6443,2.6537,3602168.4
2025-10-27 01:15:00+00:00,2.6537,2.6633,2.6493,2.6608,6010516.5
2025-10-27 01:30:00+00:00,2.6608,2.6699,2.6585,2.661,7418613.5
2025-10-27 01:45:00+00:00,2.661,2.667,2.6575,2.658,3680844.1
2025-10-27 02:00:00+00:00,2.6579,2.6685,2.6565,2.6614,4943808.0
2025-10-27 02:15:00+00:00,2.6614,2.668,2.6515,2.6529,7428042.0
2025-10-27 02:30:00+00:00,2.653,2.6541,2.6422,2.6525,9404464.7
2025-10-27 02:45:00+00:00,2.6526,2.6542,2.6412,2.6442,5318832.0
2025-10-27 03:00:00+00:00,2.6443,2.6476,2.6415,2.6448,4034233.6
2025-10-27 03:15:00+00:00,2.6448,2.648,2.6313,2.6338,7475166.9
2025-10-27 03:30:00+00:00,2.6338,2.6359,2.62,2.6259,9930922.1
2025-10-27 03:45:00+00:00,2.6259,2.6351,2.6253,2.6341,5292697.7
2025-10-27 04:00:00+00:00,2.6341,2.641,2.6326,2.6403,5397968.9
2025-10-27 04:15:00+00:00,2.6404,2.6447,2.6354,2.6442,4391425.6
2025-10-27 04:30:00+00:00,2.6443,2.6443,2.6378,2.6425,3133565.3
2025-10-27 04:45:00+00:00,2.6426,2.6485,2.6403,2.6456,2204238.3
2025-10-27 05:00:00+00:00,2.6456,2.6657,2.6437,2.6612,8731262.8
2025-10-27 05:15:00+00:00,2.6613,2.6747,2.6607,2.6626,12264315.0
2025-10-27 05:30:00+00:00,2.6626,2.6627,2.649,2.6509,6172862.1
2025-10-27 05:45:00+00:00,2.6509,2.6516,2.6399,2.6444,6464842.8
2025-10-27 06:00:00+00:00,2.6445,2.6454,2.6307,2.6372,10015419.8
2025-10-27 06:15:00+00:00,2.6373,2.6491,2.6354,2.649,4772579.2
2025-10-27 06:30:00+00:00,2.649,2.6563,2.6428,2.6489,4956835.9
2025-10-27 06:45:00+00:00,2.6489,2.6542,2.6466,2.65,4648414.0
2025-10-27 07:00:00+00:00,2.65,2.6583,2.6426,2.6448,4383877.2
2025-10-27 07:15:00+00:00,2.6449,2.6516,2.6438,2.6466,2461754.1
2025-10-27 07:30:00+00:00,2.6466,2.647,2.6244,2.6315,8695315.7
2025-10-27 07:45:00+00:00,2.6316,2.6369,2.6269,2.6292,4190489.3
2025-10-27 08:00:00+00:00,2.6292,2.6337,2.621,2.6216,6842754.4
2025-10-27 08:15:00+00:00,2.6217,2.6332,2.6113,2.6137,10281923.2
2025-10-27 08:30:00+00:00,2.6137,2.635,2.6137,2.6329,5633495.6
2025-10-27 08:45:00+00:00,2.6329,2.6347,2.6182,2.6234,6499785.7
2025-10-27 09:00:00+00:00,2.6234,2.6263,2.6078,2.6162,10647661.3
2025-10-27 09:15:00+00:00,2.6162,2.6189,2.6038,2.6092,9529525.4
2025-10-27 09:30:00+00:00,2.6093,2.6174,2.6058,2.6154,5618332.1
2025-10-27 09:45:00+00:00,2.6153,2.6153,2.6075,2.6117,3111108.4
2025-10-27 10:00:00+00:00,2.6117,2.6165,2.6066,2.6158,4376964.4
2025-10-27 10:15:00+00:00,2.6159,2.6212,2.6143,2.6144,4285224.4
2025-10-27 10:30:00+00:00,2.6144,2.6226,2.6104,2.621,4371289.5
2025-10-27 10:45:00+00:00,2.621,2.6276,2.6206,2.6232,5305479.7
2025-10-27 11:00:00+00:00,2.6231,2.6319,2.6228,2.6298,4916618.4
2025-10-27 11:15:00+00:00,2.6299,2.6329,2.6136,2.6217,7067316.8
2025-10-27 11:30:00+00:00,2.6217,2.6381,2.6198,2.6345,5777949.5
2025-10-27 11:45:00+00:00,2.6345,2.6356,2.6241,2.6248,3183252.4
2025-10-27 12:00:00+00:00,2.6248,2.6303,2.6188,2.6286,5604529.9
2025-10-27 12:15:00+00:00,2.6286,2.6287,2.6195,2.6269,4000597.5
2025-10-27 12:30:00+00:00,2.6268,2.6276,2.6158,2.6211,4953742.8
2025-10-27 12:45:00+00:00,2.621,2.6313,2.6192,2.6296,3950896.9
2025-10-27 13:00:00+00:00,2.6296,2.6424,2.6283,2.6358,9843762.0
2025-10-27 13:15:00+00:00,2.6359,2.6393,2.6302,2.632,4241563.4
2025-10-27 13:30:00+00:00,2.6321,2.6411,2.6056,2.6157,15967961.7
2025-10-27 13:45:00+00:00,2.6156,2.631,2.6116,2.6254,9369795.5
2025-10-27 14:00:00+00:00,2.6254,2.6267,2.6,2.6088,12022503.6
2025-10-27 14:15:00+00:00,2.6088,2.6265,2.6011,2.6226,10720175.7
2025-10-27 14:30:00+00:00,2.6226,2.6246,2.6124,2.6189,7135249.1
2025-10-27 14:45:00+00:00,2.6189,2.6272,2.6188,2.6262,4813782.5
2025-10-27 15:00:00+00:00,2.6261,2.6614,2.6256,2.6595,28773060.2
2025-10-27 15:15:00+00:00,2.6595,2.6645,2.6462,2.6605,10639998.7
2025-10-27 15:30:00+00:00,2.6605,2.6632,2.6527,2.6562,6898730.6
2025-10-27 15:45:00+00:00,2.6563,2.6616,2.6511,2.6601,6033417.1
2025-10-27 16:00:00+00:00,2.6601,2.6873,2.66,2.6745,23158121.6
2025-10-27 16:15:00+00:00,2.6745,2.6755,2.664,2.6671,9290503.6
2025-10-27 16:30:00+00:00,2.6672,2.6899,2.6659,2.6796,11400620.0
2025-10-27 16:45:00+00:00,2.6797,2.6868,2.6785,2.684,6697894.8
2025-10-27 17:00:00+00:00,2.6839,2.6888,2.6812,2.6843,7938993.7
2025-10-27 17:15:00+00:00,2.6843,2.6945,2.6764,2.6774,10951261.9
2025-10-27 17:30:00+00:00,2.6775,2.686,2.6761,2.6814,7001123.1
2025-10-27 17:45:00+00:00,2.6814,2.691,2.676,2.6901,4657070.2
2025-10-27 18:00:00+00:00,2.6901,2.6969,2.6828,2.692,8271891.1
2025-10-27 18:15:00+00:00,2.692,2.6938,2.6782,2.6809,5791977.1
2025-10-27 18:30:00+00:00,2.681,2.6942,2.6795,2.6918,6609148.9
2025-10-27 18:45:00+00:00,2.6918,2.694,2.6858,2.6879,5818805.5
2025-10-27 19:00:00+00:00,2.688,2.6889,2.6759,2.6879,7435354.7
2025-10-27 19:15:00+00:00,2.6878,2.6878,2.6722,2.6725,5333687.6
2025-10-27 19:30:00+00:00,2.6724,2.6729,2.6533,2.6669,16324166.4
2025-10-27 19:45:00+00:00,2.667,2.679,2.6642,2.668,12676306.8
2025-10-27 20:00:00+00:00,2.6681,2.6681,2.6427,2.6461,15462114.4
2025-10-27 20:15:00+00:00,2.6461,2.6558,2.6373,2.6408,8450560.1
2025-10-27 20:30:00+00:00,2.6408,2.6461,2.6357,2.6392,5873651.4
2025-10-27 20:45:00+00:00,2.6392,2.6438,2.625,2.6255,7073819.5
2025-10-27 21:00:00+00:00,2.6255,2.6359,2.6239,2.63,4779495.6
2025-10-27 21:15:00+00:00,2.6301,2.6413,2.6219,2.6257,7063505.7
2025-10-27 21:30:00+00:00,2.6257,2.6418,2.624,2.6395,4185821.3
2025-10-27 21:45:00+00:00,2.6395,2.6488,2.6314,2.6334,5829708.7
2025-10-27 22:00:00+00:00,2.6334,2.6472,2.6312,2.6454,4310583.3
2025-10-27 22:15:00+00:00,2.6454,2.6497,2.6429,2.6456,3235329.0
2025-10-27 22:30:00+00:00,2.6456,2.6456,2.6314,2.6321,3687642.5
2025-10-27 22:45:00+00:00,2.6321,2.6414,2.6296,2.6389,3540777.4
2025-10-27 23:00:00+00:00,2.6388,2.6413,2.6324,2.6385,3152569.5
2025-10-27 23:15:00+00:00,2.6386,2.6405,2.6307,2.6394,4667998.1
2025-10-27 23:30:00+00:00,2.6394,2.6462,2.6371,2.6383,3344007.7
2025-10-27 23:45:00+00:00,2.6383,2.6393,2.6292,2.6327,3567856.5
2025-10-28 00:00:00+00:00,2.6327,2.6397,2.6283,2.6351,5697683.4
2025-10-28 00:15:00+00:00,2.6351,2.6509,2.6337,2.6484,4765944.6
2025-10-28 00:30:00+00:00,2.6485,2.6485,2.6322,2.6396,5363881.8
2025-10-28 00:45:00+00:00,2.6396,2.6464,2.6326,2.6378,5966786.0
2025-10-28 01:00:00+00:00,2.6379,2.646,2.6378,2.6427,3763363.0
2025-10-28 01:15:00+00:00,2.6428,2.6472,2.6352,2.639,3712950.4
2025-10-28 01:30:00+00:00,2.639,2.6438,2.6316,2.6422,5730532.5
2025-10-28 01:45:00+00:00,2.6423,2.6436,2.6379,2.6395,3126703.3
2025-10-28 02:00:00+00:00,2.6396,2.6454,2.6284,2.6309,5364174.8
2025-10-28 02:15:00+00:00,2.631,2.6345,2.6203,2.6258,6391820.2
2025-10-28 02:30:00+00:00,2.6258,2.6298,2.6238,2.6259,2541695.5
2025-10-28 02:45:00+00:00,2.626,2.6284,2.6069,2.6264,10789791.1
2025-10-28 03:00:00+00:00,2.6263,2.6366,2.6186,2.6205,6877056.6
2025-10-28 03:15:00+00:00,2.6202,2.64,2.6202,2.6354,10346845.1
2025-10-28 03:30:00+00:00,2.6355,2.6374,2.624,2.6294,3093683.5
2025-10-28 03:45:00+00:00,2.6294,2.6334,2.625,2.6302,2465180.5
2025-10-28 04:00:00+00:00,2.6302,2.6316,2.6207,2.6306,3069453.7
2025-10-28 04:15:00+00:00,2.6306,2.6328,2.6262,2.6268,2365221.4
2025-10-28 04:30:00+00:00,2.6269,2.6307,2.6231,2.6245,3548588.7
2025-10-28 04:45:00+00:00,2.6246,2.6358,2.6241,2.631,3681577.8
2025-10-28 05:00:00+00:00,2.6309,2.6329,2.625,2.6266,3253694.9
2025-10-28 05:15:00+00:00,2.6266,2.6403,2.6242,2.6382,3424164.3
2025-10-28 05:30:00+00:00,2.6382,2.6388,2.6263,2.6264,4091839.6
2025-10-28 05:45:00+00:00,2.6263,2.6263,2.6163,2.6201,7578497.0
2025-10-28 06:00:00+00:00,2.6201,2.6237,2.6175,2.6215,4193339.4
2025-10-28 06:15:00+00:00,2.6215,2.6235,2.6145,2.617,3525870.7
2025-10-28 06:30:00+00:00,2.617,2.6385,2.6109,2.6364,8453035.7
2025-10-28 06:45:00+00:00,2.6364,2.6488,2.6358,2.6472,8775600.3
2025-10-28 07:00:00+00:00,2.6473,2.6618,2.642,2.6448,10139677.8
2025-10-28 07:15:00+00:00,2.6448,2.6508,2.6411,2.6442,5012874.4
2025-10-28 07:30:00+00:00,2.6442,2.6472,2.6389,2.6469,3793346.6
2025-10-28 07:45:00+00:00,2.6469,2.6485,2.6351,2.6368,2992049.2
2025-10-28 08:00:00+00:00,2.6369,2.6392,2.634,2.6375,3200534.5
2025-10-28 08:15:00+00:00,2.6375,2.6476,2.6375,2.6445,3502345.2
2025-10-28 08:30:00+00:00,2.6446,2.6598,2.6436,2.6573,6130454.1
2025-10-28 08:45:00+00:00,2.6572,2.661,2.6533,2.6545,4351793.2
2025-10-28 09:00:00+00:00,2.6545,2.6603,2.6477,2.651,4571781.5
2025-10-28 09:15:00+00:00,2.651,2.6543,2.6446,2.6453,2902159.7
2025-10-28 09:30:00+00:00,2.6453,2.6597,2.6451,2.6584,2858767.0
2025-10-28 09:45:00+00:00,2.6584,2.6667,2.6584,2.6655,5240915.7
2025-10-28 10:00:00+00:00,2.6654,2.6672,2.6601,2.6633,4398276.6
2025-10-28 10:15:00+00:00,2.6633,2.6635,2.6553,2.6596,3878785.8
2025-10-28 10:30:00+00:00,2.6597,2.6597,2.653,2.6552,3370724.1
2025-10-28 10:45:00+00:00,2.6552,2.6578,2.653,2.657,2518267.6
2025-10-28 11:00:00+00:00,2.657,2.657,2.6437,2.645,4457233.6
2025-10-28 11:15:00+00:00,2.6451,2.6512,2.6423,2.6454,3611599.1
2025-10-28 11:30:00+00:00,2.6455,2.6522,2.6422,2.6433,3462581.1
2025-10-28 11:45:00+00:00,2.6434,2.6434,2.6367,2.6401,3809492.4
2025-10-28 12:00:00+00:00,2.6401,2.6461,2.6387,2.6455,3967325.5
2025-10-28 12:15:00+00:00,2.6455,2.6474,2.6417,2.6447,2845375.5
2025-10-28 12:30:00+00:00,2.6447,2.6571,2.6444,2.6551,5123138.9
2025-10-28 12:45:00+00:00,2.655,2.6644,2.6549,2.6623,8332537.2
2025-10-28 13:00:00+00:00,2.6623,2.6878,2.6621,2.6803,21135453.9
2025-10-28 13:15:00+00:00,2.6803,2.6861,2.6745,2.6757,7359804.1
2025-10-28 13:30:00+00:00,2.6758,2.6778,2.6629,2.6727,11386104.4
2025-10-28 13:45:00+00:00,2.6727,2.6763,2.6594,2.6638,9383836.6
2025-10-28 14:00:00+00:00,2.6638,2.6651,2.6524,2.6566,8625537.5
2025-10-28 14:15:00+00:00,2.6567,2.6662,2.6485,2.6524,10875320.1
2025-10-28 14:30:00+00:00,2.6524,2.6543,2.6178,2.6225,27286558.8
2025-10-28 14:45:00+00:00,2.6224,2.6348,2.6012,2.6298,24331542.3
2025-10-28 15:00:00+00:00,2.6299,2.6372,2.6291,2.6352,8753598.9
2025-10-28 15:15:00+00:00,2.6352,2.6353,2.6251,2.628,7360009.6
2025-10-28 15:30:00+00:00,2.6279,2.6472,2.6224,2.6317,13132070.0
2025-10-28 15:45:00+00:00,2.6317,2.6411,2.6301,2.6343,4840958.4
2025-10-28 16:00:00+00:00,2.6343,2.6438,2.6335,2.6418,5834036.7
2025-10-28 16:15:00+00:00,2.6418,2.6435,2.6326,2.6394,4844337.1
2025-10-28 16:30:00+00:00,2.6395,2.6553,2.6392,2.6411,9446803.5
2025-10-28 16:45:00+00:00,2.6412,2.6519,2.6408,2.6476,3829012.1
2025-10-28 17:00:00+00:00,2.6476,2.6566,2.645,2.6543,5319699.6
2025-10-28 17:15:00+00:00,2.6543,2.6679,2.6475,2.6627,11396255.7
2025-10-28 17:30:00+00:00,2.6627,2.6627,2.6546,2.656,4174149.0
2025-10-28 17:45:00+00:00,2.6561,2.6614,2.6537,2.6591,3047651.2
2025-10-28 18:00:00+00:00,2.6591,2.6731,2.6545,2.673,6914053.4
2025-10-28 18:15:00+00:00,2.673,2.6738,2.6647,2.6673,5011790.1
2025-10-28 18:30:00+00:00,2.6673,2.6694,2.6571,2.6621,6390320.6
2025-10-28 18:45:00+00:00,2.6621,2.6712,2.6603,2.6712,5860142.6
2025-10-28 19:00:00+00:00,2.6712,2.6786,2.6678,2.6679,7659527.4
2025-10-28 19:15:00+00:00,2.668,2.668,2.6324,2.6334,16186778.7
2025-10-28 19:30:00+00:00,2.6333,2.641,2.6256,2.6285,12292787.4
2025-10-28 19:45:00+00:00,2.6286,2.6412,2.6111,2.6412,23301221.2
2025-10-28 20:00:00+00:00,2.6412,2.6417,2.607,2.6149,21301799.9
2025-10-28 20:15:00+00:00,2.6149,2.6186,2.5836,2.5938,31208220.0
2025-10-28 20:30:00+00:00,2.5938,2.6205,2.5857,2.6085,17632921.0
2025-10-28 20:45:00+00:00,2.6085,2.6085,2.5884,2.5903,12047039.3
2025-10-28 21:00:00+00:00,2.5904,2.5983,2.5621,2.5804,26422004.5
2025-10-28 21:15:00+00:00,2.5803,2.5857,2.5701,2.5724,6793122.8
2025-10-28 21:30:00+00:00,2.5725,2.6005,2.5708,2.6004,6125379.2
2025-10-28 21:45:00+00:00,2.6004,2.6063,2.5931,2.5969,5632107.4
2025-10-28 22:00:00+00:00,2.5968,2.5985,2.586,2.5889,5251100.3
2025-10-28 22:15:00+00:00,2.5889,2.6068,2.5874,2.6063,5240107.9
2025-10-28 22:30:00+00:00,2.6063,2.6127,2.6026,2.6075,7819292.4
2025-10-28 22:45:00+00:00,2.6075,2.6131,2.6023,2.6093,3757161.7
2025-10-28 23:00:00+00:00,2.6093,2.6105,2.6001,2.6063,4515017.0
2025-10-28 23:15:00+00:00,2.6063,2.613,2.6035,2.6095,3901099.3
2025-10-28 23:30:00+00:00,2.6095,2.6139,2.6024,2.6044,3137198.5
2025-10-28 23:45:00+00:00,2.6044,2.6082,2.6019,2.602,1978828.9
2025-10-29 00:00:00+00:00,2.6019,2.6081,2.5981,2.6055,6448159.8
2025-10-29 00:15:00+00:00,2.6055,2.61,2.6036,2.6099,4890227.4
2025-10-29 00:30:00+00:00,2.61,2.6182,2.6088,2.6097,6563409.5
2025-10-29 00:45:00+00:00,2.6096,2.613,2.6043,2.6077,3681646.7
2025-10-29 01:00:00+00:00,2.6076,2.6166,2.6054,2.6152,3970128.0
2025-10-29 01:15:00+00:00,2.6152,2.6228,2.6066,2.6103,5842252.2
2025-10-29 01:30:00+00:00,2.6102,2.6256,2.6102,2.6151,4640711.9
2025-10-29 01:45:00+00:00,2.6152,2.6211,2.606,2.6173,4712981.0
2025-10-29 02:00:00+00:00,2.6172,2.6186,2.6103,2.618,3000573.3
2025-10-29 02:15:00+00:00,2.618,2.6266,2.6168,2.6241,3994652.9
2025-10-29 02:30:00+00:00,2.6241,2.6261,2.6173,2.6194,2630996.4
2025-10-29 02:45:00+00:00,2.6193,2.6198,2.6127,2.6137,2330637.2
2025-10-29 03:00:00+00:00,2.6137,2.6137,2.6001,2.601,7010638.8
2025-10-29 03:15:00+00:00,2.601,2.607,2.598,2.6018,4189797.7
2025-10-29 03:30:00+00:00,2.6018,2.6091,2.6015,2.6069,3143723.0
2025-10-29 03:45:00+00:00,2.6069,2.6099,2.6063,2.6074,1807694.4
2025-10-29 04:00:00+00:00,2.6073,2.6127,2.6055,2.6126,2310146.3
2025-10-29 04:15:00+00:00,2.6125,2.6169,2.612,2.6163,2494477.0
2025-10-29 04:30:00+00:00,2.6164,2.6208,2.6112,2.6137,2630652.9
2025-10-29 04:45:00+00:00,2.6137,2.6204,2.6136,2.6176,1673533.6
2025-10-29 05:00:00+00:00,2.6176,2.6204,2.6103,2.6131,2561314.0
2025-10-29 05:15:00+00:00,2.6132,2.6198,2.6125,2.6146,3467865.1
2025-10-29 05:30:00+00:00,2.6147,2.6279,2.6129,2.6241,4936943.9
2025-10-29 05:45:00+00:00,2.624,2.6258,2.6156,2.6176,3940780.9
2025-10-29 06:00:00+00:00,2.6175,2.6242,2.6137,2.6194,3766479.2
2025-10-29 06:15:00+00:00,2.6194,2.6207,2.616,2.6202,1496398.4
2025-10-29 06:30:00+00:00,2.6202,2.6232,2.6194,2.6222,2065345.7
2025-10-29 06:45:00+00:00,2.6223,2.6333,2.6222,2.6291,3923901.1
2025-10-29 07:00:00+00:00,2.6292,2.6327,2.6258,2.6288,2102626.8
2025-10-29 07:15:00+00:00,2.6288,2.6346,2.6264,2.6339,2044113.0
2025-10-29 07:30:00+00:00,2.634,2.634,2.6262,2.628,2906001.9
2025-10-29 07:45:00+00:00,2.6281,2.6344,2.6219,2.633,3120763.2
2025-10-29 08:00:00+00:00,2.633,2.6352,2.6287,2.6295,3013822.8
2025-10-29 08:15:00+00:00,2.6294,2.6323,2.628,2.629,2617750.6
2025-10-29 08:30:00+00:00,2.629,2.6308,2.6215,2.6258,3668663.1
2025-10-29 08:45:00+00:00,2.6258,2.6305,2.6232,2.6265,2616761.3
2025-10-29 09:00:00+00:00,2.6265,2.6288,2.6197,2.6218,3475773.8
2025-10-29 09:15:00+00:00,2.6219,2.6297,2.6212,2.6251,4723054.3
2025-10-29 09:30:00+00:00,2.6251,2.6564,2.6242,2.6507,15600337.5
2025-10-29 09:45:00+00:00,2.6507,2.6549,2.6451,2.6464,7962931.0
2025-10-29 10:00:00+00:00,2.6464,2.6564,2.6443,2.6514,5752102.4
2025-10-29 10:15:00+00:00,2.6515,2.6599,2.6479,2.654,6151341.8
2025-10-29 10:30:00+00:00,2.654,2.656,2.6453,2.6471,5051861.5
2025-10-29 10:45:00+00:00,2.6471,2.6489,2.6363,2.6405,5177739.1
2025-10-29 11:00:00+00:00,2.6406,2.6479,2.6367,2.6425,5032543.1
2025-10-29 11:15:00+00:00,2.6426,2.6494,2.6402,2.6479,3424417.8
2025-10-29 11:30:00+00:00,2.6478,2.6534,2.6432,2.6485,3669844.9
2025-10-29 11:45:00+00:00,2.6485,2.6516,2.6473,2.6488,2018838.1
2025-10-29 12:00:00+00:00,2.6488,2.6587,2.6458,2.6526,4663393.4
2025-10-29 12:15:00+00:00,2.6527,2.6565,2.6515,2.6523,2874154.9
2025-10-29 12:30:00+00:00,2.6523,2.6585,2.6517,2.6564,4810553.1
2025-10-29 12:45:00+00:00,2.6564,2.6585,2.651,2.6554,2609332.6
2025-10-29 13:00:00+00:00,2.6554,2.663,2.6524,2.6567,5488652.3
2025-10-29 13:15:00+00:00,2.6566,2.658,2.6501,2.6509,4032429.6
2025-10-29 13:30:00+00:00,2.6509,2.6522,2.6316,2.6389,15691260.7
2025-10-29 13:45:00+00:00,2.639,2.6418,2.6288,2.633,9988954.1
2025-10-29 14:00:00+00:00,2.633,2.6359,2.623,2.6327,9601284.2
2025-10-29 14:15:00+00:00,2.6327,2.6347,2.62,2.6241,5586863.5
2025-10-29 14:30:00+00:00,2.6241,2.6387,2.6219,2.6359,6410541.9
2025-10-29 14:45:00+00:00,2.636,2.6418,2.6296,2.6394,4373938.6
2025-10-29 15:00:00+00:00,2.6395,2.6469,2.6369,2.6411,8148285.3
2025-10-29 15:15:00+00:00,2.6412,2.6486,2.6365,2.6371,7398379.6
2025-10-29 15:30:00+00:00,2.6372,2.643,2.6153,2.6201,13186879.5
2025-10-29 15:45:00+00:00,2.62,2.6269,2.6127,2.6254,10105400.7
2025-10-29 16:00:00+00:00,2.6254,2.6279,2.6145,2.6166,8239195.3
2025-10-29 16:15:00+00:00,2.6166,2.6311,2.6124,2.6258,7185422.7
2025-10-29 16:30:00+00:00,2.6259,2.6296,2.6206,2.6281,4842699.2
2025-10-29 16:45:00+00:00,2.628,2.6332,2.6248,2.6257,4322297.5
2025-10-29 17:00:00+00:00,2.6257,2.6364,2.6244,2.6321,3440957.2
2025-10-29 17:15:00+00:00,2.6322,2.633,2.6229,2.6272,3167626.2
2025-10-29 17:30:00+00:00,2.6271,2.6554,2.626,2.647,8933935.0
2025-10-29 17:45:00+00:00,2.6469,2.6581,2.645,2.6577,8960517.5
2025-10-29 18:00:00+00:00,2.6575,2.6597,2.6345,2.638,18602503.3
2025-10-29 18:15:00+00:00,2.6381,2.6532,2.6368,2.6453,6151176.1
2025-10-29 18:30:00+00:00,2.6453,2.6576,2.5481,2.565,89949438.8
2025-10-29 18:45:00+00:00,2.5651,2.6239,2.5613,2.6069,37604634.3
2025-10-29 19:00:00+00:00,2.607,2.6313,2.603,2.6238,20194677.8
2025-10-29 19:15:00+00:00,2.6239,2.629,2.6088,2.6114,10461027.4
2025-10-29 19:30:00+00:00,2.6114,2.6114,2.5744,2.5796,17351071.7
2025-10-29 19:45:00+00:00,2.5796,2.5937,2.5784,2.5864,14724108.2
2025-10-29 20:00:00+00:00,2.5864,2.5916,2.5556,2.5735,21441115.5
2025-10-29 20:15:00+00:00,2.5736,2.5984,2.5655,2.5961,9608659.1
2025-10-29 20:30:00+00:00,2.5961,2.5991,2.584,2.5916,5776872.5
2025-10-29 20:45:00+00:00,2.5917,2.5992,2.5859,2.5885,5031635.5
2025-10-29 21:00:00+00:00,2.5885,2.5991,2.5869,2.5911,4759619.9
2025-10-29 21:15:00+00:00,2.5911,2.6095,2.5907,2.6082,5402382.9
2025-10-29 21:30:00+00:00,2.6082,2.617,2.6048,2.6061,5950048.1
2025-10-29 21:45:00+00:00,2.6061,2.6102,2.6022,2.603,1857992.4
2025-10-29 22:00:00+00:00,2.603,2.6072,2.5979,2.6023,4858622.6
2025-10-29 22:15:00+00:00,2.6023,2.6041,2.594,2.5951,3583131.5
2025-10-29 22:30:00+00:00,2.5951,2.5981,2.5902,2.5942,3133307.5
2025-10-29 22:45:00+00:00,2.5942,2.5986,2.591,2.5926,2386637.0
2025-10-29 23:00:00+00:00,2.5926,2.5933,2.5706,2.5717,8724214.3
2025-10-29 23:15:00+00:00,2.5716,2.5783,2.5694,2.5698,6116015.0
2025-10-29 23:30:00+00:00,2.5699,2.574,2.5359,2.5512,25440343.1
2025-10-29 23:45:00+00:00,2.5511,2.5566,2.5481,2.5489,7365416.1
2025-10-30 00:00:00+00:00,2.5489,2.5532,2.5271,2.5527,20994471.5
2025-10-30 00:15:00+00:00,2.5526,2.5581,2.5453,2.5465,9508722.5
2025-10-30 00:30:00+00:00,2.5465,2.5571,2.5415,2.5514,5812857.5
2025-10-30 00:45:00+00:00,2.5514,2.5633,2.5459,2.5611,5366976.1
2025-10-30 01:00:00+00:00,2.5611,2.5677,2.5548,2.5584,5495272.0
2025-10-30 01:15:00+00:00,2.5584,2.5665,2.5566,2.5594,4030172.9
2025-10-30 01:30:00+00:00,2.5594,2.5722,2.5594,2.5705,5403292.2
2025-10-30 01:45:00+00:00,2.5706,2.5822,2.57,2.577,6046583.2
2025-10-30 02:00:00+00:00,2.5769,2.5776,2.5691,2.5735,4147043.5
2025-10-30 02:15:00+00:00,2.5736,2.5866,2.5736,2.5839,4645588.3
2025-10-30 02:30:00+00:00,2.584,2.5861,2.5814,2.5843,2615413.7
2025-10-30 02:45:00+00:00,2.5843,2.588,2.5798,2.5837,2722466.8
2025-10-30 03:00:00+00:00,2.5837,2.5839,2.5765,2.58,3685481.2
2025-10-30 03:15:00+00:00,2.5801,2.5836,2.5769,2.5794,2366826.5
2025-10-30 03:30:00+00:00,2.5793,2.5834,2.5745,2.5757,3379477.2
2025-10-30 03:45:00+00:00,2.5756,2.579,2.5717,2.5779,2883597.9
2025-10-30 04:00:00+00:00,2.578,2.578,2.5446,2.5462,14659042.5
2025-10-30 04:15:00+00:00,2.5462,2.5462,2.4836,2.5057,43118664.9
2025-10-30 04:30:00+00:00,2.5058,2.5302,2.4881,2.5141,33401554.8
2025-10-30 04:45:00+00:00,2.5142,2.5244,2.506,2.5078,9901760.6
2025-10-30 05:00:00+00:00,2.5078,2.521,2.5038,2.5204,9552906.2
2025-10-30 05:15:00+00:00,2.5205,2.524,2.5124,2.5193,5994924.8
2025-10-30 05:30:00+00:00,2.5193,2.5543,2.5168,2.5535,13565526.9
2025-10-30 05:45:00+00:00,2.5534,2.5623,2.5524,2.5572,9637177.4
2025-10-30 06:00:00+00:00,2.5572,2.5663,2.5563,2.5617,6176517.7
2025-10-30 06:15:00+00:00,2.5616,2.5639,2.5551,2.558,5040199.4
2025-10-30 06:30:00+00:00,2.558,2.574,2.5573,2.571,5998379.0
2025-10-30 06:45:00+00:00,2.5711,2.5739,2.5647,2.5659,3978642.9
2025-10-30 07:00:00+00:00,2.5659,2.5795,2.5637,2.5769,6682238.4
2025-10-30 07:15:00+00:00,2.5769,2.5879,2.5765,2.5836,6326375.1
2025-10-30 07:30:00+00:00,2.5835,2.5934,2.5809,2.5882,5226560.4
2025-10-30 07:45:00+00:00,2.5881,2.5899,2.5797,2.5823,4008940.7
2025-10-30 08:00:00+00:00,2.5823,2.5884,2.5769,2.5794,7149130.5
2025-10-30 08:15:00+00:00,2.5794,2.5816,2.5761,2.5775,3673071.5
2025-10-30 08:30:00+00:00,2.5774,2.5874,2.5763,2.5853,3480705.4
2025-10-30 08:45:00+00:00,2.5853,2.5853,2.5765,2.5776,2205519.3
2025-10-30 09:00:00+00:00,2.5777,2.5803,2.5699,2.5713,4846240.0
2025-10-30 09:15:00+00:00,2.5712,2.5723,2.5607,2.5692,7597164.8
2025-10-30 09:30:00+00:00,2.5693,2.572,2.5559,2.5564,6203834.8
2025-10-30 09:45:00+00:00,2.5563,2.5603,2.5531,2.5547,4083954.7
2025-10-30 10:00:00+00:00,2.5546,2.5609,2.5501,2.5544,5798324.1
2025-10-30 10:15:00+00:00,2.5544,2.5655,2.5534,2.5625,4397833.8
2025-10-30 10:30:00+00:00,2.5625,2.5637,2.5462,2.5463,4306158.6
2025-10-30 10:45:00+00:00,2.5464,2.5546,2.5463,2.5494,4292029.8
2025-10-30 11:00:00+00:00,2.5494,2.5569,2.5466,2.5531,4785820.2
2025-10-30 11:15:00+00:00,2.5532,2.5569,2.5479,2.5503,5127495.9
2025-10-30 11:30:00+00:00,2.5502,2.5539,2.5408,2.5462,4885309.5
2025-10-30 11:45:00+00:00,2.5461,2.5521,2.542,2.5432,5520570.3
2025-10-30 12:00:00+00:00,2.5432,2.5501,2.5352,2.5401,10114781.1
2025-10-30 12:15:00+00:00,2.54,2.5407,2.5121,2.5194,19385540.6
2025-10-30 12:30:00+00:00,2.5194,2.5232,2.4889,2.4889,22307869.0
2025-10-30 12:45:00+00:00,2.4891,2.5033,2.4884,2.4997,14956492.6
2025-10-30 13:00:00+00:00,2.4997,2.5073,2.4941,2.4944,13178361.3
2025-10-30 13:15:00+00:00,2.4945,2.4985,2.4754,2.4908,20138670.3
2025-10-30 13:30:00+00:00,2.4908,2.4939,2.4543,2.4651,34980777.5
2025-10-30 13:45:00+00:00,2.4652,2.4816,2.4602,2.4652,16024181.0
2025-10-30 14:00:00+00:00,2.4651,2.4848,2.4638,2.476,12471170.8
2025-10-30 14:15:00+00:00,2.4759,2.4765,2.4625,2.4663,7795558.7
2025-10-30 14:30:00+00:00,2.4664,2.4827,2.4607,2.4791,9454442.4
2025-10-30 14:45:00+00:00,2.479,2.4807,2.4657,2.4716,8430007.9
2025-10-30 15:00:00+00:00,2.4716,2.4783,2.4594,2.4673,9581609.6
2025-10-30 15:15:00+00:00,2.4674,2.4711,2.4564,2.4653,8359647.8
2025-10-30 15:30:00+00:00,2.4654,2.4663,2.4465,2.4527,13091122.5
2025-10-30 15:45:00+00:00,2.4526,2.4554,2.4431,2.4524,8311993.3
2025-10-30 16:00:00+00:00,2.4525,2.4695,2.444,2.4639,10966565.5
2025-10-30 16:15:00+00:00,2.464,2.4641,2.4512,2.4598,6667522.8
2025-10-30 16:30:00+00:00,2.4599,2.4642,2.4529,2.4583,5660709.4
2025-10-30 16:45:00+00:00,2.4583,2.4662,2.4526,2.4613,8383914.7
2025-10-30 17:00:00+00:00,2.4612,2.4621,2.4431,2.4441,10503760.5
2025-10-30 17:15:00+00:00,2.4441,2.4511,2.434,2.4365,16822524.9
2025-10-30 17:30:00+00:00,2.4365,2.4397,2.425,2.4392,15846092.7
2025-10-30 17:45:00+00:00,2.4391,2.4565,2.4391,2.4514,7948344.2
2025-10-30 18:00:00+00:00,2.4515,2.4524,2.4429,2.4429,4924889.5
2025-10-30 18:15:00+00:00,2.4429,2.4465,2.4294,2.4321,4769845.2
2025-10-30 18:30:00+00:00,2.4322,2.4388,2.4158,2.4173,10471853.4
2025-10-30 18:45:00+00:00,2.4172,2.4269,2.4152,2.4223,7367960.8
2025-10-30 19:00:00+00:00,2.4222,2.4254,2.4117,2.4159,9763762.1
2025-10-30 19:15:00+00:00,2.4159,2.4184,2.4033,2.4118,10067231.0
2025-10-30 19:30:00+00:00,2.4119,2.4232,2.3949,2.4009,18133396.8
2025-10-30 19:45:00+00:00,2.4009,2.4115,2.3765,2.3841,26370943.7
2025-10-30 20:00:00+00:00,2.3842,2.4078,2.3755,2.4077,17014718.3
2025-10-30 20:15:00+00:00,2.4077,2.415,2.4019,2.406,10653902.5
2025-10-30 20:30:00+00:00,2.406,2.4232,2.3951,2.417,14321852.4
2025-10-30 20:45:00+00:00,2.417,2.43,2.4132,2.4249,7727427.4
2025-10-30 21:00:00+00:00,2.4249,2.4249,2.4163,2.4163,5228383.4
2025-10-30 21:15:00+00:00,2.4163,2.4236,2.4062,2.4204,7618736.3
2025-10-30 21:30:00+00:00,2.4205,2.421,2.4099,2.4201,4826765.7
2025-10-30 21:45:00+00:00,2.4202,2.4321,2.4193,2.426,5182079.8
2025-10-30 22:00:00+00:00,2.4261,2.4287,2.4219,2.4252,5206836.1
2025-10-30 22:15:00+00:00,2.4252,2.4292,2.4218,2.4258,3059200.6
2025-10-30 22:30:00+00:00,2.4259,2.435,2.4237,2.434,5833719.1
2025-10-30 22:45:00+00:00,2.4339,2.4359,2.4276,2.4355,6134693.7
2025-10-30 23:00:00+00:00,2.4356,2.436,2.4239,2.4254,5144278.1
2025-10-30 23:15:00+00:00,2.4255,2.4317,2.422,2.4314,4401320.0
2025-10-30 23:30:00+00:00,2.4314,2.4409,2.4291,2.4292,6929762.4
2025-10-30 23:45:00+00:00,2.4293,2.4396,2.4285,2.4378,3972637.1
2025-10-31 00:00:00+00:00,2.4378,2.444,2.4356,2.4438,6860298.9
2025-10-31 00:15:00+00:00,2.4437,2.4439,2.4322,2.4361,5206664.1
2025-10-31 00:30:00+00:00,2.4361,2.4474,2.4356,2.4459,4472859.5
2025-10-31 00:45:00+00:00,2.446,2.461,2.4448,2.4572,12715353.1
2025-10-31 01:00:00+00:00,2.4572,2.476,2.4535,2.4712,10005353.1
2025-10-31 01:15:00+00:00,2.4713,2.4775,2.4688,2.4748,6172729.9
2025-10-31 01:30:00+00:00,2.4747,2.4757,2.4685,2.4711,5166324.7
2025-10-31 01:45:00+00:00,2.4712,2.4808,2.4696,2.4794,4590853.6
2025-10-31 02:00:00+00:00,2.4795,2.4798,2.4615,2.4632,8002005.5
2025-10-31 02:15:00+00:00,2.4632,2.4748,2.463,2.4711,3535265.7
2025-10-31 02:30:00+00:00,2.4711,2.474,2.4542,2.4572,4666038.0
2025-10-31 02:45:00+00:00,2.4573,2.4644,2.4514,2.4599,4860812.2
2025-10-31 03:00:00+00:00,2.46,2.467,2.4513,2.4628,3575687.9
2025-10-31 03:15:00+00:00,2.4627,2.468,2.4606,2.4636,2695336.1
2025-10-31 03:30:00+00:00,2.4635,2.4672,2.4555,2.4584,4159425.0
2025-10-31 03:45:00+00:00,2.4585,2.4695,2.4584,2.4695,4513391.5
2025-10-31 04:00:00+00:00,2.4695,2.4846,2.4671,2.4802,7728669.5
2025-10-31 04:15:00+00:00,2.4802,2.4862,2.4752,2.4823,6867798.2
2025-10-31 04:30:00+00:00,2.4823,2.4912,2.4789,2.4888,5718086.2
2025-10-31 04:45:00+00:00,2.4887,2.4915,2.4853,2.49,4025614.1
2025-10-31 05:00:00+00:00,2.49,2.4901,2.4813,2.4838,4679300.6
2025-10-31 05:15:00+00:00,2.4838,2.4879,2.4811,2.4866,3208512.7
2025-10-31 05:30:00+00:00,2.4866,2.4915,2.4844,2.4861,4388393.6
2025-10-31 05:45:00+00:00,2.4862,2.4886,2.479,2.4828,4238709.5
2025-10-31 06:00:00+00:00,2.4827,2.4861,2.4768,2.4825,6169835.5
2025-10-31 06:15:00+00:00,2.4825,2.4849,2.4777,2.4828,3667211.9
2025-10-31 06:30:00+00:00,2.4828,2.486,2.4782,2.4783,2364125.0
2025-10-31 06:45:00+00:00,2.4783,2.4817,2.4773,2.4801,2246727.4
2025-10-31 07:00:00+00:00,2.48,2.4846,2.4742,2.4827,3680857.2
2025-10-31 07:15:00+00:00,2.4827,2.4853,2.4759,2.4849,4217655.1
2025-10-31 07:30:00+00:00,2.4849,2.489,2.4762,2.4772,4420856.7
2025-10-31 07:45:00+00:00,2.4772,2.4788,2.4682,2.474,4959360.0
2025-10-31 08:00:00+00:00,2.4739,2.4816,2.4652,2.4658,6838154.4
2025-10-31 08:15:00+00:00,2.4658,2.4816,2.4658,2.48,4240103.5
2025-10-31 08:30:00+00:00,2.48,2.4818,2.4755,2.478,2556784.6
2025-10-31 08:45:00+00:00,2.4781,2.489,2.4763,2.4884,5104062.2
2025-10-31 09:00:00+00:00,2.4884,2.4907,2.4808,2.4868,5150094.5
2025-10-31 09:15:00+00:00,2.4868,2.4945,2.4821,2.4836,4641373.3
2025-10-31 09:30:00+00:00,2.4836,2.4862,2.4819,2.4852,2536413.4
2025-10-31 09:45:00+00:00,2.4851,2.4895,2.4823,2.4856,3567936.3
2025-10-31 10:00:00+00:00,2.4855,2.4913,2.4841,2.49,3715443.8
2025-10-31 10:15:00+00:00,2.49,2.4975,2.49,2.4961,4735160.1
2025-10-31 10:30:00+00:00,2.4961,2.5059,2.4934,2.505,6938535.2
2025-10-31 10:45:00+00:00,2.505,2.5058,2.4952,2.4973,6734019.8
2025-10-31 11:00:00+00:00,2.4973,2.4985,2.4892,2.4896,5144133.3
2025-10-31 11:15:00+00:00,2.4896,2.4906,2.4853,2.488,5600080.9
2025-10-31 11:30:00+00:00,2.488,2.4943,2.4868,2.4938,3280732.2
2025-10-31 11:45:00+00:00,2.4937,2.5151,2.4935,2.5132,14032936.7
2025-10-31 12:00:00+00:00,2.5131,2.5184,2.5039,2.5071,8591581.6
2025-10-31 12:15:00+00:00,2.507,2.529,2.507,2.5209,16126531.9
2025-10-31 12:30:00+00:00,2.5209,2.526,2.513,2.5168,8696472.3
2025-10-31 12:45:00+00:00,2.5168,2.518,2.5013,2.5042,7944861.4
2025-10-31 13:00:00+00:00,2.5041,2.5171,2.5034,2.5138,7051397.4
2025-10-31 13:15:00+00:00,2.5137,2.5215,2.5075,2.5097,6466380.5
2025-10-31 13:30:00+00:00,2.5097,2.5097,2.4931,2.4969,13623147.1
2025-10-31 13:45:00+00:00,2.4968,2.5101,2.4968,2.5076,7325119.8
2025-10-31 14:00:00+00:00,2.5077,2.5107,2.4939,2.4951,9318959.1
2025-10-31 14:15:00+00:00,2.4951,2.5043,2.4913,2.4988,5268568.0
2025-10-31 14:30:00+00:00,2.4988,2.5016,2.4944,2.4976,6905740.4
2025-10-31 14:45:00+00:00,2.4975,2.512,2.4935,2.5072,7425227.6
2025-10-31 15:00:00+00:00,2.5072,2.5349,2.5039,2.5349,20826517.0
2025-10-31 15:15:00+00:00,2.5349,2.5461,2.5301,2.5383,22568426.2
2025-10-31 15:30:00+00:00,2.5382,2.5488,2.5322,2.544,15834034.5
2025-10-31 15:45:00+00:00,2.544,2.5484,2.5149,2.5217,32018749.8
2025-10-31 16:00:00+00:00,2.5216,2.5358,2.5201,2.5264,11881366.2
2025-10-31 16:15:00+00:00,2.5265,2.531,2.516,2.5208,10215622.5
2025-10-31 16:30:00+00:00,2.5208,2.5237,2.5118,2.5135,6144469.6
2025-10-31 16:45:00+00:00,2.5134,2.5155,2.4919,2.4947,19245793.2
2025-10-31 17:00:00+00:00,2.4947,2.504,2.489,2.4981,15804709.4
2025-10-31 17:15:00+00:00,2.4981,2.4994,2.4831,2.4904,12395354.8
2025-10-31 17:30:00+00:00,2.4904,2.5066,2.4889,2.5061,8493751.1
2025-10-31 17:45:00+00:00,2.5061,2.5129,2.5028,2.5052,7284329.2
2025-10-31 18:00:00+00:00,2.5051,2.5209,2.5051,2.5151,8471724.1
2025-10-31 18:15:00+00:00,2.5152,2.5156,2.5083,2.5112,4315727.9
2025-10-31 18:30:00+00:00,2.5112,2.5251,2.503,2.5219,12406907.6
2025-10-31 18:45:00+00:00,2.5219,2.522,2.5132,2.5208,4262758.2
2025-10-31 19:00:00+00:00,2.5207,2.5207,2.4986,2.5016,6822699.2
2025-10-31 19:15:00+00:00,2.5017,2.518,2.5005,2.5147,7264912.5
2025-10-31 19:30:00+00:00,2.5146,2.54,2.5143,2.5363,11751948.8
2025-10-31 19:45:00+00:00,2.5363,2.5534,2.5361,2.5423,17739278.4
2025-10-31 20:00:00+00:00,2.5423,2.5423,2.5287,2.5321,9640556.5
2025-10-31 20:15:00+00:00,2.5321,2.5347,2.5254,2.5262,3290771.8
2025-10-31 20:30:00+00:00,2.5263,2.5272,2.5154,2.5162,3667069.5
2025-10-31 20:45:00+00:00,2.5163,2.5217,2.5085,2.5105,4845213.7
2025-10-31 21:00:00+00:00,2.5105,2.5147,2.5007,2.5033,6063715.9
2025-10-31 21:15:00+00:00,2.5032,2.5114,2.503,2.5108,3440156.5
2025-10-31 21:30:00+00:00,2.5109,2.5197,2.5076,2.5155,3446553.0
2025-10-31 21:45:00+00:00,2.5156,2.5189,2.5148,2.5182,1200285.9
2025-10-31 22:00:00+00:00,2.5182,2.5202,2.5136,2.5177,3130090.8
2025-10-31 22:15:00+00:00,2.5178,2.52,2.5059,2.5097,3170684.8
2025-10-31 22:30:00+00:00,2.5097,2.5125,2.5037,2.504,3113880.3
2025-10-31 22:45:00+00:00,2.504,2.5074,2.5027,2.5063,3097842.7
2025-10-31 23:00:00+00:00,2.5062,2.5088,2.5022,2.5022,3023450.1
2025-10-31 23:15:00+00:00,2.5022,2.5114,2.5018,2.5104,2035797.3
2025-10-31 23:30:00+00:00,2.5103,2.5126,2.5069,2.51,2124382.5
2025-10-31 23:45:00+00:00,2.51,2.5104,2.507,2.5081,1625419.0
2025-11-01 00:00:00+00:00,2.5082,2.5093,2.4983,2.4992,5077872.8
2025-11-01 00:15:00+00:00,2.4991,2.5012,2.4944,2.4988,5056662.0
2025-11-01 00:30:00+00:00,2.4988,2.4988,2.492,2.4964,3207874.7
2025-11-01 00:45:00+00:00,2.4963,2.5026,2.4961,2.4991,2725953.2
2025-11-01 01:00:00+00:00,2.4991,2.5046,2.4986,2.4986,2364155.5
2025-11-01 01:15:00+00:00,2.4987,2.5015,2.4939,2.5013,2166446.4
2025-11-01 01:30:00+00:00,2.5011,2.5032,2.4979,2.5003,1963377.4
2025-11-01 01:45:00+00:00,2.5004,2.5013,2.4979,2.4979,1062610.3
2025-11-01 02:00:00+00:00,2.4979,2.4979,2.4877,2.4934,5268276.0
2025-11-01 02:15:00+00:00,2.4934,2.5024,2.4928,2.501,2459117.7
2025-11-01 02:30:00+00:00,2.501,2.5019,2.4931,2.4988,2405087.5
2025-11-01 02:45:00+00:00,2.4989,2.5066,2.4973,2.5036,2423645.9
2025-11-01 03:00:00+00:00,2.5036,2.5142,2.5035,2.5136,3482520.1
2025-11-01 03:15:00+00:00,2.5135,2.5183,2.5106,2.511,3304020.4
2025-11-01 03:30:00+00:00,2.511,2.5158,2.511,2.5138,1985098.3
2025-11-01 03:45:00+00:00,2.5137,2.5173,2.5114,2.5149,1872967.0
2025-11-01 04:00:00+00:00,2.5149,2.5227,2.5123,2.5135,3977852.6
2025-11-01 04:15:00+00:00,2.5135,2.518,2.5084,2.5166,2697780.8
2025-11-01 04:30:00+00:00,2.5165,2.5171,2.511,2.5154,2798022.3
2025-11-01 04:45:00+00:00,2.5154,2.5173,2.5132,2.5157,1244981.1
2025-11-01 05:00:00+00:00,2.5156,2.5171,2.5076,2.5087,2564832.8
2025-11-01 05:15:00+00:00,2.5086,2.5137,2.5076,2.5135,1616469.2
2025-11-01 05:30:00+00:00,2.5135,2.5136,2.5102,2.5114,927582.8
2025-11-01 05:45:00+00:00,2.5114,2.5122,2.5058,2.5067,1187858.5
2025-11-01 06:00:00+00:00,2.5066,2.5088,2.5055,2.5061,1796122.3
2025-11-01 06:15:00+00:00,2.5061,2.5072,2.5009,2.5038,2758432.8
2025-11-01 06:30:00+00:00,2.5037,2.5064,2.5001,2.5011,1786490.7
2025-11-01 06:45:00+00:00,2.501,2.5034,2.4963,2.5026,3086089.7
2025-11-01 07:00:00+00:00,2.5026,2.5061,2.501,2.5036,2067840.4
2025-11-01 07:15:00+00:00,2.5036,2.5132,2.5035,2.5099,2735818.1
2025-11-01 07:30:00+00:00,2.51,2.5108,2.4994,2.5002,3306177.8
2025-11-01 07:45:00+00:00,2.5002,2.5062,2.499,2.505,2518096.6
2025-11-01 08:00:00+00:00,2.5049,2.5071,2.4994,2.5006,2676897.9
2025-11-01 08:15:00+00:00,2.5007,2.5046,2.4988,2.5024,3149473.9
2025-11-01 08:30:00+00:00,2.5023,2.505,2.5014,2.5033,2609859.8
2025-11-01 08:45:00+00:00,2.5034,2.5116,2.5033,2.5108,3036500.8
2025-11-01 09:00:00+00:00,2.5107,2.5139,2.5072,2.5108,2978921.2
2025-11-01 09:15:00+00:00,2.5109,2.5113,2.5042,2.5046,2650751.6
2025-11-01 09:30:00+00:00,2.5046,2.5047,2.4991,2.4991,3328344.5
2025-11-01 09:45:00+00:00,2.4992,2.5034,2.4991,2.5014,2325671.6
2025-11-01 10:00:00+00:00,2.5014,2.506,2.5005,2.5019,2337029.9
2025-11-01 10:15:00+00:00,2.502,2.5064,2.502,2.504,2041639.9
2025-11-01 10:30:00+00:00,2.504,2.5105,2.504,2.51,2295253.4
2025-11-01 10:45:00+00:00,2.51,2.5104,2.5058,2.507,2067486.8
2025-11-01 11:00:00+00:00,2.5069,2.5106,2.5069,2.5076,1662775.4
2025-11-01 11:15:00+00:00,2.5076,2.5108,2.5045,2.5045,1964383.4
2025-11-01 11:30:00+00:00,2.5046,2.5046,2.4999,2.5019,3014022.9
2025-11-01 11:45:00+00:00,2.502,2.5044,2.4987,2.4992,3082019.9
2025-11-01 12:00:00+00:00,2.4992,2.5052,2.4991,2.5004,3356920.2
2025-11-01 12:15:00+00:00,2.5005,2.5018,2.4953,2.4973,3343775.0
2025-11-01 12:30:00+00:00,2.4973,2.5003,2.4972,2.4984,2104648.0
2025-11-01 12:45:00+00:00,2.4984,2.4985,2.4901,2.4914,4070694.9
2025-11-01 13:00:00+00:00,2.4913,2.4956,2.4883,2.4953,3361111.4
2025-11-01 13:15:00+00:00,2.4954,2.4998,2.4952,2.4958,2628112.6
2025-11-01 13:30:00+00:00,2.4959,2.4979,2.482,2.4859,6646884.7
2025-11-01 13:45:00+00:00,2.4859,2.4899,2.4826,2.4883,3920405.9
2025-11-01 14:00:00+00:00,2.4884,2.491,2.4763,2.4781,7396367.0
2025-11-01 14:15:00+00:00,2.478,2.4827,2.4746,2.4806,6940934.0
2025-11-01 14:30:00+00:00,2.4806,2.4861,2.478,2.4844,3102780.5
2025-11-01 14:45:00+00:00,2.4844,2.4866,2.48,2.483,2504477.4
2025-11-01 15:00:00+00:00,2.4831,2.5036,2.4813,2.4984,9188407.9
2025-11-01 15:15:00+00:00,2.4984,2.5022,2.4901,2.4947,5255787.1
2025-11-01 15:30:00+00:00,2.4947,2.4985,2.4912,2.4945,3135417.8
2025-11-01 15:45:00+00:00,2.4946,2.5009,2.4913,2.5004,2801943.3
2025-11-01 16:00:00+00:00,2.5005,2.5078,2.4979,2.5001,5724966.5
2025-11-01 16:15:00+00:00,2.5001,2.5056,2.5,2.501,3016816.5
2025-11-01 16:30:00+00:00,2.5009,2.5109,2.5009,2.5104,4082487.1
2025-11-01 16:45:00+00:00,2.5104,2.5138,2.506,2.5075,3891725.9
2025-11-01 17:00:00+00:00,2.5074,2.5088,2.5014,2.5054,3555792.1
2025-11-01 17:15:00+00:00,2.5053,2.5066,2.5022,2.5025,2780194.8
2025-11-01 17:30:00+00:00,2.5025,2.508,2.5025,2.5052,2700777.3
2025-11-01 17:45:00+00:00,2.5052,2.5074,2.502,2.5042,2328720.5
2025-11-01 18:00:00+00:00,2.5043,2.507,2.5015,2.5017,3294440.5
2025-11-01 18:15:00+00:00,2.5016,2.5038,2.4964,2.4967,3825980.6
2025-11-01 18:30:00+00:00,2.4968,2.4994,2.4946,2.498,2963901.7
2025-11-01 18:45:00+00:00,2.498,2.5062,2.4972,2.5051,3268637.0
2025-11-01 19:00:00+00:00,2.5051,2.5051,2.4991,2.5001,2419718.5
2025-11-01 19:15:00+00:00,2.5002,2.5006,2.4967,2.4976,1506005.0
2025-11-01 19:30:00+00:00,2.4975,2.5004,2.4975,2.5004,1109614.7
2025-11-01 19:45:00+00:00,2.5004,2.5055,2.4999,2.505,1452002.3
2025-11-01 20:00:00+00:00,2.5051,2.5108,2.5051,2.5074,2554969.6
2025-11-01 20:15:00+00:00,2.5074,2.5106,2.5065,2.5104,1554565.4
2025-11-01 20:30:00+00:00,2.5104,2.5122,2.5082,2.5107,2276331.3
2025-11-01 20:45:00+00:00,2.5108,2.5117,2.5058,2.5076,2145086.5
2025-11-01 21:00:00+00:00,2.5076,2.5088,2.5016,2.5018,1699063.5
2025-11-01 21:15:00+00:00,2.5017,2.505,2.5017,2.5042,1366258.7
2025-11-01 21:30:00+00:00,2.5042,2.5048,2.4991,2.5002,1674586.2
2025-11-01 21:45:00+00:00,2.5002,2.5002,2.4916,2.4919,2608267.5
2025-11-01 22:00:00+00:00,2.492,2.4969,2.4904,2.4905,2839391.6
2025-11-01 22:15:00+00:00,2.4904,2.4946,2.489,2.4937,2150741.9
2025-11-01 22:30:00+00:00,2.4937,2.4976,2.4926,2.4973,1439602.6
2025-11-01 22:45:00+00:00,2.4973,2.5025,2.4967,2.5012,1477769.5
2025-11-01 23:00:00+00:00,2.5013,2.5032,2.4985,2.4993,2164577.1
2025-11-01 23:15:00+00:00,2.4993,2.502,2.4962,2.5012,1513315.4
2025-11-01 23:30:00+00:00,2.5013,2.5064,2.5004,2.5039,2432791.0
2025-11-01 23:45:00+00:00,2.5039,2.5071,2.5033,2.5043,1206904.1
2025-11-02 00:00:00+00:00,2.5043,2.5048,2.4991,2.5048,2669677.7
2025-11-02 00:15:00+00:00,2.5048,2.505,2.4982,2.4982,2657888.2
2025-11-02 00:30:00+00:00,2.4982,2.5018,2.4977,2.5006,1611745.8
2025-11-02 00:45:00+00:00,2.5005,2.502,2.4982,2.5006,1000496.4
2025-11-02 01:00:00+00:00,2.5006,2.5044,2.4968,2.4993,2811465.2
2025-11-02 01:15:00+00:00,2.4993,2.5009,2.4962,2.5007,1820075.5
2025-11-02 01:30:00+00:00,2.5007,2.503,2.4982,2.4992,1329669.0
2025-11-02 01:45:00+00:00,2.4992,2.4997,2.4934,2.4964,2555328.7
2025-11-02 02:00:00+00:00,2.4963,2.5008,2.4938,2.5008,1948116.6
2025-11-02 02:15:00+00:00,2.5007,2.5047,2.4972,2.5036,2569049.9
2025-11-02 02:30:00+00:00,2.5035,2.5118,2.5035,2.5078,5090493.6
2025-11-02 02:45:00+00:00,2.5078,2.512,2.5075,2.5096,2318725.4
2025-11-02 03:00:00+00:00,2.5096,2.5105,2.5054,2.5089,2373797.7
2025-11-02 03:15:00+00:00,2.5089,2.5104,2.5056,2.5073,2402069.4
2025-11-02 03:30:00+00:00,2.5074,2.5092,2.5044,2.5088,1911130.4
2025-11-02 03:45:00+00:00,2.5089,2.5095,2.5036,2.5056,1509487.5
2025-11-02 04:00:00+00:00,2.5056,2.5091,2.5048,2.5076,2541280.1
2025-11-02 04:15:00+00:00,2.5076,2.5135,2.5058,2.5111,2122904.0
2025-11-02 04:30:00+00:00,2.5111,2.5198,2.5082,2.5197,3980539.6
2025-11-02 04:45:00+00:00,2.5197,2.5266,2.5177,2.5234,10307363.7
2025-11-02 05:00:00+00:00,2.5234,2.5238,2.5167,2.5188,3437403.9
2025-11-02 05:15:00+00:00,2.5188,2.5201,2.5136,2.5156,2474323.6
2025-11-02 05:30:00+00:00,2.5157,2.5186,2.5139,2.5185,1995572.2
2025-11-02 05:45:00+00:00,2.5186,2.5204,2.5152,2.5204,1703287.4
2025-11-02 06:00:00+00:00,2.5203,2.5254,2.5202,2.5221,3037139.9
2025-11-02 06:15:00+00:00,2.5222,2.5236,2.5181,2.5213,2009334.2
2025-11-02 06:30:00+00:00,2.5213,2.5214,2.5174,2.52,1160684.2
2025-11-02 06:45:00+00:00,2.52,2.5245,2.5199,2.5219,1898914.3
2025-11-02 07:00:00+00:00,2.5219,2.524,2.5162,2.5178,1659688.2
2025-11-02 07:15:00+00:00,2.5178,2.5222,2.5167,2.5212,1354323.6
2025-11-02 07:30:00+00:00,2.5213,2.5295,2.5207,2.5274,3216458.7
2025-11-02 07:45:00+00:00,2.5274,2.5354,2.5258,2.5337,5406324.9
2025-11-02 08:00:00+00:00,2.5338,2.5353,2.5299,2.5334,3264662.6
2025-11-02 08:15:00+00:00,2.5334,2.5384,2.5309,2.5325,3074350.7
2025-11-02 08:30:00+00:00,2.5325,2.5348,2.5311,2.5313,2070537.3
2025-11-02 08:45:00+00:00,2.5313,2.5313,2.5243,2.5269,3484940.8
2025-11-02 09:00:00+00:00,2.5269,2.5331,2.5268,2.5308,2952615.6
2025-11-02 09:15:00+00:00,2.5308,2.5335,2.5279,2.5316,2018378.5
2025-11-02 09:30:00+00:00,2.5315,2.5316,2.5171,2.5213,7657395.5
2025-11-02 09:45:00+00:00,2.5212,2.5213,2.5165,2.5193,3272835.4
2025-11-02 10:00:00+00:00,2.5193,2.5279,2.5175,2.5268,4138702.1
2025-11-02 10:15:00+00:00,2.5267,2.5267,2.5122,2.5126,5519049.1
2025-11-02 10:30:00+00:00,2.5126,2.5139,2.5084,2.5122,5003041.1
2025-11-02 10:45:00+00:00,2.5123,2.5166,2.5105,2.5146,2920103.6
2025-11-02 11:00:00+00:00,2.5147,2.5177,2.5108,2.5123,3422153.9
2025-11-02 11:15:00+00:00,2.5123,2.5212,2.5119,2.5207,3009831.6
2025-11-02 11:30:00+00:00,2.5207,2.5545,2.5174,2.5464,15100671.1
2025-11-02 11:45:00+00:00,2.5464,2.5524,2.539,2.5408,9057958.1
2025-11-02 12:00:00+00:00,2.5407,2.5423,2.5342,2.5394,4686726.8
2025-11-02 12:15:00+00:00,2.5393,2.5512,2.5393,2.5446,6925357.5
2025-11-02 12:30:00+00:00,2.5446,2.5476,2.5385,2.5436,4133651.3
2025-11-02 12:45:00+00:00,2.5436,2.5441,2.5353,2.5361,3109449.6
2025-11-02 13:00:00+00:00,2.5361,2.5419,2.5348,2.5401,3283565.4
2025-11-02 13:15:00+00:00,2.5401,2.5401,2.5216,2.5269,7702140.3
2025-11-02 13:30:00+00:00,2.5268,2.5296,2.5212,2.5253,4066710.8
2025-11-02 13:45:00+00:00,2.5253,2.5275,2.5213,2.5254,3299418.8
2025-11-02 14:00:00+00:00,2.5254,2.534,2.5226,2.5246,4247333.5
2025-11-02 14:15:00+00:00,2.5247,2.5258,2.5111,2.5137,7918278.0
2025-11-02 14:30:00+00:00,2.5137,2.5204,2.5118,2.5118,4048957.5
2025-11-02 14:45:00+00:00,2.5119,2.5159,2.5003,2.5153,7631229.9
2025-11-02 15:00:00+00:00,2.5154,2.5158,2.5038,2.5105,5108655.9
2025-11-02 15:15:00+00:00,2.5104,2.5184,2.5078,2.5182,3335160.3
2025-11-02 15:30:00+00:00,2.5182,2.5182,2.5044,2.5068,3679032.7
2025-11-02 15:45:00+00:00,2.5068,2.5102,2.4982,2.4987,5621177.4
2025-11-02 16:00:00+00:00,2.4988,2.503,2.4861,2.4882,12146727.4
2025-11-02 16:15:00+00:00,2.4883,2.4979,2.4819,2.497,8097616.4
2025-11-02 16:30:00+00:00,2.4969,2.4996,2.4913,2.4993,4036801.1
2025-11-02 16:45:00+00:00,2.4994,2.5042,2.4961,2.5041,2542734.8
2025-11-02 17:00:00+00:00,2.5042,2.5042,2.497,2.4977,2826888.6
2025-11-02 17:15:00+00:00,2.4976,2.5027,2.4946,2.5002,2987766.6
2025-11-02 17:30:00+00:00,2.5002,2.5003,2.4934,2.4948,3248218.6
2025-11-02 17:45:00+00:00,2.4949,2.4997,2.4923,2.4997,1539712.7
2025-11-02 18:00:00+00:00,2.4996,2.5002,2.4916,2.4919,1883093.5
2025-11-02 18:15:00+00:00,2.4919,2.494,2.4889,2.4929,2150454.5
2025-11-02 18:30:00+00:00,2.4929,2.4973,2.492,2.4965,1453719.6
2025-11-02 18:45:00+00:00,2.4966,2.4974,2.4928,2.4932,1450059.8
2025-11-02 19:00:00+00:00,2.4932,2.4942,2.4852,2.4866,3429531.9
2025-11-02 19:15:00+00:00,2.4865,2.4866,2.4762,2.4773,4667763.1
2025-11-02 19:30:00+00:00,2.4774,2.4846,2.4766,2.4797,6299408.9
2025-11-02 19:45:00+00:00,2.4797,2.488,2.4797,2.4874,1989828.5
2025-11-02 20:00:00+00:00,2.4873,2.4894,2.4848,2.4852,2541522.8
2025-11-02 20:15:00+00:00,2.4851,2.4868,2.4832,2.4852,1603991.8
2025-11-02 20:30:00+00:00,2.4852,2.4904,2.4842,2.4901,1884124.5
2025-11-02 20:45:00+00:00,2.4901,2.4967,2.4889,2.496,1830847.0
2025-11-02 21:00:00+00:00,2.496,2.5034,2.4959,2.5004,3090308.1
2025-11-02 21:15:00+00:00,2.5004,2.5036,2.4985,2.5021,2222126.1
2025-11-02 21:30:00+00:00,2.502,2.5109,2.502,2.5102,4097396.4
2025-11-02 21:45:00+00:00,2.5102,2.516,2.51,2.51,3391551.9
2025-11-02 22:00:00+00:00,2.5101,2.5101,2.5026,2.5035,2710406.1
2025-11-02 22:15:00+00:00,2.5035,2.5078,2.5007,2.5007,2312959.9
2025-11-02 22:30:00+00:00,2.5007,2.5008,2.4869,2.4917,5234978.6
2025-11-02 22:45:00+00:00,2.4916,2.4976,2.4904,2.4975,1639015.9
2025-11-02 23:00:00+00:00,2.4975,2.5217,2.4975,2.52,9869372.7
2025-11-02 23:15:00+00:00,2.5199,2.5216,2.5118,2.5148,6593902.7
2025-11-02 23:30:00+00:00,2.5149,2.5284,2.5108,2.5232,7225264.9
2025-11-02 23:45:00+00:00,2.5232,2.5306,2.5209,2.5253,5445207.1
2025-11-03 00:00:00+00:00,2.5254,2.5313,2.5219,2.5278,5500456.6
2025-11-03 00:15:00+00:00,2.5278,2.5293,2.5164,2.5172,5777296.1
2025-11-03 00:30:00+00:00,2.5171,2.5172,2.5111,2.512,3067504.0
2025-11-03 00:45:00+00:00,2.512,2.514,2.4994,2.5008,5807493.5
2025-11-03 01:00:00+00:00,2.5008,2.5008,2.4919,2.4994,7918752.5
2025-11-03 01:15:00+00:00,2.4994,2.5011,2.4879,2.4917,5199581.3
2025-11-03 01:30:00+00:00,2.4916,2.4955,2.4812,2.4913,6818489.1
2025-11-03 01:45:00+00:00,2.4914,2.5004,2.4882,2.4906,5274771.7
2025-11-03 02:00:00+00:00,2.4906,2.4936,2.4816,2.4869,5445346.6
2025-11-03 02:15:00+00:00,2.4868,2.4868,2.4631,2.4638,16480959.1
2025-11-03 02:30:00+00:00,2.4638,2.4697,2.4525,2.4678,16999248.7
2025-11-03 02:45:00+00:00,2.4677,2.473,2.4589,2.4606,15242222.9
2025-11-03 03:00:00+00:00,2.4606,2.4643,2.4401,2.4425,21557163.3
2025-11-03 03:15:00+00:00,2.4425,2.4512,2.4372,2.4403,14323601.6
2025-11-03 03:30:00+00:00,2.4404,2.4422,2.4273,2.4351,14720349.5
2025-11-03 03:45:00+00:00,2.4352,2.4355,2.4244,2.4285,10876529.9
2025-11-03 04:00:00+00:00,2.4285,2.4299,2.415,2.428,15047047.2
2025-11-03 04:15:00+00:00,2.428,2.4378,2.4247,2.4343,9035696.1
2025-11-03 04:30:00+00:00,2.4343,2.4391,2.4316,2.433,5684510.9
2025-11-03 04:45:00+00:00,2.4331,2.4466,2.4328,2.4446,7018814.9
2025-11-03 05:00:00+00:00,2.4447,2.452,2.4434,2.4503,6213825.9
2025-11-03 05:15:00+00:00,2.4502,2.4517,2.4441,2.4445,4757954.3
2025-11-03 05:30:00+00:00,2.4445,2.4449,2.43,2.4315,6751147.9
2025-11-03 05:45:00+00:00,2.4315,2.4319,2.4254,2.4295,4441311.9
2025-11-03 06:00:00+00:00,2.4295,2.4323,2.4122,2.4155,9207979.8
2025-11-03 06:15:00+00:00,2.4155,2.4209,2.4136,2.414,4726958.7
2025-11-03 06:30:00+00:00,2.414,2.4197,2.4029,2.4033,12914429.1
2025-11-03 06:45:00+00:00,2.4034,2.4103,2.3862,2.4066,21816235.5
2025-11-03 07:00:00+00:00,2.4066,2.4082,2.3976,2.4071,6928094.5
2025-11-03 07:15:00+00:00,2.4071,2.4174,2.4017,2.413,8729053.3
2025-11-03 07:30:00+00:00,2.4129,2.4182,2.4078,2.4078,5544499.4
2025-11-03 07:45:00+00:00,2.4077,2.4183,2.4072,2.4123,3941259.4
2025-11-03 08:00:00+00:00,2.4123,2.4205,2.4095,2.4149,6276621.8
2025-11-03 08:15:00+00:00,2.415,2.4158,2.4033,2.4072,8374120.7
2025-11-03 08:30:00+00:00,2.4071,2.4095,2.3995,2.4035,7351813.4
2025-11-03 08:45:00+00:00,2.4036,2.4136,2.3952,2.4091,9793829.5
2025-11-03 09:00:00+00:00,2.4091,2.4266,2.4079,2.4179,12204841.7
2025-11-03 09:15:00+00:00,2.4178,2.421,2.4059,2.4099,7530569.7
2025-11-03 09:30:00+00:00,2.4098,2.4142,2.4054,2.4101,3868264.2
2025-11-03 09:45:00+00:00,2.4101,2.4103,2.3952,2.3985,8836652.6
2025-11-03 10:00:00+00:00,2.3984,2.4065,2.3982,2.3998,4924588.9
2025-11-03 10:15:00+00:00,2.3999,2.4038,2.3982,2.4008,3894607.1
2025-11-03 10:30:00+00:00,2.4007,2.4007,2.3865,2.3889,7285274.2
2025-11-03 10:45:00+00:00,2.3888,2.3947,2.38,2.3869,11541406.0
2025-11-03 11:00:00+00:00,2.3869,2.4046,2.3862,2.3993,11449852.5
2025-11-03 11:15:00+00:00,2.3992,2.412,2.3949,2.4037,6522346.7
2025-11-03 11:30:00+00:00,2.4038,2.4087,2.4,2.4081,3584497.0
2025-11-03 11:45:00+00:00,2.4081,2.4143,2.4,2.4007,8317001.8
2025-11-03 12:00:00+00:00,2.4008,2.4098,2.399,2.4078,9720209.3
2025-11-03 12:15:00+00:00,2.4078,2.4119,2.4053,2.4089,5142019.7
2025-11-03 12:30:00+00:00,2.409,2.4098,2.4016,2.4031,3370046.7
2025-11-03 12:45:00+00:00,2.4032,2.4082,2.3995,2.4009,4450502.0
2025-11-03 13:00:00+00:00,2.401,2.4032,2.3972,2.4013,4767763.2
2025-11-03 13:15:00+00:00,2.4012,2.4072,2.3977,2.4053,7965294.4
2025-11-03 13:30:00+00:00,2.4052,2.4161,2.4051,2.4125,6379205.4
2025-11-03 13:45:00+00:00,2.4125,2.4168,2.4072,2.4103,5299509.4
2025-11-03 14:00:00+00:00,2.4103,2.426,2.4103,2.4171,11050784.2
2025-11-03 14:15:00+00:00,2.4171,2.4218,2.4137,2.4178,5280999.2
2025-11-03 14:30:00+00:00,2.4178,2.4229,2.4116,2.4165,8673545.4
2025-11-03 14:45:00+00:00,2.4165,2.4275,2.4127,2.4257,9840350.5
2025-11-03 15:00:00+00:00,2.4258,2.4288,2.4045,2.4071,10085618.5
2025-11-03 15:15:00+00:00,2.4071,2.4071,2.345,2.3558,48640228.6
2025-11-03 15:30:00+00:00,2.3558,2.3727,2.29,2.3474,105095373.1
2025-11-03 15:45:00+00:00,2.3474,2.3549,2.3238,2.327,31006785.3
2025-11-03 16:00:00+00:00,2.327,2.3599,2.3177,2.3559,32701576.6
2025-11-03 16:15:00+00:00,2.356,2.3673,2.3455,2.3595,19872843.6
2025-11-03 16:30:00+00:00,2.3595,2.3715,2.3579,2.3679,11756907.7
2025-11-03 16:45:00+00:00,2.368,2.3781,2.3667,2.3723,10884922.7
2025-11-03 17:00:00+00:00,2.3723,2.3746,2.3649,2.37,9243905.8
2025-11-03 17:15:00+00:00,2.37,2.3941,2.3671,2.3689,16889185.6
2025-11-03 17:30:00+00:00,2.369,2.3837,2.3684,2.3734,10472629.1
2025-11-03 17:45:00+00:00,2.3733,2.3844,2.3723,2.3796,8574385.2
2025-11-03 18:00:00+00:00,2.3797,2.3833,2.3728,2.3742,6886912.6
2025-11-03 18:15:00+00:00,2.3742,2.3757,2.3577,2.3592,9043628.2
2025-11-03 18:30:00+00:00,2.3593,2.3661,2.3532,2.3546,6046767.4
2025-11-03 18:45:00+00:00,2.3547,2.3547,2.3455,2.3467,6852476.4
2025-11-03 19:00:00+00:00,2.3466,2.3488,2.3317,2.3429,11577778.0
2025-11-03 19:15:00+00:00,2.3428,2.3522,2.3286,2.3304,8116826.0
2025-11-03 19:30:00+00:00,2.3304,2.3468,2.3294,2.3437,7190235.6
2025-11-03 19:45:00+00:00,2.3438,2.3476,2.3211,2.323,8486318.0
2025-11-03 20:00:00+00:00,2.3231,2.3286,2.314,2.3208,13210782.6
2025-11-03 20:15:00+00:00,2.3208,2.3243,2.3035,2.314,13646113.1
2025-11-03 20:30:00+00:00,2.314,2.3224,2.2902,2.2926,20096275.4
2025-11-03 20:45:00+00:00,2.2927,2.2991,2.2616,2.2851,44704233.0
2025-11-03 21:00:00+00:00,2.2852,2.3087,2.2831,2.2849,20020999.4
2025-11-03 21:15:00+00:00,2.285,2.2984,2.2662,2.2905,14762664.0
2025-11-03 21:30:00+00:00,2.2906,2.3094,2.2856,2.3086,8485298.9
2025-11-03 21:45:00+00:00,2.3086,2.3122,2.3048,2.3102,5012027.7
2025-11-03 22:00:00+00:00,2.3102,2.3114,2.2926,2.299,6790404.2
2025-11-03 22:15:00+00:00,2.299,2.3017,2.28,2.28,6958050.7
2025-11-03 22:30:00+00:00,2.28,2.3018,2.2684,2.3007,12922891.3
2025-11-03 22:45:00+00:00,2.3008,2.3067,2.296,2.2994,4546044.0
2025-11-03 23:00:00+00:00,2.2993,2.3,2.2831,2.2932,4731938.6
2025-11-03 23:15:00+00:00,2.2931,2.3047,2.2902,2.2991,3558368.7
2025-11-03 23:30:00+00:00,2.299,2.3125,2.2983,2.3092,3738766.8
2025-11-03 23:45:00+00:00,2.3092,2.311,2.3025,2.308,3389492.1
2025-11-04 00:00:00+00:00,2.3079,2.3149,2.3028,2.3124,4956295.7
2025-11-04 00:15:00+00:00,2.3123,2.3193,2.2981,2.2987,7368329.2
2025-11-04 00:30:00+00:00,2.2986,2.3436,2.2985,2.3401,16169688.4
2025-11-04 00:45:00+00:00,2.34,2.3425,2.3254,2.335,6709599.5
2025-11-04 01:00:00+00:00,2.3351,2.3364,2.322,2.33,5944873.0
2025-11-04 01:15:00+00:00,2.33,2.3422,2.3257,2.3319,8874289.6
2025-11-04 01:30:00+00:00,2.332,2.3479,2.3305,2.3402,9638853.2
2025-11-04 01:45:00+00:00,2.3403,2.3443,2.3303,2.3407,4357102.2
2025-11-04 02:00:00+00:00,2.3406,2.3451,2.3324,2.3432,3806112.7
2025-11-04 02:15:00+00:00,2.3432,2.351,2.3395,2.3408,6338648.3
2025-11-04 02:30:00+00:00,2.3408,2.3457,2.3366,2.3392,4740085.6
2025-11-04 02:45:00+00:00,2.3391,2.3408,2.3351,2.3378,6114997.8
2025-11-04 03:00:00+00:00,2.3379,2.3545,2.3325,2.3526,6005424.0
2025-11-04 03:15:00+00:00,2.3527,2.3554,2.3471,2.3511,6085433.5
2025-11-04 03:30:00+00:00,2.3512,2.3622,2.3464,2.3582,7232859.1
2025-11-04 03:45:00+00:00,2.3581,2.3592,2.3482,2.355,4211988.4
2025-11-04 04:00:00+00:00,2.3551,2.364,2.3524,2.3541,6025618.5
2025-11-04 04:15:00+00:00,2.3542,2.3545,2.3462,2.3469,4196268.0
2025-11-04 04:30:00+00:00,2.3469,2.3525,2.3402,2.3404,4884144.6
2025-11-04 04:45:00+00:00,2.3404,2.3446,2.3356,2.3374,4326627.7
2025-11-04 05:00:00+00:00,2.3374,2.3413,2.3326,2.3346,3906348.4
2025-11-04 05:15:00+00:00,2.3347,2.3357,2.2984,2.3024,25693429.8
2025-11-04 05:30:00+00:00,2.3024,2.3031,2.2765,2.2772,30440405.6
2025-11-04 05:45:00+00:00,2.2772,2.2825,2.2443,2.2495,35949700.9
2025-11-04 06:00:00+00:00,2.2494,2.2873,2.2486,2.2869,21726187.6
2025-11-04 06:15:00+00:00,2.2869,2.3084,2.2849,2.2896,22061583.7
2025-11-04 06:30:00+00:00,2.2896,2.2898,2.2647,2.2686,11905612.3
2025-11-04 06:45:00+00:00,2.2687,2.2805,2.2686,2.2729,8820779.3
2025-11-04 07:00:00+00:00,2.2728,2.2813,2.246,2.2518,20571254.6
2025-11-04 07:15:00+00:00,2.2519,2.2621,2.2309,2.2336,23543590.3
2025-11-04 07:30:00+00:00,2.2336,2.2602,2.2333,2.24,11910467.6
2025-11-04 07:45:00+00:00,2.24,2.2473,2.2312,2.2426,8018591.5
2025-11-04 08:00:00+00:00,2.2426,2.2538,2.2283,2.2411,14611201.3
2025-11-04 08:15:00+00:00,2.2412,2.27,2.2328,2.2612,16721552.3
2025-11-04 08:30:00+00:00,2.2611,2.2784,2.2583,2.2691,13784899.6
2025-11-04 08:45:00+00:00,2.269,2.27,2.2536,2.262,11569170.0
2025-11-04 09:00:00+00:00,2.2619,2.2682,2.2506,2.2553,6716937.2
2025-11-04 09:15:00+00:00,2.2552,2.2661,2.2488,2.2616,7038095.3
2025-11-04 09:30:00+00:00,2.2615,2.2655,2.2467,2.2574,8158078.0
2025-11-04 09:45:00+00:00,2.2573,2.2666,2.2502,2.2645,6917765.7
2025-11-04 10:00:00+00:00,2.2644,2.2743,2.2565,2.269,6318870.6
2025-11-04 10:15:00+00:00,2.269,2.275,2.2594,2.2644,7349032.5
2025-11-04 10:30:00+00:00,2.2644,2.2737,2.2586,2.266,5468850.5
2025-11-04 10:45:00+00:00,2.266,2.2684,2.2588,2.2653,4968221.0
2025-11-04 11:00:00+00:00,2.2652,2.278,2.2619,2.2705,10030772.3
2025-11-04 11:15:00+00:00,2.2705,2.2833,2.2686,2.2733,8208851.8
2025-11-04 11:30:00+00:00,2.2733,2.2807,2.2663,2.2785,5811151.1
2025-11-04 11:45:00+00:00,2.2784,2.2824,2.2715,2.2794,5160086.7
2025-11-04 12:00:00+00:00,2.2794,2.2893,2.2768,2.279,8413042.3
2025-11-04 12:15:00+00:00,2.279,2.2797,2.2672,2.2747,8638086.9
2025-11-04 12:30:00+00:00,2.2746,2.2746,2.2596,2.2626,6424594.9
2025-11-04 12:45:00+00:00,2.2626,2.2678,2.2592,2.2636,3766024.0
2025-11-04 13:00:00+00:00,2.2635,2.2755,2.2606,2.2709,7230876.1
2025-11-04 13:15:00+00:00,2.2709,2.2739,2.2568,2.2578,6566551.6
2025-11-04 13:30:00+00:00,2.2578,2.2768,2.2558,2.2686,8144216.1
2025-11-04 13:45:00+00:00,2.2686,2.2687,2.2579,2.2603,4833643.2
2025-11-04 14:00:00+00:00,2.2603,2.2606,2.2412,2.2514,12220966.4
2025-11-04 14:15:00+00:00,2.2515,2.2581,2.2461,2.2547,6366788.1
2025-11-04 14:30:00+00:00,2.2548,2.2858,2.2413,2.2831,31627367.2
2025-11-04 14:45:00+00:00,2.2831,2.3114,2.2787,2.3031,25603848.3
2025-11-04 15:00:00+00:00,2.3031,2.3201,2.295,2.2965,20528695.4
2025-11-04 15:15:00+00:00,2.2965,2.3256,2.2964,2.3126,15334518.8
2025-11-04 15:30:00+00:00,2.3126,2.3149,2.3039,2.3046,8930302.4
2025-11-04 15:45:00+00:00,2.3046,2.3047,2.2741,2.2818,13402348.6
2025-11-04 16:00:00+00:00,2.2819,2.2949,2.2724,2.2805,11945139.6
2025-11-04 16:15:00+00:00,2.2805,2.2837,2.2542,2.2675,14865447.0
2025-11-04 16:30:00+00:00,2.2674,2.2749,2.2453,2.2479,13564190.7
2025-11-04 16:45:00+00:00,2.2478,2.251,2.2308,2.2395,27032187.8
2025-11-04 17:00:00+00:00,2.2395,2.2398,2.2007,2.2068,32478199.8
2025-11-04 17:15:00+00:00,2.2069,2.2351,2.1954,2.2235,30681370.8
2025-11-04 17:30:00+00:00,2.2236,2.2579,2.2232,2.2403,24900917.6
2025-11-04 17:45:00+00:00,2.2402,2.2437,2.224,2.2296,12431757.0
2025-11-04 18:00:00+00:00,2.2295,2.2305,2.202,2.2087,16978719.1
2025-11-04 18:15:00+00:00,2.2088,2.2109,2.1775,2.1853,27749598.6
2025-11-04 18:30:00+00:00,2.1853,2.2064,2.1545,2.2019,48883138.2
2025-11-04 18:45:00+00:00,2.2019,2.2155,2.169,2.2108,31213682.1
2025-11-04 19:00:00+00:00,2.2108,2.2246,2.195,2.2061,24312656.5
2025-11-04 19:15:00+00:00,2.206,2.2235,2.1984,2.204,17890025.6
2025-11-04 19:30:00+00:00,2.2039,2.208,2.1776,2.1825,13020226.1
2025-11-04 19:45:00+00:00,2.1825,2.1859,2.1657,2.1686,12478015.7
2025-11-04 20:00:00+00:00,2.1686,2.1734,2.1433,2.1488,30496473.9
2025-11-04 20:15:00+00:00,2.1488,2.1586,2.0975,2.1553,70429291.5
2025-11-04 20:30:00+00:00,2.1554,2.1897,2.1289,2.1816,38997897.9
2025-11-04 20:45:00+00:00,2.1817,2.1863,2.1517,2.1583,30764934.9
2025-11-04 21:00:00+00:00,2.1584,2.1697,2.1319,2.1339,23912619.4
2025-11-04 21:15:00+00:00,2.1338,2.1383,2.1115,2.118,24852464.3
2025-11-04 21:30:00+00:00,2.118,2.1191,2.0655,2.0946,51455056.8
2025-11-04 21:45:00+00:00,2.0947,2.1576,2.0937,2.1551,53039607.7
2025-11-04 22:00:00+00:00,2.155,2.1812,2.1425,2.1812,26812129.2
2025-11-04 22:15:00+00:00,2.1812,2.2052,2.1789,2.2014,20443588.7
2025-11-04 22:30:00+00:00,2.2013,2.22,2.1971,2.2055,22228005.0
2025-11-04 22:45:00+00:00,2.2055,2.2221,2.1975,2.2171,10192299.8
2025-11-04 23:00:00+00:00,2.2171,2.2279,2.2084,2.2163,14130915.5
2025-11-04 23:15:00+00:00,2.2163,2.2189,2.2066,2.2098,6806228.0
2025-11-04 23:30:00+00:00,2.2099,2.2142,2.203,2.2113,6350475.1
2025-11-04 23:45:00+00:00,2.2112,2.216,2.2032,2.2039,6150868.3
2025-11-05 00:00:00+00:00,2.204,2.2104,2.186,2.1893,19713921.3
2025-11-05 00:15:00+00:00,2.1892,2.2092,2.1808,2.1822,11737669.1
2025-11-05 00:30:00+00:00,2.1822,2.1848,2.1606,2.1611,13163674.6
2025-11-05 00:45:00+00:00,2.1611,2.1817,2.1607,2.1739,7170158.5
2025-11-05 01:00:00+00:00,2.1739,2.1763,2.1464,2.16,12206015.4
2025-11-05 01:15:00+00:00,2.1601,2.1607,2.1067,2.112,24598170.9
2025-11-05 01:30:00+00:00,2.112,2.1324,2.1007,2.108,26138208.8
2025-11-05 01:45:00+00:00,2.108,2.179,2.1053,2.1709,27888432.5
2025-11-05 02:00:00+00:00,2.171,2.2091,2.1707,2.1948,32498643.9
2025-11-05 02:15:00+00:00,2.1948,2.2142,2.1828,2.2007,26880226.8
2025-11-05 02:30:00+00:00,2.2007,2.2208,2.1955,2.2207,16018602.3
2025-11-05 02:45:00+00:00,2.2207,2.2274,2.2081,2.2255,11502601.4
2025-11-05 03:00:00+00:00,2.2256,2.2353,2.2177,2.2218,9031794.9
2025-11-05 03:15:00+00:00,2.2218,2.2411,2.2146,2.2405,9774007.6
2025-11-05 03:30:00+00:00,2.2404,2.2501,2.2353,2.2463,12055954.0
2025-11-05 03:45:00+00:00,2.2464,2.2521,2.2307,2.2362,17750057.6
2025-11-05 04:00:00+00:00,2.2361,2.2557,2.2345,2.2417,15588617.6
2025-11-05 04:15:00+00:00,2.2418,2.2453,2.2265,2.2273,7798516.6
2025-11-05 04:30:00+00:00,2.2274,2.2534,2.2255,2.2523,6595025.9
2025-11-05 04:45:00+00:00,2.2523,2.2532,2.2366,2.2439,4602264.5
2025-11-05 05:00:00+00:00,2.244,2.2594,2.2434,2.2561,6596505.3
2025-11-05 05:15:00+00:00,2.2561,2.2575,2.2415,2.2494,4293926.7
2025-11-05 05:30:00+00:00,2.2494,2.2547,2.2454,2.2464,3642194.6
2025-11-05 05:45:00+00:00,2.2464,2.2466,2.2361,2.2415,5115359.7
2025-11-05 06:00:00+00:00,2.2414,2.2423,2.2293,2.2342,5017948.1
2025-11-05 06:15:00+00:00,2.2343,2.2455,2.2301,2.239,4595453.0
2025-11-05 06:30:00+00:00,2.239,2.2482,2.2368,2.2416,3609287.6
2025-11-05 06:45:00+00:00,2.2416,2.252,2.2389,2.2503,3465848.6
2025-11-05 07:00:00+00:00,2.2503,2.2505,2.2366,2.2399,4041941.4
2025-11-05 07:15:00+00:00,2.2398,2.2406,2.2309,2.236,4525214.1
2025-11-05 07:30:00+00:00,2.2359,2.2457,2.2332,2.2457,2945847.0
2025-11-05 07:45:00+00:00,2.2456,2.2519,2.2447,2.2453,3506013.5
2025-11-05 08:00:00+00:00,2.2452,2.2452,2.2311,2.2328,6224558.7
2025-11-05 08:15:00+00:00,2.2327,2.2331,2.2037,2.2142,16579905.9
2025-11-05 08:30:00+00:00,2.2143,2.2285,2.2116,2.2176,7237321.6
2025-11-05 08:45:00+00:00,2.2176,2.2234,2.2042,2.221,7903233.4
2025-11-05 09:00:00+00:00,2.221,2.237,2.2171,2.2301,8885760.5
2025-11-05 09:15:00+00:00,2.23,2.2356,2.2201,2.2322,5699555.3
2025-11-05 09:30:00+00:00,2.2321,2.2349,2.2226,2.2319,4328762.1
2025-11-05 09:45:00+00:00,2.2318,2.2384,2.2297,2.2362,4961537.6
2025-11-05 10:00:00+00:00,2.2362,2.2393,2.2257,2.2278,6184065.1
2025-11-05 10:15:00+00:00,2.2278,2.2301,2.2196,2.2294,4208176.8
2025-11-05 10:30:00+00:00,2.2294,2.235,2.218,2.2206,5587251.1
2025-11-05 10:45:00+00:00,2.2206,2.2216,2.2069,2.2098,5432236.2
2025-11-05 11:00:00+00:00,2.2099,2.2266,2.2094,2.2219,5956590.2
2025-11-05 11:15:00+00:00,2.222,2.235,2.2219,2.2273,4441564.5
2025-11-05 11:30:00+00:00,2.2273,2.2379,2.227,2.2346,3661632.1
2025-11-05 11:45:00+00:00,2.2345,2.2429,2.2322,2.2354,4906296.3
2025-11-05 12:00:00+00:00,2.2354,2.2365,2.2292,2.2339,4460326.4
2025-11-05 12:15:00+00:00,2.234,2.2522,2.2321,2.2442,9777129.5
2025-11-05 12:30:00+00:00,2.2441,2.2476,2.2362,2.2474,4926304.2
2025-11-05 12:45:00+00:00,2.2474,2.2475,2.238,2.2474,5658260.4
2025-11-05 13:00:00+00:00,2.2473,2.2504,2.2397,2.2425,5068737.1
2025-11-05 13:15:00+00:00,2.2426,2.2504,2.2391,2.2487,4639125.1
2025-11-05 13:30:00+00:00,2.2487,2.2588,2.2419,2.2568,7904421.2
2025-11-05 13:45:00+00:00,2.2568,2.2874,2.2527,2.2616,31009895.5
2025-11-05 14:00:00+00:00,2.2615,2.2837,2.2587,2.2689,26404381.4
2025-11-05 14:15:00+00:00,2.2689,2.2737,2.2601,2.261,9141061.0
2025-11-05 14:30:00+00:00,2.261,2.265,2.2399,2.2545,20865185.6
2025-11-05 14:45:00+00:00,2.2545,2.2725,2.2518,2.2599,11834368.9
2025-11-05 15:00:00+00:00,2.26,2.2659,2.2497,2.2543,8585633.4
2025-11-05 15:15:00+00:00,2.2542,2.2638,2.2487,2.2597,6050219.1
2025-11-05 15:30:00+00:00,2.2596,2.2737,2.2563,2.2687,8447952.8
2025-11-05 15:45:00+00:00,2.2688,2.2754,2.2663,2.275,7236925.0
2025-11-05 16:00:00+00:00,2.2749,2.2774,2.254,2.2557,10710715.9
2025-11-05 16:15:00+00:00,2.2557,2.264,2.2524,2.2637,7654822.2
2025-11-05 16:30:00+00:00,2.2636,2.2756,2.2621,2.2695,6739952.2
2025-11-05 16:45:00+00:00,2.2696,2.2884,2.2695,2.284,9607090.6
2025-11-05 17:00:00+00:00,2.284,2.284,2.2653,2.2669,8114352.8
2025-11-05 17:15:00+00:00,2.2669,2.28,2.2658,2.2759,4852524.4
2025-11-05 17:30:00+00:00,2.2759,2.2802,2.271,2.2748,4405896.5
2025-11-05 17:45:00+00:00,2.2749,2.2914,2.2696,2.2842,12930701.9
2025-11-05 18:00:00+00:00,2.2842,2.2857,2.2761,2.2776,5940378.8
2025-11-05 18:15:00+00:00,2.2776,2.2856,2.276,2.2835,6851739.3
2025-11-05 18:30:00+00:00,2.2836,2.2909,2.2781,2.2886,8324938.6
2025-11-05 18:45:00+00:00,2.2886,2.3082,2.2848,2.3029,20356360.1
2025-11-05 19:00:00+00:00,2.3029,2.3052,2.2912,2.2962,7611494.7
2025-11-05 19:15:00+00:00,2.2963,2.32,2.2952,2.3099,14917171.6
2025-11-05 19:30:00+00:00,2.3099,2.3194,2.309,2.3163,10239195.7
2025-11-05 19:45:00+00:00,2.3163,2.325,2.3051,2.3208,10917778.8
2025-11-05 20:00:00+00:00,2.3208,2.3457,2.3159,2.3427,16205027.1
2025-11-05 20:15:00+00:00,2.3426,2.3618,2.3401,2.342,16784351.1
2025-11-05 20:30:00+00:00,2.342,2.3625,2.3335,2.3548,17034614.3
2025-11-05 20:45:00+00:00,2.3547,2.376,2.3457,2.3588,22937058.8
2025-11-05 21:00:00+00:00,2.3588,2.3599,2.3416,2.3481,14612470.0
2025-11-05 21:15:00+00:00,2.3481,2.3694,2.3454,2.3543,7597829.8
2025-11-05 21:30:00+00:00,2.3542,2.3542,2.3371,2.3381,10141541.4
2025-11-05 21:45:00+00:00,2.3381,2.351,2.3376,2.3388,5229701.5
2025-11-05 22:00:00+00:00,2.3388,2.3429,2.3299,2.3341,8254144.2
2025-11-05 22:15:00+00:00,2.3341,2.3535,2.3334,2.3479,4391413.7
2025-11-05 22:30:00+00:00,2.3479,2.355,2.3335,2.3416,4746499.5
2025-11-05 22:45:00+00:00,2.3416,2.3599,2.3416,2.3518,3276041.5
2025-11-05 23:00:00+00:00,2.3517,2.3581,2.3433,2.3488,6427020.2
2025-11-05 23:15:00+00:00,2.3488,2.3564,2.3446,2.348,8579143.5
2025-11-05 23:30:00+00:00,2.3479,2.3509,2.342,2.348,3790541.1
2025-11-05 23:45:00+00:00,2.348,2.3534,2.3404,2.342,3719538.5
2025-11-06 00:00:00+00:00,2.3421,2.353,2.3333,2.3492,7587956.1
2025-11-06 00:15:00+00:00,2.3492,2.3499,2.3358,2.3476,4859233.6
2025-11-06 00:30:00+00:00,2.3476,2.3508,2.3402,2.3424,4161247.5
2025-11-06 00:45:00+00:00,2.3424,2.3488,2.3358,2.3442,3850848.8
2025-11-06 01:00:00+00:00,2.3442,2.3442,2.324,2.3307,8344371.7
2025-11-06 01:15:00+00:00,2.3306,2.3326,2.309,2.3148,16349078.4
2025-11-06 01:30:00+00:00,2.3148,2.3439,2.3148,2.3343,12518709.2
2025-11-06 01:45:00+00:00,2.3342,2.3437,2.3309,2.3388,5937277.0
2025-11-06 02:00:00+00:00,2.3388,2.3411,2.3211,2.3235,5384648.5
2025-11-06 02:15:00+00:00,2.3235,2.3346,2.3235,2.3319,4021913.3
2025-11-06 02:30:00+00:00,2.3319,2.3781,2.3316,2.3731,17348438.8
2025-11-06 02:45:00+00:00,2.3731,2.416,2.369,2.3854,33144483.1
2025-11-06 03:00:00+00:00,2.3854,2.3894,2.3585,2.3625,13367383.1
2025-11-06 03:15:00+00:00,2.3625,2.3776,2.35,2.354,11100277.2
2025-11-06 03:30:00+00:00,2.3541,2.3632,2.3535,2.3579,4009716.3
2025-11-06 03:45:00+00:00,2.3579,2.3648,2.3553,2.3576,4406934.3
2025-11-06 04:00:00+00:00,2.3577,2.3619,2.3461,2.353,5767740.8
2025-11-06 04:15:00+00:00,2.3531,2.3545,2.345,2.3472,3904357.6
2025-11-06 04:30:00+00:00,2.3473,2.3534,2.3447,2.3532,2398214.8
2025-11-06 04:45:00+00:00,2.3533,2.3633,2.3524,2.3617,4688017.4
2025-11-06 05:00:00+00:00,2.3617,2.3623,2.3357,2.3384,4927758.7
2025-11-06 05:15:00+00:00,2.3384,2.3395,2.3308,2.3352,5898090.6
2025-11-06 05:30:00+00:00,2.3352,2.3373,2.3273,2.3332,4327661.5
2025-11-06 05:45:00+00:00,2.3331,2.3343,2.3258,2.3288,3369780.6
2025-11-06 06:00:00+00:00,2.3287,2.3364,2.3227,2.3305,5557037.4
2025-11-06 06:15:00+00:00,2.3306,2.3365,2.3241,2.3281,5633184.9
2025-11-06 06:30:00+00:00,2.3282,2.3309,2.3183,2.3243,4863194.5
2025-11-06 06:45:00+00:00,2.3243,2.3251,2.3165,2.3181,3804779.0
2025-11-06 07:00:00+00:00,2.3181,2.3284,2.3166,2.3221,3486206.2
2025-11-06 07:15:00+00:00,2.3221,2.3316,2.3103,2.3278,8854940.1
2025-11-06 07:30:00+00:00,2.3279,2.3306,2.3182,2.3226,4830196.6
2025-11-06 07:45:00+00:00,2.3226,2.3282,2.3206,2.3249,2758309.2
2025-11-06 08:00:00+00:00,2.3248,2.3291,2.3183,2.3261,3226523.0
2025-11-06 08:15:00+00:00,2.3262,2.3323,2.3227,2.3246,3451389.5
2025-11-06 08:30:00+00:00,2.3247,2.3264,2.3191,2.3193,2684750.9
2025-11-06 08:45:00+00:00,2.3193,2.3227,2.3136,2.3212,3229407.2
2025-11-06 09:00:00+00:00,2.3213,2.3248,2.2997,2.3134,15758464.4
2025-11-06 09:15:00+00:00,2.3133,2.3155,2.3055,2.3067,5315086.7
2025-11-06 09:30:00+00:00,2.3068,2.3136,2.3065,2.3088,5199279.5
2025-11-06 09:45:00+00:00,2.3089,2.3105,2.3026,2.305,4083374.8
2025-11-06 10:00:00+00:00,2.3049,2.3096,2.2983,2.2992,9225295.6
2025-11-06 10:15:00+00:00,2.2993,2.3125,2.2939,2.3074,7303002.1
2025-11-06 10:30:00+00:00,2.3075,2.3166,2.3026,2.3059,5959686.3
2025-11-06 10:45:00+00:00,2.3059,2.3094,2.3013,2.3052,2722307.0
2025-11-06 11:00:00+00:00,2.3052,2.3073,2.2879,2.2926,16044548.4
2025-11-06 11:15:00+00:00,2.2927,2.2982,2.2893,2.2963,4538146.2
2025-11-06 11:30:00+00:00,2.2964,2.3,2.2869,2.294,5701607.7
2025-11-06 11:45:00+00:00,2.294,2.2993,2.2938,2.299,2192347.8
2025-11-06 12:00:00+00:00,2.299,2.3017,2.2936,2.2968,4470404.6
2025-11-06 12:15:00+00:00,2.2969,2.2975,2.2853,2.2874,5145578.0
2025-11-06 12:30:00+00:00,2.2874,2.2935,2.2764,2.2774,10313231.0
2025-11-06 12:45:00+00:00,2.2773,2.2829,2.276,2.2793,6773678.2
2025-11-06 13:00:00+00:00,2.2793,2.2923,2.2773,2.2906,6564866.5
2025-11-06 13:15:00+00:00,2.2905,2.3093,2.2899,2.3023,14880869.6
2025-11-06 13:30:00+00:00,2.3022,2.3045,2.2954,2.3035,4972712.0
2025-11-06 13:45:00+00:00,2.3035,2.3093,2.3,2.301,5808712.7
2025-11-06 14:00:00+00:00,2.301,2.3058,2.2816,2.2891,7549563.0
2025-11-06 14:15:00+00:00,2.2891,2.291,2.2791,2.2832,4441755.6
2025-11-06 14:30:00+00:00,2.2832,2.2838,2.2648,2.2711,14312930.6
2025-11-06 14:45:00+00:00,2.2711,2.2819,2.2553,2.2576,16192634.2
2025-11-06 15:00:00+00:00,2.2576,2.2618,2.2516,2.2572,15146897.2
2025-11-06 15:15:00+00:00,2.2573,2.27,2.2523,2.2527,15134877.3
2025-11-06 15:30:00+00:00,2.2528,2.2541,2.2266,2.2288,25107304.8
2025-11-06 15:45:00+00:00,2.2289,2.24,2.2272,2.2331,13396624.1
2025-11-06 16:00:00+00:00,2.2332,2.2483,2.2316,2.2349,12080803.6
2025-11-06 16:15:00+00:00,2.2349,2.2391,2.2307,2.2383,7397291.0
2025-11-06 16:30:00+00:00,2.2382,2.2383,2.2076,2.2167,17432910.4
2025-11-06 16:45:00+00:00,2.2167,2.2324,2.2126,2.2269,12142852.3
2025-11-06 17:00:00+00:00,2.2268,2.238,2.2161,2.2229,23415777.4
2025-11-06 17:15:00+00:00,2.2228,2.2313,2.2131,2.229,18608533.2
2025-11-06 17:30:00+00:00,2.2289,2.2391,2.2241,2.2309,18434747.6
2025-11-06 17:45:00+00:00,2.2308,2.2455,2.2306,2.2383,9973237.3
2025-11-06 18:00:00+00:00,2.2383,2.2419,2.2212,2.2261,9288520.6
2025-11-06 18:15:00+00:00,2.2261,2.227,2.2086,2.2182,17539716.2
2025-11-06 18:30:00+00:00,2.2182,2.2388,2.2173,2.2335,8243314.9
2025-11-06 18:45:00+00:00,2.2335,2.2434,2.2271,2.2296,6711143.2
2025-11-06 19:00:00+00:00,2.2295,2.2313,2.2212,2.2277,6048749.9
2025-11-06 19:15:00+00:00,2.2278,2.2311,2.2201,2.2208,4863651.7
2025-11-06 19:30:00+00:00,2.2208,2.2212,2.2012,2.2099,11964171.0
2025-11-06 19:45:00+00:00,2.2098,2.2146,2.202,2.2102,5529056.9
2025-11-06 20:00:00+00:00,2.2102,2.2219,2.2102,2.2118,5121545.3
2025-11-06 20:15:00+00:00,2.2118,2.2241,2.2089,2.2098,3977779.9
2025-11-06 20:30:00+00:00,2.2098,2.2108,2.1873,2.1899,18079444.0
2025-11-06 20:45:00+00:00,2.19,2.2005,2.1782,2.1941,31206022.5
2025-11-06 21:00:00+00:00,2.1941,2.1991,2.1785,2.1954,13908869.6
2025-11-06 21:15:00+00:00,2.1953,2.2089,2.1939,2.2001,7823129.6
2025-11-06 21:30:00+00:00,2.2001,2.2164,2.1989,2.2126,8396207.6
2025-11-06 21:45:00+00:00,2.2125,2.2178,2.2045,2.214,5341476.2
2025-11-06 22:00:00+00:00,2.2141,2.2223,2.2112,2.2171,7416044.5
2025-11-06 22:15:00+00:00,2.217,2.2228,2.2132,2.2156,4267451.0
2025-11-06 22:30:00+00:00,2.2156,2.22,2.206,2.2122,3383093.9
2025-11-06 22:45:00+00:00,2.2122,2.2213,2.206,2.2181,3707119.0
2025-11-06 23:00:00+00:00,2.218,2.218,2.2024,2.2068,4744313.6
2025-11-06 23:15:00+00:00,2.2069,2.2089,2.1978,2.2044,5614210.8
2025-11-06 23:30:00+00:00,2.2044,2.2066,2.1972,2.2066,3093869.1
2025-11-06 23:45:00+00:00,2.2066,2.2126,2.2064,2.2117,3476044.6
2025-11-07 00:00:00+00:00,2.2117,2.2193,2.208,2.2132,8009161.8
2025-11-07 00:15:00+00:00,2.2132,2.2198,2.2029,2.206,5312195.8
2025-11-07 00:30:00+00:00,2.2061,2.2223,2.2036,2.2219,5834475.9
2025-11-07 00:45:00+00:00,2.222,2.2263,2.2118,2.2187,8175163.0
2025-11-07 01:00:00+00:00,2.2187,2.2243,2.2028,2.2128,8493490.8
2025-11-07 01:15:00+00:00,2.2128,2.224,2.2099,2.2151,5984929.1
2025-11-07 01:30:00+00:00,2.215,2.215,2.1905,2.1989,9543281.3
2025-11-07 01:45:00+00:00,2.1989,2.2182,2.1926,2.2174,6778270.4
2025-11-07 02:00:00+00:00,2.2174,2.2204,2.2098,2.2111,4675439.1
2025-11-07 02:15:00+00:00,2.2112,2.2157,2.2014,2.2053,5329773.2
2025-11-07 02:30:00+00:00,2.2054,2.2174,2.2045,2.2147,3706788.0
2025-11-07 02:45:00+00:00,2.2147,2.222,2.212,2.221,3383116.3
2025-11-07 03:00:00+00:00,2.2211,2.2361,2.2188,2.2353,9639954.0
2025-11-07 03:15:00+00:00,2.2353,2.2358,2.2272,2.2336,4313494.6
2025-11-07 03:30:00+00:00,2.2335,2.2335,2.224,2.2266,3781339.8
2025-11-07 03:45:00+00:00,2.2265,2.2296,2.2224,2.2278,3612868.1
2025-11-07 04:00:00+00:00,2.2278,2.2296,2.2137,2.2143,6188149.3
2025-11-07 04:15:00+00:00,2.2143,2.2268,2.2143,2.2234,2921019.5
2025-11-07 04:30:00+00:00,2.2233,2.2233,2.2101,2.2152,2426166.4
2025-11-07 04:45:00+00:00,2.2152,2.2232,2.2128,2.2202,2501858.0
2025-11-07 05:00:00+00:00,2.2202,2.2366,2.219,2.2322,5738017.4
2025-11-07 05:15:00+00:00,2.2322,2.2343,2.2254,2.2283,2876928.5
2025-11-07 05:30:00+00:00,2.2283,2.2313,2.2254,2.2284,3046422.1
2025-11-07 05:45:00+00:00,2.2284,2.2373,2.2247,2.2351,3437674.2
2025-11-07 06:00:00+00:00,2.235,2.2367,2.2298,2.2331,3342496.2
2025-11-07 06:15:00+00:00,2.233,2.2388,2.2315,2.2343,3379070.2
2025-11-07 06:30:00+00:00,2.2343,2.2344,2.2251,2.2258,3114212.9
2025-11-07 06:45:00+00:00,2.2259,2.2263,2.2207,2.2208,2299478.2
2025-11-07 07:00:00+00:00,2.2208,2.2262,2.2206,2.2244,2293071.9
2025-11-07 07:15:00+00:00,2.2245,2.2305,2.2174,2.2219,3372366.2
2025-11-07 07:30:00+00:00,2.2219,2.2234,2.2155,2.2208,3437002.6
2025-11-07 07:45:00+00:00,2.2209,2.2329,2.2208,2.232,3729648.7
2025-11-07 08:00:00+00:00,2.232,2.2332,2.2283,2.2311,2972685.4
2025-11-07 08:15:00+00:00,2.2311,2.233,2.2205,2.2239,2540286.1
2025-11-07 08:30:00+00:00,2.224,2.2262,2.2176,2.221,3096254.4
2025-11-07 08:45:00+00:00,2.2211,2.2211,2.2162,2.2174,2366578.1
2025-11-07 09:00:00+00:00,2.2175,2.2184,2.2059,2.2125,6086420.2
2025-11-07 09:15:00+00:00,2.2126,2.2184,2.1971,2.1983,6886668.9
2025-11-07 09:30:00+00:00,2.1983,2.2049,2.1912,2.1956,8672993.3
2025-11-07 09:45:00+00:00,2.1957,2.2024,2.1943,2.1998,5188809.6
2025-11-07 10:00:00+00:00,2.1998,2.2098,2.1953,2.2001,6026832.1
2025-11-07 10:15:00+00:00,2.2002,2.2009,2.1854,2.1894,7491464.9
2025-11-07 10:30:00+00:00,2.1895,2.1961,2.1886,2.1959,3002541.2
2025-11-07 10:45:00+00:00,2.1959,2.1966,2.1756,2.184,9625188.3
2025-11-07 11:00:00+00:00,2.184,2.184,2.167,2.1676,14536880.4
2025-11-07 11:15:00+00:00,2.1676,2.1823,2.1627,2.1738,21701235.9
2025-11-07 11:30:00+00:00,2.1739,2.1848,2.1708,2.181,10187098.3
2025-11-07 11:45:00+00:00,2.181,2.1934,2.1773,2.1868,9680931.6
2025-11-07 12:00:00+00:00,2.1868,2.1969,2.1827,2.1837,7471181.4
2025-11-07 12:15:00+00:00,2.1837,2.184,2.1658,2.1683,10689772.8
2025-11-07 12:30:00+00:00,2.1684,2.1704,2.1563,2.1669,11977874.5
2025-11-07 12:45:00+00:00,2.1669,2.1705,2.1529,2.1678,12222721.8
2025-11-07 13:00:00+00:00,2.1678,2.1798,2.1575,2.1736,7587199.2
2025-11-07 13:15:00+00:00,2.1737,2.1968,2.1713,2.1812,15585467.1
2025-11-07 13:30:00+00:00,2.1811,2.1899,2.1772,2.1813,5645315.8
2025-11-07 13:45:00+00:00,2.1813,2.1928,2.1803,2.1854,5038933.9
2025-11-07 14:00:00+00:00,2.1853,2.1953,2.1789,2.1892,6653620.3
2025-11-07 14:15:00+00:00,2.1891,2.1895,2.1782,2.1857,5676132.6
2025-11-07 14:30:00+00:00,2.1858,2.1989,2.1557,2.1987,27251764.1
2025-11-07 14:45:00+00:00,2.1988,2.2145,2.1894,2.2035,20346675.0
2025-11-07 15:00:00+00:00,2.2036,2.215,2.1872,2.208,16624639.1
2025-11-07 15:15:00+00:00,2.2081,2.2141,2.195,2.2064,12183639.2
2025-11-07 15:30:00+00:00,2.2065,2.2082,2.1944,2.2057,7668496.6
2025-11-07 15:45:00+00:00,2.2057,2.2193,2.2028,2.2113,10142220.7
2025-11-07 16:00:00+00:00,2.2113,2.2168,2.2004,2.2042,13661358.6
2025-11-07 16:15:00+00:00,2.2042,2.2474,2.2033,2.2426,22125357.7
2025-11-07 16:30:00+00:00,2.2425,2.2483,2.2285,2.2464,18610846.2
2025-11-07 16:45:00+00:00,2.2464,2.2767,2.2439,2.2621,31912882.0
2025-11-07 17:00:00+00:00,2.2622,2.2751,2.2491,2.2718,13424605.0
2025-11-07 17:15:00+00:00,2.2717,2.3184,2.2709,2.3173,37578845.2
2025-11-07 17:30:00+00:00,2.3172,2.3382,2.3074,2.3196,32168528.2
2025-11-07 17:45:00+00:00,2.3196,2.3205,2.2911,2.3086,23156508.5
2025-11-07 18:00:00+00:00,2.3086,2.3246,2.2993,2.3181,15328165.0
2025-11-07 18:15:00+00:00,2.318,2.3336,2.3122,2.332,11072178.9
2025-11-07 18:30:00+00:00,2.3319,2.348,2.3251,2.3359,11873105.4
2025-11-07 18:45:00+00:00,2.3359,2.3396,2.3255,2.3355,10163301.5
2025-11-07 19:00:00+00:00,2.3356,2.3473,2.3228,2.3441,10450424.4
2025-11-07 19:15:00+00:00,2.3442,2.3463,2.334,2.3368,6883469.1
2025-11-07 19:30:00+00:00,2.3368,2.3549,2.3345,2.3512,9330444.6
2025-11-07 19:45:00+00:00,2.3511,2.3527,2.3404,2.3521,7228141.0
2025-11-07 20:00:00+00:00,2.352,2.3568,2.3366,2.3486,8772760.6
2025-11-07 20:15:00+00:00,2.3486,2.3502,2.3328,2.3417,9592229.7
2025-11-07 20:30:00+00:00,2.3418,2.3687,2.3417,2.3667,11631227.8
2025-11-07 20:45:00+00:00,2.3666,2.3727,2.3559,2.3635,19675863.7
2025-11-07 21:00:00+00:00,2.3635,2.3652,2.3505,2.3521,8535774.9
2025-11-07 21:15:00+00:00,2.3521,2.357,2.344,2.349,5176604.0
2025-11-07 21:30:00+00:00,2.349,2.3505,2.3384,2.3418,11752756.2
2025-11-07 21:45:00+00:00,2.3418,2.3441,2.3335,2.3425,8152694.1
2025-11-07 22:00:00+00:00,2.3424,2.349,2.3302,2.3364,6867325.2
2025-11-07 22:15:00+00:00,2.3363,2.3401,2.3308,2.3394,4703781.6
2025-11-07 22:30:00+00:00,2.3393,2.3397,2.326,2.3317,6116301.9
2025-11-07 22:45:00+00:00,2.3316,2.3382,2.325,2.3293,4398328.9
2025-11-07 23:00:00+00:00,2.3293,2.3308,2.32,2.3205,8891709.2
2025-11-07 23:15:00+00:00,2.3205,2.3222,2.3109,2.3143,12575149.5
2025-11-07 23:30:00+00:00,2.3144,2.3254,2.3144,2.318,6325165.7
2025-11-07 23:45:00+00:00,2.318,2.3215,2.3122,2.3149,3761679.8
2025-11-08 00:00:00+00:00,2.3149,2.3232,2.3133,2.3216,7788791.0
2025-11-08 00:15:00+00:00,2.3217,2.3265,2.3075,2.3113,10198483.2
2025-11-08 00:30:00+00:00,2.3112,2.3138,2.2983,2.3081,10843936.1
2025-11-08 00:45:00+00:00,2.3081,2.3263,2.2991,2.2999,11664297.1
2025-11-08 01:00:00+00:00,2.2998,2.3178,2.2986,2.309,8473081.8
2025-11-08 01:15:00+00:00,2.3091,2.3189,2.3088,2.3118,3461502.7
2025-11-08 01:30:00+00:00,2.3119,2.3177,2.3048,2.3102,4287628.4
2025-11-08 01:45:00+00:00,2.3103,2.3134,2.3033,2.3094,3135042.6
2025-11-08 02:00:00+00:00,2.3094,2.3195,2.3028,2.3154,3717816.9
2025-11-08 02:15:00+00:00,2.3154,2.326,2.3137,2.3202,5404329.5
2025-11-08 02:30:00+00:00,2.3202,2.332,2.3193,2.327,7623310.6
2025-11-08 02:45:00+00:00,2.3271,2.3318,2.3144,2.3159,4383745.0
2025-11-08 03:00:00+00:00,2.3159,2.3308,2.3149,2.3235,4303480.9
2025-11-08 03:15:00+00:00,2.3235,2.3378,2.3168,2.3288,8501523.6
2025-11-08 03:30:00+00:00,2.3288,2.3299,2.311,2.3142,4450273.2
2025-11-08 03:45:00+00:00,2.3143,2.3256,2.314,2.3175,4789311.1
2025-11-08 04:00:00+00:00,2.3176,2.3293,2.3176,2.3259,4080953.9
2025-11-08 04:15:00+00:00,2.3259,2.33,2.3191,2.3208,2254963.5
2025-11-08 04:30:00+00:00,2.3209,2.3344,2.3183,2.3322,5117839.7
2025-11-08 04:45:00+00:00,2.3323,2.3356,2.3239,2.3255,3278794.9
2025-11-08 05:00:00+00:00,2.3255,2.3326,2.3223,2.3277,3294494.6
2025-11-08 05:15:00+00:00,2.3277,2.3333,2.3205,2.3274,3298724.7
2025-11-08 05:30:00+00:00,2.3274,2.3276,2.3119,2.3147,3247627.1
2025-11-08 05:45:00+00:00,2.3147,2.3194,2.3083,2.3141,3573527.6
2025-11-08 06:00:00+00:00,2.3142,2.3173,2.2935,2.2953,16132356.8
2025-11-08 06:15:00+00:00,2.2952,2.3092,2.2952,2.301,8719933.1
2025-11-08 06:30:00+00:00,2.3011,2.3198,2.3006,2.3161,3601249.1
2025-11-08 06:45:00+00:00,2.316,2.3234,2.3156,2.3219,3360272.2
2025-11-08 07:00:00+00:00,2.3219,2.3248,2.3135,2.3198,2805276.3
2025-11-08 07:15:00+00:00,2.3198,2.3233,2.2978,2.309,7740528.5
2025-11-08 07:30:00+00:00,2.309,2.3177,2.3026,2.3166,3150044.7
2025-11-08 07:45:00+00:00,2.3166,2.3279,2.316,2.3214,2823507.4
2025-11-08 08:00:00+00:00,2.3213,2.3285,2.32,2.3231,3540874.9
2025-11-08 08:15:00+00:00,2.3231,2.333,2.3127,2.3307,3817102.7
2025-11-08 08:30:00+00:00,2.3306,2.3323,2.3256,2.3265,3217013.6
2025-11-08 08:45:00+00:00,2.3265,2.3265,2.3204,2.3206,2537004.2
2025-11-08 09:00:00+00:00,2.3206,2.3213,2.3131,2.3178,3045334.5
2025-11-08 09:15:00+00:00,2.3177,2.3259,2.3147,2.323,2795391.6
2025-11-08 09:30:00+00:00,2.323,2.326,2.315,2.3151,1957223.5
2025-11-08 09:45:00+00:00,2.315,2.3164,2.307,2.3104,3066566.4
2025-11-08 10:00:00+00:00,2.3104,2.3182,2.3066,2.3164,2269626.5
2025-11-08 10:15:00+00:00,2.3164,2.3187,2.3105,2.316,2962392.3
2025-11-08 10:30:00+00:00,2.316,2.3166,2.3106,2.3119,2140896.3
2025-11-08 10:45:00+00:00,2.3119,2.3157,2.3106,2.3119,1477273.8
2025-11-08 11:00:00+00:00,2.3119,2.3171,2.3089,2.3166,2313394.3
2025-11-08 11:15:00+00:00,2.3165,2.3165,2.3098,2.3138,2497269.3
2025-11-08 11:30:00+00:00,2.3137,2.3142,2.2975,2.2985,5983359.1
2025-11-08 11:45:00+00:00,2.2985,2.3016,2.29,2.2946,8112972.1
2025-11-08 12:00:00+00:00,2.2946,2.3009,2.2863,2.2874,5434993.4
2025-11-08 12:15:00+00:00,2.2875,2.2976,2.2874,2.2958,3589693.6
2025-11-08 12:30:00+00:00,2.2958,2.2959,2.2894,2.2894,2503606.4
2025-11-08 12:45:00+00:00,2.2894,2.2935,2.2862,2.2929,3621230.6
2025-11-08 13:00:00+00:00,2.2929,2.2944,2.2738,2.2833,8639648.9
2025-11-08 13:15:00+00:00,2.2833,2.2876,2.2764,2.2857,3752703.7
2025-11-08 13:30:00+00:00,2.2856,2.2884,2.275,2.2847,4535308.6
2025-11-08 13:45:00+00:00,2.2847,2.2859,2.2765,2.2777,2949395.5
2025-11-08 14:00:00+00:00,2.2776,2.2802,2.2665,2.2695,9980072.3
2025-11-08 14:15:00+00:00,2.2695,2.2751,2.2612,2.2711,8597747.2
2025-11-08 14:30:00+00:00,2.2712,2.2853,2.2692,2.2779,6101308.4
2025-11-08 14:45:00+00:00,2.2779,2.2835,2.2746,2.2749,4176059.9
2025-11-08 15:00:00+00:00,2.2749,2.2766,2.2632,2.2692,4950840.2
2025-11-08 15:15:00+00:00,2.2692,2.2721,2.253,2.2593,7369346.9
2025-11-08 15:30:00+00:00,2.2593,2.2611,2.2399,2.2461,9377128.0
2025-11-08 15:45:00+00:00,2.2461,2.2569,2.2457,2.255,4734909.6
2025-11-08 16:00:00+00:00,2.2549,2.267,2.2495,2.2654,6419607.4
2025-11-08 16:15:00+00:00,2.2654,2.2676,2.2561,2.2634,4270783.1
2025-11-08 16:30:00+00:00,2.2634,2.2718,2.2593,2.2644,4342410.5
2025-11-08 16:45:00+00:00,2.2644,2.2657,2.2548,2.2635,4358155.0
2025-11-08 17:00:00+00:00,2.2635,2.2638,2.2513,2.253,5569342.2
2025-11-08 17:15:00+00:00,2.2529,2.2654,2.2529,2.2609,4342090.0
2025-11-08 17:30:00+00:00,2.2609,2.2671,2.2572,2.2641,3346143.0
2025-11-08 17:45:00+00:00,2.2642,2.2698,2.2619,2.2694,2931068.6
2025-11-08 18:00:00+00:00,2.2695,2.2709,2.2659,2.2697,3013645.3
2025-11-08 18:15:00+00:00,2.2697,2.2697,2.2607,2.2653,2246648.5
2025-11-08 18:30:00+00:00,2.2653,2.2743,2.2653,2.2717,2872738.2
2025-11-08 18:45:00+00:00,2.2718,2.278,2.2709,2.2767,3003048.6
2025-11-08 19:00:00+00:00,2.2767,2.2767,2.2712,2.273,2412736.3
2025-11-08 19:15:00+00:00,2.2731,2.2737,2.2531,2.2592,5374080.5
2025-11-08 19:30:00+00:00,2.2592,2.2691,2.2565,2.2687,2379722.1
2025-11-08 19:45:00+00:00,2.2688,2.2731,2.2657,2.2717,1646888.7
2025-11-08 20:00:00+00:00,2.2718,2.276,2.2705,2.2731,2073783.4
2025-11-08 20:15:00+00:00,2.2731,2.2772,2.272,2.2758,1221864.2
2025-11-08 20:30:00+00:00,2.2759,2.2784,2.2731,2.2767,1575546.1
2025-11-08 20:45:00+00:00,2.2768,2.2798,2.2743,2.2768,1932808.8
2025-11-08 21:00:00+00:00,2.2768,2.2817,2.2732,2.2744,3665093.9
2025-11-08 21:15:00+00:00,2.2745,2.2833,2.2745,2.2807,2801671.7
2025-11-08 21:30:00+00:00,2.2808,2.2888,2.2784,2.2861,4537080.0
2025-11-08 21:45:00+00:00,2.2861,2.2867,2.2821,2.2847,2358790.5
2025-11-08 22:00:00+00:00,2.2847,2.2873,2.2776,2.2862,3587300.4
2025-11-08 22:15:00+00:00,2.2863,2.2876,2.2807,2.2853,1990881.7
2025-11-08 22:30:00+00:00,2.2854,2.2857,2.2778,2.2787,1608196.7
2025-11-08 22:45:00+00:00,2.2788,2.2871,2.2787,2.2859,1168626.6
2025-11-08 23:00:00+00:00,2.2859,2.2864,2.2791,2.2801,2911052.9
2025-11-08 23:15:00+00:00,2.28,2.2837,2.2797,2.2833,1458656.1
2025-11-08 23:30:00+00:00,2.2832,2.2849,2.2804,2.2841,1742992.1
2025-11-08 23:45:00+00:00,2.2841,2.2863,2.2826,2.2854,1142293.4
2025-11-09 00:00:00+00:00,2.2853,2.2859,2.2763,2.2764,2772345.9
2025-11-09 00:15:00+00:00,2.2763,2.2777,2.27,2.2752,4484890.8
2025-11-09 00:30:00+00:00,2.2751,2.284,2.275,2.2804,2044748.7
2025-11-09 00:45:00+00:00,2.2804,2.2814,2.2707,2.273,1943593.1
2025-11-09 01:00:00+00:00,2.2729,2.281,2.2722,2.2782,1631276.6
2025-11-09 01:15:00+00:00,2.2782,2.2791,2.2735,2.2749,1339987.8
2025-11-09 01:30:00+00:00,2.2749,2.2795,2.2686,2.2795,1867354.9
2025-11-09 01:45:00+00:00,2.2795,2.285,2.2795,2.2838,2753367.2
2025-11-09 02:00:00+00:00,2.2837,2.2838,2.2742,2.2758,2104156.1
2025-11-09 02:15:00+00:00,2.2758,2.2829,2.2743,2.2743,1930708.7
2025-11-09 02:30:00+00:00,2.2744,2.2744,2.258,2.2625,6528822.6
2025-11-09 02:45:00+00:00,2.2625,2.2679,2.254,2.2577,5136081.8
2025-11-09 03:00:00+00:00,2.2578,2.2638,2.2557,2.26,2607065.0
2025-11-09 03:15:00+00:00,2.2599,2.2638,2.2374,2.2446,15108726.2
2025-11-09 03:30:00+00:00,2.2446,2.2515,2.2393,2.2475,4795072.6
2025-11-09 03:45:00+00:00,2.2474,2.2562,2.2447,2.253,2738136.9
2025-11-09 04:00:00+00:00,2.253,2.2594,2.2518,2.2568,3692909.3
2025-11-09 04:15:00+00:00,2.2567,2.2643,2.2564,2.2626,3148075.7
2025-11-09 04:30:00+00:00,2.2626,2.2639,2.2527,2.255,2376712.0
2025-11-09 04:45:00+00:00,2.255,2.2624,2.253,2.2601,1574443.3
2025-11-09 05:00:00+00:00,2.2601,2.2603,2.2519,2.2599,2801794.5
2025-11-09 05:15:00+00:00,2.26,2.2699,2.26,2.2696,4133899.1
2025-11-09 05:30:00+00:00,2.2696,2.2722,2.2613,2.2665,2696295.1
2025-11-09 05:45:00+00:00,2.2665,2.2729,2.2658,2.27,1936903.6
2025-11-09 06:00:00+00:00,2.27,2.272,2.2665,2.2719,1765882.1
2025-11-09 06:15:00+00:00,2.2719,2.2818,2.2719,2.2806,4355258.5
2025-11-09 06:30:00+00:00,2.2805,2.2864,2.2766,2.2824,4235373.5
2025-11-09 06:45:00+00:00,2.2824,2.2832,2.2742,2.2784,2448996.9
2025-11-09 07:00:00+00:00,2.2783,2.2865,2.2772,2.2857,2734463.7
2025-11-09 07:15:00+00:00,2.2858,2.2888,2.2821,2.2877,3275893.9
2025-11-09 07:30:00+00:00,2.2877,2.2979,2.2876,2.2938,5785016.0
2025-11-09 07:45:00+00:00,2.2939,2.2962,2.2912,2.2945,2786850.4
2025-11-09 08:00:00+00:00,2.2945,2.295,2.2873,2.2932,3093286.7
2025-11-09 08:15:00+00:00,2.2932,2.2933,2.281,2.2818,3386871.0
2025-11-09 08:30:00+00:00,2.2818,2.2875,2.2765,2.2809,3138826.9
2025-11-09 08:45:00+00:00,2.281,2.281,2.2741,2.2797,2379213.4
2025-11-09 09:00:00+00:00,2.2797,2.2879,2.2796,2.2844,2981415.7
2025-11-09 09:15:00+00:00,2.2844,2.2898,2.2807,2.2814,2473319.7
2025-11-09 09:30:00+00:00,2.2814,2.2831,2.2756,2.2768,3230943.0
2025-11-09 09:45:00+00:00,2.2769,2.2775,2.2674,2.2681,4106260.9
2025-11-09 10:00:00+00:00,2.2681,2.2683,2.2559,2.2585,5779589.0
2025-11-09 10:15:00+00:00,2.2585,2.2657,2.2565,2.263,4379161.9
2025-11-09 10:30:00+00:00,2.2629,2.2641,2.2515,2.2597,4492493.6
2025-11-09 10:45:00+00:00,2.2597,2.2655,2.2592,2.2653,4064307.5
2025-11-09 11:00:00+00:00,2.2654,2.2764,2.2644,2.2761,6255454.2
2025-11-09 11:15:00+00:00,2.2761,2.2769,2.2702,2.272,2967805.3
2025-11-09 11:30:00+00:00,2.272,2.2736,2.2668,2.2728,2835818.9
2025-11-09 11:45:00+00:00,2.2728,2.2765,2.27,2.2736,3889128.4
2025-11-09 12:00:00+00:00,2.2736,2.2753,2.2685,2.2744,2882074.8
2025-11-09 12:15:00+00:00,2.2745,2.2821,2.2734,2.2741,6086141.2
2025-11-09 12:30:00+00:00,2.2741,2.2781,2.2716,2.2764,2161111.2
2025-11-09 12:45:00+00:00,2.2765,2.2781,2.2736,2.2739,2178121.8
2025-11-09 13:00:00+00:00,2.2739,2.2818,2.2695,2.2803,3769994.0
2025-11-09 13:15:00+00:00,2.2804,2.2811,2.2747,2.2794,2959060.5
2025-11-09 13:30:00+00:00,2.2795,2.2856,2.2766,2.2802,4778708.7
2025-11-09 13:45:00+00:00,2.2802,2.2849,2.2733,2.2762,6015984.5
2025-11-09 14:00:00+00:00,2.2762,2.2817,2.2655,2.2785,7297134.3
2025-11-09 14:15:00+00:00,2.2784,2.3174,2.2773,2.315,19353916.7
2025-11-09 14:30:00+00:00,2.315,2.3267,2.2976,2.3007,23698206.5
2025-11-09 14:45:00+00:00,2.3007,2.3022,2.2862,2.2898,8123024.7
2025-11-09 15:00:00+00:00,2.2899,2.3028,2.2876,2.2987,6218120.0
2025-11-09 15:15:00+00:00,2.2988,2.3094,2.2971,2.3086,4971050.4
2025-11-09 15:30:00+00:00,2.3086,2.317,2.306,2.3143,6031876.0
2025-11-09 15:45:00+00:00,2.3142,2.3327,2.3111,2.3132,17899948.8
2025-11-09 16:00:00+00:00,2.3133,2.3155,2.3008,2.3019,7685981.6
2025-11-09 16:15:00+00:00,2.3019,2.3178,2.2991,2.3148,5064645.1
2025-11-09 16:30:00+00:00,2.3149,2.3207,2.3102,2.318,3714113.7
2025-11-09 16:45:00+00:00,2.318,2.3304,2.3173,2.3246,4387976.8
2025-11-09 17:00:00+00:00,2.3245,2.3254,2.3151,2.3159,3260405.8
2025-11-09 17:15:00+00:00,2.3158,2.3167,2.305,2.3126,5540911.6
2025-11-09 17:30:00+00:00,2.3126,2.3161,2.3018,2.3049,5677096.9
2025-11-09 17:45:00+00:00,2.3049,2.3075,2.3028,2.3075,3229881.3
2025-11-09 18:00:00+00:00,2.3075,2.3096,2.3011,2.3013,2134143.9
2025-11-09 18:15:00+00:00,2.3014,2.3064,2.3005,2.3039,1599414.4
2025-11-09 18:30:00+00:00,2.3039,2.3155,2.3019,2.3151,3176945.4
2025-11-09 18:45:00+00:00,2.3152,2.3286,2.3132,2.3264,6346854.4
2025-11-09 19:00:00+00:00,2.3263,2.332,2.3241,2.3252,6414833.9
2025-11-09 19:15:00+00:00,2.3253,2.3359,2.3216,2.3345,4595574.5
2025-11-09 19:30:00+00:00,2.3346,2.3425,2.3326,2.3354,8011593.1
2025-11-09 19:45:00+00:00,2.3353,2.3485,2.333,2.3476,5430680.7
2025-11-09 20:00:00+00:00,2.3476,2.3535,2.337,2.3388,10048817.6
2025-11-09 20:15:00+00:00,2.3387,2.3437,2.3347,2.3388,3367519.9
2025-11-09 20:30:00+00:00,2.3389,2.3465,2.3369,2.3385,1936250.0
2025-11-09 20:45:00+00:00,2.3385,2.3404,2.3353,2.3387,1928184.1
2025-11-09 21:00:00+00:00,2.3388,2.3427,2.33,2.3326,2775180.2
2025-11-09 21:15:00+00:00,2.3325,2.3408,2.3318,2.3381,1541874.5
2025-11-09 21:30:00+00:00,2.3382,2.3396,2.332,2.3369,1676289.2
2025-11-09 21:45:00+00:00,2.337,2.3396,2.3312,2.3367,1878118.0
2025-11-09 22:00:00+00:00,2.3367,2.342,2.327,2.3419,3017493.8
2025-11-09 22:15:00+00:00,2.342,2.3424,2.3292,2.33,1970963.1
2025-11-09 22:30:00+00:00,2.33,2.3335,2.322,2.3332,4036442.0
2025-11-09 22:45:00+00:00,2.3331,2.3537,2.3331,2.3528,6431331.1
2025-11-09 23:00:00+00:00,2.3529,2.3944,2.3529,2.3672,31465940.4
2025-11-09 23:15:00+00:00,2.3673,2.3731,2.3533,2.3545,8931080.6
2025-11-09 23:30:00+00:00,2.3544,2.3645,2.3544,2.3586,5609235.7
2025-11-09 23:45:00+00:00,2.3586,2.3694,2.3575,2.3649,4396510.6
2025-11-10 00:00:00+00:00,2.3648,2.37,2.3449,2.3666,14191578.1
2025-11-10 00:15:00+00:00,2.3666,2.3877,2.3635,2.3781,8525224.1
2025-11-10 00:30:00+00:00,2.3781,2.4075,2.3772,2.406,10149961.9
2025-11-10 00:45:00+00:00,2.406,2.4282,2.4037,2.4149,15345578.5
2025-11-10 01:00:00+00:00,2.415,2.427,2.3986,2.4056,13375681.8
2025-11-10 01:15:00+00:00,2.4057,2.4109,2.3925,2.4005,10213788.7
2025-11-10 01:30:00+00:00,2.4005,2.4121,2.3961,2.3988,6726311.2
2025-11-10 01:45:00+00:00,2.3989,2.4101,2.3953,2.3985,5325778.6
2025-11-10 02:00:00+00:00,2.3985,2.4037,2.3856,2.4013,8561661.3
2025-11-10 02:15:00+00:00,2.4013,2.4096,2.3957,2.4038,3995115.7
2025-11-10 02:30:00+00:00,2.4039,2.4136,2.4005,2.402,4555163.8
2025-11-10 02:45:00+00:00,2.402,2.4229,2.4014,2.4229,5766911.2
2025-11-10 03:00:00+00:00,2.4228,2.4471,2.4228,2.4366,16163241.0
2025-11-10 03:15:00+00:00,2.4367,2.4442,2.4334,2.4413,5632190.7
2025-11-10 03:30:00+00:00,2.4414,2.4765,2.4386,2.4753,18393215.1
2025-11-10 03:45:00+00:00,2.4752,2.4752,2.4569,2.4604,9378381.8
2025-11-10 04:00:00+00:00,2.4604,2.4724,2.4581,2.4605,6757647.9
2025-11-10 04:15:00+00:00,2.4605,2.4699,2.4537,2.4616,7762771.9
2025-11-10 04:30:00+00:00,2.4616,2.4687,2.4539,2.4561,4497696.4
2025-11-10 04:45:00+00:00,2.4561,2.4666,2.45,2.4633,5247851.1
2025-11-10 05:00:00+00:00,2.4633,2.4699,2.4574,2.4588,3926351.1
2025-11-10 05:15:00+00:00,2.4588,2.4603,2.4469,2.456,4627555.1
2025-11-10 05:30:00+00:00,2.456,2.4628,2.4385,2.4473,8605386.5
2025-11-10 05:45:00+00:00,2.4474,2.4543,2.4453,2.4517,3866222.0
2025-11-10 06:00:00+00:00,2.4517,2.4567,2.4441,2.4553,5291766.7
2025-11-10 06:15:00+00:00,2.4553,2.4597,2.4409,2.4462,4738423.6
2025-11-10 06:30:00+00:00,2.4462,2.4623,2.4455,2.4605,5082972.5
2025-11-10 06:45:00+00:00,2.4605,2.4735,2.4593,2.4711,5942460.4
2025-11-10 07:00:00+00:00,2.4711,2.4855,2.4685,2.4808,9126609.1
2025-11-10 07:15:00+00:00,2.4808,2.4808,2.4672,2.4731,4817710.9
2025-11-10 07:30:00+00:00,2.4731,2.4895,2.4684,2.485,6742260.6
2025-11-10 07:45:00+00:00,2.4851,2.4924,2.4775,2.4793,4147561.0
2025-11-10 08:00:00+00:00,2.4793,2.4864,2.4702,2.4736,6637180.7
2025-11-10 08:15:00+00:00,2.4735,2.4857,2.4728,2.4824,4748535.0
2025-11-10 08:30:00+00:00,2.4824,2.4829,2.4686,2.4761,6043370.6
2025-11-10 08:45:00+00:00,2.4761,2.4976,2.4744,2.4952,8951684.8
2025-11-10 09:00:00+00:00,2.4953,2.4997,2.4828,2.4924,8077470.8
2025-11-10 09:15:00+00:00,2.4924,2.5065,2.4885,2.5048,8680253.1
2025-11-10 09:30:00+00:00,2.5048,2.5245,2.4993,2.523,11781300.6
2025-11-10 09:45:00+00:00,2.523,2.544,2.522,2.5378,16356419.2
2025-11-10 10:00:00+00:00,2.5378,2.5411,2.5218,2.5289,11782374.6
2025-11-10 10:15:00+00:00,2.5289,2.5513,2.5269,2.5381,12957098.1
2025-11-10 10:30:00+00:00,2.5381,2.551,2.5273,2.5397,11668876.2
2025-11-10 10:45:00+00:00,2.5397,2.5473,2.5308,2.5392,5657859.1
2025-11-10 11:00:00+00:00,2.5392,2.5725,2.5371,2.5616,18239486.7
2025-11-10 11:15:00+00:00,2.5616,2.5677,2.5491,2.5495,10798150.8
2025-11-10 11:30:00+00:00,2.5496,2.5496,2.5371,2.5455,11513572.9
2025-11-10 11:45:00+00:00,2.5454,2.5492,2.5372,2.5401,7550650.3
2025-11-10 12:00:00+00:00,2.54,2.5433,2.5252,2.5336,13835036.9
2025-11-10 12:15:00+00:00,2.5336,2.536,2.5218,2.5271,9327724.4
2025-11-10 12:30:00+00:00,2.5271,2.541,2.5265,2.5346,5908834.8
2025-11-10 12:45:00+00:00,2.5347,2.5356,2.526,2.5292,3425428.0
2025-11-10 13:00:00+00:00,2.5291,2.5557,2.5288,2.5507,10765384.2
2025-11-10 13:15:00+00:00,2.5507,2.5668,2.5507,2.5581,12564370.4
2025-11-10 13:30:00+00:00,2.5582,2.5696,2.5567,2.5572,7987366.6
2025-11-10 13:45:00+00:00,2.5572,2.5637,2.5549,2.5554,4289177.1
2025-11-10 14:00:00+00:00,2.5553,2.5593,2.5436,2.5504,10425595.7
2025-11-10 14:15:00+00:00,2.5505,2.56,2.544,2.5498,9541137.1
2025-11-10 14:30:00+00:00,2.5499,2.5513,2.53,2.5368,17570347.4
2025-11-10 14:45:00+00:00,2.5369,2.5405,2.4968,2.5084,50731649.4
2025-11-10 15:00:00+00:00,2.5084,2.5244,2.4989,2.5171,16001719.7
2025-11-10 15:15:00+00:00,2.5172,2.5271,2.5124,2.5234,9416518.2
2025-11-10 15:30:00+00:00,2.5234,2.5343,2.5185,2.5264,9748110.2
2025-11-10 15:45:00+00:00,2.5264,2.5333,2.5052,2.5291,16803528.1
2025-11-10 16:00:00+00:00,2.5291,2.5567,2.5247,2.5448,18384917.0
2025-11-10 16:15:00+00:00,2.5448,2.5453,2.5215,2.5251,11354803.7
2025-11-10 16:30:00+00:00,2.5251,2.533,2.5162,2.5217,9810131.6
2025-11-10 16:45:00+00:00,2.5217,2.5362,2.5124,2.5283,7882832.3
2025-11-10 17:00:00+00:00,2.5282,2.5448,2.5234,2.5385,6149098.4
2025-11-10 17:15:00+00:00,2.5384,2.5534,2.5376,2.5457,7200295.3
2025-11-10 17:30:00+00:00,2.5457,2.5597,2.5457,2.5569,6643705.3
2025-11-10 17:45:00+00:00,2.557,2.5629,2.5472,2.5498,8288092.1
2025-11-10 18:00:00+00:00,2.5498,2.5541,2.5324,2.5329,8330478.3
2025-11-10 18:15:00+00:00,2.5329,2.5438,2.5325,2.5361,4602398.6
2025-11-10 18:30:00+00:00,2.5361,2.5484,2.5357,2.5475,4308413.5
2025-11-10 18:45:00+00:00,2.5476,2.553,2.5372,2.5377,3981880.3
2025-11-10 19:00:00+00:00,2.5377,2.5584,2.5365,2.5537,5739539.1
2025-11-10 19:15:00+00:00,2.5537,2.5581,2.5452,2.5548,3934554.1
2025-11-10 19:30:00+00:00,2.5547,2.5592,2.5448,2.5551,4092462.3
2025-11-10 19:45:00+00:00,2.5551,2.5609,2.5457,2.548,4118536.1
2025-11-10 20:00:00+00:00,2.5479,2.5575,2.5419,2.5536,4187320.8
2025-11-10 20:15:00+00:00,2.5537,2.5599,2.5473,2.55,3901566.7
2025-11-10 20:30:00+00:00,2.5501,2.5766,2.5442,2.5758,14632046.9
2025-11-10 20:45:00+00:00,2.5757,2.5799,2.5533,2.5622,24221677.0
2025-11-10 21:00:00+00:00,2.5621,2.5637,2.527,2.544,17186142.6
2025-11-10 21:15:00+00:00,2.5441,2.5506,2.5233,2.5273,10297978.6
2025-11-10 21:30:00+00:00,2.5274,2.5317,2.5156,2.5249,6490661.7
2025-11-10 21:45:00+00:00,2.5249,2.527,2.5103,2.5164,7416315.1
2025-11-10 22:00:00+00:00,2.5164,2.5327,2.5117,2.5183,5848086.6
2025-11-10 22:15:00+00:00,2.5184,2.5296,2.5162,2.5252,3477879.2
2025-11-10 22:30:00+00:00,2.5253,2.5336,2.5184,2.5239,3451017.5
2025-11-10 22:45:00+00:00,2.5239,2.5325,2.5195,2.5306,3089791.6
2025-11-10 23:00:00+00:00,2.5306,2.5396,2.5275,2.5321,4951226.8
2025-11-10 23:15:00+00:00,2.5321,2.5334,2.5204,2.5283,5679271.6
2025-11-10 23:30:00+00:00,2.5284,2.5345,2.5233,2.5317,2919790.9
2025-11-10 23:45:00+00:00,2.5317,2.5334,2.5224,2.525,2409423.2
2025-11-11 00:00:00+00:00,2.5251,2.5453,2.5224,2.538,11101364.8
2025-11-11 00:15:00+00:00,2.538,2.5422,2.5257,2.5282,3373714.1
2025-11-11 00:30:00+00:00,2.5281,2.5331,2.5145,2.5146,5409898.4
2025-11-11 00:45:00+00:00,2.5145,2.5464,2.5118,2.5398,8126977.3
2025-11-11 01:00:00+00:00,2.5398,2.5444,2.5313,2.5417,3800460.5
2025-11-11 01:15:00+00:00,2.5417,2.5693,2.5416,2.5484,14359993.5
2025-11-11 01:30:00+00:00,2.5485,2.5523,2.5311,2.5344,6155180.8
2025-11-11 01:45:00+00:00,2.5344,2.5442,2.5187,2.5235,7563698.2
2025-11-11 02:00:00+00:00,2.5236,2.5333,2.514,2.5298,6699555.2
2025-11-11 02:15:00+00:00,2.5298,2.5367,2.5191,2.5362,3692056.9
2025-11-11 02:30:00+00:00,2.5363,2.5588,2.5344,2.5475,9073214.9
2025-11-11 02:45:00+00:00,2.5476,2.553,2.5303,2.5364,5514803.1
2025-11-11 03:00:00+00:00,2.5365,2.5457,2.5325,2.5452,3124058.7
2025-11-11 03:15:00+00:00,2.5453,2.547,2.5361,2.5362,3018760.9
2025-11-11 03:30:00+00:00,2.5361,2.5447,2.533,2.533,5067720.5
2025-11-11 03:45:00+00:00,2.533,2.5356,2.5279,2.5289,3102025.3
2025-11-11 04:00:00+00:00,2.5289,2.5317,2.5174,2.5198,4577586.3
2025-11-11 04:15:00+00:00,2.5197,2.5262,2.516,2.5179,3550232.4
2025-11-11 04:30:00+00:00,2.5179,2.5201,2.5054,2.5099,9103991.9
2025-11-11 04:45:00+00:00,2.5099,2.51,2.4925,2.4996,11564712.5
2025-11-11 05:00:00+00:00,2.4997,2.5017,2.4846,2.4883,11322339.2
2025-11-11 05:15:00+00:00,2.4883,2.4963,2.4858,2.49,5321525.4
2025-11-11 05:30:00+00:00,2.49,2.491,2.4768,2.4803,11693234.3
2025-11-11 05:45:00+00:00,2.4802,2.4831,2.4718,2.4751,9408247.4
2025-11-11 06:00:00+00:00,2.4751,2.4772,2.456,2.4605,26192326.0
2025-11-11 06:15:00+00:00,2.4605,2.4698,2.4553,2.4644,7230804.4
2025-11-11 06:30:00+00:00,2.4643,2.4744,2.4639,2.4665,5210598.8
2025-11-11 06:45:00+00:00,2.4665,2.4743,2.4565,2.472,5317475.6
2025-11-11 07:00:00+00:00,2.4719,2.4792,2.4588,2.4643,6302219.7
2025-11-11 07:15:00+00:00,2.4644,2.4669,2.453,2.4635,6603339.6
2025-11-11 07:30:00+00:00,2.4635,2.4666,2.4519,2.4563,4443168.0
2025-11-11 07:45:00+00:00,2.4562,2.4583,2.4432,2.4467,10548567.8
2025-11-11 08:00:00+00:00,2.4467,2.4578,2.441,2.4531,7960208.0
2025-11-11 08:15:00+00:00,2.4531,2.4592,2.446,2.4466,4670967.6
2025-11-11 08:30:00+00:00,2.4466,2.4492,2.4387,2.4446,6349641.6
2025-11-11 08:45:00+00:00,2.4447,2.4538,2.4432,2.4532,3891521.2
2025-11-11 09:00:00+00:00,2.4532,2.4662,2.4517,2.4563,7034046.2
2025-11-11 09:15:00+00:00,2.4563,2.4629,2.4512,2.4603,3980555.2
2025-11-11 09:30:00+00:00,2.4603,2.4653,2.4524,2.4534,5010249.2
2025-11-11 09:45:00+00:00,2.4534,2.4576,2.4512,2.4557,3367716.1
2025-11-11 10:00:00+00:00,2.4556,2.4659,2.4547,2.4624,4389181.7
2025-11-11 10:15:00+00:00,2.4625,2.4666,2.4556,2.4603,2877209.4
2025-11-11 10:30:00+00:00,2.4604,2.4635,2.4554,2.4629,2270774.7
2025-11-11 10:45:00+00:00,2.4629,2.4642,2.4585,2.4621,2126558.5
2025-11-11 11:00:00+00:00,2.4622,2.469,2.4612,2.4653,4727259.0
2025-11-11 11:15:00+00:00,2.4653,2.4655,2.4585,2.4595,3580346.6
2025-11-11 11:30:00+00:00,2.4594,2.464,2.4582,2.4624,2660534.2
2025-11-11 11:45:00+00:00,2.4623,2.4634,2.4539,2.4587,3975204.4
2025-11-11 12:00:00+00:00,2.4588,2.466,2.4554,2.4597,3741511.6
2025-11-11 12:15:00+00:00,2.4597,2.4632,2.4535,2.4556,2694154.4
2025-11-11 12:30:00+00:00,2.4555,2.459,2.4511,2.4512,3574267.3
2025-11-11 12:45:00+00:00,2.4511,2.4587,2.4475,2.4562,5289416.8
2025-11-11 13:00:00+00:00,2.4562,2.4685,2.4562,2.467,4361964.3
2025-11-11 13:15:00+00:00,2.4671,2.4698,2.4512,2.455,5696956.5
2025-11-11 13:30:00+00:00,2.4549,2.4615,2.4433,2.4526,7069029.5
2025-11-11 13:45:00+00:00,2.4527,2.4591,2.4378,2.4432,7536468.3
2025-11-11 14:00:00+00:00,2.4433,2.4482,2.4312,2.4346,12967801.9
2025-11-11 14:15:00+00:00,2.4346,2.4496,2.4337,2.4424,7431805.7
2025-11-11 14:30:00+00:00,2.4424,2.4525,2.4384,2.448,7778707.0
2025-11-11 14:45:00+00:00,2.448,2.4649,2.4386,2.4617,10730567.8
2025-11-11 15:00:00+00:00,2.4616,2.4616,2.445,2.4498,7515529.4
2025-11-11 15:15:00+00:00,2.4497,2.4548,2.4388,2.44,5512323.4
2025-11-11 15:30:00+00:00,2.4399,2.4401,2.4251,2.434,12107782.6
2025-11-11 15:45:00+00:00,2.4339,2.4383,2.4252,2.4357,5004801.0
2025-11-11 16:00:00+00:00,2.4356,2.441,2.4266,2.4367,5744554.2
2025-11-11 16:15:00+00:00,2.4367,2.4406,2.4266,2.429,3786456.8
2025-11-11 16:30:00+00:00,2.429,2.4353,2.4246,2.4342,3762673.0
2025-11-11 16:45:00+00:00,2.4341,2.4374,2.4271,2.4306,3037910.3
2025-11-11 17:00:00+00:00,2.4306,2.4407,2.4293,2.4373,3893205.3
2025-11-11 17:15:00+00:00,2.4373,2.4399,2.4213,2.4244,4529138.4
2025-11-11 17:30:00+00:00,2.4245,2.4274,2.4094,2.4246,12696480.2
2025-11-11 17:45:00+00:00,2.4245,2.4308,2.4175,2.4292,3459540.1
2025-11-11 18:00:00+00:00,2.4291,2.4384,2.4253,2.431,4141297.8
2025-11-11 18:15:00+00:00,2.431,2.4335,2.4223,2.4275,3160601.1
2025-11-11 18:30:00+00:00,2.4274,2.4329,2.4213,2.4244,2231735.9
2025-11-11 18:45:00+00:00,2.4244,2.4323,2.4229,2.4235,2734907.8
2025-11-11 19:00:00+00:00,2.4235,2.4236,2.4086,2.4179,6823517.1
2025-11-11 19:15:00+00:00,2.4179,2.4296,2.4178,2.4278,3053028.4
2025-11-11 19:30:00+00:00,2.4279,2.4309,2.4201,2.4223,2788284.9
2025-11-11 19:45:00+00:00,2.4223,2.4239,2.4109,2.4149,7870663.7
2025-11-11 20:00:00+00:00,2.4149,2.4165,2.4053,2.4132,5620716.3
2025-11-11 20:15:00+00:00,2.4132,2.4215,2.4107,2.4154,3722978.1
2025-11-11 20:30:00+00:00,2.4153,2.4153,2.4008,2.4014,8053701.0
2025-11-11 20:45:00+00:00,2.4015,2.4116,2.3971,2.4071,15858904.0
2025-11-11 21:00:00+00:00,2.4071,2.4166,2.4013,2.4067,8307975.4
2025-11-11 21:15:00+00:00,2.4066,2.4072,2.4005,2.4009,2505210.1
2025-11-11 21:30:00+00:00,2.4009,2.4012,2.3855,2.3891,8944947.5
2025-11-11 21:45:00+00:00,2.3891,2.3952,2.3863,2.3864,4594934.0
2025-11-11 22:00:00+00:00,2.3863,2.3947,2.3779,2.394,8126336.3
2025-11-11 22:15:00+00:00,2.3941,2.3969,2.385,2.395,3751241.7
2025-11-11 22:30:00+00:00,2.395,2.4089,2.3921,2.4039,5534666.3
2025-11-11 22:45:00+00:00,2.4039,2.4111,2.4,2.4017,4278792.7
2025-11-11 23:00:00+00:00,2.4017,2.4023,2.3887,2.3986,6757805.2
2025-11-11 23:15:00+00:00,2.3986,2.403,2.3948,2.3977,3796616.6
2025-11-11 23:30:00+00:00,2.3978,2.3978,2.3866,2.3938,3409493.7
2025-11-11 23:45:00+00:00,2.3937,2.3951,2.3857,2.3903,4162184.0
2025-11-12 00:00:00+00:00,2.3902,2.4032,2.385,2.3938,7883387.6
2025-11-12 00:15:00+00:00,2.3938,2.4055,2.3916,2.4005,5276719.6
2025-11-12 00:30:00+00:00,2.4004,2.4014,2.389,2.3934,4108590.6
2025-11-12 00:45:00+00:00,2.3935,2.3969,2.3805,2.3829,4225950.5
2025-11-12 01:00:00+00:00,2.3829,2.4032,2.38,2.4011,5697519.7
2025-11-12 01:15:00+00:00,2.401,2.413,2.3995,2.4033,13865857.5
2025-11-12 01:30:00+00:00,2.4033,2.4123,2.4016,2.4089,3434486.5
2025-11-12 01:45:00+00:00,2.4089,2.4125,2.4028,2.4043,3393237.9
2025-11-12 02:00:00+00:00,2.4044,2.4044,2.3979,2.4002,5374747.2
2025-11-12 02:15:00+00:00,2.4002,2.4043,2.3918,2.394,4553604.0
2025-11-12 02:30:00+00:00,2.3941,2.3942,2.381,2.3899,4880154.4
2025-11-12 02:45:00+00:00,2.3899,2.3992,2.3868,2.3925,2661500.6
2025-11-12 03:00:00+00:00,2.3925,2.399,2.3884,2.3984,3438275.9
2025-11-12 03:15:00+00:00,2.3984,2.402,2.3967,2.4011,2510905.1
2025-11-12 03:30:00+00:00,2.4011,2.4014,2.397,2.3974,1415280.9
2025-11-12 03:45:00+00:00,2.3974,2.4016,2.3954,2.3978,1548492.0
2025-11-12 04:00:00+00:00,2.3978,2.3985,2.3906,2.3973,2204758.0
2025-11-12 04:15:00+00:00,2.3973,2.3978,2.3926,2.3947,1422665.0
2025-11-12 04:30:00+00:00,2.3947,2.3949,2.3876,2.389,2035837.2
2025-11-12 04:45:00+00:00,2.389,2.3942,2.3874,2.3938,1361801.6
2025-11-12 05:00:00+00:00,2.3938,2.3966,2.3896,2.3933,1746513.8
2025-11-12 05:15:00+00:00,2.3934,2.407,2.3924,2.4045,4325661.7
2025-11-12 05:30:00+00:00,2.4044,2.4049,2.3982,2.4048,2558843.2
2025-11-12 05:45:00+00:00,2.4049,2.4055,2.3972,2.3988,1872278.6
2025-11-12 06:00:00+00:00,2.3988,2.4028,2.3952,2.3973,3067551.7
2025-11-12 06:15:00+00:00,2.3973,2.4027,2.3961,2.4009,2641434.7
2025-11-12 06:30:00+00:00,2.4009,2.401,2.3927,2.3934,2669906.6
2025-11-12 06:45:00+00:00,2.3935,2.3948,2.3868,2.3877,2940583.9
2025-11-12 07:00:00+00:00,2.3878,2.3878,2.3777,2.3836,8398948.2
2025-11-12 07:15:00+00:00,2.3836,2.3876,2.3802,2.3873,2632470.1
2025-11-12 07:30:00+00:00,2.3873,2.3916,2.382,2.3879,2638807.8
2025-11-12 07:45:00+00:00,2.3879,2.3891,2.3631,2.3722,16281755.6
2025-11-12 08:00:00+00:00,2.3723,2.3894,2.371,2.3881,4866278.7
2025-11-12 08:15:00+00:00,2.3881,2.4018,2.3881,2.4011,6378424.5
2025-11-12 08:30:00+00:00,2.4012,2.4144,2.3967,2.4079,11961971.5
2025-11-12 08:45:00+00:00,2.4078,2.4123,2.4035,2.4038,4844540.1
2025-11-12 09:00:00+00:00,2.4038,2.4287,2.4,2.4211,13864634.3
2025-11-12 09:15:00+00:00,2.421,2.4262,2.417,2.4192,8291651.3
2025-11-12 09:30:00+00:00,2.4191,2.4207,2.408,2.4184,7500131.0
2025-11-12 09:45:00+00:00,2.4184,2.4213,2.4132,2.4184,4342390.9
2025-11-12 10:00:00+00:00,2.4185,2.4214,2.4148,2.4195,4348840.5
2025-11-12 10:15:00+00:00,2.4195,2.4254,2.4158,2.4233,4834914.8
2025-11-12 10:30:00+00:00,2.4233,2.4298,2.4196,2.4229,9324366.9
2025-11-12 10:45:00+00:00,2.4229,2.4291,2.4201,2.4215,5086642.1
2025-11-12 11:00:00+00:00,2.4215,2.4361,2.4208,2.4341,13951138.2
2025-11-12 11:15:00+00:00,2.4341,2.4375,2.4274,2.4283,5646722.7
2025-11-12 11:30:00+00:00,2.4283,2.4342,2.4279,2.431,3179118.2
2025-11-12 11:45:00+00:00,2.431,2.4374,2.4296,2.4366,3977195.7
2025-11-12 12:00:00+00:00,2.4367,2.4411,2.4317,2.4365,6048888.8
2025-11-12 12:15:00+00:00,2.4364,2.443,2.4309,2.4382,6531711.3
2025-11-12 12:30:00+00:00,2.4382,2.4441,2.4344,2.4406,4779208.0
2025-11-12 12:45:00+00:00,2.4406,2.4465,2.4398,2.4418,5801272.6
2025-11-12 13:00:00+00:00,2.4419,2.443,2.4326,2.4355,5270155.0
2025-11-12 13:15:00+00:00,2.4354,2.4413,2.4271,2.439,6076826.9
2025-11-12 13:30:00+00:00,2.4391,2.4464,2.4353,2.4423,6046030.6
2025-11-12 13:45:00+00:00,2.4423,2.4479,2.4402,2.4448,4044983.7
2025-11-12 14:00:00+00:00,2.4449,2.4477,2.4362,2.4454,6290164.7
2025-11-12 14:15:00+00:00,2.4454,2.4475,2.4396,2.4421,3012741.2
2025-11-12 14:30:00+00:00,2.4421,2.4421,2.428,2.4334,11507732.8
2025-11-12 14:45:00+00:00,2.4333,2.4376,2.3946,2.4114,32691382.5
2025-11-12 15:00:00+00:00,2.4113,2.4232,2.401,2.404,11853075.7
2025-11-12 15:15:00+00:00,2.404,2.4085,2.3917,2.4008,9741027.4
2025-11-12 15:30:00+00:00,2.4008,2.4097,2.3817,2.3872,12884732.8
2025-11-12 15:45:00+00:00,2.3873,2.3882,2.3624,2.3677,24374829.1
2025-11-12 16:00:00+00:00,2.3677,2.373,2.3264,2.338,38065078.1
2025-11-12 16:15:00+00:00,2.338,2.3505,2.3269,2.334,19933329.3
2025-11-12 16:30:00+00:00,2.334,2.3508,2.3263,2.3411,12841841.6
2025-11-12 16:45:00+00:00,2.3412,2.3457,2.3284,2.3367,8807130.5
2025-11-12 17:00:00+00:00,2.3367,2.3451,2.3329,2.3349,7628630.0
2025-11-12 17:15:00+00:00,2.335,2.3399,2.3249,2.3363,6818413.2
2025-11-12 17:30:00+00:00,2.3362,2.3558,2.3333,2.3435,11091628.1
2025-11-12 17:45:00+00:00,2.3436,2.3504,2.341,2.3474,5605748.2
2025-11-12 18:00:00+00:00,2.3474,2.3549,2.3407,2.3427,7101981.5
2025-11-12 18:15:00+00:00,2.3426,2.3515,2.3418,2.3429,6726354.1
2025-11-12 18:30:00+00:00,2.3428,2.3515,2.3404,2.3466,5236120.7
2025-11-12 18:45:00+00:00,2.3467,2.3473,2.34,2.3421,2906425.3
2025-11-12 19:00:00+00:00,2.3421,2.3422,2.3243,2.3258,9564093.4
2025-11-12 19:15:00+00:00,2.3259,2.3312,2.3192,2.3253,5339957.4
2025-11-12 19:30:00+00:00,2.3252,2.351,2.3146,2.3422,18104031.6
2025-11-12 19:45:00+00:00,2.3423,2.3429,2.334,2.3363,4875888.5
2025-11-12 20:00:00+00:00,2.3364,2.344,2.3317,2.338,7317441.0
2025-11-12 20:15:00+00:00,2.3381,2.348,2.3371,2.3473,6855987.5
2025-11-12 20:30:00+00:00,2.3473,2.3536,2.3441,2.3493,11260695.8
2025-11-12 20:45:00+00:00,2.3493,2.3558,2.3462,2.3524,10214144.6
2025-11-12 21:00:00+00:00,2.3524,2.3771,2.352,2.3738,12165278.6
2025-11-12 21:15:00+00:00,2.3738,2.3755,2.3671,2.3704,5592656.5
2025-11-12 21:30:00+00:00,2.3704,2.3859,2.3702,2.3859,6066508.1
2025-11-12 21:45:00+00:00,2.3859,2.3933,2.381,2.3919,5400822.0
2025-11-12 22:00:00+00:00,2.3919,2.3925,2.3616,2.3669,8783330.5
2025-11-12 22:15:00+00:00,2.3668,2.376,2.3654,2.3686,3485000.6
2025-11-12 22:30:00+00:00,2.3687,2.3747,2.3617,2.3741,4437844.5
2025-11-12 22:45:00+00:00,2.374,2.3806,2.371,2.3778,1812278.7
2025-11-12 23:00:00+00:00,2.3779,2.379,2.3667,2.372,2833504.9
2025-11-12 23:15:00+00:00,2.3721,2.39,2.3721,2.3829,7125680.4
2025-11-12 23:30:00+00:00,2.3829,2.3867,2.3776,2.3796,2374933.8
2025-11-12 23:45:00+00:00,2.3795,2.3885,2.3772,2.3864,2847142.1
2025-11-13 00:00:00+00:00,2.3863,2.3923,2.3812,2.3892,4998975.2
2025-11-13 00:15:00+00:00,2.3892,2.4032,2.3837,2.3879,8759242.5
2025-11-13 00:30:00+00:00,2.388,2.4047,2.3878,2.3953,5560140.2
2025-11-13 00:45:00+00:00,2.3952,2.3964,2.3857,2.3904,5180095.9
2025-11-13 01:00:00+00:00,2.3903,2.4128,2.3901,2.4079,8203484.9
2025-11-13 01:15:00+00:00,2.4078,2.4092,2.3935,2.3982,4639318.7
2025-11-13 01:30:00+00:00,2.3982,2.416,2.3971,2.4118,4212898.5
2025-11-13 01:45:00+00:00,2.4118,2.4138,2.3992,2.403,3049121.8
2025-11-13 02:00:00+00:00,2.4031,2.4132,2.4024,2.4061,3652355.6
2025-11-13 02:15:00+00:00,2.406,2.4149,2.4043,2.409,2706398.3
2025-11-13 02:30:00+00:00,2.4091,2.4236,2.4076,2.4164,5451566.3
2025-11-13 02:45:00+00:00,2.4164,2.4246,2.4136,2.4204,2810014.2
2025-11-13 03:00:00+00:00,2.4204,2.4236,2.3953,2.3965,6934560.4
2025-11-13 03:15:00+00:00,2.3966,2.4342,2.3887,2.4328,15589729.3
2025-11-13 03:30:00+00:00,2.4328,2.4899,2.4321,2.4763,27363548.4
2025-11-13 03:45:00+00:00,2.4763,2.5111,2.4681,2.4824,29140189.8
2025-11-13 04:00:00+00:00,2.4824,2.4895,2.45,2.4769,23827419.7
2025-11-13 04:15:00+00:00,2.4768,2.4845,2.4612,2.4711,10089447.0
2025-11-13 04:30:00+00:00,2.471,2.4854,2.46,2.4767,8883738.5
2025-11-13 04:45:00+00:00,2.4766,2.4791,2.4583,2.4723,8019056.8
2025-11-13 05:00:00+00:00,2.4723,2.4729,2.4555,2.458,6979120.0
2025-11-13 05:15:00+00:00,2.458,2.4717,2.4566,2.4705,4697539.8
2025-11-13 05:30:00+00:00,2.4705,2.479,2.4659,2.4789,4958015.6
2025-11-13 05:45:00+00:00,2.4788,2.4986,2.4774,2.4936,9770331.0
2025-11-13 06:00:00+00:00,2.4937,2.5092,2.4892,2.5012,9454350.8
2025-11-13 06:15:00+00:00,2.5013,2.5179,2.5001,2.5161,8058576.4
2025-11-13 06:30:00+00:00,2.5161,2.5188,2.4987,2.5035,10148347.8
2025-11-13 06:45:00+00:00,2.5034,2.5072,2.4962,2.5009,4311737.7
2025-11-13 07:00:00+00:00,2.5009,2.5147,2.4969,2.5141,7193619.9
2025-11-13 07:15:00+00:00,2.5141,2.5189,2.5072,2.511,6262321.2
2025-11-13 07:30:00+00:00,2.511,2.514,2.4902,2.4944,11181219.9
2025-11-13 07:45:00+00:00,2.4944,2.4976,2.4811,2.4863,11141140.1
2025-11-13 08:00:00+00:00,2.4864,2.5,2.4841,2.4968,7647031.9
2025-11-13 08:15:00+00:00,2.4969,2.5033,2.4877,2.4981,5424771.5
2025-11-13 08:30:00+00:00,2.4981,2.5061,2.4965,2.5059,2949756.7
2025-11-13 08:45:00+00:00,2.5059,2.5124,2.4965,2.5002,6087772.7
2025-11-13 09:00:00+00:00,2.5002,2.5058,2.4714,2.4854,18540323.0
2025-11-13 09:15:00+00:00,2.4855,2.5098,2.4801,2.4981,8119888.6
2025-11-13 09:30:00+00:00,2.4982,2.5054,2.4952,2.5015,4951918.8
2025-11-13 09:45:00+00:00,2.5014,2.5044,2.4925,2.4976,5274284.1
2025-11-13 10:00:00+00:00,2.4977,2.5109,2.4977,2.5053,5520328.3
2025-11-13 10:15:00+00:00,2.5054,2.5263,2.5053,2.5146,13125748.7
2025-11-13 10:30:00+00:00,2.5146,2.5162,2.505,2.5117,8615753.4
2025-11-13 10:45:00+00:00,2.5117,2.5122,2.493,2.4997,5060123.1
2025-11-13 11:00:00+00:00,2.4998,2.513,2.4965,2.5114,6020780.3
2025-11-13 11:15:00+00:00,2.5113,2.5134,2.4919,2.4951,6452498.0
2025-11-13 11:30:00+00:00,2.495,2.4968,2.4853,2.4951,6915535.5
2025-11-13 11:45:00+00:00,2.4952,2.4975,2.4887,2.4939,2777131.7
2025-11-13 12:00:00+00:00,2.494,2.4995,2.474,2.4749,16474377.3
2025-11-13 12:15:00+00:00,2.4749,2.4803,2.471,2.479,5280869.1
2025-11-13 12:30:00+00:00,2.4789,2.4906,2.4785,2.4874,5441170.2
2025-11-13 12:45:00+00:00,2.4874,2.4899,2.4763,2.4806,3143933.4
2025-11-13 13:00:00+00:00,2.4807,2.4867,2.479,2.483,2886285.5
2025-11-13 13:15:00+00:00,2.4829,2.485,2.4643,2.4706,8301272.0
2025-11-13 13:30:00+00:00,2.4706,2.4744,2.447,2.4697,26448475.0
2025-11-13 13:45:00+00:00,2.4697,2.4717,2.4542,2.4582,7657916.5
2025-11-13 14:00:00+00:00,2.4583,2.4672,2.4507,2.4515,7199684.1
2025-11-13 14:15:00+00:00,2.4515,2.4668,2.4469,2.4595,11025025.0
2025-11-13 14:30:00+00:00,2.4595,2.486,2.4501,2.4601,29827778.2
2025-11-13 14:45:00+00:00,2.4601,2.5181,2.4569,2.5014,30361041.6
2025-11-13 15:00:00+00:00,2.5014,2.5019,2.4752,2.4942,17522893.3
2025-11-13 15:15:00+00:00,2.4943,2.4999,2.4485,2.4562,22462231.9
2025-11-13 15:30:00+00:00,2.4562,2.4572,2.4289,2.4336,23086267.3
2025-11-13 15:45:00+00:00,2.4335,2.4368,2.42,2.4331,21023911.4
2025-11-13 16:00:00+00:00,2.4331,2.4431,2.4228,2.4302,12283626.8
2025-11-13 16:15:00+00:00,2.4302,2.4315,2.4063,2.4187,17999619.6
2025-11-13 16:30:00+00:00,2.4186,2.43,2.4026,2.4148,13261552.1
2025-11-13 16:45:00+00:00,2.4148,2.4194,2.3946,2.4009,11902887.7
2025-11-13 17:00:00+00:00,2.4009,2.4089,2.3912,2.3951,11682883.9
2025-11-13 17:15:00+00:00,2.3951,2.4038,2.3903,2.3931,8661681.2
2025-11-13 17:30:00+00:00,2.393,2.3978,2.3604,2.3626,21369283.1
2025-11-13 17:45:00+00:00,2.3627,2.3689,2.3527,2.3553,14041431.2
2025-11-13 18:00:00+00:00,2.3553,2.3691,2.3521,2.3641,20001024.8
2025-11-13 18:15:00+00:00,2.3641,2.374,2.3438,2.3593,32109806.1
2025-11-13 18:30:00+00:00,2.3593,2.36,2.331,2.3456,18270084.8
2025-11-13 18:45:00+00:00,2.3457,2.352,2.3259,2.3402,12733049.6
2025-11-13 19:00:00+00:00,2.3401,2.3528,2.3233,2.3285,16113731.8
2025-11-13 19:15:00+00:00,2.3285,2.3506,2.315,2.3419,31412203.6
2025-11-13 19:30:00+00:00,2.3418,2.3456,2.3179,2.3299,11611422.3
2025-11-13 19:45:00+00:00,2.3298,2.3315,2.31,2.3135,9296306.2
2025-11-13 20:00:00+00:00,2.3135,2.3211,2.3006,2.3124,15897580.1
2025-11-13 20:15:00+00:00,2.3123,2.3128,2.2758,2.2826,30026603.7
2025-11-13 20:30:00+00:00,2.2826,2.3142,2.2826,2.2967,18981573.8
2025-11-13 20:45:00+00:00,2.2967,2.3084,2.294,2.2966,10394796.4
2025-11-13 21:00:00+00:00,2.2966,2.3057,2.2875,2.2999,7917314.5
2025-11-13 21:15:00+00:00,2.2999,2.3015,2.2808,2.2879,7511783.4
2025-11-13 21:30:00+00:00,2.2878,2.2968,2.278,2.2964,7255348.2
2025-11-13 21:45:00+00:00,2.2964,2.2975,2.288,2.2899,6037913.5
2025-11-13 22:00:00+00:00,2.2898,2.3107,2.2815,2.3046,13143661.3
2025-11-13 22:15:00+00:00,2.3046,2.3186,2.3,2.3112,13253755.0
2025-11-13 22:30:00+00:00,2.3111,2.3275,2.3041,2.3255,9372338.5
2025-11-13 22:45:00+00:00,2.3255,2.3299,2.3193,2.3267,4492206.6
2025-11-13 23:00:00+00:00,2.3267,2.3267,2.3066,2.3255,7974697.6
2025-11-13 23:15:00+00:00,2.3255,2.3347,2.3249,2.3312,9200078.2
2025-11-13 23:30:00+00:00,2.3311,2.3447,2.331,2.3424,10464465.8
2025-11-13 23:45:00+00:00,2.3423,2.3447,2.3204,2.3211,13506189.6
2025-11-14 00:00:00+00:00,2.3212,2.3243,2.311,2.3188,12971440.0
2025-11-14 00:15:00+00:00,2.3188,2.321,2.3004,2.3148,9157944.5
2025-11-14 00:30:00+00:00,2.3148,2.3306,2.3033,2.3088,8449599.7
2025-11-14 00:45:00+00:00,2.3089,2.3114,2.2887,2.296,10937664.9
2025-11-14 01:00:00+00:00,2.2961,2.3044,2.2879,2.2931,7055815.2
2025-11-14 01:15:00+00:00,2.2932,2.3154,2.2885,2.3023,7958170.8
2025-11-14 01:30:00+00:00,2.3024,2.3152,2.2996,2.3078,4667765.8
2025-11-14 01:45:00+00:00,2.3078,2.314,2.3033,2.3059,3482524.6
2025-11-14 02:00:00+00:00,2.306,2.3281,2.305,2.3203,8756324.9
2025-11-14 02:15:00+00:00,2.3203,2.335,2.3203,2.3343,8529868.9
2025-11-14 02:30:00+00:00,2.3343,2.3368,2.3254,2.3283,4998488.9
2025-11-14 02:45:00+00:00,2.3283,2.33,2.318,2.3263,3049770.9
2025-11-14 03:00:00+00:00,2.3263,2.3293,2.3091,2.3109,4567480.9
2025-11-14 03:15:00+00:00,2.3108,2.3159,2.3029,2.3134,4106353.9
2025-11-14 03:30:00+00:00,2.3135,2.3137,2.3019,2.3051,4495246.1
2025-11-14 03:45:00+00:00,2.3051,2.3136,2.3015,2.3135,3642961.9
2025-11-14 04:00:00+00:00,2.3136,2.314,2.2963,2.3002,5437600.3
2025-11-14 04:15:00+00:00,2.3002,2.3058,2.2963,2.3024,3212152.3
2025-11-14 04:30:00+00:00,2.3025,2.3025,2.2443,2.2725,54578231.9
2025-11-14 04:45:00+00:00,2.2726,2.2975,2.2725,2.289,21741296.7
2025-11-14 05:00:00+00:00,2.289,2.3,2.282,2.2854,10323851.1
2025-11-14 05:15:00+00:00,2.2854,2.3087,2.2802,2.3002,12037672.4
2025-11-14 05:30:00+00:00,2.3002,2.3122,2.286,2.3037,12815303.3
2025-11-14 05:45:00+00:00,2.3038,2.3185,2.2983,2.3117,8097057.9
2025-11-14 06:00:00+00:00,2.3117,2.3125,2.2986,2.3061,6449794.3
2025-11-14 06:15:00+00:00,2.3061,2.3066,2.288,2.293,7010843.0
2025-11-14 06:30:00+00:00,2.293,2.2961,2.2763,2.2806,8087078.6
2025-11-14 06:45:00+00:00,2.2805,2.3192,2.2664,2.3178,19376973.8
2025-11-14 07:00:00+00:00,2.3178,2.3267,2.3009,2.3095,12916272.8
2025-11-14 07:15:00+00:00,2.3094,2.3191,2.3068,2.3184,5616753.9
2025-11-14 07:30:00+00:00,2.3184,2.3191,2.2954,2.3053,8581305.7
2025-11-14 07:45:00+00:00,2.3053,2.3226,2.3027,2.306,8358983.3
2025-11-14 08:00:00+00:00,2.3059,2.3087,2.2965,2.2967,4728502.2
2025-11-14 08:15:00+00:00,2.2966,2.3083,2.2844,2.2879,10073193.2
2025-11-14 08:30:00+00:00,2.2879,2.2988,2.2838,2.2914,4787297.2
2025-11-14 08:45:00+00:00,2.2913,2.2966,2.2817,2.2953,4193199.2
2025-11-14 09:00:00+00:00,2.2952,2.3078,2.2928,2.3015,4284312.5
2025-11-14 09:15:00+00:00,2.3015,2.3015,2.2853,2.2877,5636906.7
2025-11-14 09:30:00+00:00,2.2876,2.2898,2.2758,2.2882,6934675.9
2025-11-14 09:45:00+00:00,2.2883,2.2894,2.2725,2.2768,5859784.1
2025-11-14 10:00:00+00:00,2.2768,2.2846,2.275,2.2794,4987437.1
2025-11-14 10:15:00+00:00,2.2793,2.2897,2.2766,2.2847,4291017.9
2025-11-14 10:30:00+00:00,2.2847,2.2995,2.2819,2.2912,4460497.8
2025-11-14 10:45:00+00:00,2.2911,2.2932,2.2826,2.2846,3382953.6
2025-11-14 11:00:00+00:00,2.2845,2.2891,2.2742,2.2765,4969168.4
2025-11-14 11:15:00+00:00,2.2765,2.2824,2.2709,2.2747,6259425.9
2025-11-14 11:30:00+00:00,2.2748,2.2754,2.2546,2.2692,13765714.3
2025-11-14 11:45:00+00:00,2.2693,2.2709,2.2597,2.2678,7415097.2
2025-11-14 12:00:00+00:00,2.2678,2.2678,2.2457,2.2472,10749625.6
2025-11-14 12:15:00+00:00,2.2473,2.2639,2.2375,2.2548,15889885.4
2025-11-14 12:30:00+00:00,2.2547,2.2609,2.2253,2.2341,31253293.2
2025-11-14 12:45:00+00:00,2.234,2.2967,2.2298,2.2849,50036949.0
2025-11-14 13:00:00+00:00,2.285,2.3,2.2648,2.2655,16789835.7
2025-11-14 13:15:00+00:00,2.2656,2.2759,2.2595,2.2674,14794790.4
2025-11-14 13:30:00+00:00,2.2675,2.2734,2.2525,2.26,11554583.7
2025-11-14 13:45:00+00:00,2.2601,2.2815,2.2537,2.2701,11136797.8
2025-11-14 14:00:00+00:00,2.2701,2.2833,2.2593,2.2612,10776642.5
2025-11-14 14:15:00+00:00,2.2612,2.2774,2.2591,2.2613,12568745.1
2025-11-14 14:30:00+00:00,2.2613,2.3114,2.2445,2.3037,31914184.3
2025-11-14 14:45:00+00:00,2.3038,2.3137,2.2939,2.3012,19724580.5
2025-11-14 15:00:00+00:00,2.3013,2.3044,2.2824,2.2896,11677498.6
2025-11-14 15:15:00+00:00,2.2896,2.3046,2.2819,2.2991,12811715.9
2025-11-14 15:30:00+00:00,2.2992,2.3102,2.2957,2.3092,11350897.6
2025-11-14 15:45:00+00:00,2.3092,2.3255,2.3064,2.3113,16800978.6
2025-11-14 16:00:00+00:00,2.3113,2.3123,2.2946,2.2957,11396309.9
2025-11-14 16:15:00+00:00,2.2957,2.3267,2.2893,2.3196,18481934.6
2025-11-14 16:30:00+00:00,2.3196,2.3412,2.3141,2.3249,18761807.5
2025-11-14 16:45:00+00:00,2.325,2.3337,2.3193,2.3303,7109834.3
2025-11-14 17:00:00+00:00,2.3304,2.3378,2.3261,2.3325,6698349.0
2025-11-14 17:15:00+00:00,2.3325,2.3338,2.3198,2.3277,7291533.6
2025-11-14 17:30:00+00:00,2.3277,2.3292,2.3168,2.3187,4497955.0
2025-11-14 17:45:00+00:00,2.3186,2.3212,2.297,2.3096,11279217.9
2025-11-14 18:00:00+00:00,2.3096,2.3254,2.3013,2.3248,7971928.2
2025-11-14 18:15:00+00:00,2.3249,2.327,2.3108,2.3216,5703460.7
2025-11-14 18:30:00+00:00,2.3215,2.327,2.2941,2.2972,8584024.6
2025-11-14 18:45:00+00:00,2.2973,2.3029,2.2808,2.2909,12514145.5
2025-11-14 19:00:00+00:00,2.2909,2.3003,2.275,2.2992,13034003.6
2025-11-14 19:15:00+00:00,2.2991,2.3181,2.2972,2.3101,10642723.3
2025-11-14 19:30:00+00:00,2.3101,2.3112,2.2928,2.2947,7077104.6
2025-11-14 19:45:00+00:00,2.2947,2.3109,2.2927,2.3107,5648237.9
2025-11-14 20:00:00+00:00,2.3108,2.3153,2.3015,2.3028,5370125.4
2025-11-14 20:15:00+00:00,2.3027,2.305,2.275,2.2764,10071721.3
2025-11-14 20:30:00+00:00,2.2763,2.2805,2.2515,2.2564,16341276.0
2025-11-14 20:45:00+00:00,2.2563,2.274,2.2508,2.2604,19982962.6
2025-11-14 21:00:00+00:00,2.2604,2.2888,2.2549,2.2805,9258379.3
2025-11-14 21:15:00+00:00,2.2805,2.2826,2.2664,2.2699,6556616.5
2025-11-14 21:30:00+00:00,2.2699,2.2775,2.2685,2.2743,3147065.3
2025-11-14 21:45:00+00:00,2.2742,2.2802,2.2694,2.276,2801951.2
2025-11-14 22:00:00+00:00,2.2761,2.2852,2.2615,2.2629,5191412.7
2025-11-14 22:15:00+00:00,2.263,2.2771,2.2569,2.2752,6268311.2
2025-11-14 22:30:00+00:00,2.2752,2.2827,2.2714,2.2753,3226121.4
2025-11-14 22:45:00+00:00,2.2753,2.2795,2.2522,2.2607,3311790.0
2025-11-14 23:00:00+00:00,2.2607,2.2608,2.2235,2.2467,15881582.5
2025-11-14 23:15:00+00:00,2.2467,2.2646,2.2387,2.2497,10550736.1
2025-11-14 23:30:00+00:00,2.2498,2.2558,2.2448,2.2524,3176776.1
2025-11-14 23:45:00+00:00,2.2525,2.2595,2.2399,2.2432,5638415.9
2025-11-15 00:00:00+00:00,2.2431,2.2674,2.2414,2.2606,7877067.9
2025-11-15 00:15:00+00:00,2.2607,2.27,2.2583,2.262,2967973.0
2025-11-15 00:30:00+00:00,2.262,2.2631,2.2514,2.2619,3606320.0
2025-11-15 00:45:00+00:00,2.2619,2.2694,2.2529,2.2675,3928847.5
2025-11-15 01:00:00+00:00,2.2674,2.269,2.2548,2.2644,2566737.2
2025-11-15 01:15:00+00:00,2.2644,2.2757,2.2625,2.2713,3830686.3
2025-11-15 01:30:00+00:00,2.2713,2.2771,2.2708,2.2742,2979079.9
2025-11-15 01:45:00+00:00,2.2742,2.2838,2.2722,2.2788,5172293.3
2025-11-15 02:00:00+00:00,2.2788,2.2791,2.2696,2.2767,2476973.4
2025-11-15 02:15:00+00:00,2.2767,2.2862,2.2739,2.284,3195265.3
2025-11-15 02:30:00+00:00,2.2841,2.293,2.2789,2.2912,4846174.8
2025-11-15 02:45:00+00:00,2.2912,2.2999,2.2875,2.2994,4791410.5
2025-11-15 03:00:00+00:00,2.2994,2.3017,2.2926,2.2966,4898650.2
2025-11-15 03:15:00+00:00,2.2965,2.3003,2.2924,2.2984,3300475.3
2025-11-15 03:30:00+00:00,2.2983,2.3009,2.2914,2.296,4261007.1
2025-11-15 03:45:00+00:00,2.2959,2.2968,2.2914,2.2934,2112887.7
2025-11-15 04:00:00+00:00,2.2934,2.294,2.285,2.2886,4165764.7
2025-11-15 04:15:00+00:00,2.2886,2.2958,2.283,2.2842,2669300.7
2025-11-15 04:30:00+00:00,2.2842,2.2864,2.2772,2.2779,4249879.3
2025-11-15 04:45:00+00:00,2.2778,2.2828,2.2746,2.282,2854925.0
2025-11-15 05:00:00+00:00,2.282,2.286,2.276,2.2778,2004511.3
2025-11-15 05:15:00+00:00,2.2777,2.2865,2.2751,2.2775,2455827.7
2025-11-15 05:30:00+00:00,2.2776,2.2817,2.2717,2.2779,2831461.3
2025-11-15 05:45:00+00:00,2.278,2.2835,2.2739,2.2754,2610338.2
2025-11-15 06:00:00+00:00,2.2753,2.2846,2.2729,2.2803,3268305.1
2025-11-15 06:15:00+00:00,2.2803,2.2889,2.2789,2.2864,3883790.2
2025-11-15 06:30:00+00:00,2.2865,2.2924,2.28,2.2806,2059816.5
2025-11-15 06:45:00+00:00,2.2806,2.2852,2.2766,2.2788,2377652.7
2025-11-15 07:00:00+00:00,2.2789,2.2852,2.2734,2.2834,2798725.3
2025-11-15 07:15:00+00:00,2.2835,2.2877,2.2789,2.2868,2049107.5
2025-11-15 07:30:00+00:00,2.2868,2.287,2.2741,2.2785,2552836.0
2025-11-15 07:45:00+00:00,2.2784,2.2844,2.274,2.2842,2795828.3
2025-11-15 08:00:00+00:00,2.2842,2.2856,2.2727,2.2746,3445731.0
2025-11-15 08:15:00+00:00,2.2746,2.2746,2.2575,2.2621,7017953.6
2025-11-15 08:30:00+00:00,2.2621,2.2686,2.2544,2.257,5324754.5
2025-11-15 08:45:00+00:00,2.2571,2.2583,2.2406,2.2495,10998433.3
2025-11-15 09:00:00+00:00,2.2495,2.2613,2.244,2.2592,4947254.5
2025-11-15 09:15:00+00:00,2.2592,2.2651,2.2531,2.2623,4917560.9
2025-11-15 09:30:00+00:00,2.2623,2.2659,2.2577,2.2627,2353233.1
2025-11-15 09:45:00+00:00,2.2626,2.2626,2.2524,2.2561,2068020.4
2025-11-15 10:00:00+00:00,2.256,2.2573,2.2483,2.2566,3365638.1
2025-11-15 10:15:00+00:00,2.2567,2.2585,2.2512,2.2552,2438738.2
2025-11-15 10:30:00+00:00,2.2552,2.2643,2.2535,2.2638,2385152.4
2025-11-15 10:45:00+00:00,2.2638,2.2656,2.2606,2.2635,1821893.9
2025-11-15 11:00:00+00:00,2.2636,2.2663,2.2577,2.2609,2105229.8
2025-11-15 11:15:00+00:00,2.2609,2.2621,2.2543,2.2607,2388082.8
2025-11-15 11:30:00+00:00,2.2608,2.2623,2.2562,2.2596,2084989.9
2025-11-15 11:45:00+00:00,2.2595,2.2595,2.2509,2.2565,2722468.0
2025-11-15 12:00:00+00:00,2.2565,2.2565,2.248,2.2496,6175146.3
2025-11-15 12:15:00+00:00,2.2496,2.2591,2.2436,2.258,6980704.7
2025-11-15 12:30:00+00:00,2.258,2.264,2.2521,2.2539,2816131.3
2025-11-15 12:45:00+00:00,2.254,2.2617,2.2503,2.2608,2067715.0
2025-11-15 13:00:00+00:00,2.2609,2.2667,2.2569,2.2627,2910568.8
2025-11-15 13:15:00+00:00,2.2626,2.278,2.2614,2.2719,7135964.4
2025-11-15 13:30:00+00:00,2.2719,2.2723,2.2555,2.2576,6680976.0
2025-11-15 13:45:00+00:00,2.2577,2.2726,2.2563,2.2692,5264403.5
2025-11-15 14:00:00+00:00,2.2692,2.2706,2.2652,2.2703,3222226.8
2025-11-15 14:15:00+00:00,2.2704,2.2728,2.2575,2.2589,4687654.2
2025-11-15 14:30:00+00:00,2.259,2.2625,2.2553,2.2582,3089223.2
2025-11-15 14:45:00+00:00,2.2582,2.2614,2.2539,2.2592,3075180.9
2025-11-15 15:00:00+00:00,2.2592,2.2595,2.2521,2.2568,3665328.3
2025-11-15 15:15:00+00:00,2.2568,2.26,2.2508,2.2584,3171850.2
2025-11-15 15:30:00+00:00,2.2585,2.2585,2.2482,2.2505,3988767.0
2025-11-15 15:45:00+00:00,2.2505,2.2577,2.2504,2.2535,2488817.7
2025-11-15 16:00:00+00:00,2.2535,2.2551,2.235,2.241,10391942.7
2025-11-15 16:15:00+00:00,2.241,2.2416,2.2265,2.2287,10336905.5
2025-11-15 16:30:00+00:00,2.2288,2.2428,2.2273,2.2411,4767910.2
2025-11-15 16:45:00+00:00,2.2411,2.2501,2.2389,2.2473,3552364.4
2025-11-15 17:00:00+00:00,2.2472,2.2532,2.2425,2.2461,3892878.0
2025-11-15 17:15:00+00:00,2.2461,2.2704,2.2424,2.2526,8972742.1
2025-11-15 17:30:00+00:00,2.2527,2.2557,2.2482,2.2541,3280915.9
2025-11-15 17:45:00+00:00,2.2542,2.2625,2.2528,2.2605,3091853.3
2025-11-15 18:00:00+00:00,2.2605,2.2664,2.2576,2.2659,4353867.2
2025-11-15 18:15:00+00:00,2.2659,2.2659,2.2516,2.2529,3531928.2
2025-11-15 18:30:00+00:00,2.2529,2.2626,2.2519,2.2568,2719877.6
2025-11-15 18:45:00+00:00,2.2568,2.2587,2.2523,2.2578,2524275.6
2025-11-15 19:00:00+00:00,2.2578,2.2631,2.2568,2.2627,1569678.5
2025-11-15 19:15:00+00:00,2.2626,2.266,2.2574,2.262,3306639.9
2025-11-15 19:30:00+00:00,2.262,2.262,2.2533,2.256,2730016.8
2025-11-15 19:45:00+00:00,2.2559,2.2568,2.2507,2.2551,2209545.2
2025-11-15 20:00:00+00:00,2.2551,2.2604,2.2533,2.2579,2182133.1
2025-11-15 20:15:00+00:00,2.2578,2.2578,2.2442,2.2492,4125649.2
2025-11-15 20:30:00+00:00,2.2492,2.2508,2.2409,2.2426,2672448.6
2025-11-15 20:45:00+00:00,2.2427,2.2479,2.2352,2.2395,5090424.1
2025-11-15 21:00:00+00:00,2.2395,2.2511,2.2387,2.2482,3440788.2
2025-11-15 21:15:00+00:00,2.2482,2.2535,2.2458,2.2469,2005144.9
2025-11-15 21:30:00+00:00,2.247,2.2473,2.2095,2.2197,20907188.9
2025-11-15 21:45:00+00:00,2.2197,2.2273,2.2148,2.2256,6676626.6
2025-11-15 22:00:00+00:00,2.2256,2.2337,2.2211,2.2337,3932340.4
2025-11-15 22:15:00+00:00,2.2336,2.241,2.2297,2.2393,3756818.9
2025-11-15 22:30:00+00:00,2.2393,2.2434,2.2326,2.2401,4218424.9
2025-11-15 22:45:00+00:00,2.2401,2.241,2.2313,2.2382,2245907.6
2025-11-15 23:00:00+00:00,2.2382,2.239,2.2276,2.2324,2678176.3
2025-11-15 23:15:00+00:00,2.2323,2.2424,2.2314,2.2393,3030880.6
2025-11-15 23:30:00+00:00,2.2393,2.2409,2.2346,2.2351,1617370.7
2025-11-15 23:45:00+00:00,2.2351,2.2391,2.232,2.2358,2459796.4
2025-11-16 00:00:00+00:00,2.2358,2.237,2.2173,2.219,9089141.3
2025-11-16 00:15:00+00:00,2.2189,2.22,2.2014,2.2043,15654457.6
2025-11-16 00:30:00+00:00,2.2043,2.2212,2.2029,2.2205,6094766.3
2025-11-16 00:45:00+00:00,2.2204,2.225,2.216,2.2162,3368966.2
2025-11-16 01:00:00+00:00,2.2162,2.2216,2.2028,2.2189,6161153.7
2025-11-16 01:15:00+00:00,2.2189,2.2199,2.2095,2.2134,3231718.9
2025-11-16 01:30:00+00:00,2.2135,2.2158,2.1954,2.1993,7486805.5
2025-11-16 01:45:00+00:00,2.1992,2.2133,2.1873,2.2099,9730047.7
2025-11-16 02:00:00+00:00,2.2099,2.2218,2.2051,2.2145,5701502.3
2025-11-16 02:15:00+00:00,2.2145,2.2376,2.2145,2.2319,10262999.1
2025-11-16 02:30:00+00:00,2.232,2.2373,2.2277,2.236,4335982.7
2025-11-16 02:45:00+00:00,2.236,2.2511,2.2332,2.2441,9162609.9
2025-11-16 03:00:00+00:00,2.2442,2.246,2.2376,2.2402,5426767.1
2025-11-16 03:15:00+00:00,2.2402,2.2557,2.2401,2.25,5587131.0
2025-11-16 03:30:00+00:00,2.2501,2.2532,2.2448,2.2524,3117797.1
2025-11-16 03:45:00+00:00,2.2524,2.2534,2.2455,2.2489,2898316.9
2025-11-16 04:00:00+00:00,2.2489,2.2515,2.2456,2.2488,2468529.6
2025-11-16 04:15:00+00:00,2.2488,2.2538,2.2431,2.245,2483896.6
2025-11-16 04:30:00+00:00,2.2449,2.2449,2.2377,2.2403,4047609.4
2025-11-16 04:45:00+00:00,2.2403,2.2467,2.2388,2.2467,2321780.6
2025-11-16 05:00:00+00:00,2.2467,2.2607,2.2451,2.2578,4371040.4
2025-11-16 05:15:00+00:00,2.2578,2.2641,2.2538,2.2554,4006303.3
2025-11-16 05:30:00+00:00,2.2553,2.2596,2.2537,2.2568,1640688.0
2025-11-16 05:45:00+00:00,2.2568,2.2589,2.2541,2.2575,1563772.8
2025-11-16 06:00:00+00:00,2.2574,2.2663,2.2531,2.2647,3149255.9
2025-11-16 06:15:00+00:00,2.2647,2.2668,2.2625,2.2657,1860904.6
2025-11-16 06:30:00+00:00,2.2656,2.2689,2.263,2.2639,1666411.4
2025-11-16 06:45:00+00:00,2.2639,2.2672,2.2581,2.2595,1898237.9
2025-11-16 07:00:00+00:00,2.2596,2.2678,2.2581,2.2634,1982313.2
2025-11-16 07:15:00+00:00,2.2633,2.2664,2.2568,2.2616,1562116.2
2025-11-16 07:30:00+00:00,2.2616,2.2676,2.26,2.2609,2128738.8
2025-11-16 07:45:00+00:00,2.2609,2.2666,2.2606,2.2659,3803324.0
2025-11-16 08:00:00+00:00,2.2659,2.2711,2.2575,2.2591,3448082.3
2025-11-16 08:15:00+00:00,2.2592,2.2608,2.2529,2.2534,3560548.0
2025-11-16 08:30:00+00:00,2.2534,2.2586,2.2529,2.2585,1726832.1
2025-11-16 08:45:00+00:00,2.2585,2.2643,2.2516,2.2637,2571258.1
2025-11-16 09:00:00+00:00,2.2636,2.264,2.2552,2.2614,4596444.7
2025-11-16 09:15:00+00:00,2.2615,2.2623,2.2567,2.2609,4261178.9
2025-11-16 09:30:00+00:00,2.2609,2.2633,2.2576,2.2616,1667713.4
2025-11-16 09:45:00+00:00,2.2616,2.2775,2.26,2.2756,8232522.7
2025-11-16 10:00:00+00:00,2.2755,2.2795,2.2679,2.2728,4909505.3
2025-11-16 10:15:00+00:00,2.2728,2.2782,2.2692,2.2748,3851658.2
2025-11-16 10:30:00+00:00,2.2748,2.2754,2.2688,2.2688,1838871.4
2025-11-16 10:45:00+00:00,2.2688,2.2736,2.2682,2.2692,1506273.6
2025-11-16 11:00:00+00:00,2.2692,2.2718,2.255,2.256,5419961.5
2025-11-16 11:15:00+00:00,2.256,2.2605,2.2375,2.24,10479206.3
2025-11-16 11:30:00+00:00,2.24,2.2434,2.2289,2.2327,11193740.6
2025-11-16 11:45:00+00:00,2.2327,2.2387,2.2296,2.2342,6191326.4
2025-11-16 12:00:00+00:00,2.2343,2.2399,2.2312,2.2341,4844353.8
2025-11-16 12:15:00+00:00,2.2342,2.2456,2.2335,2.2418,5839759.9
2025-11-16 12:30:00+00:00,2.2418,2.2428,2.2242,2.2402,8424416.8
2025-11-16 12:45:00+00:00,2.2403,2.2426,2.2323,2.2341,3075112.1
2025-11-16 13:00:00+00:00,2.2341,2.2369,2.2164,2.2317,13425212.5
2025-11-16 13:15:00+00:00,2.2317,2.2373,2.2203,2.2208,3666178.8
2025-11-16 13:30:00+00:00,2.2209,2.2252,2.2125,2.2126,9635685.7
2025-11-16 13:45:00+00:00,2.2125,2.218,2.2027,2.2153,11505320.4
2025-11-16 14:00:00+00:00,2.2153,2.2207,2.2114,2.2152,4665579.3
2025-11-16 14:15:00+00:00,2.2153,2.2164,2.2082,2.2131,2928259.9
2025-11-16 14:30:00+00:00,2.2131,2.2282,2.2111,2.2264,5670748.5
2025-11-16 14:45:00+00:00,2.2264,2.23,2.2202,2.2225,4132214.7
2025-11-16 15:00:00+00:00,2.2224,2.2228,2.2107,2.2121,4554659.2
2025-11-16 15:15:00+00:00,2.2121,2.2176,2.2064,2.2093,5130234.2
2025-11-16 15:30:00+00:00,2.2093,2.2094,2.2003,2.2038,7700571.3
2025-11-16 15:45:00+00:00,2.2038,2.2055,2.1813,2.1855,26498194.4
2025-11-16 16:00:00+00:00,2.1855,2.1995,2.175,2.1792,17800826.6
2025-11-16 16:15:00+00:00,2.1792,2.182,2.172,2.1778,11589157.0
2025-11-16 16:30:00+00:00,2.1778,2.1829,2.167,2.1753,13307946.8
2025-11-16 16:45:00+00:00,2.1753,2.18,2.16,2.1694,11180376.1
2025-11-16 17:00:00+00:00,2.1693,2.175,2.166,2.1703,4855628.9
2025-11-16 17:15:00+00:00,2.1702,2.1813,2.1638,2.1733,7169532.8
2025-11-16 17:30:00+00:00,2.1733,2.1778,2.1606,2.1611,5908446.3
2025-11-16 17:45:00+00:00,2.1611,2.1799,2.1542,2.1747,11873936.4
2025-11-16 18:00:00+00:00,2.1746,2.2313,2.1722,2.2179,29954733.0
2025-11-16 18:15:00+00:00,2.218,2.2217,2.198,2.2013,17991662.0
2025-11-16 18:30:00+00:00,2.2013,2.2019,2.1822,2.184,8079394.9
2025-11-16 18:45:00+00:00,2.1841,2.1923,2.175,2.1874,8303966.4
2025-11-16 19:00:00+00:00,2.1873,2.2157,2.1859,2.212,8851367.8
2025-11-16 19:15:00+00:00,2.2121,2.2208,2.2051,2.2149,9804030.8
2025-11-16 19:30:00+00:00,2.2149,2.2262,2.21,2.215,6009071.8
2025-11-16 19:45:00+00:00,2.2151,2.2237,2.2118,2.2154,5597394.3
2025-11-16 20:00:00+00:00,2.2154,2.2268,2.2112,2.2211,6107840.6
2025-11-16 20:15:00+00:00,2.221,2.2295,2.2161,2.225,4487363.9
2025-11-16 20:30:00+00:00,2.225,2.2269,2.2118,2.2154,3878639.0
2025-11-16 20:45:00+00:00,2.2154,2.2154,2.2045,2.205,4168828.3
2025-11-16 21:00:00+00:00,2.205,2.206,2.1874,2.1907,9569643.0
2025-11-16 21:15:00+00:00,2.1907,2.1933,2.1806,2.189,5406852.8
2025-11-16 21:30:00+00:00,2.1889,2.1987,2.1864,2.195,4292474.4
2025-11-16 21:45:00+00:00,2.1949,2.2018,2.192,2.1962,3229702.7
2025-11-16 22:00:00+00:00,2.1963,2.198,2.1713,2.1914,10245465.6
2025-11-16 22:15:00+00:00,2.1913,2.2006,2.1857,2.1959,5658738.0
2025-11-16 22:30:00+00:00,2.1959,2.1971,2.1784,2.1818,3143331.9
2025-11-16 22:45:00+00:00,2.1818,2.2269,2.1808,2.2071,11346871.2
2025-11-16 23:00:00+00:00,2.2072,2.2095,2.163,2.203,24321736.1
2025-11-16 23:15:00+00:00,2.203,2.2284,2.1999,2.2175,12773290.6
2025-11-16 23:30:00+00:00,2.2176,2.2286,2.2118,2.2163,6956615.7
2025-11-16 23:45:00+00:00,2.2163,2.2223,2.2135,2.2137,3695971.8
2025-11-17 00:00:00+00:00,2.2137,2.2227,2.2098,2.2113,5829806.4
2025-11-17 00:15:00+00:00,2.2113,2.2339,2.1966,2.2307,10542455.0
2025-11-17 00:30:00+00:00,2.2307,2.2495,2.2261,2.229,11268081.8
2025-11-17 00:45:00+00:00,2.2291,2.247,2.2247,2.2401,6800350.0
2025-11-17 01:00:00+00:00,2.2402,2.2452,2.2321,2.2349,4676944.1
2025-11-17 01:15:00+00:00,2.2348,2.2395,2.2291,2.2347,6126532.5
2025-11-17 01:30:00+00:00,2.2347,2.2408,2.229,2.2366,2782391.0
2025-11-17 01:45:00+00:00,2.2367,2.2406,2.2262,2.2269,3522988.6
2025-11-17 02:00:00+00:00,2.227,2.2458,2.2227,2.2406,7258721.6
2025-11-17 02:15:00+00:00,2.2406,2.245,2.2353,2.2374,4857154.1
2025-11-17 02:30:00+00:00,2.2375,2.2405,2.2321,2.2345,2908592.1
2025-11-17 02:45:00+00:00,2.2346,2.239,2.2314,2.239,2131838.4
2025-11-17 03:00:00+00:00,2.2389,2.2595,2.2385,2.259,9366374.9
2025-11-17 03:15:00+00:00,2.259,2.2633,2.2523,2.2542,5840321.8
2025-11-17 03:30:00+00:00,2.2542,2.256,2.2479,2.2539,3978882.2
2025-11-17 03:45:00+00:00,2.2539,2.2573,2.2522,2.2564,2057430.2
2025-11-17 04:00:00+00:00,2.2564,2.2609,2.2498,2.251,4625725.1
2025-11-17 04:15:00+00:00,2.251,2.2668,2.2495,2.264,5602067.7
2025-11-17 04:30:00+00:00,2.2639,2.2642,2.2523,2.2568,3401584.2
2025-11-17 04:45:00+00:00,2.2568,2.2572,2.248,2.2511,3008117.9
2025-11-17 05:00:00+00:00,2.251,2.2522,2.2433,2.2452,4639213.2
2025-11-17 05:15:00+00:00,2.2452,2.2539,2.2385,2.2535,5574844.9
2025-11-17 05:30:00+00:00,2.2536,2.2542,2.2426,2.2475,2391476.4
2025-11-17 05:45:00+00:00,2.2475,2.255,2.2465,2.2529,2327990.3
2025-11-17 06:00:00+00:00,2.2529,2.2562,2.2483,2.2525,2905964.1
2025-11-17 06:15:00+00:00,2.2525,2.2624,2.2502,2.2596,4502408.9
2025-11-17 06:30:00+00:00,2.2596,2.2602,2.2522,2.2548,3490332.5
2025-11-17 06:45:00+00:00,2.2547,2.2637,2.2542,2.2607,2905878.9
2025-11-17 07:00:00+00:00,2.2607,2.2672,2.2594,2.2634,4052351.5
2025-11-17 07:15:00+00:00,2.2633,2.2691,2.2629,2.2633,3402731.6
2025-11-17 07:30:00+00:00,2.2633,2.2653,2.2584,2.2642,3369279.3
2025-11-17 07:45:00+00:00,2.2642,2.2663,2.2604,2.263,3288434.5
2025-11-17 08:00:00+00:00,2.2631,2.2678,2.2613,2.2623,4349378.7
2025-11-17 08:15:00+00:00,2.2624,2.2736,2.2612,2.2697,7268845.0
2025-11-17 08:30:00+00:00,2.2698,2.2707,2.2648,2.2656,4456041.0
2025-11-17 08:45:00+00:00,2.2656,2.2693,2.2634,2.2654,2601994.7
2025-11-17 09:00:00+00:00,2.2654,2.2735,2.2577,2.2722,6093628.5
2025-11-17 09:15:00+00:00,2.2723,2.278,2.2721,2.2747,4797907.6
2025-11-17 09:30:00+00:00,2.2747,2.2833,2.272,2.2763,6685301.6
2025-11-17 09:45:00+00:00,2.2763,2.2768,2.2695,2.2728,2732333.8
2025-11-17 10:00:00+00:00,2.2727,2.277,2.2697,2.2769,2510989.0
2025-11-17 10:15:00+00:00,2.2769,2.2774,2.2649,2.2671,2742725.1
2025-11-17 10:30:00+00:00,2.267,2.2735,2.2651,2.2726,2369839.2
2025-11-17 10:45:00+00:00,2.2726,2.2768,2.2697,2.2723,2093479.7
2025-11-17 11:00:00+00:00,2.2723,2.276,2.2694,2.275,2118797.6
2025-11-17 11:15:00+00:00,2.2749,2.2774,2.2693,2.2712,3944201.6
2025-11-17 11:30:00+00:00,2.2711,2.277,2.2671,2.2681,3954710.4
2025-11-17 11:45:00+00:00,2.268,2.2728,2.2653,2.2707,3326833.7
2025-11-17 12:00:00+00:00,2.2707,2.2713,2.2621,2.2635,5244099.4
2025-11-17 12:15:00+00:00,2.2634,2.2671,2.2618,2.2626,3050568.5
2025-11-17 12:30:00+00:00,2.2625,2.2644,2.2547,2.2608,6140632.3
2025-11-17 12:45:00+00:00,2.2607,2.2633,2.2573,2.26,2947985.5
2025-11-17 13:00:00+00:00,2.2599,2.2656,2.2454,2.2498,8415336.4
2025-11-17 13:15:00+00:00,2.2498,2.2568,2.2417,2.2436,7025003.2
2025-11-17 13:30:00+00:00,2.2435,2.2481,2.2121,2.2135,30734626.3
2025-11-17 13:45:00+00:00,2.2136,2.2179,2.1934,2.2103,26067503.0
2025-11-17 14:00:00+00:00,2.2103,2.217,2.1939,2.2049,16741713.0
2025-11-17 14:15:00+00:00,2.205,2.2179,2.1983,2.2033,10109701.7
2025-11-17 14:30:00+00:00,2.2032,2.3067,2.198,2.2664,73744311.3
2025-11-17 14:45:00+00:00,2.2663,2.2845,2.2463,2.2541,27607895.5
2025-11-17 15:00:00+00:00,2.2541,2.2679,2.2309,2.2375,19782145.7
2025-11-17 15:15:00+00:00,2.2376,2.2476,2.2097,2.2411,20446271.6
2025-11-17 15:30:00+00:00,2.2411,2.2466,2.2137,2.2269,15603877.3
2025-11-17 15:45:00+00:00,2.2269,2.2286,2.2035,2.2081,13787797.8
2025-11-17 16:00:00+00:00,2.2081,2.2088,2.18,2.1833,20350144.9
2025-11-17 16:15:00+00:00,2.1832,2.1965,2.1672,2.1939,24944529.0
2025-11-17 16:30:00+00:00,2.194,2.2085,2.1876,2.1965,15388216.4
2025-11-17 16:45:00+00:00,2.1964,2.2206,2.1888,2.2181,13468039.5
2025-11-17 17:00:00+00:00,2.2181,2.2205,2.1979,2.2013,8620825.6
2025-11-17 17:15:00+00:00,2.2013,2.2022,2.185,2.1872,6896722.5
2025-11-17 17:30:00+00:00,2.1871,2.1878,2.1632,2.1669,12590367.6
2025-11-17 17:45:00+00:00,2.1669,2.1734,2.1572,2.1632,13470141.8
2025-11-17 18:00:00+00:00,2.1632,2.1723,2.1468,2.1523,19353377.6
2025-11-17 18:15:00+00:00,2.1523,2.1584,2.1422,2.1432,14438759.8
2025-11-17 18:30:00+00:00,2.1432,2.1559,2.1396,2.1553,11116067.6
2025-11-17 18:45:00+00:00,2.1553,2.171,2.1462,2.1478,11969620.5
2025-11-17 19:00:00+00:00,2.1478,2.154,2.1369,2.1403,9602002.2
2025-11-17 19:15:00+00:00,2.1403,2.1432,2.1316,2.1408,12915821.1
2025-11-17 19:30:00+00:00,2.1408,2.153,2.1255,2.1311,21573641.7
2025-11-17 19:45:00+00:00,2.131,2.1323,2.1196,2.1258,18399735.6
2025-11-17 20:00:00+00:00,2.1257,2.1383,2.1131,2.1296,19494207.1
2025-11-17 20:15:00+00:00,2.1296,2.144,2.1285,2.1324,14164794.8
2025-11-17 20:30:00+00:00,2.1324,2.1376,2.1178,2.1244,12430609.6
2025-11-17 20:45:00+00:00,2.1245,2.1524,2.1227,2.1476,22332274.3
2025-11-17 21:00:00+00:00,2.1477,2.157,2.1431,2.1483,15287472.9
2025-11-17 21:15:00+00:00,2.1483,2.1534,2.1328,2.1512,25689857.9
2025-11-17 21:30:00+00:00,2.1512,2.1519,2.1359,2.144,6812615.9
2025-11-17 21:45:00+00:00,2.144,2.1522,2.1356,2.152,4576990.0
2025-11-17 22:00:00+00:00,2.1521,2.1574,2.1432,2.1534,7006869.9
2025-11-17 22:15:00+00:00,2.1534,2.1671,2.1526,2.1621,7165089.7
2025-11-17 22:30:00+00:00,2.1621,2.1719,2.1599,2.1674,7282207.2
2025-11-17 22:45:00+00:00,2.1675,2.1692,2.1575,2.1631,2922132.6
2025-11-17 23:00:00+00:00,2.1632,2.1716,2.1525,2.1588,6574135.8
2025-11-17 23:15:00+00:00,2.1588,2.1606,2.15,2.151,5220452.7
2025-11-17 23:30:00+00:00,2.1511,2.1632,2.1482,2.159,3864770.1
2025-11-17 23:45:00+00:00,2.159,2.1644,2.1546,2.1622,2892014.7
2025-11-18 00:00:00+00:00,2.1623,2.1673,2.1582,2.1608,3522185.3
2025-11-18 00:15:00+00:00,2.1608,2.1626,2.1486,2.1513,4344653.5
2025-11-18 00:30:00+00:00,2.1513,2.1534,2.1264,2.1276,14672572.0
2025-11-18 00:45:00+00:00,2.1275,2.162,2.119,2.1511,19130815.1
2025-11-18 01:00:00+00:00,2.1511,2.1617,2.1455,2.1512,9691043.1
2025-11-18 01:15:00+00:00,2.1512,2.163,2.1441,2.1535,5562429.2
2025-11-18 01:30:00+00:00,2.1535,2.1641,2.1483,2.1527,9039432.0
2025-11-18 01:45:00+00:00,2.1527,2.1551,2.14,2.1426,3740025.1
2025-11-18 02:00:00+00:00,2.1427,2.1433,2.1283,2.1329,7134036.5
2025-11-18 02:15:00+00:00,2.1329,2.152,2.1124,2.149,16080698.1
2025-11-18 02:30:00+00:00,2.149,2.1676,2.1404,2.1481,12661886.6
2025-11-18 02:45:00+00:00,2.1481,2.1552,2.1181,2.1252,10986143.0
2025-11-18 03:00:00+00:00,2.1253,2.1257,2.1051,2.1204,18912047.6
2025-11-18 03:15:00+00:00,2.1205,2.1329,2.1179,2.118,9587713.2
2025-11-18 03:30:00+00:00,2.1181,2.1666,2.1096,2.1592,34623449.0
2025-11-18 03:45:00+00:00,2.1592,2.176,2.1555,2.1641,15537194.4
2025-11-18 04:00:00+00:00,2.1642,2.1666,2.1472,2.149,8440971.7
2025-11-18 04:15:00+00:00,2.1491,2.1592,2.1372,2.1402,12955190.4
2025-11-18 04:30:00+00:00,2.1403,2.1563,2.1394,2.1443,9311343.3
2025-11-18 04:45:00+00:00,2.1443,2.1706,2.1336,2.166,13334325.3
2025-11-18 05:00:00+00:00,2.1661,2.1666,2.1482,2.1652,7256383.9
2025-11-18 05:15:00+00:00,2.1653,2.1774,2.1626,2.165,8318888.1
2025-11-18 05:30:00+00:00,2.165,2.168,2.1525,2.156,4656299.4
2025-11-18 05:45:00+00:00,2.1559,2.1637,2.1521,2.1565,3312884.4
2025-11-18 06:00:00+00:00,2.1566,2.1641,2.151,2.1606,4165900.4
2025-11-18 06:15:00+00:00,2.1606,2.1661,2.1523,2.155,3817257.5
2025-11-18 06:30:00+00:00,2.1549,2.1576,2.138,2.1405,7929420.0
2025-11-18 06:45:00+00:00,2.1404,2.1498,2.1344,2.1406,7108485.2
2025-11-18 07:00:00+00:00,2.1405,2.1488,2.1236,2.1438,10583485.4
2025-11-18 07:15:00+00:00,2.1439,2.15,2.1291,2.1446,7107820.3
2025-11-18 07:30:00+00:00,2.1447,2.1655,2.1418,2.1625,11006902.1
2025-11-18 07:45:00+00:00,2.1625,2.1665,2.1565,2.1601,3757073.8
2025-11-18 08:00:00+00:00,2.1601,2.1816,2.1601,2.1713,12525324.2
2025-11-18 08:15:00+00:00,2.1712,2.1804,2.1638,2.1681,5978982.7
2025-11-18 08:30:00+00:00,2.1681,2.1987,2.1676,2.1938,13415159.0
2025-11-18 08:45:00+00:00,2.1937,2.196,2.1846,2.1873,7938745.9
2025-11-18 09:00:00+00:00,2.1872,2.1914,2.176,2.1832,7638363.6
2025-11-18 09:15:00+00:00,2.1832,2.1909,2.1704,2.1732,6043851.7
2025-11-18 09:30:00+00:00,2.1732,2.1761,2.166,2.1753,6219999.4
2025-11-18 09:45:00+00:00,2.1753,2.1829,2.1751,2.1813,4464430.8
2025-11-18 10:00:00+00:00,2.1813,2.1878,2.1807,2.1868,3779027.3
2025-11-18 10:15:00+00:00,2.1868,2.1895,2.1803,2.1847,3380782.8
2025-11-18 10:30:00+00:00,2.1848,2.1922,2.1835,2.1898,3791709.2
2025-11-18 10:45:00+00:00,2.1897,2.1931,2.1853,2.1925,3004518.9
2025-11-18 11:00:00+00:00,2.1925,2.2014,2.189,2.1904,8461458.9
2025-11-18 11:15:00+00:00,2.1904,2.1911,2.1741,2.1848,11868224.4
2025-11-18 11:30:00+00:00,2.1847,2.1897,2.1791,2.188,2879383.4
2025-11-18 11:45:00+00:00,2.188,2.1894,2.1808,2.1828,2563140.7
2025-11-18 12:00:00+00:00,2.1828,2.184,2.1694,2.1713,6365970.2
2025-11-18 12:15:00+00:00,2.1713,2.1844,2.1708,2.1745,5253998.1
2025-11-18 12:30:00+00:00,2.1745,2.1935,2.1744,2.1932,5922978.0
2025-11-18 12:45:00+00:00,2.1933,2.1945,2.1779,2.1862,5539602.1
2025-11-18 13:00:00+00:00,2.1861,2.1863,2.1757,2.1796,4326807.8
2025-11-18 13:15:00+00:00,2.1795,2.1811,2.1666,2.1679,4606371.1
2025-11-18 13:30:00+00:00,2.168,2.1721,2.149,2.1624,19227348.0
2025-11-18 13:45:00+00:00,2.1625,2.173,2.1587,2.1686,4925798.9
2025-11-18 14:00:00+00:00,2.1685,2.1782,2.162,2.1675,9946893.8
2025-11-18 14:15:00+00:00,2.1674,2.1904,2.1643,2.1808,11070800.2
2025-11-18 14:30:00+00:00,2.1808,2.2008,2.1674,2.1797,24563959.2
2025-11-18 14:45:00+00:00,2.1798,2.1907,2.1701,2.1704,9420249.0
2025-11-18 15:00:00+00:00,2.1704,2.2011,2.1528,2.1917,32992466.5
2025-11-18 15:15:00+00:00,2.1916,2.2254,2.1868,2.2153,27765531.7
2025-11-18 15:30:00+00:00,2.2154,2.2288,2.2002,2.2105,23842084.4
2025-11-18 15:45:00+00:00,2.2104,2.2163,2.1972,2.2122,12289897.1
2025-11-18 16:00:00+00:00,2.2122,2.2181,2.2,2.2119,13106846.8
2025-11-18 16:15:00+00:00,2.2119,2.2337,2.207,2.231,18734887.7
2025-11-18 16:30:00+00:00,2.2311,2.2379,2.2212,2.2248,16785344.0
2025-11-18 16:45:00+00:00,2.2247,2.2272,2.2143,2.2243,11467948.9
2025-11-18 17:00:00+00:00,2.2243,2.2286,2.2183,2.2186,8263143.3
2025-11-18 17:15:00+00:00,2.2186,2.226,2.208,2.2102,6765575.3
2025-11-18 17:30:00+00:00,2.2101,2.2228,2.2081,2.2185,7307891.9
2025-11-18 17:45:00+00:00,2.2184,2.2212,2.2135,2.2185,2979750.2
2025-11-18 18:00:00+00:00,2.2185,2.2289,2.2167,2.2279,5186601.8
2025-11-18 18:15:00+00:00,2.2279,2.2291,2.2213,2.2253,4333666.1
2025-11-18 18:30:00+00:00,2.2253,2.2319,2.2239,2.2288,4264121.3
2025-11-18 18:45:00+00:00,2.2288,2.2359,2.2278,2.2289,4724753.6
2025-11-18 19:00:00+00:00,2.229,2.2373,2.2276,2.2351,3680586.2
2025-11-18 19:15:00+00:00,2.2351,2.2393,2.2322,2.2346,5139379.3
2025-11-18 19:30:00+00:00,2.2347,2.2378,2.2282,2.2282,3881072.5
2025-11-18 19:45:00+00:00,2.2282,2.2303,2.2215,2.2271,4825230.7
2025-11-18 20:00:00+00:00,2.2272,2.2354,2.2268,2.2329,3907156.2
2025-11-18 20:15:00+00:00,2.2328,2.2392,2.2324,2.2388,4085414.8
2025-11-18 20:30:00+00:00,2.2389,2.2402,2.2299,2.2314,4311658.1
2025-11-18 20:45:00+00:00,2.2315,2.2329,2.2205,2.2257,13350540.3
2025-11-18 21:00:00+00:00,2.2258,2.228,2.2189,2.2263,6645659.2
2025-11-18 21:15:00+00:00,2.2264,2.2272,2.2199,2.2205,3207267.8
2025-11-18 21:30:00+00:00,2.2205,2.2213,2.2108,2.2115,4352505.3
2025-11-18 21:45:00+00:00,2.2116,2.2116,2.2021,2.2043,6672515.0
2025-11-18 22:00:00+00:00,2.2044,2.2283,2.2043,2.2269,5256988.4
2025-11-18 22:15:00+00:00,2.2269,2.2292,2.223,2.226,3498617.3
2025-11-18 22:30:00+00:00,2.226,2.2337,2.2222,2.2265,4000478.5
2025-11-18 22:45:00+00:00,2.2264,2.2284,2.2195,2.2257,2495992.2
2025-11-18 23:00:00+00:00,2.2257,2.2267,2.2121,2.2139,4702776.4
2025-11-18 23:15:00+00:00,2.2139,2.2167,2.2115,2.212,2463061.7
2025-11-18 23:30:00+00:00,2.2119,2.2164,2.2105,2.2139,2690901.2
2025-11-18 23:45:00+00:00,2.2139,2.2179,2.21,2.2162,2242733.5
2025-11-19 00:00:00+00:00,2.2163,2.2167,2.2031,2.2056,5493794.6
2025-11-19 00:15:00+00:00,2.2056,2.2066,2.1914,2.201,11406611.1
2025-11-19 00:30:00+00:00,2.201,2.2118,2.1965,2.2095,3832965.2
2025-11-19 00:45:00+00:00,2.2096,2.2121,2.2051,2.206,2421397.2
2025-11-19 01:00:00+00:00,2.2061,2.207,2.196,2.1987,3536412.1
2025-11-19 01:15:00+00:00,2.1986,2.2171,2.1959,2.2127,4128743.2
2025-11-19 01:30:00+00:00,2.2127,2.2133,2.2038,2.2058,2438808.2
2025-11-19 01:45:00+00:00,2.2057,2.2066,2.1983,2.2063,2255998.8
2025-11-19 02:00:00+00:00,2.2064,2.2179,2.2001,2.216,3410495.2
2025-11-19 02:15:00+00:00,2.216,2.2191,2.2029,2.2091,3366999.8
2025-11-19 02:30:00+00:00,2.2091,2.2173,2.2084,2.2096,2457017.0
2025-11-19 02:45:00+00:00,2.2096,2.2168,2.2088,2.2091,3060405.7
2025-11-19 03:00:00+00:00,2.2091,2.2107,2.2022,2.2022,2942702.2
2025-11-19 03:15:00+00:00,2.2023,2.2023,2.1944,2.199,5132397.6
2025-11-19 03:30:00+00:00,2.1989,2.199,2.18,2.1874,12197596.6
2025-11-19 03:45:00+00:00,2.1874,2.19,2.18,2.1838,4254281.4
2025-11-19 04:00:00+00:00,2.1837,2.1864,2.1777,2.1835,5419566.6
2025-11-19 04:15:00+00:00,2.1836,2.1868,2.1769,2.1785,2986570.3
2025-11-19 04:30:00+00:00,2.1785,2.1787,2.1673,2.1708,6740241.6
2025-11-19 04:45:00+00:00,2.1708,2.1734,2.1662,2.1669,3498472.7
2025-11-19 05:00:00+00:00,2.167,2.171,2.156,2.1585,9075069.0
2025-11-19 05:15:00+00:00,2.1585,2.161,2.1494,2.1501,9420741.5
2025-11-19 05:30:00+00:00,2.1501,2.151,2.1258,2.1296,25178831.5
2025-11-19 05:45:00+00:00,2.1296,2.1407,2.1254,2.138,12885354.5
2025-11-19 06:00:00+00:00,2.138,2.1451,2.131,2.144,12120467.5
2025-11-19 06:15:00+00:00,2.1441,2.1458,2.1334,2.1386,8302710.3
2025-11-19 06:30:00+00:00,2.1386,2.1473,2.1375,2.1443,7196124.6
2025-11-19 06:45:00+00:00,2.1443,2.1508,2.1419,2.1492,7065358.2
2025-11-19 07:00:00+00:00,2.1492,2.1581,2.1453,2.1549,8256009.8
2025-11-19 07:15:00+00:00,2.1549,2.1582,2.1507,2.153,3846803.4
2025-11-19 07:30:00+00:00,2.153,2.1631,2.1507,2.1616,5996068.9
2025-11-19 07:45:00+00:00,2.1616,2.17,2.1608,2.1671,5996838.9
2025-11-19 08:00:00+00:00,2.167,2.1689,2.1617,2.1635,5000736.1
2025-11-19 08:15:00+00:00,2.1634,2.1636,2.1485,2.1621,16599357.0
2025-11-19 08:30:00+00:00,2.1621,2.1638,2.1502,2.1521,4768259.4
2025-11-19 08:45:00+00:00,2.152,2.154,2.1476,2.1523,5307464.5
2025-11-19 09:00:00+00:00,2.1523,2.1523,2.1413,2.1474,7571250.9
2025-11-19 09:15:00+00:00,2.1474,2.1475,2.1334,2.1358,9324751.6
2025-11-19 09:30:00+00:00,2.1358,2.1431,2.1332,2.1365,7262899.6
2025-11-19 09:45:00+00:00,2.1366,2.1399,2.1283,2.1398,7236788.2
2025-11-19 10:00:00+00:00,2.1399,2.1491,2.1375,2.1455,7433660.2
2025-11-19 10:15:00+00:00,2.1455,2.1466,2.1364,2.1406,3822426.5
2025-11-19 10:30:00+00:00,2.1407,2.1421,2.1337,2.1396,3395417.0
2025-11-19 10:45:00+00:00,2.1395,2.1395,2.1306,2.1319,4438245.7
2025-11-19 11:00:00+00:00,2.1319,2.1432,2.131,2.1426,6242051.4
2025-11-19 11:15:00+00:00,2.1426,2.1436,2.1351,2.137,3857097.0
2025-11-19 11:30:00+00:00,2.137,2.1419,2.1351,2.1414,3745712.2
2025-11-19 11:45:00+00:00,2.1415,2.1418,2.1284,2.13,3869657.3
2025-11-19 12:00:00+00:00,2.1299,2.1377,2.1265,2.1291,5035472.7
2025-11-19 12:15:00+00:00,2.1291,2.1325,2.1224,2.1296,10310000.1
2025-11-19 12:30:00+00:00,2.1297,2.1371,2.1296,2.1337,4101466.2
2025-11-19 12:45:00+00:00,2.1337,2.1423,2.1323,2.14,7493400.2
2025-11-19 13:00:00+00:00,2.14,2.1404,2.1292,2.1306,4361561.0
2025-11-19 13:15:00+00:00,2.1306,2.1357,2.1275,2.1321,4522897.9
2025-11-19 13:30:00+00:00,2.1321,2.1367,2.1241,2.1254,7585281.4
2025-11-19 13:45:00+00:00,2.1254,2.1282,2.116,2.1215,9700340.5
2025-11-19 14:00:00+00:00,2.1215,2.1226,2.107,2.1211,14200618.5
2025-11-19 14:15:00+00:00,2.121,2.1228,2.0955,2.1008,17487653.8
2025-11-19 14:30:00+00:00,2.1009,2.1249,2.0994,2.122,17568782.7
2025-11-19 14:45:00+00:00,2.1219,2.126,2.1127,2.1223,9315938.5
2025-11-19 15:00:00+00:00,2.1224,2.1481,2.1209,2.138,16540615.4
2025-11-19 15:15:00+00:00,2.138,2.1486,2.1102,2.1157,18376048.0
2025-11-19 15:30:00+00:00,2.1157,2.1166,2.1001,2.1036,17352288.3
2025-11-19 15:45:00+00:00,2.1037,2.1039,2.0804,2.0849,27184636.1
2025-11-19 16:00:00+00:00,2.0848,2.1007,2.0831,2.0948,22767719.1
2025-11-19 16:15:00+00:00,2.0948,2.0995,2.0826,2.0879,12611169.8
2025-11-19 16:30:00+00:00,2.0879,2.0946,2.075,2.0825,15671872.8
2025-11-19 16:45:00+00:00,2.0826,2.084,2.0716,2.0786,12856128.5
2025-11-19 17:00:00+00:00,2.0786,2.0886,2.0604,2.0681,23389326.3
2025-11-19 17:15:00+00:00,2.0681,2.0701,2.0534,2.0674,15698867.2
2025-11-19 17:30:00+00:00,2.0673,2.0688,2.0416,2.058,22817629.5
2025-11-19 17:45:00+00:00,2.058,2.0604,2.0492,2.056,8197708.8
2025-11-19 18:00:00+00:00,2.056,2.0684,2.0505,2.0654,12489741.0
2025-11-19 18:15:00+00:00,2.0653,2.0684,2.0365,2.0419,10943922.9
2025-11-19 18:30:00+00:00,2.0419,2.0467,2.034,2.0374,13234342.5
2025-11-19 18:45:00+00:00,2.0374,2.0487,2.0346,2.0469,9851507.9
2025-11-19 19:00:00+00:00,2.0469,2.0489,2.0353,2.0417,9628274.2
2025-11-19 19:15:00+00:00,2.0417,2.045,2.0345,2.037,6410067.9
2025-11-19 19:30:00+00:00,2.037,2.0409,2.0285,2.0332,11042761.1
2025-11-19 19:45:00+00:00,2.0331,2.0437,2.0299,2.036,7117578.2
2025-11-19 20:00:00+00:00,2.036,2.0368,2.0252,2.0272,9162782.9
2025-11-19 20:15:00+00:00,2.0272,2.0388,2.0258,2.0361,8911364.6
2025-11-19 20:30:00+00:00,2.0361,2.0461,2.0261,2.0312,13341866.9
2025-11-19 20:45:00+00:00,2.0312,2.0552,2.0296,2.0493,25819498.0
2025-11-19 21:00:00+00:00,2.0492,2.0599,2.0396,2.0538,17877345.0
2025-11-19 21:15:00+00:00,2.0539,2.0944,2.053,2.0696,34553892.5
2025-11-19 21:30:00+00:00,2.0696,2.0851,2.0668,2.0838,16447578.4
2025-11-19 21:45:00+00:00,2.0838,2.0951,2.082,2.0907,12222591.4
2025-11-19 22:00:00+00:00,2.0907,2.0914,2.0779,2.0793,10136019.6
2025-11-19 22:15:00+00:00,2.0792,2.0906,2.0692,2.0882,11085999.5
2025-11-19 22:30:00+00:00,2.0881,2.0898,2.0827,2.0879,3435488.4
2025-11-19 22:45:00+00:00,2.088,2.0962,2.0842,2.0915,3256163.1
2025-11-19 23:00:00+00:00,2.0916,2.1116,2.0898,2.11,10993166.3
2025-11-19 23:15:00+00:00,2.1101,2.1128,2.1047,2.1079,7540893.1
2025-11-19 23:30:00+00:00,2.1079,2.1156,2.1056,2.1061,5331878.5
2025-11-19 23:45:00+00:00,2.1062,2.1105,2.1054,2.1082,3113530.6
2025-11-20 00:00:00+00:00,2.1083,2.1084,2.095,2.1043,8890821.9
2025-11-20 00:15:00+00:00,2.1043,2.1161,2.104,2.113,6461513.4
2025-11-20 00:30:00+00:00,2.113,2.1251,2.1127,2.1177,10474565.4
2025-11-20 00:45:00+00:00,2.1178,2.1182,2.1081,2.11,4299228.5
2025-11-20 01:00:00+00:00,2.1099,2.1279,2.1081,2.1232,9819838.2
2025-11-20 01:15:00+00:00,2.1233,2.1327,2.1204,2.1231,8432138.6
2025-11-20 01:30:00+00:00,2.1232,2.1311,2.1231,2.1276,5507141.8
2025-11-20 01:45:00+00:00,2.1276,2.1291,2.1239,2.1259,2934192.4
2025-11-20 02:00:00+00:00,2.1258,2.1379,2.1223,2.1332,7008039.1
2025-11-20 02:15:00+00:00,2.1332,2.1343,2.1256,2.1275,3280025.0
2025-11-20 02:30:00+00:00,2.1275,2.1304,2.1216,2.1262,5057561.8
2025-11-20 02:45:00+00:00,2.1262,2.1325,2.1217,2.1299,4562298.8
2025-11-20 03:00:00+00:00,2.1299,2.1349,2.1282,2.1306,3441388.3
2025-11-20 03:15:00+00:00,2.1305,2.1389,2.1301,2.1321,4014073.0
2025-11-20 03:30:00+00:00,2.1322,2.1387,2.131,2.1333,3492732.5
2025-11-20 03:45:00+00:00,2.1334,2.1358,2.1306,2.133,3739881.3
2025-11-20 04:00:00+00:00,2.133,2.1356,2.1265,2.1294,5333006.0
2025-11-20 04:15:00+00:00,2.1294,2.1294,2.118,2.1242,11237830.6
2025-11-20 04:30:00+00:00,2.1243,2.1313,2.1207,2.1236,4750971.5
2025-11-20 04:45:00+00:00,2.1236,2.1458,2.1236,2.1449,8310862.7
2025-11-20 05:00:00+00:00,2.1449,2.1488,2.1398,2.1427,6043250.3
2025-11-20 05:15:00+00:00,2.1428,2.1454,2.137,2.1374,3768190.1
2025-11-20 05:30:00+00:00,2.1374,2.141,2.1348,2.1358,3222898.2
2025-11-20 05:45:00+00:00,2.1359,2.1425,2.1358,2.1413,2331090.2
2025-11-20 06:00:00+00:00,2.1413,2.147,2.1404,2.143,4330492.4
2025-11-20 06:15:00+00:00,2.143,2.143,2.133,2.135,4366737.2
2025-11-20 06:30:00+00:00,2.135,2.1362,2.1225,2.1237,7837551.9
2025-11-20 06:45:00+00:00,2.1238,2.1291,2.1183,2.1291,8652772.0
2025-11-20 07:00:00+00:00,2.129,2.1338,2.1232,2.1333,5307347.1
2025-11-20 07:15:00+00:00,2.1334,2.1338,2.1265,2.1299,3516901.9
2025-11-20 07:30:00+00:00,2.1299,2.1374,2.1293,2.1355,3612136.1
2025-11-20 07:45:00+00:00,2.1355,2.1412,2.1355,2.139,3280788.0
2025-11-20 08:00:00+00:00,2.139,2.1406,2.131,2.1311,3606197.6
2025-11-20 08:15:00+00:00,2.131,2.139,2.129,2.1353,2404209.7
2025-11-20 08:30:00+00:00,2.1353,2.1353,2.1291,2.1307,2549124.9
2025-11-20 08:45:00+00:00,2.1307,2.1331,2.126,2.1291,3494274.1
2025-11-20 09:00:00+00:00,2.129,2.1294,2.1243,2.1263,3377675.1
2025-11-20 09:15:00+00:00,2.1263,2.1271,2.1146,2.1155,8573903.0
2025-11-20 09:30:00+00:00,2.1155,2.12,2.1148,2.1155,5115145.4
2025-11-20 09:45:00+00:00,2.1155,2.1205,2.11,2.1186,11573308.3
2025-11-20 10:00:00+00:00,2.1186,2.1217,2.1121,2.1123,4383984.7
2025-11-20 10:15:00+00:00,2.1123,2.125,2.1117,2.1245,3945902.7
2025-11-20 10:30:00+00:00,2.1245,2.1262,2.1179,2.1192,5122460.5
2025-11-20 10:45:00+00:00,2.1191,2.1215,2.1172,2.1204,2236147.7
2025-11-20 11:00:00+00:00,2.1204,2.1209,2.1137,2.1171,2811832.2
2025-11-20 11:15:00+00:00,2.1171,2.1206,2.1099,2.1115,4942040.2
2025-11-20 11:30:00+00:00,2.1116,2.1174,2.107,2.1131,6769603.6
2025-11-20 11:45:00+00:00,2.1131,2.1179,2.1111,2.115,4304697.4
2025-11-20 12:00:00+00:00,2.115,2.1203,2.1092,2.1099,5017939.4
2025-11-20 12:15:00+00:00,2.11,2.1193,2.109,2.1166,3346429.0
2025-11-20 12:30:00+00:00,2.1166,2.1224,2.1122,2.1147,5370007.4
2025-11-20 12:45:00+00:00,2.1146,2.1318,2.1138,2.1252,10509459.8
2025-11-20 13:00:00+00:00,2.1253,2.1274,2.1188,2.1274,8934295.9
2025-11-20 13:15:00+00:00,2.1274,2.128,2.116,2.124,7112566.7
2025-11-20 13:30:00+00:00,2.1241,2.1443,2.1187,2.12,16009649.2
2025-11-20 13:45:00+00:00,2.12,2.1318,2.1137,2.1211,7350465.7
2025-11-20 14:00:00+00:00,2.1211,2.1216,2.0941,2.0948,30636144.5
2025-11-20 14:15:00+00:00,2.0949,2.1318,2.0925,2.1304,22334601.6
2025-11-20 14:30:00+00:00,2.1305,2.1377,2.1143,2.1211,22327099.3
2025-11-20 14:45:00+00:00,2.121,2.128,2.1128,2.1222,9701791.8
2025-11-20 15:00:00+00:00,2.1223,2.1239,2.0963,2.0981,15248298.2
2025-11-20 15:15:00+00:00,2.0981,2.112,2.0939,2.1112,10591114.6
2025-11-20 15:30:00+00:00,2.1112,2.1112,2.0876,2.0976,12851995.1
2025-11-20 15:45:00+00:00,2.0977,2.0992,2.0817,2.0848,10263574.7
2025-11-20 16:00:00+00:00,2.0847,2.0872,2.0304,2.0373,44108338.6
2025-11-20 16:15:00+00:00,2.0374,2.0444,2.012,2.0268,50394812.0
2025-11-20 16:30:00+00:00,2.0269,2.0345,2.0103,2.0127,21404986.0
2025-11-20 16:45:00+00:00,2.0128,2.0253,1.9995,2.0086,33429705.7
2025-11-20 17:00:00+00:00,2.0085,2.015,1.987,1.9912,34655882.6
2025-11-20 17:15:00+00:00,1.9912,2.0083,1.9785,2.0046,31705295.3
2025-11-20 17:30:00+00:00,2.0046,2.0117,1.9926,1.9939,20768530.9
2025-11-20 17:45:00+00:00,1.9938,2.0056,1.987,2.0026,14172212.9
2025-11-20 18:00:00+00:00,2.0025,2.0112,1.9897,2.0105,19799366.0
2025-11-20 18:15:00+00:00,2.0104,2.0126,1.9937,1.9967,18073878.3
2025-11-20 18:30:00+00:00,1.9967,1.9996,1.983,1.9874,12423518.3
2025-11-20 18:45:00+00:00,1.9873,1.9902,1.9816,1.9863,10188093.0
2025-11-20 19:00:00+00:00,1.9863,1.9865,1.9734,1.9794,19394940.5
2025-11-20 19:15:00+00:00,1.9794,2.004,1.976,1.9977,18735982.2
2025-11-20 19:30:00+00:00,1.9978,2.0007,1.9892,1.9964,13520214.3
2025-11-20 19:45:00+00:00,1.9963,2.0084,1.9946,2.0058,10640490.8
2025-11-20 20:00:00+00:00,2.0058,2.0058,1.9856,1.9864,12295977.0
2025-11-20 20:15:00+00:00,1.9864,2.014,1.9861,2.0137,10716888.4
2025-11-20 20:30:00+00:00,2.0138,2.0193,2.0024,2.0063,13002220.4
2025-11-20 20:45:00+00:00,2.0063,2.0151,2.0011,2.0015,16034923.9
2025-11-20 21:00:00+00:00,2.0015,2.0137,2.001,2.0076,11150613.0
2025-11-20 21:15:00+00:00,2.0075,2.0289,2.0058,2.0194,9046421.5
2025-11-20 21:30:00+00:00,2.0193,2.0287,2.0185,2.0286,6219577.8
2025-11-20 21:45:00+00:00,2.0285,2.0338,2.0181,2.0193,7277365.6
2025-11-20 22:00:00+00:00,2.0192,2.0396,2.018,2.0375,6877258.7
2025-11-20 22:15:00+00:00,2.0375,2.0459,2.0351,2.0454,6838970.7
2025-11-20 22:30:00+00:00,2.0453,2.0514,2.036,2.0412,6489442.9
2025-11-20 22:45:00+00:00,2.0412,2.0492,2.0401,2.0409,4027109.3
2025-11-20 23:00:00+00:00,2.0409,2.0436,2.0219,2.0285,9121209.2
2025-11-20 23:15:00+00:00,2.0286,2.0326,2.0158,2.0174,10173550.1
2025-11-20 23:30:00+00:00,2.0175,2.0193,2.0031,2.0109,14934253.9
2025-11-20 23:45:00+00:00,2.011,2.0138,1.9955,1.9989,10269340.3
2025-11-21 00:00:00+00:00,1.9989,2.0184,1.9978,2.0181,10093022.6
2025-11-21 00:15:00+00:00,2.0181,2.0219,2.0114,2.0154,6570470.8
2025-11-21 00:30:00+00:00,2.0155,2.0197,2.0064,2.0088,4735721.7
2025-11-21 00:45:00+00:00,2.0087,2.018,2.0081,2.015,3139303.9
2025-11-21 01:00:00+00:00,2.0151,2.0246,2.0107,2.0173,8418420.1
2025-11-21 01:15:00+00:00,2.0172,2.0298,2.0044,2.0248,7336688.0
2025-11-21 01:30:00+00:00,2.0248,2.0252,2.0107,2.02,7264452.8
2025-11-21 01:45:00+00:00,2.0199,2.0228,2.012,2.0152,3553939.0
2025-11-21 02:00:00+00:00,2.0153,2.0159,1.9978,1.9997,6488111.0
2025-11-21 02:15:00+00:00,1.9997,2.0143,1.99,2.0028,11373117.4
2025-11-21 02:30:00+00:00,2.0029,2.0065,1.9827,1.9838,9470759.2
2025-11-21 02:45:00+00:00,1.9838,1.9949,1.9615,1.9629,23176357.5
2025-11-21 03:00:00+00:00,1.9628,2.0003,1.9628,1.9876,22715032.4
2025-11-21 03:15:00+00:00,1.9876,1.9932,1.9755,1.9903,9285867.2
2025-11-21 03:30:00+00:00,1.9902,2.0005,1.9804,1.9955,9320930.1
2025-11-21 03:45:00+00:00,1.9955,1.9972,1.9784,1.9789,6354752.1
2025-11-21 04:00:00+00:00,1.9788,1.9859,1.976,1.9786,7030760.8
2025-11-21 04:15:00+00:00,1.9786,1.9828,1.9659,1.9736,13978615.5
2025-11-21 04:30:00+00:00,1.9736,1.9833,1.9559,1.9779,18045697.3
2025-11-21 04:45:00+00:00,1.9779,1.9897,1.9687,1.9845,13666276.6
2025-11-21 05:00:00+00:00,1.9844,1.9953,1.9813,1.9879,10742847.4
2025-11-21 05:15:00+00:00,1.988,1.992,1.984,1.9863,4851991.9
2025-11-21 05:30:00+00:00,1.9863,1.9916,1.9757,1.9813,7617105.9
2025-11-21 05:45:00+00:00,1.9813,1.9839,1.9741,1.98,5344658.5
2025-11-21 06:00:00+00:00,1.98,1.984,1.97,1.9808,6424289.0
2025-11-21 06:15:00+00:00,1.9808,1.9813,1.9587,1.9605,10797481.5
2025-11-21 06:30:00+00:00,1.9605,1.9671,1.952,1.9656,10496379.7
2025-11-21 06:45:00+00:00,1.9655,1.9715,1.961,1.9674,6515114.0
2025-11-21 07:00:00+00:00,1.9675,1.9751,1.9627,1.9653,6792678.9
2025-11-21 07:15:00+00:00,1.9654,1.9669,1.953,1.9554,10775003.9
2025-11-21 07:30:00+00:00,1.9554,1.9571,1.8412,1.9291,116166605.0
2025-11-21 07:45:00+00:00,1.9291,1.9315,1.911,1.9181,31596717.8
2025-11-21 08:00:00+00:00,1.9181,1.9529,1.9132,1.9446,25770274.9
2025-11-21 08:15:00+00:00,1.9445,1.9559,1.9417,1.9483,16002491.2
2025-11-21 08:30:00+00:00,1.9482,1.9547,1.9314,1.9353,15715931.4
2025-11-21 08:45:00+00:00,1.9353,1.9425,1.9301,1.9316,12084875.7
2025-11-21 09:00:00+00:00,1.9315,1.9528,1.9315,1.9447,15391485.2
2025-11-21 09:15:00+00:00,1.9447,1.9465,1.9217,1.9239,15479947.5
2025-11-21 09:30:00+00:00,1.9239,1.9272,1.9029,1.9089,27578454.9
2025-11-21 09:45:00+00:00,1.9088,1.9113,1.9,1.9022,28343654.2
2025-11-21 10:00:00+00:00,1.9021,1.9111,1.8881,1.8971,30435169.9
2025-11-21 10:15:00+00:00,1.8972,1.9086,1.8858,1.8944,15577590.8
2025-11-21 10:30:00+00:00,1.8944,1.9127,1.8933,1.9002,14611022.4
2025-11-21 10:45:00+00:00,1.9002,1.9028,1.8928,1.8969,8256593.8
2025-11-21 11:00:00+00:00,1.8969,1.9159,1.8931,1.9093,15148450.9
2025-11-21 11:15:00+00:00,1.9093,1.91,1.8953,1.8985,8685687.0
2025-11-21 11:30:00+00:00,1.8985,1.9024,1.8854,1.8894,17876879.2
2025-11-21 11:45:00+00:00,1.8895,1.8907,1.8726,1.8749,18258120.6
2025-11-21 12:00:00+00:00,1.875,1.8778,1.86,1.8684,20078709.3
2025-11-21 12:15:00+00:00,1.8683,1.8684,1.8201,1.8272,61221158.8
2025-11-21 12:30:00+00:00,1.8273,1.9145,1.8273,1.9077,73437858.8
2025-11-21 12:45:00+00:00,1.9078,1.9227,1.9015,1.908,41776612.4
2025-11-21 13:00:00+00:00,1.908,1.9258,1.9009,1.9217,22705758.6
2025-11-21 13:15:00+00:00,1.9217,1.941,1.9099,1.9139,37029052.7
2025-11-21 13:30:00+00:00,1.9139,1.935,1.9125,1.9315,13727473.0
2025-11-21 13:45:00+00:00,1.9315,1.9415,1.9287,1.9294,16093057.3
2025-11-21 14:00:00+00:00,1.9294,1.9362,1.9236,1.925,10630499.6
2025-11-21 14:15:00+00:00,1.925,1.9255,1.9146,1.9182,11090189.7
2025-11-21 14:30:00+00:00,1.9181,1.9616,1.9158,1.9484,44078388.6
2025-11-21 14:45:00+00:00,1.9484,1.9642,1.9378,1.9499,27543992.1
2025-11-21 15:00:00+00:00,1.95,1.9558,1.9304,1.9341,20501477.1
2025-11-21 15:15:00+00:00,1.9341,1.9398,1.9224,1.9256,22524088.7
2025-11-21 15:30:00+00:00,1.9256,1.9303,1.9072,1.9186,25544424.2
2025-11-21 15:45:00+00:00,1.9186,1.9233,1.9028,1.9102,18720713.3
2025-11-21 16:00:00+00:00,1.9102,1.9142,1.8942,1.9,23044920.9
2025-11-21 16:15:00+00:00,1.8999,1.9127,1.8851,1.9068,21957619.0
2025-11-21 16:30:00+00:00,1.9068,1.924,1.8972,1.9123,20443275.8
2025-11-21 16:45:00+00:00,1.9122,1.9566,1.9047,1.9553,21731577.7
2025-11-21 17:00:00+00:00,1.9552,1.9742,1.9489,1.9719,23201870.8
2025-11-21 17:15:00+00:00,1.9719,1.9976,1.9703,1.986,26267347.7
2025-11-21 17:30:00+00:00,1.986,1.9948,1.9804,1.9829,14389960.7
2025-11-21 17:45:00+00:00,1.983,1.9923,1.9698,1.9753,12026807.0
2025-11-21 18:00:00+00:00,1.9752,1.9797,1.9394,1.943,27672434.5
2025-11-21 18:15:00+00:00,1.943,1.9505,1.9296,1.9497,20792060.8
2025-11-21 18:30:00+00:00,1.9496,1.9692,1.9474,1.9652,17582013.0
2025-11-21 18:45:00+00:00,1.9653,1.9857,1.9602,1.9639,15676915.0
2025-11-21 19:00:00+00:00,1.9639,1.9716,1.9543,1.9555,10284743.2
2025-11-21 19:15:00+00:00,1.9555,1.9682,1.9503,1.9631,9845231.6
2025-11-21 19:30:00+00:00,1.9631,1.967,1.9482,1.9511,8996311.9
2025-11-21 19:45:00+00:00,1.9512,1.9547,1.9396,1.9469,9790450.3
2025-11-21 20:00:00+00:00,1.9468,1.9524,1.9311,1.9436,15435984.4
2025-11-21 20:15:00+00:00,1.9436,1.9443,1.9204,1.9221,12204773.4
2025-11-21 20:30:00+00:00,1.922,1.9434,1.9204,1.9423,14906220.8
2025-11-21 20:45:00+00:00,1.9423,1.9496,1.9347,1.942,23751258.8
2025-11-21 21:00:00+00:00,1.942,1.9479,1.9221,1.9274,14313696.3
2025-11-21 21:15:00+00:00,1.9274,1.9596,1.922,1.9564,23314075.2
2025-11-21 21:30:00+00:00,1.9564,1.9622,1.9447,1.9568,12141228.7
2025-11-21 21:45:00+00:00,1.9569,1.9647,1.949,1.953,7489492.7
2025-11-21 22:00:00+00:00,1.953,1.9614,1.9505,1.9551,5805932.3
2025-11-21 22:15:00+00:00,1.9552,1.957,1.9361,1.94,10497792.3
2025-11-21 22:30:00+00:00,1.94,1.9405,1.9256,1.9331,8292951.2
2025-11-21 22:45:00+00:00,1.9331,1.9384,1.9066,1.9077,10100790.1
2025-11-21 23:00:00+00:00,1.9078,1.9152,1.8985,1.915,11275367.1
2025-11-21 23:15:00+00:00,1.915,1.945,1.9142,1.9436,10830835.8
2025-11-21 23:30:00+00:00,1.9437,1.9511,1.9397,1.9491,10566384.0
2025-11-21 23:45:00+00:00,1.9492,1.953,1.9476,1.95,5284181.9
2025-11-22 00:00:00+00:00,1.9501,1.9571,1.9441,1.9532,10703219.3
2025-11-22 00:15:00+00:00,1.9531,1.9554,1.9302,1.9326,7195788.1
2025-11-22 00:30:00+00:00,1.9325,1.9526,1.9325,1.949,6162098.8
2025-11-22 00:45:00+00:00,1.949,1.9508,1.9387,1.9431,5479154.0
2025-11-22 01:00:00+00:00,1.9431,1.953,1.9372,1.9435,6049866.6
2025-11-22 01:15:00+00:00,1.9436,1.9527,1.9411,1.9477,5656157.6
2025-11-22 01:30:00+00:00,1.9477,1.9602,1.9464,1.9468,6623306.2
2025-11-22 01:45:00+00:00,1.9469,1.9603,1.9465,1.9601,3414293.7
2025-11-22 02:00:00+00:00,1.9601,1.9628,1.9488,1.9527,6001382.3
2025-11-22 02:15:00+00:00,1.9527,1.9581,1.9472,1.9515,6430201.2
2025-11-22 02:30:00+00:00,1.9514,1.9517,1.9395,1.9417,5715704.8
2025-11-22 02:45:00+00:00,1.9417,1.9511,1.9365,1.9496,4193442.6
2025-11-22 03:00:00+00:00,1.9496,1.9584,1.9474,1.9569,4965964.5
2025-11-22 03:15:00+00:00,1.9569,1.9575,1.9451,1.951,3627372.9
2025-11-22 03:30:00+00:00,1.9509,1.9541,1.9429,1.9514,3175219.0
2025-11-22 03:45:00+00:00,1.9515,1.9524,1.9421,1.9478,3771261.4
2025-11-22 04:00:00+00:00,1.9478,1.9499,1.9253,1.9287,11840882.8
2025-11-22 04:15:00+00:00,1.9288,1.9337,1.9201,1.9276,8167116.1
2025-11-22 04:30:00+00:00,1.9276,1.9319,1.9132,1.9175,6843710.7
2025-11-22 04:45:00+00:00,1.9175,1.9397,1.9145,1.9354,6008777.0
2025-11-22 05:00:00+00:00,1.9354,1.9392,1.9256,1.9296,4282709.0
2025-11-22 05:15:00+00:00,1.9296,1.93,1.9168,1.9249,5330669.7
2025-11-22 05:30:00+00:00,1.9249,1.9256,1.9122,1.917,5422954.1
2025-11-22 05:45:00+00:00,1.917,1.9335,1.9158,1.9299,6333117.0
2025-11-22 06:00:00+00:00,1.93,1.9354,1.9202,1.9312,4467451.0
2025-11-22 06:15:00+00:00,1.9312,1.9488,1.927,1.9435,11869114.2
2025-11-22 06:30:00+00:00,1.9435,1.9529,1.9423,1.9471,7718193.7
2025-11-22 06:45:00+00:00,1.9471,1.9562,1.9448,1.9536,5938141.1
2025-11-22 07:00:00+00:00,1.9536,1.9566,1.948,1.95,5866389.7
2025-11-22 07:15:00+00:00,1.95,1.9569,1.9445,1.9483,3890474.4
2025-11-22 07:30:00+00:00,1.9482,1.9527,1.9425,1.9497,3644866.7
2025-11-22 07:45:00+00:00,1.9497,1.9536,1.9472,1.952,2306075.5
2025-11-22 08:00:00+00:00,1.9519,1.9522,1.9403,1.9413,4033567.6
2025-11-22 08:15:00+00:00,1.9413,1.9413,1.9162,1.9199,19848177.2
2025-11-22 08:30:00+00:00,1.9198,1.9212,1.906,1.9118,15709419.5
2025-11-22 08:45:00+00:00,1.9117,1.9163,1.9067,1.9135,6859757.8
2025-11-22 09:00:00+00:00,1.9136,1.9224,1.9119,1.9203,5249950.7
2025-11-22 09:15:00+00:00,1.9203,1.9209,1.9011,1.9089,7519274.0
2025-11-22 09:30:00+00:00,1.9089,1.9249,1.9059,1.9188,8411716.3
2025-11-22 09:45:00+00:00,1.9187,1.923,1.9097,1.912,6996391.5
2025-11-22 10:00:00+00:00,1.9119,1.9205,1.9119,1.917,2899509.8
2025-11-22 10:15:00+00:00,1.9171,1.9171,1.8978,1.9005,7529001.2
2025-11-22 10:30:00+00:00,1.9006,1.9052,1.899,1.9049,4281437.5
2025-11-22 10:45:00+00:00,1.905,1.9082,1.897,1.9009,5002139.4
2025-11-22 11:00:00+00:00,1.901,1.9141,1.8932,1.9138,10361634.8
2025-11-22 11:15:00+00:00,1.9137,1.9249,1.9045,1.9199,11324940.9
2025-11-22 11:30:00+00:00,1.9199,1.9251,1.9156,1.9197,5492211.3
2025-11-22 11:45:00+00:00,1.9198,1.9224,1.9159,1.916,3581538.6
2025-11-22 12:00:00+00:00,1.9161,1.9166,1.9001,1.9032,5964705.6
2025-11-22 12:15:00+00:00,1.9033,1.9084,1.9022,1.9057,5540814.9
2025-11-22 12:30:00+00:00,1.9056,1.9099,1.8947,1.8974,6137595.6
2025-11-22 12:45:00+00:00,1.8974,1.9048,1.8927,1.9024,5800097.3
2025-11-22 13:00:00+00:00,1.9024,1.9106,1.8913,1.9037,6131397.0
2025-11-22 13:15:00+00:00,1.9036,1.9049,1.8929,1.8958,3918039.9
2025-11-22 13:30:00+00:00,1.8958,1.8978,1.8873,1.8963,5458664.5
2025-11-22 13:45:00+00:00,1.8963,1.9025,1.8918,1.8958,4936715.2
2025-11-22 14:00:00+00:00,1.8959,1.915,1.8945,1.9145,9149429.2
2025-11-22 14:15:00+00:00,1.9146,1.9296,1.9137,1.9189,11572437.4
2025-11-22 14:30:00+00:00,1.9189,1.9268,1.9157,1.9166,5075046.9
2025-11-22 14:45:00+00:00,1.9166,1.9292,1.9112,1.9273,5481793.0
2025-11-22 15:00:00+00:00,1.9272,1.9321,1.9211,1.9226,6003048.9
2025-11-22 15:15:00+00:00,1.9226,1.9384,1.9221,1.9336,6522613.4
2025-11-22 15:30:00+00:00,1.9336,1.9374,1.9225,1.9236,7024385.2
2025-11-22 15:45:00+00:00,1.9237,1.9308,1.9198,1.9283,5185317.6
2025-11-22 16:00:00+00:00,1.9283,1.9493,1.9261,1.9438,8813452.2
2025-11-22 16:15:00+00:00,1.9438,1.9471,1.9399,1.943,4104520.0
2025-11-22 16:30:00+00:00,1.943,1.9463,1.9384,1.9457,4213512.4
2025-11-22 16:45:00+00:00,1.9458,1.9503,1.9415,1.9431,4327009.7
2025-11-22 17:00:00+00:00,1.9431,1.9443,1.9327,1.9375,6142680.1
2025-11-22 17:15:00+00:00,1.9374,1.9409,1.9309,1.9389,5538152.0
2025-11-22 17:30:00+00:00,1.939,1.9398,1.9287,1.9297,3658709.0
2025-11-22 17:45:00+00:00,1.9297,1.9308,1.9262,1.9293,2343195.9
2025-11-22 18:00:00+00:00,1.9294,1.9324,1.9257,1.926,2508952.7
2025-11-22 18:15:00+00:00,1.926,1.9271,1.9225,1.9271,2850651.8
2025-11-22 18:30:00+00:00,1.9271,1.9273,1.9206,1.9254,2314915.6
2025-11-22 18:45:00+00:00,1.9254,1.9312,1.924,1.9307,2254299.2
2025-11-22 19:00:00+00:00,1.9308,1.9386,1.9295,1.9357,2698114.7
2025-11-22 19:15:00+00:00,1.9358,1.9389,1.9266,1.9278,2718559.4
2025-11-22 19:30:00+00:00,1.9279,1.9311,1.9242,1.9254,1931884.1
2025-11-22 19:45:00+00:00,1.9255,1.9336,1.9247,1.9266,1774889.3
2025-11-22 20:00:00+00:00,1.9267,1.9334,1.9246,1.9326,2761405.4
2025-11-22 20:15:00+00:00,1.9326,1.9357,1.9277,1.9328,2019708.6
2025-11-22 20:30:00+00:00,1.9329,1.9339,1.9223,1.9226,2970991.4
2025-11-22 20:45:00+00:00,1.9226,1.9273,1.9185,1.9266,3126784.5
2025-11-22 21:00:00+00:00,1.9267,1.933,1.9239,1.9251,2434752.9
2025-11-22 21:15:00+00:00,1.925,1.9319,1.9243,1.9296,1525780.8
2025-11-22 21:30:00+00:00,1.9296,1.9307,1.9237,1.9291,1694362.6
2025-11-22 21:45:00+00:00,1.9292,1.9364,1.9287,1.9353,3164589.0
2025-11-22 22:00:00+00:00,1.9352,1.9394,1.928,1.9392,2808119.1
2025-11-22 22:15:00+00:00,1.9393,1.9455,1.9372,1.9398,4169146.8
2025-11-22 22:30:00+00:00,1.9398,1.9494,1.9384,1.9463,2929894.6
2025-11-22 22:45:00+00:00,1.9463,1.9666,1.9454,1.9569,8319471.9
2025-11-22 23:00:00+00:00,1.9568,1.9606,1.9474,1.9512,6096176.0
2025-11-22 23:15:00+00:00,1.9512,1.9522,1.9439,1.9507,3031312.9
2025-11-22 23:30:00+00:00,1.9507,1.9564,1.948,1.951,2491249.4
2025-11-22 23:45:00+00:00,1.951,1.9529,1.9472,1.9497,1836097.8
2025-11-23 00:00:00+00:00,1.9496,1.9551,1.9485,1.9539,3541076.1
2025-11-23 00:15:00+00:00,1.9539,1.9601,1.9484,1.9575,5257681.4
2025-11-23 00:30:00+00:00,1.9575,1.9585,1.9495,1.9571,3344996.2
2025-11-23 00:45:00+00:00,1.9571,1.9623,1.9535,1.9589,2742219.2
2025-11-23 01:00:00+00:00,1.9589,1.9695,1.9561,1.9673,3663465.1
2025-11-23 01:15:00+00:00,1.9674,1.9754,1.9634,1.9728,5122430.6
2025-11-23 01:30:00+00:00,1.9729,2.0014,1.9711,1.9955,19080561.2
2025-11-23 01:45:00+00:00,1.9954,2.0042,1.9885,1.9982,11010968.0
2025-11-23 02:00:00+00:00,1.9982,2.0067,1.9947,2.0052,9275301.6
2025-11-23 02:15:00+00:00,2.0051,2.022,2.0041,2.0214,12013404.6
2025-11-23 02:30:00+00:00,2.0213,2.049,2.019,2.0358,21988068.4
2025-11-23 02:45:00+00:00,2.0357,2.0449,2.0275,2.0301,11137850.5
2025-11-23 03:00:00+00:00,2.0301,2.0444,2.021,2.0332,12314505.8
2025-11-23 03:15:00+00:00,2.0332,2.0364,2.0263,2.0292,5108979.6
2025-11-23 03:30:00+00:00,2.0292,2.0336,2.0243,2.0299,4755469.2
2025-11-23 03:45:00+00:00,2.0299,2.0319,2.0254,2.029,2376085.2
2025-11-23 04:00:00+00:00,2.029,2.0506,2.0282,2.0493,12954845.6
2025-11-23 04:15:00+00:00,2.0493,2.0727,2.0459,2.0566,19105900.8
2025-11-23 04:30:00+00:00,2.0565,2.0747,2.0536,2.0638,8957665.0
2025-11-23 04:45:00+00:00,2.0638,2.0704,2.0603,2.0636,5844519.7
2025-11-23 05:00:00+00:00,2.0637,2.0641,2.0516,2.0556,6729525.1
2025-11-23 05:15:00+00:00,2.0555,2.0558,2.045,2.0475,8445781.4
2025-11-23 05:30:00+00:00,2.0474,2.0503,2.0375,2.0483,10842071.3
2025-11-23 05:45:00+00:00,2.0482,2.0596,2.0472,2.0552,8024253.4
2025-11-23 06:00:00+00:00,2.0553,2.0583,2.0479,2.0497,4607484.7
2025-11-23 06:15:00+00:00,2.0496,2.0502,2.04,2.0429,4986925.5
2025-11-23 06:30:00+00:00,2.043,2.0444,2.0373,2.0409,5853808.0
2025-11-23 06:45:00+00:00,2.0409,2.0436,2.0349,2.0357,6512846.9
2025-11-23 07:00:00+00:00,2.0356,2.0398,2.0264,2.036,11682564.9
2025-11-23 07:15:00+00:00,2.0359,2.0371,2.0157,2.0185,11901913.4
2025-11-23 07:30:00+00:00,2.0185,2.0283,2.015,2.0257,6561404.2
2025-11-23 07:45:00+00:00,2.0257,2.0264,2.0192,2.0251,3381152.7
2025-11-23 08:00:00+00:00,2.0251,2.0392,2.0251,2.0348,6723771.3
2025-11-23 08:15:00+00:00,2.0348,2.0376,2.0296,2.0309,3616385.9
2025-11-23 08:30:00+00:00,2.0308,2.0347,2.0258,2.0268,3450187.4
2025-11-23 08:45:00+00:00,2.0269,2.0376,2.0266,2.0362,3776595.0
2025-11-23 09:00:00+00:00,2.0363,2.0458,2.0347,2.0437,6062908.2
2025-11-23 09:15:00+00:00,2.0438,2.0477,2.0367,2.0408,3910581.6
2025-11-23 09:30:00+00:00,2.0409,2.0508,2.0409,2.0501,5074329.1
2025-11-23 09:45:00+00:00,2.0501,2.0508,2.0441,2.045,3317081.2
2025-11-23 10:00:00+00:00,2.0449,2.0471,2.0389,2.0399,4502746.0
2025-11-23 10:15:00+00:00,2.0398,2.0403,2.0328,2.0344,5493385.1
2025-11-23 10:30:00+00:00,2.0343,2.0382,2.0305,2.0371,3528240.3
2025-11-23 10:45:00+00:00,2.037,2.0406,2.0326,2.0335,3353886.8
2025-11-23 11:00:00+00:00,2.0334,2.0335,2.0225,2.0267,5942279.5
2025-11-23 11:15:00+00:00,2.0266,2.0314,2.0213,2.027,4118384.8
2025-11-23 11:30:00+00:00,2.027,2.0325,2.0264,2.0309,3070248.6
2025-11-23 11:45:00+00:00,2.031,2.0338,2.0247,2.0299,4477362.2
2025-11-23 12:00:00+00:00,2.0298,2.0427,2.0285,2.0416,6005427.3
2025-11-23 12:15:00+00:00,2.0415,2.0485,2.0382,2.0437,6663401.8
2025-11-23 12:30:00+00:00,2.0437,2.0482,2.0349,2.0396,7139570.2
2025-11-23 12:45:00+00:00,2.0397,2.0432,2.0364,2.0409,3528252.7
2025-11-23 13:00:00+00:00,2.0409,2.0468,2.0331,2.0357,4767266.1
2025-11-23 13:15:00+00:00,2.0358,2.0392,2.0314,2.035,7009216.3
2025-11-23 13:30:00+00:00,2.0349,2.0407,2.0317,2.0391,5066134.0
2025-11-23 13:45:00+00:00,2.0391,2.0486,2.0368,2.0474,4950895.8
2025-11-23 14:00:00+00:00,2.0474,2.0619,2.0455,2.0463,12735913.7
2025-11-23 14:15:00+00:00,2.0464,2.0555,2.0448,2.0539,6474733.4
2025-11-23 14:30:00+00:00,2.0538,2.0602,2.0461,2.0473,8611230.0
2025-11-23 14:45:00+00:00,2.0472,2.05,2.0362,2.0388,10080650.7
2025-11-23 15:00:00+00:00,2.0387,2.0492,2.0343,2.0457,8292990.9
2025-11-23 15:15:00+00:00,2.0456,2.055,2.0441,2.0522,4391872.4
2025-11-23 15:30:00+00:00,2.0522,2.0645,2.0486,2.0615,12185604.9
2025-11-23 15:45:00+00:00,2.0615,2.0653,2.056,2.0614,5804119.3
2025-11-23 16:00:00+00:00,2.0613,2.0729,2.061,2.0655,7714470.6
2025-11-23 16:15:00+00:00,2.0654,2.0712,2.0615,2.0668,4133683.6
2025-11-23 16:30:00+00:00,2.0667,2.0791,2.0638,2.0741,10238314.8
2025-11-23 16:45:00+00:00,2.0742,2.0769,2.0496,2.0528,11764737.9
2025-11-23 17:00:00+00:00,2.0527,2.0556,2.0441,2.0474,10355894.4
2025-11-23 17:15:00+00:00,2.0474,2.0525,2.0397,2.0511,6037017.8
2025-11-23 17:30:00+00:00,2.0512,2.054,2.0455,2.0524,4725876.2
2025-11-23 17:45:00+00:00,2.0524,2.0524,2.0388,2.0447,5913445.3
2025-11-23 18:00:00+00:00,2.0448,2.0516,2.044,2.0515,4500553.1
2025-11-23 18:15:00+00:00,2.0515,2.0643,2.051,2.0621,7079658.4
2025-11-23 18:30:00+00:00,2.062,2.073,2.0607,2.0686,5502420.4
2025-11-23 18:45:00+00:00,2.0687,2.0706,2.0571,2.0607,5196204.7
2025-11-23 19:00:00+00:00,2.0607,2.0653,2.0562,2.0636,4340969.9
2025-11-23 19:15:00+00:00,2.0636,2.0758,2.0611,2.0693,5279499.3
2025-11-23 19:30:00+00:00,2.0693,2.0777,2.0693,2.0735,4528067.3
2025-11-23 19:45:00+00:00,2.0735,2.078,2.0711,2.0733,5265929.9
2025-11-23 20:00:00+00:00,2.0733,2.0767,2.0663,2.0752,6070668.2
2025-11-23 20:15:00+00:00,2.0753,2.0845,2.0684,2.0698,7658099.4
2025-11-23 20:30:00+00:00,2.0698,2.0724,2.0642,2.0666,4291052.6
2025-11-23 20:45:00+00:00,2.0667,2.0711,2.0664,2.0668,2248624.5
2025-11-23 21:00:00+00:00,2.0668,2.0671,2.0533,2.0579,5972489.2
2025-11-23 21:15:00+00:00,2.0579,2.072,2.0566,2.0707,3392218.8
2025-11-23 21:30:00+00:00,2.0707,2.0743,2.066,2.07,3474528.6
2025-11-23 21:45:00+00:00,2.07,2.0806,2.0683,2.0774,3581392.2
2025-11-23 22:00:00+00:00,2.0774,2.0816,2.0625,2.0657,5727037.8
2025-11-23 22:15:00+00:00,2.0657,2.0735,2.058,2.0716,6041762.6
2025-11-23 22:30:00+00:00,2.0716,2.0743,2.0661,2.0715,2891175.8
2025-11-23 22:45:00+00:00,2.0714,2.0772,2.0704,2.0734,1806430.9
2025-11-23 23:00:00+00:00,2.0734,2.0761,2.0506,2.051,8693288.9
2025-11-23 23:15:00+00:00,2.0511,2.0568,2.0441,2.054,10669816.9
2025-11-23 23:30:00+00:00,2.054,2.0548,2.0434,2.0479,5137045.0
2025-11-23 23:45:00+00:00,2.0479,2.0495,2.041,2.0477,5238277.0
2025-11-24 00:00:00+00:00,2.0477,2.0478,2.0269,2.0306,13903051.1
2025-11-24 00:15:00+00:00,2.0306,2.0477,2.0226,2.0474,14503207.9
2025-11-24 00:30:00+00:00,2.0475,2.066,2.0419,2.0536,16566843.7
2025-11-24 00:45:00+00:00,2.0537,2.0604,2.0416,2.0458,8673563.1
2025-11-24 01:00:00+00:00,2.0457,2.0505,2.0388,2.0416,6044275.2
2025-11-24 01:15:00+00:00,2.0415,2.0478,2.0346,2.045,5794973.5
2025-11-24 01:30:00+00:00,2.045,2.0455,2.0319,2.0339,11613939.0
2025-11-24 01:45:00+00:00,2.0338,2.0644,2.0294,2.057,13137668.4
2025-11-24 02:00:00+00:00,2.057,2.0934,2.0553,2.0883,23255328.9
2025-11-24 02:15:00+00:00,2.0884,2.1068,2.0817,2.0921,18157701.6
2025-11-24 02:30:00+00:00,2.092,2.0997,2.0818,2.0879,12992936.0
2025-11-24 02:45:00+00:00,2.088,2.0938,2.0789,2.0907,9280427.9
2025-11-24 03:00:00+00:00,2.0907,2.0938,2.0758,2.0792,8098914.4
2025-11-24 03:15:00+00:00,2.0792,2.0974,2.0753,2.0906,7468739.7
2025-11-24 03:30:00+00:00,2.0906,2.0919,2.0808,2.0825,4379722.2
2025-11-24 03:45:00+00:00,2.0825,2.0861,2.0756,2.0852,4501554.1
2025-11-24 04:00:00+00:00,2.0853,2.0867,2.0752,2.0752,5150255.7
2025-11-24 04:15:00+00:00,2.0751,2.0751,2.0441,2.0505,16931459.0
2025-11-24 04:30:00+00:00,2.0506,2.0569,2.048,2.0547,7808104.5
2025-11-24 04:45:00+00:00,2.0548,2.0585,2.05,2.0566,3383259.6
2025-11-24 05:00:00+00:00,2.0566,2.0948,2.0546,2.0916,15592736.9
2025-11-24 05:15:00+00:00,2.0917,2.1024,2.0847,2.0978,13440488.6
2025-11-24 05:30:00+00:00,2.0978,2.0983,2.0857,2.0881,7483975.8
2025-11-24 05:45:00+00:00,2.0882,2.0919,2.0834,2.0894,7148685.2
2025-11-24 06:00:00+00:00,2.0894,2.0917,2.067,2.0685,10758419.8
2025-11-24 06:15:00+00:00,2.0685,2.0756,2.0637,2.0702,7116794.8
2025-11-24 06:30:00+00:00,2.0702,2.0735,2.0627,2.0679,5239129.4
2025-11-24 06:45:00+00:00,2.0679,2.072,2.062,2.0703,3845650.4
2025-11-24 07:00:00+00:00,2.0703,2.0703,2.0591,2.0611,4962100.3
2025-11-24 07:15:00+00:00,2.0612,2.0656,2.057,2.0597,4406998.2
2025-11-24 07:30:00+00:00,2.0597,2.0737,2.058,2.0724,6098414.0
2025-11-24 07:45:00+00:00,2.0724,2.0737,2.0603,2.0619,4709580.1
2025-11-24 08:00:00+00:00,2.0619,2.0676,2.0531,2.0653,8331060.7
2025-11-24 08:15:00+00:00,2.0653,2.0684,2.0587,2.0624,3965163.6
2025-11-24 08:30:00+00:00,2.0623,2.0675,2.059,2.0659,2911970.3
2025-11-24 08:45:00+00:00,2.0658,2.0753,2.0602,2.0721,3646867.7
2025-11-24 09:00:00+00:00,2.0722,2.0773,2.0614,2.0654,6048036.5
2025-11-24 09:15:00+00:00,2.0655,2.0662,2.0366,2.0415,16886913.0
2025-11-24 09:30:00+00:00,2.0415,2.0555,2.0399,2.0416,10480496.2
2025-11-24 09:45:00+00:00,2.0416,2.0451,2.0386,2.0425,5550826.6
2025-11-24 10:00:00+00:00,2.0426,2.0578,2.0416,2.0486,5635017.7
2025-11-24 10:15:00+00:00,2.0485,2.0583,2.0481,2.0545,5164115.0
2025-11-24 10:30:00+00:00,2.0545,2.0622,2.0484,2.057,4906800.7
2025-11-24 10:45:00+00:00,2.0569,2.0644,2.0559,2.0593,3676787.0
2025-11-24 11:00:00+00:00,2.0592,2.0629,2.0498,2.0581,4039429.5
2025-11-24 11:15:00+00:00,2.058,2.0588,2.0512,2.053,2314031.5
2025-11-24 11:30:00+00:00,2.0529,2.0628,2.0512,2.0603,4031238.6
2025-11-24 11:45:00+00:00,2.0603,2.0618,2.0562,2.0576,2555121.4
2025-11-24 12:00:00+00:00,2.0576,2.0576,2.0473,2.049,3839703.0
2025-11-24 12:15:00+00:00,2.0489,2.0613,2.0486,2.0595,4502351.8
2025-11-24 12:30:00+00:00,2.0595,2.0689,2.0555,2.0575,6053555.3
2025-11-24 12:45:00+00:00,2.0576,2.0657,2.0546,2.064,4034671.9
2025-11-24 13:00:00+00:00,2.064,2.1019,2.0617,2.0878,26982408.0
2025-11-24 13:15:00+00:00,2.0879,2.0929,2.0792,2.0824,13021261.8
2025-11-24 13:30:00+00:00,2.0823,2.0989,2.0803,2.0973,9133681.5
2025-11-24 13:45:00+00:00,2.0974,2.0978,2.0804,2.0836,8648169.1
2025-11-24 14:00:00+00:00,2.0835,2.0866,2.0782,2.0816,6179804.2
2025-11-24 14:15:00+00:00,2.0816,2.0819,2.0657,2.0699,9113420.1
2025-11-24 14:30:00+00:00,2.07,2.1025,2.0586,2.0622,33590657.9
2025-11-24 14:45:00+00:00,2.0623,2.0736,2.0477,2.0736,19301617.5
2025-11-24 15:00:00+00:00,2.0736,2.0838,2.0686,2.0803,14412684.9
2025-11-24 15:15:00+00:00,2.0802,2.085,2.0665,2.0708,8662352.7
2025-11-24 15:30:00+00:00,2.0709,2.0925,2.0677,2.0879,10293401.2
2025-11-24 15:45:00+00:00,2.0879,2.0964,2.0846,2.0897,12078956.9
2025-11-24 16:00:00+00:00,2.0897,2.1059,2.086,2.0926,17894712.6
2025-11-24 16:15:00+00:00,2.0926,2.1099,2.0926,2.1041,12776492.0
2025-11-24 16:30:00+00:00,2.104,2.1159,2.1001,2.1138,10817584.6
2025-11-24 16:45:00+00:00,2.1138,2.1208,2.1111,2.1172,11003047.9
2025-11-24 17:00:00+00:00,2.1171,2.1364,2.1171,2.1356,23658140.2
2025-11-24 17:15:00+00:00,2.1356,2.1688,2.1331,2.1666,42133049.1
2025-11-24 17:30:00+00:00,2.1666,2.1962,2.1598,2.1903,33317675.4
2025-11-24 17:45:00+00:00,2.1902,2.2094,2.182,2.2045,24498985.8
2025-11-24 18:00:00+00:00,2.2045,2.2125,2.1841,2.1949,25361814.3
2025-11-24 18:15:00+00:00,2.1948,2.2088,2.1928,2.2024,10668341.1
2025-11-24 18:30:00+00:00,2.2024,2.228,2.2003,2.2089,20720309.9
2025-11-24 18:45:00+00:00,2.2089,2.2242,2.2041,2.2169,13338479.6
2025-11-24 19:00:00+00:00,2.217,2.2262,2.2121,2.2227,12603113.2
2025-11-24 19:15:00+00:00,2.2228,2.2253,2.2162,2.219,8810061.5
2025-11-24 19:30:00+00:00,2.219,2.2374,2.2189,2.2331,16393030.1
2025-11-24 19:45:00+00:00,2.2331,2.2372,2.2238,2.2338,12049024.7
2025-11-24 20:00:00+00:00,2.2338,2.2672,2.2297,2.2575,29429340.7
2025-11-24 20:15:00+00:00,2.2575,2.2812,2.2538,2.2745,26935308.2
2025-11-24 20:30:00+00:00,2.2745,2.285,2.2583,2.2673,19659800.6
2025-11-24 20:45:00+00:00,2.2673,2.2745,2.2418,2.2427,27685307.0
2025-11-24 21:00:00+00:00,2.2428,2.2469,2.2317,2.2433,23851298.2
2025-11-24 21:15:00+00:00,2.2433,2.2575,2.2349,2.2474,11255538.8
2025-11-24 21:30:00+00:00,2.2473,2.2497,2.2327,2.2362,15138662.3
2025-11-24 21:45:00+00:00,2.2362,2.2455,2.2341,2.2409,7191389.4
2025-11-24 22:00:00+00:00,2.2408,2.2574,2.2403,2.2542,8700749.0
2025-11-24 22:15:00+00:00,2.2542,2.2555,2.2447,2.251,6149172.0
2025-11-24 22:30:00+00:00,2.2509,2.2563,2.2339,2.2374,6095111.3
2025-11-24 22:45:00+00:00,2.2373,2.2407,2.233,2.2396,3140018.3
2025-11-24 23:00:00+00:00,2.2397,2.2474,2.2359,2.2389,5387980.9
2025-11-24 23:15:00+00:00,2.2389,2.2404,2.2333,2.2347,4463841.9
2025-11-24 23:30:00+00:00,2.2346,2.2353,2.225,2.2299,8557044.7
2025-11-24 23:45:00+00:00,2.2299,2.23,2.2204,2.227,5686205.5
2025-11-25 00:00:00+00:00,2.227,2.2481,2.2249,2.2385,13848157.3
2025-11-25 00:15:00+00:00,2.2385,2.246,2.233,2.2363,8309667.4
2025-11-25 00:30:00+00:00,2.2363,2.254,2.2308,2.2487,9776457.1
2025-11-25 00:45:00+00:00,2.2488,2.2638,2.2458,2.2587,10187254.2
2025-11-25 01:00:00+00:00,2.2588,2.2599,2.2463,2.2555,6599466.4
2025-11-25 01:15:00+00:00,2.2556,2.2572,2.2446,2.2462,6765627.1
2025-11-25 01:30:00+00:00,2.2462,2.2616,2.2441,2.2562,6032020.2
2025-11-25 01:45:00+00:00,2.2561,2.2587,2.2449,2.2475,4212087.7
2025-11-25 02:00:00+00:00,2.2475,2.254,2.2415,2.2449,5950169.7
2025-11-25 02:15:00+00:00,2.2449,2.2493,2.2359,2.2386,3876837.7
2025-11-25 02:30:00+00:00,2.2385,2.2446,2.2315,2.2417,6734643.4
2025-11-25 02:45:00+00:00,2.2417,2.2524,2.2402,2.2506,4678135.1
2025-11-25 03:00:00+00:00,2.2505,2.2599,2.2474,2.2479,5253978.4
2025-11-25 03:15:00+00:00,2.2479,2.2543,2.2439,2.2523,3829699.8
2025-11-25 03:30:00+00:00,2.2523,2.2523,2.2369,2.24,9491236.3
2025-11-25 03:45:00+00:00,2.2399,2.2436,2.2345,2.242,4730346.2
2025-11-25 04:00:00+00:00,2.242,2.2491,2.2368,2.2477,4489598.3
2025-11-25 04:15:00+00:00,2.2476,2.2477,2.2331,2.2366,7809428.6
2025-11-25 04:30:00+00:00,2.2366,2.2431,2.2357,2.2369,4169371.9
2025-11-25 04:45:00+00:00,2.2368,2.2496,2.2363,2.246,7430108.9
2025-11-25 05:00:00+00:00,2.246,2.2496,2.2388,2.2427,4214065.7
2025-11-25 05:15:00+00:00,2.2426,2.2485,2.239,2.2407,3195272.8
2025-11-25 05:30:00+00:00,2.2407,2.2544,2.2399,2.2519,5831175.7
2025-11-25 05:45:00+00:00,2.2519,2.258,2.2488,2.2503,4041831.4
2025-11-25 06:00:00+00:00,2.2503,2.2523,2.2457,2.2478,2938353.2
2025-11-25 06:15:00+00:00,2.2477,2.2504,2.239,2.2391,4319954.5
2025-11-25 06:30:00+00:00,2.239,2.2435,2.2339,2.2347,6623067.4
2025-11-25 06:45:00+00:00,2.2348,2.2377,2.2315,2.2365,3805710.1
2025-11-25 07:00:00+00:00,2.2365,2.2423,2.2291,2.2389,7497814.3
2025-11-25 07:15:00+00:00,2.239,2.2408,2.227,2.2305,6597464.8
2025-11-25 07:30:00+00:00,2.2305,2.2377,2.23,2.2353,2908060.0
2025-11-25 07:45:00+00:00,2.2354,2.2363,2.2146,2.2158,14505728.4
2025-11-25 08:00:00+00:00,2.2159,2.2205,2.2061,2.2072,16516235.0
2025-11-25 08:15:00+00:00,2.2072,2.2171,2.2052,2.2132,7487548.0
2025-11-25 08:30:00+00:00,2.2131,2.2136,2.197,2.2004,11596099.2
2025-11-25 08:45:00+00:00,2.2005,2.2022,2.1862,2.1892,15461415.1
2025-11-25 09:00:00+00:00,2.1893,2.1946,2.185,2.1901,10781527.1
2025-11-25 09:15:00+00:00,2.19,2.1937,2.1841,2.186,5969920.1
2025-11-25 09:30:00+00:00,2.1861,2.2061,2.1848,2.2045,12548272.1
2025-11-25 09:45:00+00:00,2.2046,2.2046,2.1925,2.1984,9085178.8
2025-11-25 10:00:00+00:00,2.1984,2.1997,2.19,2.195,5824475.0
2025-11-25 10:15:00+00:00,2.1951,2.2005,2.1884,2.1986,7865831.8
2025-11-25 10:30:00+00:00,2.1986,2.2059,2.1965,2.2019,5670489.8
2025-11-25 10:45:00+00:00,2.202,2.2091,2.1992,2.2072,8589907.4
2025-11-25 11:00:00+00:00,2.2071,2.209,2.1967,2.2027,8056788.3
2025-11-25 11:15:00+00:00,2.2028,2.2047,2.1952,2.1979,3280529.1
2025-11-25 11:30:00+00:00,2.1979,2.2027,2.1949,2.199,4715106.5
2025-11-25 11:45:00+00:00,2.199,2.1998,2.1915,2.1948,3379077.3
2025-11-25 12:00:00+00:00,2.1948,2.2144,2.1937,2.213,8093156.2
2025-11-25 12:15:00+00:00,2.2129,2.215,2.2015,2.2083,8591388.2
2025-11-25 12:30:00+00:00,2.2083,2.2133,2.2006,2.2095,4164564.3
2025-11-25 12:45:00+00:00,2.2095,2.2189,2.2071,2.2173,7111227.8
2025-11-25 13:00:00+00:00,2.2172,2.2236,2.2132,2.2234,10385104.6
2025-11-25 13:15:00+00:00,2.2235,2.2292,2.2216,2.2233,11740606.2
2025-11-25 13:30:00+00:00,2.2233,2.2336,2.205,2.2094,16607662.7
2025-11-25 13:45:00+00:00,2.2094,2.2174,2.2065,2.212,7427607.8
2025-11-25 14:00:00+00:00,2.212,2.216,2.1982,2.2017,8797012.1
2025-11-25 14:15:00+00:00,2.2017,2.2123,2.1997,2.2107,5947976.9
2025-11-25 14:30:00+00:00,2.2107,2.2158,2.1878,2.1899,17037156.6
2025-11-25 14:45:00+00:00,2.1898,2.1898,2.1674,2.1774,36559617.2
2025-11-25 15:00:00+00:00,2.1775,2.1833,2.1596,2.1686,28802982.1
2025-11-25 15:15:00+00:00,2.1686,2.1756,2.158,2.1749,11700978.2
2025-11-25 15:30:00+00:00,2.175,2.1915,2.175,2.1912,14164603.5
2025-11-25 15:45:00+00:00,2.1912,2.1959,2.1826,2.1871,11803862.3
2025-11-25 16:00:00+00:00,2.1871,2.1919,2.1765,2.18,7437635.8
2025-11-25 16:15:00+00:00,2.18,2.2069,2.1781,2.2054,11267392.7
2025-11-25 16:30:00+00:00,2.2055,2.209,2.1964,2.1998,6362261.5
2025-11-25 16:45:00+00:00,2.1998,2.2001,2.1906,2.192,6597075.2
2025-11-25 17:00:00+00:00,2.192,2.1981,2.1785,2.1965,13426648.1
2025-11-25 17:15:00+00:00,2.1965,2.1968,2.1851,2.1885,5212040.7
2025-11-25 17:30:00+00:00,2.1885,2.2071,2.1854,2.2013,6565192.3
2025-11-25 17:45:00+00:00,2.2013,2.2031,2.1872,2.1881,5919001.2
2025-11-25 18:00:00+00:00,2.1882,2.1985,2.1856,2.196,5681793.4
2025-11-25 18:15:00+00:00,2.196,2.2027,2.191,2.1944,4706559.6
2025-11-25 18:30:00+00:00,2.1945,2.2005,2.189,2.1907,3523716.9
2025-11-25 18:45:00+00:00,2.1907,2.1931,2.1789,2.1815,5317317.6
2025-11-25 19:00:00+00:00,2.1814,2.1849,2.1622,2.1676,11505740.6
2025-11-25 19:15:00+00:00,2.1676,2.1684,2.147,2.1499,16630747.2
2025-11-25 19:30:00+00:00,2.15,2.1649,2.1472,2.1635,9537199.4
2025-11-25 19:45:00+00:00,2.1634,2.1722,2.1591,2.1711,5074498.1
2025-11-25 20:00:00+00:00,2.171,2.1762,2.1628,2.1728,9277232.3
2025-11-25 20:15:00+00:00,2.1728,2.1865,2.1723,2.1844,5623881.8
2025-11-25 20:30:00+00:00,2.1845,2.1959,2.1845,2.1945,6861777.9
2025-11-25 20:45:00+00:00,2.1946,2.2137,2.1917,2.1954,25910353.0
2025-11-25 21:00:00+00:00,2.1955,2.207,2.1933,2.1999,11783294.1
2025-11-25 21:15:00+00:00,2.1999,2.2083,2.1957,2.1963,4673892.7
2025-11-25 21:30:00+00:00,2.1964,2.1974,2.1873,2.192,5436088.3
2025-11-25 21:45:00+00:00,2.192,2.195,2.1845,2.1856,3284051.5
2025-11-25 22:00:00+00:00,2.1856,2.1856,2.1688,2.1727,7733520.7
2025-11-25 22:15:00+00:00,2.1726,2.1936,2.171,2.1919,3978413.0
2025-11-25 22:30:00+00:00,2.1919,2.2062,2.1889,2.1958,5714656.5
2025-11-25 22:45:00+00:00,2.1959,2.2103,2.1927,2.2079,4377670.2
2025-11-25 23:00:00+00:00,2.2078,2.2166,2.1991,2.2152,6949126.8
2025-11-25 23:15:00+00:00,2.2153,2.2153,2.203,2.2034,5280706.6
2025-11-25 23:30:00+00:00,2.2035,2.2063,2.2004,2.2039,3051244.2
2025-11-25 23:45:00+00:00,2.2038,2.2049,2.1965,2.201,2809718.1
2025-11-26 00:00:00+00:00,2.2009,2.2059,2.198,2.2019,3009877.6
2025-11-26 00:15:00+00:00,2.2019,2.2079,2.196,2.1986,4401092.4
2025-11-26 00:30:00+00:00,2.1986,2.2018,2.1912,2.1952,3752001.0
2025-11-26 00:45:00+00:00,2.1951,2.2009,2.1908,2.1933,3515561.0
2025-11-26 01:00:00+00:00,2.1933,2.194,2.1869,2.1922,4232814.5
2025-11-26 01:15:00+00:00,2.1922,2.2018,2.1891,2.1994,3033285.3
2025-11-26 01:30:00+00:00,2.1995,2.2127,2.1974,2.2076,5547517.7
2025-11-26 01:45:00+00:00,2.2076,2.2088,2.1992,2.2023,3445195.5
2025-11-26 02:00:00+00:00,2.2023,2.2066,2.2002,2.2038,3734160.0
2025-11-26 02:15:00+00:00,2.2037,2.208,2.192,2.1932,3339343.9
2025-11-26 02:30:00+00:00,2.1931,2.1964,2.1893,2.196,2866712.0
2025-11-26 02:45:00+00:00,2.1959,2.196,2.1895,2.1903,1958452.8
2025-11-26 03:00:00+00:00,2.1902,2.1924,2.186,2.1884,2896250.1
2025-11-26 03:15:00+00:00,2.1885,2.194,2.1871,2.1924,1996077.8
2025-11-26 03:30:00+00:00,2.1923,2.1923,2.1755,2.1795,7064703.8
2025-11-26 03:45:00+00:00,2.1796,2.1796,2.1717,2.1756,4873291.1
2025-11-26 04:00:00+00:00,2.1757,2.1788,2.1709,2.1716,4892636.1
2025-11-26 04:15:00+00:00,2.1715,2.1763,2.1696,2.1747,4711366.8
2025-11-26 04:30:00+00:00,2.1748,2.1775,2.1712,2.1734,2500809.7
2025-11-26 04:45:00+00:00,2.1735,2.1764,2.1716,2.1753,1434374.8
2025-11-26 05:00:00+00:00,2.1753,2.1882,2.1747,2.1863,3587394.8
2025-11-26 05:15:00+00:00,2.1863,2.1913,2.1836,2.188,3352401.8
2025-11-26 05:30:00+00:00,2.1881,2.1986,2.1867,2.1934,4630527.4
2025-11-26 05:45:00+00:00,2.1934,2.1963,2.1901,2.1916,2716166.7
2025-11-26 06:00:00+00:00,2.1916,2.198,2.1886,2.1935,3272899.8
2025-11-26 06:15:00+00:00,2.1936,2.194,2.1837,2.1871,3392251.1
2025-11-26 06:30:00+00:00,2.187,2.192,2.185,2.1917,2352977.4
2025-11-26 06:45:00+00:00,2.1917,2.2032,2.19,2.1982,4136655.6
2025-11-26 07:00:00+00:00,2.1983,2.2005,2.1939,2.1996,3325363.7
2025-11-26 07:15:00+00:00,2.1997,2.202,2.1977,2.2015,2849751.8
2025-11-26 07:30:00+00:00,2.2014,2.2015,2.195,2.1974,2236226.9
2025-11-26 07:45:00+00:00,2.1974,2.2057,2.1958,2.2045,3321363.6
2025-11-26 08:00:00+00:00,2.2045,2.2059,2.1971,2.1983,2621043.5
2025-11-26 08:15:00+00:00,2.1983,2.2007,2.1904,2.191,4184427.3
2025-11-26 08:30:00+00:00,2.1909,2.1972,2.1885,2.1953,3266021.1
2025-11-26 08:45:00+00:00,2.1953,2.1966,2.1874,2.1881,2377484.8
2025-11-26 09:00:00+00:00,2.188,2.1897,2.1831,2.1856,4701258.2
2025-11-26 09:15:00+00:00,2.1856,2.1858,2.1786,2.1788,4493693.3
2025-11-26 09:30:00+00:00,2.1789,2.1809,2.1736,2.1764,6486048.5
2025-11-26 09:45:00+00:00,2.1765,2.1774,2.1712,2.177,5375738.2
2025-11-26 10:00:00+00:00,2.1769,2.1843,2.1769,2.1788,5879498.1
2025-11-26 10:15:00+00:00,2.1788,2.1794,2.1737,2.1786,4039070.1
2025-11-26 10:30:00+00:00,2.1787,2.1793,2.1667,2.1735,5910171.8
2025-11-26 10:45:00+00:00,2.1735,2.1767,2.1712,2.1725,3686416.6
2025-11-26 11:00:00+00:00,2.1725,2.1742,2.1687,2.1719,3098451.1
2025-11-26 11:15:00+00:00,2.1718,2.1728,2.168,2.1701,3460257.7
2025-11-26 11:30:00+00:00,2.17,2.173,2.1673,2.1718,2892762.7
2025-11-26 11:45:00+00:00,2.1717,2.1736,2.1677,2.1698,3713016.7
2025-11-26 12:00:00+00:00,2.1697,2.1748,2.1502,2.1506,18288747.6
2025-11-26 12:15:00+00:00,2.1507,2.1556,2.1435,2.1523,10363235.8
2025-11-26 12:30:00+00:00,2.1523,2.1524,2.1465,2.1484,4387461.1
2025-11-26 12:45:00+00:00,2.1485,2.1537,2.1468,2.15,3829003.0
2025-11-26 13:00:00+00:00,2.15,2.1532,2.1429,2.1499,5985993.3
2025-11-26 13:15:00+00:00,2.1498,2.1599,2.1488,2.1558,7943949.7
2025-11-26 13:30:00+00:00,2.1557,2.1667,2.149,2.1613,9442657.9
2025-11-26 13:45:00+00:00,2.1613,2.1645,2.1574,2.1639,5275502.9
2025-11-26 14:00:00+00:00,2.164,2.171,2.1557,2.1691,6984916.4
2025-11-26 14:15:00+00:00,2.169,2.1711,2.1629,2.168,5022891.7
2025-11-26 14:30:00+00:00,2.168,2.1768,2.1593,2.1664,10518077.6
2025-11-26 14:45:00+00:00,2.1664,2.1793,2.1471,2.152,15435302.3
2025-11-26 15:00:00+00:00,2.152,2.1678,2.1495,2.16,8546679.2
2025-11-26 15:15:00+00:00,2.16,2.1761,2.1533,2.1741,9250508.8
2025-11-26 15:30:00+00:00,2.1742,2.1758,2.164,2.1646,6365706.3
2025-11-26 15:45:00+00:00,2.1646,2.1715,2.1582,2.1713,8322124.5
2025-11-26 16:00:00+00:00,2.1713,2.1893,2.17,2.1877,12011008.6
2025-11-26 16:15:00+00:00,2.1876,2.196,2.1862,2.1881,7894007.3
2025-11-26 16:30:00+00:00,2.1882,2.1999,2.186,2.1889,7114411.4
2025-11-26 16:45:00+00:00,2.1889,2.1922,2.1816,2.1895,6840254.0
2025-11-26 17:00:00+00:00,2.1896,2.1967,2.1896,2.1925,4173114.3
2025-11-26 17:15:00+00:00,2.1924,2.2161,2.1891,2.2143,11813841.0
2025-11-26 17:30:00+00:00,2.2143,2.2296,2.2111,2.2293,19859609.4
2025-11-26 17:45:00+00:00,2.2293,2.2393,2.228,2.2333,16586127.4
2025-11-26 18:00:00+00:00,2.2334,2.2465,2.2322,2.2413,16192429.6
2025-11-26 18:15:00+00:00,2.2413,2.2536,2.2408,2.247,12463346.9
2025-11-26 18:30:00+00:00,2.2471,2.2472,2.2243,2.2251,13411832.0
2025-11-26 18:45:00+00:00,2.2251,2.2417,2.2235,2.2412,6085850.0
2025-11-26 19:00:00+00:00,2.2411,2.2422,2.226,2.2285,7230045.2
2025-11-26 19:15:00+00:00,2.2285,2.2365,2.224,2.2359,4909124.4
2025-11-26 19:30:00+00:00,2.2359,2.2394,2.2299,2.2328,5535367.0
2025-11-26 19:45:00+00:00,2.2329,2.2363,2.2298,2.2316,3051663.1
2025-11-26 20:00:00+00:00,2.2315,2.2321,2.2152,2.2268,8329435.1
2025-11-26 20:15:00+00:00,2.2268,2.2285,2.2178,2.2212,4613365.9
2025-11-26 20:30:00+00:00,2.2211,2.2242,2.2104,2.2108,4580149.2
2025-11-26 20:45:00+00:00,2.2109,2.2265,2.2109,2.2253,5508275.3
2025-11-26 21:00:00+00:00,2.2254,2.229,2.2217,2.2221,3621071.1
2025-11-26 21:15:00+00:00,2.2221,2.2344,2.2165,2.2328,4381750.4
2025-11-26 21:30:00+00:00,2.2327,2.2346,2.2236,2.2251,4685805.2
2025-11-26 21:45:00+00:00,2.2251,2.2326,2.2213,2.2241,3660601.2
2025-11-26 22:00:00+00:00,2.224,2.2329,2.2189,2.2256,3572346.0
2025-11-26 22:15:00+00:00,2.2255,2.2316,2.2184,2.2227,3700366.2
2025-11-26 22:30:00+00:00,2.2228,2.2266,2.2189,2.2215,1933996.6
2025-11-26 22:45:00+00:00,2.2214,2.2249,2.2201,2.2231,1614429.3
2025-11-26 23:00:00+00:00,2.2231,2.2306,2.2211,2.2278,2991594.8
2025-11-26 23:15:00+00:00,2.2277,2.2277,2.2185,2.2186,2249322.2
2025-11-26 23:30:00+00:00,2.2185,2.2252,2.2184,2.2214,2250303.8
2025-11-26 23:45:00+00:00,2.2213,2.2248,2.2206,2.222,1615674.5
2025-11-27 00:00:00+00:00,2.2219,2.2233,2.2119,2.2149,5641410.1
2025-11-27 00:15:00+00:00,2.2149,2.2193,2.2131,2.2177,3384182.0
2025-11-27 00:30:00+00:00,2.2177,2.2247,2.2172,2.2245,2660939.2
2025-11-27 00:45:00+00:00,2.2245,2.2322,2.2193,2.2201,5344881.5
2025-11-27 01:00:00+00:00,2.2202,2.229,2.2166,2.2197,4737537.7
2025-11-27 01:15:00+00:00,2.2197,2.224,2.2155,2.2192,2770528.0
2025-11-27 01:30:00+00:00,2.2192,2.2212,2.215,2.2201,1567249.6
2025-11-27 01:45:00+00:00,2.2201,2.2293,2.2177,2.2261,2919775.4
2025-11-27 02:00:00+00:00,2.226,2.2268,2.22,2.2215,3154641.1
2025-11-27 02:15:00+00:00,2.2215,2.2296,2.2174,2.2292,6453893.1
2025-11-27 02:30:00+00:00,2.2293,2.233,2.2239,2.231,6324223.8
2025-11-27 02:45:00+00:00,2.2311,2.2334,2.2179,2.2187,6051707.1
2025-11-27 03:00:00+00:00,2.2186,2.2233,2.2143,2.2165,3399949.8
2025-11-27 03:15:00+00:00,2.2164,2.2203,2.2124,2.2128,3338817.2
2025-11-27 03:30:00+00:00,2.2128,2.2128,2.2054,2.2088,6743475.4
2025-11-27 03:45:00+00:00,2.2088,2.2127,2.206,2.209,3618696.6
2025-11-27 04:00:00+00:00,2.209,2.2203,2.208,2.2189,3707653.4
2025-11-27 04:15:00+00:00,2.2189,2.2199,2.2135,2.2141,2471838.7
2025-11-27 04:30:00+00:00,2.214,2.2154,2.2105,2.2107,1981144.0
2025-11-27 04:45:00+00:00,2.2106,2.2133,2.2084,2.2123,1617459.3
2025-11-27 05:00:00+00:00,2.2123,2.2163,2.2111,2.2151,1988658.3
2025-11-27 05:15:00+00:00,2.215,2.2184,2.209,2.2146,2838614.5
2025-11-27 05:30:00+00:00,2.2145,2.2145,2.2015,2.2029,4631040.2
2025-11-27 05:45:00+00:00,2.2029,2.2037,2.1934,2.1996,7606611.5
2025-11-27 06:00:00+00:00,2.1995,2.2097,2.1994,2.2084,4061357.2
2025-11-27 06:15:00+00:00,2.2084,2.2124,2.2052,2.2106,3533183.2
2025-11-27 06:30:00+00:00,2.2105,2.2145,2.2074,2.2075,2106080.5
2025-11-27 06:45:00+00:00,2.2075,2.2113,2.2062,2.2087,1462625.2
2025-11-27 07:00:00+00:00,2.2087,2.2098,2.206,2.2085,1398875.5
2025-11-27 07:15:00+00:00,2.2084,2.2135,2.207,2.211,2189849.2
2025-11-27 07:30:00+00:00,2.2109,2.211,2.2012,2.2031,2862446.5
2025-11-27 07:45:00+00:00,2.2032,2.2067,2.2017,2.2037,1686988.3
2025-11-27 08:00:00+00:00,2.2037,2.2041,2.1922,2.1928,4249216.9
2025-11-27 08:15:00+00:00,2.1928,2.197,2.1875,2.1957,4560242.7
2025-11-27 08:30:00+00:00,2.1957,2.1995,2.1933,2.195,2295887.6
2025-11-27 08:45:00+00:00,2.195,2.1993,2.1935,2.1986,2204283.8
2025-11-27 09:00:00+00:00,2.1987,2.2007,2.197,2.198,2457739.8
2025-11-27 09:15:00+00:00,2.1981,2.2044,2.197,2.1974,3768067.2
2025-11-27 09:30:00+00:00,2.1974,2.2082,2.1974,2.2043,3624111.8
2025-11-27 09:45:00+00:00,2.2043,2.2047,2.1952,2.1967,4385707.0
2025-11-27 10:00:00+00:00,2.1967,2.1973,2.1874,2.1885,5028397.5
2025-11-27 10:15:00+00:00,2.1886,2.194,2.1885,2.1906,2512672.1
2025-11-27 10:30:00+00:00,2.1907,2.1907,2.1828,2.1887,5936585.7
2025-11-27 10:45:00+00:00,2.1887,2.1891,2.1854,2.1879,2712200.6
2025-11-27 11:00:00+00:00,2.1879,2.1895,2.1851,2.1882,2377443.3
2025-11-27 11:15:00+00:00,2.1882,2.1898,2.1852,2.1864,2880002.2
2025-11-27 11:30:00+00:00,2.1864,2.1918,2.1842,2.1902,2768130.0
2025-11-27 11:45:00+00:00,2.1902,2.1905,2.1874,2.1881,1396879.0
2025-11-27 12:00:00+00:00,2.1881,2.191,2.1861,2.1883,2865098.6
2025-11-27 12:15:00+00:00,2.1882,2.1891,2.1783,2.1799,5100864.4
2025-11-27 12:30:00+00:00,2.1799,2.1835,2.1746,2.1768,4483589.2
2025-11-27 12:45:00+00:00,2.1769,2.1785,2.1715,2.1735,4951362.6
2025-11-27 13:00:00+00:00,2.1736,2.1808,2.1732,2.1804,4700961.8
2025-11-27 13:15:00+00:00,2.1804,2.1821,2.174,2.1787,4736526.1
2025-11-27 13:30:00+00:00,2.1786,2.1822,2.1709,2.1773,5145194.3
2025-11-27 13:45:00+00:00,2.1773,2.1824,2.1745,2.1794,3846499.9
2025-11-27 14:00:00+00:00,2.1794,2.1805,2.1751,2.1793,2382467.1
2025-11-27 14:15:00+00:00,2.1793,2.1865,2.1775,2.1851,4376923.0
2025-11-27 14:30:00+00:00,2.185,2.187,2.1781,2.1796,4066508.2
2025-11-27 14:45:00+00:00,2.1795,2.1832,2.1775,2.1818,2020353.6
2025-11-27 15:00:00+00:00,2.1817,2.1873,2.1788,2.1809,3423761.2
2025-11-27 15:15:00+00:00,2.1809,2.1971,2.1809,2.1967,5882198.9
2025-11-27 15:30:00+00:00,2.1967,2.1993,2.1934,2.1954,4004301.1
2025-11-27 15:45:00+00:00,2.1955,2.202,2.1942,2.2014,3906107.1
2025-11-27 16:00:00+00:00,2.2013,2.2126,2.197,2.2121,6904644.3
2025-11-27 16:15:00+00:00,2.212,2.2176,2.2073,2.2131,5632236.7
2025-11-27 16:30:00+00:00,2.2131,2.2163,2.2096,2.2096,4268677.3
2025-11-27 16:45:00+00:00,2.2096,2.2174,2.205,2.2157,5015203.6
2025-11-27 17:00:00+00:00,2.2158,2.2159,2.2084,2.2105,4053440.1
2025-11-27 17:15:00+00:00,2.2105,2.2137,2.2037,2.2055,3557947.6
2025-11-27 17:30:00+00:00,2.2055,2.2085,2.2003,2.2035,4076104.2
2025-11-27 17:45:00+00:00,2.2034,2.2083,2.2003,2.2063,3228528.3
2025-11-27 18:00:00+00:00,2.2064,2.2099,2.2043,2.2077,2605931.9
2025-11-27 18:15:00+00:00,2.2077,2.2134,2.2061,2.2119,3685155.3
2025-11-27 18:30:00+00:00,2.212,2.2279,2.211,2.2258,7769129.4
2025-11-27 18:45:00+00:00,2.2258,2.2298,2.2232,2.2278,5534983.5
2025-11-27 19:00:00+00:00,2.2278,2.2297,2.218,2.218,4293512.1
2025-11-27 19:15:00+00:00,2.218,2.2229,2.2144,2.2208,3667279.2
2025-11-27 19:30:00+00:00,2.2208,2.2248,2.2168,2.2236,2883686.3
2025-11-27 19:45:00+00:00,2.2235,2.2244,2.2198,2.2226,2197752.7
2025-11-27 20:00:00+00:00,2.2226,2.2323,2.2218,2.2307,4913093.8
2025-11-27 20:15:00+00:00,2.2308,2.2329,2.2271,2.2285,3618911.5
2025-11-27 20:30:00+00:00,2.2285,2.2322,2.2216,2.2279,4283375.1
2025-11-27 20:45:00+00:00,2.228,2.232,2.2247,2.2254,3162217.9
2025-11-27 21:00:00+00:00,2.2254,2.2262,2.2166,2.2232,5336867.7
2025-11-27 21:15:00+00:00,2.2232,2.2284,2.2209,2.2247,2339864.9
2025-11-27 21:30:00+00:00,2.2248,2.2255,2.2195,2.2219,2975652.3
2025-11-27 21:45:00+00:00,2.222,2.2232,2.2115,2.2123,5169403.3
2025-11-27 22:00:00+00:00,2.2122,2.2158,2.2104,2.2153,2513296.8
2025-11-27 22:15:00+00:00,2.2153,2.2191,2.2128,2.2172,2695840.2
2025-11-27 22:30:00+00:00,2.2171,2.218,2.203,2.2051,3763588.4
2025-11-27 22:45:00+00:00,2.205,2.2088,2.1961,2.2045,6508557.1
2025-11-27 23:00:00+00:00,2.2044,2.2085,2.1998,2.2047,3948352.0
2025-11-27 23:15:00+00:00,2.2048,2.2094,2.2008,2.2025,3586328.9
2025-11-27 23:30:00+00:00,2.2024,2.2043,2.1947,2.2038,3363293.9
2025-11-27 23:45:00+00:00,2.2038,2.2042,2.1983,2.1989,2191495.2
2025-11-28 00:00:00+00:00,2.1989,2.2032,2.1938,2.1947,3636812.0
2025-11-28 00:15:00+00:00,2.1947,2.2004,2.1915,2.1968,4310702.8
2025-11-28 00:30:00+00:00,2.1967,2.2038,2.1957,2.1959,2482963.2
2025-11-28 00:45:00+00:00,2.196,2.1977,2.19,2.1912,2855638.3
2025-11-28 01:00:00+00:00,2.1911,2.1923,2.1821,2.1833,6464617.0
2025-11-28 01:15:00+00:00,2.1832,2.1872,2.1808,2.1844,4464449.8
2025-11-28 01:30:00+00:00,2.1843,2.188,2.1787,2.1832,3783373.3
2025-11-28 01:45:00+00:00,2.1832,2.1847,2.1645,2.1713,12036210.1
2025-11-28 02:00:00+00:00,2.1712,2.1758,2.166,2.1757,6829440.2
2025-11-28 02:15:00+00:00,2.1757,2.1785,2.1661,2.169,4901288.2
2025-11-28 02:30:00+00:00,2.169,2.1789,2.1684,2.1783,5169189.3
2025-11-28 02:45:00+00:00,2.1782,2.1865,2.1754,2.1839,4486182.7
2025-11-28 03:00:00+00:00,2.1839,2.1881,2.181,2.1817,5662545.7
2025-11-28 03:15:00+00:00,2.1817,2.1836,2.1781,2.1821,2934835.7
2025-11-28 03:30:00+00:00,2.1821,2.184,2.1794,2.1807,1984976.2
2025-11-28 03:45:00+00:00,2.1808,2.1869,2.1803,2.1844,2490087.0
2025-11-28 04:00:00+00:00,2.1845,2.189,2.18,2.1888,4303978.1
2025-11-28 04:15:00+00:00,2.1888,2.1913,2.1875,2.1892,4187049.5
2025-11-28 04:30:00+00:00,2.1891,2.1931,2.188,2.1906,2924503.8
2025-11-28 04:45:00+00:00,2.1907,2.193,2.1887,2.1892,1482925.7
2025-11-28 05:00:00+00:00,2.1893,2.1995,2.1871,2.1974,4461524.6
2025-11-28 05:15:00+00:00,2.1974,2.1998,2.1944,2.1963,2484820.3
2025-11-28 05:30:00+00:00,2.1963,2.206,2.196,2.2059,5220390.6
2025-11-28 05:45:00+00:00,2.2059,2.2212,2.2053,2.213,12287362.8
2025-11-28 06:00:00+00:00,2.2131,2.2192,2.2084,2.2101,4718045.7
2025-11-28 06:15:00+00:00,2.21,2.2133,2.2019,2.2039,4587169.9
2025-11-28 06:30:00+00:00,2.204,2.207,2.1947,2.2036,5301796.9
2025-11-28 06:45:00+00:00,2.2036,2.205,2.1994,2.1996,2439163.8
2025-11-28 07:00:00+00:00,2.1997,2.2104,2.1995,2.2075,3609929.2
2025-11-28 07:15:00+00:00,2.2076,2.21,2.2035,2.2064,2543102.3
2025-11-28 07:30:00+00:00,2.2064,2.2065,2.1961,2.1977,3377899.7
2025-11-28 07:45:00+00:00,2.1978,2.1997,2.1944,2.1959,3465765.5
2025-11-28 08:00:00+00:00,2.1959,2.21,2.1959,2.209,4801297.6
2025-11-28 08:15:00+00:00,2.209,2.2179,2.2064,2.2156,4790766.4
2025-11-28 08:30:00+00:00,2.2156,2.2269,2.2124,2.2185,8355248.0
2025-11-28 08:45:00+00:00,2.2185,2.2444,2.2176,2.2428,16042906.9
2025-11-28 09:00:00+00:00,2.2429,2.2491,2.2337,2.2437,16909710.2
2025-11-28 09:15:00+00:00,2.2438,2.2458,2.2368,2.2392,8598362.5
2025-11-28 09:30:00+00:00,2.2392,2.2397,2.2244,2.228,9491019.7
2025-11-28 09:45:00+00:00,2.228,2.2356,2.2278,2.2318,6094155.6
2025-11-28 10:00:00+00:00,2.2319,2.2319,2.2242,2.2258,3078546.0
2025-11-28 10:15:00+00:00,2.2257,2.23,2.2235,2.2251,3324454.5
2025-11-28 10:30:00+00:00,2.225,2.2271,2.2193,2.2203,3316138.9
2025-11-28 10:45:00+00:00,2.2204,2.2268,2.2183,2.2237,5185802.9
2025-11-28 11:00:00+00:00,2.2238,2.2242,2.2014,2.202,11416002.7
2025-11-28 11:15:00+00:00,2.2021,2.2029,2.1834,2.1938,23683571.1
2025-11-28 11:30:00+00:00,2.1938,2.196,2.1885,2.1915,5136898.7
2025-11-28 11:45:00+00:00,2.1915,2.1973,2.1887,2.1955,5380631.4
2025-11-28 12:00:00+00:00,2.1955,2.2009,2.1941,2.1966,6756903.3
2025-11-28 12:15:00+00:00,2.1965,2.1985,2.1916,2.1955,3796254.7
2025-11-28 12:30:00+00:00,2.1955,2.2003,2.1937,2.1946,3790781.9
2025-11-28 12:45:00+00:00,2.1946,2.2011,2.1931,2.1945,3995897.4
2025-11-28 13:00:00+00:00,2.1945,2.1962,2.1872,2.1909,5646135.5
2025-11-28 13:15:00+00:00,2.1909,2.1966,2.1893,2.1955,3080489.7
2025-11-28 13:30:00+00:00,2.1955,2.2118,2.1941,2.2076,9468458.3
2025-11-28 13:45:00+00:00,2.2076,2.2289,2.2075,2.2205,15106464.3
2025-11-28 14:00:00+00:00,2.2205,2.2245,2.2105,2.2147,6417527.8
2025-11-28 14:15:00+00:00,2.2147,2.2314,2.2136,2.2263,11197190.7
2025-11-28 14:30:00+00:00,2.2263,2.2299,2.2029,2.204,16035515.4
2025-11-28 14:45:00+00:00,2.204,2.2144,2.1991,2.2136,8715047.4
2025-11-28 15:00:00+00:00,2.2136,2.2247,2.2118,2.2245,10587012.3
2025-11-28 15:15:00+00:00,2.2246,2.2747,2.2243,2.2606,54017581.6
2025-11-28 15:30:00+00:00,2.2607,2.2687,2.2481,2.2592,22802743.4
2025-11-28 15:45:00+00:00,2.2592,2.264,2.2397,2.2444,24875225.6
2025-11-28 16:00:00+00:00,2.2445,2.2507,2.2308,2.231,17201227.2
2025-11-28 16:15:00+00:00,2.231,2.2319,2.2019,2.2056,26631125.9
2025-11-28 16:30:00+00:00,2.2056,2.2137,2.2005,2.2047,11545859.3
2025-11-28 16:45:00+00:00,2.2047,2.2112,2.1892,2.19,14213287.2
2025-11-28 17:00:00+00:00,2.1901,2.1949,2.1819,2.1843,11174377.8
2025-11-28 17:15:00+00:00,2.1843,2.1887,2.175,2.1772,17028785.2
2025-11-28 17:30:00+00:00,2.1772,2.1809,2.1684,2.1704,11707638.5
2025-11-28 17:45:00+00:00,2.1703,2.1806,2.165,2.1746,15693218.2
2025-11-28 18:00:00+00:00,2.1747,2.1758,2.1549,2.1712,18678984.8
2025-11-28 18:15:00+00:00,2.1712,2.173,2.1618,2.1657,5899828.9
2025-11-28 18:30:00+00:00,2.1658,2.1715,2.1611,2.1705,4528073.4
2025-11-28 18:45:00+00:00,2.1705,2.1779,2.1664,2.1708,7380059.3
2025-11-28 19:00:00+00:00,2.1708,2.1837,2.1701,2.1827,5570849.6
2025-11-28 19:15:00+00:00,2.1828,2.1877,2.1777,2.1846,6158571.6
2025-11-28 19:30:00+00:00,2.1846,2.1936,2.1832,2.1897,4311682.7
2025-11-28 19:45:00+00:00,2.1897,2.1911,2.1853,2.1865,3199122.2
2025-11-28 20:00:00+00:00,2.1864,2.1864,2.1715,2.1765,7626821.7
2025-11-28 20:15:00+00:00,2.1765,2.1891,2.1732,2.1841,5267339.8
2025-11-28 20:30:00+00:00,2.1842,2.1878,2.1821,2.1832,2148744.6
2025-11-28 20:45:00+00:00,2.1832,2.1909,2.1808,2.1873,2864439.5
2025-11-28 21:00:00+00:00,2.1873,2.1903,2.1813,2.1836,2068992.7
2025-11-28 21:15:00+00:00,2.1836,2.1836,2.175,2.1799,4953638.0
2025-11-28 21:30:00+00:00,2.1799,2.1905,2.1792,2.189,3149217.2
2025-11-28 21:45:00+00:00,2.1891,2.1891,2.181,2.1815,2407574.2
2025-11-28 22:00:00+00:00,2.1815,2.1844,2.1747,2.1791,3050740.4
2025-11-28 22:15:00+00:00,2.179,2.1821,2.17,2.1786,8227735.4
2025-11-28 22:30:00+00:00,2.1786,2.1828,2.1774,2.181,1786714.7
2025-11-28 22:45:00+00:00,2.181,2.1885,2.1809,2.186,1684652.5
2025-11-28 23:00:00+00:00,2.1861,2.1897,2.1806,2.184,2163618.8
2025-11-28 23:15:00+00:00,2.1839,2.1844,2.1806,2.1821,1480123.2
2025-11-28 23:30:00+00:00,2.1821,2.1842,2.1799,2.1806,1833829.3
2025-11-28 23:45:00+00:00,2.1805,2.1813,2.1772,2.1782,1634274.9
2025-11-29 00:00:00+00:00,2.1782,2.179,2.1721,2.1745,6868809.7
2025-11-29 00:15:00+00:00,2.1745,2.1835,2.1722,2.1831,3099934.2
2025-11-29 00:30:00+00:00,2.1831,2.1854,2.1777,2.1813,2043865.9
2025-11-29 00:45:00+00:00,2.1813,2.1824,2.1774,2.1796,1060714.8
2025-11-29 01:00:00+00:00,2.1795,2.1858,2.1792,2.1822,2871282.2
2025-11-29 01:15:00+00:00,2.1822,2.1851,2.1779,2.1786,2106673.3
2025-11-29 01:30:00+00:00,2.1786,2.1791,2.1734,2.175,2080651.7
2025-11-29 01:45:00+00:00,2.175,2.1786,2.1737,2.1763,1078561.0
2025-11-29 02:00:00+00:00,2.1763,2.1802,2.1746,2.18,1271796.7
2025-11-29 02:15:00+00:00,2.1801,2.1826,2.179,2.1793,1581995.6
2025-11-29 02:30:00+00:00,2.1792,2.1794,2.1708,2.175,3036759.0
2025-11-29 02:45:00+00:00,2.175,2.1801,2.173,2.179,1329271.2
2025-11-29 03:00:00+00:00,2.179,2.1814,2.1779,2.1808,2030584.6
2025-11-29 03:15:00+00:00,2.1808,2.1868,2.1792,2.1792,2925877.4
2025-11-29 03:30:00+00:00,2.1792,2.1847,2.1771,2.1821,2824997.7
2025-11-29 03:45:00+00:00,2.1821,2.1851,2.1811,2.1845,2875207.2
2025-11-29 04:00:00+00:00,2.1845,2.1847,2.1786,2.1817,2605866.2
2025-11-29 04:15:00+00:00,2.1816,2.1837,2.1784,2.1823,1679318.7
2025-11-29 04:30:00+00:00,2.1822,2.1834,2.1793,2.1807,2283159.7
2025-11-29 04:45:00+00:00,2.1807,2.1884,2.1807,2.1871,2309048.2
2025-11-29 05:00:00+00:00,2.1871,2.1878,2.184,2.1847,1473189.6
2025-11-29 05:15:00+00:00,2.1847,2.1882,2.1825,2.1837,1634597.4
2025-11-29 05:30:00+00:00,2.1837,2.1852,2.1816,2.1823,1388576.6
2025-11-29 05:45:00+00:00,2.1823,2.1832,2.1774,2.1799,1598593.4
2025-11-29 06:00:00+00:00,2.1798,2.1821,2.1784,2.181,1432797.0
2025-11-29 06:15:00+00:00,2.181,2.1815,2.1701,2.1729,6710644.8
2025-11-29 06:30:00+00:00,2.1729,2.18,2.1643,2.1795,7646371.1
2025-11-29 06:45:00+00:00,2.1795,2.1876,2.1777,2.1822,5095038.7
2025-11-29 07:00:00+00:00,2.1822,2.184,2.1782,2.1806,1799795.0
2025-11-29 07:15:00+00:00,2.1805,2.1839,2.1799,2.1838,1516645.3
2025-11-29 07:30:00+00:00,2.1839,2.1847,2.1788,2.1789,1573107.8
2025-11-29 07:45:00+00:00,2.179,2.1803,2.1742,2.1786,3099044.6
2025-11-29 08:00:00+00:00,2.1786,2.1814,2.1743,2.1777,2041877.0
2025-11-29 08:15:00+00:00,2.1777,2.1802,2.1752,2.1756,1482695.0
2025-11-29 08:30:00+00:00,2.1756,2.1824,2.1724,2.1795,1927438.5
2025-11-29 08:45:00+00:00,2.1796,2.1811,2.177,2.1799,1103698.0
2025-11-29 09:00:00+00:00,2.1799,2.1826,2.1753,2.1771,1766273.6
2025-11-29 09:15:00+00:00,2.177,2.1787,2.175,2.1768,848454.6
2025-11-29 09:30:00+00:00,2.1769,2.1794,2.1755,2.1787,943692.1
2025-11-29 09:45:00+00:00,2.1788,2.184,2.1788,2.1828,2329430.6
2025-11-29 10:00:00+00:00,2.1829,2.1867,2.1789,2.1851,3366493.3
2025-11-29 10:15:00+00:00,2.1851,2.1863,2.1771,2.1831,3926463.0
2025-11-29 10:30:00+00:00,2.1831,2.1853,2.1809,2.1815,1254574.3
2025-11-29 10:45:00+00:00,2.1814,2.1866,2.1814,2.1851,1190187.4
2025-11-29 11:00:00+00:00,2.1851,2.1916,2.1824,2.1911,3548341.0
2025-11-29 11:15:00+00:00,2.191,2.202,2.1903,2.2009,9964772.2
2025-11-29 11:30:00+00:00,2.201,2.2138,2.1968,2.211,11546690.6
2025-11-29 11:45:00+00:00,2.2111,2.2118,2.202,2.21,7173530.9
2025-11-29 12:00:00+00:00,2.21,2.223,2.205,2.2093,10062210.9
2025-11-29 12:15:00+00:00,2.2094,2.2141,2.2032,2.2054,7131795.5
2025-11-29 12:30:00+00:00,2.2055,2.2182,2.2033,2.216,5127543.4
2025-11-29 12:45:00+00:00,2.216,2.2192,2.21,2.2125,4495883.3
2025-11-29 13:00:00+00:00,2.2125,2.2141,2.2068,2.2084,4155944.0
2025-11-29 13:15:00+00:00,2.2083,2.2084,2.2024,2.2071,5686304.3
2025-11-29 13:30:00+00:00,2.2071,2.2076,2.1962,2.2027,6724198.8
2025-11-29 13:45:00+00:00,2.2026,2.2043,2.1984,2.1992,2734248.7
2025-11-29 14:00:00+00:00,2.1991,2.1991,2.1929,2.196,4549044.9
2025-11-29 14:15:00+00:00,2.1959,2.2057,2.1912,2.2054,4730655.7
2025-11-29 14:30:00+00:00,2.2055,2.2105,2.1985,2.2004,4761320.5
2025-11-29 14:45:00+00:00,2.2003,2.2035,2.1967,2.2022,2979596.8
2025-11-29 15:00:00+00:00,2.2023,2.2148,2.2009,2.2136,4842881.2
2025-11-29 15:15:00+00:00,2.2137,2.2208,2.2111,2.2129,8724098.9
2025-11-29 15:30:00+00:00,2.2128,2.2174,2.2104,2.2115,4144656.1
2025-11-29 15:45:00+00:00,2.2116,2.2203,2.2111,2.2174,5184923.6
2025-11-29 16:00:00+00:00,2.2174,2.2195,2.2135,2.2152,4032080.0
2025-11-29 16:15:00+00:00,2.2152,2.219,2.2044,2.2087,7287111.0
2025-11-29 16:30:00+00:00,2.2086,2.2159,2.2075,2.2109,3510729.2
2025-11-29 16:45:00+00:00,2.211,2.2208,2.2098,2.2157,4114944.2
2025-11-29 17:00:00+00:00,2.2156,2.2176,2.2116,2.2143,2957798.4
2025-11-29 17:15:00+00:00,2.2143,2.2182,2.211,2.211,2676173.1
2025-11-29 17:30:00+00:00,2.211,2.2115,2.1993,2.2053,7470996.9
2025-11-29 17:45:00+00:00,2.2053,2.2077,2.1963,2.1974,5225743.6
2025-11-29 18:00:00+00:00,2.1973,2.2018,2.1884,2.1963,7187254.0
2025-11-29 18:15:00+00:00,2.1963,2.2001,2.1902,2.192,5775289.5
2025-11-29 18:30:00+00:00,2.1921,2.2027,2.1888,2.201,4329035.0
2025-11-29 18:45:00+00:00,2.2011,2.2034,2.1964,2.1996,2575538.1
2025-11-29 19:00:00+00:00,2.1996,2.2119,2.1972,2.2068,3475950.2
2025-11-29 19:15:00+00:00,2.2068,2.2076,2.203,2.2039,1721419.5
2025-11-29 19:30:00+00:00,2.2039,2.206,2.1942,2.1943,1889208.2
2025-11-29 19:45:00+00:00,2.1943,2.1962,2.1903,2.1928,2864687.8
2025-11-29 20:00:00+00:00,2.1927,2.1939,2.1864,2.1873,3387062.3
2025-11-29 20:15:00+00:00,2.1874,2.1923,2.1859,2.1919,2040486.2
2025-11-29 20:30:00+00:00,2.1919,2.1953,2.191,2.1951,1642691.9
2025-11-29 20:45:00+00:00,2.1952,2.209,2.1939,2.208,4703511.6
2025-11-29 21:00:00+00:00,2.2079,2.2089,2.2026,2.2038,2839224.0
2025-11-29 21:15:00+00:00,2.2038,2.2143,2.2036,2.2091,3144672.2
2025-11-29 21:30:00+00:00,2.2091,2.2112,2.2055,2.2061,2414038.3
2025-11-29 21:45:00+00:00,2.2062,2.2093,2.2053,2.2056,1218176.3
2025-11-29 22:00:00+00:00,2.2055,2.2059,2.1969,2.1978,2853966.5
2025-11-29 22:15:00+00:00,2.1977,2.2034,2.1973,2.2003,1996892.5
2025-11-29 22:30:00+00:00,2.2002,2.2076,2.199,2.2074,1411988.7
2025-11-29 22:45:00+00:00,2.2073,2.2085,2.1997,2.2012,1583835.0
2025-11-29 23:00:00+00:00,2.2012,2.2028,2.1958,2.1979,2089205.7
2025-11-29 23:15:00+00:00,2.1979,2.2051,2.1972,2.2001,1421538.9
2025-11-29 23:30:00+00:00,2.2001,2.2022,2.1992,2.2,1378234.3
2025-11-29 23:45:00+00:00,2.2,2.2036,2.1986,2.1998,917092.1
2025-11-30 00:00:00+00:00,2.1998,2.2041,2.198,2.2034,3489507.7
2025-11-30 00:15:00+00:00,2.2034,2.2035,2.1999,2.2006,1031234.3
2025-11-30 00:30:00+00:00,2.2006,2.2019,2.1967,2.2001,1155666.3
2025-11-30 00:45:00+00:00,2.2001,2.2004,2.1982,2.1987,922771.2
2025-11-30 01:00:00+00:00,2.1986,2.2073,2.1971,2.2046,2642564.3
2025-11-30 01:15:00+00:00,2.2046,2.2078,2.2008,2.2023,1526739.1
2025-11-30 01:30:00+00:00,2.2022,2.2093,2.2018,2.2062,1649919.9
2025-11-30 01:45:00+00:00,2.2061,2.2081,2.2042,2.2048,704408.0
2025-11-30 02:00:00+00:00,2.2048,2.212,2.2045,2.21,2112765.8
2025-11-30 02:15:00+00:00,2.21,2.2105,2.2009,2.202,1924587.9
2025-11-30 02:30:00+00:00,2.2021,2.2031,2.1974,2.1985,3559720.8
2025-11-30 02:45:00+00:00,2.1985,2.2007,2.1952,2.197,2164595.9
2025-11-30 03:00:00+00:00,2.1971,2.1984,2.1922,2.1927,3022791.1
2025-11-30 03:15:00+00:00,2.1927,2.1979,2.187,2.1964,5486915.6
2025-11-30 03:30:00+00:00,2.1964,2.2105,2.1959,2.208,4647377.4
2025-11-30 03:45:00+00:00,2.2081,2.2085,2.203,2.2056,2872462.0
2025-11-30 04:00:00+00:00,2.2055,2.2086,2.2042,2.2047,2591727.0
2025-11-30 04:15:00+00:00,2.2047,2.2057,2.1982,2.1983,2192349.6
2025-11-30 04:30:00+00:00,2.1983,2.1994,2.1965,2.1977,1479127.0
2025-11-30 04:45:00+00:00,2.1977,2.199,2.1967,2.1985,853701.8
2025-11-30 05:00:00+00:00,2.1984,2.1985,2.1949,2.1961,2456827.3
2025-11-30 05:15:00+00:00,2.196,2.1975,2.1903,2.1914,3296932.8
2025-11-30 05:30:00+00:00,2.1913,2.1949,2.1913,2.1935,1809658.3
2025-11-30 05:45:00+00:00,2.1935,2.1959,2.1928,2.1943,1156299.2
2025-11-30 06:00:00+00:00,2.1943,2.1966,2.1901,2.1918,1851471.3
2025-11-30 06:15:00+00:00,2.1918,2.1959,2.1901,2.1957,1700979.3
2025-11-30 06:30:00+00:00,2.1957,2.1988,2.1952,2.1972,1647685.8
2025-11-30 06:45:00+00:00,2.1973,2.1973,2.1934,2.1934,1252866.4
2025-11-30 07:00:00+00:00,2.1934,2.1954,2.191,2.1951,1478565.7
2025-11-30 07:15:00+00:00,2.1951,2.1977,2.1934,2.1973,1444508.4
2025-11-30 07:30:00+00:00,2.1973,2.2006,2.1956,2.1958,2571859.6
2025-11-30 07:45:00+00:00,2.1957,2.2001,2.1954,2.1981,1690158.6
2025-11-30 08:00:00+00:00,2.1981,2.1981,2.1934,2.195,2157899.0
2025-11-30 08:15:00+00:00,2.1951,2.2096,2.1929,2.2,6277183.7
2025-11-30 08:30:00+00:00,2.2,2.2017,2.1901,2.1935,5478472.3
2025-11-30 08:45:00+00:00,2.1935,2.1952,2.1891,2.1904,2992690.2
2025-11-30 09:00:00+00:00,2.1904,2.1976,2.1878,2.193,5090469.3
2025-11-30 09:15:00+00:00,2.1929,2.196,2.1902,2.1915,3039692.4
2025-11-30 09:30:00+00:00,2.1916,2.1939,2.1891,2.1936,1820286.7
2025-11-30 09:45:00+00:00,2.1936,2.1956,2.1904,2.195,1688850.3
2025-11-30 10:00:00+00:00,2.195,2.1957,2.1898,2.1912,1895953.0
2025-11-30 10:15:00+00:00,2.1911,2.1944,2.1903,2.1942,1576984.2
2025-11-30 10:30:00+00:00,2.1941,2.1944,2.187,2.1885,2561615.9
2025-11-30 10:45:00+00:00,2.1884,2.1909,2.1864,2.1882,2567419.3
2025-11-30 11:00:00+00:00,2.1883,2.1915,2.1865,2.1881,2671233.8
2025-11-30 11:15:00+00:00,2.1881,2.19,2.1859,2.1869,2724020.7
2025-11-30 11:30:00+00:00,2.187,2.1874,2.1806,2.1843,5605231.8
2025-11-30 11:45:00+00:00,2.1843,2.1879,2.1823,2.1867,2368177.7
2025-11-30 12:00:00+00:00,2.1867,2.1894,2.1832,2.189,3132891.5
2025-11-30 12:15:00+00:00,2.1891,2.1926,2.1887,2.19,2189326.5
2025-11-30 12:30:00+00:00,2.1899,2.198,2.1896,2.197,3966169.5
2025-11-30 12:45:00+00:00,2.1969,2.2011,2.1933,2.1957,4329460.8
2025-11-30 13:00:00+00:00,2.1957,2.1968,2.1923,2.1923,2407480.1
2025-11-30 13:15:00+00:00,2.1924,2.2052,2.1924,2.2019,7947165.8
2025-11-30 13:30:00+00:00,2.2019,2.2068,2.1986,2.2024,6434839.8
2025-11-30 13:45:00+00:00,2.2023,2.2046,2.1991,2.204,3221375.2
2025-11-30 14:00:00+00:00,2.204,2.2046,2.1971,2.2019,3253750.9
2025-11-30 14:15:00+00:00,2.202,2.2022,2.1974,2.1977,2335377.2
2025-11-30 14:30:00+00:00,2.1978,2.1984,2.1878,2.1893,5970408.8
2025-11-30 14:45:00+00:00,2.1894,2.1929,2.1878,2.1927,3577985.9
2025-11-30 15:00:00+00:00,2.1927,2.1927,2.1844,2.1868,4278556.6
2025-11-30 15:15:00+00:00,2.1868,2.1946,2.1854,2.1924,2910766.1
2025-11-30 15:30:00+00:00,2.1924,2.1926,2.1861,2.1888,2867014.1
2025-11-30 15:45:00+00:00,2.1889,2.1964,2.1877,2.1952,2437269.2
2025-11-30 16:00:00+00:00,2.1953,2.1991,2.1943,2.1979,2411426.2
2025-11-30 16:15:00+00:00,2.198,2.206,2.196,2.2049,6301378.5
2025-11-30 16:30:00+00:00,2.205,2.2062,2.2016,2.2036,4105232.3
2025-11-30 16:45:00+00:00,2.2037,2.2139,2.2022,2.209,8891228.9
2025-11-30 17:00:00+00:00,2.2089,2.2094,2.1961,2.1974,8320950.1
2025-11-30 17:15:00+00:00,2.1973,2.2,2.1954,2.1969,2571638.5
2025-11-30 17:30:00+00:00,2.1969,2.2059,2.1962,2.2029,3328376.0
2025-11-30 17:45:00+00:00,2.2029,2.2046,2.1978,2.1999,2076278.9
2025-11-30 18:00:00+00:00,2.2,2.2013,2.1951,2.1965,2673959.7
2025-11-30 18:15:00+00:00,2.1965,2.2005,2.1939,2.1995,1808322.6
2025-11-30 18:30:00+00:00,2.1995,2.2037,2.1975,2.1999,1864544.6
2025-11-30 18:45:00+00:00,2.1999,2.2053,2.199,2.2022,1493533.7
2025-11-30 19:00:00+00:00,2.2022,2.2057,2.2006,2.2008,1640773.4
2025-11-30 19:15:00+00:00,2.2008,2.2019,2.1969,2.1984,1303288.1
2025-11-30 19:30:00+00:00,2.1985,2.2016,2.1953,2.1991,1973891.9
2025-11-30 19:45:00+00:00,2.1992,2.2004,2.1965,2.1981,959117.5
2025-11-30 20:00:00+00:00,2.1981,2.2022,2.1964,2.2006,1400095.9
2025-11-30 20:15:00+00:00,2.2005,2.2015,2.1913,2.1926,1717193.3
2025-11-30 20:30:00+00:00,2.1926,2.1929,2.187,2.1894,3159073.1
2025-11-30 20:45:00+00:00,2.1893,2.1956,2.1887,2.1946,2234623.6
2025-11-30 21:00:00+00:00,2.1946,2.1946,2.1864,2.1901,2281397.6
2025-11-30 21:15:00+00:00,2.1902,2.1914,2.1756,2.1879,10429779.0
2025-11-30 21:30:00+00:00,2.188,2.1894,2.1846,2.1852,2329545.3
2025-11-30 21:45:00+00:00,2.1852,2.1882,2.184,2.1855,2569628.6
2025-11-30 22:00:00+00:00,2.1856,2.1945,2.1843,2.1934,2709309.5
2025-11-30 22:15:00+00:00,2.1933,2.1956,2.1899,2.1903,1921605.7
2025-11-30 22:30:00+00:00,2.1902,2.1905,2.1849,2.1868,2811816.7
2025-11-30 22:45:00+00:00,2.1868,2.1926,2.1845,2.191,1413578.4
2025-11-30 23:00:00+00:00,2.191,2.1919,2.1763,2.1771,8006344.8
2025-11-30 23:15:00+00:00,2.1771,2.1772,2.1669,2.1689,10368250.0
2025-11-30 23:30:00+00:00,2.1689,2.1712,2.1616,2.1657,9585706.4
2025-11-30 23:45:00+00:00,2.1657,2.1709,2.1502,2.1537,11752468.8
2025-12-01 00:00:00+00:00,2.1537,2.1598,2.109,2.1141,68623501.5
2025-12-01 00:15:00+00:00,2.1141,2.1173,2.0943,2.0952,32493720.6
2025-12-01 00:30:00+00:00,2.0951,2.1022,2.0726,2.0826,42843299.1
2025-12-01 00:45:00+00:00,2.0825,2.0853,2.0564,2.0566,28468405.2
2025-12-01 01:00:00+00:00,2.0567,2.0917,2.0561,2.0782,26875536.4
2025-12-01 01:15:00+00:00,2.0782,2.0895,2.0728,2.074,11356322.5
2025-12-01 01:30:00+00:00,2.0741,2.0868,2.0728,2.0813,6994901.8
2025-12-01 01:45:00+00:00,2.0812,2.0842,2.0757,2.0772,4205098.0
2025-12-01 02:00:00+00:00,2.0771,2.0867,2.0737,2.0804,7849565.7
2025-12-01 02:15:00+00:00,2.0803,2.0831,2.0712,2.0717,4289122.6
2025-12-01 02:30:00+00:00,2.0716,2.0755,2.0625,2.0679,11932037.6
2025-12-01 02:45:00+00:00,2.0678,2.0686,2.055,2.0626,10597953.5
2025-12-01 03:00:00+00:00,2.0626,2.0645,2.0511,2.0554,10156903.4
2025-12-01 03:15:00+00:00,2.0554,2.0594,2.0488,2.0511,6626515.5
2025-12-01 03:30:00+00:00,2.0511,2.053,2.0413,2.0527,10299116.2
2025-12-01 03:45:00+00:00,2.0527,2.0545,2.044,2.049,6343004.3
2025-12-01 04:00:00+00:00,2.0489,2.0529,2.0367,2.0367,14412167.2
2025-12-01 04:15:00+00:00,2.0368,2.0449,2.0324,2.0342,10771118.2
2025-12-01 04:30:00+00:00,2.0342,2.0369,2.0276,2.0345,12205123.7
2025-12-01 04:45:00+00:00,2.0345,2.0375,2.0272,2.0289,5843088.0
2025-12-01 05:00:00+00:00,2.0288,2.0358,2.025,2.0262,8226958.8
2025-12-01 05:15:00+00:00,2.0262,2.0317,2.0185,2.0311,9089779.1
2025-12-01 05:30:00+00:00,2.031,2.0318,2.0155,2.019,5559875.0
2025-12-01 05:45:00+00:00,2.019,2.0301,2.0187,2.027,5240020.6
2025-12-01 06:00:00+00:00,2.0269,2.0371,2.0267,2.0351,8881538.5
2025-12-01 06:15:00+00:00,2.0351,2.0351,2.0265,2.0323,4848568.7
2025-12-01 06:30:00+00:00,2.0323,2.0444,2.0305,2.0434,5388643.7
2025-12-01 06:45:00+00:00,2.0433,2.0482,2.0393,2.0459,6846619.1
2025-12-01 07:00:00+00:00,2.0459,2.0474,2.0358,2.0393,5801848.6
2025-12-01 07:15:00+00:00,2.0392,2.0423,2.0316,2.0415,3575643.3
2025-12-01 07:30:00+00:00,2.0415,2.0528,2.0388,2.0496,6877471.9
2025-12-01 07:45:00+00:00,2.0495,2.0571,2.0494,2.0549,8129272.5
2025-12-01 08:00:00+00:00,2.0549,2.0579,2.0502,2.0507,6691075.3
2025-12-01 08:15:00+00:00,2.0507,2.0566,2.0476,2.051,4496925.1
2025-12-01 08:30:00+00:00,2.0511,2.0545,2.0461,2.0537,3526912.6
2025-12-01 08:45:00+00:00,2.0537,2.0571,2.0524,2.0553,3736410.6
2025-12-01 09:00:00+00:00,2.0552,2.0592,2.0461,2.0469,6222002.7
2025-12-01 09:15:00+00:00,2.047,2.0502,2.0418,2.0449,4017513.3
2025-12-01 09:30:00+00:00,2.0449,2.0531,2.0439,2.0521,2630229.7
2025-12-01 09:45:00+00:00,2.0521,2.0522,2.0445,2.0448,2691325.1
2025-12-01 10:00:00+00:00,2.0449,2.0472,2.0361,2.0375,5126051.7
2025-12-01 10:15:00+00:00,2.0376,2.0409,2.0364,2.0398,3577725.0
2025-12-01 10:30:00+00:00,2.0397,2.0431,2.0385,2.0397,2858357.2
2025-12-01 10:45:00+00:00,2.0397,2.043,2.0383,2.0411,2554780.4
2025-12-01 11:00:00+00:00,2.0411,2.0447,2.0352,2.0378,3125173.5
2025-12-01 11:15:00+00:00,2.0378,2.0455,2.0363,2.0421,4659183.5
2025-12-01 11:30:00+00:00,2.0421,2.0424,2.038,2.0387,3463773.8
2025-12-01 11:45:00+00:00,2.0387,2.0451,2.03,2.033,12170459.0
2025-12-01 12:00:00+00:00,2.033,2.0355,2.0254,2.0308,10839673.2
2025-12-01 12:15:00+00:00,2.0309,2.032,2.0231,2.0253,7239783.8
2025-12-01 12:30:00+00:00,2.0253,2.0286,2.0176,2.0182,11935659.0
2025-12-01 12:45:00+00:00,2.0182,2.0331,2.0017,2.027,26268485.8
2025-12-01 13:00:00+00:00,2.027,2.0359,2.0162,2.023,18577900.6
2025-12-01 13:15:00+00:00,2.0231,2.0258,2.0167,2.0193,6144436.2
2025-12-01 13:30:00+00:00,2.0192,2.0205,2.0124,2.0151,7974797.0
2025-12-01 13:45:00+00:00,2.0151,2.0232,2.0085,2.0191,7761996.3
2025-12-01 14:00:00+00:00,2.0192,2.0236,2.0134,2.0204,7958706.1
2025-12-01 14:15:00+00:00,2.0205,2.0296,2.015,2.0292,7067184.2
2025-12-01 14:30:00+00:00,2.0291,2.0484,2.0229,2.0309,16530500.7
2025-12-01 14:45:00+00:00,2.0309,2.0385,2.025,2.0303,9181406.7
2025-12-01 15:00:00+00:00,2.0304,2.0344,2.0145,2.015,8771690.0
2025-12-01 15:15:00+00:00,2.015,2.024,2.005,2.0062,18756256.2
2025-12-01 15:30:00+00:00,2.0063,2.0066,1.9849,1.9867,38322114.0
2025-12-01 15:45:00+00:00,1.9867,2.0197,1.9825,2.0064,23385366.9
2025-12-01 16:00:00+00:00,2.0065,2.0091,1.9878,1.9921,14852084.5
2025-12-01 16:15:00+00:00,1.9922,1.9985,1.9861,1.9939,11970520.9
2025-12-01 16:30:00+00:00,1.9939,2.0058,1.9862,1.9951,12241881.3
2025-12-01 16:45:00+00:00,1.9952,1.9995,1.9853,1.9898,9204514.3
2025-12-01 17:00:00+00:00,1.9898,2.0036,1.9893,1.992,12256049.8
2025-12-01 17:15:00+00:00,1.992,2.0032,1.9879,2.0002,7803670.6
2025-12-01 17:30:00+00:00,2.0002,2.0012,1.9868,2.0009,8915605.5
2025-12-01 17:45:00+00:00,2.0008,2.0034,1.994,1.9942,5281103.4
2025-12-01 18:00:00+00:00,1.9941,2.009,1.993,2.0077,5953654.3
2025-12-01 18:15:00+00:00,2.0077,2.0114,2.0013,2.0045,5741064.5
2025-12-01 18:30:00+00:00,2.0046,2.0052,1.9951,1.9969,5857971.1
2025-12-01 18:45:00+00:00,1.9969,2.008,1.9925,2.0034,7076644.8
2025-12-01 19:00:00+00:00,2.0033,2.0042,1.9935,2.0006,4467285.9
2025-12-01 19:15:00+00:00,2.0007,2.002,1.9889,1.9892,4627367.3
2025-12-01 19:30:00+00:00,1.9893,1.999,1.9855,1.9893,6921720.1
2025-12-01 19:45:00+00:00,1.9893,1.9963,1.9889,1.9933,3449138.4
2025-12-01 20:00:00+00:00,1.9932,2.0215,1.9927,2.0129,14391762.1
2025-12-01 20:15:00+00:00,2.0129,2.0129,2.0039,2.0048,7891098.4
2025-12-01 20:30:00+00:00,2.0049,2.0156,2.0042,2.0155,6905693.4
2025-12-01 20:45:00+00:00,2.0156,2.0258,2.0088,2.0104,20534565.5
2025-12-01 21:00:00+00:00,2.0104,2.0235,2.0093,2.0131,9847311.1
2025-12-01 21:15:00+00:00,2.0131,2.0335,2.009,2.0258,13354742.1
2025-12-01 21:30:00+00:00,2.0258,2.045,2.0256,2.0324,20843888.8
2025-12-01 21:45:00+00:00,2.0323,2.0324,2.0194,2.0251,15446173.4
2025-12-01 22:00:00+00:00,2.0252,2.0332,2.0164,2.0205,13274730.6
2025-12-01 22:15:00+00:00,2.0204,2.0303,2.0184,2.0285,5579935.5
2025-12-01 22:30:00+00:00,2.0285,2.035,2.0233,2.0343,3753094.6
2025-12-01 22:45:00+00:00,2.0343,2.0429,2.0316,2.0322,6844157.5
2025-12-01 23:00:00+00:00,2.0321,2.0415,2.0302,2.0312,3537224.8
2025-12-01 23:15:00+00:00,2.0313,2.0401,2.0313,2.0396,2185801.5
2025-12-01 23:30:00+00:00,2.0397,2.0419,2.0311,2.0325,3337535.1
2025-12-01 23:45:00+00:00,2.0325,2.0328,2.0286,2.0286,3558447.4
2025-12-02 00:00:00+00:00,2.0287,2.0303,2.021,2.0218,9587901.9
2025-12-02 00:15:00+00:00,2.0217,2.0242,2.0134,2.0149,8475554.9
2025-12-02 00:30:00+00:00,2.0149,2.0248,2.0116,2.0146,6783346.2
2025-12-02 00:45:00+00:00,2.0147,2.0268,2.0142,2.0201,3760775.5
2025-12-02 01:00:00+00:00,2.0201,2.0428,2.0149,2.0265,9095628.9
2025-12-02 01:15:00+00:00,2.0264,2.0289,2.019,2.0248,3280642.1
2025-12-02 01:30:00+00:00,2.0247,2.0269,2.0188,2.022,2695880.5
2025-12-02 01:45:00+00:00,2.022,2.0226,2.0157,2.0168,3061777.9
2025-12-02 02:00:00+00:00,2.0168,2.02,2.0082,2.019,6432562.0
2025-12-02 02:15:00+00:00,2.019,2.0293,2.019,2.0244,4739047.4
2025-12-02 02:30:00+00:00,2.0243,2.0306,2.0218,2.0264,3713850.3
2025-12-02 02:45:00+00:00,2.0263,2.0301,2.0194,2.0206,2803109.5
2025-12-02 03:00:00+00:00,2.0206,2.0209,2.0144,2.0179,3445405.8
2025-12-02 03:15:00+00:00,2.0179,2.0179,2.0024,2.0049,4939842.1
2025-12-02 03:30:00+00:00,2.0048,2.0248,2.0013,2.0248,6281338.4
2025-12-02 03:45:00+00:00,2.0247,2.0256,2.0185,2.0197,7787087.4
2025-12-02 04:00:00+00:00,2.0197,2.0271,2.0189,2.0227,20487567.1
2025-12-02 04:15:00+00:00,2.0226,2.0258,2.0184,2.0192,4627207.7
2025-12-02 04:30:00+00:00,2.0193,2.0197,2.0157,2.0184,1670795.9
2025-12-02 04:45:00+00:00,2.0184,2.0222,2.0137,2.0146,2493735.9
2025-12-02 05:00:00+00:00,2.0146,2.0192,2.0091,2.0151,3114119.9
2025-12-02 05:15:00+00:00,2.0151,2.0166,2.0112,2.0115,1870079.1
2025-12-02 05:30:00+00:00,2.0115,2.0121,2.0082,2.0116,3222744.3
2025-12-02 05:45:00+00:00,2.0117,2.0175,2.011,2.0154,2579017.1
2025-12-02 06:00:00+00:00,2.0153,2.0156,2.0082,2.013,2530474.4
2025-12-02 06:15:00+00:00,2.0129,2.0165,2.0103,2.0137,2233553.1
2025-12-02 06:30:00+00:00,2.0138,2.0224,2.0138,2.0215,2621156.5
2025-12-02 06:45:00+00:00,2.0215,2.0251,2.0197,2.0227,2527269.4
2025-12-02 07:00:00+00:00,2.0228,2.0234,2.0162,2.0169,2545219.0
2025-12-02 07:15:00+00:00,2.0169,2.0179,2.0131,2.0132,1825513.5
2025-12-02 07:30:00+00:00,2.0133,2.014,2.0093,2.0123,3400078.1
2025-12-02 07:45:00+00:00,2.0123,2.017,2.0117,2.0161,1764593.0
2025-12-02 08:00:00+00:00,2.016,2.0165,2.0033,2.0055,4440918.8
2025-12-02 08:15:00+00:00,2.0056,2.0065,1.9937,1.998,12079899.9
2025-12-02 08:30:00+00:00,1.998,2.0053,1.9941,2.0025,11295930.1
2025-12-02 08:45:00+00:00,2.0025,2.0097,1.999,2.0012,5217237.9
2025-12-02 09:00:00+00:00,2.0012,2.0158,2.0003,2.0104,4774618.4
2025-12-02 09:15:00+00:00,2.0103,2.0188,2.0078,2.0167,4258790.8
2025-12-02 09:30:00+00:00,2.0166,2.0166,2.009,2.0091,2398312.1
2025-12-02 09:45:00+00:00,2.0091,2.0131,2.0076,2.0109,2361310.4
2025-12-02 10:00:00+00:00,2.0108,2.0166,2.0105,2.0143,2954491.8
2025-12-02 10:15:00+00:00,2.0143,2.0157,2.0111,2.0113,1638070.6
2025-12-02 10:30:00+00:00,2.0113,2.0188,2.0113,2.0181,2026329.6
2025-12-02 10:45:00+00:00,2.0181,2.038,2.018,2.0271,15566929.1
2025-12-02 11:00:00+00:00,2.0271,2.0293,2.024,2.0278,4684365.8
2025-12-02 11:15:00+00:00,2.0278,2.036,2.0261,2.0356,5550047.5
2025-12-02 11:30:00+00:00,2.0357,2.0373,2.0325,2.0334,4852874.7
2025-12-02 11:45:00+00:00,2.0334,2.0407,2.0327,2.0353,5638446.0
2025-12-02 12:00:00+00:00,2.0353,2.041,2.0339,2.0357,4201516.5
2025-12-02 12:15:00+00:00,2.0358,2.0378,2.0291,2.0322,4465645.6
2025-12-02 12:30:00+00:00,2.0321,2.0342,2.0253,2.0298,5507542.0
2025-12-02 12:45:00+00:00,2.0298,2.0395,2.0269,2.0389,5397615.3
2025-12-02 13:00:00+00:00,2.0389,2.0444,2.0331,2.0403,5814693.4
2025-12-02 13:15:00+00:00,2.0403,2.0468,2.0392,2.0408,13245213.3
2025-12-02 13:30:00+00:00,2.0407,2.0434,2.0382,2.0398,3730405.5
2025-12-02 13:45:00+00:00,2.0397,2.0459,2.0372,2.0432,5371994.5
2025-12-02 14:00:00+00:00,2.0432,2.0555,2.0394,2.0509,11288098.4
2025-12-02 14:15:00+00:00,2.051,2.0649,2.0495,2.0589,14229490.4
2025-12-02 14:30:00+00:00,2.0588,2.0776,2.0542,2.0762,20289199.9
2025-12-02 14:45:00+00:00,2.0762,2.0917,2.0754,2.0911,21527381.2
2025-12-02 15:00:00+00:00,2.0912,2.1377,2.0892,2.1302,37575302.9
2025-12-02 15:15:00+00:00,2.1303,2.1481,2.1204,2.1213,37750271.7
2025-12-02 15:30:00+00:00,2.1214,2.1618,2.1202,2.1524,24421209.8
2025-12-02 15:45:00+00:00,2.1524,2.1644,2.1487,2.1542,19037971.1
2025-12-02 16:00:00+00:00,2.1542,2.1624,2.1451,2.1497,18393911.7
2025-12-02 16:15:00+00:00,2.1496,2.1501,2.1335,2.1373,19931273.7
2025-12-02 16:30:00+00:00,2.1372,2.1549,2.1362,2.1445,12011579.3
2025-12-02 16:45:00+00:00,2.1444,2.1539,2.1391,2.1462,6891154.8
2025-12-02 17:00:00+00:00,2.1461,2.1521,2.1435,2.1489,5944826.2
2025-12-02 17:15:00+00:00,2.1488,2.1709,2.1482,2.168,16830311.4
2025-12-02 17:30:00+00:00,2.1681,2.1766,2.1663,2.1697,12073283.7
2025-12-02 17:45:00+00:00,2.1697,2.1758,2.1667,2.1688,8047888.8
2025-12-02 18:00:00+00:00,2.1687,2.1758,2.1642,2.1723,8016823.4
2025-12-02 18:15:00+00:00,2.1722,2.1797,2.1709,2.1728,8167069.1
2025-12-02 18:30:00+00:00,2.1727,2.1789,2.167,2.1675,7148400.9
2025-12-02 18:45:00+00:00,2.1676,2.1755,2.1666,2.1738,7638048.0
2025-12-02 19:00:00+00:00,2.1737,2.1803,2.1727,2.175,4708640.4
2025-12-02 19:15:00+00:00,2.1751,2.1757,2.168,2.1706,4364100.8
2025-12-02 19:30:00+00:00,2.1705,2.1825,2.1691,2.1789,5504547.8
2025-12-02 19:45:00+00:00,2.1788,2.1793,2.1705,2.1731,4803801.0
2025-12-02 20:00:00+00:00,2.173,2.1771,2.1681,2.1725,8710670.8
2025-12-02 20:15:00+00:00,2.1725,2.1726,2.1527,2.1541,16863387.7
2025-12-02 20:30:00+00:00,2.1541,2.1602,2.147,2.156,11186513.2
2025-12-02 20:45:00+00:00,2.156,2.1668,2.1524,2.1643,16308404.1
2025-12-02 21:00:00+00:00,2.1644,2.1756,2.162,2.1732,12592608.1
2025-12-02 21:15:00+00:00,2.1733,2.1742,2.164,2.1703,5251400.5
2025-12-02 21:30:00+00:00,2.1703,2.1727,2.1632,2.1696,5421137.9
2025-12-02 21:45:00+00:00,2.1695,2.1719,2.164,2.1661,4476059.7
2025-12-02 22:00:00+00:00,2.1661,2.1729,2.1621,2.1682,4941608.6
2025-12-02 22:15:00+00:00,2.1682,2.1696,2.1636,2.1644,2010787.0
2025-12-02 22:30:00+00:00,2.1643,2.171,2.1638,2.1659,2976981.8
2025-12-02 22:45:00+00:00,2.1659,2.1691,2.1635,2.1684,1935409.6
2025-12-02 23:00:00+00:00,2.1684,2.1716,2.164,2.1641,3841914.0
2025-12-02 23:15:00+00:00,2.164,2.167,2.1572,2.1585,3346626.2
2025-12-02 23:30:00+00:00,2.1586,2.1604,2.1521,2.1566,5086721.4
2025-12-02 23:45:00+00:00,2.1567,2.1594,2.1513,2.1526,3991570.7
2025-12-03 00:00:00+00:00,2.1525,2.1557,2.1467,2.1489,7522610.5
2025-12-03 00:15:00+00:00,2.1489,2.1513,2.1413,2.1439,5615102.0
2025-12-03 00:30:00+00:00,2.144,2.1528,2.1406,2.1528,5570421.4
2025-12-03 00:45:00+00:00,2.1529,2.1574,2.1483,2.152,5453958.0
2025-12-03 01:00:00+00:00,2.152,2.1571,2.1472,2.1535,3898193.1
2025-12-03 01:15:00+00:00,2.1535,2.1579,2.1511,2.1538,4478680.5
2025-12-03 01:30:00+00:00,2.1538,2.1553,2.1502,2.1515,3142719.1
2025-12-03 01:45:00+00:00,2.1514,2.1659,2.151,2.1602,6286671.5
2025-12-03 02:00:00+00:00,2.1602,2.1768,2.1586,2.1742,9960345.3
2025-12-03 02:15:00+00:00,2.1741,2.1893,2.1692,2.1848,16512845.7
2025-12-03 02:30:00+00:00,2.1847,2.1863,2.1801,2.1833,5009732.9
2025-12-03 02:45:00+00:00,2.1834,2.1842,2.1764,2.182,4670584.0
2025-12-03 03:00:00+00:00,2.182,2.1904,2.1786,2.1818,5212179.6
2025-12-03 03:15:00+00:00,2.1817,2.184,2.178,2.1801,2742997.5
2025-12-03 03:30:00+00:00,2.1802,2.1806,2.1732,2.1754,3355059.5
2025-12-03 03:45:00+00:00,2.1755,2.1778,2.1734,2.1753,2300007.0
2025-12-03 04:00:00+00:00,2.1753,2.1791,2.1719,2.1767,3383849.9
2025-12-03 04:15:00+00:00,2.1767,2.1891,2.1745,2.1797,7704069.2
2025-12-03 04:30:00+00:00,2.1797,2.1874,2.1788,2.1868,3502312.1
2025-12-03 04:45:00+00:00,2.1867,2.1988,2.1855,2.1982,8905614.0
2025-12-03 05:00:00+00:00,2.1981,2.2186,2.1971,2.2084,15631398.1
2025-12-03 05:15:00+00:00,2.2084,2.2098,2.2011,2.2062,5840893.7
2025-12-03 05:30:00+00:00,2.2062,2.2095,2.2037,2.2055,4457562.5
2025-12-03 05:45:00+00:00,2.2055,2.2088,2.2012,2.2019,3719257.3
2025-12-03 06:00:00+00:00,2.202,2.2134,2.2019,2.207,6650199.7
2025-12-03 06:15:00+00:00,2.207,2.2133,2.2041,2.2052,4365125.5
2025-12-03 06:30:00+00:00,2.2053,2.2124,2.1978,2.1991,7230455.0
2025-12-03 06:45:00+00:00,2.1992,2.2012,2.189,2.193,11701170.1
2025-12-03 07:00:00+00:00,2.1931,2.2046,2.193,2.203,4263120.1
2025-12-03 07:15:00+00:00,2.2029,2.2029,2.1914,2.192,6439282.1
2025-12-03 07:30:00+00:00,2.1921,2.1989,2.192,2.1961,3100342.0
2025-12-03 07:45:00+00:00,2.1961,2.1962,2.1883,2.1907,4460709.6
2025-12-03 08:00:00+00:00,2.1908,2.1945,2.1897,2.1921,3918875.7
2025-12-03 08:15:00+00:00,2.192,2.1926,2.1854,2.188,4441270.7
2025-12-03 08:30:00+00:00,2.188,2.1916,2.1858,2.1915,2540060.2
2025-12-03 08:45:00+00:00,2.1916,2.1943,2.1854,2.1867,3449454.6
2025-12-03 09:00:00+00:00,2.1867,2.1884,2.1803,2.1881,5516680.0
2025-12-03 09:15:00+00:00,2.1882,2.1884,2.182,2.1831,1654257.6
2025-12-03 09:30:00+00:00,2.1831,2.1832,2.1774,2.1796,4428620.7
2025-12-03 09:45:00+00:00,2.1797,2.1845,2.1785,2.1827,3550961.8
2025-12-03 10:00:00+00:00,2.1827,2.1829,2.1782,2.1799,2510693.1
2025-12-03 10:15:00+00:00,2.18,2.1894,2.1799,2.1867,5188078.7
2025-12-03 10:30:00+00:00,2.1867,2.1867,2.1742,2.1748,5688921.8
2025-12-03 10:45:00+00:00,2.1748,2.1777,2.1714,2.1729,4736665.3
2025-12-03 11:00:00+00:00,2.173,2.1749,2.1663,2.168,8750037.4
2025-12-03 11:15:00+00:00,2.1679,2.1748,2.1659,2.1728,5461982.6
2025-12-03 11:30:00+00:00,2.1729,2.1742,2.1687,2.1698,2629398.7
2025-12-03 11:45:00+00:00,2.1698,2.1771,2.1693,2.1754,2566324.4
2025-12-03 12:00:00+00:00,2.1754,2.1782,2.1711,2.1737,3602667.9
2025-12-03 12:15:00+00:00,2.1737,2.1777,2.1719,2.1739,2924533.5
2025-12-03 12:30:00+00:00,2.1739,2.1766,2.1704,2.1713,2399564.0
2025-12-03 12:45:00+00:00,2.1713,2.1795,2.1701,2.1767,3899772.8
2025-12-03 13:00:00+00:00,2.1767,2.1792,2.174,2.1769,3142995.5
2025-12-03 13:15:00+00:00,2.177,2.1821,2.1753,2.1755,5089543.8
2025-12-03 13:30:00+00:00,2.1755,2.1788,2.1712,2.1762,3466536.4
2025-12-03 13:45:00+00:00,2.1762,2.1785,2.1737,2.1754,2803677.6
2025-12-03 14:00:00+00:00,2.1755,2.1763,2.1409,2.1553,44012721.0
2025-12-03 14:15:00+00:00,2.1553,2.1656,2.1536,2.1642,8981284.0
2025-12-03 14:30:00+00:00,2.1642,2.198,2.1514,2.1918,23602867.1
2025-12-03 14:45:00+00:00,2.1919,2.1927,2.1662,2.1667,15814596.6
2025-12-03 15:00:00+00:00,2.1668,2.1824,2.1592,2.1642,11392982.3
2025-12-03 15:15:00+00:00,2.1642,2.1698,2.1555,2.1668,7878952.5
2025-12-03 15:30:00+00:00,2.1668,2.1769,2.1648,2.1689,5098197.1
2025-12-03 15:45:00+00:00,2.1689,2.1773,2.1656,2.1681,4829239.3
2025-12-03 16:00:00+00:00,2.168,2.1735,2.1583,2.162,6441591.6
2025-12-03 16:15:00+00:00,2.1619,2.1694,2.1615,2.165,3289783.9
2025-12-03 16:30:00+00:00,2.1649,2.1804,2.1641,2.1776,5514608.8
2025-12-03 16:45:00+00:00,2.1776,2.1781,2.1663,2.1676,4163710.8
2025-12-03 17:00:00+00:00,2.1676,2.1772,2.1672,2.1762,3917659.5
2025-12-03 17:15:00+00:00,2.1762,2.1779,2.1655,2.1731,4201172.4
2025-12-03 17:30:00+00:00,2.1731,2.1822,2.1719,2.1772,4154084.2
2025-12-03 17:45:00+00:00,2.1772,2.186,2.176,2.183,4246056.4
2025-12-03 18:00:00+00:00,2.1831,2.192,2.1831,2.1893,7496096.5
2025-12-03 18:15:00+00:00,2.1892,2.1899,2.1771,2.1806,5210792.1
2025-12-03 18:30:00+00:00,2.1806,2.1857,2.1776,2.1839,2347334.5
2025-12-03 18:45:00+00:00,2.1839,2.1839,2.1673,2.1721,4785733.7
2025-12-03 19:00:00+00:00,2.172,2.1791,2.1709,2.1755,3836707.5
2025-12-03 19:15:00+00:00,2.1754,2.184,2.1731,2.1813,2803996.7
2025-12-03 19:30:00+00:00,2.1812,2.1846,2.1779,2.181,2038758.0
2025-12-03 19:45:00+00:00,2.181,2.1856,2.1802,2.1851,1714601.7
2025-12-03 20:00:00+00:00,2.1851,2.1896,2.181,2.1855,3142183.6
2025-12-03 20:15:00+00:00,2.1855,2.188,2.1822,2.1864,2025612.3
2025-12-03 20:30:00+00:00,2.1864,2.1898,2.1839,2.1887,2956933.2
2025-12-03 20:45:00+00:00,2.1886,2.2021,2.1876,2.1976,14347554.0
2025-12-03 21:00:00+00:00,2.1976,2.2042,2.1945,2.199,21775204.0
2025-12-03 21:15:00+00:00,2.1989,2.2026,2.1969,2.2021,3586119.7
2025-12-03 21:30:00+00:00,2.202,2.2035,2.1965,2.2008,3861119.6
2025-12-03 21:45:00+00:00,2.2009,2.2099,2.1961,2.2075,6729395.0
2025-12-03 22:00:00+00:00,2.2076,2.212,2.1973,2.2054,8026876.5
2025-12-03 22:15:00+00:00,2.2054,2.2054,2.1958,2.199,4381737.7
2025-12-03 22:30:00+00:00,2.199,2.2085,2.1936,2.2015,7973008.1
2025-12-03 22:45:00+00:00,2.2015,2.2135,2.2001,2.2028,6038275.3
2025-12-03 23:00:00+00:00,2.2029,2.2134,2.2022,2.2048,5780460.0
2025-12-03 23:15:00+00:00,2.2049,2.2065,2.199,2.1997,3170648.3
2025-12-03 23:30:00+00:00,2.1997,2.2014,2.1963,2.2004,2153248.4
2025-12-03 23:45:00+00:00,2.2005,2.205,2.195,2.1965,3099720.3
2025-12-04 00:00:00+00:00,2.1965,2.2055,2.1938,2.1944,10725966.2
2025-12-04 00:15:00+00:00,2.1943,2.1983,2.1885,2.1915,6684728.3
2025-12-04 00:30:00+00:00,2.1916,2.1984,2.1861,2.1972,4472619.9
2025-12-04 00:45:00+00:00,2.1973,2.2019,2.1936,2.1942,4176491.9
2025-12-04 01:00:00+00:00,2.1942,2.212,2.1924,2.2108,6859836.2
2025-12-04 01:15:00+00:00,2.2108,2.2141,2.1959,2.1999,6528961.8
2025-12-04 01:30:00+00:00,2.2,2.204,2.1982,2.2039,1933266.6
2025-12-04 01:45:00+00:00,2.204,2.205,2.1921,2.1923,3804469.1
2025-12-04 02:00:00+00:00,2.1923,2.203,2.1905,2.2024,3315647.4
2025-12-04 02:15:00+00:00,2.2024,2.2078,2.2008,2.2046,3359070.0
2025-12-04 02:30:00+00:00,2.2047,2.2076,2.2011,2.2043,2084981.2
2025-12-04 02:45:00+00:00,2.2044,2.2062,2.2,2.2012,2314054.3
2025-12-04 03:00:00+00:00,2.2012,2.2056,2.1983,2.1999,2636278.0
2025-12-04 03:15:00+00:00,2.1999,2.2005,2.194,2.1947,2716931.2
2025-12-04 03:30:00+00:00,2.1947,2.1971,2.1922,2.1943,4164410.9
2025-12-04 03:45:00+00:00,2.1943,2.1968,2.1926,2.1941,1955097.2
2025-12-04 04:00:00+00:00,2.1941,2.1996,2.1907,2.1955,2237125.9
2025-12-04 04:15:00+00:00,2.1954,2.1961,2.1921,2.1947,1541325.1
2025-12-04 04:30:00+00:00,2.1947,2.1962,2.187,2.1888,3299794.6
2025-12-04 04:45:00+00:00,2.1887,2.1895,2.1834,2.1867,6082330.2
2025-12-04 05:00:00+00:00,2.1866,2.1875,2.1806,2.183,4503707.8
2025-12-04 05:15:00+00:00,2.1829,2.1844,2.178,2.183,4960397.3
2025-12-04 05:30:00+00:00,2.1829,2.1851,2.1753,2.1756,3690527.6
2025-12-04 05:45:00+00:00,2.1756,2.1772,2.1703,2.1759,5848621.6
2025-12-04 06:00:00+00:00,2.1759,2.1779,2.1738,2.1777,3578802.1
2025-12-04 06:15:00+00:00,2.1778,2.1804,2.1742,2.1789,3695822.3
2025-12-04 06:30:00+00:00,2.1788,2.1845,2.178,2.1818,4870350.7
2025-12-04 06:45:00+00:00,2.1818,2.1822,2.1772,2.1797,3281950.7
2025-12-04 07:00:00+00:00,2.1796,2.1797,2.1667,2.169,6480002.5
2025-12-04 07:15:00+00:00,2.1689,2.1715,2.165,2.1693,4280779.0
2025-12-04 07:30:00+00:00,2.1692,2.1736,2.1685,2.173,2752140.0
2025-12-04 07:45:00+00:00,2.173,2.1738,2.1692,2.1715,2379326.4
2025-12-04 08:00:00+00:00,2.1715,2.178,2.1642,2.1671,5203959.9
2025-12-04 08:15:00+00:00,2.167,2.1705,2.1643,2.1646,2683530.4
2025-12-04 08:30:00+00:00,2.1645,2.1717,2.1624,2.1709,3042697.0
2025-12-04 08:45:00+00:00,2.1709,2.1711,2.1596,2.1627,2945521.4
2025-12-04 09:00:00+00:00,2.1627,2.1736,2.1622,2.1688,4111807.4
2025-12-04 09:15:00+00:00,2.1688,2.1693,2.1635,2.166,2241872.5
2025-12-04 09:30:00+00:00,2.166,2.1734,2.165,2.1719,3181477.5
2025-12-04 09:45:00+00:00,2.1718,2.1743,2.1695,2.1696,2708893.1
2025-12-04 10:00:00+00:00,2.1697,2.1718,2.1668,2.1685,3226616.5
2025-12-04 10:15:00+00:00,2.1684,2.1684,2.1627,2.1632,2832283.1
2025-12-04 10:30:00+00:00,2.1632,2.165,2.1574,2.1599,5376548.5
2025-12-04 10:45:00+00:00,2.1598,2.1612,2.1552,2.1575,4283333.3
2025-12-04 11:00:00+00:00,2.1575,2.1576,2.1525,2.1535,6012678.8
2025-12-04 11:15:00+00:00,2.1535,2.1539,2.1477,2.149,9316391.4
2025-12-04 11:30:00+00:00,2.149,2.1512,2.1415,2.1447,9379053.8
2025-12-04 11:45:00+00:00,2.1447,2.1508,2.1419,2.15,7072427.7
2025-12-04 12:00:00+00:00,2.15,2.1536,2.1453,2.1476,6388360.5
2025-12-04 12:15:00+00:00,2.1475,2.1494,2.1366,2.138,12136028.9
2025-12-04 12:30:00+00:00,2.1381,2.1491,2.138,2.1463,4856799.0
2025-12-04 12:45:00+00:00,2.1462,2.1483,2.1424,2.1452,3517554.1
2025-12-04 13:00:00+00:00,2.1452,2.1477,2.138,2.1396,7235105.3
2025-12-04 13:15:00+00:00,2.1395,2.1496,2.1395,2.1451,4462650.0
2025-12-04 13:30:00+00:00,2.1452,2.1466,2.136,2.1379,6118197.1
2025-12-04 13:45:00+00:00,2.1379,2.139,2.1241,2.1249,23184692.9
2025-12-04 14:00:00+00:00,2.125,2.1346,2.1247,2.133,8630685.4
2025-12-04 14:15:00+00:00,2.133,2.1373,2.1303,2.137,6066105.4
2025-12-04 14:30:00+00:00,2.137,2.1376,2.1256,2.1325,9940773.0
2025-12-04 14:45:00+00:00,2.1325,2.1351,2.1133,2.1187,19631810.7
2025-12-04 15:00:00+00:00,2.1187,2.1351,2.1184,2.1328,9449223.5
2025-12-04 15:15:00+00:00,2.1329,2.1366,2.1241,2.1297,7202365.2
2025-12-04 15:30:00+00:00,2.1297,2.1563,2.1289,2.1474,15426105.3
2025-12-04 15:45:00+00:00,2.1473,2.1525,2.1386,2.1517,9919858.0
2025-12-04 16:00:00+00:00,2.1517,2.156,2.1366,2.143,10441614.2
2025-12-04 16:15:00+00:00,2.1429,2.1567,2.1421,2.1459,8174975.9
2025-12-04 16:30:00+00:00,2.1459,2.1471,2.1368,2.1385,7267954.9
2025-12-04 16:45:00+00:00,2.1385,2.1439,2.1307,2.1367,7372080.0
2025-12-04 17:00:00+00:00,2.1367,2.1381,2.1262,2.1313,9196761.7
2025-12-04 17:15:00+00:00,2.1312,2.1319,2.1234,2.1241,5262492.9
2025-12-04 17:30:00+00:00,2.124,2.128,2.1156,2.1206,9381501.4
2025-12-04 17:45:00+00:00,2.1206,2.1295,2.118,2.1272,6053381.1
2025-12-04 18:00:00+00:00,2.1271,2.1277,2.1183,2.1246,5963983.0
2025-12-04 18:15:00+00:00,2.1246,2.1246,2.1141,2.1199,6292800.1
2025-12-04 18:30:00+00:00,2.1198,2.1231,2.0972,2.0996,21207103.6
2025-12-04 18:45:00+00:00,2.0995,2.107,2.0992,2.1025,7932917.4
2025-12-04 19:00:00+00:00,2.1025,2.1044,2.0803,2.082,15368648.9
2025-12-04 19:15:00+00:00,2.0821,2.0873,2.0679,2.083,24811339.1
2025-12-04 19:30:00+00:00,2.083,2.0986,2.081,2.0977,10249122.3
2025-12-04 19:45:00+00:00,2.0976,2.1024,2.0924,2.0962,6422473.4
2025-12-04 20:00:00+00:00,2.0962,2.103,2.0847,2.0935,11550217.3
2025-12-04 20:15:00+00:00,2.0935,2.0961,2.0881,2.0896,5215404.7
2025-12-04 20:30:00+00:00,2.0896,2.0994,2.088,2.0967,4945698.0
2025-12-04 20:45:00+00:00,2.0968,2.1078,2.0967,2.1038,13360402.5
2025-12-04 21:00:00+00:00,2.1038,2.1099,2.0983,2.1018,11674304.2
2025-12-04 21:15:00+00:00,2.1017,2.1058,2.0954,2.0966,4221932.9
2025-12-04 21:30:00+00:00,2.0967,2.1022,2.095,2.098,2412325.1
2025-12-04 21:45:00+00:00,2.098,2.0983,2.0877,2.0898,5006299.9
2025-12-04 22:00:00+00:00,2.0899,2.0975,2.0899,2.096,2833693.4
2025-12-04 22:15:00+00:00,2.096,2.099,2.0919,2.0965,2742645.1
2025-12-04 22:30:00+00:00,2.0965,2.1037,2.0962,2.0984,3640699.0
2025-12-04 22:45:00+00:00,2.0984,2.1001,2.0965,2.0966,1850979.4
2025-12-04 23:00:00+00:00,2.0967,2.0987,2.0921,2.0933,2310964.2
2025-12-04 23:15:00+00:00,2.0933,2.0968,2.0922,2.0955,1400357.0
2025-12-04 23:30:00+00:00,2.0954,2.0985,2.0909,2.0944,1515498.1
2025-12-04 23:45:00+00:00,2.0944,2.0971,2.0921,2.0949,1440085.8
2025-12-05 00:00:00+00:00,2.0949,2.1002,2.0932,2.0959,3292046.3
2025-12-05 00:15:00+00:00,2.0959,2.1077,2.0955,2.1033,3448824.8
2025-12-05 00:30:00+00:00,2.1033,2.1117,2.1018,2.1111,4196971.5
2025-12-05 00:45:00+00:00,2.1111,2.1118,2.1013,2.1032,3661314.7
2025-12-05 01:00:00+00:00,2.1031,2.1102,2.102,2.1033,2219538.2
2025-12-05 01:15:00+00:00,2.1033,2.1111,2.1031,2.108,2667095.4
2025-12-05 01:30:00+00:00,2.108,2.1097,2.1047,2.1071,3822626.3
2025-12-05 01:45:00+00:00,2.1072,2.1097,2.1034,2.1041,1540884.1
2025-12-05 02:00:00+00:00,2.1041,2.1056,2.1007,2.1055,2537364.4
2025-12-05 02:15:00+00:00,2.1055,2.1084,2.1042,2.108,1922900.2
2025-12-05 02:30:00+00:00,2.108,2.1109,2.1057,2.109,2243113.8
2025-12-05 02:45:00+00:00,2.1091,2.1091,2.1018,2.1026,1888585.3
2025-12-05 03:00:00+00:00,2.1027,2.106,2.099,2.1011,2079216.1
2025-12-05 03:15:00+00:00,2.101,2.1018,2.094,2.0948,3500690.7
2025-12-05 03:30:00+00:00,2.0948,2.0953,2.0886,2.0892,3580481.5
2025-12-05 03:45:00+00:00,2.0893,2.0938,2.0863,2.0897,3790911.6
2025-12-05 04:00:00+00:00,2.0898,2.0976,2.0896,2.0961,2531868.6
2025-12-05 04:15:00+00:00,2.096,2.096,2.0874,2.0879,2352191.7
2025-12-05 04:30:00+00:00,2.0878,2.0878,2.0791,2.0807,6450309.0
2025-12-05 04:45:00+00:00,2.0807,2.087,2.0777,2.0846,5595044.2
2025-12-05 05:00:00+00:00,2.0846,2.0874,2.0815,2.0848,2889302.2
2025-12-05 05:15:00+00:00,2.0848,2.0867,2.0756,2.0782,4393425.6
2025-12-05 05:30:00+00:00,2.0781,2.0821,2.0752,2.0814,2441608.9
2025-12-05 05:45:00+00:00,2.0814,2.0816,2.0787,2.0807,1898157.0
2025-12-05 06:00:00+00:00,2.0808,2.0888,2.0808,2.0866,3576053.9
2025-12-05 06:15:00+00:00,2.0866,2.0881,2.0832,2.0841,2118621.6
2025-12-05 06:30:00+00:00,2.0842,2.0877,2.0807,2.0853,2637782.9
2025-12-05 06:45:00+00:00,2.0853,2.0887,2.0848,2.088,2244476.4
2025-12-05 07:00:00+00:00,2.088,2.0976,2.0861,2.0944,4814117.4
2025-12-05 07:15:00+00:00,2.0944,2.0956,2.0914,2.0936,3057064.2
2025-12-05 07:30:00+00:00,2.0937,2.0943,2.089,2.0903,2290434.0
2025-12-05 07:45:00+00:00,2.0903,2.0937,2.0867,2.092,2527040.7
2025-12-05 08:00:00+00:00,2.092,2.0925,2.0842,2.0872,3324311.3
2025-12-05 08:15:00+00:00,2.0872,2.0876,2.082,2.0834,2161184.1
2025-12-05 08:30:00+00:00,2.0834,2.0841,2.074,2.0787,5317612.8
2025-12-05 08:45:00+00:00,2.0788,2.0804,2.075,2.0776,2998615.4
2025-12-05 09:00:00+00:00,2.0777,2.0778,2.0711,2.0736,4662533.9
2025-12-05 09:15:00+00:00,2.0736,2.0736,2.0582,2.0599,14092283.7
2025-12-05 09:30:00+00:00,2.06,2.0638,2.0531,2.0565,8481948.3
2025-12-05 09:45:00+00:00,2.0564,2.0587,2.0542,2.0567,4719010.7
2025-12-05 10:00:00+00:00,2.0566,2.064,2.0536,2.0619,6197752.0
2025-12-05 10:15:00+00:00,2.0619,2.0684,2.059,2.0646,4418419.2
2025-12-05 10:30:00+00:00,2.0646,2.0666,2.0627,2.064,4161339.6
2025-12-05 10:45:00+00:00,2.064,2.0644,2.057,2.0609,2930518.8
2025-12-05 11:00:00+00:00,2.0609,2.0637,2.0594,2.0625,3395839.8
2025-12-05 11:15:00+00:00,2.0625,2.0634,2.0571,2.0594,4191236.8
2025-12-05 11:30:00+00:00,2.0594,2.0603,2.0526,2.059,6242167.7
2025-12-05 11:45:00+00:00,2.0591,2.0701,2.059,2.0678,4860910.3
2025-12-05 12:00:00+00:00,2.0678,2.0708,2.0653,2.0658,3482659.9
2025-12-05 12:15:00+00:00,2.0658,2.0716,2.065,2.069,3013050.2
2025-12-05 12:30:00+00:00,2.069,2.0738,2.0658,2.0673,3258935.6
2025-12-05 12:45:00+00:00,2.0673,2.0679,2.0641,2.0671,1661714.4
2025-12-05 13:00:00+00:00,2.0672,2.0757,2.062,2.0671,5420394.1
2025-12-05 13:15:00+00:00,2.0672,2.072,2.0643,2.0696,4343253.5
2025-12-05 13:30:00+00:00,2.0695,2.0718,2.0604,2.0623,7296840.5
2025-12-05 13:45:00+00:00,2.0623,2.0694,2.0563,2.0646,6231260.7
2025-12-05 14:00:00+00:00,2.0646,2.0683,2.0561,2.0579,5029755.7
2025-12-05 14:15:00+00:00,2.0578,2.0636,2.0555,2.0626,3781326.4
2025-12-05 14:30:00+00:00,2.0626,2.0725,2.0575,2.0614,10122383.4
2025-12-05 14:45:00+00:00,2.0614,2.0681,2.0576,2.0646,6632650.8
2025-12-05 15:00:00+00:00,2.0645,2.0988,2.0644,2.0852,28060941.4
2025-12-05 15:15:00+00:00,2.0853,2.0896,2.0798,2.087,6408101.4
2025-12-05 15:30:00+00:00,2.087,2.0945,2.0817,2.0847,7288461.1
2025-12-05 15:45:00+00:00,2.0846,2.0846,2.0711,2.0748,9893207.6
2025-12-05 16:00:00+00:00,2.0748,2.0767,2.0489,2.0578,19297475.1
2025-12-05 16:15:00+00:00,2.0579,2.0623,2.048,2.0499,12608919.9
2025-12-05 16:30:00+00:00,2.0499,2.0527,2.0174,2.0253,27721236.0
2025-12-05 16:45:00+00:00,2.0253,2.0401,2.0214,2.0327,15330786.6
2025-12-05 17:00:00+00:00,2.0327,2.044,2.0277,2.0281,11671195.6
2025-12-05 17:15:00+00:00,2.0281,2.0384,2.0222,2.0237,6221009.0
2025-12-05 17:30:00+00:00,2.0237,2.0347,2.0152,2.0326,10750481.4
2025-12-05 17:45:00+00:00,2.0327,2.0424,2.0306,2.0343,6786747.0
2025-12-05 18:00:00+00:00,2.0343,2.0467,2.0292,2.0396,7320030.9
2025-12-05 18:15:00+00:00,2.0396,2.0411,2.0248,2.0282,6973192.2
2025-12-05 18:30:00+00:00,2.0283,2.032,2.0157,2.0188,5649670.3
2025-12-05 18:45:00+00:00,2.0188,2.0232,2.0142,2.0177,6037804.9
2025-12-05 19:00:00+00:00,2.0177,2.0251,2.011,2.0241,7916938.5
2025-12-05 19:15:00+00:00,2.0242,2.0333,2.0206,2.0302,4975239.0
2025-12-05 19:30:00+00:00,2.0301,2.0394,2.0291,2.0364,3750998.8
2025-12-05 19:45:00+00:00,2.0364,2.0414,2.0338,2.0363,3541581.5
2025-12-05 20:00:00+00:00,2.0362,2.0363,2.0246,2.0305,7556576.5
2025-12-05 20:15:00+00:00,2.0305,2.0358,2.0277,2.031,3260155.9
2025-12-05 20:30:00+00:00,2.0309,2.0309,2.023,2.0237,3240048.8
2025-12-05 20:45:00+00:00,2.0238,2.0274,2.0212,2.0222,3964382.6
2025-12-05 21:00:00+00:00,2.0222,2.0316,2.0213,2.0302,4965620.2
2025-12-05 21:15:00+00:00,2.0302,2.0316,2.0253,2.0261,2299731.5
2025-12-05 21:30:00+00:00,2.0261,2.0286,2.0223,2.0229,2684480.0
2025-12-05 21:45:00+00:00,2.0228,2.0268,2.0186,2.0267,3324675.6
2025-12-05 22:00:00+00:00,2.0268,2.027,2.0184,2.0195,2404634.9
2025-12-05 22:15:00+00:00,2.0196,2.0305,2.0196,2.0302,1260260.8
2025-12-05 22:30:00+00:00,2.0303,2.0355,2.0272,2.0344,2110185.2
2025-12-05 22:45:00+00:00,2.0344,2.0354,2.0301,2.031,1974300.3
2025-12-05 23:00:00+00:00,2.031,2.0317,2.0217,2.0285,2851016.7
2025-12-05 23:15:00+00:00,2.0286,2.033,2.0282,2.0328,1328109.9
2025-12-05 23:30:00+00:00,2.0328,2.0361,2.0314,2.0335,1789204.4
2025-12-05 23:45:00+00:00,2.0334,2.0368,2.0319,2.0333,2203158.7
2025-12-06 00:00:00+00:00,2.0334,2.0334,2.0184,2.0214,10290662.1
2025-12-06 00:15:00+00:00,2.0214,2.0259,2.0162,2.0257,5582806.6
2025-12-06 00:30:00+00:00,2.0256,2.0323,2.0233,2.0317,2395063.0
2025-12-06 00:45:00+00:00,2.0318,2.0335,2.0281,2.0322,1532816.8
2025-12-06 01:00:00+00:00,2.0322,2.0351,2.0305,2.0351,1300491.4
2025-12-06 01:15:00+00:00,2.0351,2.0381,2.0314,2.0342,2903980.6
2025-12-06 01:30:00+00:00,2.0343,2.0343,2.026,2.0267,1863983.9
2025-12-06 01:45:00+00:00,2.0267,2.0315,2.0255,2.0294,1323672.3
2025-12-06 02:00:00+00:00,2.0295,2.0296,2.0241,2.0268,1694435.7
2025-12-06 02:15:00+00:00,2.0268,2.0287,2.0253,2.0275,753871.0
2025-12-06 02:30:00+00:00,2.0275,2.0319,2.0265,2.0293,1216623.9
2025-12-06 02:45:00+00:00,2.0294,2.0321,2.0288,2.0316,974238.2
2025-12-06 03:00:00+00:00,2.0316,2.0411,2.0312,2.039,3462014.7
2025-12-06 03:15:00+00:00,2.0389,2.0405,2.0339,2.0346,2353324.7
2025-12-06 03:30:00+00:00,2.0346,2.0394,2.0341,2.0364,1357539.2
2025-12-06 03:45:00+00:00,2.0364,2.0385,2.036,2.0375,1296967.2
2025-12-06 04:00:00+00:00,2.0375,2.0401,2.0344,2.0349,1676249.4
2025-12-06 04:15:00+00:00,2.035,2.0365,2.0333,2.0358,1366189.2
2025-12-06 04:30:00+00:00,2.0359,2.0392,2.035,2.0369,1094238.1
2025-12-06 04:45:00+00:00,2.0369,2.04,2.0353,2.0399,1071132.3
2025-12-06 05:00:00+00:00,2.04,2.0422,2.0386,2.0399,2359027.6
2025-12-06 05:15:00+00:00,2.04,2.04,2.035,2.0385,1212685.8
2025-12-06 05:30:00+00:00,2.0384,2.0406,2.0356,2.0396,1244329.2
2025-12-06 05:45:00+00:00,2.0396,2.0436,2.0392,2.0425,1914606.9
2025-12-06 06:00:00+00:00,2.0426,2.044,2.0402,2.0427,1832497.7
2025-12-06 06:15:00+00:00,2.0426,2.0491,2.0424,2.049,2663906.3
2025-12-06 06:30:00+00:00,2.049,2.0491,2.0357,2.0363,3509737.6
2025-12-06 06:45:00+00:00,2.0363,2.0378,2.0337,2.0345,2263479.5
2025-12-06 07:00:00+00:00,2.0345,2.0382,2.0336,2.0355,1468472.9
2025-12-06 07:15:00+00:00,2.0355,2.0363,2.0288,2.0294,3264789.7
2025-12-06 07:30:00+00:00,2.0294,2.0324,2.0268,2.0308,2962571.3
2025-12-06 07:45:00+00:00,2.0309,2.0333,2.0282,2.0292,1363166.6
2025-12-06 08:00:00+00:00,2.0293,2.0295,2.0252,2.0268,1586962.0
2025-12-06 08:15:00+00:00,2.0267,2.0299,2.0185,2.0205,4245148.2
2025-12-06 08:30:00+00:00,2.0204,2.0215,2.0158,2.0201,5012472.0
2025-12-06 08:45:00+00:00,2.0201,2.0215,2.0138,2.0164,2683313.3
2025-12-06 09:00:00+00:00,2.0163,2.026,2.0162,2.0233,3001183.4
2025-12-06 09:15:00+00:00,2.0234,2.0248,2.0221,2.0242,1997436.5
2025-12-06 09:30:00+00:00,2.0243,2.0275,2.0208,2.0258,2102917.5
2025-12-06 09:45:00+00:00,2.0258,2.0273,2.0245,2.0247,1576240.8
2025-12-06 10:00:00+00:00,2.0246,2.0258,2.0208,2.0229,2010806.0
2025-12-06 10:15:00+00:00,2.023,2.0287,2.0227,2.023,1752772.8
2025-12-06 10:30:00+00:00,2.023,2.0256,2.0215,2.0246,976799.8
2025-12-06 10:45:00+00:00,2.0247,2.026,2.0223,2.0232,1154868.5
2025-12-06 11:00:00+00:00,2.0232,2.0282,2.0219,2.0264,1802128.1
2025-12-06 11:15:00+00:00,2.0264,2.0282,2.0259,2.0264,1423505.6
2025-12-06 11:30:00+00:00,2.0264,2.032,2.0252,2.0305,2387589.1
2025-12-06 11:45:00+00:00,2.0306,2.0321,2.0296,2.031,2171458.6
2025-12-06 12:00:00+00:00,2.031,2.0331,2.0252,2.0265,2666970.4
2025-12-06 12:15:00+00:00,2.0265,2.0305,2.0263,2.0286,1017123.3
2025-12-06 12:30:00+00:00,2.0287,2.031,2.0286,2.0302,1019490.0
2025-12-06 12:45:00+00:00,2.0302,2.032,2.0284,2.0293,1105346.3
2025-12-06 13:00:00+00:00,2.0293,2.0338,2.0287,2.0326,1889424.6
2025-12-06 13:15:00+00:00,2.0325,2.0351,2.0315,2.034,2747648.9
2025-12-06 13:30:00+00:00,2.034,2.0382,2.0328,2.0343,3827007.5
2025-12-06 13:45:00+00:00,2.0343,2.0345,2.0297,2.0297,1848425.7
2025-12-06 14:00:00+00:00,2.0298,2.0335,2.0282,2.0311,1738292.1
2025-12-06 14:15:00+00:00,2.031,2.0467,2.031,2.0391,10430366.4
2025-12-06 14:30:00+00:00,2.039,2.0434,2.0379,2.041,3581618.1
2025-12-06 14:45:00+00:00,2.041,2.044,2.0371,2.0384,3008217.2
2025-12-06 15:00:00+00:00,2.0384,2.0395,2.0316,2.0337,3576416.5
2025-12-06 15:15:00+00:00,2.0336,2.0336,2.0213,2.024,6387300.4
2025-12-06 15:30:00+00:00,2.0239,2.0293,2.0206,2.0288,3835424.1
2025-12-06 15:45:00+00:00,2.0287,2.0319,2.0278,2.0287,2420119.0
2025-12-06 16:00:00+00:00,2.0286,2.0348,2.0262,2.0339,3501183.2
2025-12-06 16:15:00+00:00,2.0339,2.0349,2.0295,2.0309,2038759.3
2025-12-06 16:30:00+00:00,2.0309,2.0374,2.028,2.0362,2876952.3
2025-12-06 16:45:00+00:00,2.0363,2.038,2.0337,2.0341,1475442.1
2025-12-06 17:00:00+00:00,2.0341,2.0364,2.0328,2.0342,1709933.3
2025-12-06 17:15:00+00:00,2.0341,2.0346,2.0303,2.0344,3588158.5
2025-12-06 17:30:00+00:00,2.0343,2.0344,2.0275,2.028,1782333.1
2025-12-06 17:45:00+00:00,2.028,2.0321,2.0269,2.0319,1143627.1
2025-12-06 18:00:00+00:00,2.0319,2.0326,2.0282,2.0324,1259355.6
2025-12-06 18:15:00+00:00,2.0323,2.0357,2.0318,2.0344,1423957.8
2025-12-06 18:30:00+00:00,2.0344,2.0367,2.0313,2.0317,1079525.0
2025-12-06 18:45:00+00:00,2.0317,2.0329,2.0274,2.0296,1787129.6
2025-12-06 19:00:00+00:00,2.0295,2.0322,2.0203,2.0266,4333536.9
2025-12-06 19:15:00+00:00,2.0265,2.0283,2.0245,2.0283,1521367.5
2025-12-06 19:30:00+00:00,2.0283,2.0285,2.0191,2.0228,3603306.2
2025-12-06 19:45:00+00:00,2.0227,2.0244,2.0221,2.0241,1011426.8
2025-12-06 20:00:00+00:00,2.0241,2.0271,2.0214,2.0244,1689437.7
2025-12-06 20:15:00+00:00,2.0245,2.0276,2.0235,2.0265,1102408.1
2025-12-06 20:30:00+00:00,2.0266,2.0305,2.0248,2.0305,1057774.2
2025-12-06 20:45:00+00:00,2.0305,2.0308,2.0284,2.029,780579.8
2025-12-06 21:00:00+00:00,2.0289,2.0358,2.0276,2.0289,3734981.2
2025-12-06 21:15:00+00:00,2.0288,2.0329,2.0278,2.0307,987494.5
2025-12-06 21:30:00+00:00,2.0306,2.0342,2.0303,2.0322,1207563.3
2025-12-06 21:45:00+00:00,2.0322,2.0335,2.0305,2.0323,690817.3
2025-12-06 22:00:00+00:00,2.0323,2.0333,2.0265,2.0328,1571351.3
2025-12-06 22:15:00+00:00,2.0328,2.0348,2.0292,2.0293,1435633.3
2025-12-06 22:30:00+00:00,2.0292,2.0306,2.0287,2.0301,738685.6
2025-12-06 22:45:00+00:00,2.0301,2.0305,2.0261,2.027,733181.5
2025-12-06 23:00:00+00:00,2.0271,2.0286,2.0218,2.0277,2522931.0
2025-12-06 23:15:00+00:00,2.0278,2.0304,2.0228,2.0252,2000718.6
2025-12-06 23:30:00+00:00,2.0252,2.0285,2.0233,2.0284,1090718.3
2025-12-06 23:45:00+00:00,2.0283,2.0337,2.0274,2.0298,1556813.7
2025-12-07 00:00:00+00:00,2.0298,2.0324,2.0281,2.0298,1969074.2
2025-12-07 00:15:00+00:00,2.0298,2.0334,2.0292,2.0323,1372024.7
2025-12-07 00:30:00+00:00,2.0323,2.0359,2.0322,2.034,1961595.2
2025-12-07 00:45:00+00:00,2.0339,2.038,2.0327,2.0359,2189858.1
2025-12-07 01:00:00+00:00,2.0359,2.0384,2.0341,2.0377,2013898.6
2025-12-07 01:15:00+00:00,2.0377,2.0415,2.0366,2.0388,2446361.2
2025-12-07 01:30:00+00:00,2.0388,2.04,2.0373,2.0387,1320074.1
2025-12-07 01:45:00+00:00,2.0387,2.0398,2.0324,2.0325,1752095.5
2025-12-07 02:00:00+00:00,2.0326,2.0367,2.0325,2.0351,1007106.0
2025-12-07 02:15:00+00:00,2.035,2.041,2.035,2.0406,1736037.5
2025-12-07 02:30:00+00:00,2.0405,2.0446,2.0386,2.0446,2230846.4
2025-12-07 02:45:00+00:00,2.0446,2.0481,2.0416,2.047,3589667.5
2025-12-07 03:00:00+00:00,2.047,2.0516,2.0467,2.0488,4525034.5
2025-12-07 03:15:00+00:00,2.0488,2.0582,2.0484,2.0532,4553795.8
2025-12-07 03:30:00+00:00,2.0531,2.0611,2.0496,2.0611,3659016.0
2025-12-07 03:45:00+00:00,2.0611,2.0707,2.0585,2.067,8731287.1
2025-12-07 04:00:00+00:00,2.0671,2.0727,2.0642,2.065,4865337.6
2025-12-07 04:15:00+00:00,2.0651,2.0651,2.0588,2.059,3778992.4
2025-12-07 04:30:00+00:00,2.0589,2.0595,2.0509,2.0529,3802749.6
2025-12-07 04:45:00+00:00,2.0528,2.0534,2.0507,2.0514,1905613.9
2025-12-07 05:00:00+00:00,2.0515,2.0548,2.0465,2.0487,4565931.5
2025-12-07 05:15:00+00:00,2.0487,2.0507,2.0452,2.0458,1742280.3
2025-12-07 05:30:00+00:00,2.0458,2.0517,2.044,2.0494,2866911.8
2025-12-07 05:45:00+00:00,2.0494,2.0495,2.0454,2.0471,2155181.3
2025-12-07 06:00:00+00:00,2.0471,2.0506,2.0469,2.0501,1555763.4
2025-12-07 06:15:00+00:00,2.0501,2.0515,2.0475,2.0475,1545578.7
2025-12-07 06:30:00+00:00,2.0476,2.0478,2.0444,2.0458,2148485.8
2025-12-07 06:45:00+00:00,2.0459,2.0464,2.0426,2.045,1714671.5
2025-12-07 07:00:00+00:00,2.045,2.0474,2.0355,2.0367,4551620.6
2025-12-07 07:15:00+00:00,2.0366,2.0372,2.0329,2.0353,3277995.9
2025-12-07 07:30:00+00:00,2.0352,2.0353,2.0263,2.0284,5032435.1
2025-12-07 07:45:00+00:00,2.0284,2.0323,2.0274,2.0297,2856389.9
2025-12-07 08:00:00+00:00,2.0297,2.03,2.0243,2.0249,3542349.7
2025-12-07 08:15:00+00:00,2.0248,2.0296,2.0236,2.0282,2572852.8
2025-12-07 08:30:00+00:00,2.0283,2.0349,2.0275,2.0332,3775555.0
2025-12-07 08:45:00+00:00,2.0333,2.0345,2.0286,2.0291,2028335.3
2025-12-07 09:00:00+00:00,2.0291,2.033,2.0291,2.0327,1353336.1
2025-12-07 09:15:00+00:00,2.0328,2.0348,2.0226,2.0268,3893629.9
2025-12-07 09:30:00+00:00,2.0269,2.0299,2.0264,2.0282,2308866.9
2025-12-07 09:45:00+00:00,2.0282,2.0284,2.0242,2.0274,2204344.1
2025-12-07 10:00:00+00:00,2.0274,2.0326,2.0252,2.0325,2379165.4
2025-12-07 10:15:00+00:00,2.0325,2.0332,2.0287,2.0301,1791700.0
2025-12-07 10:30:00+00:00,2.0301,2.0343,2.0266,2.0332,2792967.5
2025-12-07 10:45:00+00:00,2.0332,2.0344,2.0289,2.0294,1564849.2
2025-12-07 11:00:00+00:00,2.0294,2.0318,2.0272,2.0317,1549839.9
2025-12-07 11:15:00+00:00,2.0318,2.0333,2.0295,2.0312,1077707.3
2025-12-07 11:30:00+00:00,2.0312,2.0335,2.0302,2.0324,872970.0
2025-12-07 11:45:00+00:00,2.0324,2.033,2.0296,2.0325,1038350.6
2025-12-07 12:00:00+00:00,2.0326,2.0408,2.0308,2.0403,3458545.4
2025-12-07 12:15:00+00:00,2.0403,2.0444,2.0397,2.043,3034728.6
2025-12-07 12:30:00+00:00,2.043,2.0457,2.0408,2.0419,2493327.3
2025-12-07 12:45:00+00:00,2.042,2.0493,2.0416,2.0457,3822331.2
2025-12-07 13:00:00+00:00,2.0458,2.0466,2.0373,2.0382,3168481.4
2025-12-07 13:15:00+00:00,2.0382,2.0398,2.0251,2.0315,7287853.2
2025-12-07 13:30:00+00:00,2.0315,2.0337,2.0267,2.0291,2979042.6
2025-12-07 13:45:00+00:00,2.0291,2.0322,2.0269,2.03,2360374.8
2025-12-07 14:00:00+00:00,2.0301,2.0311,2.0212,2.0235,4548242.5
2025-12-07 14:15:00+00:00,2.0235,2.0249,1.9877,2.0047,41233680.5
2025-12-07 14:30:00+00:00,2.0047,2.013,1.9962,2.0024,16012024.4
2025-12-07 14:45:00+00:00,2.0024,2.0066,1.9947,1.9978,9028261.8
2025-12-07 15:00:00+00:00,1.9977,2.0294,1.997,2.0217,13959765.4
2025-12-07 15:15:00+00:00,2.0217,2.0257,2.0138,2.0158,5457714.0
2025-12-07 15:30:00+00:00,2.0158,2.0239,2.0153,2.0176,5011453.9
2025-12-07 15:45:00+00:00,2.0176,2.0551,2.0166,2.0515,17473703.9
2025-12-07 16:00:00+00:00,2.0516,2.0522,2.0382,2.0406,9079238.7
2025-12-07 16:15:00+00:00,2.0405,2.0471,2.0366,2.0455,5225876.0
2025-12-07 16:30:00+00:00,2.0456,2.0484,2.0372,2.0452,5084297.4
2025-12-07 16:45:00+00:00,2.0453,2.0583,2.0409,2.0571,5308827.1
2025-12-07 17:00:00+00:00,2.0572,2.0595,2.0505,2.0593,5997965.8
2025-12-07 17:15:00+00:00,2.0592,2.0787,2.059,2.0752,19500938.3
2025-12-07 17:30:00+00:00,2.0752,2.0949,2.0751,2.0851,18594505.5
2025-12-07 17:45:00+00:00,2.0851,2.0923,2.0818,2.0863,7164771.2
2025-12-07 18:00:00+00:00,2.0862,2.1017,2.086,2.1004,10433645.1
2025-12-07 18:15:00+00:00,2.1004,2.1098,2.0979,2.1024,7555614.6
2025-12-07 18:30:00+00:00,2.1024,2.1063,2.0961,2.098,6585133.4
2025-12-07 18:45:00+00:00,2.0979,2.1098,2.0978,2.1024,5751211.6
2025-12-07 19:00:00+00:00,2.1023,2.1065,2.0962,2.103,5906400.7
2025-12-07 19:15:00+00:00,2.1029,2.1035,2.0887,2.0918,9942435.6
2025-12-07 19:30:00+00:00,2.0918,2.0939,2.0867,2.0921,5090387.0
2025-12-07 19:45:00+00:00,2.0921,2.0927,2.083,2.0862,4091102.4
2025-12-07 20:00:00+00:00,2.0862,2.0884,2.078,2.0813,5231966.4
2025-12-07 20:15:00+00:00,2.0812,2.0899,2.0809,2.0896,3026924.7
2025-12-07 20:30:00+00:00,2.0897,2.0927,2.0855,2.0898,2371846.2
2025-12-07 20:45:00+00:00,2.0897,2.0903,2.0819,2.0839,2708103.4
2025-12-07 21:00:00+00:00,2.0839,2.0839,2.0709,2.0728,6651904.1
2025-12-07 21:15:00+00:00,2.0728,2.0728,2.0646,2.067,6069153.8
2025-12-07 21:30:00+00:00,2.0669,2.071,2.0562,2.0588,7563882.3
2025-12-07 21:45:00+00:00,2.0589,2.0599,2.0345,2.048,13469108.6
2025-12-07 22:00:00+00:00,2.048,2.048,2.0106,2.0293,21217239.3
2025-12-07 22:15:00+00:00,2.0293,2.0352,2.0182,2.0336,9558334.2
2025-12-07 22:30:00+00:00,2.0336,2.0477,2.0307,2.0428,7525002.2
2025-12-07 22:45:00+00:00,2.0427,2.0462,2.0215,2.0275,5470997.1
2025-12-07 23:00:00+00:00,2.0275,2.033,2.0214,2.0301,5290110.0
2025-12-07 23:15:00+00:00,2.03,2.0366,2.0287,2.0349,5289864.7
2025-12-07 23:30:00+00:00,2.035,2.0377,2.0303,2.0341,2341087.8
2025-12-07 23:45:00+00:00,2.0342,2.0438,2.0335,2.0426,2970407.1
2025-12-08 00:00:00+00:00,2.0427,2.0451,2.0366,2.0383,4783895.8
2025-12-08 00:15:00+00:00,2.0382,2.0411,2.0304,2.0388,3544640.6
2025-12-08 00:30:00+00:00,2.0388,2.048,2.0375,2.0427,3347714.4
2025-12-08 00:45:00+00:00,2.0428,2.0456,2.0386,2.0433,1838710.8
2025-12-08 01:00:00+00:00,2.0433,2.0548,2.0427,2.0537,4258038.4
2025-12-08 01:15:00+00:00,2.0537,2.0697,2.0504,2.0689,7623065.6
2025-12-08 01:30:00+00:00,2.0689,2.09,2.0689,2.0774,17152435.2
2025-12-08 01:45:00+00:00,2.0775,2.0791,2.0657,2.067,7236845.9
2025-12-08 02:00:00+00:00,2.0671,2.0673,2.0604,2.0632,4465501.6
2025-12-08 02:15:00+00:00,2.0633,2.0675,2.0626,2.0631,1816547.8
2025-12-08 02:30:00+00:00,2.0632,2.0669,2.0573,2.0662,3682403.6
2025-12-08 02:45:00+00:00,2.0663,2.0773,2.0663,2.0729,4137599.0
2025-12-08 03:00:00+00:00,2.0729,2.0741,2.0637,2.065,2372394.8
2025-12-08 03:15:00+00:00,2.065,2.0765,2.0633,2.0738,3237209.1
2025-12-08 03:30:00+00:00,2.0739,2.0746,2.0665,2.0687,3587666.5
2025-12-08 03:45:00+00:00,2.0687,2.072,2.0672,2.071,1691112.3
2025-12-08 04:00:00+00:00,2.071,2.0796,2.0691,2.0756,2337992.9
2025-12-08 04:15:00+00:00,2.0756,2.0814,2.0734,2.0774,2762074.6
2025-12-08 04:30:00+00:00,2.0774,2.0857,2.0719,2.0761,3429502.3
2025-12-08 04:45:00+00:00,2.0762,2.0769,2.0701,2.0733,2052148.4
2025-12-08 05:00:00+00:00,2.0733,2.0744,2.0682,2.071,2822763.8
2025-12-08 05:15:00+00:00,2.071,2.0779,2.0703,2.0764,1790805.9
2025-12-08 05:30:00+00:00,2.0765,2.0819,2.0755,2.0774,2654935.8
2025-12-08 05:45:00+00:00,2.0774,2.0793,2.0761,2.0775,1801204.4
2025-12-08 06:00:00+00:00,2.0774,2.0788,2.0734,2.0753,2018784.1
2025-12-08 06:15:00+00:00,2.0753,2.077,2.0715,2.0766,2453232.8
2025-12-08 06:30:00+00:00,2.0766,2.0818,2.0764,2.0807,2834637.7
2025-12-08 06:45:00+00:00,2.0808,2.0835,2.0787,2.0793,3319232.1
2025-12-08 07:00:00+00:00,2.0793,2.0832,2.0773,2.0812,3004035.1
2025-12-08 07:15:00+00:00,2.0812,2.0891,2.0802,2.0891,3525686.0
2025-12-08 07:30:00+00:00,2.0891,2.0936,2.0872,2.0876,4792150.9
2025-12-08 07:45:00+00:00,2.0877,2.0877,2.081,2.0855,4334506.0
2025-12-08 08:00:00+00:00,2.0855,2.0857,2.0799,2.0846,2682022.9
2025-12-08 08:15:00+00:00,2.0847,2.0899,2.0847,2.088,1978204.4
2025-12-08 08:30:00+00:00,2.0881,2.0923,2.0843,2.0923,1814457.5
2025-12-08 08:45:00+00:00,2.0922,2.0943,2.088,2.0903,2942888.9
2025-12-08 09:00:00+00:00,2.0903,2.1233,2.0894,2.1097,24817774.2
2025-12-08 09:15:00+00:00,2.1097,2.1129,2.1047,2.1062,6707134.5
2025-12-08 09:30:00+00:00,2.1062,2.1068,2.1024,2.1028,4231369.6
2025-12-08 09:45:00+00:00,2.1028,2.1029,2.0978,2.1003,4406359.8
2025-12-08 10:00:00+00:00,2.1003,2.1053,2.0989,2.1019,4034675.5
2025-12-08 10:15:00+00:00,2.102,2.102,2.0959,2.0971,3853871.0
2025-12-08 10:30:00+00:00,2.0971,2.1005,2.0951,2.0999,3648424.0
2025-12-08 10:45:00+00:00,2.0998,2.1016,2.0969,2.0975,2725254.0
2025-12-08 11:00:00+00:00,2.0976,2.0986,2.0909,2.0961,4154273.4
2025-12-08 11:15:00+00:00,2.0961,2.0961,2.0919,2.092,1770817.8
2025-12-08 11:30:00+00:00,2.0919,2.0923,2.0865,2.0883,7388573.2
2025-12-08 11:45:00+00:00,2.0883,2.0931,2.0865,2.0897,3918884.6
2025-12-08 12:00:00+00:00,2.0896,2.0929,2.0865,2.0924,3383046.4
2025-12-08 12:15:00+00:00,2.0923,2.0937,2.085,2.088,3234809.9
2025-12-08 12:30:00+00:00,2.088,2.093,2.0836,2.09,4863012.2
2025-12-08 12:45:00+00:00,2.09,2.0967,2.0899,2.0941,3590960.7
2025-12-08 13:00:00+00:00,2.0941,2.1011,2.0919,2.0919,6671227.9
2025-12-08 13:15:00+00:00,2.092,2.0958,2.0882,2.0957,4071611.9
2025-12-08 13:30:00+00:00,2.0956,2.098,2.0918,2.0963,4884482.6
2025-12-08 13:45:00+00:00,2.0963,2.099,2.0955,2.0978,4142555.2
2025-12-08 14:00:00+00:00,2.0977,2.0985,2.0938,2.0974,3345324.2
2025-12-08 14:15:00+00:00,2.0974,2.0982,2.0892,2.0949,4871425.7
2025-12-08 14:30:00+00:00,2.0948,2.1112,2.0824,2.1008,23643653.2
2025-12-08 14:45:00+00:00,2.1007,2.1048,2.0822,2.0831,11813068.3
2025-12-08 15:00:00+00:00,2.0832,2.0925,2.0727,2.0784,17245091.5
2025-12-08 15:15:00+00:00,2.0784,2.0889,2.0689,2.0792,13311461.9
2025-12-08 15:30:00+00:00,2.0792,2.0862,2.0667,2.0695,8770976.6
2025-12-08 15:45:00+00:00,2.0696,2.0808,2.0686,2.0746,6145247.8
2025-12-08 16:00:00+00:00,2.0747,2.0755,2.0645,2.0683,9899261.9
2025-12-08 16:15:00+00:00,2.0683,2.0838,2.0669,2.081,6021791.0
2025-12-08 16:30:00+00:00,2.081,2.0867,2.0762,2.0802,5238765.4
2025-12-08 16:45:00+00:00,2.0802,2.0804,2.0669,2.0723,5435177.3
2025-12-08 17:00:00+00:00,2.0722,2.0829,2.0678,2.0809,7607574.0
2025-12-08 17:15:00+00:00,2.081,2.0833,2.0711,2.0741,4074122.8
2025-12-08 17:30:00+00:00,2.0741,2.0779,2.0655,2.0686,4199009.2
2025-12-08 17:45:00+00:00,2.0685,2.0821,2.0641,2.0779,5709005.8
2025-12-08 18:00:00+00:00,2.078,2.0857,2.0759,2.079,4377888.0
2025-12-08 18:15:00+00:00,2.0791,2.0846,2.0714,2.0726,4152757.1
2025-12-08 18:30:00+00:00,2.0725,2.0813,2.0687,2.0812,3406868.2
2025-12-08 18:45:00+00:00,2.0813,2.0841,2.0609,2.0673,6850722.0
2025-12-08 19:00:00+00:00,2.0673,2.0785,2.0665,2.0744,4549553.8
2025-12-08 19:15:00+00:00,2.0744,2.0792,2.0714,2.0773,2599546.2
2025-12-08 19:30:00+00:00,2.0773,2.0816,2.0756,2.0785,2522281.1
2025-12-08 19:45:00+00:00,2.0785,2.0835,2.0751,2.077,2274674.6
2025-12-08 20:00:00+00:00,2.077,2.0854,2.0753,2.0821,5226888.5
2025-12-08 20:15:00+00:00,2.0821,2.0886,2.0798,2.0826,6074176.6
2025-12-08 20:30:00+00:00,2.0827,2.085,2.0782,2.0838,2859336.7
2025-12-08 20:45:00+00:00,2.0838,2.0931,2.0822,2.0862,6837621.5
2025-12-08 21:00:00+00:00,2.0863,2.0872,2.0725,2.0729,7686655.2
2025-12-08 21:15:00+00:00,2.0729,2.0833,2.0729,2.0817,3953049.3
2025-12-08 21:30:00+00:00,2.0817,2.0904,2.0812,2.0843,5206302.3
2025-12-08 21:45:00+00:00,2.0843,2.0894,2.0829,2.0869,2441244.6
2025-12-08 22:00:00+00:00,2.0868,2.088,2.0781,2.0796,2709510.6
2025-12-08 22:15:00+00:00,2.0795,2.0805,2.0771,2.0782,1508713.8
2025-12-08 22:30:00+00:00,2.0782,2.0806,2.0732,2.0757,2034179.3
2025-12-08 22:45:00+00:00,2.0757,2.0813,2.0757,2.0786,958117.9
2025-12-08 23:00:00+00:00,2.0786,2.0803,2.073,2.0732,1601329.8
2025-12-08 23:15:00+00:00,2.0731,2.0748,2.0683,2.0715,3663803.5
2025-12-08 23:30:00+00:00,2.0715,2.0736,2.0696,2.0728,1369530.9
2025-12-08 23:45:00+00:00,2.0729,2.0735,2.0703,2.0711,2006051.9
2025-12-09 00:00:00+00:00,2.0712,2.0788,2.0702,2.0787,6010172.9
2025-12-09 00:15:00+00:00,2.0786,2.0816,2.0734,2.0737,4321742.6
2025-12-09 00:30:00+00:00,2.0736,2.075,2.0671,2.0729,4879865.7
2025-12-09 00:45:00+00:00,2.0729,2.0749,2.0685,2.0707,1716393.8
2025-12-09 01:00:00+00:00,2.0706,2.0725,2.0636,2.0694,3818911.8
2025-12-09 01:15:00+00:00,2.0693,2.0746,2.0629,2.0638,4754340.8
2025-12-09 01:30:00+00:00,2.0639,2.065,2.0587,2.0611,4187812.8
2025-12-09 01:45:00+00:00,2.0612,2.0649,2.0575,2.0618,3643309.0
2025-12-09 02:00:00+00:00,2.0619,2.0699,2.0605,2.0636,6311126.1
2025-12-09 02:15:00+00:00,2.0636,2.0696,2.0633,2.0673,2681663.3
2025-12-09 02:30:00+00:00,2.0673,2.0685,2.0635,2.0654,1663063.6
2025-12-09 02:45:00+00:00,2.0654,2.0693,2.0596,2.0602,2006343.0
2025-12-09 03:00:00+00:00,2.0602,2.0625,2.0585,2.061,2444867.1
2025-12-09 03:15:00+00:00,2.061,2.0638,2.0561,2.0608,4500656.9
2025-12-09 03:30:00+00:00,2.0607,2.0697,2.0603,2.0675,3814033.6
2025-12-09 03:45:00+00:00,2.0675,2.0708,2.0659,2.0687,2491904.3
2025-12-09 04:00:00+00:00,2.0688,2.0693,2.0651,2.0658,2067243.9
2025-12-09 04:15:00+00:00,2.0657,2.0663,2.061,2.0633,1565946.9
2025-12-09 04:30:00+00:00,2.0632,2.0632,2.0519,2.0533,6431676.4
2025-12-09 04:45:00+00:00,2.0533,2.055,2.0519,2.0532,1976969.1
2025-12-09 05:00:00+00:00,2.0532,2.0558,2.047,2.0517,4632065.3
2025-12-09 05:15:00+00:00,2.0516,2.0545,2.0478,2.0528,2956847.1
2025-12-09 05:30:00+00:00,2.0528,2.0585,2.0516,2.0569,2901069.8
2025-12-09 05:45:00+00:00,2.0569,2.0583,2.0483,2.0494,2295120.1
2025-12-09 06:00:00+00:00,2.0494,2.0552,2.0482,2.0517,2415222.2
2025-12-09 06:15:00+00:00,2.0518,2.0528,2.0455,2.047,3153910.6
2025-12-09 06:30:00+00:00,2.0469,2.0472,2.0398,2.0466,6161294.8
2025-12-09 06:45:00+00:00,2.0466,2.0505,2.0444,2.0486,3184279.0
2025-12-09 07:00:00+00:00,2.0487,2.0515,2.0459,2.0473,2311382.4
2025-12-09 07:15:00+00:00,2.0473,2.0569,2.0473,2.0549,2593144.6
2025-12-09 07:30:00+00:00,2.0549,2.0598,2.0542,2.0592,2271871.5
2025-12-09 07:45:00+00:00,2.0592,2.0612,2.0585,2.0604,2239871.7
2025-12-09 08:00:00+00:00,2.0604,2.0649,2.059,2.0595,3324923.4
2025-12-09 08:15:00+00:00,2.0594,2.0619,2.0558,2.0584,3267247.9
2025-12-09 08:30:00+00:00,2.0584,2.0626,2.0557,2.0626,2569675.8
2025-12-09 08:45:00+00:00,2.0626,2.0649,2.061,2.0621,2035680.1
2025-12-09 09:00:00+00:00,2.0622,2.0627,2.0567,2.0608,2840645.6
2025-12-09 09:15:00+00:00,2.0607,2.0619,2.0581,2.0591,1510093.4
2025-12-09 09:30:00+00:00,2.059,2.0598,2.0557,2.0567,1857275.7
2025-12-09 09:45:00+00:00,2.0568,2.0583,2.0558,2.0572,1078689.9
2025-12-09 10:00:00+00:00,2.0571,2.0602,2.0544,2.0558,2386706.4
2025-12-09 10:15:00+00:00,2.0558,2.0563,2.0536,2.0553,1267186.1
2025-12-09 10:30:00+00:00,2.0554,2.0563,2.0446,2.0511,4799011.0
2025-12-09 10:45:00+00:00,2.0511,2.0547,2.0487,2.0543,2063117.5
2025-12-09 11:00:00+00:00,2.0543,2.0576,2.053,2.0537,1931596.2
2025-12-09 11:15:00+00:00,2.0537,2.055,2.0505,2.0549,1332934.8
2025-12-09 11:30:00+00:00,2.0549,2.0611,2.0545,2.0608,1900319.4
2025-12-09 11:45:00+00:00,2.0608,2.0697,2.0605,2.0679,4482807.2
2025-12-09 12:00:00+00:00,2.068,2.0717,2.0657,2.0687,3554061.0
2025-12-09 12:15:00+00:00,2.0688,2.0844,2.0679,2.0807,8799594.9
2025-12-09 12:30:00+00:00,2.0808,2.085,2.0789,2.084,4479380.9
2025-12-09 12:45:00+00:00,2.0839,2.0844,2.0799,2.0829,3037799.5
2025-12-09 13:00:00+00:00,2.083,2.0848,2.0781,2.0788,4573895.3
2025-12-09 13:15:00+00:00,2.0788,2.0813,2.0755,2.079,4427661.1
2025-12-09 13:30:00+00:00,2.079,2.0813,2.0639,2.0649,6609670.9
2025-12-09 13:45:00+00:00,2.0649,2.0685,2.063,2.0655,4737864.9
2025-12-09 14:00:00+00:00,2.0655,2.0716,2.0575,2.0597,8195089.0
2025-12-09 14:15:00+00:00,2.0597,2.0616,2.0478,2.0531,9970545.7
2025-12-09 14:30:00+00:00,2.053,2.0598,2.0476,2.0499,17474457.5
2025-12-09 14:45:00+00:00,2.0499,2.0549,2.0486,2.0541,7994115.6
2025-12-09 15:00:00+00:00,2.0541,2.0905,2.052,2.0675,24176154.8
2025-12-09 15:15:00+00:00,2.0676,2.0919,2.0657,2.0844,10929480.3
2025-12-09 15:30:00+00:00,2.0843,2.1045,2.0774,2.1026,19502159.2
2025-12-09 15:45:00+00:00,2.1027,2.119,2.1001,2.1148,19868018.4
2025-12-09 16:00:00+00:00,2.1148,2.1535,2.1144,2.1492,32360780.8
2025-12-09 16:15:00+00:00,2.1491,2.1541,2.1351,2.1385,15538655.9
2025-12-09 16:30:00+00:00,2.1386,2.1664,2.1376,2.1656,22301021.1
2025-12-09 16:45:00+00:00,2.1656,2.174,2.1564,2.1642,17446494.9
2025-12-09 17:00:00+00:00,2.1641,2.1774,2.1618,2.1721,17309405.3
2025-12-09 17:15:00+00:00,2.1721,2.1727,2.1451,2.15,28497653.8
2025-12-09 17:30:00+00:00,2.15,2.1533,2.1406,2.1465,12650619.0
2025-12-09 17:45:00+00:00,2.1465,2.1527,2.1441,2.1487,5654047.1
2025-12-09 18:00:00+00:00,2.1487,2.1571,2.1458,2.1527,7913058.0
2025-12-09 18:15:00+00:00,2.1527,2.1569,2.1486,2.1549,5089348.5
2025-12-09 18:30:00+00:00,2.1549,2.1559,2.1469,2.148,3649005.2
2025-12-09 18:45:00+00:00,2.1479,2.1497,2.1386,2.1471,7746418.9
2025-12-09 19:00:00+00:00,2.1471,2.1479,2.1362,2.1363,6323795.9
2025-12-09 19:15:00+00:00,2.1362,2.1403,2.1303,2.1342,5836988.9
2025-12-09 19:30:00+00:00,2.1342,2.1422,2.1282,2.1314,5822080.1
2025-12-09 19:45:00+00:00,2.1314,2.1386,2.1304,2.1323,6016605.6
2025-12-09 20:00:00+00:00,2.1322,2.1335,2.126,2.1292,5005677.4
2025-12-09 20:15:00+00:00,2.1292,2.13,2.1021,2.1114,15499248.0
2025-12-09 20:30:00+00:00,2.1115,2.1126,2.0949,2.1045,14744892.1
2025-12-09 20:45:00+00:00,2.1045,2.1129,2.102,2.1125,6826509.2
2025-12-09 21:00:00+00:00,2.1125,2.116,2.1066,2.1092,5743778.8
2025-12-09 21:15:00+00:00,2.1092,2.1134,2.1054,2.1114,2839802.8
2025-12-09 21:30:00+00:00,2.1114,2.1125,2.104,2.1041,3131089.0
2025-12-09 21:45:00+00:00,2.1042,2.1049,2.0842,2.0981,12514837.9
2025-12-09 22:00:00+00:00,2.0981,2.1111,2.0948,2.1072,7034749.1
2025-12-09 22:15:00+00:00,2.1072,2.111,2.1028,2.1038,3545522.1
2025-12-09 22:30:00+00:00,2.1038,2.1168,2.1024,2.1109,3965502.3
2025-12-09 22:45:00+00:00,2.1109,2.1131,2.1058,2.1093,2997876.8
2025-12-09 23:00:00+00:00,2.1093,2.1115,2.1045,2.1054,2555553.4
2025-12-09 23:15:00+00:00,2.1054,2.1108,2.1045,2.1083,3372016.2
2025-12-09 23:30:00+00:00,2.1083,2.1125,2.1066,2.111,1908141.4
2025-12-09 23:45:00+00:00,2.111,2.111,2.105,2.1051,1510705.7
2025-12-10 00:00:00+00:00,2.105,2.1088,2.1038,2.104,2746214.0
2025-12-10 00:15:00+00:00,2.104,2.104,2.0951,2.1,3904362.0
2025-12-10 00:30:00+00:00,2.1001,2.1033,2.0936,2.0958,2366338.8
2025-12-10 00:45:00+00:00,2.0957,2.0972,2.0881,2.0887,4596067.8
2025-12-10 01:00:00+00:00,2.0886,2.093,2.0886,2.0899,3131265.0
2025-12-10 01:15:00+00:00,2.0898,2.0949,2.0883,2.0925,3327700.9
2025-12-10 01:30:00+00:00,2.0926,2.0927,2.0856,2.0875,3238132.2
2025-12-10 01:45:00+00:00,2.0875,2.0906,2.0861,2.0881,2102585.5
2025-12-10 02:00:00+00:00,2.088,2.088,2.0808,2.0847,3353154.9
2025-12-10 02:15:00+00:00,2.0847,2.0926,2.0837,2.0905,2993703.0
2025-12-10 02:30:00+00:00,2.0906,2.0906,2.0862,2.0879,1832267.5
2025-12-10 02:45:00+00:00,2.0879,2.088,2.0833,2.0868,2465736.5
2025-12-10 03:00:00+00:00,2.0868,2.0874,2.0821,2.0852,2521283.7
2025-12-10 03:15:00+00:00,2.0852,2.0853,2.0806,2.0824,2029340.9
2025-12-10 03:30:00+00:00,2.0824,2.0839,2.081,2.0833,2022878.0
2025-12-10 03:45:00+00:00,2.0833,2.0845,2.0821,2.0821,1375618.9
2025-12-10 04:00:00+00:00,2.0821,2.0879,2.0783,2.0877,4824838.3
2025-12-10 04:15:00+00:00,2.0877,2.092,2.0848,2.0859,3682960.8
2025-12-10 04:30:00+00:00,2.086,2.0928,2.0844,2.0907,2933255.8
2025-12-10 04:45:00+00:00,2.0907,2.0957,2.0891,2.0891,2601615.4
2025-12-10 05:00:00+00:00,2.0891,2.091,2.0865,2.089,2581294.8
2025-12-10 05:15:00+00:00,2.0891,2.0926,2.0863,2.0863,2388726.7
2025-12-10 05:30:00+00:00,2.0863,2.0867,2.0823,2.0853,2757928.8
2025-12-10 05:45:00+00:00,2.0853,2.0885,2.085,2.0872,1622294.1
2025-12-10 06:00:00+00:00,2.0873,2.0885,2.0818,2.0868,2240011.5
2025-12-10 06:15:00+00:00,2.0868,2.088,2.0847,2.0874,1385648.8
2025-12-10 06:30:00+00:00,2.0875,2.0886,2.0839,2.0878,1920444.2
2025-12-10 06:45:00+00:00,2.0878,2.0879,2.0822,2.0852,1593017.9
2025-12-10 07:00:00+00:00,2.0852,2.0852,2.079,2.0802,2928406.6
2025-12-10 07:15:00+00:00,2.0801,2.0806,2.0752,2.0779,4080965.7
2025-12-10 07:30:00+00:00,2.0779,2.083,2.0768,2.0815,2068317.6
2025-12-10 07:45:00+00:00,2.0814,2.0841,2.0801,2.0834,1788577.9
2025-12-10 08:00:00+00:00,2.0833,2.0842,2.0805,2.0823,2291747.5
2025-12-10 08:15:00+00:00,2.0823,2.083,2.0802,2.0807,1659946.8
2025-12-10 08:30:00+00:00,2.0808,2.0826,2.0767,2.077,3638168.4
2025-12-10 08:45:00+00:00,2.077,2.0798,2.0763,2.0768,1692980.1
2025-12-10 09:00:00+00:00,2.0768,2.0775,2.0715,2.073,4875526.5
2025-12-10 09:15:00+00:00,2.073,2.0741,2.0705,2.0739,3420070.7
2025-12-10 09:30:00+00:00,2.0739,2.0778,2.0739,2.0773,2470946.8
2025-12-10 09:45:00+00:00,2.0773,2.0886,2.077,2.0876,6076924.1
2025-12-10 10:00:00+00:00,2.0876,2.0974,2.0841,2.0854,10906319.0
2025-12-10 10:15:00+00:00,2.0853,2.0854,2.0723,2.0724,5951300.9
2025-12-10 10:30:00+00:00,2.0724,2.073,2.0656,2.0702,10748115.7
2025-12-10 10:45:00+00:00,2.0703,2.0732,2.0681,2.0686,4246207.2
2025-12-10 11:00:00+00:00,2.0686,2.0742,2.0675,2.0705,3113727.3
2025-12-10 11:15:00+00:00,2.0705,2.0727,2.0669,2.068,2452541.5
2025-12-10 11:30:00+00:00,2.068,2.0707,2.0625,2.0671,5158257.6
2025-12-10 11:45:00+00:00,2.067,2.0716,2.0643,2.0707,3774389.7
2025-12-10 12:00:00+00:00,2.0707,2.0718,2.0647,2.0651,3447107.3
2025-12-10 12:15:00+00:00,2.0651,2.0653,2.0606,2.0618,4215145.3
2025-12-10 12:30:00+00:00,2.0618,2.0652,2.058,2.0623,5355510.4
2025-12-10 12:45:00+00:00,2.0623,2.065,2.0583,2.0633,3535004.0
2025-12-10 13:00:00+00:00,2.0634,2.0668,2.059,2.0613,3956720.7
2025-12-10 13:15:00+00:00,2.0613,2.0668,2.0592,2.064,3360576.9
2025-12-10 13:30:00+00:00,2.0641,2.0664,2.0608,2.0648,4096515.2
2025-12-10 13:45:00+00:00,2.0648,2.0685,2.0623,2.0636,2988491.1
2025-12-10 14:00:00+00:00,2.0635,2.0649,2.0608,2.0613,2755348.5
2025-12-10 14:15:00+00:00,2.0613,2.0634,2.0579,2.0602,2672043.3
2025-12-10 14:30:00+00:00,2.0602,2.0677,2.0561,2.0605,7421910.9
2025-12-10 14:45:00+00:00,2.0606,2.0638,2.0573,2.0628,3919399.5
2025-12-10 15:00:00+00:00,2.0627,2.0721,2.0615,2.0708,5489039.9
2025-12-10 15:15:00+00:00,2.0707,2.0724,2.065,2.0684,2995274.8
2025-12-10 15:30:00+00:00,2.0684,2.0699,2.0577,2.0653,4296512.4
2025-12-10 15:45:00+00:00,2.0652,2.0666,2.0543,2.0605,8946983.3
2025-12-10 16:00:00+00:00,2.0606,2.0656,2.056,2.0633,5490481.0
2025-12-10 16:15:00+00:00,2.0632,2.0732,2.0618,2.0701,5812569.3
2025-12-10 16:30:00+00:00,2.0702,2.0705,2.0631,2.0686,4483848.2
2025-12-10 16:45:00+00:00,2.0686,2.0729,2.0655,2.0672,3784623.7
2025-12-10 17:00:00+00:00,2.0671,2.0675,2.0625,2.0655,2987614.7
2025-12-10 17:15:00+00:00,2.0654,2.0747,2.0638,2.0704,4973294.5
2025-12-10 17:30:00+00:00,2.0704,2.0708,2.0648,2.0669,3408846.9
2025-12-10 17:45:00+00:00,2.0669,2.067,2.0587,2.0606,4699949.8
2025-12-10 18:00:00+00:00,2.0606,2.0659,2.0579,2.064,2621732.2
2025-12-10 18:15:00+00:00,2.064,2.0658,2.0574,2.0615,3688019.4
2025-12-10 18:30:00+00:00,2.0614,2.0853,2.0603,2.0693,15022402.5
2025-12-10 18:45:00+00:00,2.0693,2.0747,2.0601,2.0671,7399518.4
2025-12-10 19:00:00+00:00,2.0671,2.087,2.0328,2.0726,46458994.8
2025-12-10 19:15:00+00:00,2.0726,2.0786,2.0555,2.0604,10354362.9
2025-12-10 19:30:00+00:00,2.0604,2.0802,2.0557,2.0615,17361639.9
2025-12-10 19:45:00+00:00,2.0614,2.0721,2.0594,2.0674,6621484.4
2025-12-10 20:00:00+00:00,2.0674,2.1042,2.0596,2.1028,15650129.6
2025-12-10 20:15:00+00:00,2.1027,2.1093,2.072,2.0876,25166928.6
2025-12-10 20:30:00+00:00,2.0876,2.0954,2.0825,2.0881,7253695.6
2025-12-10 20:45:00+00:00,2.088,2.0893,2.0562,2.0626,19429829.1
2025-12-10 21:00:00+00:00,2.0626,2.0679,2.0438,2.0554,14891430.7
2025-12-10 21:15:00+00:00,2.0554,2.0641,2.0531,2.056,4981314.0
2025-12-10 21:30:00+00:00,2.056,2.0571,2.0481,2.0521,4129871.1
2025-12-10 21:45:00+00:00,2.0521,2.057,2.0431,2.0461,4295640.3
2025-12-10 22:00:00+00:00,2.0461,2.0546,2.0385,2.0425,7275539.1
2025-12-10 22:15:00+00:00,2.0424,2.0526,2.0329,2.0456,7928646.9
2025-12-10 22:30:00+00:00,2.0456,2.0556,2.0419,2.0535,3299034.2
2025-12-10 22:45:00+00:00,2.0535,2.0575,2.05,2.0538,1620342.4
2025-12-10 23:00:00+00:00,2.0537,2.0563,2.0467,2.0488,2635955.5
2025-12-10 23:15:00+00:00,2.0488,2.0499,2.0458,2.0459,1813500.5
2025-12-10 23:30:00+00:00,2.046,2.0482,2.0422,2.0472,1973694.6
2025-12-10 23:45:00+00:00,2.0472,2.0478,2.039,2.0406,2841777.3
2025-12-11 00:00:00+00:00,2.0406,2.0457,2.039,2.0439,3552825.7
2025-12-11 00:15:00+00:00,2.0439,2.0456,2.0406,2.042,2210583.7
2025-12-11 00:30:00+00:00,2.0419,2.042,2.0226,2.0314,13758127.9
2025-12-11 00:45:00+00:00,2.0314,2.0326,2.0199,2.028,10147764.3
2025-12-11 01:00:00+00:00,2.028,2.0289,2.0175,2.0185,6481602.1
2025-12-11 01:15:00+00:00,2.0185,2.0227,2.0084,2.0214,8567127.4
2025-12-11 01:30:00+00:00,2.0215,2.027,2.0178,2.0196,3860823.9
2025-12-11 01:45:00+00:00,2.0196,2.0203,2.0112,2.0118,3366583.4
2025-12-11 02:00:00+00:00,2.0117,2.013,2.0014,2.0046,9847992.7
2025-12-11 02:15:00+00:00,2.0045,2.0104,1.9989,2.0052,8213039.1
2025-12-11 02:30:00+00:00,2.0052,2.0112,2.0013,2.0084,5066534.4
2025-12-11 02:45:00+00:00,2.0085,2.0088,2.0012,2.0051,3682653.4
2025-12-11 03:00:00+00:00,2.0051,2.0051,1.9911,1.995,11017986.3
2025-12-11 03:15:00+00:00,1.9951,2.0055,1.9923,1.9982,7436918.3
2025-12-11 03:30:00+00:00,1.9982,2.0015,1.9934,2.0001,4723513.5
2025-12-11 03:45:00+00:00,2.0001,2.0024,1.9978,1.998,3032656.0
2025-12-11 04:00:00+00:00,1.9981,2.0044,1.9937,2.0024,5367375.6
2025-12-11 04:15:00+00:00,2.0024,2.0032,1.9973,2.0016,3984349.2
2025-12-11 04:30:00+00:00,2.0016,2.0086,2.0014,2.0072,4686494.4
2025-12-11 04:45:00+00:00,2.0071,2.018,2.0063,2.0155,7700442.9
2025-12-11 05:00:00+00:00,2.0156,2.0156,2.0058,2.0067,4025911.7
2025-12-11 05:15:00+00:00,2.0066,2.0129,2.006,2.0102,2658187.7
2025-12-11 05:30:00+00:00,2.0102,2.0111,2.0074,2.0093,1827462.9
2025-12-11 05:45:00+00:00,2.0093,2.0146,2.0093,2.0132,2173250.2
2025-12-11 06:00:00+00:00,2.0132,2.0141,2.0105,2.0126,1975735.2
2025-12-11 06:15:00+00:00,2.0126,2.0136,2.0041,2.0052,4169754.7
2025-12-11 06:30:00+00:00,2.0053,2.0136,2.0047,2.009,3460004.3
2025-12-11 06:45:00+00:00,2.0089,2.0142,2.0083,2.0124,3484762.4
2025-12-11 07:00:00+00:00,2.0125,2.0139,2.0104,2.0113,1726157.4
2025-12-11 07:15:00+00:00,2.0112,2.0134,2.0066,2.0081,2915260.6
2025-12-11 07:30:00+00:00,2.0082,2.0123,2.004,2.004,2085929.0
2025-12-11 07:45:00+00:00,2.004,2.0064,2.0028,2.0056,1586272.3
2025-12-11 08:00:00+00:00,2.0056,2.0064,2.0003,2.002,3345949.4
2025-12-11 08:15:00+00:00,2.0019,2.0062,1.9994,2.0045,2675168.7
2025-12-11 08:30:00+00:00,2.0045,2.0059,1.999,2.0033,3855880.2
2025-12-11 08:45:00+00:00,2.0033,2.012,2.0031,2.0107,3630549.3
2025-12-11 09:00:00+00:00,2.0108,2.0127,2.0063,2.0071,3008302.5
2025-12-11 09:15:00+00:00,2.0071,2.016,2.007,2.0146,3812893.0
2025-12-11 09:30:00+00:00,2.0146,2.0173,2.0126,2.0126,3753346.7
2025-12-11 09:45:00+00:00,2.0127,2.0157,2.0089,2.0115,2203547.2
2025-12-11 10:00:00+00:00,2.0116,2.0142,2.0112,2.0135,1749245.8
2025-12-11 10:15:00+00:00,2.0135,2.0138,2.009,2.0107,1802725.4
2025-12-11 10:30:00+00:00,2.0108,2.011,2.0073,2.0087,1182446.0
2025-12-11 10:45:00+00:00,2.0087,2.0149,2.0086,2.0147,1824543.7
2025-12-11 11:00:00+00:00,2.0147,2.0161,2.0132,2.0146,1628231.1
2025-12-11 11:15:00+00:00,2.0147,2.0173,2.0121,2.0156,1850491.8
2025-12-11 11:30:00+00:00,2.0156,2.017,2.0139,2.0146,1684712.3
2025-12-11 11:45:00+00:00,2.0146,2.0146,2.0065,2.0071,4312511.7
2025-12-11 12:00:00+00:00,2.007,2.0085,2.0028,2.0031,3405957.2
2025-12-11 12:15:00+00:00,2.0031,2.0083,2.0031,2.0074,2735027.9
2025-12-11 12:30:00+00:00,2.0075,2.0118,2.0054,2.0112,3467278.3
2025-12-11 12:45:00+00:00,2.0112,2.012,2.0051,2.0062,2620644.9
2025-12-11 13:00:00+00:00,2.0061,2.009,2.0049,2.006,3384647.6
2025-12-11 13:15:00+00:00,2.006,2.0137,2.0039,2.0121,3452296.0
2025-12-11 13:30:00+00:00,2.0121,2.0135,2.0062,2.0103,2715068.2
2025-12-11 13:45:00+00:00,2.0103,2.0109,2.0065,2.0076,2288384.0
2025-12-11 14:00:00+00:00,2.0077,2.009,2.0053,2.0076,2363353.1
2025-12-11 14:15:00+00:00,2.0076,2.009,1.9991,2.0008,6576793.5
2025-12-11 14:30:00+00:00,2.0008,2.008,1.9929,2.0004,14767731.2
2025-12-11 14:45:00+00:00,2.0005,2.0025,1.974,1.9895,53276987.4
2025-12-11 15:00:00+00:00,1.9896,2.0009,1.9857,1.9964,13170313.8
2025-12-11 15:15:00+00:00,1.9964,2.0096,1.991,1.9992,14215284.9
2025-12-11 15:30:00+00:00,1.9992,2.0002,1.9889,1.9929,6593819.9
2025-12-11 15:45:00+00:00,1.9928,1.9977,1.9892,1.9953,4710349.0
2025-12-11 16:00:00+00:00,1.9954,1.9985,1.9834,1.9866,6944309.1
2025-12-11 16:15:00+00:00,1.9866,1.991,1.986,1.9888,3780699.0
2025-12-11 16:30:00+00:00,1.9887,2.0006,1.9852,1.9975,4460168.9
2025-12-11 16:45:00+00:00,1.9976,2.0034,1.9877,1.9901,4522665.2
2025-12-11 17:00:00+00:00,1.9901,1.9913,1.9826,1.9857,8462840.4
2025-12-11 17:15:00+00:00,1.9858,1.9954,1.9838,1.992,4435617.7
2025-12-11 17:30:00+00:00,1.992,1.9975,1.9896,1.9907,3317604.3
2025-12-11 17:45:00+00:00,1.9908,1.9949,1.989,1.9939,5194576.3
2025-12-11 18:00:00+00:00,1.9938,2.0036,1.9905,2.001,6126770.5
2025-12-11 18:15:00+00:00,2.0011,2.0052,1.9988,2.0006,5258927.9
2025-12-11 18:30:00+00:00,2.0006,2.0221,1.9986,2.0203,15832039.2
2025-12-11 18:45:00+00:00,2.0204,2.0211,2.0025,2.0066,11332585.9
2025-12-11 19:00:00+00:00,2.0066,2.0129,1.9989,2.0078,7185914.3
2025-12-11 19:15:00+00:00,2.0078,2.0176,2.0061,2.0149,7978234.6
2025-12-11 19:30:00+00:00,2.015,2.0252,2.014,2.0211,8935017.6
2025-12-11 19:45:00+00:00,2.0211,2.0247,2.0069,2.0101,6764059.6
2025-12-11 20:00:00+00:00,2.0101,2.0206,2.0045,2.0184,10209551.0
2025-12-11 20:15:00+00:00,2.0185,2.0199,2.01,2.013,5365952.1
2025-12-11 20:30:00+00:00,2.013,2.0257,2.0123,2.0225,7652127.6
2025-12-11 20:45:00+00:00,2.0224,2.0286,2.0184,2.0232,9785837.6
2025-12-11 21:00:00+00:00,2.0232,2.0396,2.0225,2.0343,12886767.0
2025-12-11 21:15:00+00:00,2.0343,2.0504,2.0343,2.0464,12209796.9
2025-12-11 21:30:00+00:00,2.0463,2.0559,2.0462,2.0512,10222093.3
2025-12-11 21:45:00+00:00,2.0513,2.053,2.0401,2.0405,7345003.2
2025-12-11 22:00:00+00:00,2.0405,2.0472,2.0391,2.0421,4576185.8
2025-12-11 22:15:00+00:00,2.0421,2.0434,2.028,2.032,7778458.2
2025-12-11 22:30:00+00:00,2.0321,2.039,2.0299,2.033,3795052.8
2025-12-11 22:45:00+00:00,2.033,2.035,2.0271,2.0327,2004598.2
2025-12-11 23:00:00+00:00,2.0327,2.0369,2.03,2.0322,3789423.7
2025-12-11 23:15:00+00:00,2.0321,2.0366,2.0302,2.033,2049917.8
2025-12-11 23:30:00+00:00,2.0329,2.0392,2.032,2.0389,1969576.1
2025-12-11 23:45:00+00:00,2.0389,2.0395,2.0311,2.033,2013953.0
2025-12-12 00:00:00+00:00,2.033,2.0333,2.0267,2.0273,6964445.3
2025-12-12 00:15:00+00:00,2.0273,2.0385,2.0272,2.0315,3484353.6
2025-12-12 00:30:00+00:00,2.0316,2.035,2.0308,2.0312,1511623.8
2025-12-12 00:45:00+00:00,2.0312,2.0325,2.0143,2.0162,6696060.9
2025-12-12 01:00:00+00:00,2.0161,2.0269,2.0161,2.0214,4381004.2
2025-12-12 01:15:00+00:00,2.0214,2.0309,2.021,2.0271,3751641.6
2025-12-12 01:30:00+00:00,2.0272,2.0315,2.0252,2.0295,2650510.9
2025-12-12 01:45:00+00:00,2.0295,2.0309,2.0247,2.0272,1373763.8
2025-12-12 02:00:00+00:00,2.0273,2.0391,2.0245,2.0358,3748650.4
2025-12-12 02:15:00+00:00,2.0358,2.0397,2.0339,2.0371,2138301.5
2025-12-12 02:30:00+00:00,2.0371,2.0397,2.0358,2.037,2369506.1
2025-12-12 02:45:00+00:00,2.037,2.0423,2.0354,2.0397,2890977.7
2025-12-12 03:00:00+00:00,2.0396,2.042,2.0346,2.0347,2238460.6
2025-12-12 03:15:00+00:00,2.0347,2.0349,2.0289,2.0298,2419731.1
2025-12-12 03:30:00+00:00,2.0298,2.034,2.0286,2.0332,2226680.4
2025-12-12 03:45:00+00:00,2.0333,2.0356,2.0303,2.0306,1791760.0
2025-12-12 04:00:00+00:00,2.0306,2.0321,2.029,2.0297,1988122.3
2025-12-12 04:15:00+00:00,2.0297,2.0297,2.026,2.0264,2265955.0
2025-12-12 04:30:00+00:00,2.0263,2.0279,2.025,2.0278,1675358.1
2025-12-12 04:45:00+00:00,2.0279,2.0302,2.0263,2.0284,1880461.1
2025-12-12 05:00:00+00:00,2.0284,2.0347,2.025,2.0252,3437175.5
2025-12-12 05:15:00+00:00,2.0253,2.0282,2.0224,2.0246,2261322.9
2025-12-12 05:30:00+00:00,2.0246,2.0304,2.0235,2.0304,1652015.9
2025-12-12 05:45:00+00:00,2.0305,2.0365,2.0304,2.0357,2825101.1
2025-12-12 06:00:00+00:00,2.0358,2.0408,2.0345,2.0406,4472982.0
2025-12-12 06:15:00+00:00,2.0406,2.0412,2.0365,2.0371,2345214.9
2025-12-12 06:30:00+00:00,2.0371,2.0386,2.0348,2.0374,2391211.2
2025-12-12 06:45:00+00:00,2.0375,2.0405,2.0356,2.04,2370858.1
2025-12-12 07:00:00+00:00,2.04,2.0425,2.0375,2.0377,2247001.3
2025-12-12 07:15:00+00:00,2.0376,2.0398,2.0368,2.0369,1873833.1
2025-12-12 07:30:00+00:00,2.0369,2.0388,2.0312,2.0347,3485988.1
2025-12-12 07:45:00+00:00,2.0347,2.0379,2.0334,2.0363,1470925.6
2025-12-12 08:00:00+00:00,2.0363,2.037,2.0343,2.0344,1966947.6
2025-12-12 08:15:00+00:00,2.0344,2.035,2.029,2.0298,2668652.7
2025-12-12 08:30:00+00:00,2.0298,2.03,2.027,2.0285,2192856.5
2025-12-12 08:45:00+00:00,2.0285,2.0288,2.0254,2.0279,2531276.4
2025-12-12 09:00:00+00:00,2.0279,2.0297,2.0259,2.0293,2101004.2
2025-12-12 09:15:00+00:00,2.0294,2.0315,2.0245,2.0249,2232505.0
2025-12-12 09:30:00+00:00,2.0248,2.0272,2.0242,2.0261,1556001.3
2025-12-12 09:45:00+00:00,2.0261,2.036,2.0257,2.0348,3380994.9
2025-12-12 10:00:00+00:00,2.0348,2.038,2.0342,2.037,2760832.7
2025-12-12 10:15:00+00:00,2.0369,2.037,2.033,2.0341,2246106.8
2025-12-12 10:30:00+00:00,2.0341,2.0372,2.034,2.0358,2163491.3
2025-12-12 10:45:00+00:00,2.0359,2.0385,2.0345,2.037,1293020.1
2025-12-12 11:00:00+00:00,2.037,2.0384,2.0348,2.0383,1864116.0
2025-12-12 11:15:00+00:00,2.0384,2.0399,2.0345,2.0388,2962125.7
2025-12-12 11:30:00+00:00,2.0388,2.0438,2.0386,2.043,2267096.8
2025-12-12 11:45:00+00:00,2.0429,2.045,2.0396,2.0412,2346186.1
2025-12-12 12:00:00+00:00,2.0411,2.0414,2.0374,2.0379,2436778.9
2025-12-12 12:15:00+00:00,2.0378,2.0413,2.0372,2.0388,1468024.9
2025-12-12 12:30:00+00:00,2.0388,2.0433,2.0363,2.0394,3295518.9
2025-12-12 12:45:00+00:00,2.0395,2.0448,2.0359,2.0438,4368669.3
2025-12-12 13:00:00+00:00,2.0437,2.0444,2.0412,2.0425,2050721.4
2025-12-12 13:15:00+00:00,2.0425,2.0471,2.0384,2.0387,3680425.5
2025-12-12 13:30:00+00:00,2.0386,2.0418,2.0385,2.0395,2150258.8
2025-12-12 13:45:00+00:00,2.0395,2.0409,2.038,2.0403,1334899.3
2025-12-12 14:00:00+00:00,2.0403,2.0415,2.0346,2.0354,2805139.2
2025-12-12 14:15:00+00:00,2.0353,2.0394,2.0318,2.0326,2443605.8
2025-12-12 14:30:00+00:00,2.0326,2.0427,2.0295,2.0389,9161654.6
2025-12-12 14:45:00+00:00,2.0389,2.0407,2.0304,2.0369,5138081.7
2025-12-12 15:00:00+00:00,2.0369,2.037,2.023,2.0265,9295528.9
2025-12-12 15:15:00+00:00,2.0264,2.0265,2.004,2.0053,20182215.8
2025-12-12 15:30:00+00:00,2.0053,2.0085,1.992,2.0005,29497817.5
2025-12-12 15:45:00+00:00,2.0005,2.0033,1.9662,1.9768,38198118.2
2025-12-12 16:00:00+00:00,1.9768,2.0022,1.9716,1.9887,49507945.7
2025-12-12 16:15:00+00:00,1.9888,1.995,1.9738,1.9917,20295338.1
2025-12-12 16:30:00+00:00,1.9916,1.9916,1.9728,1.9799,9620149.8
2025-12-12 16:45:00+00:00,1.9799,1.9904,1.9788,1.9866,6495086.1
2025-12-12 17:00:00+00:00,1.9866,1.9968,1.9846,1.9945,8236283.7
2025-12-12 17:15:00+00:00,1.9945,2.0017,1.985,1.9851,7817116.1
2025-12-12 17:30:00+00:00,1.9851,1.996,1.9841,1.9947,5335466.5
2025-12-12 17:45:00+00:00,1.9947,1.9999,1.9933,1.9944,3273512.1
2025-12-12 18:00:00+00:00,1.9945,2.0077,1.9878,2.004,11475835.8
2025-12-12 18:15:00+00:00,2.0039,2.0075,1.9973,2.0067,4927491.3
2025-12-12 18:30:00+00:00,2.0067,2.0215,2.0061,2.016,7443827.2
2025-12-12 18:45:00+00:00,2.016,2.0242,2.0083,2.0109,7284774.7
2025-12-12 19:00:00+00:00,2.011,2.0131,2.0053,2.0077,5902011.9
2025-12-12 19:15:00+00:00,2.0077,2.0124,2.0011,2.0036,4901952.6
2025-12-12 19:30:00+00:00,2.0037,2.0068,1.9973,1.9985,3429013.2
2025-12-12 19:45:00+00:00,1.9986,2.0055,1.9947,2.0019,4747157.6
2025-12-12 20:00:00+00:00,2.002,2.0034,1.9968,1.999,2706183.8
2025-12-12 20:15:00+00:00,1.9991,2.0042,1.9962,1.9982,2530251.2
2025-12-12 20:30:00+00:00,1.9982,2.0016,1.9969,2.0008,2989581.8
2025-12-12 20:45:00+00:00,2.0008,2.0053,1.9983,1.9992,4457962.7
2025-12-12 21:00:00+00:00,1.9991,2.0024,1.9958,2.0001,3387804.8
2025-12-12 21:15:00+00:00,2.0002,2.0003,1.9956,1.9976,1406478.7
2025-12-12 21:30:00+00:00,1.9975,2.0013,1.9974,2.0007,1831959.0
2025-12-12 21:45:00+00:00,2.0007,2.0036,2.0007,2.0033,1738589.8
2025-12-12 22:00:00+00:00,2.0032,2.0116,2.0023,2.0093,2597686.6
2025-12-12 22:15:00+00:00,2.0094,2.0102,2.0039,2.0063,1808918.1
2025-12-12 22:30:00+00:00,2.0062,2.0107,2.0047,2.0092,1121711.5
2025-12-12 22:45:00+00:00,2.0093,2.0105,2.0071,2.0095,824604.9
2025-12-12 23:00:00+00:00,2.0095,2.0181,2.0095,2.0128,6068900.4
2025-12-12 23:15:00+00:00,2.0128,2.0129,2.0076,2.0076,1367570.8
2025-12-12 23:30:00+00:00,2.0076,2.0097,2.0067,2.0093,1553171.9
2025-12-12 23:45:00+00:00,2.0093,2.0098,2.006,2.0063,1155465.2
2025-12-13 00:00:00+00:00,2.0064,2.0121,2.0059,2.0089,3057046.1
2025-12-13 00:15:00+00:00,2.009,2.0099,2.0055,2.0071,1980336.8
2025-12-13 00:30:00+00:00,2.0072,2.0115,2.007,2.0103,1439994.5
2025-12-13 00:45:00+00:00,2.0103,2.0124,2.0079,2.011,1251135.4
2025-12-13 01:00:00+00:00,2.0111,2.0157,2.0111,2.0133,2814580.4
2025-12-13 01:15:00+00:00,2.0134,2.0134,2.0103,2.0128,996486.2
2025-12-13 01:30:00+00:00,2.0128,2.0135,2.0087,2.0091,1385172.6
2025-12-13 01:45:00+00:00,2.0091,2.0108,2.0084,2.0096,1192783.8
2025-12-13 02:00:00+00:00,2.0097,2.0179,2.0096,2.017,2220330.2
2025-12-13 02:15:00+00:00,2.0169,2.0199,2.0162,2.0187,2024739.2
2025-12-13 02:30:00+00:00,2.0188,2.0192,2.0146,2.0155,1686833.8
2025-12-13 02:45:00+00:00,2.0156,2.0169,2.0128,2.0133,1132149.5
2025-12-13 03:00:00+00:00,2.0133,2.0179,2.0132,2.0176,2130233.1
2025-12-13 03:15:00+00:00,2.0177,2.0238,2.0175,2.02,2609871.1
2025-12-13 03:30:00+00:00,2.0201,2.0209,2.0173,2.0204,1552514.2
2025-12-13 03:45:00+00:00,2.0205,2.0237,2.0204,2.0214,1197975.5
2025-12-13 04:00:00+00:00,2.0214,2.0253,2.0214,2.0234,1632679.7
2025-12-13 04:15:00+00:00,2.0234,2.0287,2.0219,2.0259,2849919.9
2025-12-13 04:30:00+00:00,2.026,2.03,2.0241,2.0286,3683839.6
2025-12-13 04:45:00+00:00,2.0287,2.034,2.0278,2.0329,3416347.8
2025-12-13 05:00:00+00:00,2.033,2.0476,2.0323,2.0389,13112437.3
2025-12-13 05:15:00+00:00,2.0388,2.0391,2.0311,2.0321,7993650.1
2025-12-13 05:30:00+00:00,2.0321,2.0335,2.0283,2.0298,2972397.9
2025-12-13 05:45:00+00:00,2.0297,2.0313,2.0273,2.0306,2544694.5
2025-12-13 06:00:00+00:00,2.0306,2.035,2.0301,2.0318,2205380.4
2025-12-13 06:15:00+00:00,2.0319,2.0319,2.0281,2.0281,1508115.3
2025-12-13 06:30:00+00:00,2.0281,2.031,2.0264,2.0276,2547638.8
2025-12-13 06:45:00+00:00,2.0275,2.0306,2.026,2.0277,1575369.3
2025-12-13 07:00:00+00:00,2.0277,2.0296,2.0251,2.0251,1602240.8
2025-12-13 07:15:00+00:00,2.0252,2.0303,2.0251,2.03,1969829.1
2025-12-13 07:30:00+00:00,2.0301,2.0312,2.0266,2.0282,1240666.5
2025-12-13 07:45:00+00:00,2.0281,2.0282,2.0257,2.0277,1304224.3
2025-12-13 08:00:00+00:00,2.0277,2.0386,2.0277,2.0381,3772989.6
2025-12-13 08:15:00+00:00,2.0382,2.0423,2.0354,2.0382,5529876.2
2025-12-13 08:30:00+00:00,2.0382,2.0385,2.0355,2.0382,2378194.7
2025-12-13 08:45:00+00:00,2.0381,2.041,2.0341,2.0354,1753574.1
2025-12-13 09:00:00+00:00,2.0354,2.0375,2.0341,2.0358,1823029.0
2025-12-13 09:15:00+00:00,2.0358,2.0371,2.0347,2.0348,1061846.4
2025-12-13 09:30:00+00:00,2.0347,2.0381,2.0334,2.0363,1968091.5
2025-12-13 09:45:00+00:00,2.0362,2.0374,2.0283,2.0303,4586123.9
2025-12-13 10:00:00+00:00,2.0302,2.0345,2.0298,2.0343,1490744.5
2025-12-13 10:15:00+00:00,2.0343,2.0376,2.0342,2.0368,1518345.5
2025-12-13 10:30:00+00:00,2.0368,2.0387,2.0358,2.0373,1823583.5
2025-12-13 10:45:00+00:00,2.0372,2.0399,2.0345,2.0359,1496476.4
2025-12-13 11:00:00+00:00,2.0359,2.0386,2.0354,2.0367,1532305.0
2025-12-13 11:15:00+00:00,2.0368,2.0374,2.0327,2.0337,1284982.2
2025-12-13 11:30:00+00:00,2.0336,2.0351,2.0318,2.0334,1034240.4
2025-12-13 11:45:00+00:00,2.0334,2.0353,2.0314,2.0325,1351430.3
2025-12-13 12:00:00+00:00,2.0325,2.0392,2.0308,2.038,3987669.6
2025-12-13 12:15:00+00:00,2.038,2.0399,2.0348,2.0384,2953371.1
2025-12-13 12:30:00+00:00,2.0383,2.0429,2.0319,2.0325,4004504.6
2025-12-13 12:45:00+00:00,2.0325,2.0336,2.029,2.031,3689591.9
2025-12-13 13:00:00+00:00,2.031,2.0347,2.0309,2.0322,2195974.0
2025-12-13 13:15:00+00:00,2.0321,2.0365,2.0316,2.0317,1661692.6
2025-12-13 13:30:00+00:00,2.0317,2.0355,2.0294,2.0339,2436747.3
2025-12-13 13:45:00+00:00,2.0338,2.0351,2.0318,2.0324,1375553.8
2025-12-13 14:00:00+00:00,2.0324,2.0347,2.0313,2.0347,1058892.2
2025-12-13 14:15:00+00:00,2.0346,2.0355,2.027,2.0271,3151660.2
2025-12-13 14:30:00+00:00,2.0272,2.036,2.027,2.0329,3041143.8
2025-12-13 14:45:00+00:00,2.033,2.0387,2.0329,2.0355,2692181.3
2025-12-13 15:00:00+00:00,2.0355,2.04,2.0346,2.0349,2169068.0
2025-12-13 15:15:00+00:00,2.0349,2.035,2.0304,2.0321,2635189.7
2025-12-13 15:30:00+00:00,2.032,2.0339,2.0304,2.031,1717631.8
2025-12-13 15:45:00+00:00,2.031,2.0315,2.028,2.0291,1972075.2
2025-12-13 16:00:00+00:00,2.029,2.0327,2.0279,2.031,2456534.5
2025-12-13 16:15:00+00:00,2.0311,2.0312,2.0249,2.0267,2788664.9
2025-12-13 16:30:00+00:00,2.0267,2.027,2.0236,2.0239,3187456.0
2025-12-13 16:45:00+00:00,2.0238,2.0257,2.0223,2.0252,2239012.8
2025-12-13 17:00:00+00:00,2.0252,2.0255,2.0168,2.0183,4482368.9
2025-12-13 17:15:00+00:00,2.0183,2.0204,2.0173,2.0187,1846461.8
2025-12-13 17:30:00+00:00,2.0187,2.0226,2.0179,2.0225,2009413.6
2025-12-13 17:45:00+00:00,2.0225,2.0228,2.0181,2.0186,1766016.8
2025-12-13 18:00:00+00:00,2.0185,2.0218,2.016,2.0211,2470336.9
2025-12-13 18:15:00+00:00,2.0212,2.023,2.0191,2.0214,2083040.0
2025-12-13 18:30:00+00:00,2.0214,2.0214,2.019,2.0194,805464.3
2025-12-13 18:45:00+00:00,2.0193,2.0202,2.0146,2.0162,1986918.8
2025-12-13 19:00:00+00:00,2.0161,2.018,2.014,2.0166,2096978.8
2025-12-13 19:15:00+00:00,2.0165,2.0181,2.0157,2.0159,1496218.4
2025-12-13 19:30:00+00:00,2.0158,2.0198,2.0154,2.0196,1357093.5
2025-12-13 19:45:00+00:00,2.0195,2.0199,2.0175,2.0187,950554.1
2025-12-13 20:00:00+00:00,2.0186,2.0205,2.0186,2.0193,1231843.5
2025-12-13 20:15:00+00:00,2.0193,2.0206,2.0184,2.0198,1013691.6
2025-12-13 20:30:00+00:00,2.0198,2.0215,2.0174,2.0175,1578507.4
2025-12-13 20:45:00+00:00,2.0174,2.0185,2.0142,2.016,1340533.7
2025-12-13 21:00:00+00:00,2.016,2.016,2.0119,2.0134,2240620.2
2025-12-13 21:15:00+00:00,2.0133,2.0161,2.0128,2.0141,1199686.4
2025-12-13 21:30:00+00:00,2.014,2.0178,2.0071,2.0159,4623150.8
2025-12-13 21:45:00+00:00,2.0159,2.0222,2.0154,2.0212,1511313.1
2025-12-13 22:00:00+00:00,2.0213,2.0225,2.0154,2.0182,1904493.1
2025-12-13 22:15:00+00:00,2.0181,2.0221,2.0171,2.0181,1197201.6
2025-12-13 22:30:00+00:00,2.0182,2.0214,2.0172,2.0208,1056166.1
2025-12-13 22:45:00+00:00,2.0209,2.0244,2.0199,2.0213,2456411.0
2025-12-13 23:00:00+00:00,2.0213,2.0214,2.0176,2.0197,2392566.1
2025-12-13 23:15:00+00:00,2.0196,2.0215,2.0183,2.0198,1122279.1
2025-12-13 23:30:00+00:00,2.0199,2.021,2.0189,2.021,1086269.3
2025-12-13 23:45:00+00:00,2.021,2.0228,2.0209,2.0215,1390951.3
2025-12-14 00:00:00+00:00,2.0214,2.0215,2.016,2.0193,2583921.1
2025-12-14 00:15:00+00:00,2.0193,2.0213,2.0184,2.0208,1819668.0
2025-12-14 00:30:00+00:00,2.0209,2.0259,2.0207,2.025,2345793.1
2025-12-14 00:45:00+00:00,2.0251,2.0271,2.0232,2.0252,1558031.9
2025-12-14 01:00:00+00:00,2.0253,2.0284,2.0235,2.0273,1778784.2
2025-12-14 01:15:00+00:00,2.0272,2.0287,2.0266,2.0285,957480.5
2025-12-14 01:30:00+00:00,2.0285,2.0293,2.022,2.0228,1608992.4
2025-12-14 01:45:00+00:00,2.0229,2.0249,2.0222,2.0245,795624.1
2025-12-14 02:00:00+00:00,2.0246,2.0283,2.0237,2.0253,1183485.7
2025-12-14 02:15:00+00:00,2.0253,2.0264,2.024,2.0249,654436.5
2025-12-14 02:30:00+00:00,2.0249,2.0264,2.0225,2.0246,1094757.1
2025-12-14 02:45:00+00:00,2.0245,2.0269,2.0238,2.0269,963952.0
2025-12-14 03:00:00+00:00,2.0269,2.0287,2.0257,2.0259,1471294.3
2025-12-14 03:15:00+00:00,2.026,2.0262,2.0246,2.0253,853919.8
2025-12-14 03:30:00+00:00,2.0253,2.0253,2.0223,2.0239,1158020.0
2025-12-14 03:45:00+00:00,2.0239,2.024,2.0216,2.0232,1395770.4
2025-12-14 04:00:00+00:00,2.0231,2.0244,2.0194,2.0216,1579159.8
2025-12-14 04:15:00+00:00,2.0216,2.0223,2.0187,2.0195,1013327.2
2025-12-14 04:30:00+00:00,2.0195,2.0201,2.0152,2.0158,1933141.8
2025-12-14 04:45:00+00:00,2.0158,2.0167,2.0141,2.0156,1803405.0
2025-12-14 05:00:00+00:00,2.0157,2.0157,2.011,2.0129,2643947.3
2025-12-14 05:15:00+00:00,2.0129,2.0132,2.0089,2.0106,3153098.9
2025-12-14 05:30:00+00:00,2.0106,2.0157,2.0102,2.0151,2756548.6
2025-12-14 05:45:00+00:00,2.0152,2.0165,2.0147,2.0147,1136261.7
2025-12-14 06:00:00+00:00,2.0148,2.0148,2.011,2.0123,1579105.6
2025-12-14 06:15:00+00:00,2.0124,2.0147,2.0106,2.0117,1333592.9
2025-12-14 06:30:00+00:00,2.0117,2.0169,2.0102,2.0165,1119152.7
2025-12-14 06:45:00+00:00,2.0166,2.0172,2.0148,2.0161,1016648.9
2025-12-14 07:00:00+00:00,2.0162,2.0177,2.0147,2.0165,938057.0
2025-12-14 07:15:00+00:00,2.0166,2.0186,2.0148,2.0185,1487997.2
2025-12-14 07:30:00+00:00,2.0185,2.0196,2.0145,2.0163,970150.5
2025-12-14 07:45:00+00:00,2.0163,2.0193,2.0162,2.0183,880172.5
2025-12-14 08:00:00+00:00,2.0183,2.0223,2.018,2.0189,2187575.4
2025-12-14 08:15:00+00:00,2.0189,2.0196,2.0173,2.0179,969366.1
2025-12-14 08:30:00+00:00,2.0179,2.0181,2.0147,2.0157,1346504.6
2025-12-14 08:45:00+00:00,2.0157,2.0157,2.0133,2.0135,1375633.7
2025-12-14 09:00:00+00:00,2.0135,2.0144,2.0113,2.0117,1435749.9
2025-12-14 09:15:00+00:00,2.0117,2.0132,2.0112,2.0113,1040792.3
2025-12-14 09:30:00+00:00,2.0113,2.0143,2.0096,2.013,3039899.4
2025-12-14 09:45:00+00:00,2.0131,2.0138,2.0103,2.0113,939765.3
2025-12-14 10:00:00+00:00,2.0113,2.0122,2.0017,2.0045,6975676.7
2025-12-14 10:15:00+00:00,2.0046,2.0107,2.0038,2.0081,3768112.9
2025-12-14 10:30:00+00:00,2.0081,2.0084,2.0038,2.0063,2467590.2
2025-12-14 10:45:00+00:00,2.0063,2.008,2.0052,2.0053,1733097.9
2025-12-14 11:00:00+00:00,2.0053,2.009,2.0005,2.0061,3561407.0
2025-12-14 11:15:00+00:00,2.0061,2.0067,2.0013,2.0024,2882660.0
2025-12-14 11:30:00+00:00,2.0024,2.0036,1.9921,1.9929,9975391.6
2025-12-14 11:45:00+00:00,1.9929,2.0016,1.9885,1.9998,11248335.3
2025-12-14 12:00:00+00:00,1.9998,2.0035,1.9956,1.9993,4177996.1
2025-12-14 12:15:00+00:00,1.9992,2.0029,1.9974,1.9975,5779118.7
2025-12-14 12:30:00+00:00,1.9974,2.0055,1.9973,2.0047,3807170.2
2025-12-14 12:45:00+00:00,2.0047,2.0068,2.0027,2.0027,2875880.4
2025-12-14 13:00:00+00:00,2.0027,2.0027,1.9965,1.9986,3829173.1
2025-12-14 13:15:00+00:00,1.9986,2.0002,1.9954,1.9978,2905885.3
2025-12-14 13:30:00+00:00,1.9978,2.0002,1.9961,1.9965,2476120.0
2025-12-14 13:45:00+00:00,1.9966,2.002,1.9962,2.0017,2286707.6
2025-12-14 14:00:00+00:00,2.0017,2.0069,2.0017,2.0026,3177971.9
2025-12-14 14:15:00+00:00,2.0026,2.0028,1.9973,1.9985,2943394.4
2025-12-14 14:30:00+00:00,1.9985,1.9986,1.9877,1.9888,7207694.4
2025-12-14 14:45:00+00:00,1.9889,1.9935,1.986,1.9933,5041614.6
2025-12-14 15:00:00+00:00,1.9934,1.9957,1.9895,1.9918,4031311.5
2025-12-14 15:15:00+00:00,1.9918,1.9952,1.9884,1.9906,3338111.6
2025-12-14 15:30:00+00:00,1.9906,1.9959,1.9886,1.9947,1992635.1
2025-12-14 15:45:00+00:00,1.9946,1.9946,1.9899,1.99,1817363.2
2025-12-14 16:00:00+00:00,1.99,1.9944,1.9879,1.9944,2951046.5
2025-12-14 16:15:00+00:00,1.9944,2.0037,1.993,1.9996,3809432.1
2025-12-14 16:30:00+00:00,1.9996,2.0017,1.99,1.9909,3815696.5
2025-12-14 16:45:00+00:00,1.9908,1.9967,1.9902,1.9957,3595866.6
2025-12-14 17:00:00+00:00,1.9958,1.9985,1.9821,1.9863,6276153.9
2025-12-14 17:15:00+00:00,1.9863,1.9929,1.9833,1.9877,3183768.0
2025-12-14 17:30:00+00:00,1.9876,1.9901,1.9837,1.9888,2364625.0
2025-12-14 17:45:00+00:00,1.9888,1.989,1.9845,1.9858,2190588.2
2025-12-14 18:00:00+00:00,1.9857,1.9902,1.9838,1.9877,1974945.3
2025-12-14 18:15:00+00:00,1.9876,1.992,1.9824,1.9855,2303843.3
2025-12-14 18:30:00+00:00,1.9856,1.9898,1.9852,1.9874,1800463.5
2025-12-14 18:45:00+00:00,1.9874,1.9921,1.9852,1.9916,1870107.6
2025-12-14 19:00:00+00:00,1.9915,1.9915,1.9827,1.9852,2364666.7
2025-12-14 19:15:00+00:00,1.9851,1.9863,1.9813,1.9858,2140185.8
2025-12-14 19:30:00+00:00,1.9858,1.9873,1.9806,1.9842,1666671.6
2025-12-14 19:45:00+00:00,1.9842,1.9873,1.9835,1.987,1712070.6
2025-12-14 20:00:00+00:00,1.9869,1.993,1.981,1.993,4969550.5
2025-12-14 20:15:00+00:00,1.9929,1.9936,1.9879,1.9883,2556520.3
2025-12-14 20:30:00+00:00,1.9883,1.9915,1.9866,1.9903,2060905.0
2025-12-14 20:45:00+00:00,1.9902,1.9909,1.9854,1.9859,1463634.7
2025-12-14 21:00:00+00:00,1.9859,1.9874,1.9838,1.9863,1356090.3
2025-12-14 21:15:00+00:00,1.9863,1.9905,1.986,1.988,966032.5
2025-12-14 21:30:00+00:00,1.9879,1.9893,1.985,1.9854,1321715.7
2025-12-14 21:45:00+00:00,1.9854,1.9875,1.9817,1.9859,1699503.5
2025-12-14 22:00:00+00:00,1.9859,1.9923,1.9859,1.989,2697400.7
2025-12-14 22:15:00+00:00,1.9889,1.99,1.9846,1.9865,1172132.5
2025-12-14 22:30:00+00:00,1.9865,1.9873,1.9807,1.9837,3861916.8
2025-12-14 22:45:00+00:00,1.9836,1.9919,1.9816,1.9914,2161169.0
2025-12-14 23:00:00+00:00,1.9914,1.9967,1.9811,1.9845,4444411.2
2025-12-14 23:15:00+00:00,1.9844,1.9865,1.9805,1.9842,2998047.8
2025-12-14 23:30:00+00:00,1.9842,1.9852,1.946,1.9769,36447036.7
2025-12-14 23:45:00+00:00,1.977,1.982,1.9725,1.977,5022950.7
2025-12-15 00:00:00+00:00,1.9771,1.9869,1.975,1.9756,4854797.7
2025-12-15 00:15:00+00:00,1.9755,1.9889,1.9732,1.9863,4955182.1
2025-12-15 00:30:00+00:00,1.9862,1.9877,1.9745,1.9764,3227813.0
2025-12-15 00:45:00+00:00,1.9764,1.9842,1.9751,1.9827,2803128.7
2025-12-15 01:00:00+00:00,1.9827,1.9849,1.9803,1.9835,2131964.4
2025-12-15 01:15:00+00:00,1.9836,1.9837,1.9776,1.9798,2212924.9
2025-12-15 01:30:00+00:00,1.9797,2.0042,1.9773,1.9936,11611349.4
2025-12-15 01:45:00+00:00,1.9935,1.999,1.9913,1.9971,3366197.5
2025-12-15 02:00:00+00:00,1.9972,2.007,1.9959,1.9983,5439443.5
2025-12-15 02:15:00+00:00,1.9984,2.0133,1.9982,2.006,8606814.9
2025-12-15 02:30:00+00:00,2.0061,2.0068,1.9952,1.9965,4202631.9
2025-12-15 02:45:00+00:00,1.9966,1.9967,1.992,1.9946,3355392.6
2025-12-15 03:00:00+00:00,1.9947,1.9955,1.991,1.9924,3138802.6
2025-12-15 03:15:00+00:00,1.9923,1.9996,1.9923,1.9972,2510423.9
2025-12-15 03:30:00+00:00,1.9973,1.9984,1.992,1.9929,2084359.5
2025-12-15 03:45:00+00:00,1.9928,1.9954,1.9927,1.994,1248912.4
2025-12-15 04:00:00+00:00,1.994,1.9995,1.9939,1.9989,2385569.6
2025-12-15 04:15:00+00:00,1.9989,2.0003,1.9914,1.9931,3438192.5
2025-12-15 04:30:00+00:00,1.9932,1.9991,1.9919,1.9987,2772132.5
2025-12-15 04:45:00+00:00,1.9987,2.0034,1.9977,1.9994,2591470.7
2025-12-15 05:00:00+00:00,1.9994,2.0024,1.9968,2.0019,2421154.7
2025-12-15 05:15:00+00:00,2.0019,2.0024,1.9982,1.9995,1464631.6
2025-12-15 05:30:00+00:00,1.9994,1.9994,1.9952,1.9955,2018241.0
2025-12-15 05:45:00+00:00,1.9955,1.9997,1.9954,1.9997,1564754.0
2025-12-15 06:00:00+00:00,1.9996,2.001,1.9946,1.9946,2061015.0
2025-12-15 06:15:00+00:00,1.9946,1.9969,1.9946,1.9955,1150884.4
2025-12-15 06:30:00+00:00,1.9956,1.9976,1.9948,1.9969,1892224.3
2025-12-15 06:45:00+00:00,1.9969,2.0045,1.9968,2.0005,3466776.1
2025-12-15 07:00:00+00:00,2.0006,2.0022,1.9935,1.9953,3031498.6
2025-12-15 07:15:00+00:00,1.9953,1.9976,1.9953,1.9959,1283715.7
2025-12-15 07:30:00+00:00,1.996,1.998,1.9921,1.9922,2574330.8
2025-12-15 07:45:00+00:00,1.9923,1.9951,1.9918,1.9942,1276159.3
2025-12-15 08:00:00+00:00,1.9942,1.9969,1.9891,1.9898,2662278.3
2025-12-15 08:15:00+00:00,1.9898,1.9974,1.9893,1.9956,2283719.1
2025-12-15 08:30:00+00:00,1.9956,1.9979,1.9944,1.9967,1817788.2
2025-12-15 08:45:00+00:00,1.9966,1.9972,1.9926,1.9926,1448992.9
2025-12-15 09:00:00+00:00,1.9926,1.999,1.9904,1.9963,3205144.2
2025-12-15 09:15:00+00:00,1.9964,1.9986,1.9954,1.9969,1561230.6
2025-12-15 09:30:00+00:00,1.9969,1.9976,1.9949,1.9959,1451598.7
2025-12-15 09:45:00+00:00,1.9959,2.0014,1.995,1.9973,2290506.1
2025-12-15 10:00:00+00:00,1.9974,1.9987,1.995,1.9955,2062463.6
2025-12-15 10:15:00+00:00,1.9955,1.9999,1.9927,1.9973,2911469.1
2025-12-15 10:30:00+00:00,1.9973,2.0002,1.9921,1.9927,3378519.9
2025-12-15 10:45:00+00:00,1.9928,1.9935,1.992,1.9933,1639503.9
2025-12-15 11:00:00+00:00,1.9932,1.9943,1.9913,1.992,1806539.7
2025-12-15 11:15:00+00:00,1.9921,1.9925,1.9902,1.9906,1309732.2
2025-12-15 11:30:00+00:00,1.9907,1.9914,1.9833,1.9844,5999430.2
2025-12-15 11:45:00+00:00,1.9844,1.9877,1.9826,1.9867,3225843.3
2025-12-15 12:00:00+00:00,1.9867,1.9869,1.9812,1.9831,3330199.7
2025-12-15 12:15:00+00:00,1.9831,1.986,1.9827,1.9834,1907375.2
2025-12-15 12:30:00+00:00,1.9834,1.986,1.9833,1.9843,2057070.1
2025-12-15 12:45:00+00:00,1.9843,1.9849,1.9821,1.9822,2002432.4
2025-12-15 13:00:00+00:00,1.9823,1.9836,1.9636,1.9716,22303145.0
2025-12-15 13:15:00+00:00,1.9716,1.9725,1.9563,1.958,12578356.9
2025-12-15 13:30:00+00:00,1.958,1.9667,1.954,1.9662,12728319.7
2025-12-15 13:45:00+00:00,1.9662,1.9683,1.9625,1.9629,4836705.9
2025-12-15 14:00:00+00:00,1.9629,1.9756,1.9611,1.975,8041036.3
2025-12-15 14:15:00+00:00,1.9749,1.9793,1.9673,1.9711,7639814.7
2025-12-15 14:30:00+00:00,1.9711,1.9788,1.962,1.9657,11252177.7
2025-12-15 14:45:00+00:00,1.9657,1.9691,1.9277,1.9396,41277326.5
2025-12-15 15:00:00+00:00,1.9395,1.9414,1.9199,1.9307,36162342.0
2025-12-15 15:15:00+00:00,1.9306,1.9317,1.9112,1.92,41138970.5
2025-12-15 15:30:00+00:00,1.92,1.9286,1.9155,1.9262,15159096.8
2025-12-15 15:45:00+00:00,1.9262,1.9345,1.9186,1.9239,13830124.9
2025-12-15 16:00:00+00:00,1.924,1.9274,1.9168,1.9214,11104598.3
2025-12-15 16:15:00+00:00,1.9214,1.9294,1.9204,1.9225,6633074.7
2025-12-15 16:30:00+00:00,1.9224,1.9233,1.9051,1.9103,16300784.8
2025-12-15 16:45:00+00:00,1.9104,1.9168,1.9067,1.9114,9061863.6
2025-12-15 17:00:00+00:00,1.9113,1.9138,1.9016,1.9035,12673793.5
2025-12-15 17:15:00+00:00,1.9035,1.9083,1.9021,1.9048,5560107.6
2025-12-15 17:30:00+00:00,1.9048,1.9061,1.8926,1.8984,18870901.4
2025-12-15 17:45:00+00:00,1.8984,1.9006,1.8886,1.8905,10191938.3
2025-12-15 18:00:00+00:00,1.8904,1.8951,1.8856,1.893,9511742.6
2025-12-15 18:15:00+00:00,1.8929,1.8948,1.882,1.8824,9483474.1
2025-12-15 18:30:00+00:00,1.8823,1.888,1.8661,1.8814,31881088.1
2025-12-15 18:45:00+00:00,1.8814,1.8932,1.8805,1.8901,9059681.9
2025-12-15 19:00:00+00:00,1.8901,1.9017,1.8891,1.8912,13063694.0
2025-12-15 19:15:00+00:00,1.8912,1.9031,1.8892,1.9004,6644043.7
2025-12-15 19:30:00+00:00,1.9003,1.9066,1.9,1.9027,5840327.7
2025-12-15 19:45:00+00:00,1.9027,1.9027,1.8933,1.8945,9289354.3
2025-12-15 20:00:00+00:00,1.8945,1.8945,1.8828,1.8842,7666886.1
2025-12-15 20:15:00+00:00,1.8841,1.8855,1.878,1.8825,5780294.9
2025-12-15 20:30:00+00:00,1.8825,1.8899,1.8793,1.8849,6384341.7
2025-12-15 20:45:00+00:00,1.8849,1.8878,1.8792,1.8814,12867151.8
2025-12-15 21:00:00+00:00,1.8815,1.8859,1.8788,1.8814,6110777.2
2025-12-15 21:15:00+00:00,1.8814,1.8957,1.8809,1.8944,6043080.8
2025-12-15 21:30:00+00:00,1.8944,1.8981,1.8909,1.8921,4616362.4
2025-12-15 21:45:00+00:00,1.8921,1.8929,1.8886,1.8898,4219122.7
2025-12-15 22:00:00+00:00,1.8898,1.8901,1.8821,1.8855,14503251.1
2025-12-15 22:15:00+00:00,1.8855,1.8872,1.879,1.8824,8579789.7
2025-12-15 22:30:00+00:00,1.8824,1.8857,1.8805,1.8835,3652400.9
2025-12-15 22:45:00+00:00,1.8836,1.8893,1.8817,1.8893,2034780.5
2025-12-15 23:00:00+00:00,1.8892,1.8963,1.8886,1.8962,4208873.4
2025-12-15 23:15:00+00:00,1.8962,1.8962,1.8886,1.8908,2766476.9
2025-12-15 23:30:00+00:00,1.8909,1.8964,1.8894,1.8964,2338482.4
2025-12-15 23:45:00+00:00,1.8963,1.8978,1.8933,1.8965,2750210.4
2025-12-16 00:00:00+00:00,1.8965,1.8969,1.8892,1.8894,7745984.1
2025-12-16 00:15:00+00:00,1.8894,1.8958,1.886,1.8948,4514690.2
2025-12-16 00:30:00+00:00,1.8948,1.8949,1.8877,1.8881,2528847.7
2025-12-16 00:45:00+00:00,1.8881,1.8884,1.8767,1.8778,6187256.6
2025-12-16 01:00:00+00:00,1.8777,1.8917,1.8763,1.8872,4383580.4
2025-12-16 01:15:00+00:00,1.8871,1.8893,1.8757,1.8771,4161402.1
2025-12-16 01:30:00+00:00,1.8771,1.8838,1.8722,1.877,6671950.7
2025-12-16 01:45:00+00:00,1.8769,1.879,1.8666,1.8711,10886956.9
2025-12-16 02:00:00+00:00,1.8711,1.8719,1.8581,1.8651,17451016.3
2025-12-16 02:15:00+00:00,1.8651,1.8758,1.8595,1.8747,10462542.8
2025-12-16 02:30:00+00:00,1.8747,1.8759,1.8674,1.8691,3609180.2
2025-12-16 02:45:00+00:00,1.8691,1.8721,1.8639,1.8677,4010643.5
2025-12-16 03:00:00+00:00,1.8678,1.8726,1.8592,1.8602,4425397.0
2025-12-16 03:15:00+00:00,1.8602,1.8663,1.8591,1.8659,4309557.3
2025-12-16 03:30:00+00:00,1.8659,1.8699,1.8538,1.8676,10107177.9
2025-12-16 03:45:00+00:00,1.8676,1.8719,1.8669,1.8714,3292621.7
2025-12-16 04:00:00+00:00,1.8714,1.8748,1.8678,1.8697,4208456.6
2025-12-16 04:15:00+00:00,1.8696,1.8701,1.8645,1.8648,3276287.2
2025-12-16 04:30:00+00:00,1.8648,1.8653,1.8607,1.8611,3543476.2
2025-12-16 04:45:00+00:00,1.8611,1.8724,1.8506,1.8717,10457431.9
2025-12-16 05:00:00+00:00,1.8716,1.8748,1.8696,1.8697,2771853.0
2025-12-16 05:15:00+00:00,1.8697,1.8714,1.8675,1.8687,1949612.1
2025-12-16 05:30:00+00:00,1.8687,1.8797,1.8678,1.8796,3462507.6
2025-12-16 05:45:00+00:00,1.8797,1.883,1.8779,1.8807,3638402.8
2025-12-16 06:00:00+00:00,1.8807,1.8876,1.8798,1.8853,3918319.6
2025-12-16 06:15:00+00:00,1.8852,1.89,1.8822,1.8881,2851213.9
2025-12-16 06:30:00+00:00,1.8881,1.8932,1.8874,1.8923,3694835.0
2025-12-16 06:45:00+00:00,1.8923,1.8965,1.8895,1.8934,3333633.6
2025-12-16 07:00:00+00:00,1.8935,1.8967,1.8893,1.8894,4017857.9
2025-12-16 07:15:00+00:00,1.8893,1.8913,1.8852,1.8864,3357370.6
2025-12-16 07:30:00+00:00,1.8863,1.8864,1.8747,1.8758,4489261.3
2025-12-16 07:45:00+00:00,1.8758,1.8774,1.8733,1.8743,2746540.5
2025-12-16 08:00:00+00:00,1.8744,1.8808,1.8729,1.8784,3465150.0
2025-12-16 08:15:00+00:00,1.8784,1.8793,1.8736,1.879,2008467.5
2025-12-16 08:30:00+00:00,1.879,1.8818,1.8745,1.8815,2171332.1
2025-12-16 08:45:00+00:00,1.8814,1.8849,1.8736,1.8756,2620015.1
2025-12-16 09:00:00+00:00,1.8757,1.8786,1.8755,1.8781,1499678.0
2025-12-16 09:15:00+00:00,1.8781,1.8808,1.8744,1.875,1811497.3
2025-12-16 09:30:00+00:00,1.8751,1.8807,1.8743,1.8804,1849061.1
2025-12-16 09:45:00+00:00,1.8804,1.8808,1.8763,1.8781,1047852.0
2025-12-16 10:00:00+00:00,1.8781,1.8821,1.8763,1.8801,1508701.0
2025-12-16 10:15:00+00:00,1.8801,1.885,1.8787,1.8823,2002835.3
2025-12-16 10:30:00+00:00,1.8824,1.9076,1.8817,1.9038,13626947.6
2025-12-16 10:45:00+00:00,1.9038,1.9109,1.9018,1.9053,12992970.3
2025-12-16 11:00:00+00:00,1.9054,1.91,1.9032,1.9079,5951304.7
2025-12-16 11:15:00+00:00,1.908,1.9197,1.9077,1.9188,7571448.7
2025-12-16 11:30:00+00:00,1.9188,1.924,1.9151,1.9191,8613336.7
2025-12-16 11:45:00+00:00,1.9191,1.9205,1.9158,1.9195,4322612.9
2025-12-16 12:00:00+00:00,1.9195,1.9275,1.9187,1.9237,6783229.4
2025-12-16 12:15:00+00:00,1.9238,1.9302,1.9213,1.9241,5016639.7
2025-12-16 12:30:00+00:00,1.9241,1.9279,1.9191,1.9269,5781784.4
2025-12-16 12:45:00+00:00,1.9268,1.9379,1.9266,1.934,7593371.9
2025-12-16 13:00:00+00:00,1.934,1.9365,1.9278,1.9333,5853801.0
2025-12-16 13:15:00+00:00,1.9332,1.9428,1.9326,1.9359,9831323.5
2025-12-16 13:30:00+00:00,1.936,1.9481,1.9141,1.9153,26626306.1
2025-12-16 13:45:00+00:00,1.9154,1.9236,1.9064,1.9077,13234102.6
2025-12-16 14:00:00+00:00,1.9077,1.9236,1.898,1.9193,19093825.5
2025-12-16 14:15:00+00:00,1.9192,1.925,1.9126,1.9171,6471943.2
2025-12-16 14:30:00+00:00,1.9171,1.9293,1.9112,1.9137,12463579.1
2025-12-16 14:45:00+00:00,1.9138,1.934,1.9054,1.9229,13742515.5
2025-12-16 15:00:00+00:00,1.9229,1.9325,1.9136,1.9256,6579286.8
2025-12-16 15:15:00+00:00,1.9256,1.929,1.9157,1.9265,6272055.7
2025-12-16 15:30:00+00:00,1.9264,1.9323,1.9224,1.9309,5133267.7
2025-12-16 15:45:00+00:00,1.9309,1.9452,1.9284,1.94,12933710.4
2025-12-16 16:00:00+00:00,1.9399,1.942,1.934,1.9362,6245119.1
2025-12-16 16:15:00+00:00,1.9362,1.9363,1.929,1.9319,5038274.3
2025-12-16 16:30:00+00:00,1.9319,1.9319,1.9166,1.9207,6661989.1
2025-12-16 16:45:00+00:00,1.9208,1.9298,1.9196,1.927,6828472.3
2025-12-16 17:00:00+00:00,1.9271,1.9327,1.9218,1.9317,7728520.7
2025-12-16 17:15:00+00:00,1.9317,1.934,1.9166,1.9197,4923677.4
2025-12-16 17:30:00+00:00,1.9198,1.9275,1.9168,1.9187,3979013.7
2025-12-16 17:45:00+00:00,1.9188,1.9203,1.9137,1.9157,4279915.6
2025-12-16 18:00:00+00:00,1.9156,1.9242,1.913,1.9216,4644003.9
2025-12-16 18:15:00+00:00,1.9216,1.9217,1.9156,1.9179,2042561.9
2025-12-16 18:30:00+00:00,1.9179,1.9323,1.9179,1.9309,5410480.5
2025-12-16 18:45:00+00:00,1.9309,1.9381,1.9287,1.9299,7090138.0
2025-12-16 19:00:00+00:00,1.9298,1.93,1.9162,1.9163,4611821.2
2025-12-16 19:15:00+00:00,1.9163,1.9205,1.9145,1.9172,4154867.3
2025-12-16 19:30:00+00:00,1.9172,1.9238,1.9171,1.9221,2898327.3
2025-12-16 19:45:00+00:00,1.9221,1.9329,1.921,1.9258,8302062.2
2025-12-16 20:00:00+00:00,1.9258,1.9304,1.9225,1.9229,2868019.6
2025-12-16 20:15:00+00:00,1.9228,1.9307,1.9214,1.9288,2646661.6
2025-12-16 20:30:00+00:00,1.9287,1.9325,1.9271,1.9304,2124870.6
2025-12-16 20:45:00+00:00,1.9303,1.9314,1.9247,1.9264,4161731.8
2025-12-16 21:00:00+00:00,1.9263,1.9263,1.9174,1.922,6862273.8
2025-12-16 21:15:00+00:00,1.9221,1.9277,1.9213,1.9266,2660154.6
2025-12-16 21:30:00+00:00,1.9266,1.9295,1.9265,1.9278,1394462.0
2025-12-16 21:45:00+00:00,1.9278,1.9279,1.9244,1.9254,1030938.7
2025-12-16 22:00:00+00:00,1.9254,1.9267,1.9222,1.9233,1934924.9
2025-12-16 22:15:00+00:00,1.9233,1.9296,1.9225,1.9273,2088743.9
2025-12-16 22:30:00+00:00,1.9273,1.9283,1.9249,1.9269,1841071.8
2025-12-16 22:45:00+00:00,1.9269,1.927,1.9252,1.9258,973510.1
2025-12-16 23:00:00+00:00,1.9259,1.9276,1.922,1.9271,2989651.4
2025-12-16 23:15:00+00:00,1.9271,1.9291,1.9239,1.9248,1949157.8
2025-12-16 23:30:00+00:00,1.9247,1.9269,1.9222,1.9268,1284362.4
2025-12-16 23:45:00+00:00,1.9269,1.9305,1.9268,1.9286,2369231.5
2025-12-17 00:00:00+00:00,1.9286,1.9286,1.922,1.9228,5064947.3
2025-12-17 00:15:00+00:00,1.9227,1.9273,1.92,1.9255,4042301.6
2025-12-17 00:30:00+00:00,1.9256,1.9256,1.9186,1.9201,2035777.0
2025-12-17 00:45:00+00:00,1.9201,1.9249,1.9185,1.9232,2694506.0
2025-12-17 01:00:00+00:00,1.9232,1.931,1.9231,1.9274,3348994.6
2025-12-17 01:15:00+00:00,1.9275,1.9393,1.9273,1.9319,7077672.0
2025-12-17 01:30:00+00:00,1.9319,1.9347,1.9241,1.9242,4260741.3
2025-12-17 01:45:00+00:00,1.9241,1.9263,1.9195,1.9219,3612834.4
2025-12-17 02:00:00+00:00,1.9219,1.9227,1.9162,1.9169,2564981.3
2025-12-17 02:15:00+00:00,1.9169,1.9188,1.9146,1.9166,3543664.4
2025-12-17 02:30:00+00:00,1.9166,1.925,1.9116,1.925,6963354.6
2025-12-17 02:45:00+00:00,1.925,1.9337,1.9248,1.9303,5760489.6
2025-12-17 03:00:00+00:00,1.9304,1.9366,1.9279,1.9284,6200619.9
2025-12-17 03:15:00+00:00,1.9284,1.9311,1.9277,1.93,2570298.9
2025-12-17 03:30:00+00:00,1.9301,1.9317,1.9272,1.9304,3052043.3
2025-12-17 03:45:00+00:00,1.9303,1.9307,1.9244,1.9245,2250732.9
2025-12-17 04:00:00+00:00,1.9244,1.9283,1.9244,1.9251,2854798.1
2025-12-17 04:15:00+00:00,1.9252,1.9261,1.9183,1.9209,3192305.9
2025-12-17 04:30:00+00:00,1.9209,1.9238,1.9177,1.9206,2422108.5
2025-12-17 04:45:00+00:00,1.9205,1.9205,1.9167,1.9176,2333861.1
2025-12-17 05:00:00+00:00,1.9176,1.9188,1.909,1.9146,6512263.0
2025-12-17 05:15:00+00:00,1.9145,1.9157,1.9051,1.91,5586075.1
2025-12-17 05:30:00+00:00,1.9099,1.9146,1.9071,1.9138,5134022.9
2025-12-17 05:45:00+00:00,1.9138,1.9211,1.9131,1.9195,4574426.1
2025-12-17 06:00:00+00:00,1.9195,1.9269,1.9192,1.9249,4166154.9
2025-12-17 06:15:00+00:00,1.9249,1.9293,1.9238,1.9253,2291923.8
2025-12-17 06:30:00+00:00,1.9252,1.926,1.9212,1.9219,2786954.1
2025-12-17 06:45:00+00:00,1.9218,1.9223,1.9195,1.9213,1755664.8
2025-12-17 07:00:00+00:00,1.9214,1.9266,1.9185,1.9186,2352067.7
2025-12-17 07:15:00+00:00,1.9186,1.9214,1.9177,1.9205,1812376.8
2025-12-17 07:30:00+00:00,1.9205,1.931,1.9198,1.9244,4199082.9
2025-12-17 07:45:00+00:00,1.9245,1.925,1.922,1.9224,1776231.4
2025-12-17 08:00:00+00:00,1.9224,1.9227,1.9193,1.9199,2040081.1
2025-12-17 08:15:00+00:00,1.9199,1.9212,1.9095,1.9106,3759125.6
2025-12-17 08:30:00+00:00,1.9107,1.9124,1.9069,1.9089,4677051.5
2025-12-17 08:45:00+00:00,1.9089,1.9091,1.9041,1.9066,4250410.5
2025-12-17 09:00:00+00:00,1.9065,1.907,1.9022,1.9035,2691362.7
2025-12-17 09:15:00+00:00,1.9034,1.905,1.8978,1.9005,4905318.7
2025-12-17 09:30:00+00:00,1.9006,1.9045,1.899,1.9039,3918979.9
2025-12-17 09:45:00+00:00,1.904,1.904,1.9008,1.9011,1201165.5
2025-12-17 10:00:00+00:00,1.9012,1.9045,1.8954,1.9033,3552114.3
2025-12-17 10:15:00+00:00,1.9033,1.9063,1.9007,1.9032,2148933.4
2025-12-17 10:30:00+00:00,1.9032,1.908,1.9002,1.9056,2593417.8
2025-12-17 10:45:00+00:00,1.9056,1.9073,1.9028,1.906,3682572.5
2025-12-17 11:00:00+00:00,1.9061,1.9136,1.9051,1.9121,2657623.2
2025-12-17 11:15:00+00:00,1.9121,1.9134,1.9086,1.9088,1613020.4
2025-12-17 11:30:00+00:00,1.9089,1.9137,1.9085,1.9131,1565479.1
2025-12-17 11:45:00+00:00,1.9132,1.9165,1.911,1.9122,2445232.1
2025-12-17 12:00:00+00:00,1.9123,1.9149,1.9101,1.9108,2479691.8
2025-12-17 12:15:00+00:00,1.9107,1.9119,1.9076,1.911,3774007.4
2025-12-17 12:30:00+00:00,1.9111,1.9114,1.9068,1.9073,2593827.2
2025-12-17 12:45:00+00:00,1.9073,1.9115,1.906,1.9103,2295849.2
2025-12-17 13:00:00+00:00,1.9103,1.9169,1.9076,1.9081,4235251.4
2025-12-17 13:15:00+00:00,1.9082,1.909,1.9038,1.9068,5721348.6
2025-12-17 13:30:00+00:00,1.9068,1.9146,1.9053,1.9142,2344726.3
2025-12-17 13:45:00+00:00,1.9141,1.9278,1.9134,1.9199,13106708.1
2025-12-17 14:00:00+00:00,1.92,1.9237,1.9174,1.919,4940550.5
2025-12-17 14:15:00+00:00,1.919,1.9295,1.919,1.9256,7686996.9
2025-12-17 14:30:00+00:00,1.9255,1.9298,1.9141,1.9176,10405932.1
2025-12-17 14:45:00+00:00,1.9176,1.9665,1.9026,1.9628,54844814.2
2025-12-17 15:00:00+00:00,1.9627,1.9833,1.9521,1.9819,45001399.7
2025-12-17 15:15:00+00:00,1.9818,1.9864,1.9614,1.9693,20688324.4
2025-12-17 15:30:00+00:00,1.9692,1.9723,1.9312,1.9364,24451283.3
2025-12-17 15:45:00+00:00,1.9364,1.938,1.9054,1.91,37405429.4
2025-12-17 16:00:00+00:00,1.91,1.922,1.9019,1.9019,14935962.8
2025-12-17 16:15:00+00:00,1.9019,1.9019,1.8779,1.8848,36042068.2
2025-12-17 16:30:00+00:00,1.8848,1.8946,1.878,1.886,13172974.2
2025-12-17 16:45:00+00:00,1.8859,1.8977,1.8834,1.8973,8071683.3
2025-12-17 17:00:00+00:00,1.8972,1.8999,1.8782,1.8837,13990928.9
2025-12-17 17:15:00+00:00,1.8837,1.892,1.8779,1.8854,11661094.4
2025-12-17 17:30:00+00:00,1.8853,1.8879,1.8718,1.8721,8858269.5
2025-12-17 17:45:00+00:00,1.8721,1.8795,1.8691,1.8716,8456684.2
2025-12-17 18:00:00+00:00,1.8717,1.881,1.871,1.8752,6270959.0
2025-12-17 18:15:00+00:00,1.8753,1.8788,1.8691,1.8738,6356326.8
2025-12-17 18:30:00+00:00,1.8737,1.8744,1.8527,1.858,19695973.6
2025-12-17 18:45:00+00:00,1.8581,1.8601,1.8514,1.8572,12315581.1
2025-12-17 19:00:00+00:00,1.8573,1.8593,1.846,1.8508,14227087.5
2025-12-17 19:15:00+00:00,1.8508,1.8583,1.8495,1.8514,7703944.4
2025-12-17 19:30:00+00:00,1.8514,1.8563,1.8462,1.8499,6446821.8
2025-12-17 19:45:00+00:00,1.8498,1.8658,1.8494,1.8639,9496410.4
2025-12-17 20:00:00+00:00,1.8639,1.8653,1.8564,1.859,5501105.8
2025-12-17 20:15:00+00:00,1.859,1.8827,1.8588,1.8816,10459808.4
2025-12-17 20:30:00+00:00,1.8815,1.8829,1.8731,1.8805,9290014.7
2025-12-17 20:45:00+00:00,1.8806,1.8819,1.8726,1.8757,9901482.2
2025-12-17 21:00:00+00:00,1.8757,1.8767,1.8702,1.8713,3727488.2
2025-12-17 21:15:00+00:00,1.8713,1.8719,1.862,1.8639,5825057.0
2025-12-17 21:30:00+00:00,1.864,1.866,1.8581,1.8635,4064721.8
2025-12-17 21:45:00+00:00,1.8635,1.8636,1.8577,1.8625,3029269.3
2025-12-17 22:00:00+00:00,1.8625,1.866,1.8537,1.8615,4698334.3
2025-12-17 22:15:00+00:00,1.8616,1.8715,1.8576,1.8667,4367743.3
2025-12-17 22:30:00+00:00,1.8666,1.8681,1.8601,1.8631,2023215.6
2025-12-17 22:45:00+00:00,1.863,1.8706,1.8623,1.867,1444936.7
2025-12-17 23:00:00+00:00,1.867,1.8673,1.8573,1.8577,3697602.8
2025-12-17 23:15:00+00:00,1.8578,1.8589,1.8553,1.8574,2751571.1
2025-12-17 23:30:00+00:00,1.8573,1.8619,1.8566,1.861,2025731.3
2025-12-17 23:45:00+00:00,1.8609,1.8623,1.86,1.8614,1837377.7
2025-12-18 00:00:00+00:00,1.8613,1.8636,1.8582,1.8595,3252241.0
2025-12-18 00:15:00+00:00,1.8595,1.8684,1.8582,1.867,4274946.4
2025-12-18 00:30:00+00:00,1.867,1.8684,1.8631,1.8639,2625439.7
2025-12-18 00:45:00+00:00,1.8638,1.869,1.8635,1.868,2037007.2
2025-12-18 01:00:00+00:00,1.868,1.8682,1.8525,1.8561,5627816.2
2025-12-18 01:15:00+00:00,1.8561,1.8601,1.8524,1.8563,3090466.3
2025-12-18 01:30:00+00:00,1.8562,1.8598,1.8527,1.8558,2356526.7
2025-12-18 01:45:00+00:00,1.8558,1.8585,1.8505,1.8549,3528980.4
2025-12-18 02:00:00+00:00,1.855,1.8656,1.8521,1.8632,4273957.9
2025-12-18 02:15:00+00:00,1.8632,1.8714,1.8573,1.8619,7088253.3
2025-12-18 02:30:00+00:00,1.8618,1.8663,1.8611,1.8654,2770897.6
2025-12-18 02:45:00+00:00,1.8654,1.8671,1.8615,1.8624,2295588.0
2025-12-18 03:00:00+00:00,1.8624,1.8634,1.859,1.8594,2160854.0
2025-12-18 03:15:00+00:00,1.8593,1.8593,1.8521,1.8528,3481611.1
2025-12-18 03:30:00+00:00,1.8528,1.856,1.8507,1.8538,4253353.4
2025-12-18 03:45:00+00:00,1.8537,1.8558,1.853,1.8548,1458141.2
2025-12-18 04:00:00+00:00,1.8547,1.8608,1.8535,1.8573,3319131.5
2025-12-18 04:15:00+00:00,1.8573,1.8601,1.8559,1.8569,1630123.4
2025-12-18 04:30:00+00:00,1.8569,1.8592,1.8541,1.8565,2196305.1
2025-12-18 04:45:00+00:00,1.8565,1.8567,1.8522,1.8528,2203175.1
2025-12-18 05:00:00+00:00,1.8528,1.8531,1.8409,1.8428,9398768.3
2025-12-18 05:15:00+00:00,1.8428,1.8438,1.8357,1.8359,9180541.9
2025-12-18 05:30:00+00:00,1.836,1.8419,1.8303,1.839,11405176.6
2025-12-18 05:45:00+00:00,1.8391,1.8396,1.829,1.8305,6288410.2
2025-12-18 06:00:00+00:00,1.8304,1.8353,1.8287,1.8339,6318662.7
2025-12-18 06:15:00+00:00,1.8339,1.8356,1.8305,1.8314,2522868.3
2025-12-18 06:30:00+00:00,1.8314,1.8343,1.8291,1.83,2496018.5
2025-12-18 06:45:00+00:00,1.83,1.8338,1.8253,1.8322,4404406.9
2025-12-18 07:00:00+00:00,1.8323,1.841,1.8322,1.8409,6355556.1
2025-12-18 07:15:00+00:00,1.8409,1.8431,1.8392,1.8429,3045926.7
2025-12-18 07:30:00+00:00,1.8429,1.8429,1.8349,1.8354,3328667.9
2025-12-18 07:45:00+00:00,1.8354,1.8404,1.8346,1.8403,3313501.7
2025-12-18 08:00:00+00:00,1.8403,1.8419,1.8367,1.8409,3983455.9
2025-12-18 08:15:00+00:00,1.841,1.8484,1.8382,1.8451,6287958.4
2025-12-18 08:30:00+00:00,1.8451,1.8489,1.8432,1.8455,3407863.7
2025-12-18 08:45:00+00:00,1.8456,1.8536,1.8444,1.8531,10029959.8
2025-12-18 09:00:00+00:00,1.8531,1.8555,1.8477,1.8516,5999078.1
2025-12-18 09:15:00+00:00,1.8516,1.8574,1.8504,1.8573,3304157.6
2025-12-18 09:30:00+00:00,1.8573,1.8675,1.8564,1.8674,6890740.9
2025-12-18 09:45:00+00:00,1.8674,1.8713,1.8666,1.8685,5328532.6
2025-12-18 10:00:00+00:00,1.8684,1.8774,1.8675,1.8764,5299601.0
2025-12-18 10:15:00+00:00,1.8764,1.8794,1.8719,1.8767,3578193.5
2025-12-18 10:30:00+00:00,1.8768,1.8796,1.8714,1.875,4905147.8
2025-12-18 10:45:00+00:00,1.8749,1.8766,1.8726,1.8758,2789616.1
2025-12-18 11:00:00+00:00,1.8758,1.8769,1.8701,1.8714,7090093.8
2025-12-18 11:15:00+00:00,1.8714,1.8723,1.8654,1.8672,5541677.2
2025-12-18 11:30:00+00:00,1.8673,1.8698,1.8657,1.8691,2671867.4
2025-12-18 11:45:00+00:00,1.869,1.8772,1.8685,1.8772,3130704.4
2025-12-18 12:00:00+00:00,1.8773,1.8792,1.8713,1.8714,4356361.0
2025-12-18 12:15:00+00:00,1.8714,1.8784,1.8709,1.875,2695231.9
2025-12-18 12:30:00+00:00,1.875,1.8877,1.875,1.8852,7034763.1
2025-12-18 12:45:00+00:00,1.8851,1.8872,1.8797,1.8813,3376509.9
2025-12-18 13:00:00+00:00,1.8813,1.8976,1.8811,1.8955,10697170.6
2025-12-18 13:15:00+00:00,1.8956,1.8973,1.8891,1.8906,7534815.6
2025-12-18 13:30:00+00:00,1.8906,1.9187,1.8906,1.9166,30853914.2
2025-12-18 13:45:00+00:00,1.9166,1.9232,1.9121,1.9126,23173097.2
2025-12-18 14:00:00+00:00,1.9127,1.9254,1.8904,1.8922,26161100.8
2025-12-18 14:15:00+00:00,1.8922,1.9125,1.8919,1.9085,12682369.6
2025-12-18 14:30:00+00:00,1.9086,1.9208,1.89,1.8931,26414979.1
2025-12-18 14:45:00+00:00,1.8931,1.9044,1.8882,1.9016,8926239.3
2025-12-18 15:00:00+00:00,1.9016,1.9105,1.8947,1.8991,8934534.3
2025-12-18 15:15:00+00:00,1.8992,1.9194,1.8958,1.9183,9520889.5
2025-12-18 15:30:00+00:00,1.9184,1.9333,1.9118,1.9275,24631184.9
2025-12-18 15:45:00+00:00,1.9275,1.9276,1.9148,1.919,11446764.5
2025-12-18 16:00:00+00:00,1.9189,1.9201,1.9112,1.9113,7505093.8
2025-12-18 16:15:00+00:00,1.9113,1.9167,1.9046,1.908,10116563.2
2025-12-18 16:30:00+00:00,1.908,1.9138,1.9049,1.9126,4716020.5
2025-12-18 16:45:00+00:00,1.9127,1.914,1.9073,1.9095,3396617.8
2025-12-18 17:00:00+00:00,1.9095,1.9099,1.8657,1.8681,27421151.8
2025-12-18 17:15:00+00:00,1.8681,1.8681,1.8375,1.8526,39535961.5
2025-12-18 17:30:00+00:00,1.8526,1.8721,1.8456,1.8695,14502047.9
2025-12-18 17:45:00+00:00,1.8695,1.8716,1.8599,1.8657,8049795.0
2025-12-18 18:00:00+00:00,1.8657,1.876,1.8606,1.872,7874336.6
2025-12-18 18:15:00+00:00,1.872,1.8732,1.8559,1.8584,5862845.4
2025-12-18 18:30:00+00:00,1.8585,1.865,1.8568,1.8592,4572796.4
2025-12-18 18:45:00+00:00,1.8592,1.8593,1.8389,1.8425,12726094.2
2025-12-18 19:00:00+00:00,1.8425,1.8452,1.8276,1.8337,16841419.0
2025-12-18 19:15:00+00:00,1.8337,1.8407,1.8264,1.8334,11392048.4
2025-12-18 19:30:00+00:00,1.8334,1.8369,1.8106,1.8136,19248492.9
2025-12-18 19:45:00+00:00,1.8136,1.816,1.7987,1.8052,26408513.5
2025-12-18 20:00:00+00:00,1.8052,1.822,1.8039,1.8184,12987497.4
2025-12-18 20:15:00+00:00,1.8183,1.8203,1.8096,1.8123,8308364.2
2025-12-18 20:30:00+00:00,1.8123,1.814,1.807,1.8073,7486178.2
2025-12-18 20:45:00+00:00,1.8073,1.8107,1.7975,1.8004,17907620.2
2025-12-18 21:00:00+00:00,1.8,1.8173,1.8,1.8146,14354389.9
2025-12-18 21:15:00+00:00,1.8145,1.8201,1.8084,1.8181,15916946.5
2025-12-18 21:30:00+00:00,1.818,1.8226,1.8092,1.8126,8847988.2
2025-12-18 21:45:00+00:00,1.8125,1.8194,1.8111,1.8186,4286071.5
2025-12-18 22:00:00+00:00,1.8185,1.8239,1.8152,1.8171,6140994.5
2025-12-18 22:15:00+00:00,1.8171,1.8194,1.8129,1.8185,2736303.7
2025-12-18 22:30:00+00:00,1.8186,1.8216,1.8137,1.816,3036639.7
2025-12-18 22:45:00+00:00,1.816,1.8198,1.8148,1.8177,1268545.9
2025-12-18 23:00:00+00:00,1.8177,1.8179,1.8102,1.8146,4262236.0
2025-12-18 23:15:00+00:00,1.8145,1.8146,1.8085,1.8095,3828183.2
2025-12-18 23:30:00+00:00,1.8094,1.813,1.8063,1.8069,2684858.7
2025-12-18 23:45:00+00:00,1.8069,1.8097,1.8056,1.8067,2971887.1
2025-12-19 00:00:00+00:00,1.8067,1.8107,1.8032,1.8058,6858700.8
2025-12-19 00:15:00+00:00,1.8057,1.8074,1.7877,1.7879,11548136.3
2025-12-19 00:30:00+00:00,1.788,1.791,1.7808,1.7812,12341563.6
2025-12-19 00:45:00+00:00,1.7812,1.7941,1.7801,1.792,7556663.8
2025-12-19 01:00:00+00:00,1.792,1.7921,1.78,1.7844,6381845.0
2025-12-19 01:15:00+00:00,1.7843,1.7903,1.775,1.7752,7290885.4
2025-12-19 01:30:00+00:00,1.7752,1.7777,1.7707,1.7733,8275726.4
2025-12-19 01:45:00+00:00,1.7734,1.7833,1.7703,1.7818,5640347.8
2025-12-19 02:00:00+00:00,1.7817,1.7817,1.7731,1.7755,7024586.6
2025-12-19 02:15:00+00:00,1.7755,1.7875,1.7733,1.7848,6805966.8
2025-12-19 02:30:00+00:00,1.7847,1.7862,1.7784,1.7856,5832462.5
2025-12-19 02:45:00+00:00,1.7857,1.7979,1.7853,1.793,10567427.6
2025-12-19 03:00:00+00:00,1.793,1.8189,1.7927,1.8164,19718480.5
2025-12-19 03:15:00+00:00,1.8163,1.8427,1.8034,1.8401,26803175.6
2025-12-19 03:30:00+00:00,1.84,1.8524,1.8306,1.8409,22744113.7
2025-12-19 03:45:00+00:00,1.8409,1.8525,1.835,1.839,12528519.7
2025-12-19 04:00:00+00:00,1.839,1.8485,1.8367,1.8475,11458773.6
2025-12-19 04:15:00+00:00,1.8474,1.8489,1.8412,1.8445,3901533.4
2025-12-19 04:30:00+00:00,1.8446,1.8481,1.8358,1.8396,9482903.4
2025-12-19 04:45:00+00:00,1.8396,1.8429,1.8379,1.8388,3075207.8
2025-12-19 05:00:00+00:00,1.8389,1.8395,1.8276,1.8331,10259150.1
2025-12-19 05:15:00+00:00,1.8332,1.8334,1.8248,1.8282,7318144.7
2025-12-19 05:30:00+00:00,1.8281,1.8331,1.8255,1.8292,3765250.9
2025-12-19 05:45:00+00:00,1.8293,1.8334,1.8264,1.8273,4762262.0
2025-12-19 06:00:00+00:00,1.8274,1.8347,1.8241,1.8319,5409659.7
2025-12-19 06:15:00+00:00,1.8319,1.8361,1.8281,1.8358,4397842.6
2025-12-19 06:30:00+00:00,1.8359,1.8446,1.8339,1.844,5259054.8
2025-12-19 06:45:00+00:00,1.8441,1.8509,1.8382,1.85,7413912.8
2025-12-19 07:00:00+00:00,1.85,1.8758,1.8499,1.8687,16603255.9
2025-12-19 07:15:00+00:00,1.8686,1.8712,1.8602,1.8619,13812680.7
2025-12-19 07:30:00+00:00,1.862,1.8667,1.8579,1.8644,6946981.9
2025-12-19 07:45:00+00:00,1.8644,1.8668,1.8622,1.8665,3714615.2
2025-12-19 08:00:00+00:00,1.8665,1.8694,1.8612,1.8629,4824747.2
2025-12-19 08:15:00+00:00,1.8629,1.8664,1.8584,1.8589,3968706.1
2025-12-19 08:30:00+00:00,1.8589,1.8698,1.8587,1.8663,5123274.1
2025-12-19 08:45:00+00:00,1.8663,1.871,1.8654,1.8656,4674537.9
2025-12-19 09:00:00+00:00,1.8656,1.869,1.8631,1.8661,3428583.6
2025-12-19 09:15:00+00:00,1.8661,1.8674,1.8641,1.8647,2298275.1
2025-12-19 09:30:00+00:00,1.8648,1.8682,1.8612,1.864,3723422.6
2025-12-19 09:45:00+00:00,1.8641,1.8648,1.861,1.8644,2885573.3
2025-12-19 10:00:00+00:00,1.8644,1.8686,1.8605,1.8671,4624597.4
2025-12-19 10:15:00+00:00,1.8671,1.8684,1.8618,1.8631,4139130.3
2025-12-19 10:30:00+00:00,1.8632,1.8662,1.8631,1.8645,2279184.9
2025-12-19 10:45:00+00:00,1.8645,1.867,1.8634,1.8664,2550295.8
2025-12-19 11:00:00+00:00,1.8665,1.8687,1.8628,1.8678,2927174.7
2025-12-19 11:15:00+00:00,1.8678,1.8682,1.8645,1.8666,2282213.6
2025-12-19 11:30:00+00:00,1.8667,1.871,1.8647,1.8695,4929246.3
2025-12-19 11:45:00+00:00,1.8695,1.8711,1.8687,1.8696,1937321.3
2025-12-19 12:00:00+00:00,1.8697,1.874,1.8648,1.8724,5482368.4
2025-12-19 12:15:00+00:00,1.8724,1.8752,1.8699,1.8729,3510064.7
2025-12-19 12:30:00+00:00,1.873,1.88,1.8706,1.8778,7853169.3
2025-12-19 12:45:00+00:00,1.8778,1.8872,1.8765,1.8792,11512341.3
2025-12-19 13:00:00+00:00,1.8791,1.8834,1.877,1.8824,3645353.0
2025-12-19 13:15:00+00:00,1.8825,1.8842,1.8786,1.8789,2909012.9
2025-12-19 13:30:00+00:00,1.879,1.879,1.8688,1.8725,7932371.3
2025-12-19 13:45:00+00:00,1.8725,1.8725,1.8621,1.8665,9226919.5
2025-12-19 14:00:00+00:00,1.8665,1.8791,1.8647,1.8762,5725079.2
2025-12-19 14:15:00+00:00,1.8763,1.8807,1.8646,1.8711,7339057.8
2025-12-19 14:30:00+00:00,1.8711,1.8887,1.8627,1.8881,16055263.5
2025-12-19 14:45:00+00:00,1.8881,1.8899,1.8701,1.8763,16690728.4
2025-12-19 15:00:00+00:00,1.8762,1.888,1.8734,1.8851,8141613.4
2025-12-19 15:15:00+00:00,1.8851,1.9043,1.8733,1.8768,29784094.3
2025-12-19 15:30:00+00:00,1.8768,1.8838,1.8706,1.8784,9120304.5
2025-12-19 15:45:00+00:00,1.8784,1.8795,1.8722,1.8746,5869109.8
2025-12-19 16:00:00+00:00,1.8746,1.8928,1.8731,1.8901,9305203.5
2025-12-19 16:15:00+00:00,1.89,1.8934,1.8861,1.8893,4629030.0
2025-12-19 16:30:00+00:00,1.8893,1.9022,1.8876,1.8937,9581525.5
2025-12-19 16:45:00+00:00,1.8936,1.8958,1.8843,1.8877,8177306.1
2025-12-19 17:00:00+00:00,1.8877,1.9073,1.8872,1.9025,15047117.9
2025-12-19 17:15:00+00:00,1.9025,1.9075,1.8904,1.8905,12391878.1
2025-12-19 17:30:00+00:00,1.8906,1.8935,1.8769,1.8804,13292139.5
2025-12-19 17:45:00+00:00,1.8803,1.8899,1.8722,1.873,12535767.7
2025-12-19 18:00:00+00:00,1.8729,1.8819,1.8729,1.8818,4661864.4
2025-12-19 18:15:00+00:00,1.8819,1.891,1.8797,1.8892,5727798.6
2025-12-19 18:30:00+00:00,1.8891,1.8903,1.8844,1.8878,2703426.7
2025-12-19 18:45:00+00:00,1.8877,1.8978,1.8848,1.893,7636262.9
2025-12-19 19:00:00+00:00,1.893,1.902,1.893,1.8996,4924255.6
2025-12-19 19:15:00+00:00,1.8995,1.9109,1.8989,1.9071,8561119.6
2025-12-19 19:30:00+00:00,1.907,1.917,1.9049,1.9164,10802157.9
2025-12-19 19:45:00+00:00,1.9164,1.9175,1.9055,1.9068,5385793.1
2025-12-19 20:00:00+00:00,1.9068,1.9114,1.9052,1.9088,4408316.1
2025-12-19 20:15:00+00:00,1.9087,1.9171,1.9073,1.911,6265126.5
2025-12-19 20:30:00+00:00,1.9109,1.9214,1.9079,1.9098,7799488.2
2025-12-19 20:45:00+00:00,1.9099,1.9155,1.9025,1.9092,17608377.1
2025-12-19 21:00:00+00:00,1.9092,1.9092,1.9038,1.9064,4051840.9
2025-12-19 21:15:00+00:00,1.9065,1.9112,1.9048,1.905,2111802.9
2025-12-19 21:30:00+00:00,1.905,1.9088,1.9043,1.9047,1796218.6
2025-12-19 21:45:00+00:00,1.9048,1.9057,1.8993,1.9017,3739035.1
2025-12-19 22:00:00+00:00,1.9017,1.9085,1.9,1.903,2623268.3
2025-12-19 22:15:00+00:00,1.903,1.909,1.9029,1.9083,1818330.5
2025-12-19 22:30:00+00:00,1.9083,1.9098,1.9056,1.909,1692594.6
2025-12-19 22:45:00+00:00,1.909,1.9101,1.9063,1.9067,1069331.5
2025-12-19 23:00:00+00:00,1.9066,1.9066,1.9017,1.902,3121669.6
2025-12-19 23:15:00+00:00,1.9019,1.9064,1.9018,1.9042,3387591.8
2025-12-19 23:30:00+00:00,1.9043,1.9056,1.9013,1.9049,1836119.0
2025-12-19 23:45:00+00:00,1.905,1.9088,1.9046,1.9082,2085313.1
2025-12-20 00:00:00+00:00,1.9083,1.9091,1.9006,1.907,4875799.7
2025-12-20 00:15:00+00:00,1.907,1.9088,1.9036,1.9076,2472535.1
2025-12-20 00:30:00+00:00,1.9076,1.9085,1.9032,1.9032,1729855.7
2025-12-20 00:45:00+00:00,1.9032,1.9075,1.9003,1.9054,4567068.6
2025-12-20 01:00:00+00:00,1.9053,1.9063,1.9022,1.9023,1109993.4
2025-12-20 01:15:00+00:00,1.9023,1.9057,1.9006,1.9023,2245465.2
2025-12-20 01:30:00+00:00,1.9023,1.9039,1.901,1.9011,1166595.1
2025-12-20 01:45:00+00:00,1.901,1.9036,1.9008,1.9017,1502257.4
2025-12-20 02:00:00+00:00,1.9017,1.9022,1.8972,1.8981,2500149.2
2025-12-20 02:15:00+00:00,1.8981,1.9015,1.8956,1.8965,2417409.9
2025-12-20 02:30:00+00:00,1.8965,1.9008,1.8923,1.9003,7001609.4
2025-12-20 02:45:00+00:00,1.9003,1.9003,1.8955,1.8966,1998533.4
2025-12-20 03:00:00+00:00,1.8966,1.8988,1.8941,1.8948,1706993.9
2025-12-20 03:15:00+00:00,1.8948,1.9,1.8945,1.8994,1452980.3
2025-12-20 03:30:00+00:00,1.8994,1.9068,1.8994,1.9043,3821106.0
2025-12-20 03:45:00+00:00,1.9043,1.9054,1.9028,1.9031,1038037.0
2025-12-20 04:00:00+00:00,1.903,1.9053,1.8975,1.8993,4027320.1
2025-12-20 04:15:00+00:00,1.8993,1.902,1.899,1.9007,1263548.7
2025-12-20 04:30:00+00:00,1.9008,1.903,1.9004,1.9026,1307732.4
2025-12-20 04:45:00+00:00,1.9025,1.9066,1.9019,1.9033,1562647.6
2025-12-20 05:00:00+00:00,1.9034,1.9061,1.9033,1.9054,1672864.5
2025-12-20 05:15:00+00:00,1.9054,1.9113,1.9053,1.9112,3091804.1
2025-12-20 05:30:00+00:00,1.9111,1.9176,1.9097,1.9141,4357636.4
2025-12-20 05:45:00+00:00,1.9141,1.9142,1.9118,1.9129,1815073.5
2025-12-20 06:00:00+00:00,1.9129,1.9157,1.912,1.9152,1488393.5
2025-12-20 06:15:00+00:00,1.9152,1.9152,1.9134,1.9143,931177.3
2025-12-20 06:30:00+00:00,1.9143,1.9155,1.9133,1.9145,1266970.3
2025-12-20 06:45:00+00:00,1.9145,1.916,1.9128,1.9159,1513557.2
2025-12-20 07:00:00+00:00,1.9158,1.9177,1.908,1.9095,3390158.2
2025-12-20 07:15:00+00:00,1.9096,1.9096,1.9055,1.9096,2104748.5
2025-12-20 07:30:00+00:00,1.9096,1.9132,1.9081,1.9122,1810018.6
2025-12-20 07:45:00+00:00,1.9122,1.914,1.912,1.9131,926973.2
2025-12-20 08:00:00+00:00,1.9131,1.9191,1.9129,1.9179,3928047.4
2025-12-20 08:15:00+00:00,1.918,1.9273,1.9171,1.9272,6724341.7
2025-12-20 08:30:00+00:00,1.9273,1.9388,1.9267,1.9319,12334781.5
2025-12-20 08:45:00+00:00,1.9318,1.936,1.9271,1.9285,4731603.4
2025-12-20 09:00:00+00:00,1.9285,1.9362,1.9283,1.932,4198529.7
2025-12-20 09:15:00+00:00,1.9321,1.9414,1.9311,1.9403,5579093.5
2025-12-20 09:30:00+00:00,1.9404,1.9577,1.9404,1.9549,17255368.0
2025-12-20 09:45:00+00:00,1.9549,1.9554,1.9456,1.948,5985986.7
2025-12-20 10:00:00+00:00,1.948,1.9558,1.948,1.9512,5474045.2
2025-12-20 10:15:00+00:00,1.9511,1.9525,1.9443,1.9457,5053619.9
2025-12-20 10:30:00+00:00,1.9456,1.9484,1.9385,1.9477,9335737.4
2025-12-20 10:45:00+00:00,1.9477,1.9486,1.939,1.9394,2664774.6
2025-12-20 11:00:00+00:00,1.9394,1.9415,1.9305,1.9316,8558167.9
2025-12-20 11:15:00+00:00,1.9315,1.9423,1.9302,1.9389,9966092.8
2025-12-20 11:30:00+00:00,1.9389,1.9417,1.938,1.9412,3005530.0
2025-12-20 11:45:00+00:00,1.9411,1.9441,1.9398,1.9425,2929216.8
2025-12-20 12:00:00+00:00,1.9425,1.947,1.9415,1.9449,3182196.6
2025-12-20 12:15:00+00:00,1.9449,1.9458,1.9404,1.9414,2127960.9
2025-12-20 12:30:00+00:00,1.9414,1.943,1.938,1.9406,2938381.5
2025-12-20 12:45:00+00:00,1.9405,1.9417,1.9392,1.9401,1437331.1
2025-12-20 13:00:00+00:00,1.94,1.9423,1.9284,1.9297,7005601.7
2025-12-20 13:15:00+00:00,1.9296,1.9319,1.9193,1.9201,14991081.2
2025-12-20 13:30:00+00:00,1.92,1.9286,1.9192,1.9279,6512597.4
2025-12-20 13:45:00+00:00,1.9279,1.9311,1.9268,1.9272,3319268.7
2025-12-20 14:00:00+00:00,1.9272,1.9272,1.9195,1.9219,4123992.3
2025-12-20 14:15:00+00:00,1.9219,1.9244,1.9214,1.9226,1888667.2
2025-12-20 14:30:00+00:00,1.9225,1.9249,1.9194,1.9246,2874911.2
2025-12-20 14:45:00+00:00,1.9245,1.9295,1.9238,1.9279,3436504.3
2025-12-20 15:00:00+00:00,1.928,1.9333,1.9242,1.9328,3092433.5
2025-12-20 15:15:00+00:00,1.9328,1.9345,1.9132,1.9199,18431597.4
2025-12-20 15:30:00+00:00,1.9198,1.9232,1.9188,1.9206,3273150.7
2025-12-20 15:45:00+00:00,1.9205,1.9221,1.9185,1.9204,1966726.9
2025-12-20 16:00:00+00:00,1.9204,1.9256,1.9196,1.925,4026631.0
2025-12-20 16:15:00+00:00,1.9249,1.9298,1.9228,1.9256,5773312.2
2025-12-20 16:30:00+00:00,1.9256,1.9293,1.9231,1.9248,2016017.4
2025-12-20 16:45:00+00:00,1.9248,1.9279,1.9246,1.9279,1249884.2
2025-12-20 17:00:00+00:00,1.9279,1.9308,1.9239,1.9257,2020499.4
2025-12-20 17:15:00+00:00,1.9257,1.9268,1.9222,1.9223,1653935.5
2025-12-20 17:30:00+00:00,1.9222,1.9236,1.9202,1.9223,1592040.7
2025-12-20 17:45:00+00:00,1.9222,1.924,1.9221,1.9234,1155872.3
2025-12-20 18:00:00+00:00,1.9234,1.9254,1.9184,1.9188,2047958.2
2025-12-20 18:15:00+00:00,1.9189,1.9214,1.9188,1.9205,1163678.4
2025-12-20 18:30:00+00:00,1.9205,1.9223,1.9187,1.9204,1063021.3
2025-12-20 18:45:00+00:00,1.9204,1.9256,1.9191,1.9222,1751376.9
2025-12-20 19:00:00+00:00,1.9222,1.9226,1.9189,1.9217,1508631.4
2025-12-20 19:15:00+00:00,1.9217,1.9217,1.9194,1.921,627334.5
2025-12-20 19:30:00+00:00,1.921,1.9222,1.9201,1.9208,555292.2
2025-12-20 19:45:00+00:00,1.9209,1.9255,1.9201,1.9242,1018134.7
2025-12-20 20:00:00+00:00,1.9241,1.9276,1.9227,1.9258,1566239.6
2025-12-20 20:15:00+00:00,1.9258,1.9259,1.924,1.924,980912.7
2025-12-20 20:30:00+00:00,1.924,1.9261,1.9228,1.9235,808039.7
2025-12-20 20:45:00+00:00,1.9236,1.9267,1.9234,1.9264,660745.2
2025-12-20 21:00:00+00:00,1.9264,1.929,1.9245,1.9245,1915072.1
2025-12-20 21:15:00+00:00,1.9246,1.9277,1.9242,1.9253,1244188.5
2025-12-20 21:30:00+00:00,1.9253,1.9301,1.9253,1.9288,1368310.6
2025-12-20 21:45:00+00:00,1.9288,1.9309,1.9269,1.9308,1740081.6
2025-12-20 22:00:00+00:00,1.9308,1.9336,1.9284,1.9316,2163123.6
2025-12-20 22:15:00+00:00,1.9317,1.9318,1.9248,1.9292,1420292.5
2025-12-20 22:30:00+00:00,1.9292,1.9326,1.929,1.9304,1375836.4
2025-12-20 22:45:00+00:00,1.9304,1.937,1.9294,1.9326,1713264.3
2025-12-20 23:00:00+00:00,1.9326,1.9349,1.9299,1.9335,1454535.1
2025-12-20 23:15:00+00:00,1.9336,1.9358,1.9311,1.9329,1294252.7
2025-12-20 23:30:00+00:00,1.933,1.9337,1.9304,1.9309,935667.1
2025-12-20 23:45:00+00:00,1.931,1.9333,1.9295,1.9323,1479257.5
2025-12-21 00:00:00+00:00,1.9324,1.9365,1.9289,1.9294,5567297.2
2025-12-21 00:15:00+00:00,1.9295,1.9388,1.9291,1.9353,2902890.9
2025-12-21 00:30:00+00:00,1.9353,1.9355,1.9298,1.933,2238825.0
2025-12-21 00:45:00+00:00,1.9331,1.9383,1.9325,1.9379,2389923.8
2025-12-21 01:00:00+00:00,1.9379,1.9393,1.9343,1.9352,3198643.0
2025-12-21 01:15:00+00:00,1.9353,1.941,1.9329,1.9409,2711976.8
2025-12-21 01:30:00+00:00,1.9409,1.9409,1.9286,1.9311,4350022.5
2025-12-21 01:45:00+00:00,1.9312,1.9331,1.9268,1.9275,4184039.3
2025-12-21 02:00:00+00:00,1.9275,1.9333,1.9232,1.9248,3899091.6
2025-12-21 02:15:00+00:00,1.9247,1.9247,1.9162,1.9211,4904002.0
2025-12-21 02:30:00+00:00,1.9212,1.9247,1.9168,1.9187,3163570.0
2025-12-21 02:45:00+00:00,1.9188,1.924,1.9181,1.9236,2297169.6
2025-12-21 03:00:00+00:00,1.9236,1.9288,1.9224,1.9274,2510546.6
2025-12-21 03:15:00+00:00,1.9274,1.9376,1.9267,1.9334,6342434.5
2025-12-21 03:30:00+00:00,1.9334,1.9341,1.9285,1.9285,2918157.4
2025-12-21 03:45:00+00:00,1.9285,1.93,1.9279,1.9287,902816.2
2025-12-21 04:00:00+00:00,1.9288,1.9292,1.9252,1.9263,1050118.0
2025-12-21 04:15:00+00:00,1.9264,1.9288,1.926,1.928,980744.0
2025-12-21 04:30:00+00:00,1.928,1.9296,1.9246,1.9248,844872.9
2025-12-21 04:45:00+00:00,1.9249,1.925,1.9232,1.9244,835591.6
2025-12-21 05:00:00+00:00,1.9244,1.9257,1.9228,1.9251,1326636.0
2025-12-21 05:15:00+00:00,1.9251,1.9268,1.9216,1.9231,2489990.6
2025-12-21 05:30:00+00:00,1.9231,1.9234,1.9208,1.9229,1317240.4
2025-12-21 05:45:00+00:00,1.9229,1.923,1.9209,1.9213,896390.8
2025-12-21 06:00:00+00:00,1.9214,1.9229,1.9201,1.9217,1224320.0
2025-12-21 06:15:00+00:00,1.9218,1.9236,1.9187,1.92,1835814.6
2025-12-21 06:30:00+00:00,1.92,1.9215,1.9197,1.9204,894765.0
2025-12-21 06:45:00+00:00,1.9205,1.9217,1.9194,1.9196,893176.4
2025-12-21 07:00:00+00:00,1.9195,1.921,1.9179,1.9205,1188856.7
2025-12-21 07:15:00+00:00,1.9205,1.9278,1.9193,1.9272,2462100.9
2025-12-21 07:30:00+00:00,1.9272,1.9276,1.9229,1.9231,1139040.4
2025-12-21 07:45:00+00:00,1.9232,1.9266,1.9222,1.9243,1223087.1
2025-12-21 08:00:00+00:00,1.9244,1.9248,1.9211,1.9229,1072298.7
2025-12-21 08:15:00+00:00,1.9229,1.9279,1.9225,1.9276,1171734.4
2025-12-21 08:30:00+00:00,1.9275,1.9426,1.927,1.9386,7800376.7
2025-12-21 08:45:00+00:00,1.9387,1.9409,1.9345,1.935,3197146.8
2025-12-21 09:00:00+00:00,1.9351,1.9416,1.9312,1.9386,4232625.4
2025-12-21 09:15:00+00:00,1.9386,1.9436,1.9374,1.941,3588570.4
2025-12-21 09:30:00+00:00,1.9411,1.9485,1.9399,1.943,4920205.4
2025-12-21 09:45:00+00:00,1.943,1.9475,1.9425,1.945,3865303.1
2025-12-21 10:00:00+00:00,1.945,1.949,1.9408,1.9439,3678296.9
2025-12-21 10:15:00+00:00,1.9439,1.9446,1.9352,1.9355,3671905.6
2025-12-21 10:30:00+00:00,1.9356,1.9384,1.9327,1.9358,4005641.8
2025-12-21 10:45:00+00:00,1.9358,1.9362,1.9302,1.9332,2695884.0
2025-12-21 11:00:00+00:00,1.9333,1.9336,1.9305,1.931,2066000.1
2025-12-21 11:15:00+00:00,1.931,1.9353,1.9305,1.9346,2738350.4
2025-12-21 11:30:00+00:00,1.9347,1.935,1.9315,1.9325,1604853.9
2025-12-21 11:45:00+00:00,1.9325,1.9337,1.9307,1.9327,907225.9
2025-12-21 12:00:00+00:00,1.9328,1.9374,1.9315,1.9341,2447146.9
2025-12-21 12:15:00+00:00,1.9342,1.9373,1.9331,1.9355,2131001.0
2025-12-21 12:30:00+00:00,1.9355,1.9371,1.9263,1.9274,4641582.3
2025-12-21 12:45:00+00:00,1.9274,1.9304,1.9255,1.9285,2887225.4
2025-12-21 13:00:00+00:00,1.9285,1.9288,1.9122,1.9152,16107670.9
2025-12-21 13:15:00+00:00,1.9153,1.9157,1.9044,1.9076,14810821.0
2025-12-21 13:30:00+00:00,1.9076,1.9106,1.8971,1.8996,17987071.2
2025-12-21 13:45:00+00:00,1.8996,1.902,1.8937,1.898,8106356.2
2025-12-21 14:00:00+00:00,1.898,1.914,1.8958,1.9022,17146438.9
2025-12-21 14:15:00+00:00,1.9023,1.9081,1.9022,1.9043,5062267.7
2025-12-21 14:30:00+00:00,1.9044,1.9069,1.8988,1.9043,3186548.2
2025-12-21 14:45:00+00:00,1.9042,1.9067,1.9011,1.9064,1604296.6
2025-12-21 15:00:00+00:00,1.9064,1.9067,1.8982,1.8996,3163547.8
2025-12-21 15:15:00+00:00,1.8996,1.902,1.8984,1.9003,2343821.3
2025-12-21 15:30:00+00:00,1.9003,1.9042,1.8982,1.9011,2223159.4
2025-12-21 15:45:00+00:00,1.9012,1.9085,1.9005,1.9037,3851478.1
2025-12-21 16:00:00+00:00,1.9037,1.9038,1.8982,1.8992,5144889.4
2025-12-21 16:15:00+00:00,1.8992,1.9078,1.8984,1.9044,2996910.2
2025-12-21 16:30:00+00:00,1.9044,1.9057,1.9036,1.904,1275277.3
2025-12-21 16:45:00+00:00,1.9039,1.9075,1.9029,1.9068,1858443.3
2025-12-21 17:00:00+00:00,1.9069,1.9176,1.9055,1.9158,9447461.4
2025-12-21 17:15:00+00:00,1.9158,1.9159,1.9075,1.9085,5224101.4
2025-12-21 17:30:00+00:00,1.9086,1.9117,1.9064,1.9115,4060857.1
2025-12-21 17:45:00+00:00,1.9115,1.9115,1.9061,1.9072,2636611.4
2025-12-21 18:00:00+00:00,1.9072,1.9078,1.9009,1.9026,3708771.8
2025-12-21 18:15:00+00:00,1.9026,1.9065,1.9022,1.906,1170346.0
2025-12-21 18:30:00+00:00,1.906,1.9102,1.9056,1.9083,2202554.7
2025-12-21 18:45:00+00:00,1.9082,1.9126,1.9082,1.9116,1812011.6
2025-12-21 19:00:00+00:00,1.9116,1.9156,1.9115,1.9146,2279490.2
2025-12-21 19:15:00+00:00,1.9146,1.9156,1.9117,1.9125,1208594.1
2025-12-21 19:30:00+00:00,1.9125,1.9143,1.9077,1.9142,1911647.5
2025-12-21 19:45:00+00:00,1.9142,1.9187,1.9135,1.9171,3065889.2
2025-12-21 20:00:00+00:00,1.9171,1.9171,1.9109,1.911,1492858.5
2025-12-21 20:15:00+00:00,1.911,1.9136,1.9108,1.9126,1070521.8
2025-12-21 20:30:00+00:00,1.9126,1.915,1.9126,1.9143,721045.1
2025-12-21 20:45:00+00:00,1.9144,1.9146,1.911,1.911,886121.7
2025-12-21 21:00:00+00:00,1.9111,1.9125,1.9084,1.9116,1489463.8
2025-12-21 21:15:00+00:00,1.9115,1.9161,1.9109,1.9152,2012130.3
2025-12-21 21:30:00+00:00,1.9152,1.9181,1.911,1.9116,1786690.9
2025-12-21 21:45:00+00:00,1.9116,1.9116,1.9061,1.9064,1947306.3
2025-12-21 22:00:00+00:00,1.9065,1.9132,1.9046,1.9126,2075979.3
2025-12-21 22:15:00+00:00,1.9126,1.9158,1.9074,1.911,1419663.0
2025-12-21 22:30:00+00:00,1.911,1.9162,1.9097,1.9155,1443420.2
2025-12-21 22:45:00+00:00,1.9154,1.9176,1.9147,1.9168,1708445.1
2025-12-21 23:00:00+00:00,1.9168,1.925,1.9168,1.9224,5107851.1
2025-12-21 23:15:00+00:00,1.9225,1.9261,1.9189,1.92,5046417.1
2025-12-21 23:30:00+00:00,1.92,1.9245,1.9173,1.9227,1961470.1
2025-12-21 23:45:00+00:00,1.9227,1.9242,1.9201,1.9211,1207523.5
2025-12-22 00:00:00+00:00,1.9212,1.9443,1.9208,1.9435,10743602.6
2025-12-22 00:15:00+00:00,1.9435,1.9488,1.9254,1.9302,13784571.7
2025-12-22 00:30:00+00:00,1.9303,1.936,1.9264,1.9298,5448986.6
2025-12-22 00:45:00+00:00,1.9298,1.9336,1.923,1.923,3165669.3
2025-12-22 01:00:00+00:00,1.9231,1.9301,1.922,1.9286,3781463.9
2025-12-22 01:15:00+00:00,1.9287,1.9362,1.9287,1.932,2986577.0
2025-12-22 01:30:00+00:00,1.932,1.9364,1.9314,1.9315,2632653.0
2025-12-22 01:45:00+00:00,1.9314,1.9328,1.9189,1.9191,5297227.6
2025-12-22 02:00:00+00:00,1.9191,1.9203,1.9016,1.9103,12163760.5
2025-12-22 02:15:00+00:00,1.9103,1.9147,1.9067,1.9118,3416081.3
2025-12-22 02:30:00+00:00,1.9118,1.9183,1.911,1.9155,2331296.2
2025-12-22 02:45:00+00:00,1.9155,1.9195,1.9155,1.9183,1627976.3
2025-12-22 03:00:00+00:00,1.9182,1.9205,1.9121,1.9178,2946484.7
2025-12-22 03:15:00+00:00,1.9178,1.9244,1.9168,1.9229,2463287.8
2025-12-22 03:30:00+00:00,1.9228,1.9257,1.919,1.9202,2731116.7
2025-12-22 03:45:00+00:00,1.9201,1.9232,1.919,1.9193,1493224.0
2025-12-22 04:00:00+00:00,1.9193,1.9215,1.9172,1.9181,2047204.7
2025-12-22 04:15:00+00:00,1.9181,1.9235,1.9176,1.9226,2202382.4
2025-12-22 04:30:00+00:00,1.9225,1.9232,1.9171,1.9209,2323966.8
2025-12-22 04:45:00+00:00,1.9209,1.9255,1.92,1.9239,3476817.3
2025-12-22 05:00:00+00:00,1.924,1.9278,1.9235,1.9258,2461808.3
2025-12-22 05:15:00+00:00,1.9257,1.9273,1.9193,1.9196,3640908.0
2025-12-22 05:30:00+00:00,1.9195,1.9224,1.9173,1.9199,2229991.2
2025-12-22 05:45:00+00:00,1.9198,1.9219,1.9185,1.9192,1591788.8
2025-12-22 06:00:00+00:00,1.9192,1.9195,1.9126,1.9133,3050560.7
2025-12-22 06:15:00+00:00,1.9133,1.9188,1.913,1.9161,2112641.1
2025-12-22 06:30:00+00:00,1.9161,1.9189,1.9148,1.9189,1911656.8
2025-12-22 06:45:00+00:00,1.9189,1.9208,1.9168,1.9171,1924695.1
2025-12-22 07:00:00+00:00,1.917,1.9272,1.9158,1.9241,3701127.9
2025-12-22 07:15:00+00:00,1.9241,1.9249,1.9221,1.9236,1426194.8
2025-12-22 07:30:00+00:00,1.9236,1.9284,1.9221,1.9277,2375633.5
2025-12-22 07:45:00+00:00,1.9276,1.9277,1.9251,1.9263,1266756.6
2025-12-22 08:00:00+00:00,1.9263,1.9295,1.9221,1.924,3029452.0
2025-12-22 08:15:00+00:00,1.924,1.9333,1.9234,1.9277,7496598.4
2025-12-22 08:30:00+00:00,1.9276,1.9326,1.923,1.9235,6105116.2
2025-12-22 08:45:00+00:00,1.9235,1.9241,1.9165,1.9169,5512806.4
2025-12-22 09:00:00+00:00,1.9168,1.9204,1.9147,1.9151,5077859.8
2025-12-22 09:15:00+00:00,1.9151,1.9189,1.9135,1.9166,2932923.9
2025-12-22 09:30:00+00:00,1.9166,1.9198,1.915,1.9171,2917491.1
2025-12-22 09:45:00+00:00,1.9171,1.9234,1.9163,1.9215,3157264.4
2025-12-22 10:00:00+00:00,1.9215,1.922,1.9165,1.922,2749909.9
2025-12-22 10:15:00+00:00,1.9219,1.9266,1.9211,1.9251,4414712.6
2025-12-22 10:30:00+00:00,1.9251,1.9295,1.9249,1.927,3176672.3
2025-12-22 10:45:00+00:00,1.927,1.9282,1.9239,1.9253,2449302.3
2025-12-22 11:00:00+00:00,1.9253,1.929,1.9252,1.926,2344628.5
2025-12-22 11:15:00+00:00,1.9261,1.9275,1.9231,1.927,2917170.5
2025-12-22 11:30:00+00:00,1.9271,1.9331,1.926,1.933,6461329.8
2025-12-22 11:45:00+00:00,1.933,1.9376,1.9322,1.9339,4686659.0
2025-12-22 12:00:00+00:00,1.934,1.9367,1.9316,1.9344,3366314.9
2025-12-22 12:15:00+00:00,1.9345,1.9395,1.9344,1.939,4067739.3
2025-12-22 12:30:00+00:00,1.9391,1.9463,1.9322,1.9345,9871003.1
2025-12-22 12:45:00+00:00,1.9344,1.9363,1.9311,1.9352,3291182.1
2025-12-22 13:00:00+00:00,1.9351,1.9373,1.9288,1.9305,7859106.4
2025-12-22 13:15:00+00:00,1.9305,1.9335,1.9288,1.9317,3308964.1
2025-12-22 13:30:00+00:00,1.9318,1.9318,1.9265,1.9276,3125017.8
2025-12-22 13:45:00+00:00,1.9276,1.933,1.927,1.933,2795549.3
2025-12-22 14:00:00+00:00,1.933,1.9374,1.932,1.9349,2910494.0
2025-12-22 14:15:00+00:00,1.9349,1.9391,1.9345,1.9349,3335451.2
2025-12-22 14:30:00+00:00,1.935,1.9411,1.9238,1.9312,13778311.4
2025-12-22 14:45:00+00:00,1.9312,1.9421,1.9294,1.9394,7865066.7
2025-12-22 15:00:00+00:00,1.9394,1.9466,1.9316,1.932,8260570.2
2025-12-22 15:15:00+00:00,1.9321,1.9381,1.922,1.9286,8858470.5
2025-12-22 15:30:00+00:00,1.9287,1.9308,1.9167,1.9302,10174928.8
2025-12-22 15:45:00+00:00,1.9303,1.9372,1.9259,1.9334,4625883.2
2025-12-22 16:00:00+00:00,1.9334,1.939,1.9323,1.9378,3307680.6
2025-12-22 16:15:00+00:00,1.9378,1.942,1.9353,1.9409,5007331.3
2025-12-22 16:30:00+00:00,1.941,1.9416,1.9325,1.9327,4576542.3
2025-12-22 16:45:00+00:00,1.9327,1.9409,1.9323,1.9387,7497718.4
2025-12-22 17:00:00+00:00,1.9388,1.9393,1.925,1.9267,9042527.3
2025-12-22 17:15:00+00:00,1.9268,1.9282,1.9234,1.9255,3420027.3
2025-12-22 17:30:00+00:00,1.9255,1.932,1.921,1.9294,7372303.5
2025-12-22 17:45:00+00:00,1.9294,1.9304,1.9265,1.9294,2456190.3
2025-12-22 18:00:00+00:00,1.9295,1.9336,1.9276,1.931,3104139.3
2025-12-22 18:15:00+00:00,1.931,1.9343,1.9274,1.9339,2411854.2
2025-12-22 18:30:00+00:00,1.9339,1.9375,1.9313,1.9357,2792976.3
2025-12-22 18:45:00+00:00,1.9357,1.9363,1.9228,1.9265,5120415.8
2025-12-22 19:00:00+00:00,1.9264,1.9272,1.9156,1.9167,11354769.0
2025-12-22 19:15:00+00:00,1.9167,1.919,1.9085,1.9104,7728505.1
2025-12-22 19:30:00+00:00,1.9103,1.9122,1.9046,1.9062,5598563.8
2025-12-22 19:45:00+00:00,1.9062,1.908,1.9009,1.901,6468914.6
2025-12-22 20:00:00+00:00,1.901,1.9054,1.8961,1.9028,9435433.0
2025-12-22 20:15:00+00:00,1.9028,1.9034,1.8905,1.8942,10081616.0
2025-12-22 20:30:00+00:00,1.8942,1.9002,1.8906,1.8994,7910580.2
2025-12-22 20:45:00+00:00,1.8994,1.9036,1.8935,1.8955,10714509.5
2025-12-22 21:00:00+00:00,1.8954,1.8989,1.8939,1.8951,3940360.0
2025-12-22 21:15:00+00:00,1.8951,1.8982,1.8927,1.897,3814913.1
2025-12-22 21:30:00+00:00,1.897,1.9025,1.8966,1.9009,3759618.5
2025-12-22 21:45:00+00:00,1.9008,1.901,1.8938,1.8955,2386901.1
2025-12-22 22:00:00+00:00,1.8956,1.8981,1.891,1.8964,3297453.7
2025-12-22 22:15:00+00:00,1.8964,1.9038,1.8961,1.8985,3586392.0
2025-12-22 22:30:00+00:00,1.8984,1.9003,1.8972,1.8997,1312850.7
2025-12-22 22:45:00+00:00,1.8998,1.908,1.8996,1.9077,2647376.9
2025-12-22 23:00:00+00:00,1.9077,1.9077,1.9011,1.9047,3141630.6
2025-12-22 23:15:00+00:00,1.9048,1.9058,1.9023,1.9051,1778407.1
2025-12-22 23:30:00+00:00,1.9051,1.9065,1.9015,1.9024,1276769.8
2025-12-22 23:45:00+00:00,1.9024,1.9044,1.8999,1.9033,1972347.8
2025-12-23 00:00:00+00:00,1.9032,1.9033,1.8985,1.8994,4973918.2
2025-12-23 00:15:00+00:00,1.8995,1.9039,1.8991,1.9014,2864392.0
2025-12-23 00:30:00+00:00,1.9014,1.9089,1.8997,1.9022,3848410.7
2025-12-23 00:45:00+00:00,1.9022,1.9054,1.9,1.9035,2254288.6
2025-12-23 01:00:00+00:00,1.9035,1.9078,1.9004,1.9024,3101478.2
2025-12-23 01:15:00+00:00,1.9025,1.9048,1.9003,1.9004,1738710.4
2025-12-23 01:30:00+00:00,1.9004,1.9023,1.8956,1.8978,3342730.8
2025-12-23 01:45:00+00:00,1.8978,1.9004,1.8973,1.8976,1586346.7
2025-12-23 02:00:00+00:00,1.8976,1.9039,1.895,1.9021,3335515.4
2025-12-23 02:15:00+00:00,1.9021,1.9053,1.9011,1.9028,1909414.9
2025-12-23 02:30:00+00:00,1.9028,1.9038,1.8912,1.893,5378154.8
2025-12-23 02:45:00+00:00,1.893,1.8953,1.8904,1.8932,2716076.9
2025-12-23 03:00:00+00:00,1.8932,1.894,1.883,1.8887,8634436.4
2025-12-23 03:15:00+00:00,1.8888,1.894,1.8883,1.8911,2780949.1
2025-12-23 03:30:00+00:00,1.8911,1.8945,1.8895,1.8941,2247091.8
2025-12-23 03:45:00+00:00,1.8942,1.8942,1.8915,1.8915,1253960.4
2025-12-23 04:00:00+00:00,1.8915,1.8967,1.8887,1.8951,3227671.3
2025-12-23 04:15:00+00:00,1.8952,1.8954,1.8929,1.8933,1141535.8
2025-12-23 04:30:00+00:00,1.8934,1.8937,1.8877,1.8886,3093110.2
2025-12-23 04:45:00+00:00,1.8885,1.8898,1.8872,1.8874,2476110.8
2025-12-23 05:00:00+00:00,1.8873,1.8898,1.8852,1.8877,2976804.4
2025-12-23 05:15:00+00:00,1.8876,1.8897,1.8863,1.8872,1376928.1
2025-12-23 05:30:00+00:00,1.8871,1.8872,1.8774,1.8826,8432076.3
2025-12-23 05:45:00+00:00,1.8826,1.8828,1.8788,1.8818,2247232.5
2025-12-23 06:00:00+00:00,1.8817,1.8857,1.8794,1.8815,3128413.9
2025-12-23 06:15:00+00:00,1.8815,1.883,1.873,1.875,8274886.1
2025-12-23 06:30:00+00:00,1.875,1.8785,1.8725,1.8775,3051041.3
2025-12-23 06:45:00+00:00,1.8774,1.8841,1.8763,1.8812,2893700.1
2025-12-23 07:00:00+00:00,1.8812,1.8859,1.8784,1.8792,4434681.2
2025-12-23 07:15:00+00:00,1.8791,1.8842,1.8773,1.8822,3060536.4
2025-12-23 07:30:00+00:00,1.8822,1.8848,1.88,1.8811,2319768.1
2025-12-23 07:45:00+00:00,1.8811,1.8858,1.8798,1.8801,2106170.1
2025-12-23 08:00:00+00:00,1.8801,1.8816,1.8781,1.8793,2736639.8
2025-12-23 08:15:00+00:00,1.8792,1.8814,1.8782,1.8794,1949108.5
2025-12-23 08:30:00+00:00,1.8794,1.8807,1.879,1.8796,1315884.7
2025-12-23 08:45:00+00:00,1.8796,1.8798,1.8746,1.8771,2345345.9
2025-12-23 09:00:00+00:00,1.8771,1.8828,1.8767,1.8822,3109392.5
2025-12-23 09:15:00+00:00,1.8822,1.884,1.8784,1.8825,4716241.5
2025-12-23 09:30:00+00:00,1.8825,1.8858,1.8802,1.8846,3978956.5
2025-12-23 09:45:00+00:00,1.8847,1.8867,1.8839,1.8848,2160479.1
2025-12-23 10:00:00+00:00,1.8849,1.8906,1.8847,1.8889,3006595.3
2025-12-23 10:15:00+00:00,1.889,1.8934,1.8875,1.8918,2259487.2
2025-12-23 10:30:00+00:00,1.8918,1.8942,1.8904,1.8939,2778232.1
2025-12-23 10:45:00+00:00,1.894,1.8997,1.8935,1.8977,5434928.0
2025-12-23 11:00:00+00:00,1.8978,1.9021,1.8975,1.8997,7971405.1
2025-12-23 11:15:00+00:00,1.8997,1.9035,1.8986,1.9,3710833.2
2025-12-23 11:30:00+00:00,1.9001,1.9044,1.8983,1.9034,2502080.6
2025-12-23 11:45:00+00:00,1.9035,1.9046,1.9025,1.9041,2780880.8
2025-12-23 12:00:00+00:00,1.904,1.9042,1.8992,1.8996,6188023.7
2025-12-23 12:15:00+00:00,1.8995,1.9011,1.8956,1.8977,4831504.7
2025-12-23 12:30:00+00:00,1.8977,1.9016,1.8959,1.8991,3265271.5
2025-12-23 12:45:00+00:00,1.8991,1.9023,1.8975,1.8986,2600600.7
2025-12-23 13:00:00+00:00,1.8986,1.9005,1.8935,1.8951,3193085.1
2025-12-23 13:15:00+00:00,1.895,1.8956,1.8908,1.8921,4374063.0
2025-12-23 13:30:00+00:00,1.8922,1.8951,1.88,1.8872,10960856.6
2025-12-23 13:45:00+00:00,1.8872,1.8873,1.8751,1.8779,14746620.1
2025-12-23 14:00:00+00:00,1.878,1.8848,1.8766,1.8809,5410331.8
2025-12-23 14:15:00+00:00,1.8809,1.8809,1.872,1.8779,4776362.8
2025-12-23 14:30:00+00:00,1.878,1.8856,1.8732,1.8791,8766406.8
2025-12-23 14:45:00+00:00,1.8791,1.8796,1.8616,1.8722,18841486.4
2025-12-23 15:00:00+00:00,1.8721,1.883,1.8685,1.878,10769880.5
2025-12-23 15:15:00+00:00,1.8781,1.8943,1.8781,1.8844,12336213.9
2025-12-23 15:30:00+00:00,1.8843,1.8875,1.8795,1.8818,3879550.2
2025-12-23 15:45:00+00:00,1.8818,1.8836,1.8787,1.8805,3597963.5
2025-12-23 16:00:00+00:00,1.8805,1.8929,1.8772,1.885,9505781.4
2025-12-23 16:15:00+00:00,1.8851,1.8905,1.8834,1.8866,5112373.7
2025-12-23 16:30:00+00:00,1.8866,1.888,1.8812,1.8843,2270288.8
2025-12-23 16:45:00+00:00,1.8843,1.8925,1.8833,1.89,4285195.1
2025-12-23 17:00:00+00:00,1.89,1.892,1.883,1.8839,3810464.9
2025-12-23 17:15:00+00:00,1.884,1.8855,1.879,1.8797,4483870.4
2025-12-23 17:30:00+00:00,1.8797,1.8825,1.878,1.8813,2324228.3
2025-12-23 17:45:00+00:00,1.8813,1.8815,1.8672,1.8683,4698189.0
2025-12-23 18:00:00+00:00,1.8682,1.8739,1.8663,1.8711,6835066.3
2025-12-23 18:15:00+00:00,1.8711,1.8784,1.87,1.877,3843399.5
2025-12-23 18:30:00+00:00,1.8769,1.8839,1.8756,1.8834,4231789.2
2025-12-23 18:45:00+00:00,1.8833,1.8834,1.8794,1.8813,3211634.2
2025-12-23 19:00:00+00:00,1.8812,1.8868,1.88,1.8833,3004661.4
2025-12-23 19:15:00+00:00,1.8833,1.8867,1.8783,1.8791,3517086.5
2025-12-23 19:30:00+00:00,1.8791,1.8821,1.8773,1.8817,2228100.1
2025-12-23 19:45:00+00:00,1.8816,1.8833,1.8797,1.8816,1156799.1
2025-12-23 20:00:00+00:00,1.8817,1.8829,1.8775,1.8805,1482140.6
2025-12-23 20:15:00+00:00,1.8806,1.8863,1.8804,1.8852,1860529.5
2025-12-23 20:30:00+00:00,1.8851,1.8943,1.8822,1.8902,9380584.5
2025-12-23 20:45:00+00:00,1.8902,1.8937,1.8763,1.8796,8449381.1
2025-12-23 21:00:00+00:00,1.8797,1.8827,1.875,1.8791,5645682.1
2025-12-23 21:15:00+00:00,1.8791,1.8843,1.8787,1.8823,1889281.5
2025-12-23 21:30:00+00:00,1.8823,1.8825,1.879,1.8803,1512465.7
2025-12-23 21:45:00+00:00,1.8803,1.8824,1.8797,1.8809,1144637.4
2025-12-23 22:00:00+00:00,1.8808,1.8832,1.8769,1.8793,2459774.2
2025-12-23 22:15:00+00:00,1.8793,1.8817,1.8758,1.8775,1527504.1
2025-12-23 22:30:00+00:00,1.8775,1.8822,1.8745,1.8814,2741212.9
2025-12-23 22:45:00+00:00,1.8815,1.8825,1.8773,1.8785,1156413.7
2025-12-23 23:00:00+00:00,1.8786,1.879,1.8749,1.8763,2412860.1
2025-12-23 23:15:00+00:00,1.8762,1.8762,1.8709,1.8753,4596965.5
2025-12-23 23:30:00+00:00,1.8752,1.8782,1.8748,1.8758,1717999.1
2025-12-23 23:45:00+00:00,1.8758,1.8764,1.872,1.8725,2222880.0
2025-12-24 00:00:00+00:00,1.8726,1.8767,1.8706,1.8721,4856435.1
2025-12-24 00:15:00+00:00,1.872,1.8727,1.8696,1.8702,1684481.6
2025-12-24 00:30:00+00:00,1.8702,1.8735,1.8684,1.8722,2880032.0
2025-12-24 00:45:00+00:00,1.8722,1.8754,1.8697,1.8723,3173589.3
2025-12-24 01:00:00+00:00,1.8724,1.8775,1.8722,1.8763,9407377.9
2025-12-24 01:15:00+00:00,1.8763,1.8774,1.8742,1.8751,1992082.6
2025-12-24 01:30:00+00:00,1.8751,1.8772,1.8715,1.8723,3113707.5
2025-12-24 01:45:00+00:00,1.8724,1.8726,1.8693,1.8696,2703329.1
2025-12-24 02:00:00+00:00,1.8697,1.8701,1.857,1.8616,9596904.5
2025-12-24 02:15:00+00:00,1.8617,1.8647,1.8606,1.8631,2266956.9
2025-12-24 02:30:00+00:00,1.8631,1.8639,1.8493,1.8545,8286091.5
2025-12-24 02:45:00+00:00,1.8546,1.8561,1.8514,1.8535,3522223.8
2025-12-24 03:00:00+00:00,1.8535,1.8535,1.8438,1.8471,6754470.5
2025-12-24 03:15:00+00:00,1.8471,1.8555,1.846,1.8544,4009146.9
2025-12-24 03:30:00+00:00,1.8543,1.8594,1.8543,1.8588,3634931.5
2025-12-24 03:45:00+00:00,1.8588,1.863,1.8588,1.8606,2963499.8
2025-12-24 04:00:00+00:00,1.8606,1.8669,1.8589,1.8662,4011758.4
2025-12-24 04:15:00+00:00,1.8661,1.8665,1.859,1.8599,2507364.5
2025-12-24 04:30:00+00:00,1.8598,1.863,1.8554,1.8584,4010105.8
2025-12-24 04:45:00+00:00,1.8584,1.8597,1.8527,1.8543,2336203.6
2025-12-24 05:00:00+00:00,1.8543,1.8559,1.8518,1.8532,1637991.6
2025-12-24 05:15:00+00:00,1.8532,1.8566,1.8474,1.8482,7031831.3
2025-12-24 05:30:00+00:00,1.8482,1.8492,1.8429,1.8437,7623963.6
2025-12-24 05:45:00+00:00,1.8437,1.8477,1.8423,1.8458,4560073.3
2025-12-24 06:00:00+00:00,1.8459,1.846,1.8367,1.8368,8428529.9
2025-12-24 06:15:00+00:00,1.8368,1.844,1.836,1.8422,3264135.1
2025-12-24 06:30:00+00:00,1.8421,1.8464,1.8403,1.8447,2860879.2
2025-12-24 06:45:00+00:00,1.8446,1.8523,1.8443,1.851,5114265.9
2025-12-24 07:00:00+00:00,1.8511,1.8538,1.8499,1.8528,3938775.1
2025-12-24 07:15:00+00:00,1.8529,1.8535,1.8498,1.8517,1899444.6
2025-12-24 07:30:00+00:00,1.8517,1.857,1.8511,1.856,2639722.7
2025-12-24 07:45:00+00:00,1.8561,1.8603,1.8534,1.8536,4964757.6
2025-12-24 08:00:00+00:00,1.8536,1.8576,1.8522,1.8564,2233001.8
2025-12-24 08:15:00+00:00,1.8565,1.8616,1.855,1.8587,4803539.6
2025-12-24 08:30:00+00:00,1.8587,1.8597,1.8536,1.8566,2518786.6
2025-12-24 08:45:00+00:00,1.8566,1.8576,1.8506,1.8518,2376028.5
2025-12-24 09:00:00+00:00,1.8519,1.8573,1.8519,1.8568,1660060.2
2025-12-24 09:15:00+00:00,1.8567,1.8575,1.8543,1.855,1904757.3
2025-12-24 09:30:00+00:00,1.855,1.8561,1.853,1.8547,1928551.1
2025-12-24 09:45:00+00:00,1.8547,1.8579,1.8528,1.8532,1446275.6
2025-12-24 10:00:00+00:00,1.8532,1.861,1.8527,1.8607,2569005.4
2025-12-24 10:15:00+00:00,1.8607,1.866,1.8603,1.8644,6207105.9
2025-12-24 10:30:00+00:00,1.8644,1.8685,1.8635,1.8673,3579996.7
2025-12-24 10:45:00+00:00,1.8674,1.8689,1.8641,1.8647,2791305.1
2025-12-24 11:00:00+00:00,1.8647,1.8748,1.8646,1.8736,4882954.1
2025-12-24 11:15:00+00:00,1.8736,1.874,1.8689,1.8696,3868943.8
2025-12-24 11:30:00+00:00,1.8697,1.8729,1.8691,1.8722,1573150.7
2025-12-24 11:45:00+00:00,1.8721,1.8722,1.867,1.868,1870822.8
2025-12-24 12:00:00+00:00,1.8679,1.8683,1.8634,1.8657,3130492.7
2025-12-24 12:15:00+00:00,1.8657,1.8684,1.8621,1.8644,2921741.2
2025-12-24 12:30:00+00:00,1.8645,1.871,1.8645,1.869,2421027.5
2025-12-24 12:45:00+00:00,1.8691,1.8724,1.866,1.8708,2826306.1
2025-12-24 13:00:00+00:00,1.8708,1.8716,1.865,1.8662,1699346.8
2025-12-24 13:15:00+00:00,1.8663,1.868,1.8651,1.8679,1145854.9
2025-12-24 13:30:00+00:00,1.868,1.8692,1.8625,1.8657,3158826.0
2025-12-24 13:45:00+00:00,1.8657,1.8705,1.8651,1.869,1561620.6
2025-12-24 14:00:00+00:00,1.869,1.8765,1.8689,1.8763,4411579.5
2025-12-24 14:15:00+00:00,1.8764,1.8768,1.8661,1.8668,4608819.2
2025-12-24 14:30:00+00:00,1.8668,1.8701,1.8506,1.865,15499097.4
2025-12-24 14:45:00+00:00,1.865,1.8674,1.8556,1.8581,7587673.5
2025-12-24 15:00:00+00:00,1.8582,1.8637,1.8563,1.8591,3640955.5
2025-12-24 15:15:00+00:00,1.8592,1.8609,1.8514,1.859,5188042.0
2025-12-24 15:30:00+00:00,1.859,1.8693,1.8584,1.8653,7369683.3
2025-12-24 15:45:00+00:00,1.8653,1.8674,1.8598,1.8626,4109296.7
2025-12-24 16:00:00+00:00,1.8627,1.8676,1.8609,1.8651,3869474.3
2025-12-24 16:15:00+00:00,1.8652,1.8652,1.8548,1.8565,3369359.8
2025-12-24 16:30:00+00:00,1.8565,1.8709,1.8565,1.8665,8700554.1
2025-12-24 16:45:00+00:00,1.8666,1.867,1.8592,1.8607,3350711.6
2025-12-24 17:00:00+00:00,1.8606,1.8689,1.8581,1.8643,5283271.5
2025-12-24 17:15:00+00:00,1.8642,1.8667,1.8624,1.8654,2094650.2
2025-12-24 17:30:00+00:00,1.8654,1.868,1.8561,1.8575,5961590.0
2025-12-24 17:45:00+00:00,1.8575,1.8592,1.8494,1.85,11307574.1
2025-12-24 18:00:00+00:00,1.85,1.8555,1.8479,1.8523,4965449.3
2025-12-24 18:15:00+00:00,1.8523,1.8579,1.8518,1.8548,2375866.9
2025-12-24 18:30:00+00:00,1.8548,1.8575,1.8538,1.8567,1754495.0
2025-12-24 18:45:00+00:00,1.8567,1.858,1.8542,1.8552,1008099.3
2025-12-24 19:00:00+00:00,1.8552,1.8579,1.8529,1.8537,1071604.6
2025-12-24 19:15:00+00:00,1.8537,1.8579,1.8525,1.8564,2918205.7
2025-12-24 19:30:00+00:00,1.8564,1.8593,1.8552,1.8591,1030130.3
2025-12-24 19:45:00+00:00,1.8591,1.8617,1.8585,1.861,1696754.1
2025-12-24 20:00:00+00:00,1.8609,1.8679,1.8609,1.8656,4072637.7
2025-12-24 20:15:00+00:00,1.8656,1.8682,1.8654,1.8661,1252871.7
2025-12-24 20:30:00+00:00,1.866,1.8691,1.8635,1.8641,2582869.0
2025-12-24 20:45:00+00:00,1.8641,1.8641,1.8614,1.8637,1051891.0
2025-12-24 21:00:00+00:00,1.8637,1.8652,1.8618,1.8634,1825886.9
2025-12-24 21:15:00+00:00,1.8633,1.8644,1.8614,1.8632,858313.8
2025-12-24 21:30:00+00:00,1.8631,1.866,1.8629,1.8647,1222021.5
2025-12-24 21:45:00+00:00,1.8647,1.865,1.8616,1.8631,1024172.3
2025-12-24 22:00:00+00:00,1.8631,1.8657,1.8601,1.8605,2029054.8
2025-12-24 22:15:00+00:00,1.8604,1.863,1.859,1.86,1137003.6
2025-12-24 22:30:00+00:00,1.86,1.8675,1.8589,1.8668,1736204.3
2025-12-24 22:45:00+00:00,1.8668,1.8691,1.866,1.8688,968109.2
2025-12-24 23:00:00+00:00,1.8687,1.8691,1.8626,1.8644,2384142.3
2025-12-24 23:15:00+00:00,1.8644,1.865,1.8608,1.8611,1197568.5
2025-12-24 23:30:00+00:00,1.8611,1.8625,1.8605,1.8615,1108156.1
2025-12-24 23:45:00+00:00,1.8616,1.863,1.8611,1.8618,1069997.5
2025-12-25 00:00:00+00:00,1.8618,1.863,1.8597,1.8626,2198186.0
2025-12-25 00:15:00+00:00,1.8627,1.8649,1.8609,1.8615,1322935.1
2025-12-25 00:30:00+00:00,1.8614,1.8647,1.8592,1.8601,1622402.5
2025-12-25 00:45:00+00:00,1.8601,1.8613,1.8562,1.8571,2195414.9
2025-12-25 01:00:00+00:00,1.8571,1.859,1.8555,1.8588,1604133.6
2025-12-25 01:15:00+00:00,1.8588,1.859,1.8565,1.8582,1565641.1
2025-12-25 01:30:00+00:00,1.8581,1.863,1.8562,1.863,1090881.6
2025-12-25 01:45:00+00:00,1.863,1.8661,1.8622,1.865,2142437.2
2025-12-25 02:00:00+00:00,1.865,1.866,1.8625,1.8654,1259106.2
2025-12-25 02:15:00+00:00,1.8655,1.8671,1.864,1.8667,1416999.7
2025-12-25 02:30:00+00:00,1.8667,1.8717,1.8658,1.8712,2764898.7
2025-12-25 02:45:00+00:00,1.8711,1.872,1.8688,1.8703,2280334.7
2025-12-25 03:00:00+00:00,1.8703,1.8708,1.8661,1.8682,2028497.0
2025-12-25 03:15:00+00:00,1.8683,1.8735,1.8668,1.8725,2163169.7
2025-12-25 03:30:00+00:00,1.8725,1.8733,1.8714,1.872,1692207.5
2025-12-25 03:45:00+00:00,1.8721,1.8721,1.868,1.8693,2134476.8
2025-12-25 04:00:00+00:00,1.8693,1.8704,1.8678,1.8697,1229727.8
2025-12-25 04:15:00+00:00,1.8697,1.8735,1.8697,1.8704,1282511.7
2025-12-25 04:30:00+00:00,1.8705,1.8706,1.8681,1.8704,995864.0
2025-12-25 04:45:00+00:00,1.8705,1.8748,1.8699,1.8722,1214938.0
2025-12-25 05:00:00+00:00,1.8722,1.8733,1.8675,1.8679,2301537.2
2025-12-25 05:15:00+00:00,1.8678,1.8701,1.8674,1.8691,1005032.8
2025-12-25 05:30:00+00:00,1.8691,1.8714,1.8682,1.8704,851981.4
2025-12-25 05:45:00+00:00,1.8704,1.8709,1.8679,1.8682,728589.5
2025-12-25 06:00:00+00:00,1.8681,1.8682,1.8653,1.8654,1757224.8
2025-12-25 06:15:00+00:00,1.8654,1.872,1.8654,1.8709,1108120.8
2025-12-25 06:30:00+00:00,1.8709,1.8755,1.8707,1.8726,2684822.0
2025-12-25 06:45:00+00:00,1.8727,1.8762,1.8726,1.8747,1629103.5
2025-12-25 07:00:00+00:00,1.8748,1.8756,1.8717,1.874,1802357.0
2025-12-25 07:15:00+00:00,1.874,1.8741,1.872,1.873,888084.1
2025-12-25 07:30:00+00:00,1.8729,1.8731,1.8714,1.8724,826010.4
2025-12-25 07:45:00+00:00,1.8725,1.8747,1.872,1.8735,1050525.7
2025-12-25 08:00:00+00:00,1.8735,1.8804,1.8728,1.8771,5036777.9
2025-12-25 08:15:00+00:00,1.8771,1.8781,1.8639,1.8677,7172938.9
2025-12-25 08:30:00+00:00,1.8677,1.8713,1.8659,1.8706,2136225.5
2025-12-25 08:45:00+00:00,1.8707,1.8743,1.8688,1.8728,1793191.3
2025-12-25 09:00:00+00:00,1.8729,1.8729,1.8678,1.8682,1907494.6
2025-12-25 09:15:00+00:00,1.8682,1.8689,1.8654,1.8666,1745679.9
2025-12-25 09:30:00+00:00,1.8666,1.8696,1.8657,1.8683,1234941.5
2025-12-25 09:45:00+00:00,1.8683,1.8735,1.8681,1.871,1785111.2
2025-12-25 10:00:00+00:00,1.871,1.871,1.8621,1.8621,3046148.4
2025-12-25 10:15:00+00:00,1.8622,1.8629,1.8606,1.8618,2818916.5
2025-12-25 10:30:00+00:00,1.8619,1.8619,1.8524,1.8548,7125687.8
2025-12-25 10:45:00+00:00,1.8547,1.8571,1.8536,1.8566,2260260.0
2025-12-25 11:00:00+00:00,1.8567,1.8596,1.8555,1.8571,2536046.4
2025-12-25 11:15:00+00:00,1.8571,1.861,1.8566,1.86,1679078.9
2025-12-25 11:30:00+00:00,1.8601,1.8636,1.8566,1.858,3369097.2
2025-12-25 11:45:00+00:00,1.858,1.86,1.8554,1.858,2526634.5
2025-12-25 12:00:00+00:00,1.858,1.8585,1.8542,1.8544,2429247.5
2025-12-25 12:15:00+00:00,1.8543,1.8608,1.8543,1.86,1862669.6
2025-12-25 12:30:00+00:00,1.8601,1.8617,1.8593,1.8613,1760470.9
2025-12-25 12:45:00+00:00,1.8613,1.8642,1.8612,1.8641,2472116.5
2025-12-25 13:00:00+00:00,1.8641,1.8672,1.8635,1.8663,2126827.6
2025-12-25 13:15:00+00:00,1.8663,1.867,1.8613,1.8646,4071933.1
2025-12-25 13:30:00+00:00,1.8646,1.8698,1.8635,1.868,1912119.5
2025-12-25 13:45:00+00:00,1.868,1.8689,1.8656,1.8675,2291567.8
2025-12-25 14:00:00+00:00,1.8675,1.8692,1.8647,1.865,1814643.3
2025-12-25 14:15:00+00:00,1.8651,1.8671,1.8635,1.8647,1766540.1
2025-12-25 14:30:00+00:00,1.8648,1.8684,1.8644,1.8659,1356538.5
2025-12-25 14:45:00+00:00,1.8659,1.8691,1.8658,1.8688,1159114.3
2025-12-25 15:00:00+00:00,1.8688,1.8697,1.8645,1.8688,3473711.2
2025-12-25 15:15:00+00:00,1.8689,1.8762,1.8665,1.8727,5888746.5
2025-12-25 15:30:00+00:00,1.8726,1.8819,1.8697,1.8801,7179065.5
2025-12-25 15:45:00+00:00,1.8802,1.8898,1.8773,1.8822,16112262.9
2025-12-25 16:00:00+00:00,1.8822,1.8827,1.8764,1.8793,6162406.8
2025-12-25 16:15:00+00:00,1.8792,1.8829,1.8781,1.8784,5078365.8
2025-12-25 16:30:00+00:00,1.8783,1.88,1.8738,1.8755,2463415.7
2025-12-25 16:45:00+00:00,1.8755,1.8759,1.868,1.8707,3084861.1
2025-12-25 17:00:00+00:00,1.8707,1.8713,1.8674,1.8689,2205184.6
2025-12-25 17:15:00+00:00,1.8689,1.8691,1.8649,1.8649,2699745.6
2025-12-25 17:30:00+00:00,1.8649,1.8678,1.8639,1.8667,2600907.0
2025-12-25 17:45:00+00:00,1.8666,1.8707,1.8659,1.8695,1836946.6
2025-12-25 18:00:00+00:00,1.8695,1.8735,1.8695,1.8724,1914830.3
2025-12-25 18:15:00+00:00,1.8725,1.8725,1.8692,1.8703,1174748.5
2025-12-25 18:30:00+00:00,1.8702,1.8749,1.8681,1.8713,2167961.4
2025-12-25 18:45:00+00:00,1.8712,1.8739,1.8709,1.8726,1029941.6
2025-12-25 19:00:00+00:00,1.8726,1.8729,1.8714,1.8723,711977.8
2025-12-25 19:15:00+00:00,1.8724,1.8728,1.8693,1.8698,953105.9
2025-12-25 19:30:00+00:00,1.8698,1.8729,1.8694,1.8717,905588.1
2025-12-25 19:45:00+00:00,1.8717,1.8723,1.87,1.8722,511671.6
2025-12-25 20:00:00+00:00,1.8723,1.8726,1.869,1.8704,964850.8
2025-12-25 20:15:00+00:00,1.8703,1.8707,1.8641,1.8653,1796730.4
2025-12-25 20:30:00+00:00,1.8652,1.8666,1.8636,1.8648,1714826.9
2025-12-25 20:45:00+00:00,1.8648,1.8688,1.8648,1.8677,1224730.5
2025-12-25 21:00:00+00:00,1.8677,1.8686,1.8655,1.8682,1501787.5
2025-12-25 21:15:00+00:00,1.8681,1.8681,1.8654,1.8678,1748498.4
2025-12-25 21:30:00+00:00,1.8678,1.8678,1.8656,1.8665,711682.7
2025-12-25 21:45:00+00:00,1.8665,1.8665,1.8632,1.8644,1455472.5
2025-12-25 22:00:00+00:00,1.8644,1.8649,1.8575,1.8595,5072830.6
2025-12-25 22:15:00+00:00,1.8595,1.8613,1.8581,1.86,1258736.1
2025-12-25 22:30:00+00:00,1.8599,1.8611,1.8552,1.8563,2684195.6
2025-12-25 22:45:00+00:00,1.8563,1.8563,1.8386,1.8447,16821856.3
2025-12-25 23:00:00+00:00,1.8446,1.8503,1.8386,1.847,6598552.3
2025-12-25 23:15:00+00:00,1.8469,1.8473,1.8403,1.8417,3540894.9
2025-12-25 23:30:00+00:00,1.8416,1.8416,1.8274,1.8316,14327416.7
2025-12-25 23:45:00+00:00,1.8315,1.8346,1.8278,1.8315,6932231.5
2025-12-26 00:00:00+00:00,1.8314,1.8357,1.8235,1.8287,8453217.4
2025-12-26 00:15:00+00:00,1.8286,1.836,1.8234,1.8288,4680576.7
2025-12-26 00:30:00+00:00,1.8289,1.8325,1.824,1.8279,4538904.2
2025-12-26 00:45:00+00:00,1.8279,1.8312,1.8279,1.8308,2535090.7
2025-12-26 01:00:00+00:00,1.8308,1.8366,1.8285,1.8362,4814529.6
2025-12-26 01:15:00+00:00,1.8361,1.8377,1.8328,1.8374,4270901.9
2025-12-26 01:30:00+00:00,1.8373,1.8385,1.8353,1.8376,1820026.9
2025-12-26 01:45:00+00:00,1.8376,1.8387,1.8348,1.8352,1475774.9
2025-12-26 02:00:00+00:00,1.8352,1.8576,1.8322,1.8574,10263952.7
2025-12-26 02:15:00+00:00,1.8574,1.8777,1.8573,1.8705,32283606.0
2025-12-26 02:30:00+00:00,1.8706,1.8803,1.8683,1.8715,11603318.1
2025-12-26 02:45:00+00:00,1.8716,1.8747,1.8657,1.8688,7850559.3
2025-12-26 03:00:00+00:00,1.8689,1.8732,1.8652,1.8684,6191293.6
2025-12-26 03:15:00+00:00,1.8684,1.8687,1.8598,1.8622,5967645.3
2025-12-26 03:30:00+00:00,1.8622,1.8636,1.8584,1.8619,3623228.8
2025-12-26 03:45:00+00:00,1.8618,1.8671,1.8618,1.864,3630503.2
2025-12-26 04:00:00+00:00,1.8639,1.8642,1.8543,1.8568,4677040.9
2025-12-26 04:15:00+00:00,1.8569,1.861,1.8545,1.8587,3996649.6
2025-12-26 04:30:00+00:00,1.8586,1.8686,1.8579,1.8675,3128413.2
2025-12-26 04:45:00+00:00,1.8676,1.87,1.8644,1.8653,2503378.4
2025-12-26 05:00:00+00:00,1.8654,1.8673,1.8637,1.8652,1420645.6
2025-12-26 05:15:00+00:00,1.8651,1.8654,1.8629,1.8643,1354663.8
2025-12-26 05:30:00+00:00,1.8643,1.8695,1.8634,1.8694,2043707.0
2025-12-26 05:45:00+00:00,1.8694,1.8716,1.8667,1.8688,2410380.7
2025-12-26 06:00:00+00:00,1.8688,1.8743,1.8683,1.8713,3832653.5
2025-12-26 06:15:00+00:00,1.8714,1.8736,1.8699,1.8701,2694319.2
2025-12-26 06:30:00+00:00,1.8701,1.8775,1.8684,1.8769,9232302.3
2025-12-26 06:45:00+00:00,1.8769,1.8769,1.8725,1.874,3351662.8
2025-12-26 07:00:00+00:00,1.874,1.8811,1.8739,1.8811,4358864.8
2025-12-26 07:15:00+00:00,1.8812,1.8824,1.8769,1.8803,4179927.7
2025-12-26 07:30:00+00:00,1.8804,1.8806,1.8684,1.8687,6430166.3
2025-12-26 07:45:00+00:00,1.8686,1.8694,1.861,1.8634,5041416.3
2025-12-26 08:00:00+00:00,1.8634,1.8689,1.8623,1.8665,5356100.8
2025-12-26 08:15:00+00:00,1.8665,1.87,1.8653,1.8667,2531907.7
2025-12-26 08:30:00+00:00,1.8668,1.8668,1.8626,1.863,1519188.9
2025-12-26 08:45:00+00:00,1.863,1.8664,1.8618,1.8663,1395564.9
2025-12-26 09:00:00+00:00,1.8664,1.8705,1.866,1.8698,2122308.7
2025-12-26 09:15:00+00:00,1.8699,1.8719,1.8685,1.8695,2233021.6
2025-12-26 09:30:00+00:00,1.8696,1.873,1.8695,1.8729,1430331.8
2025-12-26 09:45:00+00:00,1.873,1.877,1.8726,1.876,4619190.4
2025-12-26 10:00:00+00:00,1.8759,1.8773,1.8736,1.8741,1900808.6
2025-12-26 10:15:00+00:00,1.8741,1.8776,1.8717,1.8772,3566566.4
2025-12-26 10:30:00+00:00,1.8773,1.8783,1.8745,1.8761,2259472.0
2025-12-26 10:45:00+00:00,1.8761,1.88,1.8761,1.8781,2622605.1
2025-12-26 11:00:00+00:00,1.8782,1.8782,1.8748,1.8751,1390645.0
2025-12-26 11:15:00+00:00,1.8752,1.8755,1.8721,1.8727,2508767.7
2025-12-26 11:30:00+00:00,1.8728,1.874,1.871,1.8716,2218425.3
2025-12-26 11:45:00+00:00,1.8715,1.8727,1.8699,1.8706,1604491.3
2025-12-26 12:00:00+00:00,1.8706,1.8727,1.8701,1.8713,1739724.3
2025-12-26 12:15:00+00:00,1.8714,1.8734,1.8693,1.8715,1654291.1
2025-12-26 12:30:00+00:00,1.8715,1.8725,1.8701,1.8718,1454570.7
2025-12-26 12:45:00+00:00,1.8719,1.8726,1.8703,1.8715,1833677.5
2025-12-26 13:00:00+00:00,1.8716,1.8754,1.8678,1.8749,3293758.1
2025-12-26 13:15:00+00:00,1.8749,1.8757,1.8727,1.8732,1258884.4
2025-12-26 13:30:00+00:00,1.8733,1.8778,1.8719,1.8761,3709261.0
2025-12-26 13:45:00+00:00,1.8762,1.8789,1.8752,1.8772,4192450.7
2025-12-26 14:00:00+00:00,1.8773,1.8776,1.8727,1.8758,4383954.8
2025-12-26 14:15:00+00:00,1.8759,1.8774,1.8735,1.8735,2560233.2
2025-12-26 14:30:00+00:00,1.8736,1.8748,1.8597,1.8628,14155586.3
2025-12-26 14:45:00+00:00,1.8627,1.8629,1.8415,1.8431,28887313.3
2025-12-26 15:00:00+00:00,1.843,1.8431,1.828,1.8292,36068053.2
2025-12-26 15:15:00+00:00,1.8291,1.8378,1.8249,1.8358,17192065.0
2025-12-26 15:30:00+00:00,1.8358,1.8405,1.8311,1.8332,13081212.7
2025-12-26 15:45:00+00:00,1.8332,1.8379,1.83,1.8366,12670921.8
2025-12-26 16:00:00+00:00,1.8367,1.8449,1.8351,1.84,9520699.0
2025-12-26 16:15:00+00:00,1.84,1.8457,1.8389,1.8404,4530277.2
2025-12-26 16:30:00+00:00,1.8404,1.8438,1.8384,1.842,3719814.7
2025-12-26 16:45:00+00:00,1.842,1.8438,1.8323,1.8334,6076603.1
2025-12-26 17:00:00+00:00,1.8335,1.8416,1.8334,1.8389,3384611.9
2025-12-26 17:15:00+00:00,1.839,1.8465,1.8357,1.8452,3437084.4
2025-12-26 17:30:00+00:00,1.8451,1.8485,1.8419,1.8461,3886599.1
2025-12-26 17:45:00+00:00,1.846,1.8479,1.8402,1.8426,5354526.6
2025-12-26 18:00:00+00:00,1.8425,1.846,1.8412,1.8453,2005958.7
2025-12-26 18:15:00+00:00,1.8452,1.8456,1.8392,1.8393,2050335.3
2025-12-26 18:30:00+00:00,1.8393,1.8463,1.8392,1.8441,2020239.6
2025-12-26 18:45:00+00:00,1.844,1.8466,1.8412,1.8441,1867637.9
2025-12-26 19:00:00+00:00,1.844,1.8467,1.8435,1.8438,1313213.8
2025-12-26 19:15:00+00:00,1.8438,1.8446,1.8403,1.8431,1571387.0
2025-12-26 19:30:00+00:00,1.843,1.8457,1.843,1.8456,1429963.7
2025-12-26 19:45:00+00:00,1.8456,1.8495,1.843,1.8448,2314370.3
2025-12-26 20:00:00+00:00,1.8448,1.8475,1.8437,1.8473,1238265.9
2025-12-26 20:15:00+00:00,1.8473,1.8494,1.8458,1.8487,1483848.0
2025-12-26 20:30:00+00:00,1.8486,1.8522,1.8477,1.8522,2454832.3
2025-12-26 20:45:00+00:00,1.8521,1.8595,1.8521,1.8538,7301067.1
2025-12-26 21:00:00+00:00,1.8539,1.8567,1.8493,1.853,2391857.6
2025-12-26 21:15:00+00:00,1.853,1.8542,1.8493,1.8501,1934501.0
2025-12-26 21:30:00+00:00,1.85,1.8501,1.8471,1.8482,1812850.9
2025-12-26 21:45:00+00:00,1.8482,1.8498,1.8453,1.8465,1238936.3
2025-12-26 22:00:00+00:00,1.8464,1.8488,1.8441,1.8442,2123871.4
2025-12-26 22:15:00+00:00,1.8441,1.8491,1.8441,1.8449,1340976.5
2025-12-26 22:30:00+00:00,1.8449,1.8478,1.842,1.8433,2363139.1
2025-12-26 22:45:00+00:00,1.8433,1.8468,1.842,1.8468,1061791.3
2025-12-26 23:00:00+00:00,1.8467,1.8487,1.8446,1.8452,2336167.8
2025-12-26 23:15:00+00:00,1.8452,1.8452,1.8429,1.8437,1535069.2
2025-12-26 23:30:00+00:00,1.8437,1.8453,1.8426,1.8431,802642.5
2025-12-26 23:45:00+00:00,1.8431,1.8442,1.8414,1.8428,1723404.0
2025-12-27 00:00:00+00:00,1.8429,1.8443,1.8411,1.8429,2425699.6
2025-12-27 00:15:00+00:00,1.8429,1.8434,1.8407,1.8426,1931182.8
2025-12-27 00:30:00+00:00,1.8426,1.8451,1.8422,1.8446,1207081.2
2025-12-27 00:45:00+00:00,1.8445,1.8447,1.8431,1.8445,887657.4
2025-12-27 01:00:00+00:00,1.8445,1.8451,1.8433,1.8439,980519.1
2025-12-27 01:15:00+00:00,1.8439,1.8441,1.8419,1.8439,1438658.0
2025-12-27 01:30:00+00:00,1.8439,1.8446,1.8431,1.8432,783957.0
2025-12-27 01:45:00+00:00,1.8432,1.847,1.8419,1.8461,1878978.8
2025-12-27 02:00:00+00:00,1.8461,1.847,1.8443,1.8469,1291973.1
2025-12-27 02:15:00+00:00,1.847,1.8476,1.8444,1.8456,2293828.5
2025-12-27 02:30:00+00:00,1.8456,1.8528,1.8443,1.8492,3656460.0
2025-12-27 02:45:00+00:00,1.8493,1.85,1.8477,1.8481,2309430.7
2025-12-27 03:00:00+00:00,1.8481,1.8504,1.8454,1.8462,1449634.9
2025-12-27 03:15:00+00:00,1.8462,1.8507,1.8462,1.8495,1891337.1
2025-12-27 03:30:00+00:00,1.8495,1.8527,1.8493,1.851,1772857.5
2025-12-27 03:45:00+00:00,1.851,1.8514,1.8498,1.8505,1106407.0
2025-12-27 04:00:00+00:00,1.8506,1.8522,1.8479,1.8486,1682229.3
2025-12-27 04:15:00+00:00,1.8486,1.8496,1.8472,1.8472,770181.0
2025-12-27 04:30:00+00:00,1.8472,1.8478,1.8462,1.8475,910223.2
2025-12-27 04:45:00+00:00,1.8475,1.8482,1.8457,1.8472,805652.0
2025-12-27 05:00:00+00:00,1.8472,1.8483,1.8457,1.8461,549784.3
2025-12-27 05:15:00+00:00,1.8461,1.847,1.8453,1.8466,604875.2
2025-12-27 05:30:00+00:00,1.8466,1.8476,1.8466,1.8475,417072.9
2025-12-27 05:45:00+00:00,1.8474,1.849,1.8473,1.8488,638482.1
2025-12-27 06:00:00+00:00,1.8489,1.849,1.8463,1.8475,839585.2
2025-12-27 06:15:00+00:00,1.8475,1.8484,1.8461,1.8477,623305.5
2025-12-27 06:30:00+00:00,1.8477,1.8479,1.8465,1.8473,637189.3
2025-12-27 06:45:00+00:00,1.8473,1.8478,1.8464,1.8468,651127.3
2025-12-27 07:00:00+00:00,1.8469,1.8497,1.8468,1.8496,705088.0
2025-12-27 07:15:00+00:00,1.8496,1.8516,1.8482,1.8497,1523890.4
2025-12-27 07:30:00+00:00,1.8497,1.85,1.8465,1.847,918139.6
2025-12-27 07:45:00+00:00,1.847,1.8478,1.8466,1.8468,597362.7
2025-12-27 08:00:00+00:00,1.8467,1.8491,1.8467,1.8474,1087600.5
2025-12-27 08:15:00+00:00,1.8474,1.8505,1.8474,1.8492,693508.1
2025-12-27 08:30:00+00:00,1.8493,1.8502,1.849,1.8492,443033.1
2025-12-27 08:45:00+00:00,1.8492,1.8495,1.8482,1.8492,739179.0
2025-12-27 09:00:00+00:00,1.8492,1.8522,1.849,1.8517,1818145.2
2025-12-27 09:15:00+00:00,1.8518,1.8548,1.8493,1.8499,2823028.8
2025-12-27 09:30:00+00:00,1.8499,1.8511,1.8498,1.851,1054404.6
2025-12-27 09:45:00+00:00,1.851,1.8515,1.8499,1.85,910032.6
2025-12-27 10:00:00+00:00,1.85,1.8519,1.8483,1.8494,1015546.4
2025-12-27 10:15:00+00:00,1.8494,1.8519,1.8475,1.8476,868243.8
2025-12-27 10:30:00+00:00,1.8475,1.8489,1.8436,1.8455,3343196.3
2025-12-27 10:45:00+00:00,1.8455,1.8478,1.8448,1.8475,1336784.8
2025-12-27 11:00:00+00:00,1.8475,1.8485,1.8462,1.8476,937943.3
2025-12-27 11:15:00+00:00,1.8475,1.8492,1.8469,1.847,1118597.3
2025-12-27 11:30:00+00:00,1.8469,1.8513,1.8469,1.8497,1486821.5
2025-12-27 11:45:00+00:00,1.8496,1.8516,1.8495,1.8503,1329737.1
2025-12-27 12:00:00+00:00,1.8502,1.8524,1.8499,1.8502,1510176.4
2025-12-27 12:15:00+00:00,1.8503,1.8513,1.8492,1.8511,912841.1
2025-12-27 12:30:00+00:00,1.8512,1.8525,1.8506,1.8515,942803.3
2025-12-27 12:45:00+00:00,1.8514,1.8519,1.8493,1.8501,955094.2
2025-12-27 13:00:00+00:00,1.8501,1.851,1.8475,1.8476,1411122.2
2025-12-27 13:15:00+00:00,1.8476,1.8476,1.8446,1.8455,3051701.5
2025-12-27 13:30:00+00:00,1.8454,1.848,1.8434,1.8477,1739113.3
2025-12-27 13:45:00+00:00,1.8476,1.8477,1.8447,1.8448,648482.9
2025-12-27 14:00:00+00:00,1.8447,1.8448,1.8423,1.8439,2454502.1
2025-12-27 14:15:00+00:00,1.8438,1.845,1.8431,1.8447,643956.8
2025-12-27 14:30:00+00:00,1.8446,1.848,1.8443,1.848,1213388.0
2025-12-27 14:45:00+00:00,1.848,1.8486,1.8466,1.8486,996945.5
2025-12-27 15:00:00+00:00,1.8485,1.8486,1.846,1.8482,1116372.6
2025-12-27 15:15:00+00:00,1.8481,1.8487,1.8468,1.8486,997916.9
2025-12-27 15:30:00+00:00,1.8485,1.8503,1.8478,1.8489,1481658.1
2025-12-27 15:45:00+00:00,1.849,1.8509,1.8484,1.8486,1352851.7
2025-12-27 16:00:00+00:00,1.8487,1.8493,1.8476,1.8478,1325190.1
2025-12-27 16:15:00+00:00,1.8477,1.8487,1.8452,1.8456,1149495.7
2025-12-27 16:30:00+00:00,1.8456,1.8469,1.8445,1.8448,1417537.3
2025-12-27 16:45:00+00:00,1.8447,1.845,1.843,1.8439,1547245.5
2025-12-27 17:00:00+00:00,1.8439,1.8474,1.8425,1.8457,11288655.8
2025-12-27 17:15:00+00:00,1.8457,1.848,1.8421,1.8468,8586466.8
2025-12-27 17:30:00+00:00,1.8468,1.848,1.8438,1.845,6192219.8
2025-12-27 17:45:00+00:00,1.8449,1.8507,1.8443,1.8484,13968247.6
2025-12-27 18:00:00+00:00,1.8485,1.853,1.8479,1.8494,13868844.3
2025-12-27 18:15:00+00:00,1.8493,1.8515,1.8493,1.8507,1065312.1
2025-12-27 18:30:00+00:00,1.8508,1.8514,1.8495,1.8496,1065343.0
2025-12-27 18:45:00+00:00,1.8497,1.8504,1.8488,1.8489,801626.3
2025-12-27 19:00:00+00:00,1.849,1.8509,1.8469,1.8506,959527.2
2025-12-27 19:15:00+00:00,1.8505,1.8513,1.8495,1.8507,733943.7
2025-12-27 19:30:00+00:00,1.8507,1.8533,1.85,1.8532,1187915.1
2025-12-27 19:45:00+00:00,1.8533,1.8567,1.8533,1.8551,3387100.0
2025-12-27 20:00:00+00:00,1.8551,1.8588,1.8543,1.8558,3459509.3
2025-12-27 20:15:00+00:00,1.8558,1.8579,1.8528,1.8529,3288567.3
2025-12-27 20:30:00+00:00,1.8529,1.8554,1.8523,1.855,1137743.0
2025-12-27 20:45:00+00:00,1.855,1.8558,1.8542,1.8546,494860.3
2025-12-27 21:00:00+00:00,1.8547,1.8583,1.8546,1.858,971527.8
2025-12-27 21:15:00+00:00,1.8581,1.8589,1.8573,1.8586,1218338.0
2025-12-27 21:30:00+00:00,1.8585,1.8603,1.8582,1.8582,2199660.6
2025-12-27 21:45:00+00:00,1.8582,1.862,1.8579,1.8614,1535204.2
2025-12-27 22:00:00+00:00,1.8614,1.8699,1.8607,1.8692,6151219.4
2025-12-27 22:15:00+00:00,1.8693,1.8745,1.8638,1.8638,7699214.7
2025-12-27 22:30:00+00:00,1.8638,1.8644,1.8607,1.8631,2353391.0
2025-12-27 22:45:00+00:00,1.8631,1.8652,1.861,1.8613,1171706.9
2025-12-27 23:00:00+00:00,1.8613,1.8652,1.8613,1.8628,1738543.5
2025-12-27 23:15:00+00:00,1.8628,1.8664,1.8628,1.864,1591793.1
2025-12-27 23:30:00+00:00,1.8641,1.8662,1.8635,1.8659,689567.0
2025-12-27 23:45:00+00:00,1.8659,1.8786,1.8658,1.8727,6918047.9
2025-12-28 00:00:00+00:00,1.8726,1.8757,1.8708,1.871,3201589.3
2025-12-28 00:15:00+00:00,1.871,1.8733,1.8683,1.8689,2028041.3
2025-12-28 00:30:00+00:00,1.8689,1.8737,1.8688,1.8727,1728942.3
2025-12-28 00:45:00+00:00,1.8728,1.8744,1.8699,1.8707,1434411.7
2025-12-28 01:00:00+00:00,1.8708,1.8743,1.8707,1.8727,1307576.3
2025-12-28 01:15:00+00:00,1.8728,1.8728,1.8687,1.8692,1654483.2
2025-12-28 01:30:00+00:00,1.8692,1.872,1.868,1.8705,1259929.1
2025-12-28 01:45:00+00:00,1.8706,1.8707,1.8691,1.87,578543.4
2025-12-28 02:00:00+00:00,1.8701,1.8711,1.869,1.8711,736689.7
2025-12-28 02:15:00+00:00,1.8711,1.875,1.871,1.8744,1341613.5
2025-12-28 02:30:00+00:00,1.8744,1.8775,1.8737,1.8744,3178028.0
2025-12-28 02:45:00+00:00,1.8745,1.8747,1.8722,1.8722,595923.0
2025-12-28 03:00:00+00:00,1.8723,1.8738,1.8709,1.8715,1187829.7
2025-12-28 03:15:00+00:00,1.8716,1.8723,1.8706,1.8712,890751.4
2025-12-28 03:30:00+00:00,1.8713,1.8737,1.8713,1.8729,887364.0
2025-12-28 03:45:00+00:00,1.873,1.8743,1.8729,1.8738,883283.9
2025-12-28 04:00:00+00:00,1.8737,1.8768,1.8728,1.8759,2293651.5
2025-12-28 04:15:00+00:00,1.8759,1.8764,1.8736,1.8743,1650799.0
2025-12-28 04:30:00+00:00,1.8744,1.8759,1.8723,1.875,805243.5
2025-12-28 04:45:00+00:00,1.875,1.8751,1.873,1.8741,715515.7
2025-12-28 05:00:00+00:00,1.8741,1.8759,1.8725,1.8755,1252596.3
2025-12-28 05:15:00+00:00,1.8755,1.8757,1.8727,1.873,1237071.4
2025-12-28 05:30:00+00:00,1.873,1.8753,1.8725,1.8736,1258952.0
2025-12-28 05:45:00+00:00,1.8736,1.875,1.8714,1.872,1488280.6
2025-12-28 06:00:00+00:00,1.8721,1.8744,1.8713,1.8744,1181622.0
2025-12-28 06:15:00+00:00,1.8743,1.8762,1.8742,1.8758,1416328.1
2025-12-28 06:30:00+00:00,1.8759,1.8788,1.8753,1.8775,2424660.9
2025-12-28 06:45:00+00:00,1.8775,1.8779,1.8758,1.8768,1242056.2
2025-12-28 07:00:00+00:00,1.8767,1.8789,1.8752,1.8779,1867270.0
2025-12-28 07:15:00+00:00,1.8779,1.8779,1.8756,1.8761,768390.3
2025-12-28 07:30:00+00:00,1.8761,1.877,1.8742,1.8742,1131938.5
2025-12-28 07:45:00+00:00,1.8743,1.875,1.8725,1.8728,1465008.8
2025-12-28 08:00:00+00:00,1.8729,1.875,1.8726,1.8746,1504434.8
2025-12-28 08:15:00+00:00,1.8747,1.8747,1.8714,1.8723,1453632.3
2025-12-28 08:30:00+00:00,1.8723,1.8764,1.8716,1.8717,2367457.2
2025-12-28 08:45:00+00:00,1.8717,1.8722,1.8678,1.868,3229993.7
2025-12-28 09:00:00+00:00,1.868,1.8683,1.8659,1.8663,3121479.0
2025-12-28 09:15:00+00:00,1.8662,1.8683,1.8662,1.8681,975766.2
2025-12-28 09:30:00+00:00,1.8681,1.8682,1.8617,1.864,4174917.1
2025-12-28 09:45:00+00:00,1.8639,1.8645,1.8628,1.8642,1075208.9
2025-12-28 10:00:00+00:00,1.8642,1.8681,1.864,1.8676,2215271.7
2025-12-28 10:15:00+00:00,1.8676,1.8689,1.8671,1.8685,1261882.5
2025-12-28 10:30:00+00:00,1.8685,1.8711,1.868,1.869,1468757.5
2025-12-28 10:45:00+00:00,1.869,1.8705,1.8683,1.8704,1429440.1
2025-12-28 11:00:00+00:00,1.8704,1.8732,1.8703,1.8732,1682162.0
2025-12-28 11:15:00+00:00,1.8732,1.8733,1.8705,1.8707,675767.3
2025-12-28 11:30:00+00:00,1.8707,1.8711,1.8685,1.8695,995182.6
2025-12-28 11:45:00+00:00,1.8695,1.8718,1.8687,1.8712,1204036.9
2025-12-28 12:00:00+00:00,1.8712,1.8718,1.8687,1.8701,1240306.7
2025-12-28 12:15:00+00:00,1.8701,1.8708,1.869,1.8698,582703.3
2025-12-28 12:30:00+00:00,1.8697,1.8705,1.8653,1.8663,2213670.5
2025-12-28 12:45:00+00:00,1.8662,1.8671,1.8647,1.8656,1459152.8
2025-12-28 13:00:00+00:00,1.8656,1.869,1.8643,1.8663,2121002.6
2025-12-28 13:15:00+00:00,1.8663,1.8688,1.8658,1.8674,915757.3
2025-12-28 13:30:00+00:00,1.8674,1.8696,1.8671,1.8679,1002424.8
2025-12-28 13:45:00+00:00,1.8679,1.8681,1.8651,1.8665,1292298.7
2025-12-28 14:00:00+00:00,1.8664,1.8709,1.8661,1.87,1834584.6
2025-12-28 14:15:00+00:00,1.87,1.8727,1.8697,1.8719,1398386.7
2025-12-28 14:30:00+00:00,1.8719,1.8761,1.8703,1.8736,2788914.6
2025-12-28 14:45:00+00:00,1.8736,1.8757,1.87,1.8702,2333978.7
2025-12-28 15:00:00+00:00,1.8702,1.8746,1.8693,1.8732,1554051.8
2025-12-28 15:15:00+00:00,1.8732,1.874,1.8705,1.8716,1105891.4
2025-12-28 15:30:00+00:00,1.8715,1.8741,1.8694,1.8728,2128090.1
2025-12-28 15:45:00+00:00,1.8728,1.8735,1.8681,1.8692,1736314.4
2025-12-28 16:00:00+00:00,1.8691,1.8709,1.8691,1.8704,1384123.1
2025-12-28 16:15:00+00:00,1.8705,1.8722,1.8652,1.8677,2215724.6
2025-12-28 16:30:00+00:00,1.8676,1.869,1.8653,1.8654,1578035.5
2025-12-28 16:45:00+00:00,1.8653,1.8666,1.8652,1.8658,1196365.7
2025-12-28 17:00:00+00:00,1.8657,1.8691,1.8654,1.8688,939762.2
2025-12-28 17:15:00+00:00,1.8687,1.8708,1.8686,1.87,1348866.9
2025-12-28 17:30:00+00:00,1.87,1.8704,1.868,1.8698,725207.5
2025-12-28 17:45:00+00:00,1.8698,1.8706,1.8674,1.8674,949808.4
2025-12-28 18:00:00+00:00,1.8674,1.8678,1.8604,1.8618,6886054.1
2025-12-28 18:15:00+00:00,1.8618,1.8618,1.8517,1.8592,12925328.6
2025-12-28 18:30:00+00:00,1.8592,1.8612,1.8583,1.8595,1538167.0
2025-12-28 18:45:00+00:00,1.8596,1.8596,1.8548,1.8559,2539615.8
2025-12-28 19:00:00+00:00,1.8559,1.8596,1.8528,1.8579,3039670.8
2025-12-28 19:15:00+00:00,1.8579,1.8583,1.8544,1.8548,1933379.5
2025-12-28 19:30:00+00:00,1.8547,1.8562,1.8536,1.8539,1566184.9
2025-12-28 19:45:00+00:00,1.854,1.8571,1.8535,1.8564,1237419.9
2025-12-28 20:00:00+00:00,1.8563,1.8572,1.8531,1.856,2132796.7
2025-12-28 20:15:00+00:00,1.856,1.8613,1.856,1.8604,1642557.4
2025-12-28 20:30:00+00:00,1.8604,1.8605,1.8582,1.86,794932.8
2025-12-28 20:45:00+00:00,1.8601,1.862,1.8569,1.8572,1774274.8
2025-12-28 21:00:00+00:00,1.8572,1.8582,1.8544,1.8577,1760483.9
2025-12-28 21:15:00+00:00,1.8576,1.8598,1.8564,1.8572,1058943.4
2025-12-28 21:30:00+00:00,1.8571,1.8595,1.8565,1.8585,741446.8
2025-12-28 21:45:00+00:00,1.8585,1.8621,1.8582,1.8611,2468721.9
2025-12-28 22:00:00+00:00,1.8611,1.8624,1.8598,1.8619,2043764.7
2025-12-28 22:15:00+00:00,1.8619,1.8632,1.8591,1.8618,1416583.9
2025-12-28 22:30:00+00:00,1.8618,1.8639,1.8599,1.8633,732843.4
2025-12-28 22:45:00+00:00,1.8633,1.8706,1.8632,1.8679,2351322.5
2025-12-28 23:00:00+00:00,1.8679,1.8697,1.8612,1.8621,2413659.6
2025-12-28 23:15:00+00:00,1.862,1.8654,1.8603,1.8603,1631487.7
2025-12-28 23:30:00+00:00,1.8604,1.8637,1.8586,1.8632,1250591.5
2025-12-28 23:45:00+00:00,1.8632,1.8674,1.8628,1.8646,2091475.6
2025-12-29 00:00:00+00:00,1.8646,1.867,1.8623,1.8643,1901715.2
2025-12-29 00:15:00+00:00,1.8644,1.8706,1.8619,1.8698,2790095.8
2025-12-29 00:30:00+00:00,1.8699,1.877,1.8699,1.8732,7947744.2
2025-12-29 00:45:00+00:00,1.8731,1.8768,1.8716,1.8727,2816685.5
2025-12-29 01:00:00+00:00,1.8726,1.8742,1.8675,1.8695,3298236.3
2025-12-29 01:15:00+00:00,1.8695,1.8736,1.8642,1.8723,2456427.9
2025-12-29 01:30:00+00:00,1.8723,1.886,1.8698,1.8807,10676490.0
2025-12-29 01:45:00+00:00,1.8807,1.8852,1.88,1.8813,3273284.3
2025-12-29 02:00:00+00:00,1.8813,1.895,1.8813,1.8933,12096460.4
2025-12-29 02:15:00+00:00,1.8934,1.8968,1.8868,1.891,6501339.6
2025-12-29 02:30:00+00:00,1.891,1.8947,1.8893,1.8894,3003935.1
2025-12-29 02:45:00+00:00,1.8893,1.8924,1.8892,1.8911,1547376.6
2025-12-29 03:00:00+00:00,1.8911,1.8971,1.8904,1.897,3210401.1
2025-12-29 03:15:00+00:00,1.897,1.899,1.8954,1.8986,3091708.9
2025-12-29 03:30:00+00:00,1.8986,1.9164,1.8985,1.9124,13539617.1
2025-12-29 03:45:00+00:00,1.9123,1.9167,1.9098,1.9141,5431345.4
2025-12-29 04:00:00+00:00,1.9141,1.917,1.9092,1.9131,6053878.1
2025-12-29 04:15:00+00:00,1.913,1.9161,1.9091,1.9105,3659860.8
2025-12-29 04:30:00+00:00,1.9105,1.9158,1.9097,1.9117,3280601.9
2025-12-29 04:45:00+00:00,1.9117,1.9142,1.9104,1.9133,2195732.9
2025-12-29 05:00:00+00:00,1.9133,1.914,1.9104,1.9134,3420251.9
2025-12-29 05:15:00+00:00,1.9135,1.9135,1.9062,1.9075,4615313.9
2025-12-29 05:30:00+00:00,1.9074,1.9098,1.9053,1.909,3779568.5
2025-12-29 05:45:00+00:00,1.909,1.909,1.9017,1.9018,3451510.9
2025-12-29 06:00:00+00:00,1.9018,1.9052,1.898,1.9043,4561113.7
2025-12-29 06:15:00+00:00,1.9044,1.9079,1.9022,1.9024,1818030.7
2025-12-29 06:30:00+00:00,1.9024,1.9051,1.902,1.905,1901303.9
2025-12-29 06:45:00+00:00,1.905,1.905,1.9005,1.901,2158987.6
2025-12-29 07:00:00+00:00,1.9009,1.9035,1.8923,1.8973,7724404.3
2025-12-29 07:15:00+00:00,1.8974,1.8981,1.8906,1.892,4497653.3
2025-12-29 07:30:00+00:00,1.8921,1.8997,1.8921,1.8959,2515724.7
2025-12-29 07:45:00+00:00,1.8958,1.9014,1.8957,1.9002,1939413.7
2025-12-29 08:00:00+00:00,1.9002,1.9031,1.8971,1.9025,3096659.7
2025-12-29 08:15:00+00:00,1.9025,1.9043,1.9012,1.9036,3402732.4
2025-12-29 08:30:00+00:00,1.9037,1.904,1.8987,1.9008,2753017.5
2025-12-29 08:45:00+00:00,1.9007,1.9016,1.8957,1.898,3121571.5
2025-12-29 09:00:00+00:00,1.898,1.8988,1.8951,1.8965,2516444.1
2025-12-29 09:15:00+00:00,1.8965,1.8982,1.8932,1.894,1789400.6
2025-12-29 09:30:00+00:00,1.8941,1.8945,1.8703,1.873,23424424.3
2025-12-29 09:45:00+00:00,1.873,1.8754,1.865,1.8753,15603271.4
2025-12-29 10:00:00+00:00,1.8752,1.8825,1.8728,1.879,7364492.6
2025-12-29 10:15:00+00:00,1.879,1.8793,1.8761,1.8773,2908816.2
2025-12-29 10:30:00+00:00,1.8773,1.8779,1.8746,1.8774,1915596.3
2025-12-29 10:45:00+00:00,1.8774,1.8795,1.8722,1.8751,2987457.3
2025-12-29 11:00:00+00:00,1.875,1.8761,1.8721,1.8757,2458222.7
2025-12-29 11:15:00+00:00,1.8757,1.8763,1.8738,1.8745,1692603.5
2025-12-29 11:30:00+00:00,1.8744,1.8744,1.8721,1.8725,1831547.6
2025-12-29 11:45:00+00:00,1.8726,1.8741,1.8705,1.8708,3898065.9
2025-12-29 12:00:00+00:00,1.8708,1.8728,1.8541,1.8597,20982889.5
2025-12-29 12:15:00+00:00,1.8597,1.8669,1.8544,1.8643,10961232.5
2025-12-29 12:30:00+00:00,1.8643,1.8675,1.8626,1.8654,3718633.5
2025-12-29 12:45:00+00:00,1.8654,1.8676,1.8647,1.8661,1553934.4
2025-12-29 13:00:00+00:00,1.8662,1.8692,1.8644,1.8651,2937181.1
2025-12-29 13:15:00+00:00,1.865,1.8672,1.8614,1.862,3000164.4
2025-12-29 13:30:00+00:00,1.8619,1.863,1.8591,1.8599,2660422.3
2025-12-29 13:45:00+00:00,1.8598,1.8625,1.8566,1.8624,3368161.5
2025-12-29 14:00:00+00:00,1.8623,1.8649,1.8599,1.8636,3854921.0
2025-12-29 14:15:00+00:00,1.8636,1.8667,1.8587,1.8663,3170402.4
2025-12-29 14:30:00+00:00,1.8663,1.8779,1.8634,1.8736,12121787.7
2025-12-29 14:45:00+00:00,1.8736,1.8749,1.8633,1.8658,6672544.6
2025-12-29 15:00:00+00:00,1.8658,1.8712,1.8624,1.871,6152951.1
2025-12-29 15:15:00+00:00,1.8709,1.8734,1.8667,1.8708,3230117.0
2025-12-29 15:30:00+00:00,1.8707,1.8723,1.8652,1.8696,2848130.3
2025-12-29 15:45:00+00:00,1.8696,1.8696,1.8632,1.8641,2733085.0
2025-12-29 16:00:00+00:00,1.8641,1.868,1.8625,1.8658,3144935.2
2025-12-29 16:15:00+00:00,1.8659,1.8659,1.8568,1.8599,4910100.5
2025-12-29 16:30:00+00:00,1.8599,1.8627,1.8592,1.8612,1768889.1
2025-12-29 16:45:00+00:00,1.8613,1.8652,1.8601,1.8611,1784286.1
2025-12-29 17:00:00+00:00,1.8611,1.8636,1.8605,1.8614,1673140.2
2025-12-29 17:15:00+00:00,1.8614,1.8645,1.8581,1.8596,3230298.8
2025-12-29 17:30:00+00:00,1.8597,1.8609,1.8575,1.8599,2411443.0
2025-12-29 17:45:00+00:00,1.8599,1.8652,1.8599,1.8645,2753749.0
2025-12-29 18:00:00+00:00,1.8646,1.8665,1.8593,1.8608,3305582.8
2025-12-29 18:15:00+00:00,1.8609,1.8644,1.8602,1.8607,1666123.7
2025-12-29 18:30:00+00:00,1.8608,1.8626,1.8578,1.8586,1656222.9
2025-12-29 18:45:00+00:00,1.8586,1.8591,1.8532,1.8539,5538309.2
2025-12-29 19:00:00+00:00,1.854,1.8581,1.8478,1.8559,8739356.1
2025-12-29 19:15:00+00:00,1.8559,1.8586,1.8538,1.8546,1966091.8
2025-12-29 19:30:00+00:00,1.8547,1.8579,1.852,1.8527,1829034.7
2025-12-29 19:45:00+00:00,1.8528,1.8539,1.8505,1.8522,2160265.2
2025-12-29 20:00:00+00:00,1.8522,1.8556,1.8491,1.8542,3202951.9
2025-12-29 20:15:00+00:00,1.8542,1.8562,1.8479,1.848,2925497.5
2025-12-29 20:30:00+00:00,1.848,1.8504,1.844,1.8478,4772706.3
2025-12-29 20:45:00+00:00,1.8479,1.8499,1.846,1.8483,3778689.8
2025-12-29 21:00:00+00:00,1.8483,1.851,1.8472,1.8505,2637014.0
2025-12-29 21:15:00+00:00,1.8505,1.8505,1.847,1.8483,1196195.1
2025-12-29 21:30:00+00:00,1.8483,1.8529,1.8471,1.8524,1266786.1
2025-12-29 21:45:00+00:00,1.8525,1.853,1.8513,1.8526,1290993.0
2025-12-29 22:00:00+00:00,1.8526,1.8527,1.844,1.8468,3345306.1
2025-12-29 22:15:00+00:00,1.8469,1.8518,1.8469,1.8496,1913728.1
2025-12-29 22:30:00+00:00,1.8497,1.8548,1.8491,1.8543,1561141.7
2025-12-29 22:45:00+00:00,1.8543,1.8544,1.8508,1.8509,982402.6
2025-12-29 23:00:00+00:00,1.851,1.8524,1.8494,1.8507,2129250.6
2025-12-29 23:15:00+00:00,1.8508,1.8515,1.8474,1.8478,2011681.9
2025-12-29 23:30:00+00:00,1.8479,1.8492,1.8462,1.8474,2257227.7
2025-12-29 23:45:00+00:00,1.8473,1.8502,1.8467,1.8494,1824297.9
2025-12-30 00:00:00+00:00,1.8494,1.8525,1.849,1.8518,2630824.0
2025-12-30 00:15:00+00:00,1.8517,1.8535,1.8502,1.8502,1242460.3
2025-12-30 00:30:00+00:00,1.8503,1.8505,1.8453,1.8485,2838685.9
2025-12-30 00:45:00+00:00,1.8485,1.8503,1.8479,1.8503,1223701.2
2025-12-30 01:00:00+00:00,1.8503,1.8505,1.847,1.8489,1144603.9
2025-12-30 01:15:00+00:00,1.8488,1.8505,1.8476,1.8479,999766.4
2025-12-30 01:30:00+00:00,1.8478,1.8483,1.8434,1.8457,2765490.8
2025-12-30 01:45:00+00:00,1.8457,1.8484,1.8456,1.8465,1289732.0
2025-12-30 02:00:00+00:00,1.8466,1.8471,1.8424,1.8457,2498056.6
2025-12-30 02:15:00+00:00,1.8457,1.8494,1.8453,1.8458,1298857.6
2025-12-30 02:30:00+00:00,1.8458,1.8485,1.8431,1.8479,2812900.7
2025-12-30 02:45:00+00:00,1.8478,1.8509,1.8472,1.8509,2549938.6
2025-12-30 03:00:00+00:00,1.8508,1.8516,1.8487,1.8503,2109481.5
2025-12-30 03:15:00+00:00,1.8503,1.857,1.8476,1.8567,5278173.4
2025-12-30 03:30:00+00:00,1.8567,1.8579,1.8556,1.857,2439195.6
2025-12-30 03:45:00+00:00,1.857,1.862,1.8569,1.8598,3568176.5
2025-12-30 04:00:00+00:00,1.8598,1.863,1.8561,1.8575,4102944.6
2025-12-30 04:15:00+00:00,1.8574,1.862,1.8574,1.8613,1314013.2
2025-12-30 04:30:00+00:00,1.8613,1.862,1.8596,1.8619,1109339.0
2025-12-30 04:45:00+00:00,1.8619,1.8619,1.8592,1.8595,871179.0
2025-12-30 05:00:00+00:00,1.8596,1.8614,1.8586,1.8612,1416117.1
2025-12-30 05:15:00+00:00,1.8613,1.8613,1.8563,1.8573,1271642.4
2025-12-30 05:30:00+00:00,1.8573,1.8574,1.8538,1.8556,2186013.0
2025-12-30 05:45:00+00:00,1.8557,1.8583,1.8548,1.8576,1304381.7
2025-12-30 06:00:00+00:00,1.8576,1.8632,1.857,1.8627,2551795.5
2025-12-30 06:15:00+00:00,1.8627,1.864,1.8608,1.8624,1348125.1
2025-12-30 06:30:00+00:00,1.8624,1.8654,1.8616,1.8648,1972358.8
2025-12-30 06:45:00+00:00,1.8648,1.8665,1.8603,1.8608,2261483.6
2025-12-30 07:00:00+00:00,1.8608,1.8628,1.8587,1.8624,1771238.4
2025-12-30 07:15:00+00:00,1.8624,1.8642,1.857,1.8571,2174650.3
2025-12-30 07:30:00+00:00,1.857,1.8618,1.855,1.8595,4111616.3
2025-12-30 07:45:00+00:00,1.8595,1.8606,1.8582,1.8591,971510.7
2025-12-30 08:00:00+00:00,1.8592,1.8711,1.8586,1.8656,7633275.8
2025-12-30 08:15:00+00:00,1.8656,1.87,1.8606,1.8635,5636712.8
2025-12-30 08:30:00+00:00,1.8634,1.868,1.8625,1.866,2839344.6
2025-12-30 08:45:00+00:00,1.8659,1.8665,1.8642,1.8659,1439508.1
2025-12-30 09:00:00+00:00,1.8659,1.868,1.8651,1.8665,1613693.0
2025-12-30 09:15:00+00:00,1.8664,1.8665,1.8632,1.8643,1740642.6
2025-12-30 09:30:00+00:00,1.8643,1.8675,1.8638,1.8671,1061699.8
2025-12-30 09:45:00+00:00,1.867,1.8705,1.8662,1.8678,2047328.9
2025-12-30 10:00:00+00:00,1.8678,1.8689,1.8653,1.8656,1896069.7
2025-12-30 10:15:00+00:00,1.8657,1.8685,1.8656,1.8668,1192824.9
2025-12-30 10:30:00+00:00,1.8668,1.8668,1.8642,1.8662,1534022.8
2025-12-30 10:45:00+00:00,1.8663,1.8665,1.8603,1.8606,2917722.7
2025-12-30 11:00:00+00:00,1.8607,1.8629,1.8595,1.8615,1978503.6
2025-12-30 11:15:00+00:00,1.8615,1.8623,1.8608,1.8611,671968.4
2025-12-30 11:30:00+00:00,1.8611,1.8624,1.8593,1.8605,1356693.0
2025-12-30 11:45:00+00:00,1.8606,1.8631,1.8591,1.8612,2081485.6
2025-12-30 12:00:00+00:00,1.8612,1.8656,1.8604,1.8649,3527120.4
2025-12-30 12:15:00+00:00,1.8649,1.8669,1.8645,1.866,1807905.1
2025-12-30 12:30:00+00:00,1.8661,1.8661,1.8642,1.8643,1192137.7
2025-12-30 12:45:00+00:00,1.8643,1.8649,1.8623,1.8628,1541560.9
2025-12-30 13:00:00+00:00,1.8629,1.8629,1.8592,1.8605,3080366.9
2025-12-30 13:15:00+00:00,1.8605,1.8638,1.8602,1.8625,1879985.2
2025-12-30 13:30:00+00:00,1.8626,1.8639,1.8601,1.8633,1401887.2
2025-12-30 13:45:00+00:00,1.8633,1.8642,1.8625,1.8628,1239212.3
2025-12-30 14:00:00+00:00,1.8628,1.8628,1.8528,1.8602,6732077.5
2025-12-30 14:15:00+00:00,1.8603,1.8654,1.8592,1.8616,2965217.2
2025-12-30 14:30:00+00:00,1.8615,1.8678,1.8581,1.8641,4972885.6
2025-12-30 14:45:00+00:00,1.8641,1.8749,1.8621,1.8724,9762161.9
2025-12-30 15:00:00+00:00,1.8724,1.8762,1.8634,1.8663,7933138.0
2025-12-30 15:15:00+00:00,1.8663,1.87,1.8645,1.8696,2823277.3
2025-12-30 15:30:00+00:00,1.8696,1.8739,1.8688,1.8736,3140393.2
2025-12-30 15:45:00+00:00,1.8736,1.8786,1.871,1.8768,5479048.6
2025-12-30 16:00:00+00:00,1.8768,1.879,1.8727,1.8729,4787033.3
2025-12-30 16:15:00+00:00,1.8729,1.8811,1.8724,1.8785,4801931.1
2025-12-30 16:30:00+00:00,1.8785,1.8789,1.8709,1.8713,3111569.2
2025-12-30 16:45:00+00:00,1.8713,1.8791,1.8688,1.8773,4585540.5
2025-12-30 17:00:00+00:00,1.8773,1.8822,1.8768,1.8814,5076215.8
2025-12-30 17:15:00+00:00,1.8813,1.8824,1.8771,1.8819,6252812.1
2025-12-30 17:30:00+00:00,1.882,1.8857,1.876,1.8765,17115814.0
2025-12-30 17:45:00+00:00,1.8764,1.8771,1.8711,1.8737,6259986.4
2025-12-30 18:00:00+00:00,1.8737,1.8766,1.8728,1.8758,2334194.3
2025-12-30 18:15:00+00:00,1.8757,1.8796,1.875,1.8781,2341392.9
2025-12-30 18:30:00+00:00,1.8782,1.8828,1.877,1.8786,3585378.1
2025-12-30 18:45:00+00:00,1.8786,1.8796,1.8741,1.8778,3465837.3
2025-12-30 19:00:00+00:00,1.8778,1.8786,1.87,1.8732,6069754.3
2025-12-30 19:15:00+00:00,1.8732,1.8778,1.8729,1.8775,2865621.7
2025-12-30 19:30:00+00:00,1.8775,1.8795,1.8755,1.8761,2698184.1
2025-12-30 19:45:00+00:00,1.8761,1.8762,1.8725,1.8754,1485629.8
2025-12-30 20:00:00+00:00,1.8754,1.8758,1.8729,1.8748,1454872.2
2025-12-30 20:15:00+00:00,1.8748,1.8758,1.8704,1.8705,2236496.7
2025-12-30 20:30:00+00:00,1.8705,1.8715,1.8672,1.869,4594499.3
2025-12-30 20:45:00+00:00,1.8691,1.8705,1.8652,1.8681,4110288.5
2025-12-30 21:00:00+00:00,1.8682,1.8723,1.8669,1.87,2039625.7
2025-12-30 21:15:00+00:00,1.87,1.8721,1.8689,1.87,1326009.9
2025-12-30 21:30:00+00:00,1.87,1.8712,1.8683,1.8708,1307298.8
2025-12-30 21:45:00+00:00,1.8708,1.8724,1.8697,1.8722,1079578.0
2025-12-30 22:00:00+00:00,1.8722,1.8778,1.8722,1.8766,1933523.6
2025-12-30 22:15:00+00:00,1.8765,1.8766,1.8725,1.8766,1613185.8
2025-12-30 22:30:00+00:00,1.8766,1.8768,1.871,1.8718,1446720.4
2025-12-30 22:45:00+00:00,1.8718,1.8726,1.8704,1.8709,741941.8
2025-12-30 23:00:00+00:00,1.8708,1.8734,1.87,1.8718,1643899.9
2025-12-30 23:15:00+00:00,1.8719,1.8767,1.8719,1.8765,1680674.3
2025-12-30 23:30:00+00:00,1.8765,1.8774,1.8754,1.8765,1233280.3
2025-12-30 23:45:00+00:00,1.8766,1.8773,1.8752,1.8765,966724.1
2025-12-31 00:00:00+00:00,1.8765,1.8765,1.8725,1.8728,2585697.4
