timestamp,open,high,low,close,volume
2026-01-01 00:00:00+00:00,1.8411,1.8427,1.8411,1.8411,804914.7
2026-01-01 00:05:00+00:00,1.8411,1.8431,1.8399,1.8413,1301988.3
2026-01-01 00:10:00+00:00,1.8412,1.8414,1.839,1.8395,516450.6
2026-01-01 00:15:00+00:00,1.8394,1.8419,1.8394,1.8403,596891.2
2026-01-01 00:20:00+00:00,1.8402,1.8428,1.8402,1.8414,464304.0
2026-01-01 00:25:00+00:00,1.8415,1.8429,1.8413,1.8428,470502.9
2026-01-01 00:30:00+00:00,1.8429,1.8451,1.8424,1.8436,1681330.8
2026-01-01 00:35:00+00:00,1.8437,1.8445,1.8419,1.842,886660.1
2026-01-01 00:40:00+00:00,1.842,1.8429,1.8409,1.8427,784241.5
2026-01-01 00:45:00+00:00,1.8427,1.8445,1.8414,1.8443,1219804.8
2026-01-01 00:50:00+00:00,1.8442,1.8486,1.8439,1.8449,2160470.9
2026-01-01 00:55:00+00:00,1.8449,1.8451,1.8439,1.8442,309033.6
2026-01-01 01:00:00+00:00,1.8442,1.845,1.8429,1.8429,830942.7
2026-01-01 01:05:00+00:00,1.8429,1.8455,1.8425,1.8452,805322.9
2026-01-01 01:10:00+00:00,1.8452,1.8463,1.8446,1.8455,431082.0
2026-01-01 01:15:00+00:00,1.8456,1.8465,1.8423,1.8425,935302.6
2026-01-01 01:20:00+00:00,1.8426,1.8443,1.8415,1.8441,701653.7
2026-01-01 01:25:00+00:00,1.8441,1.8441,1.8411,1.8411,550632.7
2026-01-01 01:30:00+00:00,1.8411,1.842,1.8399,1.8402,712812.2
2026-01-01 01:35:00+00:00,1.8402,1.8414,1.839,1.8409,496693.1
2026-01-01 01:40:00+00:00,1.8409,1.8429,1.8402,1.842,448815.8
2026-01-01 01:45:00+00:00,1.8421,1.8422,1.8397,1.8401,313800.0
2026-01-01 01:50:00+00:00,1.8401,1.8414,1.8394,1.841,494001.7
2026-01-01 01:55:00+00:00,1.841,1.8416,1.84,1.8403,329611.9
2026-01-01 02:00:00+00:00,1.8403,1.8406,1.8393,1.8406,341454.5
2026-01-01 02:05:00+00:00,1.8406,1.8416,1.8405,1.8411,353920.1
2026-01-01 02:10:00+00:00,1.8412,1.8418,1.8402,1.8407,393863.7
2026-01-01 02:15:00+00:00,1.8407,1.8411,1.8398,1.8398,349548.8
2026-01-01 02:20:00+00:00,1.8399,1.8404,1.8384,1.8394,537264.7
2026-01-01 02:25:00+00:00,1.8394,1.8397,1.8379,1.8384,449162.7
2026-01-01 02:30:00+00:00,1.8383,1.842,1.8383,1.8402,1344093.2
2026-01-01 02:35:00+00:00,1.8403,1.8407,1.839,1.84,1702051.7
2026-01-01 02:40:00+00:00,1.84,1.8407,1.8399,1.8405,223740.1
2026-01-01 02:45:00+00:00,1.8406,1.8406,1.8391,1.8393,520346.3
2026-01-01 02:50:00+00:00,1.8393,1.8399,1.8386,1.839,436617.2
2026-01-01 02:55:00+00:00,1.839,1.8397,1.8387,1.8387,377395.8
2026-01-01 03:00:00+00:00,1.8388,1.8397,1.8382,1.8384,546877.1
2026-01-01 03:05:00+00:00,1.8384,1.8392,1.8378,1.8378,422378.5
2026-01-01 03:10:00+00:00,1.8379,1.8405,1.8378,1.8405,683883.8
2026-01-01 03:15:00+00:00,1.8405,1.8408,1.8394,1.8399,405469.2
2026-01-01 03:20:00+00:00,1.8398,1.8407,1.8389,1.8395,254766.9
2026-01-01 03:25:00+00:00,1.8394,1.8401,1.8386,1.8392,358051.4
2026-01-01 03:30:00+00:00,1.8392,1.8401,1.8388,1.8401,233733.0
2026-01-01 03:35:00+00:00,1.84,1.8401,1.8382,1.8384,296734.0
2026-01-01 03:40:00+00:00,1.8383,1.8388,1.8382,1.8384,238458.2
2026-01-01 03:45:00+00:00,1.8384,1.8385,1.8363,1.8369,964651.4
2026-01-01 03:50:00+00:00,1.8369,1.8369,1.8341,1.8348,1259123.7
2026-01-01 03:55:00+00:00,1.8347,1.8354,1.8328,1.8335,1116314.6
2026-01-01 04:00:00+00:00,1.8334,1.8336,1.8323,1.8329,705553.3
2026-01-01 04:05:00+00:00,1.833,1.8337,1.8309,1.8309,968659.9
2026-01-01 04:10:00+00:00,1.831,1.8311,1.8275,1.8278,2794922.8
2026-01-01 04:15:00+00:00,1.8277,1.828,1.8247,1.8272,2076300.2
2026-01-01 04:20:00+00:00,1.8273,1.828,1.8265,1.8279,728695.3
2026-01-01 04:25:00+00:00,1.828,1.8295,1.8279,1.8287,899521.3
2026-01-01 04:30:00+00:00,1.8286,1.8295,1.8286,1.8291,380022.4
2026-01-01 04:35:00+00:00,1.8291,1.8306,1.8291,1.8306,280623.0
2026-01-01 04:40:00+00:00,1.8305,1.831,1.828,1.8281,651273.4
2026-01-01 04:45:00+00:00,1.8281,1.8287,1.8277,1.8279,691820.5
2026-01-01 04:50:00+00:00,1.8279,1.8296,1.827,1.8296,795427.3
2026-01-01 04:55:00+00:00,1.8296,1.831,1.8295,1.8298,791120.9
2026-01-01 05:00:00+00:00,1.8297,1.8348,1.8297,1.8347,861380.4
2026-01-01 05:05:00+00:00,1.8348,1.8422,1.8347,1.8405,2654908.5
2026-01-01 05:10:00+00:00,1.8405,1.8439,1.8403,1.8436,1506021.2
2026-01-01 05:15:00+00:00,1.8437,1.8475,1.8434,1.8468,2485252.7
2026-01-01 05:20:00+00:00,1.8468,1.8488,1.846,1.8472,2759945.8
2026-01-01 05:25:00+00:00,1.8473,1.8509,1.8467,1.8509,1655829.4
2026-01-01 05:30:00+00:00,1.8509,1.8545,1.8485,1.8497,4692510.7
2026-01-01 05:35:00+00:00,1.8497,1.8497,1.8459,1.8469,1189737.1
2026-01-01 05:40:00+00:00,1.8469,1.8479,1.8463,1.847,578009.1
2026-01-01 05:45:00+00:00,1.847,1.8479,1.8462,1.8464,607679.5
2026-01-01 05:50:00+00:00,1.8464,1.8475,1.8458,1.8464,686625.2
2026-01-01 05:55:00+00:00,1.8464,1.8464,1.8432,1.844,759536.4
2026-01-01 06:00:00+00:00,1.844,1.8465,1.8432,1.8463,946365.0
2026-01-01 06:05:00+00:00,1.8464,1.8466,1.8444,1.8448,803257.3
2026-01-01 06:10:00+00:00,1.8448,1.8463,1.8442,1.8462,599253.8
2026-01-01 06:15:00+00:00,1.8461,1.8462,1.8433,1.8449,431763.8
2026-01-01 06:20:00+00:00,1.8448,1.8459,1.8445,1.8459,436287.6
2026-01-01 06:25:00+00:00,1.8459,1.8462,1.8455,1.8456,279267.7
2026-01-01 06:30:00+00:00,1.8455,1.8464,1.8449,1.8464,283060.5
2026-01-01 06:35:00+00:00,1.8464,1.8464,1.8446,1.8453,409246.6
2026-01-01 06:40:00+00:00,1.8453,1.8458,1.8446,1.8451,336476.9
2026-01-01 06:45:00+00:00,1.8451,1.847,1.845,1.8451,449416.5
2026-01-01 06:50:00+00:00,1.8451,1.8465,1.8451,1.8454,355265.3
2026-01-01 06:55:00+00:00,1.8454,1.8457,1.844,1.8444,395601.1
2026-01-01 07:00:00+00:00,1.8444,1.8461,1.8443,1.8454,316970.4
2026-01-01 07:05:00+00:00,1.8454,1.846,1.845,1.8451,219264.0
2026-01-01 07:10:00+00:00,1.8452,1.8452,1.8432,1.8441,566130.2
2026-01-01 07:15:00+00:00,1.8441,1.8453,1.8439,1.8445,288461.1
2026-01-01 07:20:00+00:00,1.8444,1.8444,1.8427,1.8428,630480.8
2026-01-01 07:25:00+00:00,1.8429,1.844,1.8419,1.8425,636675.2
2026-01-01 07:30:00+00:00,1.8425,1.8435,1.8425,1.8435,572289.7
2026-01-01 07:35:00+00:00,1.8435,1.8443,1.8428,1.8429,284238.1
2026-01-01 07:40:00+00:00,1.8429,1.8439,1.842,1.8429,463026.4
2026-01-01 07:45:00+00:00,1.8429,1.8429,1.8404,1.8415,482879.3
2026-01-01 07:50:00+00:00,1.8415,1.843,1.8412,1.8413,660416.6
2026-01-01 07:55:00+00:00,1.8414,1.8418,1.8404,1.8413,527830.6
2026-01-01 08:00:00+00:00,1.8413,1.8421,1.8405,1.8411,844266.2
2026-01-01 08:05:00+00:00,1.8411,1.8435,1.8409,1.8433,472388.5
2026-01-01 08:10:00+00:00,1.8433,1.8439,1.8419,1.8428,571220.6
2026-01-01 08:15:00+00:00,1.8428,1.8452,1.8427,1.8445,508576.5
2026-01-01 08:20:00+00:00,1.8446,1.8457,1.8438,1.844,570576.7
2026-01-01 08:25:00+00:00,1.8439,1.8452,1.8439,1.845,330743.6
2026-01-01 08:30:00+00:00,1.845,1.8466,1.8449,1.8461,740448.8
2026-01-01 08:35:00+00:00,1.8462,1.8466,1.8453,1.8462,303284.7
2026-01-01 08:40:00+00:00,1.8462,1.8462,1.8448,1.8456,516364.7
2026-01-01 08:45:00+00:00,1.8456,1.8473,1.8456,1.8463,538680.5
2026-01-01 08:50:00+00:00,1.8462,1.8468,1.8461,1.8466,302988.4
2026-01-01 08:55:00+00:00,1.8467,1.8504,1.8463,1.8489,1405668.5
2026-01-01 09:00:00+00:00,1.8489,1.8512,1.8486,1.8509,1052387.7
2026-01-01 09:05:00+00:00,1.851,1.8542,1.85,1.8528,1623107.2
2026-01-01 09:10:00+00:00,1.8527,1.8534,1.8509,1.8514,737327.4
2026-01-01 09:15:00+00:00,1.8514,1.8529,1.851,1.8518,460505.8
2026-01-01 09:20:00+00:00,1.8519,1.8522,1.8496,1.8504,878603.2
2026-01-01 09:25:00+00:00,1.8504,1.8506,1.8482,1.849,725948.5
2026-01-01 09:30:00+00:00,1.8491,1.8496,1.8482,1.8487,396269.5
2026-01-01 09:35:00+00:00,1.8487,1.8506,1.8486,1.8505,609131.8
2026-01-01 09:40:00+00:00,1.8505,1.8516,1.85,1.8508,312499.4
2026-01-01 09:45:00+00:00,1.8508,1.8511,1.8504,1.8509,256547.4
2026-01-01 09:50:00+00:00,1.8508,1.8522,1.8505,1.8511,234419.6
2026-01-01 09:55:00+00:00,1.8511,1.8516,1.8501,1.8511,430424.8
2026-01-01 10:00:00+00:00,1.8511,1.8517,1.8501,1.8516,453058.3
2026-01-01 10:05:00+00:00,1.8517,1.8523,1.8514,1.8515,742601.6
2026-01-01 10:10:00+00:00,1.8515,1.8523,1.8513,1.8519,259355.1
2026-01-01 10:15:00+00:00,1.8519,1.8519,1.851,1.8516,279469.3
2026-01-01 10:20:00+00:00,1.8516,1.8519,1.8514,1.8516,235255.6
2026-01-01 10:25:00+00:00,1.8516,1.8519,1.8512,1.8518,372200.2
2026-01-01 10:30:00+00:00,1.8518,1.8531,1.8515,1.852,748426.3
2026-01-01 10:35:00+00:00,1.8519,1.8528,1.8515,1.8525,338618.3
2026-01-01 10:40:00+00:00,1.8525,1.8531,1.8523,1.8529,284909.8
2026-01-01 10:45:00+00:00,1.8528,1.8538,1.8518,1.8531,646987.0
2026-01-01 10:50:00+00:00,1.853,1.8532,1.8521,1.8527,324426.2
2026-01-01 10:55:00+00:00,1.8526,1.853,1.8518,1.8523,260528.8
2026-01-01 11:00:00+00:00,1.8523,1.8532,1.8521,1.8532,511265.3
2026-01-01 11:05:00+00:00,1.8532,1.8538,1.8528,1.8531,496806.9
2026-01-01 11:10:00+00:00,1.8531,1.8545,1.853,1.853,731014.6
2026-01-01 11:15:00+00:00,1.853,1.8554,1.8507,1.8507,1299044.2
2026-01-01 11:20:00+00:00,1.8507,1.8517,1.8505,1.8511,309749.9
2026-01-01 11:25:00+00:00,1.8511,1.8516,1.8506,1.8514,404996.9
2026-01-01 11:30:00+00:00,1.8514,1.852,1.8497,1.8501,724330.6
2026-01-01 11:35:00+00:00,1.8501,1.8507,1.8489,1.8498,823860.1
2026-01-01 11:40:00+00:00,1.8498,1.8514,1.8498,1.8514,326353.1
2026-01-01 11:45:00+00:00,1.8514,1.8552,1.8513,1.8542,1893875.5
2026-01-01 11:50:00+00:00,1.8542,1.8542,1.8528,1.8539,810707.8
2026-01-01 11:55:00+00:00,1.8539,1.8544,1.8533,1.8543,377282.7
2026-01-01 12:00:00+00:00,1.8544,1.8554,1.8535,1.8549,769175.1
2026-01-01 12:05:00+00:00,1.855,1.855,1.8532,1.854,486874.7
2026-01-01 12:10:00+00:00,1.854,1.8542,1.8525,1.8526,460624.8
2026-01-01 12:15:00+00:00,1.8525,1.8526,1.851,1.8517,601165.4
2026-01-01 12:20:00+00:00,1.8518,1.8522,1.8502,1.851,523486.2
2026-01-01 12:25:00+00:00,1.851,1.8518,1.8507,1.8514,360385.3
2026-01-01 12:30:00+00:00,1.8513,1.8521,1.8508,1.8515,540650.8
2026-01-01 12:35:00+00:00,1.8516,1.8528,1.8515,1.8528,201446.2
2026-01-01 12:40:00+00:00,1.8528,1.8532,1.8516,1.8519,682458.1
2026-01-01 12:45:00+00:00,1.8519,1.8533,1.8519,1.8523,518620.4
2026-01-01 12:50:00+00:00,1.8524,1.8525,1.8515,1.8519,214497.0
2026-01-01 12:55:00+00:00,1.8519,1.8525,1.8515,1.8516,240249.4
2026-01-01 13:00:00+00:00,1.8515,1.8519,1.851,1.8516,322549.6
2026-01-01 13:05:00+00:00,1.8517,1.8532,1.8516,1.8531,629752.6
2026-01-01 13:10:00+00:00,1.8531,1.8541,1.853,1.8541,262836.8
2026-01-01 13:15:00+00:00,1.8541,1.8583,1.854,1.8577,2498167.8
2026-01-01 13:20:00+00:00,1.8576,1.8581,1.8541,1.8553,1198859.4
2026-01-01 13:25:00+00:00,1.8553,1.8562,1.8553,1.8559,595071.8
2026-01-01 13:30:00+00:00,1.8559,1.8561,1.855,1.856,496353.3
2026-01-01 13:35:00+00:00,1.8561,1.8562,1.8555,1.8556,297808.4
2026-01-01 13:40:00+00:00,1.8555,1.8562,1.8555,1.8558,398343.3
2026-01-01 13:45:00+00:00,1.8558,1.856,1.8545,1.8558,689296.9
2026-01-01 13:50:00+00:00,1.8558,1.8562,1.8555,1.8562,326798.1
2026-01-01 13:55:00+00:00,1.8561,1.8576,1.8561,1.8572,584683.4
2026-01-01 14:00:00+00:00,1.8571,1.8585,1.8558,1.8569,1493008.4
2026-01-01 14:05:00+00:00,1.857,1.8582,1.855,1.8582,1669612.7
2026-01-01 14:10:00+00:00,1.8582,1.8591,1.8579,1.8587,907091.6
2026-01-01 14:15:00+00:00,1.8586,1.8587,1.8557,1.8561,1368834.6
2026-01-01 14:20:00+00:00,1.8561,1.8561,1.853,1.8536,982304.5
2026-01-01 14:25:00+00:00,1.8537,1.8537,1.8512,1.8524,1213154.6
2026-01-01 14:30:00+00:00,1.8524,1.8555,1.8512,1.8555,862977.5
2026-01-01 14:35:00+00:00,1.8554,1.857,1.8554,1.8559,870531.2
2026-01-01 14:40:00+00:00,1.8559,1.8566,1.8557,1.8566,277266.8
2026-01-01 14:45:00+00:00,1.8566,1.8573,1.856,1.8562,528636.5
2026-01-01 14:50:00+00:00,1.8562,1.8586,1.8561,1.8577,1209453.9
2026-01-01 14:55:00+00:00,1.8578,1.8578,1.8549,1.8551,539105.2
2026-01-01 15:00:00+00:00,1.8551,1.8555,1.8539,1.8543,465475.3
2026-01-01 15:05:00+00:00,1.8543,1.8557,1.8542,1.8547,350847.6
2026-01-01 15:10:00+00:00,1.8547,1.8565,1.8543,1.8557,367243.4
2026-01-01 15:15:00+00:00,1.8557,1.8572,1.8521,1.8523,1131288.1
2026-01-01 15:20:00+00:00,1.8523,1.8525,1.8513,1.8514,623457.8
2026-01-01 15:25:00+00:00,1.8514,1.8534,1.851,1.8534,937054.6
2026-01-01 15:30:00+00:00,1.8534,1.8557,1.8531,1.8539,950762.9
2026-01-01 15:35:00+00:00,1.8539,1.8545,1.8531,1.8533,571095.7
2026-01-01 15:40:00+00:00,1.8533,1.8599,1.8533,1.8565,2506807.9
2026-01-01 15:45:00+00:00,1.8566,1.8665,1.8557,1.8592,8014019.8
2026-01-01 15:50:00+00:00,1.8592,1.8611,1.8584,1.8609,1069591.2
2026-01-01 15:55:00+00:00,1.8609,1.8622,1.86,1.8618,670832.8
2026-01-01 16:00:00+00:00,1.8617,1.8638,1.8605,1.8625,2670298.3
2026-01-01 16:05:00+00:00,1.8624,1.8626,1.8602,1.861,1105403.6
2026-01-01 16:10:00+00:00,1.861,1.8611,1.8577,1.8594,910920.1
2026-01-01 16:15:00+00:00,1.8595,1.8603,1.8578,1.8594,1106177.0
2026-01-01 16:20:00+00:00,1.8595,1.8595,1.8544,1.8566,1607278.4
2026-01-01 16:25:00+00:00,1.8566,1.8595,1.8561,1.8588,819749.4
2026-01-01 16:30:00+00:00,1.8588,1.8614,1.8583,1.8603,824564.6
2026-01-01 16:35:00+00:00,1.8603,1.8611,1.8593,1.8594,553761.0
2026-01-01 16:40:00+00:00,1.8594,1.8626,1.8593,1.8608,654413.7
2026-01-01 16:45:00+00:00,1.8609,1.8623,1.8605,1.861,658076.6
2026-01-01 16:50:00+00:00,1.861,1.8627,1.8608,1.8622,862354.8
2026-01-01 16:55:00+00:00,1.8623,1.864,1.8614,1.8639,421641.1
2026-01-01 17:00:00+00:00,1.8638,1.8658,1.8634,1.865,1111862.9
2026-01-01 17:05:00+00:00,1.865,1.8674,1.8648,1.8667,1217798.4
2026-01-01 17:10:00+00:00,1.8666,1.8687,1.8664,1.8677,1181462.7
2026-01-01 17:15:00+00:00,1.8677,1.8687,1.8657,1.8663,1489088.4
2026-01-01 17:20:00+00:00,1.8663,1.8721,1.8662,1.8698,4087749.5
2026-01-01 17:25:00+00:00,1.8698,1.871,1.8674,1.8702,1738880.4
2026-01-01 17:30:00+00:00,1.8702,1.8747,1.8701,1.8718,3347215.6
2026-01-01 17:35:00+00:00,1.8718,1.8732,1.8714,1.8732,875270.4
2026-01-01 17:40:00+00:00,1.8732,1.8743,1.8707,1.871,1310730.6
2026-01-01 17:45:00+00:00,1.8711,1.872,1.8697,1.8713,947994.3
2026-01-01 17:50:00+00:00,1.8713,1.8729,1.8696,1.87,893887.0
2026-01-01 17:55:00+00:00,1.8701,1.8701,1.8673,1.8679,1435259.0
2026-01-01 18:00:00+00:00,1.8679,1.8705,1.8679,1.8694,1146739.4
2026-01-01 18:05:00+00:00,1.8694,1.87,1.8663,1.869,1101575.1
2026-01-01 18:10:00+00:00,1.869,1.8692,1.8661,1.8662,663670.8
2026-01-01 18:15:00+00:00,1.8662,1.8671,1.8654,1.8656,1467431.7
2026-01-01 18:20:00+00:00,1.8656,1.8665,1.8645,1.8651,1310540.4
2026-01-01 18:25:00+00:00,1.8651,1.8656,1.8643,1.8651,565508.4
2026-01-01 18:30:00+00:00,1.8651,1.8669,1.8651,1.8667,409598.4
2026-01-01 18:35:00+00:00,1.8666,1.8686,1.8666,1.8673,619837.2
2026-01-01 18:40:00+00:00,1.8673,1.8683,1.8666,1.8679,981149.9
2026-01-01 18:45:00+00:00,1.8678,1.8683,1.866,1.8667,366419.6
2026-01-01 18:50:00+00:00,1.8667,1.8668,1.8654,1.8655,315939.3
2026-01-01 18:55:00+00:00,1.8655,1.8686,1.8654,1.8686,785846.7
2026-01-01 19:00:00+00:00,1.8686,1.8706,1.8682,1.8696,767810.5
2026-01-01 19:05:00+00:00,1.8696,1.8696,1.8681,1.8683,218561.2
2026-01-01 19:10:00+00:00,1.8683,1.869,1.8666,1.8667,359668.3
2026-01-01 19:15:00+00:00,1.8667,1.8685,1.8666,1.8682,408507.2
2026-01-01 19:20:00+00:00,1.8682,1.8694,1.8674,1.8692,441028.3
2026-01-01 19:25:00+00:00,1.8691,1.8701,1.8691,1.8691,305800.7
2026-01-01 19:30:00+00:00,1.8692,1.8698,1.8685,1.8686,307218.0
2026-01-01 19:35:00+00:00,1.8686,1.8711,1.8684,1.8704,546263.2
2026-01-01 19:40:00+00:00,1.8705,1.8729,1.8704,1.872,956650.2
2026-01-01 19:45:00+00:00,1.8721,1.8723,1.8712,1.8721,566225.7
2026-01-01 19:50:00+00:00,1.8721,1.873,1.8717,1.8725,445093.4
2026-01-01 19:55:00+00:00,1.8725,1.8733,1.872,1.8733,382506.8
2026-01-01 20:00:00+00:00,1.8733,1.8754,1.8717,1.8722,2291621.8
2026-01-01 20:05:00+00:00,1.8723,1.8733,1.8716,1.8724,721286.5
2026-01-01 20:10:00+00:00,1.8725,1.8742,1.8714,1.8737,1597847.1
2026-01-01 20:15:00+00:00,1.8737,1.8752,1.8732,1.8742,504639.4
2026-01-01 20:20:00+00:00,1.8742,1.8754,1.8739,1.874,1257030.6
2026-01-01 20:25:00+00:00,1.874,1.8744,1.872,1.8725,1128841.9
2026-01-01 20:30:00+00:00,1.8726,1.8726,1.8675,1.8683,1921010.6
2026-01-01 20:35:00+00:00,1.8684,1.87,1.8672,1.87,853716.5
2026-01-01 20:40:00+00:00,1.87,1.8711,1.8689,1.8698,921227.6
2026-01-01 20:45:00+00:00,1.8698,1.8708,1.8693,1.8707,445797.2
2026-01-01 20:50:00+00:00,1.8707,1.8707,1.8683,1.8692,516147.0
2026-01-01 20:55:00+00:00,1.8692,1.8713,1.8691,1.8708,482916.4
2026-01-01 21:00:00+00:00,1.8708,1.8711,1.8691,1.8702,590842.2
2026-01-01 21:05:00+00:00,1.8702,1.8704,1.8688,1.8704,421741.9
2026-01-01 21:10:00+00:00,1.8704,1.8721,1.8703,1.8705,579741.5
2026-01-01 21:15:00+00:00,1.8706,1.8712,1.8698,1.871,591741.7
2026-01-01 21:20:00+00:00,1.8711,1.8711,1.8699,1.8699,251055.4
2026-01-01 21:25:00+00:00,1.8699,1.8702,1.8687,1.8688,337339.6
2026-01-01 21:30:00+00:00,1.8688,1.8692,1.8664,1.8675,703249.4
2026-01-01 21:35:00+00:00,1.8675,1.8695,1.8674,1.8691,444903.0
2026-01-01 21:40:00+00:00,1.8691,1.8698,1.8685,1.8686,196120.5
2026-01-01 21:45:00+00:00,1.8686,1.8691,1.8677,1.8691,292068.9
2026-01-01 21:50:00+00:00,1.8691,1.87,1.869,1.8695,232653.3
2026-01-01 21:55:00+00:00,1.8695,1.8704,1.8694,1.8703,243675.0
2026-01-01 22:00:00+00:00,1.8703,1.8713,1.8702,1.8713,257377.2
2026-01-01 22:05:00+00:00,1.8713,1.8724,1.8703,1.8721,706812.8
2026-01-01 22:10:00+00:00,1.8721,1.8723,1.8705,1.8719,699865.4
2026-01-01 22:15:00+00:00,1.8719,1.8721,1.8695,1.8699,707053.1
2026-01-01 22:20:00+00:00,1.8698,1.8701,1.869,1.8697,230095.4
2026-01-01 22:25:00+00:00,1.8697,1.8706,1.8697,1.8704,143827.0
2026-01-01 22:30:00+00:00,1.8704,1.8712,1.87,1.8701,336973.2
2026-01-01 22:35:00+00:00,1.8701,1.8701,1.8673,1.8685,509833.1
2026-01-01 22:40:00+00:00,1.8684,1.8711,1.8681,1.8709,505349.9
2026-01-01 22:45:00+00:00,1.871,1.8718,1.871,1.8718,318959.4
2026-01-01 22:50:00+00:00,1.8717,1.8745,1.8714,1.874,644175.0
2026-01-01 22:55:00+00:00,1.874,1.8758,1.874,1.8753,847922.1
2026-01-01 23:00:00+00:00,1.8754,1.8781,1.8711,1.8713,2893640.2
2026-01-01 23:05:00+00:00,1.8713,1.8749,1.8712,1.8749,925562.5
2026-01-01 23:10:00+00:00,1.8749,1.8752,1.8731,1.8739,768118.4
2026-01-01 23:15:00+00:00,1.8739,1.8768,1.8738,1.8761,517378.4
2026-01-01 23:20:00+00:00,1.8761,1.8792,1.876,1.8791,2254080.5
2026-01-01 23:25:00+00:00,1.8791,1.88,1.8781,1.8787,1311137.0
2026-01-01 23:30:00+00:00,1.8787,1.8798,1.8781,1.8787,1366366.9
2026-01-01 23:35:00+00:00,1.8786,1.8797,1.8786,1.8793,492956.8
2026-01-01 23:40:00+00:00,1.8793,1.8796,1.8777,1.8791,1206389.7
2026-01-01 23:45:00+00:00,1.879,1.8797,1.8765,1.877,1163660.8
2026-01-01 23:50:00+00:00,1.877,1.8786,1.877,1.8781,446104.0
2026-01-01 23:55:00+00:00,1.8782,1.8803,1.8781,1.8791,1276276.2
2026-01-02 00:00:00+00:00,1.8792,1.8814,1.8769,1.8772,2233410.4
2026-01-02 00:05:00+00:00,1.8773,1.8776,1.8748,1.875,1544278.5
2026-01-02 00:10:00+00:00,1.8751,1.8762,1.875,1.8758,743621.9
2026-01-02 00:15:00+00:00,1.8758,1.8761,1.8747,1.8752,815495.4
2026-01-02 00:20:00+00:00,1.8751,1.878,1.8751,1.8775,896192.2
2026-01-02 00:25:00+00:00,1.8775,1.8776,1.8757,1.8765,508628.2
2026-01-02 00:30:00+00:00,1.8764,1.8788,1.8764,1.8777,849574.8
2026-01-02 00:35:00+00:00,1.8777,1.8777,1.8755,1.8756,670626.7
2026-01-02 00:40:00+00:00,1.8755,1.8766,1.8739,1.8757,1091235.1
2026-01-02 00:45:00+00:00,1.8757,1.879,1.8756,1.8773,1150322.6
2026-01-02 00:50:00+00:00,1.8773,1.8783,1.8764,1.878,665847.5
2026-01-02 00:55:00+00:00,1.878,1.8786,1.8776,1.8786,340102.5
2026-01-02 01:00:00+00:00,1.8786,1.8793,1.8779,1.8787,632627.6
2026-01-02 01:05:00+00:00,1.8786,1.8791,1.8776,1.8777,387389.2
2026-01-02 01:10:00+00:00,1.8777,1.8795,1.8776,1.878,418019.7
2026-01-02 01:15:00+00:00,1.878,1.878,1.8766,1.8778,910071.4
2026-01-02 01:20:00+00:00,1.8777,1.8777,1.8755,1.8756,1019099.1
2026-01-02 01:25:00+00:00,1.8755,1.8762,1.8753,1.8754,569458.0
2026-01-02 01:30:00+00:00,1.8754,1.8762,1.874,1.8744,760454.0
2026-01-02 01:35:00+00:00,1.8744,1.8746,1.8725,1.8735,1008578.3
2026-01-02 01:40:00+00:00,1.8734,1.8735,1.8728,1.8734,322454.4
2026-01-02 01:45:00+00:00,1.8734,1.8734,1.8715,1.8725,1503052.3
2026-01-02 01:50:00+00:00,1.8725,1.8731,1.8715,1.872,1047775.1
2026-01-02 01:55:00+00:00,1.872,1.8721,1.8711,1.8717,625162.8
2026-01-02 02:00:00+00:00,1.8717,1.8721,1.87,1.8708,912554.4
2026-01-02 02:05:00+00:00,1.8707,1.8712,1.8689,1.8696,1007826.7
2026-01-02 02:10:00+00:00,1.8695,1.8698,1.869,1.8693,258276.2
2026-01-02 02:15:00+00:00,1.8692,1.8697,1.8684,1.8695,537877.5
2026-01-02 02:20:00+00:00,1.8695,1.8706,1.868,1.87,1433108.6
2026-01-02 02:25:00+00:00,1.8701,1.8706,1.8694,1.8696,474326.1
2026-01-02 02:30:00+00:00,1.8696,1.8719,1.8694,1.8719,379431.8
2026-01-02 02:35:00+00:00,1.8718,1.872,1.8704,1.8712,317428.5
2026-01-02 02:40:00+00:00,1.8713,1.8725,1.8712,1.872,514614.5
2026-01-02 02:45:00+00:00,1.872,1.8756,1.8718,1.8755,885383.5
2026-01-02 02:50:00+00:00,1.8755,1.8764,1.8752,1.8762,477330.3
2026-01-02 02:55:00+00:00,1.8762,1.8767,1.8762,1.8766,145283.2
2026-01-02 03:00:00+00:00,1.8767,1.8771,1.8748,1.8757,729698.7
2026-01-02 03:05:00+00:00,1.8757,1.8821,1.8756,1.8786,2847119.3
2026-01-02 03:10:00+00:00,1.8786,1.8826,1.8774,1.8825,1471422.1
2026-01-02 03:15:00+00:00,1.8824,1.8839,1.8803,1.8817,2032895.3
2026-01-02 03:20:00+00:00,1.8817,1.8817,1.8795,1.8798,547774.6
2026-01-02 03:25:00+00:00,1.8798,1.8819,1.8796,1.881,654013.7
2026-01-02 03:30:00+00:00,1.8809,1.8833,1.8807,1.8827,1479588.5
2026-01-02 03:35:00+00:00,1.8827,1.8849,1.8826,1.884,1463896.6
2026-01-02 03:40:00+00:00,1.884,1.8894,1.8838,1.886,4185320.3
2026-01-02 03:45:00+00:00,1.886,1.8917,1.886,1.8903,3508511.3
2026-01-02 03:50:00+00:00,1.8904,1.8921,1.8889,1.89,937568.2
2026-01-02 03:55:00+00:00,1.89,1.8901,1.8876,1.8882,1212410.9
2026-01-02 04:00:00+00:00,1.8882,1.8899,1.8868,1.887,867793.5
2026-01-02 04:05:00+00:00,1.887,1.8878,1.8837,1.8845,890481.4
2026-01-02 04:10:00+00:00,1.8845,1.8856,1.8831,1.8835,642005.4
2026-01-02 04:15:00+00:00,1.8836,1.8836,1.8814,1.8816,838645.8
2026-01-02 04:20:00+00:00,1.8817,1.8818,1.8794,1.8803,886460.9
2026-01-02 04:25:00+00:00,1.8804,1.8806,1.8773,1.8776,836797.1
2026-01-02 04:30:00+00:00,1.8777,1.8796,1.8773,1.8793,825570.4
2026-01-02 04:35:00+00:00,1.8793,1.8801,1.8791,1.8793,574715.8
2026-01-02 04:40:00+00:00,1.8792,1.88,1.8772,1.8772,589160.1
2026-01-02 04:45:00+00:00,1.8773,1.8775,1.8755,1.877,734379.7
2026-01-02 04:50:00+00:00,1.8769,1.8789,1.8768,1.8775,489705.4
2026-01-02 04:55:00+00:00,1.8776,1.8783,1.8761,1.8763,504283.1
2026-01-02 05:00:00+00:00,1.8763,1.8769,1.8742,1.8756,865370.3
2026-01-02 05:05:00+00:00,1.8756,1.8767,1.8747,1.8757,355746.3
2026-01-02 05:10:00+00:00,1.8757,1.8761,1.8748,1.8753,429121.9
2026-01-02 05:15:00+00:00,1.8754,1.8765,1.8748,1.8758,567672.9
2026-01-02 05:20:00+00:00,1.8759,1.8759,1.8723,1.8725,1196122.3
2026-01-02 05:25:00+00:00,1.8725,1.8726,1.8712,1.8721,847132.0
2026-01-02 05:30:00+00:00,1.8721,1.8739,1.8717,1.8739,467766.7
2026-01-02 05:35:00+00:00,1.8738,1.8748,1.873,1.8731,810434.8
2026-01-02 05:40:00+00:00,1.8731,1.8748,1.8728,1.8748,564251.7
2026-01-02 05:45:00+00:00,1.8748,1.8755,1.8741,1.8747,642835.8
2026-01-02 05:50:00+00:00,1.8748,1.8765,1.8747,1.8752,602790.2
2026-01-02 05:55:00+00:00,1.8751,1.8759,1.875,1.8753,369553.5
2026-01-02 06:00:00+00:00,1.8753,1.8757,1.8743,1.8749,620406.1
2026-01-02 06:05:00+00:00,1.8749,1.8756,1.8742,1.8749,270856.5
2026-01-02 06:10:00+00:00,1.8749,1.8766,1.8747,1.8752,430749.3
2026-01-02 06:15:00+00:00,1.8753,1.8767,1.8752,1.8765,431862.9
2026-01-02 06:20:00+00:00,1.8765,1.8765,1.8749,1.8755,345473.3
2026-01-02 06:25:00+00:00,1.8755,1.8767,1.8754,1.876,502259.2
2026-01-02 06:30:00+00:00,1.876,1.877,1.876,1.8768,432060.1
2026-01-02 06:35:00+00:00,1.8767,1.878,1.8755,1.8778,784528.0
2026-01-02 06:40:00+00:00,1.8777,1.8793,1.8773,1.879,1201703.5
2026-01-02 06:45:00+00:00,1.8791,1.8804,1.8779,1.8795,723780.0
2026-01-02 06:50:00+00:00,1.8795,1.8811,1.8789,1.879,623408.9
2026-01-02 06:55:00+00:00,1.879,1.8792,1.8764,1.8767,555217.8
2026-01-02 07:00:00+00:00,1.8766,1.8773,1.8757,1.8762,1001687.7
2026-01-02 07:05:00+00:00,1.8761,1.8772,1.8761,1.8772,233862.4
2026-01-02 07:10:00+00:00,1.8772,1.8778,1.8767,1.8772,358375.3
2026-01-02 07:15:00+00:00,1.8772,1.8772,1.8753,1.8764,549443.1
2026-01-02 07:20:00+00:00,1.8764,1.8769,1.8731,1.8739,668038.2
2026-01-02 07:25:00+00:00,1.8739,1.8739,1.8715,1.8717,1153948.5
2026-01-02 07:30:00+00:00,1.8717,1.8718,1.8701,1.8717,1016217.3
2026-01-02 07:35:00+00:00,1.8717,1.873,1.8715,1.8725,487338.2
2026-01-02 07:40:00+00:00,1.8725,1.8726,1.8706,1.8714,350111.8
2026-01-02 07:45:00+00:00,1.8715,1.8727,1.871,1.8717,433434.7
2026-01-02 07:50:00+00:00,1.8717,1.8726,1.8715,1.8715,474022.3
2026-01-02 07:55:00+00:00,1.8715,1.8719,1.8708,1.8713,335387.9
2026-01-02 08:00:00+00:00,1.8713,1.872,1.8708,1.8715,672639.8
2026-01-02 08:05:00+00:00,1.8715,1.8745,1.8715,1.8744,740744.2
2026-01-02 08:10:00+00:00,1.8745,1.8755,1.8737,1.875,920777.7
2026-01-02 08:15:00+00:00,1.875,1.8754,1.8726,1.8726,398610.5
2026-01-02 08:20:00+00:00,1.8726,1.8742,1.8718,1.8733,726791.5
2026-01-02 08:25:00+00:00,1.8734,1.874,1.8726,1.8726,325539.7
2026-01-02 08:30:00+00:00,1.8727,1.8753,1.8719,1.8753,702722.7
2026-01-02 08:35:00+00:00,1.8753,1.8761,1.874,1.8746,676324.5
2026-01-02 08:40:00+00:00,1.8745,1.8755,1.874,1.875,531291.4
2026-01-02 08:45:00+00:00,1.8751,1.8771,1.8749,1.877,455172.0
2026-01-02 08:50:00+00:00,1.8771,1.8779,1.8765,1.8771,504312.0
2026-01-02 08:55:00+00:00,1.8772,1.8802,1.8772,1.8797,734890.6
2026-01-02 09:00:00+00:00,1.8798,1.88,1.878,1.8787,925983.4
2026-01-02 09:05:00+00:00,1.8787,1.8811,1.8784,1.8811,977927.6
2026-01-02 09:10:00+00:00,1.881,1.8868,1.8809,1.8836,3712512.1
2026-01-02 09:15:00+00:00,1.8836,1.8843,1.8806,1.8818,912099.7
2026-01-02 09:20:00+00:00,1.8817,1.8836,1.8814,1.8825,880347.0
2026-01-02 09:25:00+00:00,1.8825,1.8838,1.8824,1.8825,612079.2
2026-01-02 09:30:00+00:00,1.8826,1.8843,1.8822,1.8839,354376.1
2026-01-02 09:35:00+00:00,1.8838,1.8848,1.8834,1.8841,534904.9
2026-01-02 09:40:00+00:00,1.8841,1.8898,1.884,1.8893,1502249.8
2026-01-02 09:45:00+00:00,1.8894,1.9017,1.8863,1.9004,10858488.4
2026-01-02 09:50:00+00:00,1.9004,1.9007,1.8925,1.8967,4734919.6
2026-01-02 09:55:00+00:00,1.8967,1.8972,1.8953,1.8966,1399331.4
2026-01-02 10:00:00+00:00,1.8967,1.901,1.8967,1.8993,2737148.3
2026-01-02 10:05:00+00:00,1.8992,1.9088,1.8992,1.9025,4656305.4
2026-01-02 10:10:00+00:00,1.9024,1.9039,1.9003,1.9026,1960016.3
2026-01-02 10:15:00+00:00,1.9026,1.9046,1.902,1.9036,2122958.9
2026-01-02 10:20:00+00:00,1.9036,1.9036,1.8983,1.899,1940400.8
2026-01-02 10:25:00+00:00,1.899,1.9003,1.8965,1.8965,1480243.1
2026-01-02 10:30:00+00:00,1.8965,1.8985,1.8963,1.8964,1164192.9
2026-01-02 10:35:00+00:00,1.8965,1.8984,1.8962,1.8966,1500266.5
2026-01-02 10:40:00+00:00,1.8967,1.8986,1.8966,1.8977,405797.9
2026-01-02 10:45:00+00:00,1.8978,1.8999,1.8974,1.8993,860763.8
2026-01-02 10:50:00+00:00,1.8993,1.9,1.8972,1.8975,827559.8
2026-01-02 10:55:00+00:00,1.8975,1.8983,1.8963,1.8969,528546.7
2026-01-02 11:00:00+00:00,1.897,1.8971,1.8951,1.8959,1003463.9
2026-01-02 11:05:00+00:00,1.8959,1.8972,1.8925,1.8928,1326422.6
2026-01-02 11:10:00+00:00,1.8929,1.8937,1.8914,1.8922,1305740.2
2026-01-02 11:15:00+00:00,1.8923,1.8925,1.8892,1.8907,1814242.2
2026-01-02 11:20:00+00:00,1.8907,1.8938,1.89,1.8936,1578870.4
2026-01-02 11:25:00+00:00,1.8936,1.8938,1.8906,1.8911,784289.4
2026-01-02 11:30:00+00:00,1.8911,1.8917,1.8885,1.8901,1081043.0
2026-01-02 11:35:00+00:00,1.8901,1.8917,1.89,1.8904,542160.2
2026-01-02 11:40:00+00:00,1.8904,1.8911,1.8865,1.8899,2146191.8
2026-01-02 11:45:00+00:00,1.8899,1.89,1.8871,1.8891,1259032.6
2026-01-02 11:50:00+00:00,1.8891,1.8895,1.8875,1.8894,763799.6
2026-01-02 11:55:00+00:00,1.8895,1.8912,1.8893,1.8905,1198099.2
2026-01-02 12:00:00+00:00,1.8906,1.8921,1.8892,1.8901,1095787.8
2026-01-02 12:05:00+00:00,1.8901,1.8904,1.8891,1.8893,422623.3
2026-01-02 12:10:00+00:00,1.8894,1.8911,1.8893,1.8911,345313.0
2026-01-02 12:15:00+00:00,1.8912,1.8949,1.8911,1.8946,1301052.0
2026-01-02 12:20:00+00:00,1.8945,1.8946,1.8922,1.8933,913404.2
2026-01-02 12:25:00+00:00,1.8934,1.8962,1.8927,1.8959,681827.7
2026-01-02 12:30:00+00:00,1.896,1.9006,1.895,1.8991,1726858.0
2026-01-02 12:35:00+00:00,1.899,1.902,1.8983,1.8991,2917412.9
2026-01-02 12:40:00+00:00,1.8991,1.8998,1.8963,1.8975,1159926.9
2026-01-02 12:45:00+00:00,1.8975,1.8997,1.8966,1.8988,1031763.2
2026-01-02 12:50:00+00:00,1.8988,1.8989,1.8967,1.8982,590234.0
2026-01-02 12:55:00+00:00,1.8982,1.8991,1.8979,1.8982,599143.7
2026-01-02 13:00:00+00:00,1.8983,1.8997,1.8977,1.8984,971914.7
2026-01-02 13:05:00+00:00,1.8983,1.8999,1.8967,1.8984,795641.6
2026-01-02 13:10:00+00:00,1.8984,1.8992,1.896,1.8992,1047519.7
2026-01-02 13:15:00+00:00,1.8992,1.9014,1.8988,1.9014,1321117.3
2026-01-02 13:20:00+00:00,1.9014,1.9034,1.9012,1.9022,1773355.5
2026-01-02 13:25:00+00:00,1.9021,1.9033,1.9016,1.9026,575121.3
2026-01-02 13:30:00+00:00,1.9026,1.9031,1.9006,1.9022,1023262.9
2026-01-02 13:35:00+00:00,1.9022,1.9027,1.8996,1.9006,832364.8
2026-01-02 13:40:00+00:00,1.9006,1.9044,1.9005,1.9028,1452196.7
2026-01-02 13:45:00+00:00,1.9028,1.9029,1.8996,1.9001,919084.7
2026-01-02 13:50:00+00:00,1.9,1.9007,1.8994,1.8995,421738.1
2026-01-02 13:55:00+00:00,1.8994,1.8995,1.8953,1.8963,2131136.4
2026-01-02 14:00:00+00:00,1.8963,1.8998,1.8961,1.8992,1145864.2
2026-01-02 14:05:00+00:00,1.8992,1.8994,1.8975,1.899,1037416.7
2026-01-02 14:10:00+00:00,1.899,1.9009,1.8989,1.8992,1890417.3
2026-01-02 14:15:00+00:00,1.8992,1.9008,1.8897,1.8932,4084484.4
2026-01-02 14:20:00+00:00,1.8933,1.8934,1.8874,1.8919,3054301.7
2026-01-02 14:25:00+00:00,1.8918,1.9027,1.8918,1.8994,3622360.4
2026-01-02 14:30:00+00:00,1.8994,1.9006,1.8868,1.8922,4616609.0
2026-01-02 14:35:00+00:00,1.8921,1.9083,1.8895,1.9048,8702854.8
2026-01-02 14:40:00+00:00,1.9049,1.9102,1.902,1.9068,4297122.3
2026-01-02 14:45:00+00:00,1.9069,1.9177,1.9016,1.914,8612114.0
2026-01-02 14:50:00+00:00,1.914,1.9228,1.9131,1.9173,10921737.9
2026-01-02 14:55:00+00:00,1.9173,1.9196,1.9135,1.916,5489570.3
2026-01-02 15:00:00+00:00,1.9161,1.9246,1.9113,1.914,6314615.8
2026-01-02 15:05:00+00:00,1.914,1.9174,1.91,1.9136,3000862.5
2026-01-02 15:10:00+00:00,1.9136,1.9143,1.908,1.9102,2688398.7
2026-01-02 15:15:00+00:00,1.9101,1.9132,1.9044,1.906,3336563.6
2026-01-02 15:20:00+00:00,1.9061,1.9068,1.8976,1.9011,4644518.6
2026-01-02 15:25:00+00:00,1.9011,1.9105,1.9004,1.9078,2385786.1
2026-01-02 15:30:00+00:00,1.9077,1.916,1.9057,1.9143,2137937.4
2026-01-02 15:35:00+00:00,1.9144,1.9226,1.9135,1.9221,2830677.9
2026-01-02 15:40:00+00:00,1.922,1.9237,1.9168,1.9229,2485158.7
2026-01-02 15:45:00+00:00,1.9228,1.9245,1.9198,1.9243,2469977.9
2026-01-02 15:50:00+00:00,1.9244,1.9245,1.9165,1.9187,2110176.5
2026-01-02 15:55:00+00:00,1.9188,1.921,1.9145,1.9178,2010024.0
2026-01-02 16:00:00+00:00,1.9177,1.9264,1.917,1.918,4754112.7
2026-01-02 16:05:00+00:00,1.918,1.9235,1.9147,1.9232,2530368.9
2026-01-02 16:10:00+00:00,1.9232,1.9295,1.921,1.9293,2969859.6
2026-01-02 16:15:00+00:00,1.9293,1.9369,1.928,1.9321,8496308.0
2026-01-02 16:20:00+00:00,1.9321,1.9434,1.9299,1.9402,7546208.3
2026-01-02 16:25:00+00:00,1.9402,1.9476,1.9362,1.9441,5898882.6
2026-01-02 16:30:00+00:00,1.9442,1.9625,1.9428,1.9582,16118470.7
2026-01-02 16:35:00+00:00,1.9583,1.964,1.955,1.9563,5917526.7
2026-01-02 16:40:00+00:00,1.9564,1.9576,1.9501,1.9528,4200195.2
2026-01-02 16:45:00+00:00,1.9528,1.9595,1.9491,1.9575,4544684.7
2026-01-02 16:50:00+00:00,1.9575,1.9582,1.9494,1.9582,4954666.5
2026-01-02 16:55:00+00:00,1.9582,1.9624,1.956,1.962,4000569.1
2026-01-02 17:00:00+00:00,1.962,1.9791,1.9616,1.9781,13507229.2
2026-01-02 17:05:00+00:00,1.9782,1.9877,1.978,1.9798,14489537.0
2026-01-02 17:10:00+00:00,1.9798,1.9842,1.9751,1.9825,5168911.4
2026-01-02 17:15:00+00:00,1.9824,1.9953,1.9824,1.9902,9286702.3
2026-01-02 17:20:00+00:00,1.9902,1.9959,1.9872,1.9878,6896257.2
2026-01-02 17:25:00+00:00,1.9878,1.9914,1.9871,1.9897,2932972.9
2026-01-02 17:30:00+00:00,1.9897,1.9914,1.9756,1.9772,11187375.4
2026-01-02 17:35:00+00:00,1.9772,1.9834,1.9762,1.9815,5046682.7
2026-01-02 17:40:00+00:00,1.9814,1.9917,1.9801,1.9877,3718611.3
2026-01-02 17:45:00+00:00,1.9877,1.9916,1.9834,1.9852,3230675.9
2026-01-02 17:50:00+00:00,1.9852,1.9915,1.9803,1.9895,4587239.9
2026-01-02 17:55:00+00:00,1.9895,1.9972,1.9891,1.9917,3286088.1
2026-01-02 18:00:00+00:00,1.9918,1.9973,1.9898,1.9939,4232187.8
2026-01-02 18:05:00+00:00,1.9939,1.994,1.9851,1.9864,3056785.0
2026-01-02 18:10:00+00:00,1.9864,1.9898,1.9858,1.9896,2013527.7
2026-01-02 18:15:00+00:00,1.9897,1.9916,1.988,1.9901,2684404.6
2026-01-02 18:20:00+00:00,1.9902,1.9926,1.9881,1.9899,2794098.5
2026-01-02 18:25:00+00:00,1.9898,1.9939,1.9851,1.9932,2611798.5
2026-01-02 18:30:00+00:00,1.9932,1.994,1.9879,1.9902,2357088.7
2026-01-02 18:35:00+00:00,1.9902,1.9907,1.9829,1.9832,5521077.0
2026-01-02 18:40:00+00:00,1.9832,1.9862,1.9806,1.9845,2260158.1
2026-01-02 18:45:00+00:00,1.9845,1.9875,1.9796,1.9812,2728059.2
2026-01-02 18:50:00+00:00,1.9811,1.9811,1.9682,1.973,7923560.0
2026-01-02 18:55:00+00:00,1.9731,1.9777,1.972,1.9777,2036933.1
2026-01-02 19:00:00+00:00,1.9777,1.9792,1.9726,1.9739,2020360.7
2026-01-02 19:05:00+00:00,1.9739,1.9793,1.9721,1.9793,1886263.8
2026-01-02 19:10:00+00:00,1.9792,1.9887,1.9783,1.9879,2491467.8
2026-01-02 19:15:00+00:00,1.9879,1.9939,1.9879,1.9904,2951049.8
2026-01-02 19:20:00+00:00,1.9904,1.9925,1.9895,1.9901,1568399.2
2026-01-02 19:25:00+00:00,1.9901,1.9942,1.989,1.9925,2440932.1
2026-01-02 19:30:00+00:00,1.9926,1.9947,1.9906,1.993,1549451.5
2026-01-02 19:35:00+00:00,1.9929,1.9939,1.9896,1.9926,1488425.9
2026-01-02 19:40:00+00:00,1.9927,1.9949,1.991,1.9912,1120381.8
2026-01-02 19:45:00+00:00,1.9912,1.993,1.9885,1.9908,1140254.4
2026-01-02 19:50:00+00:00,1.9908,1.9912,1.9848,1.9893,2896415.9
2026-01-02 19:55:00+00:00,1.9892,1.9945,1.9891,1.991,1856928.4
2026-01-02 20:00:00+00:00,1.9911,1.9958,1.9906,1.9935,1721515.6
2026-01-02 20:05:00+00:00,1.9935,1.9944,1.9899,1.9913,1192936.0
2026-01-02 20:10:00+00:00,1.9913,1.9969,1.9903,1.9954,1842103.5
2026-01-02 20:15:00+00:00,1.9955,1.996,1.9909,1.9939,1534515.0
2026-01-02 20:20:00+00:00,1.994,1.9943,1.9903,1.9928,1334258.6
2026-01-02 20:25:00+00:00,1.9929,1.9929,1.9869,1.99,1487427.5
2026-01-02 20:30:00+00:00,1.9899,1.9906,1.9847,1.988,1747824.4
2026-01-02 20:35:00+00:00,1.9879,1.991,1.9877,1.988,837281.3
2026-01-02 20:40:00+00:00,1.9881,1.992,1.9872,1.9908,900414.2
2026-01-02 20:45:00+00:00,1.9908,1.9916,1.9867,1.9877,1017702.6
2026-01-02 20:50:00+00:00,1.9877,1.9891,1.9813,1.9818,1971128.7
2026-01-02 20:55:00+00:00,1.9818,1.9838,1.9767,1.9782,10626269.1
2026-01-02 21:00:00+00:00,1.9783,1.9889,1.9783,1.9821,5866024.4
2026-01-02 21:05:00+00:00,1.9821,1.9831,1.98,1.9826,3192388.6
2026-01-02 21:10:00+00:00,1.9826,1.9875,1.9818,1.9846,2335370.9
2026-01-02 21:15:00+00:00,1.9846,1.9855,1.9827,1.9842,1575072.7
2026-01-02 21:20:00+00:00,1.9842,1.991,1.9842,1.988,1623888.3
2026-01-02 21:25:00+00:00,1.988,1.9928,1.988,1.9925,1844001.1
2026-01-02 21:30:00+00:00,1.9926,2.0033,1.9913,2.0007,7827131.0
2026-01-02 21:35:00+00:00,2.0008,2.0068,1.9959,2.0052,5986262.6
2026-01-02 21:40:00+00:00,2.0053,2.0053,1.9997,2.0018,1884918.4
2026-01-02 21:45:00+00:00,2.0018,2.0088,2.0011,2.0086,2314009.3
2026-01-02 21:50:00+00:00,2.0085,2.0199,2.006,2.0173,7529491.5
2026-01-02 21:55:00+00:00,2.0173,2.0199,2.0143,2.0164,2477306.7
2026-01-02 22:00:00+00:00,2.0163,2.0273,2.0157,2.0268,6801342.7
2026-01-02 22:05:00+00:00,2.0268,2.0307,2.0135,2.0135,7999361.8
2026-01-02 22:10:00+00:00,2.0135,2.0158,2.0106,2.0107,2583464.1
2026-01-02 22:15:00+00:00,2.0107,2.0133,2.0092,2.0109,2097404.6
2026-01-02 22:20:00+00:00,2.011,2.015,2.0099,2.0117,1341456.5
2026-01-02 22:25:00+00:00,2.0117,2.0137,2.0105,2.0132,654985.8
2026-01-02 22:30:00+00:00,2.0132,2.0213,2.0121,2.0143,1744634.6
2026-01-02 22:35:00+00:00,2.0144,2.0193,2.0119,2.0143,1128085.7
2026-01-02 22:40:00+00:00,2.0142,2.0195,2.0129,2.0193,665232.1
2026-01-02 22:45:00+00:00,2.0193,2.0222,2.0181,2.0198,1151309.8
2026-01-02 22:50:00+00:00,2.0199,2.0212,2.0178,2.0185,702184.0
2026-01-02 22:55:00+00:00,2.0185,2.0199,2.0128,2.0149,1539946.7
2026-01-02 23:00:00+00:00,2.0149,2.0169,2.0124,2.0169,1392963.8
2026-01-02 23:05:00+00:00,2.0168,2.0169,2.0112,2.0119,1327986.2
2026-01-02 23:10:00+00:00,2.0119,2.015,2.0104,2.0129,2341446.0
2026-01-02 23:15:00+00:00,2.0128,2.018,2.0127,2.0172,862461.8
2026-01-02 23:20:00+00:00,2.0171,2.0172,2.0092,2.0092,1808917.9
2026-01-02 23:25:00+00:00,2.0092,2.0108,2.0062,2.0073,1948578.2
2026-01-02 23:30:00+00:00,2.0073,2.0114,2.0072,2.0096,1661359.4
2026-01-02 23:35:00+00:00,2.0097,2.0107,2.0077,2.0095,1362106.7
2026-01-02 23:40:00+00:00,2.0095,2.0095,2.0069,2.0088,1162959.8
2026-01-02 23:45:00+00:00,2.0088,2.0091,2.0052,2.008,3192079.0
2026-01-02 23:50:00+00:00,2.008,2.0087,2.0036,2.0051,940357.3
2026-01-02 23:55:00+00:00,2.0051,2.0067,2.0051,2.0061,622317.7
2026-01-03 00:00:00+00:00,2.0061,2.0108,2.006,2.0091,1768123.7
2026-01-03 00:05:00+00:00,2.009,2.0105,2.0085,2.0094,1165153.9
2026-01-03 00:10:00+00:00,2.0094,2.0168,2.0091,2.0165,1340630.9
2026-01-03 00:15:00+00:00,2.0165,2.0168,2.0142,2.0159,1015349.4
2026-01-03 00:20:00+00:00,2.016,2.027,2.0159,2.027,2465728.7
2026-01-03 00:25:00+00:00,2.027,2.0385,2.0265,2.0375,5858014.5
2026-01-03 00:30:00+00:00,2.0375,2.0386,2.0339,2.0349,3290846.9
2026-01-03 00:35:00+00:00,2.035,2.035,2.0222,2.0284,4064146.4
2026-01-03 00:40:00+00:00,2.0285,2.0308,2.0244,2.0251,2936533.2
2026-01-03 00:45:00+00:00,2.0251,2.0256,2.022,2.023,1448918.8
2026-01-03 00:50:00+00:00,2.0231,2.0231,2.0182,2.0198,1824731.2
2026-01-03 00:55:00+00:00,2.0199,2.0203,2.0135,2.0138,2810005.9
2026-01-03 01:00:00+00:00,2.0137,2.0224,2.011,2.0218,2258036.6
2026-01-03 01:05:00+00:00,2.0217,2.0264,2.0206,2.0226,1645413.2
2026-01-03 01:10:00+00:00,2.0226,2.0281,2.022,2.0281,960822.1
2026-01-03 01:15:00+00:00,2.028,2.0284,2.0209,2.0218,873438.0
2026-01-03 01:20:00+00:00,2.0218,2.0235,2.0207,2.0218,1220360.7
2026-01-03 01:25:00+00:00,2.0219,2.0252,2.0215,2.0251,609412.8
2026-01-03 01:30:00+00:00,2.0252,2.0285,2.0236,2.0269,724217.4
2026-01-03 01:35:00+00:00,2.027,2.0313,2.0269,2.0292,1240512.0
2026-01-03 01:40:00+00:00,2.0292,2.0293,2.0274,2.0274,581594.7
2026-01-03 01:45:00+00:00,2.0275,2.0297,2.0274,2.0278,436200.7
2026-01-03 01:50:00+00:00,2.0278,2.0301,2.0271,2.0283,526512.6
2026-01-03 01:55:00+00:00,2.0283,2.0306,2.0282,2.0295,619011.7
2026-01-03 02:00:00+00:00,2.0295,2.0298,2.0221,2.0236,1572610.9
2026-01-03 02:05:00+00:00,2.0236,2.0245,2.0204,2.0218,1087429.6
2026-01-03 02:10:00+00:00,2.0219,2.0243,2.0215,2.0217,555133.3
2026-01-03 02:15:00+00:00,2.0218,2.0219,2.0182,2.019,1171894.8
2026-01-03 02:20:00+00:00,2.0191,2.0254,2.0183,2.0253,1093442.3
2026-01-03 02:25:00+00:00,2.0253,2.0278,2.0242,2.0254,676621.8
2026-01-03 02:30:00+00:00,2.0254,2.0275,2.0236,2.0246,781432.8
2026-01-03 02:35:00+00:00,2.0245,2.0259,2.023,2.0242,752737.2
2026-01-03 02:40:00+00:00,2.0242,2.026,2.024,2.0251,460088.6
2026-01-03 02:45:00+00:00,2.0252,2.0277,2.0232,2.0268,846297.1
2026-01-03 02:50:00+00:00,2.0268,2.027,2.0237,2.025,509597.7
2026-01-03 02:55:00+00:00,2.0251,2.0255,2.0235,2.0239,744006.2
2026-01-03 03:00:00+00:00,2.024,2.0269,2.0209,2.021,1176699.2
2026-01-03 03:05:00+00:00,2.021,2.022,2.0189,2.019,1148180.0
2026-01-03 03:10:00+00:00,2.0191,2.0209,2.0185,2.0203,624665.1
2026-01-03 03:15:00+00:00,2.0204,2.0225,2.0204,2.0213,806302.6
2026-01-03 03:20:00+00:00,2.0214,2.0234,2.0211,2.0225,520854.7
2026-01-03 03:25:00+00:00,2.0224,2.0247,2.0219,2.0241,633601.3
2026-01-03 03:30:00+00:00,2.0242,2.0255,2.0227,2.0249,570673.8
2026-01-03 03:35:00+00:00,2.025,2.0295,2.0247,2.0292,1022009.0
2026-01-03 03:40:00+00:00,2.0292,2.0306,2.0292,2.03,1334773.9
2026-01-03 03:45:00+00:00,2.0299,2.0372,2.0287,2.0345,2822907.7
2026-01-03 03:50:00+00:00,2.0346,2.035,2.0328,2.0344,1281524.5
2026-01-03 03:55:00+00:00,2.0344,2.0417,2.0335,2.0393,3811673.4
2026-01-03 04:00:00+00:00,2.0393,2.0455,2.0367,2.0435,3150376.3
2026-01-03 04:05:00+00:00,2.0435,2.0457,2.0414,2.0452,2070427.7
2026-01-03 04:10:00+00:00,2.0453,2.0454,2.0417,2.0432,1372846.9
2026-01-03 04:15:00+00:00,2.0432,2.045,2.0417,2.0418,1290679.6
2026-01-03 04:20:00+00:00,2.0418,2.055,2.0416,2.0524,4513802.7
2026-01-03 04:25:00+00:00,2.0525,2.0548,2.0494,2.0533,1865772.3
2026-01-03 04:30:00+00:00,2.0534,2.0544,2.0512,2.0522,1616424.0
2026-01-03 04:35:00+00:00,2.0523,2.0538,2.0435,2.0449,2403056.4
2026-01-03 04:40:00+00:00,2.045,2.0479,2.0428,2.0455,1510444.8
2026-01-03 04:45:00+00:00,2.0455,2.0487,2.0452,2.0475,1051488.5
2026-01-03 04:50:00+00:00,2.0475,2.049,2.0463,2.0482,992253.5
2026-01-03 04:55:00+00:00,2.0482,2.0498,2.0461,2.0478,947896.7
2026-01-03 05:00:00+00:00,2.0479,2.052,2.0467,2.051,904059.7
2026-01-03 05:05:00+00:00,2.0509,2.0553,2.0463,2.0468,1602752.8
2026-01-03 05:10:00+00:00,2.0468,2.049,2.0465,2.0467,871786.7
2026-01-03 05:15:00+00:00,2.0467,2.0486,2.0435,2.046,903727.3
2026-01-03 05:20:00+00:00,2.046,2.0464,2.0427,2.0431,790546.3
2026-01-03 05:25:00+00:00,2.0431,2.0432,2.036,2.0396,2437755.8
2026-01-03 05:30:00+00:00,2.0395,2.0395,2.0366,2.0368,1450615.5
2026-01-03 05:35:00+00:00,2.0368,2.0368,2.0311,2.0312,2859751.4
2026-01-03 05:40:00+00:00,2.0312,2.0317,2.0271,2.0305,2554357.4
2026-01-03 05:45:00+00:00,2.0305,2.0319,2.0288,2.0303,1432427.6
2026-01-03 05:50:00+00:00,2.0304,2.0306,2.0272,2.0303,1100051.7
2026-01-03 05:55:00+00:00,2.0304,2.0315,2.029,2.0303,888436.8
2026-01-03 06:00:00+00:00,2.0303,2.0321,2.0291,2.0297,1283456.5
2026-01-03 06:05:00+00:00,2.0298,2.0349,2.0297,2.0338,1647322.3
2026-01-03 06:10:00+00:00,2.0338,2.0345,2.0321,2.0323,678106.8
2026-01-03 06:15:00+00:00,2.0324,2.0339,2.0292,2.0303,738944.1
2026-01-03 06:20:00+00:00,2.0303,2.0309,2.029,2.0304,575772.1
2026-01-03 06:25:00+00:00,2.0305,2.0305,2.027,2.0271,672557.7
2026-01-03 06:30:00+00:00,2.0271,2.0281,2.0246,2.0276,1931841.6
2026-01-03 06:35:00+00:00,2.0277,2.0282,2.021,2.0219,1346377.4
2026-01-03 06:40:00+00:00,2.0219,2.023,2.017,2.0176,3010419.2
2026-01-03 06:45:00+00:00,2.0176,2.0188,2.0069,2.0076,6512262.6
2026-01-03 06:50:00+00:00,2.0077,2.0153,2.0077,2.0129,3101176.5
2026-01-03 06:55:00+00:00,2.0129,2.0144,2.0106,2.0106,1782875.5
2026-01-03 07:00:00+00:00,2.0107,2.0151,2.0105,2.0132,1397436.7
2026-01-03 07:05:00+00:00,2.0131,2.0142,2.0112,2.0126,826220.9
2026-01-03 07:10:00+00:00,2.0126,2.0136,2.0046,2.0066,4124640.7
2026-01-03 07:15:00+00:00,2.0067,2.0077,1.994,1.9947,8099332.5
2026-01-03 07:20:00+00:00,1.9948,1.9968,1.9872,1.9955,10971672.7
2026-01-03 07:25:00+00:00,1.9956,1.9963,1.9877,1.9877,2998941.8
2026-01-03 07:30:00+00:00,1.9878,1.993,1.9834,1.9905,4646873.9
2026-01-03 07:35:00+00:00,1.9905,1.996,1.9896,1.9957,2772031.4
2026-01-03 07:40:00+00:00,1.9958,2.0015,1.9958,1.9986,3882092.2
2026-01-03 07:45:00+00:00,1.9987,2.0001,1.9938,1.9945,1820393.6
2026-01-03 07:50:00+00:00,1.9946,1.9958,1.9918,1.9945,1575714.6
2026-01-03 07:55:00+00:00,1.9946,1.9949,1.9923,1.9935,955313.4
2026-01-03 08:00:00+00:00,1.9935,2.0014,1.9916,1.9985,2048871.5
2026-01-03 08:05:00+00:00,1.9986,1.9992,1.9917,1.9988,1648062.2
2026-01-03 08:10:00+00:00,1.9987,2.0004,1.998,1.9997,1620752.5
2026-01-03 08:15:00+00:00,1.9998,2.0073,1.9995,2.0024,3281300.6
2026-01-03 08:20:00+00:00,2.0024,2.0026,1.9989,2.0009,1367663.7
2026-01-03 08:25:00+00:00,2.0009,2.0074,2.0009,2.0054,1642435.9
2026-01-03 08:30:00+00:00,2.0053,2.0085,2.0036,2.0083,2031107.0
2026-01-03 08:35:00+00:00,2.0083,2.0083,2.0044,2.0045,1674603.7
2026-01-03 08:40:00+00:00,2.0045,2.0057,2.0027,2.0054,1468005.6
2026-01-03 08:45:00+00:00,2.0054,2.0095,2.005,2.0059,1854141.6
2026-01-03 08:50:00+00:00,2.0059,2.0069,2.0042,2.0062,1060275.2
2026-01-03 08:55:00+00:00,2.0062,2.0076,2.0049,2.0066,997084.1
2026-01-03 09:00:00+00:00,2.0067,2.0094,2.0048,2.009,1147232.1
2026-01-03 09:05:00+00:00,2.0089,2.0097,2.0074,2.0093,711688.5
2026-01-03 09:10:00+00:00,2.0092,2.0109,2.0081,2.0082,1024380.4
2026-01-03 09:15:00+00:00,2.0082,2.0107,2.0072,2.0098,1139257.3
2026-01-03 09:20:00+00:00,2.0098,2.0159,2.0084,2.0136,1763826.3
2026-01-03 09:25:00+00:00,2.0137,2.0156,2.0124,2.0143,1424011.3
2026-01-03 09:30:00+00:00,2.0143,2.0158,2.0105,2.0147,2280591.8
2026-01-03 09:35:00+00:00,2.0147,2.021,2.0123,2.0181,3308132.5
2026-01-03 09:40:00+00:00,2.0181,2.0207,2.0176,2.0204,1390277.2
2026-01-03 09:45:00+00:00,2.0205,2.0207,2.0171,2.0174,835524.1
2026-01-03 09:50:00+00:00,2.0175,2.0185,2.0152,2.016,1052667.1
2026-01-03 09:55:00+00:00,2.016,2.0166,2.0127,2.0128,964088.1
2026-01-03 10:00:00+00:00,2.0129,2.0139,2.0088,2.0103,1511565.1
2026-01-03 10:05:00+00:00,2.0102,2.0114,2.009,2.0108,906550.8
2026-01-03 10:10:00+00:00,2.0109,2.0114,2.0077,2.0078,892700.2
2026-01-03 10:15:00+00:00,2.0077,2.0094,2.0058,2.0083,1639610.0
2026-01-03 10:20:00+00:00,2.0084,2.0093,2.0075,2.0088,654757.5
2026-01-03 10:25:00+00:00,2.0089,2.0095,2.0064,2.0086,1121063.0
2026-01-03 10:30:00+00:00,2.0085,2.0093,2.0025,2.0061,1879853.2
2026-01-03 10:35:00+00:00,2.0062,2.01,2.0056,2.0095,842118.4
2026-01-03 10:40:00+00:00,2.0094,2.0095,2.0069,2.0079,553517.4
2026-01-03 10:45:00+00:00,2.0079,2.0079,2.0037,2.0043,857724.6
2026-01-03 10:50:00+00:00,2.0044,2.0066,2.0041,2.0065,365937.6
2026-01-03 10:55:00+00:00,2.0064,2.0065,2.0036,2.0047,568309.2
2026-01-03 11:00:00+00:00,2.0047,2.005,2.0027,2.003,1042606.0
2026-01-03 11:05:00+00:00,2.003,2.0031,1.9992,1.9996,1434534.4
2026-01-03 11:10:00+00:00,1.9997,2.0014,1.9965,2.0008,3071367.9
2026-01-03 11:15:00+00:00,2.0008,2.0011,1.9974,1.9975,757719.7
2026-01-03 11:20:00+00:00,1.9975,2.0019,1.9974,2.0018,721393.5
2026-01-03 11:25:00+00:00,2.0019,2.0019,2.0001,2.0006,406973.7
2026-01-03 11:30:00+00:00,2.0006,2.0011,1.9977,1.9979,695383.9
2026-01-03 11:35:00+00:00,1.9979,2.0017,1.9979,1.9999,608739.3
2026-01-03 11:40:00+00:00,1.9998,2.0008,1.999,2.0001,757507.8
2026-01-03 11:45:00+00:00,2.0001,2.0004,1.9978,1.9998,1276746.4
2026-01-03 11:50:00+00:00,1.9998,1.9998,1.9981,1.9989,543462.7
2026-01-03 11:55:00+00:00,1.9989,1.9996,1.9972,1.9986,739617.5
2026-01-03 12:00:00+00:00,1.9986,1.9992,1.9957,1.9973,1006883.2
2026-01-03 12:05:00+00:00,1.9973,1.9994,1.9965,1.9971,665008.5
2026-01-03 12:10:00+00:00,1.9971,2.0017,1.9971,2.0008,713171.7
2026-01-03 12:15:00+00:00,2.0008,2.0033,2.0007,2.003,759897.5
2026-01-03 12:20:00+00:00,2.003,2.0049,2.0026,2.0048,1000655.7
2026-01-03 12:25:00+00:00,2.0049,2.0049,2.0025,2.0032,937751.9
2026-01-03 12:30:00+00:00,2.0032,2.0033,1.9968,1.9968,1274754.5
2026-01-03 12:35:00+00:00,1.9968,1.9968,1.9929,1.9952,2523283.8
2026-01-03 12:40:00+00:00,1.9951,1.9978,1.995,1.9969,781457.7
2026-01-03 12:45:00+00:00,1.9969,2.0028,1.9961,2.0012,2757170.0
2026-01-03 12:50:00+00:00,2.0012,2.0022,2.0001,2.0004,633270.3
2026-01-03 12:55:00+00:00,2.0004,2.0025,2.0004,2.0019,897731.7
2026-01-03 13:00:00+00:00,2.0018,2.0055,1.9995,2.0045,1383063.9
2026-01-03 13:05:00+00:00,2.0044,2.0044,2.0012,2.002,819131.6
2026-01-03 13:10:00+00:00,2.0021,2.0021,1.9991,1.9997,758402.3
2026-01-03 13:15:00+00:00,1.9997,2.0039,1.9997,2.0033,568098.4
2026-01-03 13:20:00+00:00,2.0033,2.0034,2.001,2.0027,980250.8
2026-01-03 13:25:00+00:00,2.0027,2.0037,2.0011,2.0018,510899.3
2026-01-03 13:30:00+00:00,2.0018,2.0029,2.0008,2.0027,335207.6
2026-01-03 13:35:00+00:00,2.0027,2.005,2.0023,2.0043,940498.0
2026-01-03 13:40:00+00:00,2.0042,2.0043,2.001,2.0024,835979.6
2026-01-03 13:45:00+00:00,2.0024,2.0054,2.0021,2.005,653003.4
2026-01-03 13:50:00+00:00,2.0049,2.0083,2.0049,2.0078,1791241.8
2026-01-03 13:55:00+00:00,2.0077,2.0078,2.0041,2.0042,1159605.7
2026-01-03 14:00:00+00:00,2.0041,2.0059,2.0033,2.0049,1223470.5
2026-01-03 14:05:00+00:00,2.0048,2.0086,2.004,2.0085,719757.3
2026-01-03 14:10:00+00:00,2.0085,2.0121,2.0076,2.0118,2413990.6
2026-01-03 14:15:00+00:00,2.0118,2.0145,2.0104,2.0111,2734012.3
2026-01-03 14:20:00+00:00,2.0111,2.0155,2.0111,2.015,1739060.6
2026-01-03 14:25:00+00:00,2.0149,2.0177,2.0124,2.0144,1942247.0
2026-01-03 14:30:00+00:00,2.0143,2.0155,2.0124,2.0126,1878448.3
2026-01-03 14:35:00+00:00,2.0125,2.015,2.0122,2.0149,752512.2
2026-01-03 14:40:00+00:00,2.0149,2.0158,2.0127,2.0129,1432507.5
2026-01-03 14:45:00+00:00,2.013,2.0138,2.0093,2.0095,2092449.0
2026-01-03 14:50:00+00:00,2.0096,2.01,2.0075,2.0077,1853837.6
2026-01-03 14:55:00+00:00,2.0077,2.0109,2.0065,2.0101,1265080.9
2026-01-03 15:00:00+00:00,2.0101,2.0108,2.0086,2.0092,565542.4
2026-01-03 15:05:00+00:00,2.0092,2.0121,2.0079,2.0082,904677.7
2026-01-03 15:10:00+00:00,2.0083,2.0092,2.0052,2.006,846006.5
2026-01-03 15:15:00+00:00,2.006,2.0062,2.0043,2.0058,846852.5
2026-01-03 15:20:00+00:00,2.0057,2.007,2.0047,2.005,426773.0
2026-01-03 15:25:00+00:00,2.005,2.0071,2.0049,2.0067,759315.6
2026-01-03 15:30:00+00:00,2.0067,2.0083,2.0055,2.0061,696462.1
2026-01-03 15:35:00+00:00,2.006,2.0092,2.006,2.0083,361057.2
2026-01-03 15:40:00+00:00,2.0083,2.0084,2.0062,2.0064,454796.2
2026-01-03 15:45:00+00:00,2.0065,2.0067,2.0049,2.0055,547280.9
2026-01-03 15:50:00+00:00,2.0055,2.0062,2.0043,2.0061,420322.7
2026-01-03 15:55:00+00:00,2.0061,2.0063,2.0044,2.0055,689045.0
2026-01-03 16:00:00+00:00,2.0055,2.0067,2.0023,2.0054,1755666.9
2026-01-03 16:05:00+00:00,2.0054,2.0104,2.003,2.0036,1889983.0
2026-01-03 16:10:00+00:00,2.0037,2.0046,2.0012,2.0041,829555.5
2026-01-03 16:15:00+00:00,2.0041,2.0047,2.0014,2.0041,616614.6
2026-01-03 16:20:00+00:00,2.0041,2.0052,1.9992,2.0014,1424148.5
2026-01-03 16:25:00+00:00,2.0014,2.0043,2.0002,2.0035,830957.2
2026-01-03 16:30:00+00:00,2.0035,2.0055,2.0031,2.0049,583171.5
2026-01-03 16:35:00+00:00,2.0049,2.0068,2.0041,2.0054,982944.0
2026-01-03 16:40:00+00:00,2.0054,2.0083,2.0053,2.0077,587227.9
2026-01-03 16:45:00+00:00,2.0077,2.0087,2.0036,2.0036,736338.9
2026-01-03 16:50:00+00:00,2.0035,2.0083,2.0033,2.0061,864694.8
2026-01-03 16:55:00+00:00,2.006,2.0061,2.0011,2.0014,696376.4
2026-01-03 17:00:00+00:00,2.0014,2.003,2.0014,2.0018,505785.8
2026-01-03 17:05:00+00:00,2.0018,2.0019,2.0001,2.0002,548506.9
2026-01-03 17:10:00+00:00,2.0003,2.001,1.9956,1.9967,2577475.6
2026-01-03 17:15:00+00:00,1.9967,2.0003,1.9967,1.9994,869206.0
2026-01-03 17:20:00+00:00,1.9993,2.0014,1.9992,2.0009,423702.9
2026-01-03 17:25:00+00:00,2.0008,2.0008,1.9994,1.9994,364548.3
2026-01-03 17:30:00+00:00,1.9994,2.0031,1.9994,2.003,637161.6
2026-01-03 17:35:00+00:00,2.003,2.0046,2.0027,2.0041,893506.1
2026-01-03 17:40:00+00:00,2.0042,2.0042,2.003,2.0035,322329.6
2026-01-03 17:45:00+00:00,2.0035,2.0038,2.0006,2.0019,526515.7
2026-01-03 17:50:00+00:00,2.002,2.004,2.0013,2.0031,363011.0
2026-01-03 17:55:00+00:00,2.0031,2.0037,2.001,2.0012,339421.5
2026-01-03 18:00:00+00:00,2.0012,2.0013,1.9982,1.9996,846830.9
2026-01-03 18:05:00+00:00,1.9996,1.9997,1.9971,1.9989,577881.5
2026-01-03 18:10:00+00:00,1.9989,1.9997,1.998,1.9991,485897.5
2026-01-03 18:15:00+00:00,1.999,2.0016,1.9985,2.0016,368618.6
2026-01-03 18:20:00+00:00,2.0016,2.0087,2.0016,2.0081,1232041.2
2026-01-03 18:25:00+00:00,2.0081,2.0093,2.0065,2.007,674578.3
2026-01-03 18:30:00+00:00,2.007,2.0098,2.0065,2.0091,732018.4
2026-01-03 18:35:00+00:00,2.0091,2.01,2.0069,2.0076,1045885.0
2026-01-03 18:40:00+00:00,2.0075,2.0081,2.0062,2.0077,385805.7
2026-01-03 18:45:00+00:00,2.0078,2.0098,2.007,2.007,360322.7
2026-01-03 18:50:00+00:00,2.007,2.01,2.0061,2.01,409114.1
2026-01-03 18:55:00+00:00,2.01,2.01,2.0082,2.0091,486399.2
2026-01-03 19:00:00+00:00,2.0091,2.0091,2.0054,2.0071,553596.7
2026-01-03 19:05:00+00:00,2.0072,2.008,2.0061,2.0062,360961.6
2026-01-03 19:10:00+00:00,2.0063,2.0064,2.0022,2.0038,668218.3
2026-01-03 19:15:00+00:00,2.0038,2.0068,2.0038,2.0063,444798.6
2026-01-03 19:20:00+00:00,2.0063,2.0082,2.0053,2.0053,285909.4
2026-01-03 19:25:00+00:00,2.0053,2.0061,2.0037,2.0051,533281.5
2026-01-03 19:30:00+00:00,2.005,2.0073,2.0045,2.0071,889446.2
2026-01-03 19:35:00+00:00,2.0071,2.0076,2.0052,2.0063,510937.4
2026-01-03 19:40:00+00:00,2.0063,2.0064,2.0052,2.0056,142316.0
2026-01-03 19:45:00+00:00,2.0057,2.0064,2.0044,2.0053,330332.6
2026-01-03 19:50:00+00:00,2.0054,2.0068,2.0036,2.0049,444082.6
2026-01-03 19:55:00+00:00,2.0049,2.0069,2.0041,2.0066,272422.3
2026-01-03 20:00:00+00:00,2.0066,2.0078,2.0037,2.0038,643767.0
2026-01-03 20:05:00+00:00,2.0038,2.0038,1.9981,1.9989,2079546.0
2026-01-03 20:10:00+00:00,1.9989,2.0002,1.9985,1.9993,627910.4
2026-01-03 20:15:00+00:00,1.9993,2.0008,1.9991,1.9993,404844.5
2026-01-03 20:20:00+00:00,1.9993,2.0026,1.9992,2.0026,393745.3
2026-01-03 20:25:00+00:00,2.0026,2.0028,2.0016,2.0023,307327.4
2026-01-03 20:30:00+00:00,2.0024,2.0067,2.0023,2.0066,766108.9
2026-01-03 20:35:00+00:00,2.0067,2.0097,2.0066,2.009,936013.6
2026-01-03 20:40:00+00:00,2.009,2.0095,2.0075,2.0093,715434.3
2026-01-03 20:45:00+00:00,2.0094,2.0103,2.0086,2.0094,453696.4
2026-01-03 20:50:00+00:00,2.0094,2.0098,2.0062,2.0066,1712832.3
2026-01-03 20:55:00+00:00,2.0066,2.0071,2.0053,2.0067,234329.4
2026-01-03 21:00:00+00:00,2.0068,2.0068,2.0038,2.0064,701369.4
2026-01-03 21:05:00+00:00,2.0063,2.0086,2.0058,2.0075,266082.0
2026-01-03 21:10:00+00:00,2.0075,2.008,2.0062,2.0071,395554.9
2026-01-03 21:15:00+00:00,2.0072,2.008,2.0062,2.0074,368855.3
2026-01-03 21:20:00+00:00,2.0074,2.0108,2.0072,2.0102,1078716.5
2026-01-03 21:25:00+00:00,2.0102,2.0105,2.0078,2.009,482113.1
2026-01-03 21:30:00+00:00,2.009,2.0137,2.0084,2.0085,1939402.1
2026-01-03 21:35:00+00:00,2.0085,2.0106,2.0082,2.0099,484493.9
2026-01-03 21:40:00+00:00,2.01,2.0114,2.0091,2.0099,372489.9
2026-01-03 21:45:00+00:00,2.0099,2.0109,2.009,2.0091,571691.0
2026-01-03 21:50:00+00:00,2.0092,2.0104,2.0091,2.0092,198664.7
2026-01-03 21:55:00+00:00,2.0093,2.0095,2.0075,2.0085,512020.3
2026-01-03 22:00:00+00:00,2.0085,2.0086,2.0059,2.007,577066.3
2026-01-03 22:05:00+00:00,2.007,2.0076,2.0057,2.0062,293969.6
2026-01-03 22:10:00+00:00,2.0063,2.0068,2.0029,2.0055,474368.0
2026-01-03 22:15:00+00:00,2.0055,2.01,2.0055,2.0088,564572.9
2026-01-03 22:20:00+00:00,2.0088,2.0114,2.0083,2.0113,391050.9
2026-01-03 22:25:00+00:00,2.0114,2.0132,2.0098,2.0105,925984.5
2026-01-03 22:30:00+00:00,2.0105,2.0131,2.0102,2.0125,412414.4
2026-01-03 22:35:00+00:00,2.0126,2.0163,2.0116,2.0117,721639.5
2026-01-03 22:40:00+00:00,2.0117,2.0149,2.0115,2.0144,378226.9
2026-01-03 22:45:00+00:00,2.0144,2.015,2.0117,2.0118,446642.5
2026-01-03 22:50:00+00:00,2.0118,2.013,2.0111,2.0123,321913.4
2026-01-03 22:55:00+00:00,2.0122,2.014,2.0111,2.0133,273424.7
2026-01-03 23:00:00+00:00,2.0134,2.0141,2.0119,2.0128,542213.8
2026-01-03 23:05:00+00:00,2.0128,2.0146,2.0116,2.0116,515780.9
2026-01-03 23:10:00+00:00,2.0116,2.0132,2.0112,2.0129,457556.3
2026-01-03 23:15:00+00:00,2.0129,2.0175,2.0126,2.0159,1048490.2
2026-01-03 23:20:00+00:00,2.0159,2.0174,2.0155,2.016,611801.2
2026-01-03 23:25:00+00:00,2.016,2.0164,2.0153,2.0163,500724.8
2026-01-03 23:30:00+00:00,2.0164,2.0169,2.0148,2.0153,478955.6
2026-01-03 23:35:00+00:00,2.0152,2.0174,2.0151,2.017,493400.8
2026-01-03 23:40:00+00:00,2.017,2.0175,2.0165,2.0172,581946.1
2026-01-03 23:45:00+00:00,2.0172,2.0178,2.0169,2.0173,523507.8
2026-01-03 23:50:00+00:00,2.0173,2.0175,2.0164,2.017,420230.7
2026-01-03 23:55:00+00:00,2.017,2.0176,2.0162,2.017,548401.8
2026-01-04 00:00:00+00:00,2.017,2.024,2.0151,2.0226,4615326.0
2026-01-04 00:05:00+00:00,2.0226,2.0306,2.022,2.0274,8153493.9
2026-01-04 00:10:00+00:00,2.0274,2.031,2.0266,2.0289,3277559.1
2026-01-04 00:15:00+00:00,2.0288,2.0344,2.026,2.0282,3601640.2
2026-01-04 00:20:00+00:00,2.0281,2.0322,2.0259,2.0321,1566303.7
2026-01-04 00:25:00+00:00,2.0321,2.0322,2.0274,2.0277,1671658.7
2026-01-04 00:30:00+00:00,2.0276,2.037,2.0272,2.0351,2577431.1
2026-01-04 00:35:00+00:00,2.0351,2.036,2.026,2.0274,1838788.8
2026-01-04 00:40:00+00:00,2.0274,2.0312,2.0259,2.029,1159196.0
2026-01-04 00:45:00+00:00,2.0289,2.0385,2.0275,2.0356,2770270.9
2026-01-04 00:50:00+00:00,2.0356,2.0443,2.0342,2.0433,4551334.2
2026-01-04 00:55:00+00:00,2.0433,2.0476,2.0408,2.0416,3101366.9
2026-01-04 01:00:00+00:00,2.0416,2.0421,2.0354,2.0408,2517745.7
2026-01-04 01:05:00+00:00,2.0409,2.0419,2.035,2.0364,2468094.5
2026-01-04 01:10:00+00:00,2.0365,2.0393,2.035,2.0388,1206492.9
2026-01-04 01:15:00+00:00,2.0389,2.0408,2.0353,2.0354,1011696.6
2026-01-04 01:20:00+00:00,2.0354,2.0393,2.0319,2.036,1963980.2
2026-01-04 01:25:00+00:00,2.0359,2.037,2.0332,2.0338,1049235.5
2026-01-04 01:30:00+00:00,2.0338,2.0339,2.0279,2.0316,2174327.4
2026-01-04 01:35:00+00:00,2.0317,2.0321,2.0289,2.0307,612719.6
2026-01-04 01:40:00+00:00,2.0307,2.0307,2.0255,2.0293,1271512.8
2026-01-04 01:45:00+00:00,2.0294,2.0323,2.0277,2.0293,1076520.9
2026-01-04 01:50:00+00:00,2.0294,2.032,2.029,2.0308,1004209.4
2026-01-04 01:55:00+00:00,2.0309,2.0358,2.0306,2.0343,1067282.3
2026-01-04 02:00:00+00:00,2.0343,2.0353,2.03,2.0312,763909.9
2026-01-04 02:05:00+00:00,2.0312,2.0334,2.0306,2.0311,614732.9
2026-01-04 02:10:00+00:00,2.0311,2.0349,2.0302,2.034,930797.3
2026-01-04 02:15:00+00:00,2.0341,2.0344,2.0323,2.0329,746466.2
2026-01-04 02:20:00+00:00,2.033,2.0363,2.0324,2.0324,1010584.3
2026-01-04 02:25:00+00:00,2.0324,2.0349,2.0317,2.0318,908851.3
2026-01-04 02:30:00+00:00,2.0318,2.0344,2.0317,2.0333,866572.5
2026-01-04 02:35:00+00:00,2.0333,2.0356,2.0331,2.0333,556656.5
2026-01-04 02:40:00+00:00,2.0333,2.0341,2.03,2.0318,781106.3
2026-01-04 02:45:00+00:00,2.0318,2.0325,2.029,2.0294,449130.3
2026-01-04 02:50:00+00:00,2.0295,2.03,2.0253,2.0271,1939630.9
2026-01-04 02:55:00+00:00,2.0271,2.03,2.0268,2.03,531954.9
2026-01-04 03:00:00+00:00,2.03,2.0337,2.0293,2.0328,948230.1
2026-01-04 03:05:00+00:00,2.0329,2.0346,2.0326,2.0337,669978.1
2026-01-04 03:10:00+00:00,2.0337,2.0411,2.0337,2.0387,1348520.1
2026-01-04 03:15:00+00:00,2.0387,2.0414,2.0363,2.0405,1011781.9
2026-01-04 03:20:00+00:00,2.0406,2.0436,2.0378,2.0407,2394373.1
2026-01-04 03:25:00+00:00,2.0407,2.0418,2.0362,2.0376,1137347.5
2026-01-04 03:30:00+00:00,2.0375,2.0385,2.0362,2.0363,606048.9
2026-01-04 03:35:00+00:00,2.0363,2.0442,2.0363,2.0441,1512519.5
2026-01-04 03:40:00+00:00,2.0441,2.0495,2.0441,2.0485,2444324.3
2026-01-04 03:45:00+00:00,2.0485,2.0582,2.0475,2.0538,6751813.7
2026-01-04 03:50:00+00:00,2.0538,2.0609,2.0522,2.0593,5184841.8
2026-01-04 03:55:00+00:00,2.0593,2.06,2.054,2.0567,2336343.9
2026-01-04 04:00:00+00:00,2.0567,2.058,2.0563,2.0578,1601449.8
2026-01-04 04:05:00+00:00,2.0577,2.0618,2.0519,2.0558,2901653.8
2026-01-04 04:10:00+00:00,2.0559,2.063,2.055,2.0628,2245645.2
2026-01-04 04:15:00+00:00,2.0629,2.0683,2.0615,2.0654,3588136.8
2026-01-04 04:20:00+00:00,2.0653,2.0653,2.0565,2.0566,3408837.0
2026-01-04 04:25:00+00:00,2.0565,2.0586,2.055,2.0575,1385461.1
2026-01-04 04:30:00+00:00,2.0576,2.0635,2.0566,2.0606,1471758.1
2026-01-04 04:35:00+00:00,2.0606,2.0615,2.0585,2.0585,1299593.9
2026-01-04 04:40:00+00:00,2.0584,2.0595,2.0528,2.0538,3167359.7
2026-01-04 04:45:00+00:00,2.0538,2.0604,2.0516,2.0584,2721188.1
2026-01-04 04:50:00+00:00,2.0584,2.0595,2.0548,2.0594,1993013.3
2026-01-04 04:55:00+00:00,2.0594,2.0622,2.0566,2.0596,1619804.0
2026-01-04 05:00:00+00:00,2.0596,2.0617,2.0577,2.0596,1237186.9
2026-01-04 05:05:00+00:00,2.0595,2.0647,2.0542,2.0645,2639573.9
2026-01-04 05:10:00+00:00,2.0645,2.0648,2.061,2.0613,1866833.3
2026-01-04 05:15:00+00:00,2.0614,2.0654,2.0604,2.0647,1336795.2
2026-01-04 05:20:00+00:00,2.0647,2.07,2.0631,2.0699,2176487.5
2026-01-04 05:25:00+00:00,2.07,2.0744,2.0678,2.0685,3615578.7
2026-01-04 05:30:00+00:00,2.0685,2.0699,2.0655,2.0683,2006797.7
2026-01-04 05:35:00+00:00,2.0683,2.0685,2.0602,2.0636,1845526.7
2026-01-04 05:40:00+00:00,2.0637,2.0637,2.0611,2.0619,807135.9
2026-01-04 05:45:00+00:00,2.062,2.0666,2.0619,2.0659,802891.1
2026-01-04 05:50:00+00:00,2.0659,2.0666,2.0638,2.0653,662708.1
2026-01-04 05:55:00+00:00,2.0653,2.0672,2.0647,2.0657,473855.7
2026-01-04 06:00:00+00:00,2.0658,2.0682,2.0635,2.068,894974.7
2026-01-04 06:05:00+00:00,2.068,2.0724,2.0645,2.0692,1868068.3
2026-01-04 06:10:00+00:00,2.0692,2.0716,2.0688,2.0699,658582.1
2026-01-04 06:15:00+00:00,2.0699,2.0705,2.0639,2.0693,1415705.7
2026-01-04 06:20:00+00:00,2.0693,2.071,2.0661,2.0662,1566199.4
2026-01-04 06:25:00+00:00,2.0662,2.0674,2.0651,2.0651,1271507.2
2026-01-04 06:30:00+00:00,2.0652,2.0678,2.0624,2.0649,1001854.7
2026-01-04 06:35:00+00:00,2.0649,2.0687,2.0639,2.0676,865688.0
2026-01-04 06:40:00+00:00,2.0676,2.0676,2.0566,2.059,3075334.2
2026-01-04 06:45:00+00:00,2.059,2.0709,2.0589,2.0644,3521079.6
2026-01-04 06:50:00+00:00,2.0643,2.0713,2.0642,2.0707,1885978.8
2026-01-04 06:55:00+00:00,2.0706,2.0708,2.0666,2.0666,1339482.2
2026-01-04 07:00:00+00:00,2.0667,2.0726,2.0665,2.0726,1909260.1
2026-01-04 07:05:00+00:00,2.0726,2.0807,2.071,2.0769,4396679.5
2026-01-04 07:10:00+00:00,2.077,2.0784,2.0735,2.0737,1565785.1
2026-01-04 07:15:00+00:00,2.0737,2.0741,2.0654,2.0667,3617845.8
2026-01-04 07:20:00+00:00,2.0668,2.0673,2.0617,2.0618,2085499.4
2026-01-04 07:25:00+00:00,2.0617,2.0668,2.0606,2.0659,1796311.0
2026-01-04 07:30:00+00:00,2.066,2.0696,2.0644,2.065,1605428.4
2026-01-04 07:35:00+00:00,2.0649,2.0752,2.0649,2.0706,2152742.6
2026-01-04 07:40:00+00:00,2.0705,2.074,2.0692,2.0719,1307444.5
2026-01-04 07:45:00+00:00,2.0719,2.0738,2.0714,2.0732,746022.2
2026-01-04 07:50:00+00:00,2.0732,2.0752,2.0707,2.0715,1145080.2
2026-01-04 07:55:00+00:00,2.0715,2.073,2.0701,2.071,813460.7
2026-01-04 08:00:00+00:00,2.071,2.0724,2.0581,2.0594,4676505.9
2026-01-04 08:05:00+00:00,2.0595,2.0695,2.0591,2.0673,2804497.6
2026-01-04 08:10:00+00:00,2.0674,2.0798,2.0673,2.0791,5357443.7
2026-01-04 08:15:00+00:00,2.0791,2.0843,2.0757,2.0821,4952947.2
2026-01-04 08:20:00+00:00,2.0822,2.083,2.0753,2.076,2990157.7
2026-01-04 08:25:00+00:00,2.076,2.0761,2.0716,2.0734,1627635.5
2026-01-04 08:30:00+00:00,2.0735,2.08,2.0732,2.0785,1636478.7
2026-01-04 08:35:00+00:00,2.0786,2.0799,2.0759,2.0759,995276.7
2026-01-04 08:40:00+00:00,2.0759,2.0786,2.0741,2.078,1755627.7
2026-01-04 08:45:00+00:00,2.078,2.0785,2.0738,2.075,1166556.8
2026-01-04 08:50:00+00:00,2.0749,2.0768,2.0727,2.0741,1442782.0
2026-01-04 08:55:00+00:00,2.0742,2.0768,2.0734,2.0765,679127.4
2026-01-04 09:00:00+00:00,2.0766,2.0798,2.0724,2.0727,1147550.6
2026-01-04 09:05:00+00:00,2.0728,2.0741,2.07,2.0728,1241167.6
2026-01-04 09:10:00+00:00,2.0728,2.073,2.0694,2.0725,864733.1
2026-01-04 09:15:00+00:00,2.0726,2.075,2.0713,2.0743,765366.0
2026-01-04 09:20:00+00:00,2.0743,2.0749,2.0691,2.0692,1554022.3
2026-01-04 09:25:00+00:00,2.0692,2.0696,2.0659,2.0665,1654785.8
2026-01-04 09:30:00+00:00,2.0666,2.07,2.0662,2.0687,1243658.7
2026-01-04 09:35:00+00:00,2.0687,2.0706,2.0682,2.0691,738798.7
2026-01-04 09:40:00+00:00,2.0691,2.0748,2.0689,2.0742,1838564.5
2026-01-04 09:45:00+00:00,2.0741,2.0765,2.0734,2.0749,822345.6
2026-01-04 09:50:00+00:00,2.0749,2.0793,2.0746,2.0768,1370594.4
2026-01-04 09:55:00+00:00,2.0769,2.0891,2.0769,2.0853,6977757.6
2026-01-04 10:00:00+00:00,2.0853,2.0854,2.0791,2.0803,2458204.2
2026-01-04 10:05:00+00:00,2.0804,2.0849,2.0803,2.0827,1700637.1
2026-01-04 10:10:00+00:00,2.0827,2.0846,2.0795,2.0812,1040940.3
2026-01-04 10:15:00+00:00,2.0813,2.0821,2.0783,2.0793,954786.8
2026-01-04 10:20:00+00:00,2.0793,2.0805,2.077,2.0783,1043297.7
2026-01-04 10:25:00+00:00,2.0783,2.0806,2.0776,2.0796,663544.8
2026-01-04 10:30:00+00:00,2.0797,2.0875,2.0788,2.0855,2311958.9
2026-01-04 10:35:00+00:00,2.0855,2.0881,2.0825,2.0853,1513170.7
2026-01-04 10:40:00+00:00,2.0852,2.0885,2.085,2.0879,896004.5
2026-01-04 10:45:00+00:00,2.0879,2.0912,2.0851,2.0864,3063201.3
2026-01-04 10:50:00+00:00,2.0864,2.09,2.0859,2.0871,1333609.2
2026-01-04 10:55:00+00:00,2.0872,2.091,2.0871,2.0899,1116143.0
2026-01-04 11:00:00+00:00,2.0899,2.09,2.084,2.0844,1636145.9
2026-01-04 11:05:00+00:00,2.0844,2.0887,2.0833,2.0862,1375248.3
2026-01-04 11:10:00+00:00,2.0863,2.0889,2.0847,2.0847,1188060.6
2026-01-04 11:15:00+00:00,2.0847,2.0879,2.0823,2.0862,1347535.7
2026-01-04 11:20:00+00:00,2.0863,2.088,2.0835,2.0846,755822.0
2026-01-04 11:25:00+00:00,2.0847,2.0863,2.0843,2.0862,529091.7
2026-01-04 11:30:00+00:00,2.0862,2.088,2.0842,2.0848,699109.3
2026-01-04 11:35:00+00:00,2.0848,2.085,2.0818,2.0826,610074.3
2026-01-04 11:40:00+00:00,2.0826,2.0899,2.0821,2.0887,1077794.9
2026-01-04 11:45:00+00:00,2.0887,2.0906,2.0878,2.0888,1040492.0
2026-01-04 11:50:00+00:00,2.0889,2.0964,2.0875,2.0948,4514516.8
2026-01-04 11:55:00+00:00,2.0947,2.095,2.0882,2.094,2592285.0
2026-01-04 12:00:00+00:00,2.094,2.098,2.0908,2.0974,2701536.5
2026-01-04 12:05:00+00:00,2.0975,2.0978,2.0913,2.0935,2591338.7
2026-01-04 12:10:00+00:00,2.0936,2.0954,2.0923,2.094,1744209.9
2026-01-04 12:15:00+00:00,2.094,2.0976,2.092,2.0951,1423867.8
2026-01-04 12:20:00+00:00,2.0951,2.1186,2.0945,2.1129,15341174.2
2026-01-04 12:25:00+00:00,2.1128,2.1199,2.1126,2.115,6526110.7
2026-01-04 12:30:00+00:00,2.1151,2.1178,2.1095,2.1098,4183761.6
2026-01-04 12:35:00+00:00,2.1098,2.1128,2.103,2.1095,4184621.6
2026-01-04 12:40:00+00:00,2.1095,2.1107,2.1035,2.1036,2128344.5
2026-01-04 12:45:00+00:00,2.1036,2.1123,2.103,2.1117,2770863.5
2026-01-04 12:50:00+00:00,2.1117,2.1189,2.1093,2.1183,2432345.3
2026-01-04 12:55:00+00:00,2.1182,2.1183,2.1134,2.1165,1703180.2
2026-01-04 13:00:00+00:00,2.1166,2.1166,2.1092,2.1099,2821973.3
2026-01-04 13:05:00+00:00,2.1098,2.1137,2.108,2.1102,2108417.4
2026-01-04 13:10:00+00:00,2.1102,2.1144,2.1064,2.1088,1846734.2
2026-01-04 13:15:00+00:00,2.1087,2.1088,2.1017,2.1017,2706604.9
2026-01-04 13:20:00+00:00,2.1017,2.1017,2.0924,2.0981,6916326.8
2026-01-04 13:25:00+00:00,2.0981,2.1,2.0896,2.0945,9097278.3
2026-01-04 13:30:00+00:00,2.0945,2.0991,2.0935,2.0987,2252683.3
2026-01-04 13:35:00+00:00,2.0987,2.0994,2.094,2.0942,1143623.5
2026-01-04 13:40:00+00:00,2.0942,2.0951,2.0928,2.0935,1544434.8
2026-01-04 13:45:00+00:00,2.0935,2.0969,2.0931,2.0954,1008078.6
2026-01-04 13:50:00+00:00,2.0954,2.1029,2.0954,2.1028,1471625.4
2026-01-04 13:55:00+00:00,2.1028,2.103,2.1003,2.101,1303195.2
2026-01-04 14:00:00+00:00,2.1011,2.1036,2.0954,2.0954,2196141.6
2026-01-04 14:05:00+00:00,2.0954,2.0992,2.0944,2.0986,1257398.6
2026-01-04 14:10:00+00:00,2.0986,2.1029,2.0986,2.1015,959267.4
2026-01-04 14:15:00+00:00,2.1015,2.1063,2.1003,2.1011,1314302.1
2026-01-04 14:20:00+00:00,2.1012,2.103,2.0957,2.0971,1072300.8
2026-01-04 14:25:00+00:00,2.0971,2.0972,2.0936,2.0955,1397187.4
2026-01-04 14:30:00+00:00,2.0955,2.0971,2.0845,2.0855,5980170.5
2026-01-04 14:35:00+00:00,2.0856,2.0898,2.0847,2.0859,4565964.2
2026-01-04 14:40:00+00:00,2.0859,2.0867,2.0821,2.084,4095667.6
2026-01-04 14:45:00+00:00,2.084,2.0878,2.08,2.0868,3259708.3
2026-01-04 14:50:00+00:00,2.0868,2.0908,2.0867,2.0896,2195791.9
2026-01-04 14:55:00+00:00,2.0896,2.0902,2.086,2.0902,1118318.1
2026-01-04 15:00:00+00:00,2.0901,2.0918,2.0888,2.0911,1212485.8
2026-01-04 15:05:00+00:00,2.0912,2.0929,2.0887,2.0899,938432.1
2026-01-04 15:10:00+00:00,2.0898,2.0904,2.0858,2.0884,840612.5
2026-01-04 15:15:00+00:00,2.0883,2.0926,2.088,2.0926,1364680.3
2026-01-04 15:20:00+00:00,2.0925,2.0949,2.0898,2.0904,1217234.2
2026-01-04 15:25:00+00:00,2.0904,2.0913,2.0884,2.0901,686370.5
2026-01-04 15:30:00+00:00,2.0902,2.0922,2.0884,2.0889,692104.3
2026-01-04 15:35:00+00:00,2.0889,2.0907,2.0827,2.0861,2215493.2
2026-01-04 15:40:00+00:00,2.086,2.0892,2.086,2.0866,809592.2
2026-01-04 15:45:00+00:00,2.0866,2.0928,2.0811,2.0927,2916730.3
2026-01-04 15:50:00+00:00,2.0928,2.0963,2.0893,2.0933,2598081.9
2026-01-04 15:55:00+00:00,2.0933,2.0939,2.0875,2.0894,1080084.0
2026-01-04 16:00:00+00:00,2.0895,2.0898,2.0837,2.0867,2789220.7
2026-01-04 16:05:00+00:00,2.0868,2.0894,2.0823,2.0843,1918329.0
2026-01-04 16:10:00+00:00,2.0843,2.0886,2.0837,2.0873,692062.6
2026-01-04 16:15:00+00:00,2.0873,2.088,2.0835,2.0839,640195.1
2026-01-04 16:20:00+00:00,2.0839,2.089,2.0832,2.0875,896778.4
2026-01-04 16:25:00+00:00,2.0874,2.0875,2.084,2.0854,586575.8
2026-01-04 16:30:00+00:00,2.0853,2.0909,2.0846,2.0904,725870.0
2026-01-04 16:35:00+00:00,2.0905,2.0922,2.0884,2.0893,1404077.8
2026-01-04 16:40:00+00:00,2.0892,2.0892,2.0837,2.0877,836160.6
2026-01-04 16:45:00+00:00,2.0877,2.0911,2.0877,2.0887,491091.9
2026-01-04 16:50:00+00:00,2.0887,2.093,2.0885,2.093,676062.6
2026-01-04 16:55:00+00:00,2.093,2.093,2.0894,2.0905,691174.3
2026-01-04 17:00:00+00:00,2.0906,2.0944,2.0893,2.091,1087897.6
2026-01-04 17:05:00+00:00,2.091,2.0944,2.0909,2.0924,731605.6
2026-01-04 17:10:00+00:00,2.0925,2.0959,2.0922,2.0956,921895.5
2026-01-04 17:15:00+00:00,2.0957,2.0996,2.0956,2.0975,1477745.7
2026-01-04 17:20:00+00:00,2.0975,2.1025,2.0963,2.0978,2713076.1
2026-01-04 17:25:00+00:00,2.0978,2.0991,2.0925,2.0927,1268170.0
2026-01-04 17:30:00+00:00,2.0928,2.0941,2.0916,2.0932,738356.1
2026-01-04 17:35:00+00:00,2.0932,2.0974,2.093,2.0947,612906.6
2026-01-04 17:40:00+00:00,2.0947,2.0947,2.0893,2.0901,1372346.9
2026-01-04 17:45:00+00:00,2.0901,2.092,2.0888,2.0917,976001.9
2026-01-04 17:50:00+00:00,2.0917,2.0948,2.0916,2.0932,1152007.7
2026-01-04 17:55:00+00:00,2.0932,2.095,2.0922,2.0947,574973.3
2026-01-04 18:00:00+00:00,2.0948,2.095,2.0901,2.0912,697036.4
2026-01-04 18:05:00+00:00,2.0912,2.0919,2.0874,2.0883,866689.5
2026-01-04 18:10:00+00:00,2.0882,2.0883,2.0869,2.0871,538768.6
2026-01-04 18:15:00+00:00,2.0872,2.0897,2.087,2.0877,503446.3
2026-01-04 18:20:00+00:00,2.0877,2.0886,2.0845,2.0862,998182.5
2026-01-04 18:25:00+00:00,2.0862,2.0872,2.085,2.0852,343849.3
2026-01-04 18:30:00+00:00,2.0852,2.0881,2.0813,2.0846,1878960.5
2026-01-04 18:35:00+00:00,2.0846,2.0851,2.0726,2.0807,6990800.3
2026-01-04 18:40:00+00:00,2.0807,2.0838,2.078,2.0835,1934383.1
2026-01-04 18:45:00+00:00,2.0835,2.0858,2.0828,2.0852,872381.4
2026-01-04 18:50:00+00:00,2.0852,2.0874,2.0849,2.0868,685420.7
2026-01-04 18:55:00+00:00,2.0869,2.0895,2.0866,2.0869,766689.5
2026-01-04 19:00:00+00:00,2.0869,2.0884,2.0823,2.0836,917604.8
2026-01-04 19:05:00+00:00,2.0836,2.0836,2.0718,2.0728,5856558.5
2026-01-04 19:10:00+00:00,2.0729,2.0774,2.0715,2.0766,1981209.2
2026-01-04 19:15:00+00:00,2.0766,2.0783,2.0752,2.0755,1016664.8
2026-01-04 19:20:00+00:00,2.0755,2.0848,2.0753,2.0814,2455964.4
2026-01-04 19:25:00+00:00,2.0814,2.0824,2.0793,2.082,635509.2
2026-01-04 19:30:00+00:00,2.082,2.0848,2.0806,2.0848,759684.3
2026-01-04 19:35:00+00:00,2.0847,2.0887,2.0803,2.0803,1243379.8
2026-01-04 19:40:00+00:00,2.0804,2.0811,2.0756,2.0761,1250689.2
2026-01-04 19:45:00+00:00,2.0761,2.0791,2.0752,2.0778,886548.1
2026-01-04 19:50:00+00:00,2.0778,2.0803,2.0775,2.0802,442376.7
2026-01-04 19:55:00+00:00,2.0802,2.084,2.0802,2.0838,917347.0
2026-01-04 20:00:00+00:00,2.0838,2.0854,2.0805,2.0832,943417.2
2026-01-04 20:05:00+00:00,2.0832,2.0878,2.0809,2.0875,1269998.3
2026-01-04 20:10:00+00:00,2.0875,2.092,2.0866,2.0901,1291135.7
2026-01-04 20:15:00+00:00,2.0901,2.0913,2.089,2.0896,729028.0
2026-01-04 20:20:00+00:00,2.0896,2.0903,2.0877,2.0891,601236.8
2026-01-04 20:25:00+00:00,2.0892,2.092,2.0887,2.0914,492798.3
2026-01-04 20:30:00+00:00,2.0914,2.0921,2.089,2.0892,476313.2
2026-01-04 20:35:00+00:00,2.0892,2.0944,2.0891,2.0931,573558.7
2026-01-04 20:40:00+00:00,2.0931,2.0941,2.0913,2.0919,527748.0
2026-01-04 20:45:00+00:00,2.0919,2.0922,2.0903,2.0914,475370.0
2026-01-04 20:50:00+00:00,2.0914,2.0926,2.0891,2.0905,1007776.1
2026-01-04 20:55:00+00:00,2.0906,2.0915,2.0893,2.0915,470594.2
2026-01-04 21:00:00+00:00,2.0915,2.0933,2.088,2.093,684388.5
2026-01-04 21:05:00+00:00,2.0931,2.0988,2.0928,2.0966,2269054.2
2026-01-04 21:10:00+00:00,2.0967,2.102,2.0964,2.0965,2502454.9
2026-01-04 21:15:00+00:00,2.0966,2.0986,2.096,2.0967,653346.4
2026-01-04 21:20:00+00:00,2.0967,2.0989,2.0965,2.0982,507322.5
2026-01-04 21:25:00+00:00,2.0981,2.0995,2.0965,2.0965,582008.1
2026-01-04 21:30:00+00:00,2.0966,2.0981,2.093,2.0961,611253.6
2026-01-04 21:35:00+00:00,2.0961,2.0966,2.0915,2.0921,1050223.1
2026-01-04 21:40:00+00:00,2.0921,2.0921,2.0881,2.0918,890324.4
2026-01-04 21:45:00+00:00,2.0917,2.0959,2.0902,2.0921,475311.0
2026-01-04 21:50:00+00:00,2.0921,2.0974,2.0917,2.097,898556.3
2026-01-04 21:55:00+00:00,2.0971,2.0971,2.0952,2.096,408343.9
2026-01-04 22:00:00+00:00,2.0959,2.0991,2.0948,2.099,653376.3
2026-01-04 22:05:00+00:00,2.0991,2.0991,2.0959,2.0976,658656.8
2026-01-04 22:10:00+00:00,2.0976,2.0983,2.0895,2.0914,901487.7
2026-01-04 22:15:00+00:00,2.0915,2.0937,2.0889,2.0928,861842.3
2026-01-04 22:20:00+00:00,2.0928,2.0942,2.087,2.0871,1226223.3
2026-01-04 22:25:00+00:00,2.0871,2.0892,2.0866,2.0884,613494.6
2026-01-04 22:30:00+00:00,2.0884,2.0884,2.0852,2.0862,493727.8
2026-01-04 22:35:00+00:00,2.0862,2.0862,2.0792,2.0794,972633.9
2026-01-04 22:40:00+00:00,2.0794,2.0836,2.078,2.0818,1988582.6
2026-01-04 22:45:00+00:00,2.0818,2.0841,2.0817,2.0841,667266.7
2026-01-04 22:50:00+00:00,2.0841,2.0841,2.0815,2.082,265996.4
2026-01-04 22:55:00+00:00,2.0821,2.0866,2.08,2.0855,1315738.7
2026-01-04 23:00:00+00:00,2.0855,2.0967,2.0848,2.0939,1990084.2
2026-01-04 23:05:00+00:00,2.094,2.0973,2.092,2.0933,1945459.3
2026-01-04 23:10:00+00:00,2.0932,2.0941,2.083,2.0842,1408502.4
2026-01-04 23:15:00+00:00,2.0842,2.0887,2.0832,2.0883,974784.9
2026-01-04 23:20:00+00:00,2.0884,2.0913,2.0873,2.0881,600736.0
2026-01-04 23:25:00+00:00,2.0881,2.0908,2.085,2.0863,655648.6
2026-01-04 23:30:00+00:00,2.0863,2.0905,2.0851,2.0904,1721355.9
2026-01-04 23:35:00+00:00,2.0904,2.0926,2.0876,2.0912,1172216.5
2026-01-04 23:40:00+00:00,2.0911,2.0913,2.0875,2.0876,518077.0
2026-01-04 23:45:00+00:00,2.0877,2.0883,2.085,2.0866,757214.1
2026-01-04 23:50:00+00:00,2.0867,2.0921,2.0866,2.0901,698870.0
2026-01-04 23:55:00+00:00,2.0901,2.0917,2.0886,2.0896,705060.3
2026-01-05 00:00:00+00:00,2.0896,2.0984,2.0878,2.0883,4366361.1
2026-01-05 00:05:00+00:00,2.0883,2.0925,2.0865,2.0906,2484305.4
2026-01-05 00:10:00+00:00,2.0905,2.0958,2.0894,2.0958,1186525.7
2026-01-05 00:15:00+00:00,2.0958,2.1018,2.0958,2.0996,2797795.7
2026-01-05 00:20:00+00:00,2.0996,2.0996,2.0924,2.0984,2439354.9
2026-01-05 00:25:00+00:00,2.0984,2.0994,2.0937,2.0984,2910515.6
2026-01-05 00:30:00+00:00,2.0985,2.1002,2.0952,2.1,1184154.9
2026-01-05 00:35:00+00:00,2.0999,2.1039,2.0992,2.1018,2686956.5
2026-01-05 00:40:00+00:00,2.1018,2.1025,2.097,2.1024,1527891.6
2026-01-05 00:45:00+00:00,2.1023,2.1163,2.102,2.1124,5878860.6
2026-01-05 00:50:00+00:00,2.1124,2.1144,2.1055,2.1083,2872801.9
2026-01-05 00:55:00+00:00,2.1083,2.1114,2.1061,2.1114,1268028.3
2026-01-05 01:00:00+00:00,2.1115,2.1177,2.1083,2.1163,3974338.0
2026-01-05 01:05:00+00:00,2.1162,2.1287,2.1146,2.1268,7335025.9
2026-01-05 01:10:00+00:00,2.1269,2.1299,2.1202,2.1295,4447281.6
2026-01-05 01:15:00+00:00,2.1296,2.131,2.1236,2.1268,3583493.5
2026-01-05 01:20:00+00:00,2.1268,2.1289,2.1247,2.1269,2228502.4
2026-01-05 01:25:00+00:00,2.1269,2.1384,2.1266,2.1371,3482942.3
2026-01-05 01:30:00+00:00,2.1372,2.1412,2.1304,2.1393,2994399.5
2026-01-05 01:35:00+00:00,2.1393,2.1579,2.1386,2.1556,8476829.4
2026-01-05 01:40:00+00:00,2.1556,2.1572,2.15,2.1532,4181466.7
2026-01-05 01:45:00+00:00,2.1532,2.1567,2.1445,2.1566,3435146.4
2026-01-05 01:50:00+00:00,2.1566,2.1658,2.1565,2.1593,5920256.5
2026-01-05 01:55:00+00:00,2.1592,2.1613,2.1541,2.1559,2718868.1
2026-01-05 02:00:00+00:00,2.1559,2.1605,2.1524,2.1544,3143476.2
2026-01-05 02:05:00+00:00,2.1545,2.1587,2.1464,2.1496,3524009.3
2026-01-05 02:10:00+00:00,2.1496,2.1511,2.1465,2.1483,1987778.4
2026-01-05 02:15:00+00:00,2.1483,2.1504,2.1452,2.1467,1630712.2
2026-01-05 02:20:00+00:00,2.1468,2.1476,2.1379,2.14,4118202.1
2026-01-05 02:25:00+00:00,2.14,2.1429,2.1386,2.1393,2027039.4
2026-01-05 02:30:00+00:00,2.1394,2.1475,2.1388,2.146,3014295.1
2026-01-05 02:35:00+00:00,2.1461,2.1489,2.1391,2.14,1942507.1
2026-01-05 02:40:00+00:00,2.14,2.143,2.1345,2.1357,3830411.2
2026-01-05 02:45:00+00:00,2.1358,2.1419,2.1353,2.1419,1520063.0
2026-01-05 02:50:00+00:00,2.1419,2.1461,2.1385,2.1432,5231488.1
2026-01-05 02:55:00+00:00,2.1432,2.1454,2.1422,2.1433,1478177.7
2026-01-05 03:00:00+00:00,2.1432,2.1462,2.1402,2.144,1738248.1
2026-01-05 03:05:00+00:00,2.1439,2.1496,2.1437,2.1444,2224417.0
2026-01-05 03:10:00+00:00,2.1444,2.1448,2.1386,2.1399,1522664.8
2026-01-05 03:15:00+00:00,2.1398,2.1414,2.136,2.1391,2174449.2
2026-01-05 03:20:00+00:00,2.1391,2.1445,2.1384,2.1405,1369729.8
2026-01-05 03:25:00+00:00,2.1406,2.1428,2.1395,2.1412,874948.4
2026-01-05 03:30:00+00:00,2.1413,2.1531,2.1412,2.1516,4528070.5
2026-01-05 03:35:00+00:00,2.1516,2.153,2.1487,2.1502,1599737.4
2026-01-05 03:40:00+00:00,2.1502,2.1502,2.1387,2.139,2165497.6
2026-01-05 03:45:00+00:00,2.139,2.1411,2.1377,2.1398,1611548.1
2026-01-05 03:50:00+00:00,2.1399,2.1434,2.1398,2.1415,707696.4
2026-01-05 03:55:00+00:00,2.1415,2.1445,2.1406,2.1418,546464.2
2026-01-05 04:00:00+00:00,2.1419,2.1445,2.1408,2.1419,928244.3
2026-01-05 04:05:00+00:00,2.1419,2.1452,2.139,2.1426,932276.4
2026-01-05 04:10:00+00:00,2.1426,2.143,2.133,2.1365,3327364.2
2026-01-05 04:15:00+00:00,2.1365,2.1406,2.1332,2.1334,1226835.5
2026-01-05 04:20:00+00:00,2.1335,2.1346,2.1278,2.1281,4680311.6
2026-01-05 04:25:00+00:00,2.128,2.1298,2.1208,2.1233,4838169.4
2026-01-05 04:30:00+00:00,2.1233,2.1256,2.1172,2.1212,3354834.9
2026-01-05 04:35:00+00:00,2.1212,2.1247,2.1194,2.1238,1443774.2
2026-01-05 04:40:00+00:00,2.1238,2.1238,2.1183,2.1205,1823938.2
2026-01-05 04:45:00+00:00,2.1206,2.1265,2.1194,2.1195,2931351.9
2026-01-05 04:50:00+00:00,2.1196,2.1273,2.1196,2.1271,1250502.9
2026-01-05 04:55:00+00:00,2.1271,2.129,2.1259,2.126,1426050.8
2026-01-05 05:00:00+00:00,2.1259,2.126,2.121,2.1229,661148.8
2026-01-05 05:05:00+00:00,2.1229,2.1268,2.1225,2.1245,1060547.0
2026-01-05 05:10:00+00:00,2.1245,2.1315,2.1245,2.1307,1456095.4
2026-01-05 05:15:00+00:00,2.1308,2.1319,2.1278,2.1293,916797.8
2026-01-05 05:20:00+00:00,2.1293,2.1333,2.1292,2.132,935439.1
2026-01-05 05:25:00+00:00,2.132,2.1372,2.1314,2.1317,2049276.5
2026-01-05 05:30:00+00:00,2.1318,2.1318,2.128,2.128,700916.4
2026-01-05 05:35:00+00:00,2.128,2.1317,2.1276,2.1292,596940.8
2026-01-05 05:40:00+00:00,2.1291,2.1326,2.1291,2.1311,534978.4
2026-01-05 05:45:00+00:00,2.1311,2.1345,2.129,2.1344,701247.0
2026-01-05 05:50:00+00:00,2.1345,2.1347,2.1233,2.1244,2452839.1
2026-01-05 05:55:00+00:00,2.1245,2.1274,2.1201,2.122,1200217.8
2026-01-05 06:00:00+00:00,2.122,2.1246,2.1212,2.122,990682.1
2026-01-05 06:05:00+00:00,2.1221,2.1262,2.1196,2.1261,980010.2
2026-01-05 06:10:00+00:00,2.1262,2.1275,2.1237,2.1257,1345118.9
2026-01-05 06:15:00+00:00,2.1257,2.1274,2.124,2.1255,338871.2
2026-01-05 06:20:00+00:00,2.1254,2.1254,2.1202,2.1203,670904.0
2026-01-05 06:25:00+00:00,2.1203,2.1205,2.1117,2.1144,3906802.7
2026-01-05 06:30:00+00:00,2.1143,2.1145,2.1083,2.1137,3279332.4
2026-01-05 06:35:00+00:00,2.1138,2.1184,2.1133,2.1176,1383909.6
2026-01-05 06:40:00+00:00,2.1175,2.1228,2.1172,2.1218,2751621.6
2026-01-05 06:45:00+00:00,2.1218,2.1224,2.1201,2.1214,609868.3
2026-01-05 06:50:00+00:00,2.1215,2.1226,2.12,2.122,920989.0
2026-01-05 06:55:00+00:00,2.122,2.1239,2.1214,2.1225,687948.8
2026-01-05 07:00:00+00:00,2.1226,2.1305,2.1222,2.128,1467454.0
2026-01-05 07:05:00+00:00,2.128,2.13,2.1269,2.1277,1196314.0
2026-01-05 07:10:00+00:00,2.1277,2.1337,2.1275,2.1317,1176616.3
2026-01-05 07:15:00+00:00,2.1318,2.1346,2.13,2.1302,1028857.8
2026-01-05 07:20:00+00:00,2.1302,2.1322,2.129,2.1304,1012205.3
2026-01-05 07:25:00+00:00,2.1303,2.132,2.1295,2.1307,714467.1
2026-01-05 07:30:00+00:00,2.1307,2.1329,2.1292,2.1298,1023673.4
2026-01-05 07:35:00+00:00,2.1298,2.1312,2.1287,2.1309,779089.4
2026-01-05 07:40:00+00:00,2.1309,2.1329,2.1301,2.1324,818381.4
2026-01-05 07:45:00+00:00,2.1323,2.134,2.1319,2.1331,530432.0
2026-01-05 07:50:00+00:00,2.133,2.1341,2.1312,2.1322,394405.2
2026-01-05 07:55:00+00:00,2.1323,2.1335,2.1306,2.133,581416.7
2026-01-05 08:00:00+00:00,2.1329,2.1365,2.1302,2.136,1121708.4
2026-01-05 08:05:00+00:00,2.1359,2.1436,2.1351,2.1433,2013310.5
2026-01-05 08:10:00+00:00,2.1433,2.1454,2.1406,2.1443,2109832.4
2026-01-05 08:15:00+00:00,2.1444,2.1515,2.1433,2.1455,3826479.4
2026-01-05 08:20:00+00:00,2.1456,2.1483,2.1455,2.1476,1018073.1
2026-01-05 08:25:00+00:00,2.1475,2.1519,2.1454,2.1482,1715176.5
2026-01-05 08:30:00+00:00,2.1483,2.1495,2.1449,2.1449,981057.6
2026-01-05 08:35:00+00:00,2.145,2.145,2.1359,2.136,2585591.4
2026-01-05 08:40:00+00:00,2.1361,2.1397,2.136,2.1377,1357000.9
2026-01-05 08:45:00+00:00,2.1378,2.142,2.1373,2.1399,932245.8
2026-01-05 08:50:00+00:00,2.1399,2.142,2.1395,2.1404,607486.5
2026-01-05 08:55:00+00:00,2.1405,2.142,2.138,2.1383,1065730.6
2026-01-05 09:00:00+00:00,2.1383,2.1401,2.1281,2.1316,3102859.0
2026-01-05 09:05:00+00:00,2.1316,2.1336,2.1267,2.1292,2283038.3
2026-01-05 09:10:00+00:00,2.1291,2.1324,2.1277,2.1292,1323189.9
2026-01-05 09:15:00+00:00,2.1292,2.1407,2.1284,2.1361,1931882.2
2026-01-05 09:20:00+00:00,2.1361,2.1372,2.1335,2.1342,1169826.3
2026-01-05 09:25:00+00:00,2.1342,2.1401,2.1332,2.1395,825467.1
2026-01-05 09:30:00+00:00,2.1396,2.1413,2.136,2.1401,853590.7
2026-01-05 09:35:00+00:00,2.14,2.1464,2.1396,2.1436,3003250.0
2026-01-05 09:40:00+00:00,2.1436,2.1442,2.1417,2.1435,715796.0
2026-01-05 09:45:00+00:00,2.1434,2.144,2.141,2.1415,1430428.5
2026-01-05 09:50:00+00:00,2.1415,2.1432,2.1382,2.1419,1121090.1
2026-01-05 09:55:00+00:00,2.1419,2.1419,2.135,2.1364,1302825.3
2026-01-05 10:00:00+00:00,2.1364,2.1419,2.1359,2.1398,1367630.7
2026-01-05 10:05:00+00:00,2.1398,2.1462,2.1397,2.1417,2719613.8
2026-01-05 10:10:00+00:00,2.1416,2.1465,2.1413,2.146,1165822.1
2026-01-05 10:15:00+00:00,2.146,2.1482,2.1443,2.1469,1231399.0
2026-01-05 10:20:00+00:00,2.1469,2.1469,2.1451,2.1462,553277.1
2026-01-05 10:25:00+00:00,2.1461,2.1471,2.141,2.1418,2166173.2
2026-01-05 10:30:00+00:00,2.1418,2.1423,2.1367,2.138,1340428.2
2026-01-05 10:35:00+00:00,2.1379,2.14,2.1306,2.1362,2584707.6
2026-01-05 10:40:00+00:00,2.1361,2.1361,2.1326,2.1353,1022101.9
2026-01-05 10:45:00+00:00,2.1352,2.1402,2.1352,2.139,933903.7
2026-01-05 10:50:00+00:00,2.139,2.1411,2.1377,2.1406,1084612.3
2026-01-05 10:55:00+00:00,2.1406,2.1411,2.1365,2.1367,698637.4
2026-01-05 11:00:00+00:00,2.1367,2.1367,2.1279,2.1283,1948641.0
2026-01-05 11:05:00+00:00,2.1283,2.1348,2.1282,2.1319,1479985.3
2026-01-05 11:10:00+00:00,2.132,2.1331,2.13,2.1306,795283.4
2026-01-05 11:15:00+00:00,2.1307,2.1317,2.127,2.1316,1384684.4
2026-01-05 11:20:00+00:00,2.1317,2.1341,2.131,2.1317,1107969.8
2026-01-05 11:25:00+00:00,2.1317,2.1335,2.1281,2.1296,1001836.9
2026-01-05 11:30:00+00:00,2.1297,2.1305,2.1273,2.1282,627766.1
2026-01-05 11:35:00+00:00,2.1281,2.1294,2.1242,2.1249,1405646.0
2026-01-05 11:40:00+00:00,2.1249,2.1299,2.1246,2.1288,1426447.6
2026-01-05 11:45:00+00:00,2.1289,2.1327,2.1274,2.1317,1164111.1
2026-01-05 11:50:00+00:00,2.1317,2.1335,2.1307,2.1318,696333.4
2026-01-05 11:55:00+00:00,2.1318,2.1342,2.1315,2.1324,1023318.5
2026-01-05 12:00:00+00:00,2.1324,2.1336,2.1302,2.1331,1144972.1
2026-01-05 12:05:00+00:00,2.1331,2.1353,2.127,2.1293,3333626.0
2026-01-05 12:10:00+00:00,2.1293,2.1337,2.1293,2.1329,1230446.5
2026-01-05 12:15:00+00:00,2.133,2.1369,2.1291,2.1316,1339103.0
2026-01-05 12:20:00+00:00,2.1316,2.1316,2.1262,2.1269,1086689.5
2026-01-05 12:25:00+00:00,2.127,2.1277,2.1237,2.124,1354246.2
2026-01-05 12:30:00+00:00,2.124,2.1275,2.123,2.1261,1174622.0
2026-01-05 12:35:00+00:00,2.1261,2.1282,2.1215,2.1235,1272838.1
2026-01-05 12:40:00+00:00,2.1236,2.1249,2.1222,2.1237,823167.3
2026-01-05 12:45:00+00:00,2.1237,2.13,2.123,2.1271,1021607.4
2026-01-05 12:50:00+00:00,2.1271,2.1283,2.1247,2.1247,713905.4
2026-01-05 12:55:00+00:00,2.1248,2.1279,2.1244,2.1261,365649.9
2026-01-05 13:00:00+00:00,2.126,2.1279,2.1235,2.1269,1195900.5
2026-01-05 13:05:00+00:00,2.127,2.1305,2.1257,2.1274,908301.0
2026-01-05 13:10:00+00:00,2.1274,2.1303,2.1274,2.1298,602377.8
2026-01-05 13:15:00+00:00,2.1297,2.1299,2.1245,2.1245,858127.3
2026-01-05 13:20:00+00:00,2.1245,2.1245,2.1177,2.1217,3076717.1
2026-01-05 13:25:00+00:00,2.1218,2.1234,2.1205,2.1213,823005.2
2026-01-05 13:30:00+00:00,2.1214,2.1224,2.1158,2.1171,2654714.2
2026-01-05 13:35:00+00:00,2.1171,2.1198,2.115,2.1158,3680417.2
2026-01-05 13:40:00+00:00,2.1158,2.117,2.1111,2.1152,5235102.5
2026-01-05 13:45:00+00:00,2.1152,2.1177,2.1139,2.1141,1009260.6
2026-01-05 13:50:00+00:00,2.1141,2.1166,2.1123,2.1152,1168290.6
2026-01-05 13:55:00+00:00,2.1152,2.121,2.1147,2.1162,1540339.9
2026-01-05 14:00:00+00:00,2.1163,2.1203,2.1156,2.1191,1598588.5
2026-01-05 14:05:00+00:00,2.1191,2.12,2.1108,2.1159,2133317.6
2026-01-05 14:10:00+00:00,2.1159,2.1194,2.1159,2.1173,1195875.0
2026-01-05 14:15:00+00:00,2.1173,2.12,2.1157,2.1187,1115900.2
2026-01-05 14:20:00+00:00,2.1188,2.1205,2.1132,2.1135,2095019.8
2026-01-05 14:25:00+00:00,2.1136,2.1211,2.1109,2.1197,3419745.4
2026-01-05 14:30:00+00:00,2.1198,2.1276,2.1186,2.1221,5275053.6
2026-01-05 14:35:00+00:00,2.1221,2.135,2.117,2.1309,5225455.6
2026-01-05 14:40:00+00:00,2.131,2.1452,2.128,2.1433,5954337.7
2026-01-05 14:45:00+00:00,2.1433,2.1515,2.133,2.1405,8529820.4
2026-01-05 14:50:00+00:00,2.1405,2.1487,2.1384,2.1458,4880491.5
2026-01-05 14:55:00+00:00,2.1458,2.1532,2.1451,2.149,5962613.3
2026-01-05 15:00:00+00:00,2.1491,2.153,2.1395,2.1462,6079346.0
2026-01-05 15:05:00+00:00,2.1463,2.149,2.1369,2.1447,3514842.7
2026-01-05 15:10:00+00:00,2.1446,2.1498,2.1424,2.1494,3604041.9
2026-01-05 15:15:00+00:00,2.1494,2.1593,2.1481,2.1526,6165149.4
2026-01-05 15:20:00+00:00,2.1527,2.1528,2.1422,2.1463,3151205.3
2026-01-05 15:25:00+00:00,2.1462,2.1525,2.1431,2.1496,1743196.9
2026-01-05 15:30:00+00:00,2.1496,2.167,2.1482,2.1629,5994843.3
2026-01-05 15:35:00+00:00,2.163,2.167,2.1585,2.1605,4682330.9
2026-01-05 15:40:00+00:00,2.1605,2.1677,2.1586,2.1651,4260410.1
2026-01-05 15:45:00+00:00,2.1651,2.1687,2.1584,2.1621,3485277.9
2026-01-05 15:50:00+00:00,2.1622,2.1669,2.161,2.164,1863576.8
2026-01-05 15:55:00+00:00,2.1641,2.1684,2.1638,2.1641,1438189.6
2026-01-05 16:00:00+00:00,2.1642,2.1761,2.1634,2.1745,7328509.2
2026-01-05 16:05:00+00:00,2.1744,2.1762,2.1642,2.1686,3917742.8
2026-01-05 16:10:00+00:00,2.1685,2.1768,2.1681,2.1755,4464747.6
2026-01-05 16:15:00+00:00,2.1756,2.1816,2.1729,2.18,5887752.4
2026-01-05 16:20:00+00:00,2.1799,2.1847,2.1678,2.1754,7182507.3
2026-01-05 16:25:00+00:00,2.1754,2.1823,2.1742,2.1768,3269168.8
2026-01-05 16:30:00+00:00,2.1769,2.1828,2.1727,2.1781,3565109.0
2026-01-05 16:35:00+00:00,2.178,2.1877,2.1758,2.1805,4540545.2
2026-01-05 16:40:00+00:00,2.1805,2.184,2.179,2.1808,2286997.8
2026-01-05 16:45:00+00:00,2.1809,2.1862,2.1795,2.185,2836900.7
2026-01-05 16:50:00+00:00,2.1849,2.1954,2.184,2.1921,6677615.4
2026-01-05 16:55:00+00:00,2.1921,2.1932,2.1868,2.193,3285488.1
2026-01-05 17:00:00+00:00,2.1931,2.1951,2.1865,2.1922,3409020.7
2026-01-05 17:05:00+00:00,2.1922,2.1934,2.1867,2.1869,2454988.8
2026-01-05 17:10:00+00:00,2.187,2.191,2.1855,2.1863,2240348.2
2026-01-05 17:15:00+00:00,2.1864,2.1871,2.1788,2.1796,4789067.2
2026-01-05 17:20:00+00:00,2.1796,2.18,2.1666,2.1796,8928140.4
2026-01-05 17:25:00+00:00,2.1795,2.1799,2.172,2.1777,3030647.5
2026-01-05 17:30:00+00:00,2.1778,2.1823,2.176,2.1771,3374126.9
2026-01-05 17:35:00+00:00,2.1771,2.1838,2.1764,2.183,1936631.2
2026-01-05 17:40:00+00:00,2.183,2.1947,2.183,2.1917,4491443.8
2026-01-05 17:45:00+00:00,2.1917,2.1968,2.1908,2.1941,4976696.6
2026-01-05 17:50:00+00:00,2.1942,2.1973,2.1902,2.1955,5855952.1
2026-01-05 17:55:00+00:00,2.1955,2.207,2.1943,2.2059,10875358.8
2026-01-05 18:00:00+00:00,2.2059,2.2136,2.1985,2.2117,8089341.4
2026-01-05 18:05:00+00:00,2.2117,2.2142,2.2087,2.2098,4415878.5
2026-01-05 18:10:00+00:00,2.2098,2.2183,2.2084,2.218,4024483.1
2026-01-05 18:15:00+00:00,2.218,2.2181,2.2104,2.2115,4773629.9
2026-01-05 18:20:00+00:00,2.2115,2.213,2.2055,2.2129,4749991.0
2026-01-05 18:25:00+00:00,2.213,2.2288,2.2129,2.2253,10678451.9
2026-01-05 18:30:00+00:00,2.2253,2.2385,2.2215,2.2359,9283783.2
2026-01-05 18:35:00+00:00,2.2359,2.2387,2.2289,2.2299,7018901.8
2026-01-05 18:40:00+00:00,2.2298,2.2443,2.2295,2.242,7346361.8
2026-01-05 18:45:00+00:00,2.242,2.2616,2.24,2.26,11893202.7
2026-01-05 18:50:00+00:00,2.2601,2.2658,2.2556,2.2609,12023181.6
2026-01-05 18:55:00+00:00,2.2609,2.2684,2.2571,2.266,9046218.1
2026-01-05 19:00:00+00:00,2.2659,2.2695,2.2567,2.2611,10810591.7
2026-01-05 19:05:00+00:00,2.2612,2.2715,2.2609,2.2694,7724933.0
2026-01-05 19:10:00+00:00,2.2694,2.2749,2.2669,2.2713,5585755.1
2026-01-05 19:15:00+00:00,2.2713,2.2717,2.2586,2.2659,8000095.2
2026-01-05 19:20:00+00:00,2.2659,2.2746,2.2631,2.2646,6088564.0
2026-01-05 19:25:00+00:00,2.2646,2.2721,2.2636,2.2703,4511988.6
2026-01-05 19:30:00+00:00,2.2703,2.2814,2.2679,2.2777,12023008.0
2026-01-05 19:35:00+00:00,2.2777,2.2803,2.2642,2.2694,7166588.0
2026-01-05 19:40:00+00:00,2.2695,2.2768,2.2669,2.2685,4933884.5
2026-01-05 19:45:00+00:00,2.2684,2.2737,2.2659,2.2718,4968943.4
2026-01-05 19:50:00+00:00,2.2719,2.2735,2.2652,2.2698,4260036.6
2026-01-05 19:55:00+00:00,2.2698,2.2813,2.2698,2.2771,6447260.3
2026-01-05 20:00:00+00:00,2.2772,2.3056,2.2751,2.3037,21586416.5
2026-01-05 20:05:00+00:00,2.3036,2.3233,2.3026,2.3131,23431915.6
2026-01-05 20:10:00+00:00,2.313,2.3213,2.3042,2.3195,14512251.6
2026-01-05 20:15:00+00:00,2.3195,2.334,2.3177,2.3292,18868812.6
2026-01-05 20:20:00+00:00,2.3292,2.3327,2.3224,2.33,8434273.1
2026-01-05 20:25:00+00:00,2.33,2.3499,2.3286,2.3455,18174840.4
2026-01-05 20:30:00+00:00,2.3455,2.3474,2.3069,2.3141,19125730.7
2026-01-05 20:35:00+00:00,2.314,2.3255,2.3084,2.3204,11063837.5
2026-01-05 20:40:00+00:00,2.3204,2.3211,2.3084,2.3196,8891726.8
2026-01-05 20:45:00+00:00,2.3195,2.322,2.3119,2.3165,6633665.3
2026-01-05 20:50:00+00:00,2.3166,2.319,2.3075,2.3086,4802568.6
2026-01-05 20:55:00+00:00,2.3086,2.319,2.2961,2.3155,13975340.1
2026-01-05 21:00:00+00:00,2.3155,2.3318,2.3119,2.3285,7794671.0
2026-01-05 21:05:00+00:00,2.3286,2.3325,2.3173,2.3214,5123227.7
2026-01-05 21:10:00+00:00,2.3214,2.3264,2.3195,2.323,2897186.5
2026-01-05 21:15:00+00:00,2.3231,2.3352,2.323,2.333,4886280.7
2026-01-05 21:20:00+00:00,2.3331,2.3382,2.3297,2.3339,3022063.8
2026-01-05 21:25:00+00:00,2.3339,2.3361,2.3232,2.324,4068478.7
2026-01-05 21:30:00+00:00,2.3241,2.334,2.3233,2.3286,3573341.8
2026-01-05 21:35:00+00:00,2.3286,2.3306,2.322,2.3294,2517091.9
2026-01-05 21:40:00+00:00,2.3295,2.3382,2.3278,2.3303,5959727.9
2026-01-05 21:45:00+00:00,2.3303,2.3306,2.327,2.3289,1942381.2
2026-01-05 21:50:00+00:00,2.329,2.3435,2.3278,2.3358,5613937.1
2026-01-05 21:55:00+00:00,2.3359,2.3364,2.3277,2.3347,2502224.8
2026-01-05 22:00:00+00:00,2.3347,2.3351,2.3211,2.3227,3996850.3
2026-01-05 22:05:00+00:00,2.3227,2.3328,2.3225,2.3306,2001122.6
2026-01-05 22:10:00+00:00,2.3306,2.3325,2.3217,2.3254,2304378.0
2026-01-05 22:15:00+00:00,2.3254,2.3314,2.3236,2.3279,2772054.5
2026-01-05 22:20:00+00:00,2.328,2.3357,2.3277,2.3347,2893527.7
2026-01-05 22:25:00+00:00,2.3348,2.3367,2.3262,2.328,1873135.6
2026-01-05 22:30:00+00:00,2.328,2.3332,2.3261,2.3291,1526456.5
2026-01-05 22:35:00+00:00,2.3291,2.3405,2.3291,2.3405,4107736.7
2026-01-05 22:40:00+00:00,2.3404,2.3453,2.3344,2.3348,2765950.3
2026-01-05 22:45:00+00:00,2.3348,2.3389,2.3291,2.3323,2155848.4
2026-01-05 22:50:00+00:00,2.3324,2.3371,2.3266,2.3369,2510670.7
2026-01-05 22:55:00+00:00,2.337,2.3383,2.3337,2.3346,1370055.0
2026-01-05 23:00:00+00:00,2.3346,2.3419,2.3334,2.34,3030835.8
2026-01-05 23:05:00+00:00,2.34,2.3485,2.338,2.3456,4156992.5
2026-01-05 23:10:00+00:00,2.3457,2.3561,2.3433,2.3546,6253571.0
2026-01-05 23:15:00+00:00,2.3545,2.368,2.3483,2.3498,11294888.8
2026-01-05 23:20:00+00:00,2.3498,2.3585,2.3488,2.3524,3169807.6
2026-01-05 23:25:00+00:00,2.3523,2.358,2.3479,2.3571,3339161.8
2026-01-05 23:30:00+00:00,2.357,2.3643,2.3553,2.3635,5046340.9
2026-01-05 23:35:00+00:00,2.3635,2.3647,2.3498,2.3508,5198169.6
2026-01-05 23:40:00+00:00,2.3507,2.3595,2.3499,2.3557,3716657.2
2026-01-05 23:45:00+00:00,2.3557,2.3639,2.355,2.3615,2489758.8
2026-01-05 23:50:00+00:00,2.3615,2.3619,2.3457,2.3463,3707431.2
2026-01-05 23:55:00+00:00,2.3464,2.3507,2.345,2.3471,3098308.1
2026-01-06 00:00:00+00:00,2.3471,2.36,2.3469,2.3565,4983615.4
2026-01-06 00:05:00+00:00,2.3565,2.3568,2.3287,2.3361,12275502.6
2026-01-06 00:10:00+00:00,2.3361,2.3382,2.3228,2.325,8037687.1
2026-01-06 00:15:00+00:00,2.3251,2.3277,2.3161,2.3251,11448521.5
2026-01-06 00:20:00+00:00,2.325,2.3383,2.3249,2.3342,6954790.7
2026-01-06 00:25:00+00:00,2.3342,2.3597,2.3324,2.3582,8217751.6
2026-01-06 00:30:00+00:00,2.3581,2.3582,2.3428,2.3441,7163946.7
2026-01-06 00:35:00+00:00,2.344,2.3478,2.3326,2.3368,7103688.0
2026-01-06 00:40:00+00:00,2.3368,2.3515,2.3359,2.3481,4525783.5
2026-01-06 00:45:00+00:00,2.3482,2.3569,2.346,2.3566,5227547.4
2026-01-06 00:50:00+00:00,2.3566,2.3615,2.3511,2.3597,5089353.7
2026-01-06 00:55:00+00:00,2.3597,2.3737,2.3583,2.371,6614955.2
2026-01-06 01:00:00+00:00,2.3711,2.394,2.3711,2.3848,18001823.7
2026-01-06 01:05:00+00:00,2.3848,2.3871,2.3741,2.3784,8174466.2
2026-01-06 01:10:00+00:00,2.3784,2.3798,2.3674,2.3775,5362388.3
2026-01-06 01:15:00+00:00,2.3776,2.3926,2.3768,2.3923,4961477.9
2026-01-06 01:20:00+00:00,2.3923,2.3929,2.3811,2.3836,5327380.2
2026-01-06 01:25:00+00:00,2.3836,2.3918,2.3801,2.3914,3632506.3
2026-01-06 01:30:00+00:00,2.3914,2.4046,2.387,2.3892,13454338.6
2026-01-06 01:35:00+00:00,2.3891,2.3934,2.3707,2.3744,9444803.0
2026-01-06 01:40:00+00:00,2.3744,2.3764,2.3691,2.3711,4534977.1
2026-01-06 01:45:00+00:00,2.3711,2.3745,2.3647,2.368,4678583.2
2026-01-06 01:50:00+00:00,2.3681,2.3699,2.3611,2.3677,4026019.3
2026-01-06 01:55:00+00:00,2.3677,2.3738,2.3608,2.3738,3182598.5
2026-01-06 02:00:00+00:00,2.3737,2.383,2.3709,2.3808,4838014.6
2026-01-06 02:05:00+00:00,2.3808,2.3905,2.3764,2.3774,5438045.9
2026-01-06 02:10:00+00:00,2.3774,2.3868,2.3764,2.3851,2489331.1
2026-01-06 02:15:00+00:00,2.3851,2.3883,2.3782,2.3863,3632514.9
2026-01-06 02:20:00+00:00,2.3862,2.4009,2.3855,2.4008,5990482.8
2026-01-06 02:25:00+00:00,2.4008,2.4175,2.3995,2.4023,14499164.5
2026-01-06 02:30:00+00:00,2.4024,2.4057,2.395,2.3959,5864200.8
2026-01-06 02:35:00+00:00,2.3958,2.4048,2.3928,2.3978,4807342.8
2026-01-06 02:40:00+00:00,2.3979,2.404,2.3945,2.3974,4536690.2
2026-01-06 02:45:00+00:00,2.3973,2.399,2.3828,2.3875,5619283.2
2026-01-06 02:50:00+00:00,2.3875,2.3924,2.3849,2.3881,2895349.3
2026-01-06 02:55:00+00:00,2.3882,2.394,2.388,2.3921,2297750.3
2026-01-06 03:00:00+00:00,2.3921,2.3983,2.3881,2.3918,3467337.4
2026-01-06 03:05:00+00:00,2.3918,2.3948,2.385,2.3928,2912946.2
2026-01-06 03:10:00+00:00,2.3928,2.3983,2.3916,2.3974,2524877.2
2026-01-06 03:15:00+00:00,2.3973,2.4011,2.3934,2.3966,1969222.1
2026-01-06 03:20:00+00:00,2.3966,2.3967,2.3885,2.3895,2349353.9
2026-01-06 03:25:00+00:00,2.3896,2.3909,2.3824,2.3891,3039004.8
2026-01-06 03:30:00+00:00,2.3891,2.3946,2.3825,2.3881,3129223.0
2026-01-06 03:35:00+00:00,2.3881,2.3919,2.3845,2.3891,2003107.8
2026-01-06 03:40:00+00:00,2.3891,2.3929,2.3844,2.391,2916576.8
2026-01-06 03:45:00+00:00,2.391,2.3955,2.3851,2.3885,2233501.9
2026-01-06 03:50:00+00:00,2.3884,2.3888,2.3795,2.3821,2698047.6
2026-01-06 03:55:00+00:00,2.3822,2.387,2.3786,2.3851,2519732.5
2026-01-06 04:00:00+00:00,2.3852,2.3876,2.3769,2.3779,2410043.8
2026-01-06 04:05:00+00:00,2.3779,2.3781,2.3712,2.3755,4327393.9
2026-01-06 04:10:00+00:00,2.3755,2.3796,2.3741,2.3761,2125014.8
2026-01-06 04:15:00+00:00,2.3762,2.3821,2.3762,2.378,3104589.3
2026-01-06 04:20:00+00:00,2.3781,2.3822,2.3731,2.3731,1685660.8
2026-01-06 04:25:00+00:00,2.3732,2.3744,2.3645,2.3674,4856495.7
2026-01-06 04:30:00+00:00,2.3675,2.3794,2.3669,2.3782,2767264.4
2026-01-06 04:35:00+00:00,2.3781,2.389,2.3773,2.3865,4575457.9
2026-01-06 04:40:00+00:00,2.3866,2.3913,2.385,2.3903,2716323.5
2026-01-06 04:45:00+00:00,2.3902,2.3934,2.3853,2.3874,3173136.4
2026-01-06 04:50:00+00:00,2.3874,2.3917,2.3861,2.3875,2549309.1
2026-01-06 04:55:00+00:00,2.3874,2.3893,2.3839,2.3868,1508106.9
2026-01-06 05:00:00+00:00,2.3868,2.4021,2.3856,2.3995,8571349.2
2026-01-06 05:05:00+00:00,2.3996,2.404,2.3919,2.3967,5778332.6
2026-01-06 05:10:00+00:00,2.3967,2.4067,2.3961,2.4008,5062692.2
2026-01-06 05:15:00+00:00,2.4007,2.4034,2.3985,2.4015,2049348.0
2026-01-06 05:20:00+00:00,2.4016,2.4032,2.395,2.3958,1663963.0
2026-01-06 05:25:00+00:00,2.3958,2.3958,2.3894,2.3938,2909705.1
2026-01-06 05:30:00+00:00,2.3937,2.3942,2.3885,2.3918,1817968.4
2026-01-06 05:35:00+00:00,2.3917,2.3978,2.3894,2.3973,1935882.0
2026-01-06 05:40:00+00:00,2.3974,2.3974,2.3913,2.3918,2167116.9
2026-01-06 05:45:00+00:00,2.3917,2.3918,2.382,2.3873,4021288.2
2026-01-06 05:50:00+00:00,2.3873,2.3891,2.384,2.3857,2112357.2
2026-01-06 05:55:00+00:00,2.3857,2.3917,2.3814,2.3891,2761005.8
2026-01-06 06:00:00+00:00,2.3891,2.3988,2.3873,2.3949,2547212.3
2026-01-06 06:05:00+00:00,2.395,2.3998,2.3889,2.3919,4337665.0
2026-01-06 06:10:00+00:00,2.3918,2.394,2.3874,2.3932,3169719.4
2026-01-06 06:15:00+00:00,2.3931,2.3972,2.3806,2.3818,3756745.9
2026-01-06 06:20:00+00:00,2.3819,2.3842,2.3755,2.3783,4547726.4
2026-01-06 06:25:00+00:00,2.3783,2.3833,2.3777,2.3822,2151465.1
2026-01-06 06:30:00+00:00,2.3822,2.3832,2.377,2.3786,2537697.4
2026-01-06 06:35:00+00:00,2.3787,2.3787,2.3734,2.3762,2424266.6
2026-01-06 06:40:00+00:00,2.3763,2.3895,2.3744,2.3859,3631416.4
2026-01-06 06:45:00+00:00,2.3859,2.3869,2.3791,2.3797,2616786.1
2026-01-06 06:50:00+00:00,2.3796,2.3833,2.3768,2.3798,1443270.3
2026-01-06 06:55:00+00:00,2.3798,2.3804,2.3747,2.3754,1564771.8
2026-01-06 07:00:00+00:00,2.3754,2.3764,2.3721,2.3731,2261555.2
2026-01-06 07:05:00+00:00,2.3732,2.376,2.3703,2.3756,1686160.6
2026-01-06 07:10:00+00:00,2.3756,2.3762,2.3701,2.3752,1990949.3
2026-01-06 07:15:00+00:00,2.3752,2.3757,2.3673,2.3693,2415473.4
2026-01-06 07:20:00+00:00,2.3693,2.37,2.3451,2.3481,15043609.4
2026-01-06 07:25:00+00:00,2.3482,2.3582,2.3471,2.3544,10272029.2
2026-01-06 07:30:00+00:00,2.3544,2.3547,2.3445,2.3482,7704206.4
2026-01-06 07:35:00+00:00,2.3482,2.3524,2.3338,2.3349,8704643.7
2026-01-06 07:40:00+00:00,2.335,2.3417,2.334,2.3395,8226142.3
2026-01-06 07:45:00+00:00,2.3396,2.34,2.326,2.3289,6523436.9
2026-01-06 07:50:00+00:00,2.3289,2.3339,2.3211,2.3312,12006848.1
2026-01-06 07:55:00+00:00,2.3313,2.335,2.3268,2.3297,4291474.5
2026-01-06 08:00:00+00:00,2.3297,2.3355,2.3269,2.3277,5758566.1
2026-01-06 08:05:00+00:00,2.3278,2.3422,2.3273,2.3409,6061215.5
2026-01-06 08:10:00+00:00,2.341,2.3449,2.3362,2.3377,4246659.1
2026-01-06 08:15:00+00:00,2.3378,2.3402,2.3304,2.3363,3004265.7
2026-01-06 08:20:00+00:00,2.3364,2.3414,2.3336,2.338,2484089.8
2026-01-06 08:25:00+00:00,2.3381,2.3459,2.3366,2.3371,2841897.3
2026-01-06 08:30:00+00:00,2.3371,2.3423,2.3335,2.34,2180037.8
2026-01-06 08:35:00+00:00,2.3401,2.3407,2.3353,2.3353,1299433.0
2026-01-06 08:40:00+00:00,2.3354,2.3393,2.3335,2.3342,1149597.7
2026-01-06 08:45:00+00:00,2.3342,2.3359,2.325,2.3255,4042864.8
2026-01-06 08:50:00+00:00,2.3256,2.3391,2.3246,2.3365,2635402.1
2026-01-06 08:55:00+00:00,2.3366,2.3388,2.3314,2.3317,1765194.9
2026-01-06 09:00:00+00:00,2.3317,2.3469,2.3294,2.3457,3188605.2
2026-01-06 09:05:00+00:00,2.3456,2.3506,2.3403,2.3416,4189094.8
2026-01-06 09:10:00+00:00,2.3415,2.3439,2.3372,2.3374,1445891.0
2026-01-06 09:15:00+00:00,2.3373,2.3455,2.3373,2.3445,2330353.6
2026-01-06 09:20:00+00:00,2.3445,2.3471,2.3425,2.3435,2117507.1
2026-01-06 09:25:00+00:00,2.3435,2.3454,2.3404,2.3426,1308512.1
2026-01-06 09:30:00+00:00,2.3425,2.3451,2.3389,2.3391,1123767.2
2026-01-06 09:35:00+00:00,2.339,2.3424,2.3374,2.3401,1369942.9
2026-01-06 09:40:00+00:00,2.3402,2.3479,2.34,2.3469,1712858.8
2026-01-06 09:45:00+00:00,2.3469,2.3546,2.3431,2.3544,2971237.9
2026-01-06 09:50:00+00:00,2.3544,2.3558,2.3481,2.3514,2670260.4
2026-01-06 09:55:00+00:00,2.3513,2.36,2.3493,2.351,5015910.3
2026-01-06 10:00:00+00:00,2.3511,2.3514,2.3452,2.3494,1733196.8
2026-01-06 10:05:00+00:00,2.3494,2.3517,2.3466,2.3494,1086870.0
2026-01-06 10:10:00+00:00,2.3493,2.3554,2.3482,2.3545,1811870.8
2026-01-06 10:15:00+00:00,2.3544,2.3548,2.349,2.3493,1407750.1
2026-01-06 10:20:00+00:00,2.3493,2.3502,2.3456,2.3487,1291200.3
2026-01-06 10:25:00+00:00,2.3487,2.3511,2.3473,2.3493,927835.7
2026-01-06 10:30:00+00:00,2.3493,2.3543,2.349,2.3522,1091359.8
2026-01-06 10:35:00+00:00,2.3522,2.3592,2.3522,2.3549,1420711.6
2026-01-06 10:40:00+00:00,2.3549,2.3561,2.3525,2.3552,966715.3
2026-01-06 10:45:00+00:00,2.3552,2.3622,2.3552,2.3602,2070586.4
2026-01-06 10:50:00+00:00,2.3601,2.3637,2.3576,2.3619,2035618.1
2026-01-06 10:55:00+00:00,2.3619,2.3622,2.3586,2.3599,1368527.3
2026-01-06 11:00:00+00:00,2.3599,2.365,2.3553,2.3636,2776090.6
2026-01-06 11:05:00+00:00,2.3636,2.3639,2.3575,2.3616,1927721.0
2026-01-06 11:10:00+00:00,2.3616,2.3692,2.36,2.367,4309439.8
2026-01-06 11:15:00+00:00,2.367,2.3696,2.3625,2.3673,2146986.4
2026-01-06 11:20:00+00:00,2.3673,2.3675,2.3618,2.3629,1925176.6
2026-01-06 11:25:00+00:00,2.3629,2.3658,2.3614,2.3649,1338508.2
2026-01-06 11:30:00+00:00,2.365,2.3724,2.3621,2.3704,2482210.9
2026-01-06 11:35:00+00:00,2.3704,2.3738,2.3678,2.3736,2492957.4
2026-01-06 11:40:00+00:00,2.3737,2.376,2.3692,2.3722,5016835.1
2026-01-06 11:45:00+00:00,2.3722,2.376,2.3709,2.3739,2906486.7
2026-01-06 11:50:00+00:00,2.3739,2.3739,2.3704,2.3718,1345378.0
2026-01-06 11:55:00+00:00,2.3717,2.3764,2.3689,2.3762,2022952.2
2026-01-06 12:00:00+00:00,2.3762,2.3867,2.3731,2.3863,7792459.7
2026-01-06 12:05:00+00:00,2.3863,2.3944,2.3832,2.39,6790097.1
2026-01-06 12:10:00+00:00,2.39,2.3901,2.384,2.385,2964534.9
2026-01-06 12:15:00+00:00,2.385,2.3898,2.3822,2.3884,2648842.3
2026-01-06 12:20:00+00:00,2.3884,2.3884,2.378,2.3814,2828747.2
2026-01-06 12:25:00+00:00,2.3815,2.3866,2.3806,2.3845,1421043.5
2026-01-06 12:30:00+00:00,2.3844,2.3867,2.3784,2.3819,2369739.6
2026-01-06 12:35:00+00:00,2.3819,2.3838,2.3726,2.3738,3519260.7
2026-01-06 12:40:00+00:00,2.3737,2.3758,2.3669,2.3692,4756942.3
2026-01-06 12:45:00+00:00,2.3692,2.3771,2.3692,2.3756,3025530.5
2026-01-06 12:50:00+00:00,2.3756,2.3757,2.3684,2.3714,1854160.4
2026-01-06 12:55:00+00:00,2.3715,2.3765,2.3712,2.3725,962816.2
2026-01-06 13:00:00+00:00,2.3725,2.3734,2.3661,2.3678,1917888.2
2026-01-06 13:05:00+00:00,2.3679,2.3784,2.3656,2.376,3032826.5
2026-01-06 13:10:00+00:00,2.376,2.3771,2.3686,2.3735,1443825.2
2026-01-06 13:15:00+00:00,2.3734,2.3748,2.3676,2.3702,1921203.5
2026-01-06 13:20:00+00:00,2.3703,2.3758,2.3696,2.3705,1110054.1
2026-01-06 13:25:00+00:00,2.3704,2.3722,2.3659,2.37,2047913.2
2026-01-06 13:30:00+00:00,2.3701,2.3729,2.3684,2.3712,1186821.7
2026-01-06 13:35:00+00:00,2.3712,2.3734,2.3695,2.3705,947158.1
2026-01-06 13:40:00+00:00,2.3706,2.3711,2.3676,2.3688,1067280.7
2026-01-06 13:45:00+00:00,2.3688,2.372,2.3668,2.372,1262955.6
2026-01-06 13:50:00+00:00,2.3719,2.3756,2.3687,2.3732,1374916.4
2026-01-06 13:55:00+00:00,2.3732,2.3747,2.3691,2.3703,1392172.3
2026-01-06 14:00:00+00:00,2.3702,2.3735,2.369,2.3729,1474682.2
2026-01-06 14:05:00+00:00,2.3729,2.3794,2.3711,2.3776,3700004.8
2026-01-06 14:10:00+00:00,2.3775,2.387,2.3759,2.3865,5746038.0
2026-01-06 14:15:00+00:00,2.3865,2.3963,2.3836,2.3864,11656492.3
2026-01-06 14:20:00+00:00,2.3864,2.3902,2.3802,2.3861,5259649.8
2026-01-06 14:25:00+00:00,2.3861,2.3925,2.3834,2.3891,4721965.2
2026-01-06 14:30:00+00:00,2.3891,2.399,2.3764,2.3895,9327808.2
2026-01-06 14:35:00+00:00,2.3895,2.3908,2.3796,2.3904,4955627.8
2026-01-06 14:40:00+00:00,2.3903,2.3927,2.3771,2.3795,4570367.6
2026-01-06 14:45:00+00:00,2.3795,2.3854,2.37,2.3828,7089455.6
2026-01-06 14:50:00+00:00,2.3828,2.3929,2.375,2.3769,6462965.2
2026-01-06 14:55:00+00:00,2.3768,2.38,2.3701,2.3784,4902384.4
2026-01-06 15:00:00+00:00,2.3784,2.385,2.3752,2.3792,3094546.5
2026-01-06 15:05:00+00:00,2.3791,2.384,2.3748,2.3818,2251887.6
2026-01-06 15:10:00+00:00,2.3818,2.3836,2.3766,2.3805,1962061.0
2026-01-06 15:15:00+00:00,2.3805,2.3889,2.3805,2.3872,2873259.5
2026-01-06 15:20:00+00:00,2.3872,2.3916,2.3831,2.387,3183269.8
2026-01-06 15:25:00+00:00,2.387,2.3895,2.3822,2.3858,4363741.3
2026-01-06 15:30:00+00:00,2.3858,2.3861,2.377,2.3784,3667309.9
2026-01-06 15:35:00+00:00,2.3783,2.3793,2.3451,2.3495,15348112.3
2026-01-06 15:40:00+00:00,2.3496,2.3607,2.3353,2.3446,19596985.3
2026-01-06 15:45:00+00:00,2.3447,2.3538,2.3381,2.35,7549226.1
2026-01-06 15:50:00+00:00,2.3501,2.3504,2.338,2.3401,3735368.8
2026-01-06 15:55:00+00:00,2.3401,2.3486,2.3338,2.3482,5704091.1
2026-01-06 16:00:00+00:00,2.3481,2.3539,2.3459,2.3491,4062588.4
2026-01-06 16:05:00+00:00,2.3491,2.3501,2.3288,2.3345,9519100.9
2026-01-06 16:10:00+00:00,2.3345,2.3414,2.3338,2.3359,3916228.2
2026-01-06 16:15:00+00:00,2.3358,2.3395,2.3321,2.3334,3035775.4
2026-01-06 16:20:00+00:00,2.3333,2.3343,2.3089,2.3111,21900518.7
2026-01-06 16:25:00+00:00,2.3112,2.3141,2.2838,2.2852,29618767.7
2026-01-06 16:30:00+00:00,2.2852,2.3051,2.2849,2.2963,14235711.4
2026-01-06 16:35:00+00:00,2.2964,2.3017,2.2916,2.2927,7521314.2
2026-01-06 16:40:00+00:00,2.2926,2.2942,2.273,2.2789,15898786.8
2026-01-06 16:45:00+00:00,2.279,2.2806,2.266,2.2729,16029574.4
2026-01-06 16:50:00+00:00,2.2729,2.2928,2.2728,2.2891,11347380.4
2026-01-06 16:55:00+00:00,2.2892,2.2892,2.28,2.2811,5197589.5
2026-01-06 17:00:00+00:00,2.2811,2.2833,2.2743,2.2789,6413852.0
2026-01-06 17:05:00+00:00,2.279,2.2883,2.276,2.2765,7617815.1
2026-01-06 17:10:00+00:00,2.2765,2.2834,2.271,2.2783,4433645.2
2026-01-06 17:15:00+00:00,2.2783,2.2805,2.2637,2.2672,7342611.3
2026-01-06 17:20:00+00:00,2.2672,2.2804,2.2672,2.2766,4456777.0
2026-01-06 17:25:00+00:00,2.2767,2.2805,2.2732,2.2757,2449578.4
2026-01-06 17:30:00+00:00,2.2757,2.2837,2.2729,2.2821,2593245.7
2026-01-06 17:35:00+00:00,2.282,2.2886,2.2799,2.2857,4473492.8
2026-01-06 17:40:00+00:00,2.2857,2.2857,2.2651,2.2709,7681767.9
2026-01-06 17:45:00+00:00,2.271,2.2712,2.23,2.2358,25037953.4
2026-01-06 17:50:00+00:00,2.2358,2.2781,2.2264,2.2289,66087279.9
2026-01-06 17:55:00+00:00,2.229,2.2334,2.2063,2.2079,43387983.4
2026-01-06 18:00:00+00:00,2.2079,2.2339,2.2035,2.2333,20640868.3
2026-01-06 18:05:00+00:00,2.2334,2.2421,2.2271,2.2391,8719648.0
2026-01-06 18:10:00+00:00,2.239,2.2452,2.2382,2.2406,5193840.3
2026-01-06 18:15:00+00:00,2.2407,2.2445,2.2361,2.2367,4199814.3
2026-01-06 18:20:00+00:00,2.2368,2.246,2.2368,2.2439,3609079.7
2026-01-06 18:25:00+00:00,2.2438,2.2555,2.2406,2.2495,5096731.3
2026-01-06 18:30:00+00:00,2.2495,2.2496,2.2431,2.2467,2924081.5
2026-01-06 18:35:00+00:00,2.2467,2.2499,2.2398,2.2409,3058319.9
2026-01-06 18:40:00+00:00,2.2409,2.2469,2.2408,2.2437,1802771.5
2026-01-06 18:45:00+00:00,2.2436,2.2528,2.2412,2.2476,2890447.8
2026-01-06 18:50:00+00:00,2.2475,2.2489,2.2432,2.2466,2168428.8
2026-01-06 18:55:00+00:00,2.2466,2.2466,2.2392,2.245,2240343.3
2026-01-06 19:00:00+00:00,2.245,2.2471,2.2411,2.2459,1563112.0
2026-01-06 19:05:00+00:00,2.2459,2.2527,2.2459,2.2513,1753340.0
2026-01-06 19:10:00+00:00,2.2513,2.2548,2.2494,2.2539,2308362.9
2026-01-06 19:15:00+00:00,2.2538,2.2568,2.2489,2.2505,4319543.1
2026-01-06 19:20:00+00:00,2.2505,2.2511,2.2404,2.2426,2789937.6
2026-01-06 19:25:00+00:00,2.2427,2.243,2.2368,2.2392,2797437.0
2026-01-06 19:30:00+00:00,2.2393,2.2467,2.2384,2.2412,2396944.9
2026-01-06 19:35:00+00:00,2.2412,2.2412,2.2326,2.2355,3969610.7
2026-01-06 19:40:00+00:00,2.2355,2.2357,2.2279,2.2297,4689952.0
2026-01-06 19:45:00+00:00,2.2297,2.2348,2.2297,2.2317,2326693.5
2026-01-06 19:50:00+00:00,2.2317,2.2318,2.2231,2.2241,3423625.9
2026-01-06 19:55:00+00:00,2.2241,2.2287,2.2241,2.227,1497094.5
2026-01-06 20:00:00+00:00,2.2271,2.2445,2.2268,2.2444,4323275.5
2026-01-06 20:05:00+00:00,2.2444,2.2548,2.2433,2.2506,4664963.5
2026-01-06 20:10:00+00:00,2.2507,2.2534,2.2457,2.2513,2365048.7
2026-01-06 20:15:00+00:00,2.2512,2.2555,2.2494,2.2552,2892147.5
2026-01-06 20:20:00+00:00,2.2551,2.265,2.2524,2.264,8337628.2
2026-01-06 20:25:00+00:00,2.264,2.2647,2.2583,2.2608,3631402.0
2026-01-06 20:30:00+00:00,2.2608,2.2661,2.26,2.262,3679139.7
2026-01-06 20:35:00+00:00,2.2621,2.264,2.2578,2.2611,2894395.4
2026-01-06 20:40:00+00:00,2.2611,2.2647,2.261,2.2619,2362903.9
2026-01-06 20:45:00+00:00,2.2618,2.2647,2.2585,2.2626,2124883.2
2026-01-06 20:50:00+00:00,2.2626,2.2637,2.2541,2.2589,2777044.4
2026-01-06 20:55:00+00:00,2.2589,2.2619,2.2532,2.256,8854508.2
2026-01-06 21:00:00+00:00,2.2561,2.2656,2.2542,2.2546,3577350.3
2026-01-06 21:05:00+00:00,2.2546,2.2573,2.2478,2.25,4194147.9
2026-01-06 21:10:00+00:00,2.25,2.2665,2.2499,2.2629,4308231.4
2026-01-06 21:15:00+00:00,2.2629,2.281,2.2623,2.2804,11775450.9
2026-01-06 21:20:00+00:00,2.2804,2.2819,2.2701,2.2744,3464467.6
2026-01-06 21:25:00+00:00,2.2743,2.2782,2.2695,2.2781,2153098.2
2026-01-06 21:30:00+00:00,2.2782,2.2895,2.2778,2.2892,4721180.4
2026-01-06 21:35:00+00:00,2.2891,2.29,2.2801,2.2818,3524004.0
2026-01-06 21:40:00+00:00,2.2819,2.2857,2.2809,2.2855,1552578.1
2026-01-06 21:45:00+00:00,2.2856,2.2866,2.2736,2.2787,3258240.8
2026-01-06 21:50:00+00:00,2.2787,2.2803,2.2738,2.2799,1960379.1
2026-01-06 21:55:00+00:00,2.2799,2.286,2.2788,2.2815,1694525.0
2026-01-06 22:00:00+00:00,2.2815,2.2885,2.2809,2.2879,2429812.6
2026-01-06 22:05:00+00:00,2.288,2.2899,2.278,2.2843,2935493.3
2026-01-06 22:10:00+00:00,2.2844,2.2846,2.2775,2.2785,1544351.8
2026-01-06 22:15:00+00:00,2.2786,2.2853,2.2738,2.2748,2697168.9
2026-01-06 22:20:00+00:00,2.2747,2.2814,2.2741,2.2809,1698794.0
2026-01-06 22:25:00+00:00,2.2809,2.2832,2.2799,2.2831,859359.5
2026-01-06 22:30:00+00:00,2.283,2.2851,2.2813,2.283,720716.3
2026-01-06 22:35:00+00:00,2.283,2.2889,2.2811,2.2857,1351000.5
2026-01-06 22:40:00+00:00,2.2858,2.2896,2.2838,2.2894,964076.4
2026-01-06 22:45:00+00:00,2.2894,2.2988,2.2888,2.2966,2560055.6
2026-01-06 22:50:00+00:00,2.2966,2.2968,2.289,2.2917,2391784.0
2026-01-06 22:55:00+00:00,2.2918,2.292,2.2888,2.2903,732611.9
2026-01-06 23:00:00+00:00,2.2903,2.2945,2.285,2.2893,3259677.2
2026-01-06 23:05:00+00:00,2.2894,2.2964,2.2885,2.2946,2481579.1
2026-01-06 23:10:00+00:00,2.2946,2.2973,2.2942,2.2962,1775012.0
2026-01-06 23:15:00+00:00,2.2962,2.3017,2.2959,2.3008,4681802.7
2026-01-06 23:20:00+00:00,2.3008,2.303,2.2962,2.2972,3364788.7
2026-01-06 23:25:00+00:00,2.2973,2.2996,2.2965,2.2992,1306357.8
2026-01-06 23:30:00+00:00,2.2992,2.3041,2.2967,2.3013,2287084.6
2026-01-06 23:35:00+00:00,2.3014,2.3053,2.3012,2.3031,2069720.4
2026-01-06 23:40:00+00:00,2.3032,2.3032,2.2984,2.3019,2344682.1
2026-01-06 23:45:00+00:00,2.3019,2.3082,2.3012,2.3049,3509155.0
2026-01-06 23:50:00+00:00,2.305,2.31,2.3043,2.305,2564301.6
2026-01-06 23:55:00+00:00,2.305,2.3096,2.3016,2.3029,3245184.0
2026-01-07 00:00:00+00:00,2.3028,2.3039,2.2949,2.3002,4318945.3
2026-01-07 00:05:00+00:00,2.3002,2.3034,2.2971,2.3027,3036989.9
2026-01-07 00:10:00+00:00,2.3027,2.308,2.3024,2.3065,2204167.5
2026-01-07 00:15:00+00:00,2.3065,2.3185,2.3059,2.3162,6508093.5
2026-01-07 00:20:00+00:00,2.3163,2.3193,2.3108,2.3153,4133610.1
2026-01-07 00:25:00+00:00,2.3153,2.317,2.3126,2.3144,2570525.4
2026-01-07 00:30:00+00:00,2.3143,2.3155,2.3086,2.3107,2866314.2
2026-01-07 00:35:00+00:00,2.3107,2.3162,2.31,2.312,3356456.1
2026-01-07 00:40:00+00:00,2.3119,2.3119,2.3003,2.3055,4855176.8
2026-01-07 00:45:00+00:00,2.3055,2.3059,2.2939,2.2944,6254984.8
2026-01-07 00:50:00+00:00,2.2944,2.297,2.29,2.2903,5771136.7
2026-01-07 00:55:00+00:00,2.2903,2.2968,2.2812,2.2818,9241499.6
2026-01-07 01:00:00+00:00,2.2818,2.2925,2.2818,2.2891,4323601.4
2026-01-07 01:05:00+00:00,2.2892,2.2893,2.281,2.2818,3246818.7
2026-01-07 01:10:00+00:00,2.2818,2.2841,2.2752,2.2756,4302184.3
2026-01-07 01:15:00+00:00,2.2755,2.2758,2.2609,2.2622,12436781.8
2026-01-07 01:20:00+00:00,2.2622,2.2717,2.2581,2.2693,6494459.6
2026-01-07 01:25:00+00:00,2.2693,2.2749,2.2666,2.2674,3160077.6
2026-01-07 01:30:00+00:00,2.2675,2.2692,2.256,2.2576,5409050.9
2026-01-07 01:35:00+00:00,2.2577,2.2636,2.2558,2.2619,3611770.6
2026-01-07 01:40:00+00:00,2.2619,2.2629,2.259,2.2612,1387872.9
2026-01-07 01:45:00+00:00,2.2611,2.2681,2.257,2.2598,2579053.2
2026-01-07 01:50:00+00:00,2.2599,2.2643,2.2566,2.2619,1993776.9
2026-01-07 01:55:00+00:00,2.262,2.2663,2.2611,2.2648,1275107.2
2026-01-07 02:00:00+00:00,2.2648,2.2677,2.2581,2.26,2571140.8
2026-01-07 02:05:00+00:00,2.2601,2.2721,2.2601,2.2685,2723355.7
2026-01-07 02:10:00+00:00,2.2685,2.2743,2.2672,2.2734,2936367.4
2026-01-07 02:15:00+00:00,2.2734,2.2734,2.2642,2.2643,2388121.7
2026-01-07 02:20:00+00:00,2.2643,2.2657,2.2595,2.2599,1638349.5
2026-01-07 02:25:00+00:00,2.2599,2.2684,2.2599,2.2615,1154744.0
2026-01-07 02:30:00+00:00,2.2615,2.2679,2.2565,2.266,3573626.6
2026-01-07 02:35:00+00:00,2.266,2.2731,2.2623,2.2716,2403827.4
2026-01-07 02:40:00+00:00,2.2716,2.2725,2.2655,2.2703,1707276.6
2026-01-07 02:45:00+00:00,2.2702,2.2715,2.2678,2.27,1141105.6
2026-01-07 02:50:00+00:00,2.2701,2.2739,2.2678,2.2729,1047657.2
2026-01-07 02:55:00+00:00,2.2729,2.2794,2.2712,2.2747,2061934.0
2026-01-07 03:00:00+00:00,2.2747,2.2772,2.2729,2.2763,978357.9
2026-01-07 03:05:00+00:00,2.2762,2.2769,2.2685,2.2726,1061927.9
2026-01-07 03:10:00+00:00,2.2725,2.2744,2.2703,2.2704,1013725.6
2026-01-07 03:15:00+00:00,2.2704,2.2776,2.2679,2.2765,1526222.9
2026-01-07 03:20:00+00:00,2.2766,2.2807,2.2766,2.2802,1304868.0
2026-01-07 03:25:00+00:00,2.2802,2.2803,2.2735,2.2742,1135820.1
2026-01-07 03:30:00+00:00,2.2742,2.2749,2.2637,2.2654,2287545.0
2026-01-07 03:35:00+00:00,2.2654,2.2663,2.261,2.2648,2084019.1
2026-01-07 03:40:00+00:00,2.2648,2.2657,2.2604,2.2651,1762598.2
2026-01-07 03:45:00+00:00,2.2651,2.2665,2.2621,2.2635,901314.4
2026-01-07 03:50:00+00:00,2.2635,2.265,2.261,2.2645,1262290.4
2026-01-07 03:55:00+00:00,2.2646,2.2662,2.2634,2.2658,1049338.3
2026-01-07 04:00:00+00:00,2.2659,2.2739,2.2645,2.2731,1860526.0
2026-01-07 04:05:00+00:00,2.2731,2.2741,2.2689,2.2701,972933.7
2026-01-07 04:10:00+00:00,2.27,2.2715,2.2655,2.27,724652.3
2026-01-07 04:15:00+00:00,2.2699,2.27,2.2649,2.2671,686518.9
2026-01-07 04:20:00+00:00,2.267,2.2702,2.2648,2.2666,1386936.7
2026-01-07 04:25:00+00:00,2.2666,2.2674,2.2653,2.2666,613723.0
2026-01-07 04:30:00+00:00,2.2666,2.2698,2.2666,2.2677,766937.2
2026-01-07 04:35:00+00:00,2.2678,2.2678,2.2584,2.2589,1876193.0
2026-01-07 04:40:00+00:00,2.259,2.267,2.2588,2.2664,1317958.3
2026-01-07 04:45:00+00:00,2.2663,2.2663,2.2594,2.2601,1680386.3
2026-01-07 04:50:00+00:00,2.2601,2.2625,2.2585,2.2585,759606.8
2026-01-07 04:55:00+00:00,2.2585,2.2602,2.2572,2.2584,1853549.2
2026-01-07 05:00:00+00:00,2.2584,2.2602,2.2527,2.2551,3770469.5
2026-01-07 05:05:00+00:00,2.255,2.2553,2.2527,2.2546,1894416.2
2026-01-07 05:10:00+00:00,2.2546,2.2572,2.2513,2.2572,2252722.4
2026-01-07 05:15:00+00:00,2.2572,2.2587,2.255,2.2579,1504223.4
2026-01-07 05:20:00+00:00,2.2579,2.2585,2.2543,2.2552,1528269.0
2026-01-07 05:25:00+00:00,2.2552,2.2552,2.2436,2.2479,5298585.6
2026-01-07 05:30:00+00:00,2.2478,2.2624,2.2478,2.2619,4154555.7
2026-01-07 05:35:00+00:00,2.2619,2.2636,2.2573,2.2636,1900233.2
2026-01-07 05:40:00+00:00,2.2637,2.2642,2.2599,2.2607,1460109.2
2026-01-07 05:45:00+00:00,2.2607,2.2608,2.2512,2.2518,2330391.2
2026-01-07 05:50:00+00:00,2.2517,2.2534,2.2488,2.2506,2179179.4
2026-01-07 05:55:00+00:00,2.2506,2.2533,2.2491,2.2513,1128471.8
2026-01-07 06:00:00+00:00,2.2513,2.2562,2.2496,2.2552,1278498.9
2026-01-07 06:05:00+00:00,2.2552,2.2558,2.2516,2.2553,1008381.1
2026-01-07 06:10:00+00:00,2.2553,2.2613,2.2549,2.2582,1756853.9
2026-01-07 06:15:00+00:00,2.2582,2.2601,2.2564,2.257,776143.8
2026-01-07 06:20:00+00:00,2.2569,2.2632,2.2569,2.2619,1339207.2
2026-01-07 06:25:00+00:00,2.2618,2.2643,2.2618,2.264,927964.6
2026-01-07 06:30:00+00:00,2.264,2.2697,2.2623,2.2625,3585603.8
2026-01-07 06:35:00+00:00,2.2625,2.263,2.2571,2.2596,1040404.1
2026-01-07 06:40:00+00:00,2.2597,2.2616,2.2579,2.2589,680709.3
2026-01-07 06:45:00+00:00,2.259,2.2629,2.259,2.2626,639327.8
2026-01-07 06:50:00+00:00,2.2626,2.2626,2.2588,2.2602,764465.5
2026-01-07 06:55:00+00:00,2.2603,2.2637,2.2593,2.2636,700329.2
2026-01-07 07:00:00+00:00,2.2637,2.2782,2.2633,2.275,3723029.9
2026-01-07 07:05:00+00:00,2.2749,2.2751,2.2713,2.2727,1400199.3
2026-01-07 07:10:00+00:00,2.2726,2.2746,2.2712,2.2728,1277672.7
2026-01-07 07:15:00+00:00,2.2728,2.2772,2.2715,2.2767,1213467.1
2026-01-07 07:20:00+00:00,2.2768,2.279,2.2735,2.2751,2156702.4
2026-01-07 07:25:00+00:00,2.2751,2.2783,2.2744,2.277,795228.0
2026-01-07 07:30:00+00:00,2.277,2.2821,2.2743,2.2759,2141594.7
2026-01-07 07:35:00+00:00,2.2758,2.2858,2.2751,2.2834,2229547.2
2026-01-07 07:40:00+00:00,2.2833,2.2848,2.2801,2.2801,1886363.1
2026-01-07 07:45:00+00:00,2.2801,2.2811,2.2761,2.2776,1678158.5
2026-01-07 07:50:00+00:00,2.2775,2.2783,2.2735,2.2754,1466224.6
2026-01-07 07:55:00+00:00,2.2754,2.2795,2.2754,2.2791,1025152.0
2026-01-07 08:00:00+00:00,2.2791,2.2852,2.2773,2.2817,2639551.4
2026-01-07 08:05:00+00:00,2.2818,2.2845,2.2797,2.2835,2084818.3
2026-01-07 08:10:00+00:00,2.2835,2.2857,2.2785,2.2796,1420931.0
2026-01-07 08:15:00+00:00,2.2795,2.284,2.2791,2.2806,1308177.2
2026-01-07 08:20:00+00:00,2.2806,2.2858,2.2768,2.2784,2054843.8
2026-01-07 08:25:00+00:00,2.2783,2.2801,2.2727,2.2791,1868236.9
2026-01-07 08:30:00+00:00,2.279,2.2885,2.2776,2.2819,3290425.8
2026-01-07 08:35:00+00:00,2.2819,2.283,2.2799,2.2815,972561.5
2026-01-07 08:40:00+00:00,2.2815,2.2837,2.2779,2.2824,1573018.3
2026-01-07 08:45:00+00:00,2.2824,2.2835,2.2797,2.2807,1030281.6
2026-01-07 08:50:00+00:00,2.2806,2.2905,2.279,2.2861,3323917.3
2026-01-07 08:55:00+00:00,2.2862,2.2877,2.2825,2.2827,1503374.6
2026-01-07 09:00:00+00:00,2.2826,2.2831,2.2751,2.2797,2375423.3
2026-01-07 09:05:00+00:00,2.2797,2.2799,2.2686,2.271,3400085.1
2026-01-07 09:10:00+00:00,2.2709,2.2725,2.2648,2.2662,3335761.0
2026-01-07 09:15:00+00:00,2.2663,2.2712,2.26,2.2619,3714878.0
2026-01-07 09:20:00+00:00,2.262,2.2643,2.258,2.2586,2689880.7
2026-01-07 09:25:00+00:00,2.2586,2.2594,2.2523,2.2553,4144710.5
2026-01-07 09:30:00+00:00,2.2552,2.2575,2.2369,2.24,8198542.1
2026-01-07 09:35:00+00:00,2.24,2.2448,2.238,2.2425,4145671.0
2026-01-07 09:40:00+00:00,2.2425,2.2426,2.2334,2.2393,6046524.1
2026-01-07 09:45:00+00:00,2.2392,2.2407,2.2317,2.24,7318566.3
2026-01-07 09:50:00+00:00,2.24,2.2456,2.2373,2.2434,5243429.0
2026-01-07 09:55:00+00:00,2.2434,2.2437,2.2391,2.2392,2514147.3
2026-01-07 10:00:00+00:00,2.2392,2.2408,2.235,2.2375,3574559.8
2026-01-07 10:05:00+00:00,2.2375,2.2447,2.2361,2.2432,3098081.7
2026-01-07 10:10:00+00:00,2.2433,2.2433,2.2398,2.2406,2037023.2
2026-01-07 10:15:00+00:00,2.2407,2.2431,2.2393,2.2397,1504722.2
2026-01-07 10:20:00+00:00,2.2396,2.2417,2.2358,2.2375,2937381.3
2026-01-07 10:25:00+00:00,2.2375,2.2402,2.2374,2.2389,1341043.2
2026-01-07 10:30:00+00:00,2.2389,2.245,2.2379,2.2437,2206384.6
2026-01-07 10:35:00+00:00,2.2437,2.2484,2.2414,2.2461,2529567.0
2026-01-07 10:40:00+00:00,2.246,2.2507,2.2456,2.2476,2527208.3
2026-01-07 10:45:00+00:00,2.2476,2.2518,2.2476,2.2515,1169730.8
2026-01-07 10:50:00+00:00,2.2515,2.2515,2.2443,2.2472,1082854.8
2026-01-07 10:55:00+00:00,2.2472,2.2507,2.2451,2.248,1594768.9
2026-01-07 11:00:00+00:00,2.248,2.2515,2.2458,2.2509,1379072.8
2026-01-07 11:05:00+00:00,2.2508,2.256,2.2501,2.2534,2035714.1
2026-01-07 11:10:00+00:00,2.2534,2.2535,2.2498,2.2524,774867.6
2026-01-07 11:15:00+00:00,2.2524,2.254,2.2504,2.2525,1168138.2
2026-01-07 11:20:00+00:00,2.2525,2.253,2.2474,2.2525,2067497.4
2026-01-07 11:25:00+00:00,2.2525,2.2548,2.2504,2.252,1622558.7
2026-01-07 11:30:00+00:00,2.2521,2.2538,2.2491,2.2519,1144981.5
2026-01-07 11:35:00+00:00,2.2519,2.2559,2.2513,2.255,1091553.9
2026-01-07 11:40:00+00:00,2.2551,2.2574,2.2489,2.2492,1926496.2
2026-01-07 11:45:00+00:00,2.2492,2.2502,2.2462,2.2463,1104586.4
2026-01-07 11:50:00+00:00,2.2463,2.2515,2.2443,2.2488,1587792.0
2026-01-07 11:55:00+00:00,2.2488,2.2513,2.2485,2.2491,992277.8
2026-01-07 12:00:00+00:00,2.2491,2.251,2.2467,2.2506,1265496.7
2026-01-07 12:05:00+00:00,2.2506,2.2519,2.2414,2.2463,3101310.2
2026-01-07 12:10:00+00:00,2.2462,2.2512,2.2453,2.2455,1761455.3
2026-01-07 12:15:00+00:00,2.2454,2.2546,2.2452,2.2537,1840049.3
2026-01-07 12:20:00+00:00,2.2538,2.2542,2.2477,2.2477,1194859.7
2026-01-07 12:25:00+00:00,2.2477,2.2478,2.2448,2.2463,840120.0
2026-01-07 12:30:00+00:00,2.2462,2.2503,2.2421,2.244,889149.7
2026-01-07 12:35:00+00:00,2.244,2.2453,2.2432,2.2443,981070.8
2026-01-07 12:40:00+00:00,2.2442,2.2486,2.2411,2.2469,2833370.4
2026-01-07 12:45:00+00:00,2.2469,2.249,2.245,2.248,691262.1
2026-01-07 12:50:00+00:00,2.2481,2.2497,2.247,2.249,507170.0
2026-01-07 12:55:00+00:00,2.2489,2.2489,2.2455,2.247,660571.9
2026-01-07 13:00:00+00:00,2.247,2.2494,2.2454,2.2487,680597.9
2026-01-07 13:05:00+00:00,2.2487,2.2487,2.2363,2.2365,3456321.1
2026-01-07 13:10:00+00:00,2.2365,2.2423,2.2365,2.2375,1817667.1
2026-01-07 13:15:00+00:00,2.2375,2.2454,2.2365,2.2432,2024924.8
2026-01-07 13:20:00+00:00,2.2432,2.2533,2.2432,2.2514,2676030.4
2026-01-07 13:25:00+00:00,2.2515,2.2548,2.25,2.2509,1890456.5
2026-01-07 13:30:00+00:00,2.2509,2.2515,2.2473,2.251,1358512.7
2026-01-07 13:35:00+00:00,2.251,2.2514,2.2466,2.2494,1097643.2
2026-01-07 13:40:00+00:00,2.2495,2.2523,2.2484,2.2507,765380.5
2026-01-07 13:45:00+00:00,2.2507,2.2532,2.2477,2.2501,1131193.3
2026-01-07 13:50:00+00:00,2.2501,2.2501,2.2411,2.2414,2430801.6
2026-01-07 13:55:00+00:00,2.2414,2.2448,2.241,2.2434,1966017.5
2026-01-07 14:00:00+00:00,2.2435,2.2439,2.2242,2.2318,11036527.4
2026-01-07 14:05:00+00:00,2.2319,2.2328,2.2234,2.2242,6376151.6
2026-01-07 14:10:00+00:00,2.2242,2.2264,2.2187,2.2236,6632260.0
2026-01-07 14:15:00+00:00,2.2236,2.2255,2.2122,2.2128,8559771.8
2026-01-07 14:20:00+00:00,2.2128,2.2185,2.2128,2.2149,3655855.1
2026-01-07 14:25:00+00:00,2.215,2.2166,2.2092,2.2124,6017994.3
2026-01-07 14:30:00+00:00,2.2124,2.2219,2.203,2.2202,11936896.3
2026-01-07 14:35:00+00:00,2.2202,2.2308,2.2155,2.2244,6805516.9
2026-01-07 14:40:00+00:00,2.2244,2.2351,2.2244,2.2284,6298591.5
2026-01-07 14:45:00+00:00,2.2285,2.234,2.2222,2.2225,3620565.0
2026-01-07 14:50:00+00:00,2.2225,2.2297,2.2207,2.2264,3077976.1
2026-01-07 14:55:00+00:00,2.2263,2.2347,2.2252,2.2278,3355244.9
2026-01-07 15:00:00+00:00,2.2279,2.2291,2.206,2.2116,7706444.5
2026-01-07 15:05:00+00:00,2.2117,2.217,2.2075,2.2104,4457048.4
2026-01-07 15:10:00+00:00,2.2105,2.214,2.2075,2.2081,3350351.2
2026-01-07 15:15:00+00:00,2.2082,2.209,2.1848,2.1925,21811064.9
2026-01-07 15:20:00+00:00,2.1924,2.1976,2.1826,2.1959,9166390.2
2026-01-07 15:25:00+00:00,2.196,2.1976,2.1873,2.1934,4463243.0
2026-01-07 15:30:00+00:00,2.1935,2.1954,2.1863,2.1908,4451707.7
2026-01-07 15:35:00+00:00,2.1908,2.2041,2.1899,2.1947,7118588.7
2026-01-07 15:40:00+00:00,2.1947,2.2005,2.1941,2.1981,2325383.4
2026-01-07 15:45:00+00:00,2.1982,2.2,2.194,2.1979,3901458.4
2026-01-07 15:50:00+00:00,2.1978,2.2012,2.1932,2.1956,2532283.7
2026-01-07 15:55:00+00:00,2.1956,2.1959,2.1904,2.1946,2147069.1
2026-01-07 16:00:00+00:00,2.1945,2.201,2.1928,2.2006,3056923.8
2026-01-07 16:05:00+00:00,2.2005,2.21,2.2001,2.2095,4655163.5
2026-01-07 16:10:00+00:00,2.2094,2.2137,2.2066,2.2126,2924331.5
2026-01-07 16:15:00+00:00,2.2125,2.215,2.2101,2.2121,2316084.6
2026-01-07 16:20:00+00:00,2.2121,2.2223,2.2089,2.2177,5432900.9
2026-01-07 16:25:00+00:00,2.2178,2.2178,2.2096,2.2135,3263868.4
2026-01-07 16:30:00+00:00,2.2134,2.215,2.2031,2.2057,4531874.8
2026-01-07 16:35:00+00:00,2.2058,2.2065,2.1984,2.2042,4265154.9
2026-01-07 16:40:00+00:00,2.2043,2.2144,2.2027,2.2125,1870984.5
2026-01-07 16:45:00+00:00,2.2126,2.2152,2.208,2.208,2006155.2
2026-01-07 16:50:00+00:00,2.208,2.2094,2.2013,2.2021,1176775.3
2026-01-07 16:55:00+00:00,2.2021,2.2054,2.1995,2.2013,1910062.8
2026-01-07 17:00:00+00:00,2.2014,2.2027,2.1927,2.198,5920134.5
2026-01-07 17:05:00+00:00,2.198,2.2024,2.1974,2.1996,1866407.1
2026-01-07 17:10:00+00:00,2.1996,2.1998,2.1955,2.1963,963872.6
2026-01-07 17:15:00+00:00,2.1963,2.2021,2.1956,2.2007,1341586.6
2026-01-07 17:20:00+00:00,2.2007,2.2087,2.2005,2.2058,2335223.2
2026-01-07 17:25:00+00:00,2.2057,2.209,2.2033,2.2053,1109872.6
2026-01-07 17:30:00+00:00,2.2052,2.2085,2.2028,2.2058,1003622.0
2026-01-07 17:35:00+00:00,2.2059,2.2082,2.2039,2.2079,1211350.7
2026-01-07 17:40:00+00:00,2.2079,2.2086,2.1964,2.2013,1737202.9
2026-01-07 17:45:00+00:00,2.2013,2.2033,2.196,2.1967,1253898.4
2026-01-07 17:50:00+00:00,2.1966,2.1969,2.1871,2.192,5507442.3
2026-01-07 17:55:00+00:00,2.1921,2.1955,2.1912,2.1928,1794101.6
2026-01-07 18:00:00+00:00,2.1928,2.1942,2.1902,2.1928,1457359.4
2026-01-07 18:05:00+00:00,2.1928,2.1974,2.1898,2.1949,1540505.9
2026-01-07 18:10:00+00:00,2.1948,2.1949,2.1897,2.1934,2123947.6
2026-01-07 18:15:00+00:00,2.1934,2.1945,2.1899,2.1933,884884.5
2026-01-07 18:20:00+00:00,2.1934,2.1959,2.1903,2.1925,1503088.9
2026-01-07 18:25:00+00:00,2.1926,2.1966,2.1844,2.1955,3501350.4
2026-01-07 18:30:00+00:00,2.1955,2.2032,2.1955,2.2005,3172570.7
2026-01-07 18:35:00+00:00,2.2004,2.2011,2.1919,2.1941,1295345.9
2026-01-07 18:40:00+00:00,2.194,2.1983,2.1914,2.1915,895530.4
2026-01-07 18:45:00+00:00,2.1915,2.1962,2.1884,2.1961,1585437.2
2026-01-07 18:50:00+00:00,2.1961,2.1961,2.187,2.1872,1887477.0
2026-01-07 18:55:00+00:00,2.1872,2.1893,2.1812,2.1871,5319524.4
2026-01-07 19:00:00+00:00,2.187,2.1943,2.1866,2.1941,2210874.2
2026-01-07 19:05:00+00:00,2.194,2.1952,2.1835,2.1847,1475080.2
2026-01-07 19:10:00+00:00,2.1847,2.1866,2.1752,2.1792,6018886.3
2026-01-07 19:15:00+00:00,2.1792,2.1811,2.1732,2.1779,5957718.5
2026-01-07 19:20:00+00:00,2.1779,2.1787,2.1726,2.173,4288408.1
2026-01-07 19:25:00+00:00,2.1729,2.1768,2.1701,2.1768,3647887.9
2026-01-07 19:30:00+00:00,2.1768,2.1915,2.1768,2.1882,4191374.8
2026-01-07 19:35:00+00:00,2.1881,2.1956,2.1877,2.1931,2521696.7
2026-01-07 19:40:00+00:00,2.193,2.193,2.1893,2.1898,1019127.8
2026-01-07 19:45:00+00:00,2.1897,2.1932,2.1894,2.1927,1069443.8
2026-01-07 19:50:00+00:00,2.1927,2.1979,2.1919,2.1945,1429408.5
2026-01-07 19:55:00+00:00,2.1945,2.198,2.1925,2.1929,2293891.5
2026-01-07 20:00:00+00:00,2.1929,2.1981,2.19,2.1932,1594575.4
2026-01-07 20:05:00+00:00,2.1933,2.1966,2.1908,2.1923,1249893.4
2026-01-07 20:10:00+00:00,2.1923,2.1941,2.1848,2.1854,2766733.2
2026-01-07 20:15:00+00:00,2.1853,2.188,2.1828,2.1869,2322494.7
2026-01-07 20:20:00+00:00,2.1869,2.1881,2.1732,2.1732,4552240.8
2026-01-07 20:25:00+00:00,2.1733,2.1802,2.1733,2.1789,1858721.4
2026-01-07 20:30:00+00:00,2.1789,2.1856,2.1776,2.1818,1514649.3
2026-01-07 20:35:00+00:00,2.1818,2.1855,2.1781,2.1822,1432458.0
2026-01-07 20:40:00+00:00,2.1822,2.1855,2.1748,2.1766,2269815.2
2026-01-07 20:45:00+00:00,2.1766,2.1782,2.171,2.1736,2818764.6
2026-01-07 20:50:00+00:00,2.1736,2.1806,2.1736,2.1778,3299139.8
2026-01-07 20:55:00+00:00,2.1778,2.1818,2.1726,2.1727,9076146.5
2026-01-07 21:00:00+00:00,2.1726,2.1798,2.1717,2.1734,5417296.1
2026-01-07 21:05:00+00:00,2.1733,2.1766,2.1716,2.1765,2158933.4
2026-01-07 21:10:00+00:00,2.1765,2.1835,2.172,2.1816,2019955.5
2026-01-07 21:15:00+00:00,2.1816,2.1832,2.1781,2.1796,1448421.7
2026-01-07 21:20:00+00:00,2.1796,2.1807,2.1758,2.1807,1057525.0
2026-01-07 21:25:00+00:00,2.1807,2.1837,2.1804,2.183,847838.8
2026-01-07 21:30:00+00:00,2.183,2.1853,2.1814,2.1822,1884496.8
2026-01-07 21:35:00+00:00,2.1823,2.1824,2.1771,2.179,1689538.0
2026-01-07 21:40:00+00:00,2.179,2.1838,2.179,2.1822,1064457.2
2026-01-07 21:45:00+00:00,2.1822,2.1831,2.1793,2.1804,774557.6
2026-01-07 21:50:00+00:00,2.1804,2.1806,2.1769,2.1796,1007148.4
2026-01-07 21:55:00+00:00,2.1797,2.1805,2.177,2.1776,803731.6
2026-01-07 22:00:00+00:00,2.1776,2.1776,2.1715,2.1738,3269131.0
2026-01-07 22:05:00+00:00,2.1738,2.182,2.1723,2.1817,1373370.9
2026-01-07 22:10:00+00:00,2.1817,2.1822,2.178,2.1795,1205615.6
2026-01-07 22:15:00+00:00,2.1794,2.1808,2.1768,2.1792,675449.0
2026-01-07 22:20:00+00:00,2.1792,2.1823,2.1787,2.1809,748086.5
2026-01-07 22:25:00+00:00,2.1809,2.1809,2.1768,2.1789,727052.2
2026-01-07 22:30:00+00:00,2.179,2.1918,2.1787,2.1845,2419933.0
2026-01-07 22:35:00+00:00,2.1844,2.1856,2.1799,2.1819,947630.2
2026-01-07 22:40:00+00:00,2.182,2.1829,2.1785,2.1799,770702.2
2026-01-07 22:45:00+00:00,2.18,2.1815,2.1782,2.1784,814734.2
2026-01-07 22:50:00+00:00,2.1784,2.1785,2.165,2.1733,5079654.1
2026-01-07 22:55:00+00:00,2.1733,2.1734,2.1682,2.1684,2031419.7
2026-01-07 23:00:00+00:00,2.1685,2.1699,2.1513,2.1521,11663098.2
2026-01-07 23:05:00+00:00,2.1521,2.166,2.151,2.159,6162398.7
2026-01-07 23:10:00+00:00,2.1591,2.1683,2.1579,2.1683,3567305.0
2026-01-07 23:15:00+00:00,2.1683,2.1807,2.1683,2.1794,4193654.8
2026-01-07 23:20:00+00:00,2.1793,2.1793,2.1714,2.178,1930333.1
2026-01-07 23:25:00+00:00,2.1779,2.1791,2.1722,2.1749,1864242.2
2026-01-07 23:30:00+00:00,2.1748,2.1775,2.1706,2.1706,1092505.2
2026-01-07 23:35:00+00:00,2.1706,2.1735,2.1671,2.1703,1344324.3
2026-01-07 23:40:00+00:00,2.1703,2.1727,2.1664,2.1665,1046717.3
2026-01-07 23:45:00+00:00,2.1665,2.1677,2.162,2.165,1918786.1
2026-01-07 23:50:00+00:00,2.165,2.1683,2.1624,2.1683,973087.4
2026-01-07 23:55:00+00:00,2.1682,2.1697,2.1641,2.1648,909828.1
2026-01-08 00:00:00+00:00,2.1649,2.1699,2.1584,2.1605,3015645.4
2026-01-08 00:05:00+00:00,2.1605,2.1669,2.1605,2.1635,1609759.8
2026-01-08 00:10:00+00:00,2.1635,2.1673,2.162,2.1647,1423359.0
2026-01-08 00:15:00+00:00,2.1646,2.1646,2.1567,2.1575,2771849.8
2026-01-08 00:20:00+00:00,2.1576,2.1586,2.1463,2.1552,7640930.5
2026-01-08 00:25:00+00:00,2.1552,2.1561,2.1506,2.1518,1997744.9
2026-01-08 00:30:00+00:00,2.1519,2.1547,2.1483,2.1516,2561992.5
2026-01-08 00:35:00+00:00,2.1517,2.1536,2.1475,2.1516,2896856.4
2026-01-08 00:40:00+00:00,2.1517,2.158,2.151,2.1563,2064329.9
2026-01-08 00:45:00+00:00,2.1564,2.1681,2.1564,2.166,3324090.0
2026-01-08 00:50:00+00:00,2.1659,2.1732,2.1611,2.173,3060146.3
2026-01-08 00:55:00+00:00,2.1729,2.1731,2.1687,2.1692,1645564.1
2026-01-08 01:00:00+00:00,2.1693,2.1734,2.1688,2.1713,1916701.4
2026-01-08 01:05:00+00:00,2.1712,2.1738,2.1704,2.172,1463680.5
2026-01-08 01:10:00+00:00,2.1719,2.1796,2.1703,2.1788,3019579.2
2026-01-08 01:15:00+00:00,2.1788,2.1788,2.1693,2.1727,1943075.6
2026-01-08 01:20:00+00:00,2.1728,2.1808,2.1725,2.1803,1994135.4
2026-01-08 01:25:00+00:00,2.1803,2.1877,2.1782,2.1827,4198249.4
2026-01-08 01:30:00+00:00,2.1826,2.1841,2.179,2.184,2512504.5
2026-01-08 01:35:00+00:00,2.1841,2.1874,2.183,2.1851,2940288.0
2026-01-08 01:40:00+00:00,2.1851,2.1881,2.1832,2.1867,1499330.3
2026-01-08 01:45:00+00:00,2.1867,2.1899,2.1852,2.186,1988462.0
2026-01-08 01:50:00+00:00,2.1861,2.1864,2.1808,2.1823,1362298.7
2026-01-08 01:55:00+00:00,2.1823,2.1843,2.1813,2.1813,1232330.1
2026-01-08 02:00:00+00:00,2.1813,2.1814,2.1698,2.1717,3217603.9
2026-01-08 02:05:00+00:00,2.1717,2.1808,2.1706,2.1789,3550462.6
2026-01-08 02:10:00+00:00,2.1789,2.1823,2.1749,2.1817,1813298.8
2026-01-08 02:15:00+00:00,2.1816,2.1911,2.1772,2.1852,2605376.9
2026-01-08 02:20:00+00:00,2.1851,2.1874,2.1722,2.1731,3429649.0
2026-01-08 02:25:00+00:00,2.1731,2.1769,2.1704,2.1744,2224830.4
2026-01-08 02:30:00+00:00,2.1745,2.1748,2.167,2.1684,1972107.1
2026-01-08 02:35:00+00:00,2.1683,2.1688,2.1585,2.1637,4349152.0
2026-01-08 02:40:00+00:00,2.1637,2.167,2.161,2.1649,2048560.5
2026-01-08 02:45:00+00:00,2.1649,2.1666,2.1596,2.1645,1769265.8
2026-01-08 02:50:00+00:00,2.1646,2.1682,2.1623,2.1671,1720254.0
2026-01-08 02:55:00+00:00,2.1671,2.1677,2.1644,2.1665,907804.3
2026-01-08 03:00:00+00:00,2.1665,2.1722,2.1636,2.1716,1996677.5
2026-01-08 03:05:00+00:00,2.1715,2.1751,2.1683,2.1709,1319695.7
2026-01-08 03:10:00+00:00,2.1708,2.1733,2.1691,2.17,1021550.9
2026-01-08 03:15:00+00:00,2.17,2.1715,2.1637,2.1653,1547751.4
2026-01-08 03:20:00+00:00,2.1653,2.1677,2.1607,2.1621,1347237.2
2026-01-08 03:25:00+00:00,2.162,2.1641,2.1553,2.1579,2403300.1
2026-01-08 03:30:00+00:00,2.1579,2.1656,2.1575,2.1626,2008931.9
2026-01-08 03:35:00+00:00,2.1627,2.1638,2.1603,2.1623,862796.1
2026-01-08 03:40:00+00:00,2.1624,2.1626,2.1437,2.1495,7260594.7
2026-01-08 03:45:00+00:00,2.1494,2.1542,2.1453,2.1522,4066756.1
2026-01-08 03:50:00+00:00,2.1521,2.1549,2.1459,2.1476,2571152.8
2026-01-08 03:55:00+00:00,2.1476,2.1515,2.1456,2.1491,2115762.1
2026-01-08 04:00:00+00:00,2.149,2.1553,2.1474,2.1551,2811717.3
2026-01-08 04:05:00+00:00,2.1552,2.1579,2.1445,2.1445,2100827.1
2026-01-08 04:10:00+00:00,2.1446,2.1539,2.1446,2.1521,1496241.3
2026-01-08 04:15:00+00:00,2.152,2.1558,2.151,2.1537,1018104.4
2026-01-08 04:20:00+00:00,2.1536,2.1583,2.153,2.1568,840946.7
2026-01-08 04:25:00+00:00,2.1568,2.1681,2.1568,2.1666,3508379.2
2026-01-08 04:30:00+00:00,2.1666,2.1719,2.1643,2.1679,2411637.4
2026-01-08 04:35:00+00:00,2.1679,2.1691,2.1625,2.1647,1438062.2
2026-01-08 04:40:00+00:00,2.1648,2.1653,2.1609,2.1635,1169853.0
2026-01-08 04:45:00+00:00,2.1636,2.166,2.1595,2.1628,1102894.3
2026-01-08 04:50:00+00:00,2.1628,2.1628,2.1588,2.1606,1051675.0
2026-01-08 04:55:00+00:00,2.1605,2.1627,2.1596,2.1607,883729.6
2026-01-08 05:00:00+00:00,2.1608,2.1634,2.1578,2.1632,1114780.6
2026-01-08 05:05:00+00:00,2.1633,2.1655,2.1607,2.164,1067356.3
2026-01-08 05:10:00+00:00,2.164,2.1641,2.1603,2.1611,778061.4
2026-01-08 05:15:00+00:00,2.1611,2.1623,2.1596,2.1613,785116.4
2026-01-08 05:20:00+00:00,2.1613,2.1621,2.1592,2.1601,841133.6
2026-01-08 05:25:00+00:00,2.1601,2.1601,2.1525,2.1531,2586009.5
2026-01-08 05:30:00+00:00,2.153,2.1557,2.1517,2.1522,1096479.6
2026-01-08 05:35:00+00:00,2.1522,2.1556,2.1517,2.1544,684155.1
2026-01-08 05:40:00+00:00,2.1543,2.1544,2.1448,2.1474,2975133.7
2026-01-08 05:45:00+00:00,2.1474,2.1491,2.1439,2.1487,2057342.7
2026-01-08 05:50:00+00:00,2.1487,2.1499,2.1421,2.1432,2044313.6
2026-01-08 05:55:00+00:00,2.1431,2.1436,2.139,2.1421,3980986.0
2026-01-08 06:00:00+00:00,2.1422,2.146,2.1363,2.1378,3729257.1
2026-01-08 06:05:00+00:00,2.1378,2.1383,2.1282,2.1334,10246573.5
2026-01-08 06:10:00+00:00,2.1334,2.1344,2.1268,2.1311,5228363.4
2026-01-08 06:15:00+00:00,2.1311,2.1311,2.1202,2.1221,8504089.8
2026-01-08 06:20:00+00:00,2.1222,2.1318,2.1216,2.123,4387801.5
2026-01-08 06:25:00+00:00,2.123,2.1278,2.1217,2.1259,2497462.6
2026-01-08 06:30:00+00:00,2.126,2.1324,2.126,2.1288,2695027.9
2026-01-08 06:35:00+00:00,2.1288,2.1333,2.126,2.1302,2271062.2
2026-01-08 06:40:00+00:00,2.1302,2.132,2.1284,2.1287,1109887.6
2026-01-08 06:45:00+00:00,2.1288,2.1298,2.1155,2.1162,5550297.1
2026-01-08 06:50:00+00:00,2.1162,2.1217,2.1138,2.1147,7529359.4
2026-01-08 06:55:00+00:00,2.1147,2.1171,2.1065,2.107,9484598.5
2026-01-08 07:00:00+00:00,2.1071,2.1112,2.0962,2.1007,16823836.3
2026-01-08 07:05:00+00:00,2.1008,2.111,2.0976,2.1089,7553897.7
2026-01-08 07:10:00+00:00,2.1089,2.1167,2.1087,2.1136,4299185.2
2026-01-08 07:15:00+00:00,2.1136,2.1149,2.1095,2.1121,2602931.6
2026-01-08 07:20:00+00:00,2.1122,2.1156,2.1072,2.1121,3873876.7
2026-01-08 07:25:00+00:00,2.1122,2.1168,2.1101,2.1166,2662726.5
2026-01-08 07:30:00+00:00,2.1166,2.1191,2.1128,2.1187,2195527.6
2026-01-08 07:35:00+00:00,2.1186,2.1219,2.1106,2.1114,3681143.2
2026-01-08 07:40:00+00:00,2.1114,2.1176,2.1092,2.1156,3168938.0
2026-01-08 07:45:00+00:00,2.1155,2.12,2.1128,2.1134,2737909.5
2026-01-08 07:50:00+00:00,2.1134,2.1171,2.1121,2.1156,1656475.0
2026-01-08 07:55:00+00:00,2.1155,2.1196,2.114,2.1185,2810662.7
2026-01-08 08:00:00+00:00,2.1184,2.1244,2.1179,2.1244,3301098.6
2026-01-08 08:05:00+00:00,2.1244,2.126,2.1213,2.125,3640806.7
2026-01-08 08:10:00+00:00,2.125,2.129,2.1238,2.1284,2763323.7
2026-01-08 08:15:00+00:00,2.1284,2.1314,2.1259,2.1314,3453146.7
2026-01-08 08:20:00+00:00,2.1313,2.1329,2.1247,2.1278,2722483.5
2026-01-08 08:25:00+00:00,2.1277,2.1309,2.1276,2.13,1845961.6
2026-01-08 08:30:00+00:00,2.13,2.1329,2.12,2.1231,3254813.7
2026-01-08 08:35:00+00:00,2.123,2.1233,2.1152,2.1157,2540822.0
2026-01-08 08:40:00+00:00,2.1156,2.1186,2.1153,2.1174,1319604.2
2026-01-08 08:45:00+00:00,2.1174,2.1181,2.1126,2.1135,1825106.7
2026-01-08 08:50:00+00:00,2.1134,2.1154,2.1069,2.1114,3661203.4
2026-01-08 08:55:00+00:00,2.1114,2.1128,2.1077,2.1117,1852413.1
2026-01-08 09:00:00+00:00,2.1117,2.1167,2.1084,2.1146,2506234.4
2026-01-08 09:05:00+00:00,2.1145,2.121,2.1116,2.1199,1937122.1
2026-01-08 09:10:00+00:00,2.1199,2.12,2.1136,2.1144,1670404.6
2026-01-08 09:15:00+00:00,2.1145,2.1145,2.1032,2.1045,3893976.5
2026-01-08 09:20:00+00:00,2.1045,2.1052,2.099,2.1011,4441071.6
2026-01-08 09:25:00+00:00,2.101,2.103,2.1006,2.1027,2299546.2
2026-01-08 09:30:00+00:00,2.1027,2.1072,2.1024,2.1064,2658862.7
2026-01-08 09:35:00+00:00,2.1064,2.1068,2.1036,2.1054,1583793.6
2026-01-08 09:40:00+00:00,2.1054,2.1054,2.1012,2.1032,1598929.4
2026-01-08 09:45:00+00:00,2.1033,2.1065,2.1001,2.106,1404942.6
2026-01-08 09:50:00+00:00,2.106,2.108,2.1,2.1013,1656425.6
2026-01-08 09:55:00+00:00,2.1013,2.1026,2.0933,2.0955,4929153.6
2026-01-08 10:00:00+00:00,2.0955,2.0965,2.08,2.0851,12906711.3
2026-01-08 10:05:00+00:00,2.0851,2.0933,2.0846,2.0876,3950368.8
2026-01-08 10:10:00+00:00,2.0876,2.094,2.0858,2.0934,2586395.1
2026-01-08 10:15:00+00:00,2.0934,2.0965,2.0912,2.0942,2666336.4
2026-01-08 10:20:00+00:00,2.0942,2.1034,2.0927,2.1026,3572878.0
2026-01-08 10:25:00+00:00,2.1025,2.1055,2.1008,2.1009,2531654.3
2026-01-08 10:30:00+00:00,2.1009,2.1022,2.0955,2.0981,1897853.8
2026-01-08 10:35:00+00:00,2.0981,2.1028,2.097,2.0978,1945801.0
2026-01-08 10:40:00+00:00,2.0979,2.1014,2.0977,2.0984,1102730.4
2026-01-08 10:45:00+00:00,2.0984,2.1038,2.0983,2.1025,1574114.5
2026-01-08 10:50:00+00:00,2.1025,2.1045,2.1006,2.1038,1474255.2
2026-01-08 10:55:00+00:00,2.1038,2.1069,2.1018,2.1025,2681295.3
2026-01-08 11:00:00+00:00,2.1024,2.1048,2.1017,2.1027,1234032.4
2026-01-08 11:05:00+00:00,2.1026,2.1027,2.0917,2.0925,3318740.3
2026-01-08 11:10:00+00:00,2.0925,2.0955,2.0924,2.0944,1499391.7
2026-01-08 11:15:00+00:00,2.0944,2.1003,2.0934,2.096,2828691.3
2026-01-08 11:20:00+00:00,2.096,2.096,2.0853,2.0931,5777302.8
2026-01-08 11:25:00+00:00,2.0931,2.0977,2.091,2.0972,1607627.7
2026-01-08 11:30:00+00:00,2.0971,2.0981,2.0877,2.0892,4179657.5
2026-01-08 11:35:00+00:00,2.0891,2.0894,2.082,2.0826,6007580.6
2026-01-08 11:40:00+00:00,2.0826,2.0889,2.0814,2.0825,4297413.0
2026-01-08 11:45:00+00:00,2.0825,2.087,2.08,2.0869,2729753.5
2026-01-08 11:50:00+00:00,2.087,2.0926,2.0863,2.0896,2471114.5
2026-01-08 11:55:00+00:00,2.0896,2.0927,2.0884,2.0913,1222880.6
2026-01-08 12:00:00+00:00,2.0913,2.0913,2.0831,2.0854,2141298.0
2026-01-08 12:05:00+00:00,2.0853,2.0881,2.0718,2.0771,8071901.7
2026-01-08 12:10:00+00:00,2.077,2.0827,2.0752,2.0804,4335752.3
2026-01-08 12:15:00+00:00,2.0804,2.0849,2.0791,2.0833,2142439.2
2026-01-08 12:20:00+00:00,2.0832,2.0864,2.082,2.0846,2331222.3
2026-01-08 12:25:00+00:00,2.0846,2.0853,2.0813,2.0823,1085565.1
2026-01-08 12:30:00+00:00,2.0823,2.0841,2.0753,2.0765,2326278.6
2026-01-08 12:35:00+00:00,2.0765,2.0781,2.0719,2.0755,3336588.7
2026-01-08 12:40:00+00:00,2.0756,2.0798,2.074,2.077,3637591.8
2026-01-08 12:45:00+00:00,2.077,2.0789,2.0739,2.0749,2099664.6
2026-01-08 12:50:00+00:00,2.0748,2.0794,2.0718,2.0738,2803001.5
2026-01-08 12:55:00+00:00,2.0738,2.0811,2.0738,2.0804,2974772.3
2026-01-08 13:00:00+00:00,2.0804,2.0839,2.0792,2.08,2780925.1
2026-01-08 13:05:00+00:00,2.08,2.0816,2.0772,2.0811,1970458.1
2026-01-08 13:10:00+00:00,2.0811,2.087,2.081,2.0824,3621039.3
2026-01-08 13:15:00+00:00,2.0824,2.0852,2.0778,2.0834,1790533.4
2026-01-08 13:20:00+00:00,2.0833,2.0881,2.0819,2.0876,1627574.8
2026-01-08 13:25:00+00:00,2.0877,2.0915,2.0861,2.0897,3094105.6
2026-01-08 13:30:00+00:00,2.0898,2.0943,2.0829,2.0862,3658383.3
2026-01-08 13:35:00+00:00,2.0861,2.0874,2.0824,2.0868,1538114.9
2026-01-08 13:40:00+00:00,2.0868,2.0902,2.0848,2.0885,1233135.5
2026-01-08 13:45:00+00:00,2.0885,2.0903,2.085,2.0877,1437878.0
2026-01-08 13:50:00+00:00,2.0877,2.0877,2.0816,2.0862,1239280.6
2026-01-08 13:55:00+00:00,2.0863,2.0892,2.0851,2.0864,1861497.5
2026-01-08 14:00:00+00:00,2.0863,2.0872,2.0801,2.0801,2754423.2
2026-01-08 14:05:00+00:00,2.0801,2.0898,2.0763,2.0864,4461492.5
2026-01-08 14:10:00+00:00,2.0863,2.0915,2.0863,2.0871,2309436.2
2026-01-08 14:15:00+00:00,2.0871,2.0875,2.0805,2.081,1898952.1
2026-01-08 14:20:00+00:00,2.0809,2.0825,2.0755,2.0776,3069273.3
2026-01-08 14:25:00+00:00,2.0777,2.0787,2.0661,2.0744,10719197.9
2026-01-08 14:30:00+00:00,2.0744,2.0867,2.0691,2.0849,8877658.1
2026-01-08 14:35:00+00:00,2.0848,2.087,2.0749,2.0749,4510276.8
2026-01-08 14:40:00+00:00,2.075,2.0828,2.0667,2.0678,7777571.1
2026-01-08 14:45:00+00:00,2.0677,2.084,2.065,2.0807,10134149.6
2026-01-08 14:50:00+00:00,2.0807,2.0979,2.0778,2.0897,16303053.1
2026-01-08 14:55:00+00:00,2.0898,2.0925,2.0841,2.0861,4930478.7
2026-01-08 15:00:00+00:00,2.0861,2.0874,2.0726,2.0765,6431140.2
2026-01-08 15:05:00+00:00,2.0765,2.0879,2.0744,2.0874,6572341.6
2026-01-08 15:10:00+00:00,2.0874,2.1008,2.0847,2.0997,10534010.0
2026-01-08 15:15:00+00:00,2.0997,2.1058,2.0962,2.1034,7329931.6
2026-01-08 15:20:00+00:00,2.1034,2.1122,2.102,2.1086,10624797.3
2026-01-08 15:25:00+00:00,2.1086,2.1135,2.1081,2.1113,8788648.6
2026-01-08 15:30:00+00:00,2.1113,2.116,2.1045,2.1049,6442613.4
2026-01-08 15:35:00+00:00,2.1049,2.1075,2.0993,2.1068,3867034.7
2026-01-08 15:40:00+00:00,2.1069,2.1164,2.1066,2.109,4282086.2
2026-01-08 15:45:00+00:00,2.1091,2.1117,2.1048,2.1089,3871827.8
2026-01-08 15:50:00+00:00,2.1089,2.1133,2.1088,2.1118,2388022.6
2026-01-08 15:55:00+00:00,2.1118,2.1271,2.1115,2.1255,6962087.6
2026-01-08 16:00:00+00:00,2.1255,2.134,2.1253,2.1267,10847256.4
2026-01-08 16:05:00+00:00,2.1267,2.1366,2.1255,2.1284,8954982.3
2026-01-08 16:10:00+00:00,2.1284,2.1308,2.1232,2.126,4756044.7
2026-01-08 16:15:00+00:00,2.1261,2.1278,2.1133,2.1144,5727626.6
2026-01-08 16:20:00+00:00,2.1144,2.1245,2.1108,2.1236,4677554.3
2026-01-08 16:25:00+00:00,2.1236,2.1307,2.121,2.1268,6495691.5
2026-01-08 16:30:00+00:00,2.1267,2.1267,2.1199,2.1199,4783823.7
2026-01-08 16:35:00+00:00,2.1199,2.1214,2.1107,2.1167,4918567.0
2026-01-08 16:40:00+00:00,2.1168,2.1341,2.115,2.1302,5336882.7
2026-01-08 16:45:00+00:00,2.1302,2.1384,2.1301,2.1381,5557555.0
2026-01-08 16:50:00+00:00,2.1382,2.1416,2.1354,2.1384,5665686.4
2026-01-08 16:55:00+00:00,2.1385,2.1443,2.1353,2.1441,3738936.2
2026-01-08 17:00:00+00:00,2.1441,2.1476,2.1379,2.1468,6080989.2
2026-01-08 17:05:00+00:00,2.1468,2.1534,2.1424,2.1527,8726735.0
2026-01-08 17:10:00+00:00,2.1527,2.155,2.149,2.1491,6602405.7
2026-01-08 17:15:00+00:00,2.149,2.1525,2.144,2.1461,4296103.2
2026-01-08 17:20:00+00:00,2.1461,2.1513,2.1429,2.1452,2944695.3
2026-01-08 17:25:00+00:00,2.1451,2.1466,2.1378,2.1386,4528533.5
2026-01-08 17:30:00+00:00,2.1386,2.1431,2.138,2.1431,1744816.1
2026-01-08 17:35:00+00:00,2.1431,2.1497,2.1423,2.1486,2154833.3
2026-01-08 17:40:00+00:00,2.1485,2.1507,2.1465,2.1486,1770037.1
2026-01-08 17:45:00+00:00,2.1486,2.1531,2.1481,2.1505,2264564.9
2026-01-08 17:50:00+00:00,2.1504,2.1583,2.1503,2.1569,3055245.7
2026-01-08 17:55:00+00:00,2.157,2.1679,2.157,2.162,8183783.0
2026-01-08 18:00:00+00:00,2.162,2.1638,2.1564,2.1572,3760256.1
2026-01-08 18:05:00+00:00,2.1572,2.1575,2.1534,2.1569,2448496.9
2026-01-08 18:10:00+00:00,2.1569,2.1574,2.1457,2.1461,2611940.9
2026-01-08 18:15:00+00:00,2.1462,2.1462,2.1396,2.1457,3852918.0
2026-01-08 18:20:00+00:00,2.1457,2.147,2.1383,2.1384,2164383.2
2026-01-08 18:25:00+00:00,2.1383,2.1426,2.1383,2.1424,1474388.2
2026-01-08 18:30:00+00:00,2.1423,2.1466,2.1328,2.1344,4754008.3
2026-01-08 18:35:00+00:00,2.1343,2.1381,2.1281,2.1281,4151252.5
2026-01-08 18:40:00+00:00,2.1281,2.1323,2.1234,2.1294,6383075.0
2026-01-08 18:45:00+00:00,2.1294,2.1373,2.1292,2.1373,2192135.7
2026-01-08 18:50:00+00:00,2.1373,2.1396,2.1357,2.1383,1497251.2
2026-01-08 18:55:00+00:00,2.1384,2.1384,2.1328,2.1357,1501069.9
2026-01-08 19:00:00+00:00,2.1357,2.1425,2.1307,2.1419,2345989.5
2026-01-08 19:05:00+00:00,2.1419,2.1462,2.14,2.1425,1882672.6
2026-01-08 19:10:00+00:00,2.1424,2.1459,2.1401,2.1425,1963027.0
2026-01-08 19:15:00+00:00,2.1424,2.1424,2.1311,2.1385,2705869.1
2026-01-08 19:20:00+00:00,2.1386,2.143,2.1375,2.1405,1061564.8
2026-01-08 19:25:00+00:00,2.1406,2.1406,2.1355,2.1368,1203979.9
2026-01-08 19:30:00+00:00,2.1368,2.1487,2.1367,2.1478,2074617.8
2026-01-08 19:35:00+00:00,2.1478,2.1489,2.1452,2.1468,1122207.7
2026-01-08 19:40:00+00:00,2.1467,2.1467,2.139,2.1415,1535794.8
2026-01-08 19:45:00+00:00,2.1415,2.1438,2.1389,2.1423,971030.0
2026-01-08 19:50:00+00:00,2.1423,2.1441,2.1369,2.1376,1876037.2
2026-01-08 19:55:00+00:00,2.1376,2.1382,2.1293,2.1345,2214034.7
2026-01-08 20:00:00+00:00,2.1345,2.1345,2.1193,2.1211,6763947.8
2026-01-08 20:05:00+00:00,2.1212,2.1222,2.1158,2.1203,4188295.6
2026-01-08 20:10:00+00:00,2.1202,2.1247,2.1182,2.1206,2021231.0
2026-01-08 20:15:00+00:00,2.1207,2.1219,2.117,2.1195,2251480.3
2026-01-08 20:20:00+00:00,2.1195,2.1213,2.1154,2.1154,2539876.8
2026-01-08 20:25:00+00:00,2.1153,2.1175,2.1116,2.1164,2391475.8
2026-01-08 20:30:00+00:00,2.1163,2.1206,2.1162,2.1204,1546881.0
2026-01-08 20:35:00+00:00,2.1204,2.1285,2.1203,2.1243,2440279.9
2026-01-08 20:40:00+00:00,2.1244,2.1277,2.1234,2.1237,1562237.9
2026-01-08 20:45:00+00:00,2.1236,2.127,2.1233,2.1251,1152492.6
2026-01-08 20:50:00+00:00,2.1251,2.1307,2.1215,2.1284,2053497.2
2026-01-08 20:55:00+00:00,2.1284,2.1335,2.1209,2.1256,6853642.9
2026-01-08 21:00:00+00:00,2.1256,2.129,2.1224,2.1283,2628730.9
2026-01-08 21:05:00+00:00,2.1284,2.1322,2.1273,2.1317,1612786.7
2026-01-08 21:10:00+00:00,2.1317,2.1338,2.1272,2.1303,1249469.4
2026-01-08 21:15:00+00:00,2.1302,2.1324,2.1258,2.1292,1302901.1
2026-01-08 21:20:00+00:00,2.1292,2.1297,2.1257,2.1276,944251.9
2026-01-08 21:25:00+00:00,2.1276,2.1314,2.126,2.1278,3341960.7
2026-01-08 21:30:00+00:00,2.1278,2.1357,2.126,2.1356,2529105.4
2026-01-08 21:35:00+00:00,2.1357,2.1436,2.1353,2.1428,3425933.8
2026-01-08 21:40:00+00:00,2.1427,2.1427,2.137,2.137,1295794.4
2026-01-08 21:45:00+00:00,2.137,2.1379,2.1334,2.1356,1256657.7
2026-01-08 21:50:00+00:00,2.1356,2.1392,2.1342,2.1391,972000.9
2026-01-08 21:55:00+00:00,2.1392,2.1418,2.1373,2.1383,1399754.9
2026-01-08 22:00:00+00:00,2.1384,2.1449,2.1352,2.1397,2409367.4
2026-01-08 22:05:00+00:00,2.1398,2.1416,2.1361,2.137,2437400.1
2026-01-08 22:10:00+00:00,2.1369,2.1473,2.1357,2.1444,2177986.7
2026-01-08 22:15:00+00:00,2.1445,2.1445,2.1369,2.1385,1127364.0
2026-01-08 22:20:00+00:00,2.1385,2.1406,2.1356,2.14,1320994.5
2026-01-08 22:25:00+00:00,2.14,2.14,2.1332,2.1373,1160659.5
2026-01-08 22:30:00+00:00,2.1373,2.1389,2.1308,2.1336,1668521.3
2026-01-08 22:35:00+00:00,2.1336,2.1336,2.1202,2.1232,2718948.7
2026-01-08 22:40:00+00:00,2.1231,2.1265,2.1217,2.1238,1235714.7
2026-01-08 22:45:00+00:00,2.1237,2.1297,2.1236,2.1292,453193.2
2026-01-08 22:50:00+00:00,2.1292,2.1319,2.1289,2.1313,548511.1
2026-01-08 22:55:00+00:00,2.1312,2.133,2.1286,2.1324,942326.2
2026-01-08 23:00:00+00:00,2.1325,2.135,2.1302,2.1302,1593187.9
2026-01-08 23:05:00+00:00,2.1302,2.1357,2.1301,2.1316,1124956.2
2026-01-08 23:10:00+00:00,2.1317,2.1317,2.1262,2.1268,1019059.1
2026-01-08 23:15:00+00:00,2.1268,2.1309,2.1267,2.13,831458.1
2026-01-08 23:20:00+00:00,2.13,2.1308,2.1284,2.1284,622287.4
2026-01-08 23:25:00+00:00,2.1285,2.1317,2.1273,2.1307,697576.2
2026-01-08 23:30:00+00:00,2.1308,2.1314,2.1249,2.1261,731359.0
2026-01-08 23:35:00+00:00,2.1261,2.1285,2.125,2.127,1218905.8
2026-01-08 23:40:00+00:00,2.127,2.1291,2.1266,2.1279,469617.4
2026-01-08 23:45:00+00:00,2.128,2.128,2.1246,2.1259,855902.7
2026-01-08 23:50:00+00:00,2.1259,2.1268,2.1208,2.1215,1469739.7
2026-01-08 23:55:00+00:00,2.1215,2.1231,2.1202,2.1221,1070291.2
2026-01-09 00:00:00+00:00,2.1222,2.1249,2.1196,2.1248,2503614.7
2026-01-09 00:05:00+00:00,2.1248,2.1249,2.1214,2.1225,1550275.1
2026-01-09 00:10:00+00:00,2.1225,2.1245,2.1216,2.1234,917512.6
2026-01-09 00:15:00+00:00,2.1234,2.1254,2.1215,2.1249,618010.9
2026-01-09 00:20:00+00:00,2.1249,2.1271,2.124,2.1266,576496.5
2026-01-09 00:25:00+00:00,2.1266,2.1272,2.1231,2.1233,514967.5
2026-01-09 00:30:00+00:00,2.1233,2.1283,2.1233,2.1282,764712.1
2026-01-09 00:35:00+00:00,2.1282,2.1315,2.1259,2.1299,1082876.7
2026-01-09 00:40:00+00:00,2.13,2.134,2.1297,2.1332,848213.4
2026-01-09 00:45:00+00:00,2.1331,2.1364,2.1325,2.1351,1097017.3
2026-01-09 00:50:00+00:00,2.1352,2.1362,2.131,2.131,781607.2
2026-01-09 00:55:00+00:00,2.1311,2.133,2.13,2.131,738239.5
2026-01-09 01:00:00+00:00,2.1311,2.1335,2.1285,2.1328,1136808.1
2026-01-09 01:05:00+00:00,2.1327,2.1327,2.129,2.1325,710586.4
2026-01-09 01:10:00+00:00,2.1326,2.1326,2.1281,2.13,922587.6
2026-01-09 01:15:00+00:00,2.1299,2.1331,2.1296,2.1304,585452.4
2026-01-09 01:20:00+00:00,2.1303,2.1308,2.1232,2.1248,1165550.9
2026-01-09 01:25:00+00:00,2.1249,2.14,2.1166,2.1381,6801747.1
2026-01-09 01:30:00+00:00,2.1382,2.1418,2.122,2.1223,4438363.7
2026-01-09 01:35:00+00:00,2.1223,2.123,2.1139,2.1167,5907930.8
2026-01-09 01:40:00+00:00,2.1168,2.1179,2.1108,2.1155,3042001.3
2026-01-09 01:45:00+00:00,2.1155,2.1194,2.1151,2.1165,1602617.8
2026-01-09 01:50:00+00:00,2.1166,2.1166,2.1076,2.1119,5250760.9
2026-01-09 01:55:00+00:00,2.1119,2.1137,2.1084,2.1089,1468232.3
2026-01-09 02:00:00+00:00,2.1088,2.1209,2.1076,2.1197,2597581.4
2026-01-09 02:05:00+00:00,2.1197,2.1319,2.1194,2.1296,3346336.5
2026-01-09 02:10:00+00:00,2.1296,2.135,2.1292,2.134,2307122.4
2026-01-09 02:15:00+00:00,2.134,2.134,2.1289,2.1305,1985872.5
2026-01-09 02:20:00+00:00,2.1304,2.1332,2.1291,2.1306,1318309.8
2026-01-09 02:25:00+00:00,2.1305,2.1314,2.127,2.1284,640345.1
2026-01-09 02:30:00+00:00,2.1284,2.131,2.1239,2.1252,1053888.4
2026-01-09 02:35:00+00:00,2.1252,2.127,2.1242,2.1242,553252.3
2026-01-09 02:40:00+00:00,2.1242,2.1258,2.1213,2.1258,1048477.0
2026-01-09 02:45:00+00:00,2.1258,2.1272,2.1194,2.1196,636970.0
2026-01-09 02:50:00+00:00,2.1196,2.1204,2.117,2.1178,921416.4
2026-01-09 02:55:00+00:00,2.1178,2.1182,2.1161,2.1172,719883.9
2026-01-09 03:00:00+00:00,2.1172,2.1211,2.1158,2.1209,1023127.9
2026-01-09 03:05:00+00:00,2.1209,2.1254,2.1196,2.1227,1046842.8
2026-01-09 03:10:00+00:00,2.1227,2.1265,2.1224,2.126,890776.5
2026-01-09 03:15:00+00:00,2.1259,2.127,2.1221,2.1249,856744.1
2026-01-09 03:20:00+00:00,2.1249,2.1286,2.1208,2.1211,640206.5
2026-01-09 03:25:00+00:00,2.1211,2.1214,2.1155,2.1184,961555.6
2026-01-09 03:30:00+00:00,2.1184,2.1211,2.1171,2.1206,717530.6
2026-01-09 03:35:00+00:00,2.1206,2.1275,2.1206,2.1272,744526.2
2026-01-09 03:40:00+00:00,2.1272,2.1272,2.1243,2.1264,510255.0
2026-01-09 03:45:00+00:00,2.1263,2.1327,2.125,2.1302,1687816.8
2026-01-09 03:50:00+00:00,2.1301,2.1326,2.1293,2.1326,736480.3
2026-01-09 03:55:00+00:00,2.1325,2.1365,2.1324,2.1346,1873831.0
2026-01-09 04:00:00+00:00,2.1347,2.137,2.1317,2.1334,1321141.4
2026-01-09 04:05:00+00:00,2.1334,2.1334,2.1274,2.1285,1970644.5
2026-01-09 04:10:00+00:00,2.1286,2.1294,2.1258,2.1268,870641.9
2026-01-09 04:15:00+00:00,2.1268,2.1283,2.1257,2.1275,547959.1
2026-01-09 04:20:00+00:00,2.1276,2.1297,2.1271,2.1295,1074343.1
2026-01-09 04:25:00+00:00,2.1295,2.1323,2.1295,2.1313,369744.2
2026-01-09 04:30:00+00:00,2.1313,2.1338,2.1284,2.1293,1475977.9
2026-01-09 04:35:00+00:00,2.1293,2.1295,2.1261,2.1271,648777.7
2026-01-09 04:40:00+00:00,2.1271,2.1314,2.1268,2.1297,1195739.2
2026-01-09 04:45:00+00:00,2.1297,2.1313,2.1288,2.1294,283060.4
2026-01-09 04:50:00+00:00,2.1294,2.1306,2.1268,2.1269,529458.2
2026-01-09 04:55:00+00:00,2.1269,2.128,2.1256,2.1265,365570.1
2026-01-09 05:00:00+00:00,2.1265,2.1325,2.1262,2.1324,599687.3
2026-01-09 05:05:00+00:00,2.1324,2.1329,2.1288,2.1309,1288348.6
2026-01-09 05:10:00+00:00,2.131,2.1331,2.129,2.132,1011421.2
2026-01-09 05:15:00+00:00,2.1319,2.133,2.1259,2.1266,1056364.7
2026-01-09 05:20:00+00:00,2.1266,2.1279,2.1238,2.1272,988463.1
2026-01-09 05:25:00+00:00,2.1273,2.1296,2.1272,2.1282,294286.0
2026-01-09 05:30:00+00:00,2.1281,2.133,2.1276,2.1308,1151719.0
2026-01-09 05:35:00+00:00,2.1307,2.132,2.1263,2.132,706353.3
2026-01-09 05:40:00+00:00,2.1319,2.1338,2.1303,2.1306,757409.9
2026-01-09 05:45:00+00:00,2.1306,2.1331,2.1304,2.1316,419409.1
2026-01-09 05:50:00+00:00,2.1316,2.1353,2.131,2.1338,680680.1
2026-01-09 05:55:00+00:00,2.1339,2.1372,2.1339,2.1369,821058.6
2026-01-09 06:00:00+00:00,2.1369,2.1375,2.132,2.132,1042564.3
2026-01-09 06:05:00+00:00,2.132,2.133,2.1298,2.131,599761.8
2026-01-09 06:10:00+00:00,2.131,2.1333,2.1303,2.1313,750479.0
2026-01-09 06:15:00+00:00,2.1313,2.136,2.1304,2.1338,1180683.5
2026-01-09 06:20:00+00:00,2.1337,2.1349,2.1288,2.1323,910582.2
2026-01-09 06:25:00+00:00,2.1324,2.1329,2.1303,2.1312,458688.8
2026-01-09 06:30:00+00:00,2.1312,2.139,2.1308,2.1381,1507445.3
2026-01-09 06:35:00+00:00,2.1381,2.1403,2.138,2.1393,1864226.5
2026-01-09 06:40:00+00:00,2.1393,2.1463,2.139,2.1438,2628258.4
2026-01-09 06:45:00+00:00,2.1438,2.1445,2.1407,2.1434,1609773.3
2026-01-09 06:50:00+00:00,2.1434,2.1434,2.1405,2.1413,1126362.9
2026-01-09 06:55:00+00:00,2.1414,2.1436,2.1405,2.1425,973262.9
2026-01-09 07:00:00+00:00,2.1426,2.1427,2.1382,2.1392,1216410.3
2026-01-09 07:05:00+00:00,2.1393,2.1397,2.1341,2.1363,1315335.9
2026-01-09 07:10:00+00:00,2.1364,2.1397,2.1362,2.1377,592203.5
2026-01-09 07:15:00+00:00,2.1377,2.1377,2.1353,2.1361,799043.9
2026-01-09 07:20:00+00:00,2.1361,2.1392,2.1333,2.136,1945795.6
2026-01-09 07:25:00+00:00,2.136,2.1364,2.1335,2.1363,938140.1
2026-01-09 07:30:00+00:00,2.1363,2.1364,2.1305,2.1307,2257955.4
2026-01-09 07:35:00+00:00,2.1306,2.1335,2.13,2.1327,1588983.4
2026-01-09 07:40:00+00:00,2.1327,2.1327,2.13,2.1306,780897.3
2026-01-09 07:45:00+00:00,2.1306,2.1311,2.1263,2.1277,3037729.6
2026-01-09 07:50:00+00:00,2.1278,2.1282,2.1252,2.1269,1721280.0
2026-01-09 07:55:00+00:00,2.1269,2.1269,2.1183,2.1191,3812367.1
2026-01-09 08:00:00+00:00,2.1192,2.1226,2.1124,2.1145,4401131.1
2026-01-09 08:05:00+00:00,2.1146,2.1193,2.1134,2.1188,3606351.9
2026-01-09 08:10:00+00:00,2.1189,2.1206,2.117,2.117,1709628.7
2026-01-09 08:15:00+00:00,2.1171,2.1201,2.115,2.1197,1972860.1
2026-01-09 08:20:00+00:00,2.1198,2.1221,2.1177,2.1212,1252629.5
2026-01-09 08:25:00+00:00,2.1212,2.1217,2.1136,2.1154,1217459.2
2026-01-09 08:30:00+00:00,2.1154,2.116,2.1065,2.1077,5019715.8
2026-01-09 08:35:00+00:00,2.1077,2.1103,2.102,2.1033,6057370.7
2026-01-09 08:40:00+00:00,2.1033,2.1065,2.0977,2.0986,6523053.2
2026-01-09 08:45:00+00:00,2.0986,2.0996,2.0733,2.0775,26278652.8
2026-01-09 08:50:00+00:00,2.0775,2.08,2.0712,2.0733,7681008.5
2026-01-09 08:55:00+00:00,2.0734,2.0833,2.0728,2.0824,4688301.3
2026-01-09 09:00:00+00:00,2.0825,2.0956,2.0817,2.0914,6016298.4
2026-01-09 09:05:00+00:00,2.0914,2.0947,2.0882,2.0925,2855725.2
2026-01-09 09:10:00+00:00,2.0926,2.0954,2.0911,2.0934,1905408.0
2026-01-09 09:15:00+00:00,2.0934,2.0939,2.0883,2.0911,2147782.2
2026-01-09 09:20:00+00:00,2.0912,2.0948,2.0896,2.0905,2560136.9
2026-01-09 09:25:00+00:00,2.0905,2.1072,2.09,2.1059,8472756.7
2026-01-09 09:30:00+00:00,2.1059,2.106,2.0961,2.0984,3605196.9
2026-01-09 09:35:00+00:00,2.0984,2.0993,2.096,2.0983,1047428.2
2026-01-09 09:40:00+00:00,2.0984,2.1026,2.0971,2.1002,1377450.1
2026-01-09 09:45:00+00:00,2.1002,2.1012,2.0973,2.0979,1525995.0
2026-01-09 09:50:00+00:00,2.0979,2.1004,2.0969,2.099,819581.4
2026-01-09 09:55:00+00:00,2.0991,2.0991,2.0931,2.0949,2596498.2
2026-01-09 10:00:00+00:00,2.0949,2.0964,2.091,2.0929,1339625.0
2026-01-09 10:05:00+00:00,2.0929,2.1002,2.0928,2.1002,1129792.6
2026-01-09 10:10:00+00:00,2.1002,2.1019,2.099,2.099,703104.8
2026-01-09 10:15:00+00:00,2.099,2.1048,2.0987,2.1022,1648060.6
2026-01-09 10:20:00+00:00,2.1023,2.1052,2.1018,2.1034,1645240.9
2026-01-09 10:25:00+00:00,2.1033,2.1039,2.1008,2.1011,1053266.9
2026-01-09 10:30:00+00:00,2.1011,2.1013,2.0982,2.1001,782764.1
2026-01-09 10:35:00+00:00,2.1002,2.1029,2.099,2.102,790738.1
2026-01-09 10:40:00+00:00,2.1021,2.1028,2.1011,2.1013,473955.6
2026-01-09 10:45:00+00:00,2.1013,2.103,2.1,2.1009,585179.8
2026-01-09 10:50:00+00:00,2.1009,2.1032,2.1,2.1004,743491.5
2026-01-09 10:55:00+00:00,2.1004,2.1009,2.0988,2.0993,491535.1
2026-01-09 11:00:00+00:00,2.0993,2.1039,2.0989,2.1025,624819.6
2026-01-09 11:05:00+00:00,2.1026,2.1035,2.0963,2.0964,1109615.5
2026-01-09 11:10:00+00:00,2.0965,2.0988,2.0954,2.0987,968167.0
2026-01-09 11:15:00+00:00,2.0987,2.1047,2.0977,2.1044,1567912.1
2026-01-09 11:20:00+00:00,2.1044,2.1054,2.1008,2.1021,936422.0
2026-01-09 11:25:00+00:00,2.102,2.1032,2.1008,2.1023,576186.9
2026-01-09 11:30:00+00:00,2.1023,2.1084,2.1015,2.1062,1193072.2
2026-01-09 11:35:00+00:00,2.1062,2.1065,2.0991,2.1001,900658.2
2026-01-09 11:40:00+00:00,2.1,2.1022,2.0995,2.102,842728.7
2026-01-09 11:45:00+00:00,2.102,2.1043,2.0982,2.1039,1030744.4
2026-01-09 11:50:00+00:00,2.1038,2.1063,2.1024,2.1024,965011.0
2026-01-09 11:55:00+00:00,2.1025,2.1027,2.1003,2.1017,807545.5
2026-01-09 12:00:00+00:00,2.1018,2.1022,2.1001,2.1012,491164.4
2026-01-09 12:05:00+00:00,2.1013,2.1036,2.1,2.1001,625241.9
2026-01-09 12:10:00+00:00,2.1002,2.1002,2.0933,2.0941,4024834.4
2026-01-09 12:15:00+00:00,2.0941,2.0946,2.0894,2.0918,3317958.6
2026-01-09 12:20:00+00:00,2.0918,2.0959,2.0903,2.0939,1494915.0
2026-01-09 12:25:00+00:00,2.094,2.0949,2.0931,2.0948,557104.0
2026-01-09 12:30:00+00:00,2.0948,2.0972,2.0908,2.0959,1614124.0
2026-01-09 12:35:00+00:00,2.0959,2.0962,2.0912,2.0931,733586.4
2026-01-09 12:40:00+00:00,2.0931,2.0954,2.0923,2.0927,843204.3
2026-01-09 12:45:00+00:00,2.0928,2.0999,2.092,2.0995,1457661.5
2026-01-09 12:50:00+00:00,2.0994,2.1,2.0967,2.0988,1448068.2
2026-01-09 12:55:00+00:00,2.0988,2.0992,2.0953,2.0956,1437164.4
2026-01-09 13:00:00+00:00,2.0956,2.0965,2.0935,2.0936,1095018.8
2026-01-09 13:05:00+00:00,2.0936,2.095,2.0917,2.0948,1312007.6
2026-01-09 13:10:00+00:00,2.0947,2.105,2.0947,2.1003,4491304.8
2026-01-09 13:15:00+00:00,2.1004,2.1037,2.0977,2.1002,2152528.1
2026-01-09 13:20:00+00:00,2.1002,2.106,2.0991,2.1011,2725619.6
2026-01-09 13:25:00+00:00,2.1012,2.1081,2.101,2.1034,2716298.6
2026-01-09 13:30:00+00:00,2.1035,2.1196,2.0945,2.1042,10036390.1
2026-01-09 13:35:00+00:00,2.1042,2.1118,2.1042,2.1072,2922301.6
2026-01-09 13:40:00+00:00,2.1073,2.1106,2.1046,2.1054,3405036.4
2026-01-09 13:45:00+00:00,2.1055,2.1069,2.0994,2.1006,1761362.6
2026-01-09 13:50:00+00:00,2.1007,2.1079,2.0997,2.1074,1097553.4
2026-01-09 13:55:00+00:00,2.1075,2.1075,2.104,2.1049,733989.3
2026-01-09 14:00:00+00:00,2.1049,2.1068,2.1023,2.1042,1559795.7
2026-01-09 14:05:00+00:00,2.1042,2.1047,2.0931,2.0941,2415595.7
2026-01-09 14:10:00+00:00,2.0941,2.0952,2.0884,2.0919,3621828.8
2026-01-09 14:15:00+00:00,2.0919,2.0941,2.0904,2.0937,2026160.6
2026-01-09 14:20:00+00:00,2.0937,2.0967,2.0892,2.0919,3494485.1
2026-01-09 14:25:00+00:00,2.0919,2.0954,2.0902,2.0947,1939613.2
2026-01-09 14:30:00+00:00,2.0948,2.0996,2.0833,2.0864,5516441.3
2026-01-09 14:35:00+00:00,2.0864,2.1038,2.083,2.0945,4675829.0
2026-01-09 14:40:00+00:00,2.0946,2.0948,2.0821,2.0844,3603150.8
2026-01-09 14:45:00+00:00,2.0843,2.09,2.0794,2.0845,4169863.9
2026-01-09 14:50:00+00:00,2.0845,2.0915,2.0832,2.0875,2382704.1
2026-01-09 14:55:00+00:00,2.0875,2.0916,2.0825,2.0895,2073463.5
2026-01-09 15:00:00+00:00,2.0895,2.0959,2.0851,2.0893,3014548.7
2026-01-09 15:05:00+00:00,2.0892,2.0904,2.0779,2.0898,4032064.9
2026-01-09 15:10:00+00:00,2.0897,2.0949,2.0853,2.0945,2429852.1
2026-01-09 15:15:00+00:00,2.0945,2.1005,2.0918,2.0968,3072353.4
2026-01-09 15:20:00+00:00,2.0969,2.1207,2.0953,2.1197,7058499.0
2026-01-09 15:25:00+00:00,2.1197,2.146,2.1187,2.144,11861043.0
2026-01-09 15:30:00+00:00,2.144,2.156,2.1383,2.1522,15376277.3
2026-01-09 15:35:00+00:00,2.1521,2.161,2.1338,2.1364,15165598.6
2026-01-09 15:40:00+00:00,2.1363,2.1397,2.1158,2.1217,14462600.8
2026-01-09 15:45:00+00:00,2.1216,2.1323,2.1152,2.119,6629040.9
2026-01-09 15:50:00+00:00,2.1191,2.1236,2.1066,2.1071,6092148.8
2026-01-09 15:55:00+00:00,2.107,2.1169,2.1,2.1169,6443712.4
2026-01-09 16:00:00+00:00,2.1168,2.1393,2.1143,2.133,16126799.4
2026-01-09 16:05:00+00:00,2.1329,2.1375,2.1319,2.1336,4544423.5
2026-01-09 16:10:00+00:00,2.1337,2.1445,2.1314,2.1414,6094989.9
2026-01-09 16:15:00+00:00,2.1415,2.1431,2.1336,2.1396,3764749.2
2026-01-09 16:20:00+00:00,2.1397,2.1404,2.1328,2.1339,3159296.0
2026-01-09 16:25:00+00:00,2.1338,2.1348,2.1202,2.1236,5338239.4
2026-01-09 16:30:00+00:00,2.1236,2.1286,2.1204,2.1206,2910556.8
2026-01-09 16:35:00+00:00,2.1206,2.1227,2.1167,2.1227,2635026.7
2026-01-09 16:40:00+00:00,2.1227,2.1286,2.1192,2.1249,2712773.6
2026-01-09 16:45:00+00:00,2.1249,2.1307,2.1231,2.1288,2242079.3
2026-01-09 16:50:00+00:00,2.1288,2.132,2.1263,2.1309,1759389.1
2026-01-09 16:55:00+00:00,2.131,2.1336,2.1285,2.1305,1542214.2
2026-01-09 17:00:00+00:00,2.1306,2.1319,2.1264,2.1279,1864207.5
2026-01-09 17:05:00+00:00,2.1279,2.1305,2.1229,2.1229,1823909.7
2026-01-09 17:10:00+00:00,2.123,2.124,2.1116,2.1142,3698377.4
2026-01-09 17:15:00+00:00,2.1142,2.1145,2.1004,2.1005,6211725.6
2026-01-09 17:20:00+00:00,2.1006,2.1058,2.0992,2.1052,4543808.7
2026-01-09 17:25:00+00:00,2.1053,2.1056,2.0968,2.0972,3247061.1
2026-01-09 17:30:00+00:00,2.0971,2.1033,2.0958,2.0971,2682426.0
2026-01-09 17:35:00+00:00,2.0972,2.1041,2.0911,2.1005,3955189.3
2026-01-09 17:40:00+00:00,2.1005,2.1005,2.0971,2.0983,983482.7
2026-01-09 17:45:00+00:00,2.0984,2.1074,2.0966,2.1057,3280741.1
2026-01-09 17:50:00+00:00,2.1057,2.1106,2.105,2.1075,2001211.7
2026-01-09 17:55:00+00:00,2.1076,2.1091,2.1052,2.1059,907410.0
2026-01-09 18:00:00+00:00,2.1059,2.1075,2.1018,2.1062,1535906.8
2026-01-09 18:05:00+00:00,2.1063,2.1092,2.1028,2.1036,1359111.1
2026-01-09 18:10:00+00:00,2.1036,2.1045,2.096,2.0974,1699683.3
2026-01-09 18:15:00+00:00,2.0975,2.0975,2.0847,2.0859,5175199.9
2026-01-09 18:20:00+00:00,2.0859,2.0876,2.0806,2.084,3394366.5
2026-01-09 18:25:00+00:00,2.084,2.0856,2.0791,2.082,3533560.5
2026-01-09 18:30:00+00:00,2.082,2.088,2.0745,2.0878,6869162.5
2026-01-09 18:35:00+00:00,2.0879,2.0942,2.086,2.0887,3563798.2
2026-01-09 18:40:00+00:00,2.0888,2.0956,2.0886,2.0931,1921100.4
2026-01-09 18:45:00+00:00,2.0931,2.0959,2.0896,2.0953,1345697.0
2026-01-09 18:50:00+00:00,2.0954,2.0965,2.0935,2.0942,1174490.1
2026-01-09 18:55:00+00:00,2.0943,2.0964,2.0895,2.0914,2438707.3
2026-01-09 19:00:00+00:00,2.0914,2.0919,2.083,2.0862,3332436.4
2026-01-09 19:05:00+00:00,2.0862,2.0876,2.0839,2.0849,1443919.6
2026-01-09 19:10:00+00:00,2.0849,2.0851,2.08,2.0806,1280065.6
2026-01-09 19:15:00+00:00,2.0806,2.0822,2.0766,2.0802,2148370.2
2026-01-09 19:20:00+00:00,2.0802,2.0835,2.0775,2.0815,1916694.8
2026-01-09 19:25:00+00:00,2.0814,2.0832,2.0797,2.0831,723569.4
2026-01-09 19:30:00+00:00,2.0831,2.0832,2.0772,2.0798,1507272.9
2026-01-09 19:35:00+00:00,2.0797,2.085,2.0797,2.0826,1309133.2
2026-01-09 19:40:00+00:00,2.0826,2.0855,2.0824,2.0834,774808.3
2026-01-09 19:45:00+00:00,2.0833,2.0897,2.0822,2.0877,1183229.9
2026-01-09 19:50:00+00:00,2.0877,2.0912,2.0844,2.0849,1562843.1
2026-01-09 19:55:00+00:00,2.0849,2.0853,2.0817,2.0817,701273.9
2026-01-09 20:00:00+00:00,2.0817,2.0849,2.0787,2.0823,1376210.5
2026-01-09 20:05:00+00:00,2.0822,2.0837,2.0798,2.0833,829284.1
2026-01-09 20:10:00+00:00,2.0833,2.086,2.0832,2.0851,856538.5
2026-01-09 20:15:00+00:00,2.0851,2.0874,2.0831,2.0857,756653.1
2026-01-09 20:20:00+00:00,2.0857,2.0897,2.0852,2.0877,1046244.1
2026-01-09 20:25:00+00:00,2.0877,2.0895,2.0857,2.086,518244.5
2026-01-09 20:30:00+00:00,2.086,2.0908,2.0852,2.0899,1392080.7
2026-01-09 20:35:00+00:00,2.0899,2.0917,2.0889,2.0892,1267678.7
2026-01-09 20:40:00+00:00,2.0893,2.0898,2.082,2.0829,976893.4
2026-01-09 20:45:00+00:00,2.0829,2.0878,2.0828,2.0878,836500.3
2026-01-09 20:50:00+00:00,2.0877,2.0879,2.0844,2.0876,677319.6
2026-01-09 20:55:00+00:00,2.0875,2.0889,2.0786,2.0831,4325686.6
2026-01-09 21:00:00+00:00,2.0831,2.085,2.0783,2.0786,1729583.0
2026-01-09 21:05:00+00:00,2.0785,2.0848,2.0747,2.0847,2351190.3
2026-01-09 21:10:00+00:00,2.0847,2.0848,2.0792,2.0797,847486.2
2026-01-09 21:15:00+00:00,2.0797,2.0828,2.0789,2.0824,616872.1
2026-01-09 21:20:00+00:00,2.0824,2.0869,2.0821,2.0866,867403.9
2026-01-09 21:25:00+00:00,2.0866,2.0914,2.0859,2.0896,1653231.8
2026-01-09 21:30:00+00:00,2.0895,2.0939,2.0864,2.087,1656348.3
2026-01-09 21:35:00+00:00,2.0869,2.0889,2.0857,2.0889,595851.0
2026-01-09 21:40:00+00:00,2.0889,2.0889,2.0856,2.0881,278732.5
2026-01-09 21:45:00+00:00,2.0881,2.0892,2.0866,2.0873,362206.1
2026-01-09 21:50:00+00:00,2.0873,2.091,2.0871,2.0904,465881.1
2026-01-09 21:55:00+00:00,2.0904,2.0929,2.0896,2.0914,649439.3
2026-01-09 22:00:00+00:00,2.0915,2.0915,2.0883,2.0887,835267.8
2026-01-09 22:05:00+00:00,2.0886,2.0924,2.0867,2.0923,754868.4
2026-01-09 22:10:00+00:00,2.0924,2.093,2.0865,2.0882,1103521.0
2026-01-09 22:15:00+00:00,2.0882,2.09,2.087,2.09,526705.6
2026-01-09 22:20:00+00:00,2.09,2.0936,2.0891,2.0909,795525.1
2026-01-09 22:25:00+00:00,2.0909,2.0947,2.0868,2.0943,1261620.6
2026-01-09 22:30:00+00:00,2.0943,2.1008,2.0932,2.0974,2628598.9
2026-01-09 22:35:00+00:00,2.0974,2.0986,2.0948,2.0967,765484.2
2026-01-09 22:40:00+00:00,2.0966,2.0966,2.0915,2.0927,748786.9
2026-01-09 22:45:00+00:00,2.0927,2.0951,2.0922,2.0951,245237.3
2026-01-09 22:50:00+00:00,2.0951,2.0975,2.0941,2.0961,353809.2
2026-01-09 22:55:00+00:00,2.0961,2.0979,2.0952,2.0968,619985.6
2026-01-09 23:00:00+00:00,2.0967,2.0974,2.0935,2.0964,764469.0
2026-01-09 23:05:00+00:00,2.0963,2.0968,2.0941,2.0944,295361.5
2026-01-09 23:10:00+00:00,2.0945,2.096,2.0943,2.0958,312827.2
2026-01-09 23:15:00+00:00,2.0958,2.0958,2.0907,2.0909,632958.5
2026-01-09 23:20:00+00:00,2.091,2.0945,2.0909,2.0945,473749.0
2026-01-09 23:25:00+00:00,2.0945,2.0953,2.0932,2.095,509455.3
2026-01-09 23:30:00+00:00,2.095,2.0965,2.0938,2.0962,476897.2
2026-01-09 23:35:00+00:00,2.0961,2.0967,2.0934,2.0945,524243.7
2026-01-09 23:40:00+00:00,2.0945,2.0961,2.0942,2.0958,344604.7
2026-01-09 23:45:00+00:00,2.0959,2.0977,2.0946,2.0965,682273.4
2026-01-09 23:50:00+00:00,2.0965,2.0966,2.0925,2.0931,612057.3
2026-01-09 23:55:00+00:00,2.0931,2.0949,2.0904,2.0946,1378449.4
2026-01-10 00:00:00+00:00,2.0946,2.0946,2.0926,2.0935,482906.7
2026-01-10 00:05:00+00:00,2.0934,2.0959,2.0927,2.0955,562357.5
2026-01-10 00:10:00+00:00,2.0955,2.0958,2.0925,2.0925,695724.0
2026-01-10 00:15:00+00:00,2.0925,2.0931,2.0908,2.0925,600806.2
2026-01-10 00:20:00+00:00,2.0925,2.0943,2.09,2.0929,900789.6
2026-01-10 00:25:00+00:00,2.093,2.0935,2.0913,2.0922,508711.7
2026-01-10 00:30:00+00:00,2.0921,2.0953,2.0921,2.0935,432386.9
2026-01-10 00:35:00+00:00,2.0935,2.0939,2.0921,2.0927,321658.1
2026-01-10 00:40:00+00:00,2.0927,2.0939,2.0891,2.0903,516249.3
2026-01-10 00:45:00+00:00,2.0903,2.0906,2.0884,2.0894,579410.2
2026-01-10 00:50:00+00:00,2.0894,2.0911,2.0886,2.089,547494.9
2026-01-10 00:55:00+00:00,2.089,2.0915,2.0882,2.091,534987.7
2026-01-10 01:00:00+00:00,2.0909,2.0922,2.0905,2.0917,941578.1
2026-01-10 01:05:00+00:00,2.0916,2.0942,2.0907,2.0912,1032401.4
2026-01-10 01:10:00+00:00,2.0913,2.0917,2.0886,2.0901,480207.5
2026-01-10 01:15:00+00:00,2.09,2.0925,2.0892,2.0892,469185.4
2026-01-10 01:20:00+00:00,2.0892,2.093,2.0889,2.0917,511474.3
2026-01-10 01:25:00+00:00,2.0918,2.0941,2.0912,2.0914,507065.1
2026-01-10 01:30:00+00:00,2.0914,2.0935,2.0902,2.093,495794.2
2026-01-10 01:35:00+00:00,2.0929,2.0954,2.0917,2.0935,364995.1
2026-01-10 01:40:00+00:00,2.0935,2.0957,2.0932,2.0953,249963.6
2026-01-10 01:45:00+00:00,2.0952,2.0966,2.0943,2.0951,562358.5
2026-01-10 01:50:00+00:00,2.0952,2.0959,2.0925,2.094,378732.0
2026-01-10 01:55:00+00:00,2.0939,2.0952,2.0934,2.0943,379160.9
2026-01-10 02:00:00+00:00,2.0944,2.0969,2.0942,2.0959,526861.1
2026-01-10 02:05:00+00:00,2.0958,2.096,2.0936,2.0936,339833.2
2026-01-10 02:10:00+00:00,2.0937,2.0955,2.0936,2.0953,463512.9
2026-01-10 02:15:00+00:00,2.0954,2.0957,2.0933,2.0952,379439.8
2026-01-10 02:20:00+00:00,2.0951,2.0974,2.0944,2.097,514714.3
2026-01-10 02:25:00+00:00,2.0969,2.1005,2.096,2.1004,933436.6
2026-01-10 02:30:00+00:00,2.1004,2.1004,2.097,2.0978,612099.0
2026-01-10 02:35:00+00:00,2.0979,2.0983,2.0923,2.0931,1120901.1
2026-01-10 02:40:00+00:00,2.0931,2.0942,2.0888,2.0912,1160911.5
2026-01-10 02:45:00+00:00,2.0912,2.0931,2.0902,2.0926,360681.5
2026-01-10 02:50:00+00:00,2.0925,2.0935,2.0916,2.0918,211447.9
2026-01-10 02:55:00+00:00,2.0917,2.0934,2.0915,2.0933,287878.1
2026-01-10 03:00:00+00:00,2.0934,2.0935,2.0905,2.0908,279442.4
2026-01-10 03:05:00+00:00,2.0908,2.0909,2.0861,2.0872,1253633.3
2026-01-10 03:10:00+00:00,2.0873,2.0902,2.0871,2.089,691138.7
2026-01-10 03:15:00+00:00,2.089,2.0939,2.0886,2.0933,662784.9
2026-01-10 03:20:00+00:00,2.0933,2.095,2.0924,2.0949,431469.2
2026-01-10 03:25:00+00:00,2.0949,2.097,2.0948,2.096,501419.0
2026-01-10 03:30:00+00:00,2.0959,2.0965,2.093,2.093,472976.8
2026-01-10 03:35:00+00:00,2.093,2.0931,2.0905,2.091,467059.5
2026-01-10 03:40:00+00:00,2.0909,2.0936,2.088,2.0889,923361.8
2026-01-10 03:45:00+00:00,2.0888,2.091,2.0886,2.0905,418659.0
2026-01-10 03:50:00+00:00,2.0904,2.0919,2.0888,2.0911,778398.3
2026-01-10 03:55:00+00:00,2.091,2.0912,2.0894,2.0899,319553.7
2026-01-10 04:00:00+00:00,2.0899,2.0906,2.0865,2.0871,863847.7
2026-01-10 04:05:00+00:00,2.087,2.0871,2.0815,2.0831,2943553.5
2026-01-10 04:10:00+00:00,2.083,2.0845,2.0813,2.0816,1522718.4
2026-01-10 04:15:00+00:00,2.0816,2.0848,2.0813,2.0834,922374.8
2026-01-10 04:20:00+00:00,2.0834,2.0844,2.0824,2.0828,690660.4
2026-01-10 04:25:00+00:00,2.0827,2.0849,2.0826,2.0843,423965.2
2026-01-10 04:30:00+00:00,2.0843,2.0849,2.0827,2.0829,486911.7
2026-01-10 04:35:00+00:00,2.0829,2.0844,2.0813,2.0841,1646159.4
2026-01-10 04:40:00+00:00,2.0841,2.0868,2.0841,2.0858,447730.4
2026-01-10 04:45:00+00:00,2.0858,2.087,2.0848,2.0869,479737.6
2026-01-10 04:50:00+00:00,2.0869,2.0883,2.0841,2.0843,407744.6
2026-01-10 04:55:00+00:00,2.0843,2.0862,2.0821,2.0827,940506.7
2026-01-10 05:00:00+00:00,2.0827,2.0834,2.0791,2.0805,1320961.4
2026-01-10 05:05:00+00:00,2.0805,2.0841,2.0803,2.084,961858.3
2026-01-10 05:10:00+00:00,2.0841,2.0861,2.0841,2.0853,1233609.5
2026-01-10 05:15:00+00:00,2.0854,2.086,2.0852,2.086,186300.2
2026-01-10 05:20:00+00:00,2.0859,2.0874,2.085,2.086,527189.0
2026-01-10 05:25:00+00:00,2.086,2.0877,2.086,2.0862,306445.7
2026-01-10 05:30:00+00:00,2.0862,2.0863,2.0847,2.0859,227722.6
2026-01-10 05:35:00+00:00,2.0859,2.0897,2.0857,2.0889,610459.1
2026-01-10 05:40:00+00:00,2.0889,2.0913,2.0886,2.0903,541787.6
2026-01-10 05:45:00+00:00,2.0904,2.0911,2.09,2.0904,444619.8
2026-01-10 05:50:00+00:00,2.0904,2.0913,2.0894,2.0897,430569.3
2026-01-10 05:55:00+00:00,2.0898,2.0914,2.0885,2.0889,237177.2
2026-01-10 06:00:00+00:00,2.0889,2.0906,2.0887,2.0896,492088.7
2026-01-10 06:05:00+00:00,2.0897,2.0903,2.0885,2.09,212474.4
2026-01-10 06:10:00+00:00,2.09,2.0911,2.089,2.0909,411394.8
2026-01-10 06:15:00+00:00,2.0908,2.0909,2.0843,2.0848,1043214.9
2026-01-10 06:20:00+00:00,2.0847,2.0866,2.0846,2.0866,562508.5
2026-01-10 06:25:00+00:00,2.0866,2.0887,2.0865,2.0886,594037.9
2026-01-10 06:30:00+00:00,2.0887,2.0896,2.0872,2.0883,634360.0
2026-01-10 06:35:00+00:00,2.0882,2.0899,2.0872,2.0882,556746.7
2026-01-10 06:40:00+00:00,2.0883,2.0914,2.0882,2.0913,271511.9
2026-01-10 06:45:00+00:00,2.0914,2.0934,2.0912,2.0934,679625.9
2026-01-10 06:50:00+00:00,2.0934,2.0938,2.0921,2.0935,529804.8
2026-01-10 06:55:00+00:00,2.0936,2.0936,2.0916,2.0918,240093.0
2026-01-10 07:00:00+00:00,2.0918,2.0948,2.091,2.0948,854522.4
2026-01-10 07:05:00+00:00,2.0948,2.0964,2.094,2.0958,767157.3
2026-01-10 07:10:00+00:00,2.0958,2.0986,2.0956,2.0981,1408470.5
2026-01-10 07:15:00+00:00,2.0982,2.0997,2.0958,2.0968,1247263.7
2026-01-10 07:20:00+00:00,2.0967,2.0974,2.095,2.0968,495169.3
2026-01-10 07:25:00+00:00,2.0969,2.0975,2.0957,2.096,323181.1
2026-01-10 07:30:00+00:00,2.096,2.097,2.0941,2.097,589966.0
2026-01-10 07:35:00+00:00,2.0969,2.0988,2.0951,2.0954,732908.0
2026-01-10 07:40:00+00:00,2.0953,2.0956,2.0936,2.0953,415340.5
2026-01-10 07:45:00+00:00,2.0954,2.0979,2.0948,2.0971,355915.5
2026-01-10 07:50:00+00:00,2.0972,2.0983,2.097,2.0978,508623.7
2026-01-10 07:55:00+00:00,2.0978,2.0997,2.0977,2.0993,796987.5
2026-01-10 08:00:00+00:00,2.0994,2.1004,2.0979,2.1002,772725.2
2026-01-10 08:05:00+00:00,2.1002,2.1012,2.0981,2.0987,1099806.8
2026-01-10 08:10:00+00:00,2.0987,2.1011,2.0987,2.1002,612449.4
2026-01-10 08:15:00+00:00,2.1002,2.1003,2.0966,2.0985,706278.5
2026-01-10 08:20:00+00:00,2.0985,2.1,2.0978,2.0982,449450.8
2026-01-10 08:25:00+00:00,2.0982,2.0993,2.0974,2.0981,467928.8
2026-01-10 08:30:00+00:00,2.0982,2.0982,2.0932,2.0943,1525110.3
2026-01-10 08:35:00+00:00,2.0943,2.0948,2.0919,2.0923,832168.5
2026-01-10 08:40:00+00:00,2.0924,2.093,2.0917,2.0927,596458.9
2026-01-10 08:45:00+00:00,2.0927,2.0933,2.0908,2.0915,714802.5
2026-01-10 08:50:00+00:00,2.0915,2.0918,2.0891,2.0897,957686.8
2026-01-10 08:55:00+00:00,2.0896,2.0928,2.0896,2.0927,473770.6
2026-01-10 09:00:00+00:00,2.0928,2.0932,2.0903,2.0914,487848.9
2026-01-10 09:05:00+00:00,2.0913,2.0935,2.0902,2.0903,671014.2
2026-01-10 09:10:00+00:00,2.0903,2.0913,2.0902,2.0911,503540.7
2026-01-10 09:15:00+00:00,2.0911,2.092,2.091,2.0917,159467.3
2026-01-10 09:20:00+00:00,2.0917,2.0934,2.0914,2.0926,592968.4
2026-01-10 09:25:00+00:00,2.0927,2.094,2.0925,2.0936,427953.0
2026-01-10 09:30:00+00:00,2.0936,2.0939,2.0906,2.0916,455425.5
2026-01-10 09:35:00+00:00,2.0916,2.0964,2.0915,2.095,669380.3
2026-01-10 09:40:00+00:00,2.0951,2.0957,2.0939,2.0943,557171.8
2026-01-10 09:45:00+00:00,2.0942,2.0977,2.0933,2.0952,934396.9
2026-01-10 09:50:00+00:00,2.0952,2.0961,2.0938,2.0955,413796.2
2026-01-10 09:55:00+00:00,2.0956,2.0962,2.0951,2.0961,392017.6
2026-01-10 10:00:00+00:00,2.096,2.0961,2.0944,2.096,481747.8
2026-01-10 10:05:00+00:00,2.0961,2.0961,2.0941,2.0959,253804.4
2026-01-10 10:10:00+00:00,2.0958,2.0959,2.094,2.0956,374153.9
2026-01-10 10:15:00+00:00,2.0957,2.0963,2.0941,2.0949,280998.3
2026-01-10 10:20:00+00:00,2.095,2.0961,2.0948,2.0957,416781.9
2026-01-10 10:25:00+00:00,2.0956,2.0974,2.095,2.0967,531097.3
2026-01-10 10:30:00+00:00,2.0967,2.0989,2.0958,2.0989,674932.2
2026-01-10 10:35:00+00:00,2.0989,2.0998,2.0982,2.0996,746918.8
2026-01-10 10:40:00+00:00,2.0996,2.1003,2.0989,2.0992,666960.3
2026-01-10 10:45:00+00:00,2.0993,2.1037,2.0987,2.103,2577043.8
2026-01-10 10:50:00+00:00,2.103,2.1043,2.1013,2.1017,920969.3
2026-01-10 10:55:00+00:00,2.1016,2.1038,2.1006,2.1038,686479.8
2026-01-10 11:00:00+00:00,2.1038,2.1041,2.1003,2.1004,871745.7
2026-01-10 11:05:00+00:00,2.1004,2.1004,2.0984,2.0994,786133.4
2026-01-10 11:10:00+00:00,2.0993,2.1008,2.099,2.1005,565041.1
2026-01-10 11:15:00+00:00,2.1006,2.1021,2.1004,2.1007,378977.1
2026-01-10 11:20:00+00:00,2.1006,2.1027,2.1002,2.1025,312576.9
2026-01-10 11:25:00+00:00,2.1024,2.1033,2.1019,2.102,475970.1
2026-01-10 11:30:00+00:00,2.1021,2.1034,2.1012,2.1026,609823.7
2026-01-10 11:35:00+00:00,2.1027,2.1027,2.0995,2.1007,471826.1
2026-01-10 11:40:00+00:00,2.1007,2.1015,2.0997,2.101,260099.8
2026-01-10 11:45:00+00:00,2.101,2.1011,2.0987,2.0989,492749.1
2026-01-10 11:50:00+00:00,2.0989,2.1011,2.098,2.0997,438346.2
2026-01-10 11:55:00+00:00,2.0997,2.1017,2.0993,2.1017,435997.4
2026-01-10 12:00:00+00:00,2.1018,2.1028,2.1003,2.1027,748458.5
2026-01-10 12:05:00+00:00,2.1028,2.1033,2.1017,2.1033,381311.8
2026-01-10 12:10:00+00:00,2.1032,2.1097,2.1032,2.1072,3219942.7
2026-01-10 12:15:00+00:00,2.1072,2.1089,2.1059,2.1061,1447387.6
2026-01-10 12:20:00+00:00,2.1062,2.1069,2.1048,2.1054,1512772.6
2026-01-10 12:25:00+00:00,2.1054,2.1069,2.105,2.1063,581071.7
2026-01-10 12:30:00+00:00,2.1063,2.1063,2.1023,2.1036,1367591.6
2026-01-10 12:35:00+00:00,2.1036,2.1046,2.1028,2.1038,615494.1
2026-01-10 12:40:00+00:00,2.1037,2.104,2.0994,2.1005,1989759.3
2026-01-10 12:45:00+00:00,2.1005,2.1021,2.0996,2.1015,504978.1
2026-01-10 12:50:00+00:00,2.1015,2.1015,2.0988,2.1007,502608.4
2026-01-10 12:55:00+00:00,2.1008,2.102,2.0994,2.1,485417.3
2026-01-10 13:00:00+00:00,2.1,2.1001,2.095,2.0956,1208071.8
2026-01-10 13:05:00+00:00,2.0955,2.0985,2.0945,2.0973,891087.9
2026-01-10 13:10:00+00:00,2.0973,2.0979,2.0946,2.0955,1511077.7
2026-01-10 13:15:00+00:00,2.0956,2.097,2.0951,2.0968,648455.0
2026-01-10 13:20:00+00:00,2.0968,2.0975,2.0954,2.096,405255.4
2026-01-10 13:25:00+00:00,2.0959,2.0959,2.093,2.0931,778865.6
2026-01-10 13:30:00+00:00,2.093,2.0956,2.0928,2.0953,553457.8
2026-01-10 13:35:00+00:00,2.0954,2.0968,2.0945,2.0965,456151.3
2026-01-10 13:40:00+00:00,2.0966,2.097,2.0949,2.0959,498981.5
2026-01-10 13:45:00+00:00,2.0959,2.0973,2.0951,2.0952,337566.9
2026-01-10 13:50:00+00:00,2.0953,2.0957,2.093,2.0938,388464.1
2026-01-10 13:55:00+00:00,2.0937,2.0944,2.0893,2.0908,1084117.9
2026-01-10 14:00:00+00:00,2.0907,2.0922,2.0895,2.0902,729318.6
2026-01-10 14:05:00+00:00,2.0901,2.0912,2.0901,2.0909,417382.1
2026-01-10 14:10:00+00:00,2.0909,2.0914,2.0861,2.0882,2529305.2
2026-01-10 14:15:00+00:00,2.0882,2.0904,2.0872,2.0904,1128674.9
2026-01-10 14:20:00+00:00,2.0904,2.0915,2.0895,2.0906,441264.8
2026-01-10 14:25:00+00:00,2.0906,2.0918,2.089,2.0891,472236.5
2026-01-10 14:30:00+00:00,2.089,2.0897,2.0876,2.088,572819.9
2026-01-10 14:35:00+00:00,2.088,2.0898,2.0879,2.0887,336509.0
2026-01-10 14:40:00+00:00,2.0887,2.0893,2.088,2.0881,485013.4
2026-01-10 14:45:00+00:00,2.0881,2.091,2.0881,2.0897,562783.7
2026-01-10 14:50:00+00:00,2.0897,2.0902,2.0882,2.0883,375515.4
2026-01-10 14:55:00+00:00,2.0884,2.0901,2.0883,2.0894,473051.9
2026-01-10 15:00:00+00:00,2.0894,2.0914,2.0883,2.0899,1310003.8
2026-01-10 15:05:00+00:00,2.09,2.0925,2.0882,2.0925,1132864.8
2026-01-10 15:10:00+00:00,2.0924,2.0924,2.0905,2.0908,774163.0
2026-01-10 15:15:00+00:00,2.0908,2.0917,2.0902,2.091,370978.2
2026-01-10 15:20:00+00:00,2.091,2.0936,2.0908,2.0933,639418.6
2026-01-10 15:25:00+00:00,2.0932,2.094,2.0904,2.0907,846311.0
2026-01-10 15:30:00+00:00,2.0907,2.0937,2.0904,2.0934,345126.6
2026-01-10 15:35:00+00:00,2.0934,2.0941,2.0916,2.0939,425471.2
2026-01-10 15:40:00+00:00,2.0939,2.0942,2.0928,2.0934,369626.3
2026-01-10 15:45:00+00:00,2.0933,2.0936,2.0919,2.0928,379201.4
2026-01-10 15:50:00+00:00,2.0928,2.0935,2.0918,2.0918,352222.3
2026-01-10 15:55:00+00:00,2.0918,2.0929,2.0908,2.0919,844415.2
2026-01-10 16:00:00+00:00,2.0918,2.0957,2.0913,2.0954,935981.0
2026-01-10 16:05:00+00:00,2.0954,2.0955,2.0937,2.0942,585462.5
2026-01-10 16:10:00+00:00,2.0943,2.0949,2.0915,2.0926,509403.0
2026-01-10 16:15:00+00:00,2.0925,2.0926,2.0883,2.0885,1113316.2
2026-01-10 16:20:00+00:00,2.0886,2.0916,2.0884,2.091,433694.2
2026-01-10 16:25:00+00:00,2.091,2.0922,2.0909,2.0912,192614.7
2026-01-10 16:30:00+00:00,2.0912,2.0933,2.0894,2.0931,627567.6
2026-01-10 16:35:00+00:00,2.0931,2.0946,2.0928,2.094,404607.4
2026-01-10 16:40:00+00:00,2.094,2.0951,2.0935,2.0947,430795.1
2026-01-10 16:45:00+00:00,2.0948,2.0953,2.0933,2.0936,314653.4
2026-01-10 16:50:00+00:00,2.0936,2.0938,2.0922,2.0933,365389.6
2026-01-10 16:55:00+00:00,2.0933,2.0937,2.0927,2.0936,97972.5
2026-01-10 17:00:00+00:00,2.0937,2.0967,2.0929,2.0953,820389.8
2026-01-10 17:05:00+00:00,2.0953,2.0965,2.0931,2.0933,523143.3
2026-01-10 17:10:00+00:00,2.0932,2.0949,2.0929,2.0943,379112.5
2026-01-10 17:15:00+00:00,2.0943,2.0956,2.0937,2.0955,476513.3
2026-01-10 17:20:00+00:00,2.0954,2.096,2.095,2.095,210335.2
2026-01-10 17:25:00+00:00,2.0951,2.0964,2.0944,2.0958,620054.9
2026-01-10 17:30:00+00:00,2.0958,2.096,2.0935,2.0943,730264.8
2026-01-10 17:35:00+00:00,2.0944,2.095,2.094,2.0947,354924.5
2026-01-10 17:40:00+00:00,2.0947,2.0947,2.0934,2.0939,322626.1
2026-01-10 17:45:00+00:00,2.094,2.0949,2.0914,2.0916,1129272.2
2026-01-10 17:50:00+00:00,2.0915,2.0923,2.0884,2.0885,1384979.3
2026-01-10 17:55:00+00:00,2.0884,2.0899,2.0871,2.0897,1373573.3
2026-01-10 18:00:00+00:00,2.0897,2.0918,2.0887,2.0894,869794.8
2026-01-10 18:05:00+00:00,2.0895,2.0903,2.0868,2.0879,910849.7
2026-01-10 18:10:00+00:00,2.0879,2.091,2.0867,2.0909,921182.4
2026-01-10 18:15:00+00:00,2.091,2.094,2.0892,2.0937,763644.8
2026-01-10 18:20:00+00:00,2.0937,2.0951,2.0936,2.094,438433.9
2026-01-10 18:25:00+00:00,2.094,2.096,2.094,2.096,446600.0
2026-01-10 18:30:00+00:00,2.096,2.1001,2.096,2.0984,1912639.6
2026-01-10 18:35:00+00:00,2.0983,2.1001,2.0982,2.0987,657437.5
2026-01-10 18:40:00+00:00,2.0986,2.0987,2.0978,2.0979,358934.9
2026-01-10 18:45:00+00:00,2.0978,2.0983,2.0963,2.0969,597636.5
2026-01-10 18:50:00+00:00,2.0969,2.0972,2.096,2.097,405558.5
2026-01-10 18:55:00+00:00,2.097,2.0984,2.0961,2.0962,314304.5
2026-01-10 19:00:00+00:00,2.0962,2.0974,2.0961,2.0964,315810.5
2026-01-10 19:05:00+00:00,2.0964,2.0971,2.0944,2.0948,490089.8
2026-01-10 19:10:00+00:00,2.0948,2.0954,2.0943,2.0947,204791.6
2026-01-10 19:15:00+00:00,2.0947,2.0961,2.0943,2.0954,213455.1
2026-01-10 19:20:00+00:00,2.0953,2.0973,2.0953,2.0973,325940.2
2026-01-10 19:25:00+00:00,2.0972,2.0976,2.0967,2.0969,133337.1
2026-01-10 19:30:00+00:00,2.0969,2.0969,2.0951,2.0965,255507.4
2026-01-10 19:35:00+00:00,2.0965,2.0976,2.096,2.0972,297747.8
2026-01-10 19:40:00+00:00,2.0971,2.0973,2.0939,2.0942,1455631.9
2026-01-10 19:45:00+00:00,2.0942,2.0942,2.091,2.092,950918.0
2026-01-10 19:50:00+00:00,2.0919,2.0926,2.091,2.0922,372061.5
2026-01-10 19:55:00+00:00,2.0922,2.094,2.0918,2.0933,166616.3
2026-01-10 20:00:00+00:00,2.0933,2.0937,2.0923,2.0931,253463.1
2026-01-10 20:05:00+00:00,2.0932,2.0944,2.0925,2.0937,329855.4
2026-01-10 20:10:00+00:00,2.0936,2.0942,2.0929,2.0937,239467.8
2026-01-10 20:15:00+00:00,2.0937,2.0937,2.0922,2.0925,162823.2
2026-01-10 20:20:00+00:00,2.0925,2.0928,2.0918,2.0921,193331.3
2026-01-10 20:25:00+00:00,2.0921,2.0932,2.0918,2.0922,121570.0
2026-01-10 20:30:00+00:00,2.0922,2.093,2.0906,2.0908,409063.4
2026-01-10 20:35:00+00:00,2.0909,2.0919,2.0909,2.091,176598.5
2026-01-10 20:40:00+00:00,2.091,2.0911,2.0902,2.0911,172420.9
2026-01-10 20:45:00+00:00,2.091,2.0926,2.091,2.0921,234584.8
2026-01-10 20:50:00+00:00,2.0921,2.0936,2.0916,2.0919,211849.2
2026-01-10 20:55:00+00:00,2.0919,2.0923,2.0906,2.0908,337114.8
2026-01-10 21:00:00+00:00,2.0907,2.0907,2.0887,2.0895,510241.4
2026-01-10 21:05:00+00:00,2.0896,2.0896,2.0875,2.0878,968168.5
2026-01-10 21:10:00+00:00,2.0878,2.0896,2.0876,2.0885,462097.6
2026-01-10 21:15:00+00:00,2.0884,2.0892,2.0876,2.0877,296340.0
2026-01-10 21:20:00+00:00,2.0878,2.0906,2.0869,2.0904,1062628.3
2026-01-10 21:25:00+00:00,2.0905,2.0905,2.0891,2.0892,350904.4
2026-01-10 21:30:00+00:00,2.0891,2.0904,2.0889,2.0896,248023.1
2026-01-10 21:35:00+00:00,2.0896,2.0902,2.0875,2.0877,319628.6
2026-01-10 21:40:00+00:00,2.0877,2.0898,2.0871,2.0886,383217.2
2026-01-10 21:45:00+00:00,2.0886,2.0901,2.0884,2.0891,258581.1
2026-01-10 21:50:00+00:00,2.0891,2.0903,2.0891,2.0899,259181.5
2026-01-10 21:55:00+00:00,2.0899,2.0911,2.0895,2.0901,254981.1
2026-01-10 22:00:00+00:00,2.0901,2.0903,2.0871,2.0872,342457.2
2026-01-10 22:05:00+00:00,2.0871,2.0899,2.0866,2.0893,538113.2
2026-01-10 22:10:00+00:00,2.0893,2.0949,2.0893,2.0911,1132089.9
2026-01-10 22:15:00+00:00,2.0911,2.0934,2.0901,2.0919,527445.7
2026-01-10 22:20:00+00:00,2.0919,2.0919,2.0904,2.091,326962.8
2026-01-10 22:25:00+00:00,2.0909,2.0916,2.0903,2.0912,208223.8
2026-01-10 22:30:00+00:00,2.0912,2.0934,2.0911,2.0931,196567.7
2026-01-10 22:35:00+00:00,2.0932,2.0939,2.0929,2.0938,183586.2
2026-01-10 22:40:00+00:00,2.0938,2.094,2.0922,2.0935,297700.7
2026-01-10 22:45:00+00:00,2.0934,2.0937,2.0912,2.0913,138109.9
2026-01-10 22:50:00+00:00,2.0912,2.0913,2.0881,2.0881,507349.5
2026-01-10 22:55:00+00:00,2.0882,2.0897,2.0816,2.0845,3553895.7
2026-01-10 23:00:00+00:00,2.0845,2.0909,2.0842,2.0883,1154093.9
2026-01-10 23:05:00+00:00,2.0883,2.0897,2.0874,2.0896,368236.8
2026-01-10 23:10:00+00:00,2.0896,2.0896,2.0866,2.0875,379821.3
2026-01-10 23:15:00+00:00,2.0875,2.0888,2.0874,2.088,267452.1
2026-01-10 23:20:00+00:00,2.0879,2.0908,2.0878,2.0898,335149.9
2026-01-10 23:25:00+00:00,2.0899,2.0916,2.089,2.0906,346912.1
2026-01-10 23:30:00+00:00,2.0906,2.091,2.0868,2.0887,657327.3
2026-01-10 23:35:00+00:00,2.0887,2.089,2.0863,2.0882,595100.1
2026-01-10 23:40:00+00:00,2.0882,2.0898,2.0877,2.0892,252134.2
2026-01-10 23:45:00+00:00,2.0892,2.0911,2.0882,2.0907,201760.8
2026-01-10 23:50:00+00:00,2.0907,2.0911,2.0899,2.09,197799.7
2026-01-10 23:55:00+00:00,2.09,2.091,2.0881,2.0897,356279.2
2026-01-11 00:00:00+00:00,2.0896,2.0906,2.0875,2.0877,1545767.2
2026-01-11 00:05:00+00:00,2.0877,2.089,2.087,2.088,583478.1
2026-01-11 00:10:00+00:00,2.088,2.09,2.0872,2.0899,604788.2
2026-01-11 00:15:00+00:00,2.0899,2.094,2.0884,2.0885,973434.1
2026-01-11 00:20:00+00:00,2.0885,2.0906,2.0879,2.0905,676910.4
2026-01-11 00:25:00+00:00,2.0906,2.0906,2.0881,2.0883,999671.7
2026-01-11 00:30:00+00:00,2.0883,2.0887,2.0876,2.0881,227773.0
2026-01-11 00:35:00+00:00,2.0882,2.0883,2.0859,2.0876,398164.9
2026-01-11 00:40:00+00:00,2.0876,2.0883,2.0858,2.0861,231974.1
2026-01-11 00:45:00+00:00,2.0862,2.0907,2.0861,2.0898,596615.5
2026-01-11 00:50:00+00:00,2.0898,2.09,2.0873,2.0889,613595.4
2026-01-11 00:55:00+00:00,2.089,2.0898,2.0883,2.0889,211367.8
2026-01-11 01:00:00+00:00,2.0888,2.0892,2.0878,2.0891,530830.8
2026-01-11 01:05:00+00:00,2.0891,2.0907,2.089,2.0892,396047.3
2026-01-11 01:10:00+00:00,2.0893,2.0893,2.0852,2.0865,646413.5
2026-01-11 01:15:00+00:00,2.0865,2.0889,2.0861,2.0883,486305.7
2026-01-11 01:20:00+00:00,2.0883,2.0885,2.0857,2.0859,360236.0
2026-01-11 01:25:00+00:00,2.0858,2.089,2.0858,2.0889,270843.8
2026-01-11 01:30:00+00:00,2.089,2.089,2.087,2.0878,194456.2
2026-01-11 01:35:00+00:00,2.0878,2.0879,2.0862,2.0876,405109.3
2026-01-11 01:40:00+00:00,2.0876,2.0907,2.087,2.0907,364832.7
2026-01-11 01:45:00+00:00,2.0908,2.0918,2.0895,2.0901,518403.2
2026-01-11 01:50:00+00:00,2.0902,2.0924,2.0902,2.0903,592179.2
2026-01-11 01:55:00+00:00,2.0903,2.092,2.0903,2.0916,165989.2
2026-01-11 02:00:00+00:00,2.0917,2.0924,2.0891,2.0897,370147.9
2026-01-11 02:05:00+00:00,2.0897,2.0904,2.088,2.0902,497287.0
2026-01-11 02:10:00+00:00,2.0902,2.0925,2.0902,2.092,371248.7
2026-01-11 02:15:00+00:00,2.0921,2.0931,2.0915,2.0919,504978.9
2026-01-11 02:20:00+00:00,2.092,2.0927,2.0902,2.092,439795.7
2026-01-11 02:25:00+00:00,2.0921,2.0928,2.0909,2.0909,285708.1
2026-01-11 02:30:00+00:00,2.0909,2.091,2.09,2.0908,179378.2
2026-01-11 02:35:00+00:00,2.0908,2.0921,2.09,2.092,247287.5
2026-01-11 02:40:00+00:00,2.0921,2.0939,2.0919,2.0938,472009.6
2026-01-11 02:45:00+00:00,2.0938,2.0952,2.0935,2.0946,1372430.8
2026-01-11 02:50:00+00:00,2.0946,2.0946,2.0917,2.0925,486481.5
2026-01-11 02:55:00+00:00,2.0926,2.0933,2.0914,2.0915,397827.3
2026-01-11 03:00:00+00:00,2.0916,2.093,2.0916,2.092,432892.8
2026-01-11 03:05:00+00:00,2.0919,2.092,2.0912,2.0913,268227.2
2026-01-11 03:10:00+00:00,2.0912,2.0919,2.0905,2.0917,269194.6
2026-01-11 03:15:00+00:00,2.0918,2.0945,2.0915,2.0944,432090.1
2026-01-11 03:20:00+00:00,2.0943,2.0943,2.0916,2.0926,414370.8
2026-01-11 03:25:00+00:00,2.0927,2.0936,2.0912,2.0915,424789.0
2026-01-11 03:30:00+00:00,2.0915,2.093,2.0912,2.093,286718.4
2026-01-11 03:35:00+00:00,2.093,2.0934,2.0929,2.0933,115639.5
2026-01-11 03:40:00+00:00,2.0933,2.0937,2.0926,2.0936,217207.1
2026-01-11 03:45:00+00:00,2.0937,2.0944,2.0915,2.0915,518779.5
2026-01-11 03:50:00+00:00,2.0915,2.0934,2.0914,2.0933,338302.3
2026-01-11 03:55:00+00:00,2.0933,2.0943,2.093,2.0943,227506.0
2026-01-11 04:00:00+00:00,2.0943,2.0943,2.0914,2.0931,585717.4
2026-01-11 04:05:00+00:00,2.0931,2.0939,2.0923,2.0937,268563.3
2026-01-11 04:10:00+00:00,2.0937,2.094,2.0928,2.0937,285667.2
2026-01-11 04:15:00+00:00,2.0937,2.094,2.0912,2.0915,629656.3
2026-01-11 04:20:00+00:00,2.0915,2.0923,2.091,2.0913,254567.9
2026-01-11 04:25:00+00:00,2.0913,2.0914,2.0887,2.089,454950.3
2026-01-11 04:30:00+00:00,2.0891,2.0906,2.0887,2.0906,466874.1
2026-01-11 04:35:00+00:00,2.0906,2.0924,2.0898,2.0908,472151.0
2026-01-11 04:40:00+00:00,2.0908,2.0918,2.0885,2.0886,350668.4
2026-01-11 04:45:00+00:00,2.0886,2.0899,2.0885,2.0895,226047.3
2026-01-11 04:50:00+00:00,2.0896,2.092,2.0895,2.092,231490.6
2026-01-11 04:55:00+00:00,2.092,2.0921,2.091,2.0915,285428.5
2026-01-11 05:00:00+00:00,2.0916,2.0917,2.0897,2.0904,236741.8
2026-01-11 05:05:00+00:00,2.0904,2.0916,2.0903,2.0909,229682.4
2026-01-11 05:10:00+00:00,2.0909,2.0925,2.09,2.0906,494596.2
2026-01-11 05:15:00+00:00,2.0906,2.0907,2.0899,2.0904,165490.7
2026-01-11 05:20:00+00:00,2.0904,2.0904,2.0883,2.0896,427227.1
2026-01-11 05:25:00+00:00,2.0896,2.0902,2.0887,2.089,273340.7
2026-01-11 05:30:00+00:00,2.089,2.0915,2.089,2.0914,227957.0
2026-01-11 05:35:00+00:00,2.0914,2.0924,2.0906,2.0924,274411.2
2026-01-11 05:40:00+00:00,2.0924,2.0926,2.0912,2.0919,301011.8
2026-01-11 05:45:00+00:00,2.0919,2.0945,2.0916,2.0944,865076.7
2026-01-11 05:50:00+00:00,2.0944,2.0948,2.0927,2.0941,553251.8
2026-01-11 05:55:00+00:00,2.0942,2.095,2.0936,2.0947,625205.0
2026-01-11 06:00:00+00:00,2.0948,2.0948,2.0931,2.0946,530517.4
2026-01-11 06:05:00+00:00,2.0946,2.0946,2.0925,2.0945,439568.6
2026-01-11 06:10:00+00:00,2.0945,2.0951,2.0939,2.0939,779948.5
2026-01-11 06:15:00+00:00,2.094,2.0943,2.0892,2.0897,887387.7
2026-01-11 06:20:00+00:00,2.0898,2.0899,2.0857,2.0875,2059358.3
2026-01-11 06:25:00+00:00,2.0875,2.0879,2.0862,2.087,646992.6
2026-01-11 06:30:00+00:00,2.087,2.0875,2.085,2.0865,1042614.9
2026-01-11 06:35:00+00:00,2.0864,2.0877,2.0857,2.0874,288699.8
2026-01-11 06:40:00+00:00,2.0874,2.0892,2.0873,2.0891,322772.6
2026-01-11 06:45:00+00:00,2.0891,2.0898,2.088,2.0888,551114.8
2026-01-11 06:50:00+00:00,2.0887,2.0919,2.0885,2.0918,794675.4
2026-01-11 06:55:00+00:00,2.0918,2.0945,2.0917,2.0938,797568.9
2026-01-11 07:00:00+00:00,2.0939,2.098,2.0939,2.0964,1580563.9
2026-01-11 07:05:00+00:00,2.0963,2.0974,2.0936,2.0937,1012688.9
2026-01-11 07:10:00+00:00,2.0937,2.0942,2.0933,2.0935,364218.3
2026-01-11 07:15:00+00:00,2.0935,2.0946,2.0909,2.0916,987655.1
2026-01-11 07:20:00+00:00,2.0917,2.093,2.0906,2.0927,421712.3
2026-01-11 07:25:00+00:00,2.0926,2.0929,2.0902,2.091,389198.5
2026-01-11 07:30:00+00:00,2.0909,2.0923,2.0901,2.0922,413318.9
2026-01-11 07:35:00+00:00,2.0923,2.0923,2.0892,2.0901,701621.0
2026-01-11 07:40:00+00:00,2.0902,2.0914,2.0902,2.0913,222300.4
2026-01-11 07:45:00+00:00,2.0914,2.0917,2.0901,2.0906,150009.6
2026-01-11 07:50:00+00:00,2.0907,2.0916,2.0905,2.0911,239714.1
2026-01-11 07:55:00+00:00,2.0911,2.0929,2.0911,2.0914,240611.5
2026-01-11 08:00:00+00:00,2.0914,2.0917,2.0879,2.0883,754514.5
2026-01-11 08:05:00+00:00,2.0883,2.0887,2.0869,2.0877,1467553.7
2026-01-11 08:10:00+00:00,2.0877,2.0884,2.0874,2.0876,530171.7
2026-01-11 08:15:00+00:00,2.0876,2.0901,2.0876,2.0893,493916.8
2026-01-11 08:20:00+00:00,2.0893,2.0904,2.0886,2.0903,401558.2
2026-01-11 08:25:00+00:00,2.0904,2.091,2.0897,2.091,372902.1
2026-01-11 08:30:00+00:00,2.091,2.0912,2.09,2.091,361218.5
2026-01-11 08:35:00+00:00,2.091,2.0933,2.091,2.0922,586830.9
2026-01-11 08:40:00+00:00,2.0922,2.094,2.0909,2.0929,693188.0
2026-01-11 08:45:00+00:00,2.0929,2.0934,2.092,2.0934,375244.6
2026-01-11 08:50:00+00:00,2.0934,2.0939,2.0927,2.0937,242983.4
2026-01-11 08:55:00+00:00,2.0937,2.0974,2.0937,2.0954,1426109.0
2026-01-11 09:00:00+00:00,2.0955,2.096,2.0936,2.0948,850892.9
2026-01-11 09:05:00+00:00,2.0949,2.0949,2.0934,2.0939,360279.1
2026-01-11 09:10:00+00:00,2.0939,2.095,2.0939,2.0949,233746.1
2026-01-11 09:15:00+00:00,2.095,2.0961,2.0946,2.0957,521734.9
2026-01-11 09:20:00+00:00,2.0957,2.0963,2.0952,2.0954,365751.0
2026-01-11 09:25:00+00:00,2.0955,2.0955,2.0937,2.0937,318186.5
2026-01-11 09:30:00+00:00,2.0938,2.0944,2.0921,2.0921,536975.5
2026-01-11 09:35:00+00:00,2.0922,2.0923,2.0899,2.0902,1024863.1
2026-01-11 09:40:00+00:00,2.0902,2.0912,2.0895,2.0905,580437.6
2026-01-11 09:45:00+00:00,2.0904,2.0928,2.0904,2.0917,415463.8
2026-01-11 09:50:00+00:00,2.0917,2.0924,2.0914,2.0915,182704.9
2026-01-11 09:55:00+00:00,2.0916,2.0916,2.0906,2.091,286711.0
2026-01-11 10:00:00+00:00,2.091,2.0918,2.0897,2.0898,439786.1
2026-01-11 10:05:00+00:00,2.0897,2.0929,2.0886,2.0928,651891.2
2026-01-11 10:10:00+00:00,2.0929,2.0943,2.0928,2.0935,471379.7
2026-01-11 10:15:00+00:00,2.0935,2.0937,2.0917,2.0921,241985.8
2026-01-11 10:20:00+00:00,2.0921,2.0932,2.0917,2.0918,179194.5
2026-01-11 10:25:00+00:00,2.0918,2.0918,2.0901,2.0915,350937.0
2026-01-11 10:30:00+00:00,2.0916,2.093,2.0895,2.0923,483916.4
2026-01-11 10:35:00+00:00,2.0922,2.0925,2.0912,2.0914,187919.4
2026-01-11 10:40:00+00:00,2.0915,2.0925,2.0908,2.091,184652.3
2026-01-11 10:45:00+00:00,2.0911,2.0911,2.0902,2.0903,111665.4
2026-01-11 10:50:00+00:00,2.0903,2.092,2.0902,2.0912,524719.8
2026-01-11 10:55:00+00:00,2.0912,2.0922,2.0907,2.0919,321843.9
2026-01-11 11:00:00+00:00,2.0919,2.0924,2.0909,2.0914,223173.3
2026-01-11 11:05:00+00:00,2.0915,2.0922,2.0901,2.0907,356281.0
2026-01-11 11:10:00+00:00,2.0907,2.0926,2.0906,2.0914,234542.0
2026-01-11 11:15:00+00:00,2.0914,2.0936,2.0906,2.0927,270028.6
2026-01-11 11:20:00+00:00,2.0927,2.0935,2.0923,2.093,169415.2
2026-01-11 11:25:00+00:00,2.0929,2.0934,2.0924,2.0932,318110.3
2026-01-11 11:30:00+00:00,2.0933,2.0947,2.0928,2.0931,358909.0
2026-01-11 11:35:00+00:00,2.0932,2.0948,2.0931,2.0943,289333.3
2026-01-11 11:40:00+00:00,2.0943,2.095,2.0936,2.0936,474501.0
2026-01-11 11:45:00+00:00,2.0936,2.0943,2.0926,2.0937,329450.0
2026-01-11 11:50:00+00:00,2.0938,2.0949,2.0937,2.094,190811.1
2026-01-11 11:55:00+00:00,2.0939,2.0952,2.0939,2.0951,420493.9
2026-01-11 12:00:00+00:00,2.0951,2.096,2.0946,2.096,479969.0
2026-01-11 12:05:00+00:00,2.0959,2.0979,2.0953,2.0966,1087861.5
2026-01-11 12:10:00+00:00,2.0966,2.0974,2.0965,2.097,798721.4
2026-01-11 12:15:00+00:00,2.097,2.102,2.0962,2.101,2562704.9
2026-01-11 12:20:00+00:00,2.101,2.1011,2.0988,2.0988,1695650.7
2026-01-11 12:25:00+00:00,2.0989,2.1017,2.0986,2.1017,1050234.0
2026-01-11 12:30:00+00:00,2.1017,2.1022,2.0984,2.0984,1390364.7
2026-01-11 12:35:00+00:00,2.0984,2.1005,2.0983,2.0998,682740.7
2026-01-11 12:40:00+00:00,2.0997,2.102,2.0997,2.1005,914467.1
2026-01-11 12:45:00+00:00,2.1006,2.1054,2.1006,2.1041,2171600.4
2026-01-11 12:50:00+00:00,2.1042,2.105,2.1023,2.1041,979897.8
2026-01-11 12:55:00+00:00,2.1041,2.1046,2.1024,2.1031,843325.1
2026-01-11 13:00:00+00:00,2.1032,2.1042,2.1006,2.1009,1227490.1
2026-01-11 13:05:00+00:00,2.1009,2.1027,2.1008,2.1014,845264.7
2026-01-11 13:10:00+00:00,2.1013,2.1024,2.101,2.1016,451043.8
2026-01-11 13:15:00+00:00,2.1017,2.1029,2.1008,2.1016,729566.0
2026-01-11 13:20:00+00:00,2.1016,2.1022,2.0989,2.0991,1341396.8
2026-01-11 13:25:00+00:00,2.0991,2.0996,2.0973,2.0994,1122996.4
2026-01-11 13:30:00+00:00,2.0994,2.0994,2.0966,2.098,727118.6
2026-01-11 13:35:00+00:00,2.098,2.0981,2.0963,2.0974,774531.2
2026-01-11 13:40:00+00:00,2.0975,2.098,2.0928,2.0935,2144647.6
2026-01-11 13:45:00+00:00,2.0934,2.0954,2.0934,2.0953,920715.2
2026-01-11 13:50:00+00:00,2.0954,2.0973,2.0946,2.097,729033.2
2026-01-11 13:55:00+00:00,2.097,2.0978,2.0948,2.0966,1024966.3
2026-01-11 14:00:00+00:00,2.0966,2.0987,2.096,2.0986,512605.0
2026-01-11 14:05:00+00:00,2.0987,2.1,2.0984,2.0994,1191384.6
2026-01-11 14:10:00+00:00,2.0994,2.1,2.0989,2.0992,674051.5
2026-01-11 14:15:00+00:00,2.0993,2.1003,2.0989,2.1002,917041.6
2026-01-11 14:20:00+00:00,2.1001,2.1004,2.0995,2.1002,399014.1
2026-01-11 14:25:00+00:00,2.1002,2.1022,2.1001,2.1018,805338.6
2026-01-11 14:30:00+00:00,2.1018,2.1045,2.0991,2.1012,1580395.8
2026-01-11 14:35:00+00:00,2.1013,2.102,2.1004,2.101,428786.9
2026-01-11 14:40:00+00:00,2.101,2.1018,2.0995,2.1018,966000.4
2026-01-11 14:45:00+00:00,2.1018,2.1027,2.1003,2.1003,521702.0
2026-01-11 14:50:00+00:00,2.1002,2.104,2.0984,2.1039,806492.9
2026-01-11 14:55:00+00:00,2.1039,2.109,2.1031,2.1073,3136078.8
2026-01-11 15:00:00+00:00,2.1072,2.109,2.1038,2.1038,1701293.4
2026-01-11 15:05:00+00:00,2.1038,2.1038,2.1013,2.1022,1782442.5
2026-01-11 15:10:00+00:00,2.1022,2.1023,2.0969,2.0983,1815220.1
2026-01-11 15:15:00+00:00,2.0984,2.1007,2.0969,2.0993,1582499.8
2026-01-11 15:20:00+00:00,2.0993,2.1006,2.098,2.1002,819311.7
2026-01-11 15:25:00+00:00,2.1002,2.101,2.0991,2.0995,823382.0
2026-01-11 15:30:00+00:00,2.0995,2.1012,2.0975,2.0979,774542.1
2026-01-11 15:35:00+00:00,2.0979,2.0988,2.0972,2.0977,582427.6
2026-01-11 15:40:00+00:00,2.0977,2.0986,2.0891,2.0905,5343719.0
2026-01-11 15:45:00+00:00,2.0906,2.0909,2.0827,2.0842,6669391.2
2026-01-11 15:50:00+00:00,2.0842,2.0873,2.0829,2.0859,3429232.1
2026-01-11 15:55:00+00:00,2.0859,2.0886,2.0851,2.0881,1766939.1
2026-01-11 16:00:00+00:00,2.0881,2.0906,2.0862,2.0902,1765700.2
2026-01-11 16:05:00+00:00,2.0902,2.0912,2.0886,2.0888,823757.8
2026-01-11 16:10:00+00:00,2.0888,2.0888,2.0864,2.0869,1187811.7
2026-01-11 16:15:00+00:00,2.0868,2.09,2.0855,2.0898,1743509.0
2026-01-11 16:20:00+00:00,2.0898,2.0922,2.0886,2.0917,1036956.4
2026-01-11 16:25:00+00:00,2.0916,2.0955,2.0899,2.0925,2734734.9
2026-01-11 16:30:00+00:00,2.0925,2.1025,2.0923,2.0978,5967683.0
2026-01-11 16:35:00+00:00,2.0978,2.1009,2.0978,2.0989,1668831.7
2026-01-11 16:40:00+00:00,2.099,2.1,2.0971,2.0995,1666553.4
2026-01-11 16:45:00+00:00,2.0995,2.1009,2.0933,2.0939,2062798.9
2026-01-11 16:50:00+00:00,2.0939,2.0954,2.0912,2.0943,1539716.1
2026-01-11 16:55:00+00:00,2.0943,2.0945,2.0926,2.0933,625512.2
2026-01-11 17:00:00+00:00,2.0934,2.0952,2.0919,2.0939,749113.8
2026-01-11 17:05:00+00:00,2.0939,2.0969,2.0935,2.0956,621990.6
2026-01-11 17:10:00+00:00,2.0956,2.0971,2.0944,2.0948,604670.9
2026-01-11 17:15:00+00:00,2.0948,2.0948,2.0897,2.0908,1112203.6
2026-01-11 17:20:00+00:00,2.0908,2.092,2.0896,2.0907,719798.1
2026-01-11 17:25:00+00:00,2.0908,2.0918,2.09,2.0911,419700.0
2026-01-11 17:30:00+00:00,2.0911,2.0927,2.09,2.092,838525.5
2026-01-11 17:35:00+00:00,2.0919,2.092,2.0841,2.0881,2702002.6
2026-01-11 17:40:00+00:00,2.0881,2.0898,2.0874,2.0893,1128224.0
2026-01-11 17:45:00+00:00,2.0893,2.09,2.0883,2.0898,393304.0
2026-01-11 17:50:00+00:00,2.0898,2.0922,2.0895,2.0918,540153.4
2026-01-11 17:55:00+00:00,2.0918,2.093,2.0911,2.0927,559394.7
2026-01-11 18:00:00+00:00,2.0927,2.093,2.0873,2.0884,729807.3
2026-01-11 18:05:00+00:00,2.0884,2.0895,2.0876,2.0884,421627.4
2026-01-11 18:10:00+00:00,2.0883,2.0898,2.0877,2.089,351651.5
2026-01-11 18:15:00+00:00,2.089,2.0904,2.0878,2.0896,418991.7
2026-01-11 18:20:00+00:00,2.0897,2.0918,2.0894,2.0902,686655.8
2026-01-11 18:25:00+00:00,2.0902,2.0918,2.0884,2.0913,572387.7
2026-01-11 18:30:00+00:00,2.0912,2.0918,2.0903,2.0908,252320.5
2026-01-11 18:35:00+00:00,2.0908,2.0908,2.0866,2.0879,1311482.1
2026-01-11 18:40:00+00:00,2.0879,2.0898,2.0878,2.0898,376295.5
2026-01-11 18:45:00+00:00,2.0898,2.0912,2.0896,2.0903,597218.2
2026-01-11 18:50:00+00:00,2.0904,2.0934,2.0897,2.0923,796176.1
2026-01-11 18:55:00+00:00,2.0922,2.0948,2.0916,2.0917,1054953.5
2026-01-11 19:00:00+00:00,2.0916,2.0924,2.091,2.0921,416984.0
2026-01-11 19:05:00+00:00,2.092,2.0925,2.091,2.0915,407789.3
2026-01-11 19:10:00+00:00,2.0916,2.0955,2.0913,2.0949,613550.5
2026-01-11 19:15:00+00:00,2.0949,2.0957,2.0919,2.0928,1132824.0
2026-01-11 19:20:00+00:00,2.0929,2.0935,2.0914,2.0915,298376.5
2026-01-11 19:25:00+00:00,2.0914,2.0915,2.0893,2.0904,420448.0
2026-01-11 19:30:00+00:00,2.0904,2.091,2.0887,2.0895,471973.9
2026-01-11 19:35:00+00:00,2.0896,2.0896,2.0874,2.0877,700973.5
2026-01-11 19:40:00+00:00,2.0877,2.089,2.0869,2.0876,605056.0
2026-01-11 19:45:00+00:00,2.0876,2.0876,2.0832,2.0868,2835476.9
2026-01-11 19:50:00+00:00,2.0867,2.0874,2.0849,2.0865,1130821.8
2026-01-11 19:55:00+00:00,2.0865,2.0875,2.0852,2.0855,594131.9
2026-01-11 20:00:00+00:00,2.0855,2.0855,2.0695,2.076,18492616.9
2026-01-11 20:05:00+00:00,2.076,2.0761,2.055,2.0622,19266971.3
2026-01-11 20:10:00+00:00,2.0623,2.0649,2.0577,2.0625,3396638.4
2026-01-11 20:15:00+00:00,2.0625,2.0628,2.0433,2.0496,15072475.1
2026-01-11 20:20:00+00:00,2.0496,2.0595,2.049,2.0554,4250876.2
2026-01-11 20:25:00+00:00,2.0554,2.0583,2.0528,2.0551,2046652.2
2026-01-11 20:30:00+00:00,2.055,2.0614,2.0544,2.0604,3143179.1
2026-01-11 20:35:00+00:00,2.0604,2.0639,2.0603,2.0628,3372303.0
2026-01-11 20:40:00+00:00,2.0629,2.0629,2.0574,2.0594,2693715.7
2026-01-11 20:45:00+00:00,2.0593,2.0623,2.059,2.0623,1197765.2
2026-01-11 20:50:00+00:00,2.0623,2.064,2.0613,2.0621,927218.6
2026-01-11 20:55:00+00:00,2.0621,2.0646,2.0615,2.0637,919685.0
2026-01-11 21:00:00+00:00,2.0637,2.0641,2.055,2.0562,2413109.6
2026-01-11 21:05:00+00:00,2.0563,2.0585,2.0534,2.0561,1905859.9
2026-01-11 21:10:00+00:00,2.0561,2.0601,2.0558,2.0589,1046821.2
2026-01-11 21:15:00+00:00,2.0589,2.0622,2.0579,2.0612,997781.3
2026-01-11 21:20:00+00:00,2.0613,2.062,2.0591,2.0608,580774.3
2026-01-11 21:25:00+00:00,2.0607,2.0614,2.0592,2.0604,591987.1
2026-01-11 21:30:00+00:00,2.0605,2.0652,2.0593,2.0635,1983536.0
2026-01-11 21:35:00+00:00,2.0635,2.0644,2.0625,2.0633,478601.1
2026-01-11 21:40:00+00:00,2.0633,2.0658,2.0629,2.0648,682314.7
2026-01-11 21:45:00+00:00,2.0648,2.0716,2.0648,2.0702,1802581.3
2026-01-11 21:50:00+00:00,2.0702,2.0742,2.0694,2.0716,2191025.9
2026-01-11 21:55:00+00:00,2.0715,2.074,2.071,2.0727,878616.3
2026-01-11 22:00:00+00:00,2.0727,2.0728,2.0636,2.0638,1981173.9
2026-01-11 22:05:00+00:00,2.0638,2.0638,2.0551,2.0579,4535953.5
2026-01-11 22:10:00+00:00,2.0578,2.0612,2.0563,2.0583,1375783.1
2026-01-11 22:15:00+00:00,2.0583,2.0612,2.055,2.0572,1834845.9
2026-01-11 22:20:00+00:00,2.0572,2.0649,2.0572,2.0648,872085.0
2026-01-11 22:25:00+00:00,2.0649,2.0664,2.0625,2.0634,756729.2
2026-01-11 22:30:00+00:00,2.0634,2.0645,2.0598,2.0631,937421.5
2026-01-11 22:35:00+00:00,2.0631,2.0631,2.0578,2.0617,963698.1
2026-01-11 22:40:00+00:00,2.0616,2.0666,2.0611,2.0661,683859.9
2026-01-11 22:45:00+00:00,2.0662,2.0691,2.0634,2.064,710571.8
2026-01-11 22:50:00+00:00,2.064,2.0643,2.0595,2.0611,454732.8
2026-01-11 22:55:00+00:00,2.0611,2.0636,2.0602,2.0602,488184.2
2026-01-11 23:00:00+00:00,2.0602,2.0621,2.0481,2.0499,4047422.5
2026-01-11 23:05:00+00:00,2.0499,2.0579,2.0458,2.0579,2856671.3
2026-01-11 23:10:00+00:00,2.0579,2.0634,2.0567,2.0633,2533769.0
2026-01-11 23:15:00+00:00,2.0632,2.076,2.0623,2.0759,5813058.5
2026-01-11 23:20:00+00:00,2.076,2.0776,2.0664,2.0665,3035709.0
2026-01-11 23:25:00+00:00,2.0665,2.0697,2.0655,2.067,1236631.1
2026-01-11 23:30:00+00:00,2.067,2.0697,2.0642,2.0677,1242086.9
2026-01-11 23:35:00+00:00,2.0677,2.0677,2.0622,2.0647,1454038.5
2026-01-11 23:40:00+00:00,2.0647,2.0712,2.0641,2.0699,1441628.8
2026-01-11 23:45:00+00:00,2.07,2.0726,2.0686,2.0713,963049.0
2026-01-11 23:50:00+00:00,2.0712,2.0734,2.0702,2.073,920239.4
2026-01-11 23:55:00+00:00,2.073,2.0736,2.071,2.0731,1084143.7
2026-01-12 00:00:00+00:00,2.0731,2.0732,2.0672,2.0673,2612899.9
2026-01-12 00:05:00+00:00,2.0674,2.0688,2.062,2.0629,2141116.9
2026-01-12 00:10:00+00:00,2.0629,2.0656,2.06,2.0644,1941933.2
2026-01-12 00:15:00+00:00,2.0643,2.0657,2.0557,2.0573,5676899.1
2026-01-12 00:20:00+00:00,2.0574,2.0606,2.0502,2.058,3811453.4
2026-01-12 00:25:00+00:00,2.058,2.0582,2.0537,2.0567,2005642.5
2026-01-12 00:30:00+00:00,2.0566,2.0593,2.0491,2.052,2774909.4
2026-01-12 00:35:00+00:00,2.0521,2.053,2.0413,2.048,5635325.6
2026-01-12 00:40:00+00:00,2.048,2.0491,2.0355,2.0387,6760388.4
2026-01-12 00:45:00+00:00,2.0386,2.044,2.0375,2.0431,3421495.3
2026-01-12 00:50:00+00:00,2.043,2.0438,2.0356,2.0438,4063534.1
2026-01-12 00:55:00+00:00,2.0439,2.055,2.0409,2.0545,4398855.5
2026-01-12 01:00:00+00:00,2.0545,2.0704,2.0531,2.067,8857814.4
2026-01-12 01:05:00+00:00,2.0671,2.0781,2.0631,2.0643,11175780.8
2026-01-12 01:10:00+00:00,2.0643,2.0689,2.0624,2.0677,2229635.2
2026-01-12 01:15:00+00:00,2.0677,2.069,2.0627,2.0661,2028853.8
2026-01-12 01:20:00+00:00,2.0661,2.0738,2.0644,2.0719,2385904.9
2026-01-12 01:25:00+00:00,2.0719,2.0747,2.0694,2.0735,2818357.9
2026-01-12 01:30:00+00:00,2.0736,2.0753,2.0604,2.0622,4453242.6
2026-01-12 01:35:00+00:00,2.0622,2.0626,2.0564,2.058,3610059.7
2026-01-12 01:40:00+00:00,2.058,2.0621,2.0555,2.0605,2322445.0
2026-01-12 01:45:00+00:00,2.0606,2.0708,2.0595,2.068,2106086.8
2026-01-12 01:50:00+00:00,2.068,2.0691,2.0632,2.0645,1510752.2
2026-01-12 01:55:00+00:00,2.0645,2.0669,2.0621,2.0637,1059687.2
2026-01-12 02:00:00+00:00,2.0638,2.0702,2.0613,2.067,2065433.5
2026-01-12 02:05:00+00:00,2.067,2.0761,2.0667,2.075,3860431.7
2026-01-12 02:10:00+00:00,2.075,2.0827,2.0714,2.081,3997076.1
2026-01-12 02:15:00+00:00,2.0809,2.088,2.08,2.081,5490236.7
2026-01-12 02:20:00+00:00,2.081,2.0815,2.075,2.0772,1777265.8
2026-01-12 02:25:00+00:00,2.0773,2.0837,2.0755,2.0824,2280220.5
2026-01-12 02:30:00+00:00,2.0824,2.084,2.0801,2.081,1555351.3
2026-01-12 02:35:00+00:00,2.081,2.0894,2.081,2.0878,1862374.8
2026-01-12 02:40:00+00:00,2.0878,2.0918,2.0868,2.0902,2695179.3
2026-01-12 02:45:00+00:00,2.0903,2.101,2.0895,2.0998,8708729.9
2026-01-12 02:50:00+00:00,2.0999,2.1068,2.0975,2.1005,4834595.1
2026-01-12 02:55:00+00:00,2.1005,2.1048,2.099,2.0992,2749706.5
2026-01-12 03:00:00+00:00,2.0993,2.1024,2.0952,2.0961,2925094.6
2026-01-12 03:05:00+00:00,2.096,2.101,2.0951,2.1006,2229638.6
2026-01-12 03:10:00+00:00,2.1006,2.104,2.0972,2.102,2548265.8
2026-01-12 03:15:00+00:00,2.1021,2.1038,2.1004,2.1014,1420743.0
2026-01-12 03:20:00+00:00,2.1014,2.105,2.1011,2.1034,1244278.7
2026-01-12 03:25:00+00:00,2.1033,2.1043,2.0991,2.1009,1537360.0
2026-01-12 03:30:00+00:00,2.101,2.1022,2.0927,2.0954,2708674.5
2026-01-12 03:35:00+00:00,2.0954,2.0961,2.0909,2.0928,2102611.9
2026-01-12 03:40:00+00:00,2.0928,2.0934,2.0876,2.0895,2263826.7
2026-01-12 03:45:00+00:00,2.0895,2.0913,2.0874,2.0883,1618553.8
2026-01-12 03:50:00+00:00,2.0884,2.0892,2.0851,2.0868,1845146.7
2026-01-12 03:55:00+00:00,2.0868,2.0885,2.0788,2.0817,7024549.9
2026-01-12 04:00:00+00:00,2.0817,2.0849,2.0801,2.0823,2262118.3
2026-01-12 04:05:00+00:00,2.0824,2.0876,2.0823,2.0847,2392439.8
2026-01-12 04:10:00+00:00,2.0848,2.0909,2.0832,2.0905,1539788.9
2026-01-12 04:15:00+00:00,2.0904,2.092,2.0883,2.0899,1507500.1
2026-01-12 04:20:00+00:00,2.0899,2.0908,2.0881,2.0889,1139764.2
2026-01-12 04:25:00+00:00,2.0889,2.0897,2.0868,2.0893,1787524.7
2026-01-12 04:30:00+00:00,2.0894,2.0927,2.0877,2.0927,1034299.7
2026-01-12 04:35:00+00:00,2.0927,2.0934,2.0901,2.0926,1731342.3
2026-01-12 04:40:00+00:00,2.0926,2.0932,2.0911,2.092,662234.0
2026-01-12 04:45:00+00:00,2.092,2.0941,2.0917,2.0929,762989.6
2026-01-12 04:50:00+00:00,2.0928,2.0933,2.0907,2.0913,541232.0
2026-01-12 04:55:00+00:00,2.0912,2.0913,2.088,2.0898,1283484.5
2026-01-12 05:00:00+00:00,2.0898,2.0902,2.0841,2.0881,1622300.0
2026-01-12 05:05:00+00:00,2.0881,2.09,2.0865,2.09,606081.8
2026-01-12 05:10:00+00:00,2.0899,2.091,2.0861,2.0867,1190408.5
2026-01-12 05:15:00+00:00,2.0867,2.0882,2.0842,2.0878,580440.3
2026-01-12 05:20:00+00:00,2.0879,2.0906,2.0862,2.0869,1089547.6
2026-01-12 05:25:00+00:00,2.0869,2.0906,2.0864,2.09,564576.8
2026-01-12 05:30:00+00:00,2.09,2.0908,2.0863,2.0881,1118758.1
2026-01-12 05:35:00+00:00,2.0882,2.0882,2.0849,2.0866,1022788.3
2026-01-12 05:40:00+00:00,2.0865,2.0866,2.0813,2.0821,1281960.1
2026-01-12 05:45:00+00:00,2.0822,2.0829,2.0816,2.0821,445737.4
2026-01-12 05:50:00+00:00,2.082,2.0829,2.0807,2.0829,600090.2
2026-01-12 05:55:00+00:00,2.0829,2.0833,2.0818,2.0819,504447.4
2026-01-12 06:00:00+00:00,2.0819,2.0819,2.0767,2.078,3012891.3
2026-01-12 06:05:00+00:00,2.0781,2.0841,2.0775,2.0808,1655139.6
2026-01-12 06:10:00+00:00,2.0809,2.0848,2.0807,2.0833,1159855.7
2026-01-12 06:15:00+00:00,2.0834,2.0842,2.0793,2.0809,1056107.0
2026-01-12 06:20:00+00:00,2.0809,2.0816,2.0789,2.0802,1206932.3
2026-01-12 06:25:00+00:00,2.0801,2.0806,2.0773,2.0783,1715394.5
2026-01-12 06:30:00+00:00,2.0783,2.0783,2.0724,2.0744,2988369.5
2026-01-12 06:35:00+00:00,2.0744,2.075,2.0683,2.0711,3010533.5
2026-01-12 06:40:00+00:00,2.071,2.0739,2.0705,2.0733,1102746.4
2026-01-12 06:45:00+00:00,2.0733,2.0734,2.0689,2.0714,1817318.2
2026-01-12 06:50:00+00:00,2.0714,2.0715,2.0671,2.0693,1559158.1
2026-01-12 06:55:00+00:00,2.0694,2.0713,2.0687,2.0695,871461.2
2026-01-12 07:00:00+00:00,2.0695,2.0727,2.0694,2.0727,1690350.4
2026-01-12 07:05:00+00:00,2.0727,2.0761,2.0716,2.0726,1406293.6
2026-01-12 07:10:00+00:00,2.0726,2.0745,2.0659,2.0669,1519770.9
2026-01-12 07:15:00+00:00,2.067,2.0693,2.0608,2.0616,2810392.2
2026-01-12 07:20:00+00:00,2.0615,2.0628,2.061,2.0614,1552604.7
2026-01-12 07:25:00+00:00,2.0613,2.0636,2.0586,2.0628,3099046.7
2026-01-12 07:30:00+00:00,2.0628,2.063,2.0537,2.0543,5203637.9
2026-01-12 07:35:00+00:00,2.0542,2.0557,2.0512,2.0551,5828075.4
2026-01-12 07:40:00+00:00,2.0551,2.0562,2.052,2.0535,1969717.4
2026-01-12 07:45:00+00:00,2.0536,2.056,2.0506,2.0554,4085231.8
2026-01-12 07:50:00+00:00,2.0554,2.0561,2.0524,2.0539,2169196.4
2026-01-12 07:55:00+00:00,2.0539,2.0572,2.052,2.0524,1925070.1
2026-01-12 08:00:00+00:00,2.0524,2.0558,2.0503,2.051,2787475.2
2026-01-12 08:05:00+00:00,2.051,2.0595,2.0508,2.0584,2081814.0
2026-01-12 08:10:00+00:00,2.0584,2.0593,2.0555,2.0555,1567056.2
2026-01-12 08:15:00+00:00,2.0556,2.0586,2.054,2.0576,1406698.6
2026-01-12 08:20:00+00:00,2.0577,2.0581,2.0531,2.0531,1947327.9
2026-01-12 08:25:00+00:00,2.0532,2.0552,2.0505,2.0533,874536.8
2026-01-12 08:30:00+00:00,2.0533,2.0536,2.0437,2.0463,7526873.2
2026-01-12 08:35:00+00:00,2.0463,2.0463,2.0337,2.0427,12885807.7
2026-01-12 08:40:00+00:00,2.0427,2.0434,2.0377,2.0393,3341101.5
2026-01-12 08:45:00+00:00,2.0393,2.0448,2.0335,2.0436,4314401.6
2026-01-12 08:50:00+00:00,2.0436,2.048,2.0386,2.0474,3017467.0
2026-01-12 08:55:00+00:00,2.0475,2.0505,2.046,2.0487,1988536.2
2026-01-12 09:00:00+00:00,2.0488,2.0502,2.0454,2.0489,1593246.4
2026-01-12 09:05:00+00:00,2.0488,2.0507,2.0461,2.0494,1657706.5
2026-01-12 09:10:00+00:00,2.0494,2.0503,2.0487,2.049,981469.2
2026-01-12 09:15:00+00:00,2.049,2.0529,2.0478,2.0513,1217888.7
2026-01-12 09:20:00+00:00,2.0513,2.0528,2.0485,2.0487,1126928.7
2026-01-12 09:25:00+00:00,2.0487,2.0494,2.0444,2.0446,1123749.7
2026-01-12 09:30:00+00:00,2.0446,2.0477,2.0442,2.0467,1154881.3
2026-01-12 09:35:00+00:00,2.0466,2.0477,2.0439,2.0451,866386.6
2026-01-12 09:40:00+00:00,2.0451,2.0478,2.0435,2.0462,1128479.3
2026-01-12 09:45:00+00:00,2.0462,2.0491,2.0455,2.0472,961195.9
2026-01-12 09:50:00+00:00,2.0471,2.0472,2.0431,2.0446,1686267.0
2026-01-12 09:55:00+00:00,2.0447,2.045,2.0413,2.0431,1104868.7
2026-01-12 10:00:00+00:00,2.0432,2.0469,2.0395,2.0466,2481906.2
2026-01-12 10:05:00+00:00,2.0466,2.0477,2.0442,2.0443,1147391.0
2026-01-12 10:10:00+00:00,2.0443,2.0456,2.0407,2.0419,730485.5
2026-01-12 10:15:00+00:00,2.0419,2.0433,2.0394,2.0426,772793.8
2026-01-12 10:20:00+00:00,2.0427,2.0427,2.0385,2.0396,928003.2
2026-01-12 10:25:00+00:00,2.0396,2.0397,2.0377,2.0388,838384.9
2026-01-12 10:30:00+00:00,2.0388,2.0415,2.0379,2.0409,906929.9
2026-01-12 10:35:00+00:00,2.041,2.0422,2.0401,2.0414,529174.0
2026-01-12 10:40:00+00:00,2.0414,2.0414,2.0385,2.0388,389484.1
2026-01-12 10:45:00+00:00,2.0388,2.0401,2.0381,2.0381,870203.3
2026-01-12 10:50:00+00:00,2.038,2.0381,2.0336,2.0349,4026712.2
2026-01-12 10:55:00+00:00,2.0349,2.0368,2.0339,2.0356,1308675.7
2026-01-12 11:00:00+00:00,2.0355,2.0383,2.0339,2.0375,1779080.6
2026-01-12 11:05:00+00:00,2.0374,2.0403,2.0366,2.0387,1363452.1
2026-01-12 11:10:00+00:00,2.0387,2.0415,2.0385,2.0399,684373.5
2026-01-12 11:15:00+00:00,2.0399,2.0407,2.0387,2.0388,504075.7
2026-01-12 11:20:00+00:00,2.0387,2.0442,2.0382,2.0433,2389776.2
2026-01-12 11:25:00+00:00,2.0434,2.0455,2.0417,2.0417,1686992.5
2026-01-12 11:30:00+00:00,2.0417,2.0428,2.0405,2.042,796419.6
2026-01-12 11:35:00+00:00,2.0421,2.0464,2.0416,2.042,1941588.5
2026-01-12 11:40:00+00:00,2.042,2.0433,2.0411,2.0426,523861.5
2026-01-12 11:45:00+00:00,2.0426,2.046,2.0425,2.0458,658808.0
2026-01-12 11:50:00+00:00,2.0457,2.048,2.0447,2.0479,971320.4
2026-01-12 11:55:00+00:00,2.0479,2.0479,2.0465,2.0473,380049.3
2026-01-12 12:00:00+00:00,2.0473,2.0485,2.0461,2.0484,955618.7
2026-01-12 12:05:00+00:00,2.0484,2.0511,2.0464,2.0469,1122387.1
2026-01-12 12:10:00+00:00,2.0469,2.049,2.0465,2.0482,653200.3
2026-01-12 12:15:00+00:00,2.0482,2.053,2.0481,2.0505,2466637.6
2026-01-12 12:20:00+00:00,2.0505,2.0538,2.0498,2.0535,994849.3
2026-01-12 12:25:00+00:00,2.0536,2.0536,2.0504,2.0512,1214348.8
2026-01-12 12:30:00+00:00,2.0512,2.0513,2.0494,2.0504,893916.6
2026-01-12 12:35:00+00:00,2.0504,2.0511,2.0466,2.0479,2587891.1
2026-01-12 12:40:00+00:00,2.0478,2.0488,2.0462,2.0472,854420.2
2026-01-12 12:45:00+00:00,2.0472,2.0486,2.0464,2.0483,497582.9
2026-01-12 12:50:00+00:00,2.0483,2.0506,2.048,2.0499,761767.4
2026-01-12 12:55:00+00:00,2.0499,2.0513,2.0468,2.0484,576114.4
2026-01-12 13:00:00+00:00,2.0484,2.052,2.0463,2.0489,1211233.5
2026-01-12 13:05:00+00:00,2.0488,2.0496,2.0422,2.0434,1642354.8
2026-01-12 13:10:00+00:00,2.0435,2.0458,2.0422,2.044,1507403.0
2026-01-12 13:15:00+00:00,2.0439,2.0484,2.0439,2.0471,1577770.7
2026-01-12 13:20:00+00:00,2.0472,2.0506,2.0466,2.0472,711515.8
2026-01-12 13:25:00+00:00,2.0472,2.0494,2.0457,2.0489,1152646.6
2026-01-12 13:30:00+00:00,2.0488,2.0554,2.0485,2.0553,2161619.3
2026-01-12 13:35:00+00:00,2.0553,2.0592,2.053,2.0534,2657127.0
2026-01-12 13:40:00+00:00,2.0534,2.0536,2.047,2.0492,1150392.9
2026-01-12 13:45:00+00:00,2.0491,2.0506,2.0453,2.05,1130701.2
2026-01-12 13:50:00+00:00,2.0499,2.0533,2.0491,2.0518,692565.3
2026-01-12 13:55:00+00:00,2.0518,2.0525,2.0496,2.0508,891880.2
2026-01-12 14:00:00+00:00,2.0508,2.0517,2.048,2.0489,1667683.9
2026-01-12 14:05:00+00:00,2.0489,2.0522,2.0487,2.0517,1340774.9
2026-01-12 14:10:00+00:00,2.0518,2.0537,2.0507,2.0531,1109706.9
2026-01-12 14:15:00+00:00,2.0531,2.0549,2.0447,2.05,4062310.6
2026-01-12 14:20:00+00:00,2.0501,2.0507,2.0394,2.0442,4860529.0
2026-01-12 14:25:00+00:00,2.0441,2.0564,2.0428,2.0561,4355603.4
2026-01-12 14:30:00+00:00,2.056,2.0637,2.0532,2.055,8507727.8
2026-01-12 14:35:00+00:00,2.055,2.0688,2.0544,2.0672,6240451.1
2026-01-12 14:40:00+00:00,2.0672,2.0726,2.0629,2.0722,5334492.6
2026-01-12 14:45:00+00:00,2.0722,2.0728,2.0638,2.068,3030473.7
2026-01-12 14:50:00+00:00,2.068,2.0757,2.0662,2.0666,4452155.8
2026-01-12 14:55:00+00:00,2.0666,2.0728,2.0661,2.0716,2611595.2
2026-01-12 15:00:00+00:00,2.0716,2.0736,2.0676,2.0696,2371389.4
2026-01-12 15:05:00+00:00,2.0697,2.0769,2.0685,2.0732,2928510.1
2026-01-12 15:10:00+00:00,2.0732,2.0768,2.0695,2.0767,1698239.9
2026-01-12 15:15:00+00:00,2.0767,2.0855,2.0738,2.0849,4406831.2
2026-01-12 15:20:00+00:00,2.0848,2.0913,2.0802,2.0852,5880316.7
2026-01-12 15:25:00+00:00,2.0852,2.0897,2.0818,2.0854,2998323.3
2026-01-12 15:30:00+00:00,2.0853,2.0879,2.0801,2.0845,4848532.9
2026-01-12 15:35:00+00:00,2.0845,2.091,2.0844,2.089,3396742.1
2026-01-12 15:40:00+00:00,2.089,2.0914,2.0847,2.0868,2983851.3
2026-01-12 15:45:00+00:00,2.0868,2.0902,2.0812,2.0851,3239734.3
2026-01-12 15:50:00+00:00,2.0851,2.0898,2.0843,2.088,2032782.2
2026-01-12 15:55:00+00:00,2.0879,2.0933,2.0879,2.0927,3167685.8
2026-01-12 16:00:00+00:00,2.0928,2.097,2.091,2.0952,5070565.0
2026-01-12 16:05:00+00:00,2.0952,2.0981,2.0916,2.0962,3156866.3
2026-01-12 16:10:00+00:00,2.0963,2.0972,2.0921,2.0938,1982986.5
2026-01-12 16:15:00+00:00,2.0939,2.099,2.0902,2.0903,2425231.8
2026-01-12 16:20:00+00:00,2.0904,2.0946,2.0852,2.0946,4157777.3
2026-01-12 16:25:00+00:00,2.0946,2.1068,2.0945,2.1058,6747972.3
2026-01-12 16:30:00+00:00,2.1058,2.1079,2.0956,2.0956,6468965.6
2026-01-12 16:35:00+00:00,2.0956,2.0993,2.0903,2.0936,3868390.3
2026-01-12 16:40:00+00:00,2.0935,2.0962,2.0916,2.0947,2506878.6
2026-01-12 16:45:00+00:00,2.0947,2.0964,2.089,2.0917,2952688.8
2026-01-12 16:50:00+00:00,2.0918,2.096,2.0912,2.0946,1345142.5
2026-01-12 16:55:00+00:00,2.0945,2.0966,2.0926,2.0936,1415832.1
2026-01-12 17:00:00+00:00,2.0936,2.099,2.092,2.0957,2070115.4
2026-01-12 17:05:00+00:00,2.0956,2.0964,2.0901,2.0902,1691128.2
2026-01-12 17:10:00+00:00,2.0902,2.0903,2.0831,2.0872,3206897.4
2026-01-12 17:15:00+00:00,2.0872,2.0876,2.085,2.0859,1067841.1
2026-01-12 17:20:00+00:00,2.0858,2.0871,2.0762,2.0788,3922299.9
2026-01-12 17:25:00+00:00,2.0787,2.0787,2.072,2.0755,3882627.3
2026-01-12 17:30:00+00:00,2.0755,2.0757,2.0579,2.0595,10020193.4
2026-01-12 17:35:00+00:00,2.0594,2.0674,2.0525,2.067,8596284.1
2026-01-12 17:40:00+00:00,2.067,2.071,2.064,2.0665,4307769.3
2026-01-12 17:45:00+00:00,2.0664,2.0698,2.0651,2.0671,1572113.3
2026-01-12 17:50:00+00:00,2.0672,2.0687,2.0652,2.0676,1068521.7
2026-01-12 17:55:00+00:00,2.0676,2.068,2.0642,2.0669,951065.7
2026-01-12 18:00:00+00:00,2.0669,2.0717,2.0661,2.069,2182347.1
2026-01-12 18:05:00+00:00,2.069,2.0732,2.0654,2.0717,1908229.2
2026-01-12 18:10:00+00:00,2.0718,2.0757,2.0695,2.0703,1760969.0
2026-01-12 18:15:00+00:00,2.0703,2.0732,2.0702,2.0719,853996.0
2026-01-12 18:20:00+00:00,2.0719,2.077,2.0715,2.0742,1472000.6
2026-01-12 18:25:00+00:00,2.0742,2.0767,2.0706,2.0762,1006130.1
2026-01-12 18:30:00+00:00,2.0762,2.0763,2.065,2.0655,1927198.1
2026-01-12 18:35:00+00:00,2.0656,2.0661,2.0591,2.0642,2535335.8
2026-01-12 18:40:00+00:00,2.0643,2.0657,2.0614,2.0644,1352569.0
2026-01-12 18:45:00+00:00,2.0644,2.0677,2.0632,2.0655,1316313.8
2026-01-12 18:50:00+00:00,2.0654,2.0677,2.0643,2.0656,846460.9
2026-01-12 18:55:00+00:00,2.0656,2.068,2.0654,2.0662,665853.1
2026-01-12 19:00:00+00:00,2.0662,2.0664,2.0572,2.0591,2190149.9
2026-01-12 19:05:00+00:00,2.0592,2.0664,2.0573,2.066,1794803.1
2026-01-12 19:10:00+00:00,2.0659,2.0672,2.0619,2.0627,1554880.1
2026-01-12 19:15:00+00:00,2.0627,2.0682,2.0626,2.0673,680559.8
2026-01-12 19:20:00+00:00,2.0674,2.0688,2.0656,2.0671,513433.3
2026-01-12 19:25:00+00:00,2.0671,2.0675,2.0636,2.0659,818119.0
2026-01-12 19:30:00+00:00,2.066,2.0685,2.0659,2.0673,381253.0
2026-01-12 19:35:00+00:00,2.0672,2.0676,2.0636,2.0662,478443.2
2026-01-12 19:40:00+00:00,2.0662,2.0662,2.0631,2.0633,586352.2
2026-01-12 19:45:00+00:00,2.0634,2.0637,2.0607,2.063,525782.7
2026-01-12 19:50:00+00:00,2.063,2.0716,2.0622,2.0706,1356593.3
2026-01-12 19:55:00+00:00,2.0705,2.0707,2.0686,2.069,759072.6
2026-01-12 20:00:00+00:00,2.069,2.0735,2.0666,2.0722,1345402.7
2026-01-12 20:05:00+00:00,2.0722,2.0749,2.0698,2.0698,2273704.2
2026-01-12 20:10:00+00:00,2.0698,2.0717,2.0685,2.0709,873607.2
2026-01-12 20:15:00+00:00,2.0708,2.0708,2.065,2.0664,1043120.8
2026-01-12 20:20:00+00:00,2.0664,2.0688,2.0647,2.0682,784912.4
2026-01-12 20:25:00+00:00,2.0682,2.0701,2.0665,2.0692,1258517.3
2026-01-12 20:30:00+00:00,2.0692,2.0692,2.0635,2.0648,1328524.7
2026-01-12 20:35:00+00:00,2.0647,2.0655,2.0628,2.0639,961578.9
2026-01-12 20:40:00+00:00,2.0639,2.0669,2.063,2.0651,1257277.2
2026-01-12 20:45:00+00:00,2.065,2.0662,2.0617,2.066,1228975.3
2026-01-12 20:50:00+00:00,2.0659,2.0659,2.0622,2.064,1278341.0
2026-01-12 20:55:00+00:00,2.0639,2.0659,2.062,2.0628,1215909.9
2026-01-12 21:00:00+00:00,2.0627,2.064,2.0531,2.0543,3994000.1
2026-01-12 21:05:00+00:00,2.0543,2.0575,2.0527,2.0565,2142869.0
2026-01-12 21:10:00+00:00,2.0565,2.0591,2.0554,2.0561,1196149.7
2026-01-12 21:15:00+00:00,2.0562,2.0579,2.0538,2.0547,1742636.0
2026-01-12 21:20:00+00:00,2.0548,2.056,2.0505,2.0507,1659255.2
2026-01-12 21:25:00+00:00,2.0508,2.0554,2.0501,2.0519,2132151.4
2026-01-12 21:30:00+00:00,2.0519,2.0528,2.0488,2.0515,1646257.0
2026-01-12 21:35:00+00:00,2.0516,2.0521,2.0493,2.0493,552056.2
2026-01-12 21:40:00+00:00,2.0494,2.0507,2.0447,2.0458,2576895.6
2026-01-12 21:45:00+00:00,2.0457,2.0483,2.0425,2.0441,3369058.3
2026-01-12 21:50:00+00:00,2.0442,2.0452,2.0391,2.0401,3704100.9
2026-01-12 21:55:00+00:00,2.0401,2.0483,2.038,2.0477,2651919.4
2026-01-12 22:00:00+00:00,2.0477,2.0533,2.0477,2.0527,1779708.8
2026-01-12 22:05:00+00:00,2.0527,2.0592,2.0517,2.0558,2455888.9
2026-01-12 22:10:00+00:00,2.0558,2.057,2.0544,2.0554,1425744.4
2026-01-12 22:15:00+00:00,2.0555,2.0555,2.0519,2.0541,1188680.9
2026-01-12 22:20:00+00:00,2.054,2.056,2.054,2.055,514766.0
2026-01-12 22:25:00+00:00,2.0551,2.0568,2.0537,2.0545,614467.4
2026-01-12 22:30:00+00:00,2.0544,2.0563,2.0528,2.056,692584.6
2026-01-12 22:35:00+00:00,2.056,2.056,2.051,2.0546,692628.9
2026-01-12 22:40:00+00:00,2.0546,2.0554,2.0535,2.0544,358811.5
2026-01-12 22:45:00+00:00,2.0545,2.0545,2.0515,2.0536,264793.4
2026-01-12 22:50:00+00:00,2.0536,2.0537,2.052,2.0522,257070.4
2026-01-12 22:55:00+00:00,2.0521,2.0538,2.0521,2.0532,295460.6
2026-01-12 23:00:00+00:00,2.0531,2.0533,2.048,2.0482,804139.5
2026-01-12 23:05:00+00:00,2.0483,2.0498,2.0443,2.0459,977205.8
2026-01-12 23:10:00+00:00,2.0459,2.0482,2.0453,2.0472,898768.7
2026-01-12 23:15:00+00:00,2.0472,2.05,2.0469,2.0497,388369.0
2026-01-12 23:20:00+00:00,2.0496,2.0527,2.0492,2.0526,735775.7
2026-01-12 23:25:00+00:00,2.0525,2.057,2.0523,2.0541,1137433.3
2026-01-12 23:30:00+00:00,2.0542,2.0561,2.0513,2.0515,866955.2
2026-01-12 23:35:00+00:00,2.0515,2.0535,2.0506,2.0518,622520.9
2026-01-12 23:40:00+00:00,2.0517,2.0534,2.051,2.0527,323289.7
2026-01-12 23:45:00+00:00,2.0527,2.0536,2.0515,2.0533,471653.1
2026-01-12 23:50:00+00:00,2.0533,2.0544,2.0528,2.0529,433425.8
2026-01-12 23:55:00+00:00,2.053,2.0537,2.0526,2.0526,346340.7
2026-01-13 00:00:00+00:00,2.0526,2.0548,2.0517,2.0543,807170.2
2026-01-13 00:05:00+00:00,2.0542,2.0569,2.0526,2.0536,1304641.8
2026-01-13 00:10:00+00:00,2.0535,2.0556,2.0505,2.0514,1402649.8
2026-01-13 00:15:00+00:00,2.0515,2.0538,2.0505,2.0523,799743.1
2026-01-13 00:20:00+00:00,2.0523,2.0577,2.0519,2.0577,736009.4
2026-01-13 00:25:00+00:00,2.0576,2.0598,2.0554,2.0554,1804391.3
2026-01-13 00:30:00+00:00,2.0554,2.0588,2.0549,2.0562,956338.1
2026-01-13 00:35:00+00:00,2.0563,2.0584,2.054,2.054,867971.7
2026-01-13 00:40:00+00:00,2.054,2.0545,2.0496,2.0524,1306934.0
2026-01-13 00:45:00+00:00,2.0524,2.0553,2.0524,2.0552,492736.2
2026-01-13 00:50:00+00:00,2.0553,2.0566,2.0534,2.0566,643340.2
2026-01-13 00:55:00+00:00,2.0566,2.0592,2.0558,2.0578,1200728.8
2026-01-13 01:00:00+00:00,2.0578,2.0591,2.0565,2.0575,729929.0
2026-01-13 01:05:00+00:00,2.0576,2.063,2.0576,2.0604,1800324.2
2026-01-13 01:10:00+00:00,2.0604,2.0611,2.0594,2.0607,918523.1
2026-01-13 01:15:00+00:00,2.0607,2.0618,2.0582,2.0598,699257.6
2026-01-13 01:20:00+00:00,2.0599,2.0602,2.057,2.0579,814451.8
2026-01-13 01:25:00+00:00,2.058,2.0587,2.0542,2.0554,842966.4
2026-01-13 01:30:00+00:00,2.0555,2.0555,2.051,2.051,791069.1
2026-01-13 01:35:00+00:00,2.051,2.0511,2.0486,2.0486,1133480.6
2026-01-13 01:40:00+00:00,2.0487,2.0496,2.0476,2.0484,864030.7
2026-01-13 01:45:00+00:00,2.0483,2.051,2.0479,2.0498,629522.5
2026-01-13 01:50:00+00:00,2.0497,2.051,2.0491,2.0507,1031855.4
2026-01-13 01:55:00+00:00,2.0508,2.0536,2.0501,2.0526,774697.5
2026-01-13 02:00:00+00:00,2.0526,2.0592,2.052,2.0567,903975.1
2026-01-13 02:05:00+00:00,2.0568,2.059,2.0545,2.0553,795564.8
2026-01-13 02:10:00+00:00,2.0554,2.0569,2.0545,2.0557,427815.3
2026-01-13 02:15:00+00:00,2.0558,2.0588,2.0557,2.058,932653.8
2026-01-13 02:20:00+00:00,2.058,2.0594,2.0569,2.0583,389211.3
2026-01-13 02:25:00+00:00,2.0583,2.059,2.0573,2.0578,414773.0
2026-01-13 02:30:00+00:00,2.0578,2.0588,2.056,2.0568,569353.5
2026-01-13 02:35:00+00:00,2.0567,2.0574,2.0526,2.0532,752561.0
2026-01-13 02:40:00+00:00,2.0531,2.0536,2.0491,2.0497,768637.9
2026-01-13 02:45:00+00:00,2.0498,2.052,2.0493,2.0516,772561.0
2026-01-13 02:50:00+00:00,2.0515,2.0535,2.0499,2.0534,498660.4
2026-01-13 02:55:00+00:00,2.0534,2.0544,2.0506,2.0513,643783.2
2026-01-13 03:00:00+00:00,2.0513,2.0536,2.0511,2.0517,533040.8
2026-01-13 03:05:00+00:00,2.0516,2.0525,2.047,2.0472,839663.4
2026-01-13 03:10:00+00:00,2.0473,2.0523,2.0473,2.0515,1170295.2
2026-01-13 03:15:00+00:00,2.0515,2.0544,2.0515,2.0531,479550.1
2026-01-13 03:20:00+00:00,2.0532,2.0576,2.0522,2.0553,1194688.5
2026-01-13 03:25:00+00:00,2.0553,2.0554,2.0538,2.0539,471686.4
2026-01-13 03:30:00+00:00,2.054,2.055,2.0496,2.0508,849530.3
2026-01-13 03:35:00+00:00,2.0509,2.052,2.0487,2.0487,475599.9
2026-01-13 03:40:00+00:00,2.0487,2.0507,2.0483,2.0501,474452.7
2026-01-13 03:45:00+00:00,2.05,2.05,2.0471,2.0487,746061.9
2026-01-13 03:50:00+00:00,2.0486,2.0487,2.0464,2.047,1019459.3
2026-01-13 03:55:00+00:00,2.0471,2.0499,2.047,2.049,742442.0
2026-01-13 04:00:00+00:00,2.0491,2.0514,2.0486,2.0489,613555.0
2026-01-13 04:05:00+00:00,2.049,2.0514,2.0486,2.0505,465499.9
2026-01-13 04:10:00+00:00,2.0505,2.0522,2.0496,2.0515,463269.7
2026-01-13 04:15:00+00:00,2.0516,2.0554,2.0502,2.0547,1664839.1
2026-01-13 04:20:00+00:00,2.0548,2.058,2.0513,2.0515,1188584.2
2026-01-13 04:25:00+00:00,2.0514,2.0528,2.0499,2.0517,704116.1
2026-01-13 04:30:00+00:00,2.0517,2.0522,2.0496,2.0497,407596.8
2026-01-13 04:35:00+00:00,2.0497,2.0523,2.0488,2.0522,833513.2
2026-01-13 04:40:00+00:00,2.0521,2.0536,2.051,2.0533,475723.2
2026-01-13 04:45:00+00:00,2.0533,2.0533,2.0503,2.0506,1115552.9
2026-01-13 04:50:00+00:00,2.0506,2.0527,2.0503,2.0526,262512.6
2026-01-13 04:55:00+00:00,2.0527,2.0575,2.0527,2.0574,1166673.0
2026-01-13 05:00:00+00:00,2.0575,2.0628,2.0565,2.0605,2563833.6
2026-01-13 05:05:00+00:00,2.0604,2.0613,2.0587,2.0603,1423926.6
2026-01-13 05:10:00+00:00,2.0602,2.063,2.0597,2.0624,1101550.6
2026-01-13 05:15:00+00:00,2.0624,2.0723,2.0622,2.0722,4488811.4
2026-01-13 05:20:00+00:00,2.0722,2.08,2.0695,2.0737,8935218.9
2026-01-13 05:25:00+00:00,2.0737,2.076,2.0723,2.0727,1699711.6
2026-01-13 05:30:00+00:00,2.0727,2.0738,2.0655,2.0663,2827373.6
2026-01-13 05:35:00+00:00,2.0662,2.0679,2.0646,2.0655,1131290.1
2026-01-13 05:40:00+00:00,2.0655,2.0667,2.0644,2.066,751430.4
2026-01-13 05:45:00+00:00,2.066,2.0688,2.0648,2.0687,1033980.7
2026-01-13 05:50:00+00:00,2.0686,2.0686,2.0623,2.0645,2090619.6
2026-01-13 05:55:00+00:00,2.0644,2.0648,2.0622,2.0629,990912.3
2026-01-13 06:00:00+00:00,2.063,2.0667,2.0621,2.0636,1247823.1
2026-01-13 06:05:00+00:00,2.0636,2.0644,2.0598,2.0621,1894932.6
2026-01-13 06:10:00+00:00,2.0621,2.0626,2.0593,2.0605,1078226.9
2026-01-13 06:15:00+00:00,2.0605,2.0623,2.0594,2.0598,766773.9
2026-01-13 06:20:00+00:00,2.0597,2.0623,2.0595,2.0612,1121299.6
2026-01-13 06:25:00+00:00,2.0613,2.062,2.0574,2.0576,1355178.4
2026-01-13 06:30:00+00:00,2.0577,2.0605,2.0575,2.0593,1041771.6
2026-01-13 06:35:00+00:00,2.0593,2.0629,2.0591,2.0628,959219.2
2026-01-13 06:40:00+00:00,2.0627,2.0631,2.0564,2.0564,1296929.3
2026-01-13 06:45:00+00:00,2.0565,2.0601,2.0565,2.0595,1254123.6
2026-01-13 06:50:00+00:00,2.0595,2.0653,2.0592,2.0641,1549996.7
2026-01-13 06:55:00+00:00,2.0641,2.0644,2.0621,2.0622,950220.3
2026-01-13 07:00:00+00:00,2.0623,2.0625,2.059,2.059,876435.2
2026-01-13 07:05:00+00:00,2.0591,2.0604,2.0571,2.0587,1023107.3
2026-01-13 07:10:00+00:00,2.0587,2.0596,2.0578,2.0584,945840.5
2026-01-13 07:15:00+00:00,2.0584,2.0587,2.056,2.0571,663265.6
2026-01-13 07:20:00+00:00,2.0572,2.0575,2.0551,2.0569,841518.2
2026-01-13 07:25:00+00:00,2.0569,2.0577,2.0555,2.0555,526724.3
2026-01-13 07:30:00+00:00,2.0555,2.0569,2.0554,2.0567,413350.1
2026-01-13 07:35:00+00:00,2.0567,2.0583,2.0561,2.0566,327010.4
2026-01-13 07:40:00+00:00,2.0567,2.0589,2.0564,2.0571,689419.2
2026-01-13 07:45:00+00:00,2.0572,2.0577,2.0518,2.0529,1852940.1
2026-01-13 07:50:00+00:00,2.0529,2.0554,2.052,2.0523,1033964.4
2026-01-13 07:55:00+00:00,2.0523,2.0528,2.0514,2.0528,505536.4
2026-01-13 08:00:00+00:00,2.0528,2.0594,2.0521,2.0586,1561856.8
2026-01-13 08:05:00+00:00,2.0586,2.0632,2.0581,2.0604,1674183.7
2026-01-13 08:10:00+00:00,2.0604,2.0607,2.0574,2.0587,821859.8
2026-01-13 08:15:00+00:00,2.0587,2.0595,2.0576,2.0584,808082.8
2026-01-13 08:20:00+00:00,2.0584,2.059,2.0576,2.0581,547965.1
2026-01-13 08:25:00+00:00,2.0582,2.0586,2.0561,2.0567,830118.9
2026-01-13 08:30:00+00:00,2.0567,2.0574,2.0557,2.0571,524499.2
2026-01-13 08:35:00+00:00,2.0572,2.062,2.057,2.0613,1406752.7
2026-01-13 08:40:00+00:00,2.0613,2.0625,2.0604,2.0624,880775.2
2026-01-13 08:45:00+00:00,2.0623,2.0676,2.0619,2.0673,1535372.3
2026-01-13 08:50:00+00:00,2.0673,2.0687,2.0651,2.0658,1598783.2
2026-01-13 08:55:00+00:00,2.0658,2.0658,2.0638,2.0648,622319.5
2026-01-13 09:00:00+00:00,2.0649,2.0688,2.0638,2.0676,1262618.4
2026-01-13 09:05:00+00:00,2.0677,2.0684,2.0632,2.0636,1045043.8
2026-01-13 09:10:00+00:00,2.0636,2.0667,2.0635,2.0667,539873.1
2026-01-13 09:15:00+00:00,2.0668,2.0691,2.064,2.0661,913942.7
2026-01-13 09:20:00+00:00,2.0661,2.0738,2.0659,2.0722,3918373.5
2026-01-13 09:25:00+00:00,2.0722,2.0722,2.0693,2.0712,1258694.6
2026-01-13 09:30:00+00:00,2.0712,2.073,2.0678,2.0678,1410885.2
2026-01-13 09:35:00+00:00,2.0679,2.0689,2.065,2.068,1902304.3
2026-01-13 09:40:00+00:00,2.068,2.0681,2.0586,2.0626,3475071.8
2026-01-13 09:45:00+00:00,2.0626,2.067,2.0625,2.066,1465266.9
2026-01-13 09:50:00+00:00,2.066,2.067,2.0635,2.0641,505163.7
2026-01-13 09:55:00+00:00,2.064,2.0651,2.0615,2.0645,817674.5
2026-01-13 10:00:00+00:00,2.0646,2.068,2.0624,2.0672,978073.0
2026-01-13 10:05:00+00:00,2.0672,2.0694,2.0653,2.0678,640808.9
2026-01-13 10:10:00+00:00,2.0678,2.0687,2.0648,2.0648,365454.3
2026-01-13 10:15:00+00:00,2.0649,2.0652,2.0635,2.0643,668991.1
2026-01-13 10:20:00+00:00,2.0643,2.0662,2.0639,2.0662,410419.4
2026-01-13 10:25:00+00:00,2.0662,2.0662,2.0636,2.0646,368665.6
2026-01-13 10:30:00+00:00,2.0646,2.0651,2.062,2.0626,390234.0
2026-01-13 10:35:00+00:00,2.0626,2.0637,2.0615,2.0626,391057.0
2026-01-13 10:40:00+00:00,2.0626,2.0628,2.0573,2.0581,1762578.0
2026-01-13 10:45:00+00:00,2.0582,2.0594,2.057,2.0587,1088611.1
2026-01-13 10:50:00+00:00,2.0587,2.0598,2.0577,2.0579,426388.3
2026-01-13 10:55:00+00:00,2.0578,2.0604,2.0578,2.0596,500182.9
2026-01-13 11:00:00+00:00,2.0597,2.06,2.0565,2.0574,793203.9
2026-01-13 11:05:00+00:00,2.0574,2.0594,2.0567,2.0592,773104.6
2026-01-13 11:10:00+00:00,2.0593,2.061,2.0586,2.0586,595720.9
2026-01-13 11:15:00+00:00,2.0586,2.0608,2.0584,2.0585,914731.8
2026-01-13 11:20:00+00:00,2.0585,2.0626,2.0585,2.0616,570639.5
2026-01-13 11:25:00+00:00,2.0616,2.0626,2.0606,2.0612,499587.0
2026-01-13 11:30:00+00:00,2.0612,2.0619,2.0594,2.0594,547651.3
2026-01-13 11:35:00+00:00,2.0594,2.0623,2.0593,2.062,587906.4
2026-01-13 11:40:00+00:00,2.062,2.0621,2.0595,2.0595,574129.5
2026-01-13 11:45:00+00:00,2.0595,2.0606,2.0581,2.0589,686615.7
2026-01-13 11:50:00+00:00,2.0589,2.0606,2.0588,2.0606,307616.0
2026-01-13 11:55:00+00:00,2.0606,2.0624,2.0592,2.0595,523436.8
2026-01-13 12:00:00+00:00,2.0594,2.06,2.0571,2.0576,864404.5
2026-01-13 12:05:00+00:00,2.0577,2.0586,2.055,2.0582,1498345.8
2026-01-13 12:10:00+00:00,2.0581,2.0589,2.0556,2.0556,889075.5
2026-01-13 12:15:00+00:00,2.0556,2.0603,2.0554,2.0594,705459.9
2026-01-13 12:20:00+00:00,2.0594,2.0609,2.0593,2.0594,1004511.0
2026-01-13 12:25:00+00:00,2.0595,2.0608,2.0576,2.06,1256116.9
2026-01-13 12:30:00+00:00,2.06,2.0624,2.0599,2.0612,830342.9
2026-01-13 12:35:00+00:00,2.0611,2.0617,2.06,2.0608,388285.0
2026-01-13 12:40:00+00:00,2.0607,2.0624,2.0603,2.0614,823049.0
2026-01-13 12:45:00+00:00,2.0614,2.062,2.0602,2.0609,466763.0
2026-01-13 12:50:00+00:00,2.0609,2.0634,2.0603,2.0626,1174711.9
2026-01-13 12:55:00+00:00,2.0627,2.0628,2.0607,2.0624,1375906.5
2026-01-13 13:00:00+00:00,2.0624,2.0624,2.0585,2.0594,1209656.6
2026-01-13 13:05:00+00:00,2.0594,2.0637,2.0591,2.0614,1377831.2
2026-01-13 13:10:00+00:00,2.0614,2.0616,2.0592,2.0597,505966.2
2026-01-13 13:15:00+00:00,2.0597,2.0601,2.0584,2.0585,705199.7
2026-01-13 13:20:00+00:00,2.0586,2.0612,2.0585,2.0602,463608.3
2026-01-13 13:25:00+00:00,2.0602,2.0639,2.0593,2.0632,1003125.3
2026-01-13 13:30:00+00:00,2.0633,2.0779,2.0633,2.0688,17533012.3
2026-01-13 13:35:00+00:00,2.0688,2.0752,2.064,2.0657,8389046.4
2026-01-13 13:40:00+00:00,2.0657,2.0705,2.0641,2.0701,3836782.3
2026-01-13 13:45:00+00:00,2.0701,2.0723,2.0675,2.0722,1832961.6
2026-01-13 13:50:00+00:00,2.0723,2.0725,2.0643,2.0698,2646528.5
2026-01-13 13:55:00+00:00,2.0697,2.0697,2.0671,2.0674,787140.3
2026-01-13 14:00:00+00:00,2.0675,2.0678,2.0595,2.0642,3882855.8
2026-01-13 14:05:00+00:00,2.0642,2.068,2.0642,2.0679,1257574.5
2026-01-13 14:10:00+00:00,2.0679,2.0704,2.0674,2.0699,1153823.1
2026-01-13 14:15:00+00:00,2.0699,2.0765,2.0694,2.0745,3124595.8
2026-01-13 14:20:00+00:00,2.0744,2.0823,2.0744,2.0809,4401179.7
2026-01-13 14:25:00+00:00,2.0809,2.0848,2.0787,2.0842,2366217.1
2026-01-13 14:30:00+00:00,2.0842,2.0885,2.0809,2.0873,6208528.0
2026-01-13 14:35:00+00:00,2.0873,2.0969,2.0867,2.091,6878420.3
2026-01-13 14:40:00+00:00,2.0909,2.0959,2.0873,2.0896,4583594.6
2026-01-13 14:45:00+00:00,2.0896,2.0913,2.0807,2.0814,4526455.7
2026-01-13 14:50:00+00:00,2.0813,2.0846,2.0754,2.0762,4766441.7
2026-01-13 14:55:00+00:00,2.0762,2.0797,2.0755,2.0766,1769753.6
2026-01-13 15:00:00+00:00,2.0767,2.0795,2.0681,2.0737,5221809.5
2026-01-13 15:05:00+00:00,2.0737,2.0807,2.0716,2.075,2993721.1
2026-01-13 15:10:00+00:00,2.0749,2.0771,2.0715,2.0764,2418436.6
2026-01-13 15:15:00+00:00,2.0765,2.0765,2.0646,2.0684,5634759.0
2026-01-13 15:20:00+00:00,2.0685,2.071,2.0646,2.0703,2111670.8
2026-01-13 15:25:00+00:00,2.0702,2.0728,2.0674,2.0721,2235215.6
2026-01-13 15:30:00+00:00,2.0722,2.0852,2.0718,2.0825,4236769.1
2026-01-13 15:35:00+00:00,2.0824,2.0904,2.0815,2.0861,5798903.0
2026-01-13 15:40:00+00:00,2.086,2.0882,2.0829,2.0847,2511427.2
2026-01-13 15:45:00+00:00,2.0847,2.0877,2.0799,2.0802,1768972.5
2026-01-13 15:50:00+00:00,2.0802,2.0899,2.0786,2.0897,1563292.7
2026-01-13 15:55:00+00:00,2.0897,2.1008,2.0891,2.0975,10400067.3
2026-01-13 16:00:00+00:00,2.0974,2.106,2.0971,2.1016,8300863.0
2026-01-13 16:05:00+00:00,2.1016,2.1078,2.0998,2.1001,7778497.8
2026-01-13 16:10:00+00:00,2.1001,2.1024,2.0933,2.0934,4351994.0
2026-01-13 16:15:00+00:00,2.0933,2.0969,2.0887,2.093,3496098.2
2026-01-13 16:20:00+00:00,2.0931,2.099,2.0915,2.0931,3322129.2
2026-01-13 16:25:00+00:00,2.093,2.0955,2.0876,2.0954,6828412.7
2026-01-13 16:30:00+00:00,2.0953,2.108,2.0925,2.1074,7083531.8
2026-01-13 16:35:00+00:00,2.1075,2.1092,2.1002,2.1026,4435486.1
2026-01-13 16:40:00+00:00,2.1025,2.1124,2.0992,2.1059,10158378.2
2026-01-13 16:45:00+00:00,2.106,2.1131,2.1047,2.1116,3570506.0
2026-01-13 16:50:00+00:00,2.1115,2.1125,2.1067,2.1098,4578219.1
2026-01-13 16:55:00+00:00,2.1098,2.1139,2.1033,2.1039,3787638.6
2026-01-13 17:00:00+00:00,2.1039,2.1075,2.1034,2.1045,2219745.0
2026-01-13 17:05:00+00:00,2.1044,2.1045,2.0962,2.0962,2978287.9
2026-01-13 17:10:00+00:00,2.0962,2.0965,2.0898,2.0932,6216955.3
2026-01-13 17:15:00+00:00,2.0932,2.0946,2.0831,2.0886,3467253.6
2026-01-13 17:20:00+00:00,2.0886,2.0941,2.0857,2.0922,2774890.2
2026-01-13 17:25:00+00:00,2.0921,2.0957,2.09,2.0941,1709706.7
2026-01-13 17:30:00+00:00,2.0942,2.0965,2.0879,2.0947,2912465.2
2026-01-13 17:35:00+00:00,2.0947,2.0948,2.0893,2.0893,1270839.4
2026-01-13 17:40:00+00:00,2.0893,2.0974,2.0887,2.0929,2311214.0
2026-01-13 17:45:00+00:00,2.0929,2.0954,2.0912,2.0933,1545169.0
2026-01-13 17:50:00+00:00,2.0932,2.0946,2.09,2.0921,933694.3
2026-01-13 17:55:00+00:00,2.092,2.0923,2.0884,2.0909,1320812.3
2026-01-13 18:00:00+00:00,2.0909,2.0948,2.0876,2.0937,2000108.5
2026-01-13 18:05:00+00:00,2.0938,2.0991,2.0928,2.0978,1825901.3
2026-01-13 18:10:00+00:00,2.0977,2.1024,2.0953,2.1017,1463908.8
2026-01-13 18:15:00+00:00,2.1017,2.1064,2.1006,2.1049,1800661.7
2026-01-13 18:20:00+00:00,2.1049,2.1103,2.1028,2.1062,2854725.0
2026-01-13 18:25:00+00:00,2.1063,2.1071,2.1028,2.1046,1344198.1
2026-01-13 18:30:00+00:00,2.1045,2.1083,2.1035,2.1062,1305885.8
2026-01-13 18:35:00+00:00,2.1063,2.1102,2.1061,2.1072,1207928.6
2026-01-13 18:40:00+00:00,2.1073,2.1075,2.1018,2.1064,1444932.8
2026-01-13 18:45:00+00:00,2.1065,2.1125,2.1065,2.1082,2836152.8
2026-01-13 18:50:00+00:00,2.1083,2.1083,2.1025,2.1047,1455619.5
2026-01-13 18:55:00+00:00,2.1048,2.1057,2.1029,2.1057,816033.1
2026-01-13 19:00:00+00:00,2.1057,2.1074,2.1025,2.1051,1830408.3
2026-01-13 19:05:00+00:00,2.1051,2.1071,2.1027,2.1068,1084597.9
2026-01-13 19:10:00+00:00,2.1068,2.1103,2.1062,2.1075,1073919.3
2026-01-13 19:15:00+00:00,2.1076,2.1089,2.1051,2.1081,1337597.5
2026-01-13 19:20:00+00:00,2.108,2.1104,2.107,2.1075,814337.7
2026-01-13 19:25:00+00:00,2.1076,2.1125,2.1063,2.1117,1622283.1
2026-01-13 19:30:00+00:00,2.1117,2.1202,2.1098,2.1167,5430566.2
2026-01-13 19:35:00+00:00,2.1167,2.1222,2.1158,2.1192,2669538.6
2026-01-13 19:40:00+00:00,2.1192,2.1215,2.1171,2.1202,2045750.3
2026-01-13 19:45:00+00:00,2.1203,2.123,2.119,2.1228,2487590.0
2026-01-13 19:50:00+00:00,2.1227,2.1387,2.1226,2.1331,10217140.3
2026-01-13 19:55:00+00:00,2.1332,2.1388,2.1319,2.1384,3401334.3
2026-01-13 20:00:00+00:00,2.1384,2.1459,2.1379,2.1415,8149702.3
2026-01-13 20:05:00+00:00,2.1415,2.1442,2.1366,2.1378,4233890.1
2026-01-13 20:10:00+00:00,2.1378,2.1436,2.132,2.1427,3934602.2
2026-01-13 20:15:00+00:00,2.1427,2.1488,2.1385,2.1412,5000676.3
2026-01-13 20:20:00+00:00,2.1412,2.1463,2.141,2.1452,3017164.0
2026-01-13 20:25:00+00:00,2.1452,2.1452,2.1344,2.1392,3351591.5
2026-01-13 20:30:00+00:00,2.1392,2.1405,2.128,2.1291,4990388.8
2026-01-13 20:35:00+00:00,2.1292,2.1296,2.1208,2.1246,6242416.6
2026-01-13 20:40:00+00:00,2.1247,2.1266,2.1173,2.1256,3798893.0
2026-01-13 20:45:00+00:00,2.1256,2.132,2.1242,2.1245,2992447.6
2026-01-13 20:50:00+00:00,2.1245,2.1279,2.1241,2.1263,2020405.7
2026-01-13 20:55:00+00:00,2.1263,2.136,2.1234,2.1313,3395278.7
2026-01-13 21:00:00+00:00,2.1314,2.1404,2.1301,2.1395,3661697.3
2026-01-13 21:05:00+00:00,2.1396,2.1412,2.1319,2.1342,3254411.5
2026-01-13 21:10:00+00:00,2.1342,2.1344,2.1284,2.1288,1647130.6
2026-01-13 21:15:00+00:00,2.1287,2.1351,2.1278,2.1304,1758457.3
2026-01-13 21:20:00+00:00,2.1305,2.1355,2.1305,2.1335,1390933.2
2026-01-13 21:25:00+00:00,2.1334,2.1341,2.1284,2.1284,986953.3
2026-01-13 21:30:00+00:00,2.1284,2.1295,2.1253,2.1257,1638187.0
2026-01-13 21:35:00+00:00,2.1257,2.1274,2.1237,2.1244,1140616.2
2026-01-13 21:40:00+00:00,2.1245,2.1246,2.1215,2.1233,1452834.0
2026-01-13 21:45:00+00:00,2.1233,2.1268,2.1221,2.1268,1403085.6
2026-01-13 21:50:00+00:00,2.1268,2.1272,2.1196,2.1219,2198999.4
2026-01-13 21:55:00+00:00,2.122,2.1223,2.1195,2.12,1204972.3
2026-01-13 22:00:00+00:00,2.1199,2.1234,2.1197,2.1211,1726466.9
2026-01-13 22:05:00+00:00,2.121,2.1497,2.1194,2.1488,7228271.4
2026-01-13 22:10:00+00:00,2.1488,2.173,2.1467,2.1599,25293995.3
2026-01-13 22:15:00+00:00,2.1599,2.1729,2.1552,2.1676,7616446.6
2026-01-13 22:20:00+00:00,2.1676,2.1706,2.1603,2.1612,4709313.8
2026-01-13 22:25:00+00:00,2.1613,2.1659,2.1581,2.1583,4470580.0
2026-01-13 22:30:00+00:00,2.1583,2.1637,2.1575,2.158,2630463.1
2026-01-13 22:35:00+00:00,2.1581,2.1627,2.1487,2.1605,4723099.0
2026-01-13 22:40:00+00:00,2.1606,2.169,2.1601,2.1686,3446074.2
2026-01-13 22:45:00+00:00,2.1686,2.1812,2.1685,2.1738,4632396.3
2026-01-13 22:50:00+00:00,2.1738,2.1754,2.1669,2.1688,2606871.1
2026-01-13 22:55:00+00:00,2.1688,2.1739,2.1687,2.1736,1580791.3
2026-01-13 23:00:00+00:00,2.1737,2.184,2.1731,2.1801,8687753.7
2026-01-13 23:05:00+00:00,2.18,2.1807,2.1739,2.1773,4826552.1
2026-01-13 23:10:00+00:00,2.1774,2.1799,2.175,2.1785,2286335.0
2026-01-13 23:15:00+00:00,2.1785,2.1821,2.1758,2.1803,3447109.7
2026-01-13 23:20:00+00:00,2.1803,2.1813,2.1721,2.1732,3658663.1
2026-01-13 23:25:00+00:00,2.1732,2.1733,2.1613,2.1648,4934118.4
2026-01-13 23:30:00+00:00,2.1647,2.169,2.1583,2.159,3128369.5
2026-01-13 23:35:00+00:00,2.159,2.1604,2.1494,2.1526,5360571.4
2026-01-13 23:40:00+00:00,2.1526,2.1583,2.1526,2.1575,3640229.9
2026-01-13 23:45:00+00:00,2.1575,2.1586,2.1509,2.1533,1829623.7
2026-01-13 23:50:00+00:00,2.1532,2.1625,2.1518,2.1618,2334303.6
2026-01-13 23:55:00+00:00,2.1618,2.1674,2.1614,2.1645,1756321.5
2026-01-14 00:00:00+00:00,2.1645,2.1688,2.1598,2.1611,5420691.6
2026-01-14 00:05:00+00:00,2.1611,2.166,2.1588,2.1654,2163469.5
2026-01-14 00:10:00+00:00,2.1654,2.168,2.1594,2.1614,1617477.5
2026-01-14 00:15:00+00:00,2.1614,2.1649,2.1577,2.1594,1935910.9
2026-01-14 00:20:00+00:00,2.1595,2.1648,2.1593,2.163,1400111.3
2026-01-14 00:25:00+00:00,2.1629,2.1663,2.1609,2.1611,999734.3
2026-01-14 00:30:00+00:00,2.1612,2.1623,2.156,2.1612,2485723.1
2026-01-14 00:35:00+00:00,2.1611,2.1645,2.1564,2.1643,4127845.2
2026-01-14 00:40:00+00:00,2.1643,2.1777,2.1639,2.173,5084577.8
2026-01-14 00:45:00+00:00,2.173,2.1776,2.1648,2.1657,2704303.8
2026-01-14 00:50:00+00:00,2.1657,2.1701,2.1625,2.1679,2085187.2
2026-01-14 00:55:00+00:00,2.1678,2.1697,2.1638,2.1662,1353473.6
2026-01-14 01:00:00+00:00,2.1662,2.168,2.1631,2.1672,2027622.2
2026-01-14 01:05:00+00:00,2.1671,2.1728,2.1662,2.169,2296326.1
2026-01-14 01:10:00+00:00,2.1691,2.1727,2.1684,2.1717,1874920.3
2026-01-14 01:15:00+00:00,2.1718,2.1755,2.1664,2.1678,1684012.5
2026-01-14 01:20:00+00:00,2.1678,2.1704,2.1672,2.1698,983893.9
2026-01-14 01:25:00+00:00,2.1699,2.1732,2.1671,2.1678,1300081.6
2026-01-14 01:30:00+00:00,2.1679,2.172,2.166,2.1702,1024977.4
2026-01-14 01:35:00+00:00,2.1702,2.1721,2.1615,2.1621,1849192.2
2026-01-14 01:40:00+00:00,2.162,2.167,2.1583,2.1657,3787276.9
2026-01-14 01:45:00+00:00,2.1657,2.1705,2.1654,2.1685,2862518.2
2026-01-14 01:50:00+00:00,2.1685,2.1766,2.1682,2.1743,2268122.6
2026-01-14 01:55:00+00:00,2.1744,2.1757,2.1735,2.1741,1688542.6
2026-01-14 02:00:00+00:00,2.1741,2.1763,2.1728,2.173,2211213.7
2026-01-14 02:05:00+00:00,2.173,2.1767,2.173,2.1741,1563674.2
2026-01-14 02:10:00+00:00,2.1741,2.1801,2.1735,2.1795,2977446.4
2026-01-14 02:15:00+00:00,2.1795,2.1917,2.178,2.1817,6576643.2
2026-01-14 02:20:00+00:00,2.1818,2.1819,2.1791,2.1811,1580042.4
2026-01-14 02:25:00+00:00,2.1811,2.1811,2.1712,2.1753,2798770.7
2026-01-14 02:30:00+00:00,2.1754,2.1757,2.1716,2.1744,1352953.5
2026-01-14 02:35:00+00:00,2.1745,2.1784,2.1742,2.1757,1409824.2
2026-01-14 02:40:00+00:00,2.1758,2.1798,2.1736,2.1754,939715.4
2026-01-14 02:45:00+00:00,2.1754,2.178,2.1743,2.1758,813565.4
2026-01-14 02:50:00+00:00,2.1759,2.1759,2.1668,2.1705,5490544.6
2026-01-14 02:55:00+00:00,2.1705,2.1714,2.1686,2.1706,811699.4
2026-01-14 03:00:00+00:00,2.1705,2.1733,2.1699,2.1727,1233594.5
2026-01-14 03:05:00+00:00,2.1727,2.173,2.1681,2.1696,1100392.6
2026-01-14 03:10:00+00:00,2.1696,2.1766,2.1669,2.1737,1481500.7
2026-01-14 03:15:00+00:00,2.1736,2.1744,2.1721,2.173,990029.0
2026-01-14 03:20:00+00:00,2.173,2.1732,2.165,2.1682,1601423.1
2026-01-14 03:25:00+00:00,2.1681,2.1686,2.1662,2.167,687268.0
2026-01-14 03:30:00+00:00,2.1669,2.1749,2.1668,2.1736,901587.4
2026-01-14 03:35:00+00:00,2.1735,2.1786,2.1728,2.1779,2937014.0
2026-01-14 03:40:00+00:00,2.1779,2.1802,2.1759,2.1775,1234378.8
2026-01-14 03:45:00+00:00,2.1775,2.1789,2.1756,2.1775,759952.3
2026-01-14 03:50:00+00:00,2.1775,2.1819,2.1762,2.181,2338829.3
2026-01-14 03:55:00+00:00,2.1809,2.1844,2.1807,2.1829,1771919.7
2026-01-14 04:00:00+00:00,2.1828,2.1855,2.18,2.1804,3284162.5
2026-01-14 04:05:00+00:00,2.1804,2.1806,2.1714,2.1717,5083615.0
2026-01-14 04:10:00+00:00,2.1717,2.1733,2.1703,2.1727,1239349.8
2026-01-14 04:15:00+00:00,2.1727,2.1742,2.1697,2.172,4866832.2
2026-01-14 04:20:00+00:00,2.172,2.1765,2.1705,2.1753,856816.7
2026-01-14 04:25:00+00:00,2.1754,2.177,2.1735,2.1735,778224.8
2026-01-14 04:30:00+00:00,2.1734,2.1734,2.1692,2.1725,818399.1
2026-01-14 04:35:00+00:00,2.1724,2.1724,2.1681,2.1687,1064555.1
2026-01-14 04:40:00+00:00,2.1688,2.169,2.1655,2.1663,2199778.3
2026-01-14 04:45:00+00:00,2.1663,2.1689,2.166,2.168,651586.1
2026-01-14 04:50:00+00:00,2.1681,2.1681,2.1628,2.1643,1479457.6
2026-01-14 04:55:00+00:00,2.1642,2.1651,2.162,2.1624,1596643.3
2026-01-14 05:00:00+00:00,2.1623,2.1623,2.1574,2.1614,3878012.3
2026-01-14 05:05:00+00:00,2.1614,2.1626,2.1554,2.1559,2757155.6
2026-01-14 05:10:00+00:00,2.1559,2.1594,2.1554,2.159,2017507.3
2026-01-14 05:15:00+00:00,2.159,2.1626,2.1582,2.1622,1831808.7
2026-01-14 05:20:00+00:00,2.1622,2.1631,2.1516,2.1533,4605049.6
2026-01-14 05:25:00+00:00,2.1534,2.1574,2.1524,2.1556,3515256.9
2026-01-14 05:30:00+00:00,2.1557,2.158,2.1529,2.1575,1598945.9
2026-01-14 05:35:00+00:00,2.1575,2.1618,2.1559,2.1595,1271245.3
2026-01-14 05:40:00+00:00,2.1594,2.1608,2.1529,2.153,1203059.9
2026-01-14 05:45:00+00:00,2.153,2.1558,2.1518,2.1519,1312681.4
2026-01-14 05:50:00+00:00,2.1519,2.158,2.1508,2.1535,2109548.2
2026-01-14 05:55:00+00:00,2.1535,2.1538,2.152,2.1521,764491.6
2026-01-14 06:00:00+00:00,2.152,2.1521,2.1475,2.1484,3679437.8
2026-01-14 06:05:00+00:00,2.1483,2.1485,2.1376,2.1435,6563926.2
2026-01-14 06:10:00+00:00,2.1435,2.1484,2.1421,2.1459,3039528.1
2026-01-14 06:15:00+00:00,2.1459,2.1472,2.1426,2.1432,1148452.4
2026-01-14 06:20:00+00:00,2.1432,2.1435,2.139,2.141,2766990.0
2026-01-14 06:25:00+00:00,2.1411,2.1425,2.1384,2.1388,1955368.5
2026-01-14 06:30:00+00:00,2.1388,2.1401,2.1327,2.1348,4532048.4
2026-01-14 06:35:00+00:00,2.1349,2.1398,2.1326,2.139,2327509.9
2026-01-14 06:40:00+00:00,2.139,2.1441,2.1389,2.144,1506925.1
2026-01-14 06:45:00+00:00,2.1441,2.1461,2.1437,2.1448,2232087.8
2026-01-14 06:50:00+00:00,2.1447,2.1471,2.1446,2.1469,1138918.0
2026-01-14 06:55:00+00:00,2.1468,2.1493,2.1467,2.1484,1801207.8
2026-01-14 07:00:00+00:00,2.1485,2.1518,2.1466,2.1516,1649117.8
2026-01-14 07:05:00+00:00,2.1516,2.1555,2.1515,2.1541,2709969.0
2026-01-14 07:10:00+00:00,2.1542,2.1542,2.1499,2.1508,1988165.9
2026-01-14 07:15:00+00:00,2.1509,2.1534,2.1468,2.1484,1924781.9
2026-01-14 07:20:00+00:00,2.1484,2.152,2.1483,2.1499,772239.8
2026-01-14 07:25:00+00:00,2.1498,2.1499,2.1436,2.1448,1531993.3
2026-01-14 07:30:00+00:00,2.1448,2.1468,2.1429,2.1466,2272382.8
2026-01-14 07:35:00+00:00,2.1466,2.1475,2.1392,2.1416,3910174.3
2026-01-14 07:40:00+00:00,2.1417,2.1442,2.141,2.1431,1717790.8
2026-01-14 07:45:00+00:00,2.143,2.1492,2.143,2.1477,1323436.5
2026-01-14 07:50:00+00:00,2.1477,2.1489,2.1469,2.1475,1457511.5
2026-01-14 07:55:00+00:00,2.1475,2.1487,2.1467,2.1477,1470898.7
2026-01-14 08:00:00+00:00,2.1477,2.1493,2.145,2.1491,2109470.6
2026-01-14 08:05:00+00:00,2.1491,2.1506,2.1457,2.1468,1959208.1
2026-01-14 08:10:00+00:00,2.1468,2.1494,2.146,2.1491,1165687.1
2026-01-14 08:15:00+00:00,2.1491,2.1524,2.1483,2.1485,1231058.8
2026-01-14 08:20:00+00:00,2.1485,2.1513,2.148,2.1485,1266831.3
2026-01-14 08:25:00+00:00,2.1486,2.1497,2.1481,2.1483,897620.8
2026-01-14 08:30:00+00:00,2.1483,2.1501,2.1463,2.1474,1898546.4
2026-01-14 08:35:00+00:00,2.1475,2.1484,2.1441,2.1465,969416.5
2026-01-14 08:40:00+00:00,2.1464,2.1467,2.1442,2.1453,741870.0
2026-01-14 08:45:00+00:00,2.1453,2.1457,2.144,2.144,532112.5
2026-01-14 08:50:00+00:00,2.1441,2.1464,2.1435,2.1445,682301.7
2026-01-14 08:55:00+00:00,2.1444,2.1445,2.1415,2.1418,2499160.6
2026-01-14 09:00:00+00:00,2.1418,2.1436,2.1412,2.142,3555863.3
2026-01-14 09:05:00+00:00,2.142,2.1477,2.1407,2.1464,1859328.2
2026-01-14 09:10:00+00:00,2.1464,2.1531,2.1459,2.1523,1922010.7
2026-01-14 09:15:00+00:00,2.1523,2.1524,2.1499,2.15,1682114.3
2026-01-14 09:20:00+00:00,2.1499,2.152,2.1492,2.1501,1974811.0
2026-01-14 09:25:00+00:00,2.1501,2.1514,2.1472,2.1476,1778369.7
2026-01-14 09:30:00+00:00,2.1477,2.152,2.1465,2.152,3432357.7
2026-01-14 09:35:00+00:00,2.152,2.1531,2.1483,2.149,1479649.1
2026-01-14 09:40:00+00:00,2.149,2.1495,2.1481,2.1489,890605.8
2026-01-14 09:45:00+00:00,2.1489,2.1507,2.1485,2.1497,1127420.0
2026-01-14 09:50:00+00:00,2.1497,2.1498,2.145,2.1476,2720593.2
2026-01-14 09:55:00+00:00,2.1476,2.1485,2.1458,2.1466,1107800.2
2026-01-14 10:00:00+00:00,2.1466,2.1476,2.1457,2.1465,1386129.2
2026-01-14 10:05:00+00:00,2.1466,2.1472,2.1452,2.1465,1107828.4
2026-01-14 10:10:00+00:00,2.1466,2.1475,2.1458,2.1471,1225045.9
2026-01-14 10:15:00+00:00,2.1472,2.1481,2.1423,2.1424,1635587.2
2026-01-14 10:20:00+00:00,2.1423,2.1425,2.1343,2.1368,5465441.0
2026-01-14 10:25:00+00:00,2.1368,2.1377,2.132,2.1355,3326078.0
2026-01-14 10:30:00+00:00,2.1355,2.1396,2.1342,2.1344,1883485.4
2026-01-14 10:35:00+00:00,2.1344,2.1392,2.127,2.1385,5252366.3
2026-01-14 10:40:00+00:00,2.1386,2.14,2.1375,2.1381,816285.9
2026-01-14 10:45:00+00:00,2.1381,2.1386,2.1365,2.1371,777744.8
2026-01-14 10:50:00+00:00,2.137,2.1396,2.1365,2.1367,1345283.8
2026-01-14 10:55:00+00:00,2.1367,2.1367,2.1344,2.1347,969856.0
2026-01-14 11:00:00+00:00,2.1347,2.1347,2.1294,2.1294,1785332.8
2026-01-14 11:05:00+00:00,2.1295,2.1311,2.1272,2.13,2151087.8
2026-01-14 11:10:00+00:00,2.13,2.13,2.1242,2.127,4435189.6
2026-01-14 11:15:00+00:00,2.1269,2.127,2.1214,2.123,3180637.8
2026-01-14 11:20:00+00:00,2.1229,2.129,2.1229,2.1271,2011606.2
2026-01-14 11:25:00+00:00,2.127,2.128,2.1262,2.127,736762.2
2026-01-14 11:30:00+00:00,2.127,2.1279,2.125,2.1267,883806.9
2026-01-14 11:35:00+00:00,2.1267,2.1273,2.1229,2.1245,904741.6
2026-01-14 11:40:00+00:00,2.1245,2.1248,2.12,2.122,2255985.5
2026-01-14 11:45:00+00:00,2.1221,2.1229,2.1181,2.1204,2411262.2
2026-01-14 11:50:00+00:00,2.1204,2.1204,2.1139,2.1149,3974214.8
2026-01-14 11:55:00+00:00,2.115,2.1165,2.1111,2.115,3969180.9
2026-01-14 12:00:00+00:00,2.1151,2.1171,2.111,2.1171,3349133.7
2026-01-14 12:05:00+00:00,2.117,2.119,2.1157,2.1163,2828783.2
2026-01-14 12:10:00+00:00,2.1163,2.1193,2.1163,2.1189,2934566.7
2026-01-14 12:15:00+00:00,2.1188,2.1197,2.1171,2.1183,1369162.0
2026-01-14 12:20:00+00:00,2.1182,2.1222,2.1179,2.1207,2278628.9
2026-01-14 12:25:00+00:00,2.1207,2.1237,2.1201,2.1215,2322720.1
2026-01-14 12:30:00+00:00,2.1215,2.1221,2.1196,2.1216,2068580.2
2026-01-14 12:35:00+00:00,2.1216,2.1255,2.1214,2.1246,1757143.9
2026-01-14 12:40:00+00:00,2.1246,2.1264,2.1223,2.1224,1641055.8
2026-01-14 12:45:00+00:00,2.1223,2.1232,2.1211,2.1225,713097.1
2026-01-14 12:50:00+00:00,2.1225,2.1243,2.1212,2.1241,852308.8
2026-01-14 12:55:00+00:00,2.1242,2.1254,2.124,2.1243,940028.5
2026-01-14 13:00:00+00:00,2.1243,2.1244,2.1201,2.1204,1292984.4
2026-01-14 13:05:00+00:00,2.1204,2.1215,2.1176,2.1204,1751165.4
2026-01-14 13:10:00+00:00,2.1204,2.1224,2.1187,2.1202,817067.8
2026-01-14 13:15:00+00:00,2.1202,2.1216,2.1193,2.1207,1165547.0
2026-01-14 13:20:00+00:00,2.1207,2.128,2.1205,2.1258,3073588.4
2026-01-14 13:25:00+00:00,2.1259,2.1284,2.1247,2.1275,1655831.2
2026-01-14 13:30:00+00:00,2.1275,2.131,2.1239,2.1265,3271319.8
2026-01-14 13:35:00+00:00,2.1265,2.1298,2.1215,2.1223,1707651.0
2026-01-14 13:40:00+00:00,2.1223,2.1244,2.1214,2.1223,1105517.9
2026-01-14 13:45:00+00:00,2.1224,2.1239,2.1144,2.1152,2833016.8
2026-01-14 13:50:00+00:00,2.1151,2.1151,2.1102,2.1139,4712204.5
2026-01-14 13:55:00+00:00,2.1139,2.1156,2.1119,2.1149,1312709.1
2026-01-14 14:00:00+00:00,2.1149,2.1235,2.1137,2.1233,2872616.2
2026-01-14 14:05:00+00:00,2.1232,2.132,2.1219,2.1306,3818019.3
2026-01-14 14:10:00+00:00,2.1306,2.1359,2.1288,2.1322,3451665.1
2026-01-14 14:15:00+00:00,2.1322,2.14,2.1305,2.1347,4156160.8
2026-01-14 14:20:00+00:00,2.1346,2.1433,2.133,2.1421,4167946.9
2026-01-14 14:25:00+00:00,2.1422,2.1428,2.1361,2.1375,2603103.6
2026-01-14 14:30:00+00:00,2.1375,2.1431,2.1323,2.1401,5922050.8
2026-01-14 14:35:00+00:00,2.1402,2.1464,2.1352,2.1445,5681434.3
2026-01-14 14:40:00+00:00,2.1444,2.1477,2.1408,2.1442,5812080.2
2026-01-14 14:45:00+00:00,2.1442,2.16,2.1428,2.1585,9633282.7
2026-01-14 14:50:00+00:00,2.1585,2.1679,2.1556,2.167,10197692.0
2026-01-14 14:55:00+00:00,2.1669,2.1669,2.1554,2.1588,6249819.6
2026-01-14 15:00:00+00:00,2.1588,2.159,2.145,2.1508,11562121.9
2026-01-14 15:05:00+00:00,2.1507,2.1575,2.1479,2.1568,5011964.6
2026-01-14 15:10:00+00:00,2.1568,2.17,2.1544,2.1668,6699006.6
2026-01-14 15:15:00+00:00,2.1669,2.1709,2.163,2.17,5801228.0
2026-01-14 15:20:00+00:00,2.17,2.1731,2.1659,2.1693,3562331.3
2026-01-14 15:25:00+00:00,2.1694,2.172,2.1655,2.1658,2959060.0
2026-01-14 15:30:00+00:00,2.1657,2.1658,2.1559,2.1623,5380422.6
2026-01-14 15:35:00+00:00,2.1622,2.1648,2.1455,2.149,5721572.9
2026-01-14 15:40:00+00:00,2.1491,2.15,2.144,2.1464,3916833.0
2026-01-14 15:45:00+00:00,2.1465,2.1495,2.1414,2.1493,4131689.1
2026-01-14 15:50:00+00:00,2.1493,2.1506,2.1416,2.1502,3160506.6
2026-01-14 15:55:00+00:00,2.1501,2.1556,2.15,2.1547,4665601.1
2026-01-14 16:00:00+00:00,2.1547,2.163,2.1546,2.1607,4684060.4
2026-01-14 16:05:00+00:00,2.1606,2.1649,2.1562,2.1637,3997866.7
2026-01-14 16:10:00+00:00,2.1638,2.171,2.1632,2.1692,6772629.8
2026-01-14 16:15:00+00:00,2.1693,2.1733,2.1637,2.1709,5273515.6
2026-01-14 16:20:00+00:00,2.1709,2.1741,2.1613,2.1645,4304041.0
2026-01-14 16:25:00+00:00,2.1645,2.1658,2.1631,2.1651,1857511.3
2026-01-14 16:30:00+00:00,2.165,2.1758,2.1625,2.1631,5796782.3
2026-01-14 16:35:00+00:00,2.1632,2.1684,2.1564,2.1678,3868915.9
2026-01-14 16:40:00+00:00,2.1678,2.1687,2.1625,2.1657,3325713.2
2026-01-14 16:45:00+00:00,2.1657,2.1722,2.1639,2.167,3207587.3
2026-01-14 16:50:00+00:00,2.1669,2.1678,2.162,2.1637,2792018.4
2026-01-14 16:55:00+00:00,2.1637,2.1638,2.1545,2.1589,4616754.3
2026-01-14 17:00:00+00:00,2.1589,2.1628,2.1567,2.1595,1873919.3
2026-01-14 17:05:00+00:00,2.1594,2.1636,2.1581,2.1618,1568814.5
2026-01-14 17:10:00+00:00,2.1618,2.1656,2.1607,2.1639,1636047.0
2026-01-14 17:15:00+00:00,2.1638,2.1645,2.1588,2.1598,1975375.2
2026-01-14 17:20:00+00:00,2.1598,2.1616,2.1559,2.1571,1598548.0
2026-01-14 17:25:00+00:00,2.1572,2.162,2.1572,2.1583,1792386.0
2026-01-14 17:30:00+00:00,2.1582,2.1582,2.1467,2.1467,4149241.4
2026-01-14 17:35:00+00:00,2.1468,2.1495,2.1414,2.1437,7142406.8
2026-01-14 17:40:00+00:00,2.1437,2.1489,2.1429,2.1464,2721952.3
2026-01-14 17:45:00+00:00,2.1464,2.1539,2.1452,2.1505,2422760.6
2026-01-14 17:50:00+00:00,2.1505,2.1505,2.1355,2.1365,4915388.7
2026-01-14 17:55:00+00:00,2.1364,2.1409,2.135,2.1378,1749088.9
2026-01-14 18:00:00+00:00,2.1377,2.1409,2.1338,2.1405,3117733.8
2026-01-14 18:05:00+00:00,2.1404,2.1455,2.1403,2.144,2233603.7
2026-01-14 18:10:00+00:00,2.144,2.1453,2.1386,2.1409,2241243.0
2026-01-14 18:15:00+00:00,2.1409,2.1411,2.13,2.1402,3935851.5
2026-01-14 18:20:00+00:00,2.1401,2.1459,2.1385,2.1458,1981915.2
2026-01-14 18:25:00+00:00,2.1458,2.1511,2.1449,2.1501,1834098.6
2026-01-14 18:30:00+00:00,2.1501,2.1526,2.1283,2.1297,4016587.5
2026-01-14 18:35:00+00:00,2.1297,2.1313,2.1243,2.1266,6005211.5
2026-01-14 18:40:00+00:00,2.1266,2.1322,2.1253,2.1274,2435802.1
2026-01-14 18:45:00+00:00,2.1275,2.1346,2.1236,2.1341,2909923.3
2026-01-14 18:50:00+00:00,2.134,2.1404,2.1336,2.1401,2345672.0
2026-01-14 18:55:00+00:00,2.1401,2.1432,2.1381,2.1391,2107962.8
2026-01-14 19:00:00+00:00,2.1391,2.1406,2.1333,2.1397,2030668.1
2026-01-14 19:05:00+00:00,2.1396,2.1433,2.1344,2.1431,1903435.0
2026-01-14 19:10:00+00:00,2.1431,2.1444,2.1402,2.1444,1457507.5
2026-01-14 19:15:00+00:00,2.1443,2.1486,2.1439,2.1461,1834527.0
2026-01-14 19:20:00+00:00,2.1461,2.1524,2.1447,2.1494,2713382.1
2026-01-14 19:25:00+00:00,2.1494,2.1616,2.1472,2.1606,4907939.3
2026-01-14 19:30:00+00:00,2.1607,2.1649,2.1501,2.1517,3821609.5
2026-01-14 19:35:00+00:00,2.1516,2.1572,2.1486,2.1562,1569394.7
2026-01-14 19:40:00+00:00,2.1563,2.1587,2.1538,2.1539,1548893.7
2026-01-14 19:45:00+00:00,2.1539,2.1552,2.152,2.1529,1008020.4
2026-01-14 19:50:00+00:00,2.1529,2.1557,2.1458,2.1468,2231370.0
2026-01-14 19:55:00+00:00,2.1468,2.147,2.1436,2.1454,1539219.0
2026-01-14 20:00:00+00:00,2.1454,2.1513,2.1422,2.147,2784231.3
2026-01-14 20:05:00+00:00,2.147,2.1563,2.1457,2.1547,2176683.5
2026-01-14 20:10:00+00:00,2.1547,2.1608,2.1522,2.1546,3211288.3
2026-01-14 20:15:00+00:00,2.1546,2.1546,2.1481,2.1512,1236146.4
2026-01-14 20:20:00+00:00,2.1512,2.1535,2.1493,2.151,799321.2
2026-01-14 20:25:00+00:00,2.151,2.151,2.1416,2.1424,2445663.2
2026-01-14 20:30:00+00:00,2.1425,2.1494,2.1419,2.1467,1293342.5
2026-01-14 20:35:00+00:00,2.1468,2.1509,2.1431,2.1502,1706900.1
2026-01-14 20:40:00+00:00,2.1501,2.1517,2.1451,2.1451,1510938.9
2026-01-14 20:45:00+00:00,2.1452,2.1462,2.1401,2.1412,1817642.7
2026-01-14 20:50:00+00:00,2.1412,2.1448,2.1383,2.1431,1756138.2
2026-01-14 20:55:00+00:00,2.1431,2.1488,2.1421,2.1486,1208860.2
2026-01-14 21:00:00+00:00,2.1485,2.1485,2.1443,2.146,837536.3
2026-01-14 21:05:00+00:00,2.1461,2.149,2.1437,2.1447,677160.5
2026-01-14 21:10:00+00:00,2.1447,2.1457,2.1427,2.1437,695574.8
2026-01-14 21:15:00+00:00,2.1437,2.1461,2.1416,2.1449,764200.8
2026-01-14 21:20:00+00:00,2.145,2.1495,2.1445,2.1487,639754.5
2026-01-14 21:25:00+00:00,2.1488,2.1513,2.1453,2.1505,591810.9
2026-01-14 21:30:00+00:00,2.1505,2.1541,2.1498,2.152,697172.4
2026-01-14 21:35:00+00:00,2.152,2.153,2.1504,2.1506,606382.2
2026-01-14 21:40:00+00:00,2.1506,2.1514,2.1474,2.1489,587414.0
2026-01-14 21:45:00+00:00,2.1489,2.1497,2.1466,2.147,636235.3
2026-01-14 21:50:00+00:00,2.1469,2.1487,2.1413,2.1424,1142509.9
2026-01-14 21:55:00+00:00,2.1424,2.1471,2.1404,2.147,1474793.5
2026-01-14 22:00:00+00:00,2.1469,2.1469,2.1428,2.1429,1045337.8
2026-01-14 22:05:00+00:00,2.143,2.1464,2.1415,2.1428,1133677.0
2026-01-14 22:10:00+00:00,2.1429,2.1454,2.1423,2.143,989026.9
2026-01-14 22:15:00+00:00,2.1429,2.1446,2.1425,2.1439,490326.0
2026-01-14 22:20:00+00:00,2.144,2.1458,2.1423,2.143,516997.6
2026-01-14 22:25:00+00:00,2.1431,2.1434,2.1389,2.1396,1365025.7
2026-01-14 22:30:00+00:00,2.1396,2.1415,2.1329,2.1378,2228002.8
2026-01-14 22:35:00+00:00,2.1378,2.1388,2.1331,2.1333,1919635.4
2026-01-14 22:40:00+00:00,2.1332,2.1346,2.1305,2.1329,1640596.3
2026-01-14 22:45:00+00:00,2.1329,2.1397,2.1329,2.1394,1037716.0
2026-01-14 22:50:00+00:00,2.1394,2.1395,2.1354,2.1356,1357823.3
2026-01-14 22:55:00+00:00,2.1356,2.1371,2.1318,2.1348,1150152.2
2026-01-14 23:00:00+00:00,2.1348,2.1415,2.1348,2.1403,2021082.1
2026-01-14 23:05:00+00:00,2.1402,2.1429,2.1389,2.1428,925627.4
2026-01-14 23:10:00+00:00,2.1429,2.1429,2.1402,2.1417,931249.0
2026-01-14 23:15:00+00:00,2.1417,2.146,2.1395,2.1395,1239114.4
2026-01-14 23:20:00+00:00,2.1395,2.1407,2.1356,2.1356,706646.1
2026-01-14 23:25:00+00:00,2.1356,2.1371,2.132,2.1328,1217569.5
2026-01-14 23:30:00+00:00,2.1327,2.1341,2.1307,2.1337,994081.3
2026-01-14 23:35:00+00:00,2.1336,2.1368,2.1336,2.136,789948.0
2026-01-14 23:40:00+00:00,2.136,2.1368,2.1349,2.1364,431435.0
2026-01-14 23:45:00+00:00,2.1363,2.1382,2.1358,2.1376,338616.0
2026-01-14 23:50:00+00:00,2.1376,2.1424,2.1373,2.1385,2386537.3
2026-01-14 23:55:00+00:00,2.1384,2.1403,2.1376,2.1385,668991.3
2026-01-15 00:00:00+00:00,2.1385,2.1392,2.1358,2.137,2106028.8
2026-01-15 00:05:00+00:00,2.137,2.1412,2.1365,2.1412,912553.0
2026-01-15 00:10:00+00:00,2.1413,2.1427,2.1389,2.1423,1416696.3
2026-01-15 00:15:00+00:00,2.1423,2.1426,2.1341,2.1348,939826.1
2026-01-15 00:20:00+00:00,2.1347,2.1366,2.1319,2.1356,1780014.2
2026-01-15 00:25:00+00:00,2.1355,2.1356,2.1319,2.1339,714796.2
2026-01-15 00:30:00+00:00,2.1339,2.1345,2.1295,2.1297,2710776.0
2026-01-15 00:35:00+00:00,2.1297,2.1309,2.1279,2.1303,1683449.5
2026-01-15 00:40:00+00:00,2.1303,2.1361,2.1303,2.1339,1143361.7
2026-01-15 00:45:00+00:00,2.1339,2.1349,2.1282,2.1309,1671973.8
2026-01-15 00:50:00+00:00,2.1308,2.1318,2.1292,2.1294,790719.1
2026-01-15 00:55:00+00:00,2.1294,2.1321,2.1292,2.1321,774865.2
2026-01-15 01:00:00+00:00,2.1321,2.1387,2.1321,2.1375,1264939.6
2026-01-15 01:05:00+00:00,2.1376,2.1394,2.1369,2.1369,694807.0
2026-01-15 01:10:00+00:00,2.1369,2.1369,2.1326,2.1326,748377.9
2026-01-15 01:15:00+00:00,2.1327,2.133,2.1298,2.1301,624913.2
2026-01-15 01:20:00+00:00,2.1301,2.1303,2.1221,2.1248,2633839.6
2026-01-15 01:25:00+00:00,2.1248,2.1281,2.1234,2.1236,1321996.9
2026-01-15 01:30:00+00:00,2.1235,2.1258,2.1171,2.1177,4425822.5
2026-01-15 01:35:00+00:00,2.1177,2.1257,2.1154,2.1233,1992732.2
2026-01-15 01:40:00+00:00,2.1233,2.1244,2.1204,2.1216,636008.2
2026-01-15 01:45:00+00:00,2.1216,2.1237,2.1186,2.1188,859383.4
2026-01-15 01:50:00+00:00,2.1187,2.121,2.1162,2.1204,928453.5
2026-01-15 01:55:00+00:00,2.1204,2.1204,2.1161,2.1184,1538110.3
2026-01-15 02:00:00+00:00,2.1184,2.12,2.1171,2.1179,809666.7
2026-01-15 02:05:00+00:00,2.1179,2.1249,2.1179,2.124,1263871.9
2026-01-15 02:10:00+00:00,2.124,2.1241,2.1166,2.1174,1077405.9
2026-01-15 02:15:00+00:00,2.1174,2.1228,2.1159,2.1221,1346402.2
2026-01-15 02:20:00+00:00,2.122,2.1223,2.1156,2.1173,1025794.0
2026-01-15 02:25:00+00:00,2.1174,2.1201,2.1173,2.1183,672333.9
2026-01-15 02:30:00+00:00,2.1183,2.1231,2.1131,2.1132,1592051.2
2026-01-15 02:35:00+00:00,2.1133,2.114,2.1065,2.1115,6383084.2
2026-01-15 02:40:00+00:00,2.1115,2.1161,2.1115,2.1118,1111976.3
2026-01-15 02:45:00+00:00,2.1118,2.1118,2.1026,2.1067,3746458.4
2026-01-15 02:50:00+00:00,2.1067,2.1083,2.0986,2.1013,7715397.7
2026-01-15 02:55:00+00:00,2.1014,2.1048,2.1014,2.104,1420611.2
2026-01-15 03:00:00+00:00,2.104,2.1065,2.1016,2.1016,1885282.2
2026-01-15 03:05:00+00:00,2.1016,2.1059,2.1002,2.1015,1323173.3
2026-01-15 03:10:00+00:00,2.1015,2.1061,2.1015,2.1027,1691438.8
2026-01-15 03:15:00+00:00,2.1027,2.1074,2.0937,2.095,5884335.3
2026-01-15 03:20:00+00:00,2.0949,2.0977,2.094,2.0957,2374840.5
2026-01-15 03:25:00+00:00,2.0958,2.0958,2.0846,2.0856,7607507.6
2026-01-15 03:30:00+00:00,2.0855,2.0899,2.0841,2.0892,3915859.9
2026-01-15 03:35:00+00:00,2.0891,2.092,2.0817,2.0829,3586754.3
2026-01-15 03:40:00+00:00,2.0829,2.0883,2.0809,2.0859,3163006.0
2026-01-15 03:45:00+00:00,2.0859,2.0901,2.0846,2.0876,2099955.3
2026-01-15 03:50:00+00:00,2.0876,2.0895,2.0853,2.0879,1575246.1
2026-01-15 03:55:00+00:00,2.0879,2.0896,2.087,2.0874,1147066.5
2026-01-15 04:00:00+00:00,2.0873,2.0946,2.0852,2.0938,2394247.7
2026-01-15 04:05:00+00:00,2.0938,2.0942,2.0918,2.0937,1555008.0
2026-01-15 04:10:00+00:00,2.0937,2.0963,2.0936,2.0952,1235685.2
2026-01-15 04:15:00+00:00,2.0953,2.0966,2.093,2.0954,1012297.5
2026-01-15 04:20:00+00:00,2.0954,2.1033,2.0937,2.1021,3377438.0
2026-01-15 04:25:00+00:00,2.102,2.1021,2.095,2.0959,1754642.9
2026-01-15 04:30:00+00:00,2.0958,2.0995,2.0945,2.0977,926115.6
2026-01-15 04:35:00+00:00,2.0978,2.1008,2.0978,2.0992,836085.4
2026-01-15 04:40:00+00:00,2.0992,2.1003,2.0978,2.0999,1090549.1
2026-01-15 04:45:00+00:00,2.0999,2.1016,2.0979,2.0999,939187.3
2026-01-15 04:50:00+00:00,2.0998,2.1015,2.0992,2.1003,625330.6
2026-01-15 04:55:00+00:00,2.1003,2.1016,2.0983,2.101,1434528.7
2026-01-15 05:00:00+00:00,2.101,2.1055,2.0993,2.1007,1878531.0
2026-01-15 05:05:00+00:00,2.1008,2.1012,2.0987,2.0987,732953.7
2026-01-15 05:10:00+00:00,2.0987,2.1,2.098,2.0981,690960.6
2026-01-15 05:15:00+00:00,2.098,2.1005,2.0968,2.0998,707356.8
2026-01-15 05:20:00+00:00,2.0997,2.1004,2.0956,2.0964,1096903.5
2026-01-15 05:25:00+00:00,2.0965,2.0982,2.0961,2.0969,861178.4
2026-01-15 05:30:00+00:00,2.0969,2.1013,2.0969,2.0999,1283166.7
2026-01-15 05:35:00+00:00,2.0998,2.1038,2.0981,2.1017,1320375.8
2026-01-15 05:40:00+00:00,2.1016,2.1016,2.0986,2.1008,603489.1
2026-01-15 05:45:00+00:00,2.1007,2.1028,2.0992,2.1026,1263449.2
2026-01-15 05:50:00+00:00,2.1026,2.1026,2.0989,2.0991,665134.9
2026-01-15 05:55:00+00:00,2.0991,2.1005,2.0973,2.0981,852205.4
2026-01-15 06:00:00+00:00,2.0981,2.1013,2.0974,2.1004,551827.0
2026-01-15 06:05:00+00:00,2.1004,2.1013,2.0962,2.0972,689658.9
2026-01-15 06:10:00+00:00,2.0972,2.0982,2.0953,2.0954,834404.0
2026-01-15 06:15:00+00:00,2.0954,2.0991,2.0952,2.0982,1448111.7
2026-01-15 06:20:00+00:00,2.0982,2.0982,2.0932,2.0958,1143489.7
2026-01-15 06:25:00+00:00,2.0959,2.0968,2.0943,2.0948,472590.7
2026-01-15 06:30:00+00:00,2.0947,2.0951,2.0918,2.0923,1002091.5
2026-01-15 06:35:00+00:00,2.0923,2.0924,2.0881,2.0893,1883583.7
2026-01-15 06:40:00+00:00,2.0892,2.0904,2.0888,2.0896,632097.1
2026-01-15 06:45:00+00:00,2.0895,2.093,2.0882,2.0923,1140024.8
2026-01-15 06:50:00+00:00,2.0923,2.0943,2.0907,2.0919,675939.1
2026-01-15 06:55:00+00:00,2.0919,2.0926,2.0903,2.0904,429178.9
2026-01-15 07:00:00+00:00,2.0903,2.0927,2.0882,2.0923,1011582.2
2026-01-15 07:05:00+00:00,2.0923,2.0932,2.0904,2.0927,663916.2
2026-01-15 07:10:00+00:00,2.0927,2.0939,2.0915,2.0922,795139.1
2026-01-15 07:15:00+00:00,2.0922,2.096,2.092,2.0945,1069847.6
2026-01-15 07:20:00+00:00,2.0945,2.1,2.0937,2.0995,1352020.9
2026-01-15 07:25:00+00:00,2.0996,2.1011,2.0983,2.0999,898658.9
2026-01-15 07:30:00+00:00,2.1,2.1013,2.0986,2.0992,1452681.1
2026-01-15 07:35:00+00:00,2.0993,2.1015,2.097,2.1014,1600555.6
2026-01-15 07:40:00+00:00,2.1014,2.1048,2.1011,2.1024,1972159.6
2026-01-15 07:45:00+00:00,2.1025,2.1048,2.102,2.102,890416.0
2026-01-15 07:50:00+00:00,2.102,2.1021,2.0976,2.0991,897611.8
2026-01-15 07:55:00+00:00,2.0992,2.1003,2.0973,2.1002,643198.0
2026-01-15 08:00:00+00:00,2.1002,2.1039,2.0979,2.1038,1361530.0
2026-01-15 08:05:00+00:00,2.1039,2.1043,2.0972,2.0976,1462285.8
2026-01-15 08:10:00+00:00,2.0976,2.0986,2.0951,2.0977,1210721.1
2026-01-15 08:15:00+00:00,2.0978,2.0992,2.0969,2.0989,900177.2
2026-01-15 08:20:00+00:00,2.099,2.1026,2.0986,2.1012,863166.0
2026-01-15 08:25:00+00:00,2.1011,2.1012,2.0947,2.0954,1206267.9
2026-01-15 08:30:00+00:00,2.0954,2.0967,2.0948,2.0967,485010.2
2026-01-15 08:35:00+00:00,2.0968,2.0992,2.0965,2.0985,395191.3
2026-01-15 08:40:00+00:00,2.0985,2.0999,2.0979,2.098,712090.9
2026-01-15 08:45:00+00:00,2.0981,2.1008,2.0981,2.1007,404960.7
2026-01-15 08:50:00+00:00,2.1007,2.1026,2.1005,2.1021,725841.3
2026-01-15 08:55:00+00:00,2.1021,2.1038,2.1015,2.1029,559070.8
2026-01-15 09:00:00+00:00,2.103,2.103,2.1007,2.1007,690468.6
2026-01-15 09:05:00+00:00,2.1007,2.1025,2.0986,2.1025,526270.7
2026-01-15 09:10:00+00:00,2.1025,2.103,2.0969,2.0969,858447.7
2026-01-15 09:15:00+00:00,2.097,2.0986,2.0958,2.0979,558526.0
2026-01-15 09:20:00+00:00,2.098,2.0998,2.0976,2.099,485913.2
2026-01-15 09:25:00+00:00,2.0991,2.1036,2.0988,2.1023,1227303.0
2026-01-15 09:30:00+00:00,2.1023,2.1027,2.099,2.1021,1170433.7
2026-01-15 09:35:00+00:00,2.102,2.1099,2.1009,2.1099,3182509.1
2026-01-15 09:40:00+00:00,2.1098,2.117,2.1092,2.1162,5033646.9
2026-01-15 09:45:00+00:00,2.1162,2.1174,2.1143,2.1165,2190713.9
2026-01-15 09:50:00+00:00,2.1165,2.1214,2.1164,2.1208,2827210.1
2026-01-15 09:55:00+00:00,2.1207,2.1214,2.1154,2.1159,2312239.6
2026-01-15 10:00:00+00:00,2.116,2.1187,2.1149,2.1154,1651814.7
2026-01-15 10:05:00+00:00,2.1155,2.1194,2.114,2.1145,1568305.9
2026-01-15 10:10:00+00:00,2.1144,2.1151,2.1112,2.1121,1824226.2
2026-01-15 10:15:00+00:00,2.1121,2.1139,2.1102,2.1116,2079299.5
2026-01-15 10:20:00+00:00,2.1116,2.1162,2.1115,2.1139,1662708.6
2026-01-15 10:25:00+00:00,2.1139,2.1143,2.1083,2.1094,1854102.3
2026-01-15 10:30:00+00:00,2.1093,2.1158,2.1071,2.1152,2161865.2
2026-01-15 10:35:00+00:00,2.1153,2.1153,2.1108,2.112,1203771.6
2026-01-15 10:40:00+00:00,2.112,2.1123,2.1094,2.1122,843802.4
2026-01-15 10:45:00+00:00,2.1123,2.1149,2.1117,2.1126,692696.4
2026-01-15 10:50:00+00:00,2.1126,2.1138,2.1116,2.1137,540074.8
2026-01-15 10:55:00+00:00,2.1138,2.1147,2.1124,2.1145,727685.7
2026-01-15 11:00:00+00:00,2.1146,2.117,2.1141,2.1147,900052.2
2026-01-15 11:05:00+00:00,2.1147,2.1159,2.1138,2.1144,862787.0
2026-01-15 11:10:00+00:00,2.1145,2.1218,2.1133,2.1204,1629349.7
2026-01-15 11:15:00+00:00,2.1205,2.1207,2.1152,2.1167,861694.2
2026-01-15 11:20:00+00:00,2.1166,2.118,2.1148,2.1179,810602.6
2026-01-15 11:25:00+00:00,2.118,2.1195,2.117,2.1184,1266752.2
2026-01-15 11:30:00+00:00,2.1185,2.1199,2.1117,2.1122,2110268.6
2026-01-15 11:35:00+00:00,2.1121,2.1132,2.1111,2.1119,1044948.7
2026-01-15 11:40:00+00:00,2.112,2.1129,2.1102,2.1123,778604.6
2026-01-15 11:45:00+00:00,2.1123,2.1136,2.1082,2.1093,1405761.1
2026-01-15 11:50:00+00:00,2.1094,2.1125,2.1093,2.1118,576576.0
2026-01-15 11:55:00+00:00,2.1119,2.1119,2.1107,2.1108,469038.2
2026-01-15 12:00:00+00:00,2.1108,2.1139,2.1096,2.1131,853737.0
2026-01-15 12:05:00+00:00,2.1131,2.1137,2.1113,2.1131,556361.8
2026-01-15 12:10:00+00:00,2.1131,2.1148,2.1123,2.1131,666925.3
2026-01-15 12:15:00+00:00,2.1132,2.1135,2.1066,2.1072,1005210.9
2026-01-15 12:20:00+00:00,2.1073,2.1091,2.1061,2.1089,1003826.1
2026-01-15 12:25:00+00:00,2.1089,2.1099,2.1076,2.108,587159.0
2026-01-15 12:30:00+00:00,2.1081,2.11,2.1068,2.1099,897652.6
2026-01-15 12:35:00+00:00,2.1098,2.1103,2.1088,2.1094,502440.4
2026-01-15 12:40:00+00:00,2.1094,2.1128,2.1088,2.1115,1015861.5
2026-01-15 12:45:00+00:00,2.1116,2.1138,2.1114,2.1132,692786.0
2026-01-15 12:50:00+00:00,2.1132,2.1184,2.1125,2.1184,1237167.4
2026-01-15 12:55:00+00:00,2.1184,2.1188,2.116,2.1169,614097.3
2026-01-15 13:00:00+00:00,2.117,2.1176,2.1153,2.1168,880385.6
2026-01-15 13:05:00+00:00,2.1168,2.1172,2.1143,2.1151,812729.1
2026-01-15 13:10:00+00:00,2.1151,2.1163,2.1149,2.1152,456728.7
2026-01-15 13:15:00+00:00,2.1152,2.1208,2.1147,2.1207,1297038.7
2026-01-15 13:20:00+00:00,2.1207,2.1225,2.1195,2.1208,1549943.2
2026-01-15 13:25:00+00:00,2.1208,2.124,2.1206,2.1228,1300387.7
2026-01-15 13:30:00+00:00,2.1228,2.1235,2.1141,2.1154,2305368.0
2026-01-15 13:35:00+00:00,2.1153,2.1196,2.1148,2.1174,1056732.4
2026-01-15 13:40:00+00:00,2.1174,2.1223,2.117,2.12,870029.8
2026-01-15 13:45:00+00:00,2.1201,2.1266,2.1201,2.1244,2509060.3
2026-01-15 13:50:00+00:00,2.1245,2.1312,2.1211,2.1297,3368865.5
2026-01-15 13:55:00+00:00,2.1297,2.1304,2.1264,2.1279,2556309.6
2026-01-15 14:00:00+00:00,2.128,2.1309,2.1268,2.1303,1923338.1
2026-01-15 14:05:00+00:00,2.1304,2.1317,2.1265,2.1304,1414284.8
2026-01-15 14:10:00+00:00,2.1304,2.1309,2.1259,2.1268,1881935.4
2026-01-15 14:15:00+00:00,2.1268,2.1279,2.125,2.1266,1437146.7
2026-01-15 14:20:00+00:00,2.1265,2.1269,2.1225,2.1234,2202363.0
2026-01-15 14:25:00+00:00,2.1233,2.1249,2.1179,2.1196,3824107.8
2026-01-15 14:30:00+00:00,2.1196,2.1241,2.1103,2.1115,6899315.7
2026-01-15 14:35:00+00:00,2.1115,2.1129,2.0979,2.1013,9515866.1
2026-01-15 14:40:00+00:00,2.1012,2.1039,2.094,2.0949,5954050.2
2026-01-15 14:45:00+00:00,2.0949,2.1043,2.0872,2.1006,13100073.8
2026-01-15 14:50:00+00:00,2.1006,2.1032,2.0965,2.1023,5081009.6
2026-01-15 14:55:00+00:00,2.1023,2.1043,2.0931,2.0955,3700112.5
2026-01-15 15:00:00+00:00,2.0955,2.1005,2.0948,2.0948,3341826.8
2026-01-15 15:05:00+00:00,2.0947,2.1043,2.0929,2.1039,3535763.4
2026-01-15 15:10:00+00:00,2.1039,2.1059,2.0976,2.0988,2634158.5
2026-01-15 15:15:00+00:00,2.0989,2.1033,2.0961,2.099,2695920.6
2026-01-15 15:20:00+00:00,2.099,2.0998,2.0891,2.0892,2929615.0
2026-01-15 15:25:00+00:00,2.0892,2.0901,2.083,2.0871,6350794.6
2026-01-15 15:30:00+00:00,2.0871,2.0908,2.0854,2.0895,1560898.3
2026-01-15 15:35:00+00:00,2.0896,2.092,2.0771,2.081,7775567.9
2026-01-15 15:40:00+00:00,2.0811,2.0851,2.0782,2.0824,3590426.9
2026-01-15 15:45:00+00:00,2.0823,2.0852,2.0671,2.0699,12727644.2
2026-01-15 15:50:00+00:00,2.0699,2.0769,2.0696,2.0738,4383592.9
2026-01-15 15:55:00+00:00,2.0739,2.0956,2.072,2.0949,8709568.1
2026-01-15 16:00:00+00:00,2.0948,2.0985,2.086,2.0927,5739312.1
2026-01-15 16:05:00+00:00,2.0926,2.0934,2.0854,2.0889,2100139.9
2026-01-15 16:10:00+00:00,2.0889,2.0947,2.0882,2.0903,1900516.4
2026-01-15 16:15:00+00:00,2.0904,2.097,2.0894,2.0916,2390433.1
2026-01-15 16:20:00+00:00,2.0916,2.0956,2.0912,2.0947,1633695.1
2026-01-15 16:25:00+00:00,2.0947,2.0949,2.0852,2.0866,2103716.7
2026-01-15 16:30:00+00:00,2.0867,2.0906,2.0847,2.0849,1932426.4
2026-01-15 16:35:00+00:00,2.0849,2.0888,2.0833,2.0877,1467699.9
2026-01-15 16:40:00+00:00,2.0876,2.0945,2.0852,2.0913,2207446.9
2026-01-15 16:45:00+00:00,2.0913,2.0959,2.0892,2.0931,1453013.9
2026-01-15 16:50:00+00:00,2.0931,2.0942,2.09,2.0904,1334216.7
2026-01-15 16:55:00+00:00,2.0905,2.0935,2.0899,2.0908,1342003.3
2026-01-15 17:00:00+00:00,2.0908,2.0941,2.0892,2.0902,1704814.4
2026-01-15 17:05:00+00:00,2.0903,2.0906,2.0802,2.0827,3810611.0
2026-01-15 17:10:00+00:00,2.0827,2.0877,2.0827,2.0846,1314058.8
2026-01-15 17:15:00+00:00,2.0846,2.0873,2.0818,2.0856,1315208.7
2026-01-15 17:20:00+00:00,2.0856,2.086,2.0824,2.0844,638262.0
2026-01-15 17:25:00+00:00,2.0843,2.0891,2.0832,2.0891,885548.6
2026-01-15 17:30:00+00:00,2.0891,2.0919,2.088,2.0918,1194520.6
2026-01-15 17:35:00+00:00,2.0917,2.0937,2.0898,2.0922,2015220.2
2026-01-15 17:40:00+00:00,2.0923,2.0975,2.0921,2.0948,1692281.6
2026-01-15 17:45:00+00:00,2.0948,2.0962,2.0887,2.0891,1285175.8
2026-01-15 17:50:00+00:00,2.0891,2.0923,2.0828,2.0832,2750081.0
2026-01-15 17:55:00+00:00,2.0833,2.0837,2.0777,2.0804,2066067.9
2026-01-15 18:00:00+00:00,2.0803,2.0824,2.0789,2.0815,1598613.0
2026-01-15 18:05:00+00:00,2.0815,2.0824,2.0778,2.0785,974519.5
2026-01-15 18:10:00+00:00,2.0785,2.0786,2.0703,2.0737,4001472.0
2026-01-15 18:15:00+00:00,2.0737,2.0746,2.0699,2.0708,1511567.6
2026-01-15 18:20:00+00:00,2.0707,2.075,2.0701,2.073,1361861.4
2026-01-15 18:25:00+00:00,2.0731,2.0775,2.0728,2.0766,1301311.8
2026-01-15 18:30:00+00:00,2.0766,2.078,2.0719,2.0724,1335461.9
2026-01-15 18:35:00+00:00,2.0725,2.0741,2.0679,2.0691,1041864.9
2026-01-15 18:40:00+00:00,2.0691,2.0702,2.0636,2.0692,4334747.6
2026-01-15 18:45:00+00:00,2.0692,2.0696,2.0668,2.0679,1264339.2
2026-01-15 18:50:00+00:00,2.0678,2.0715,2.0647,2.0709,1809623.2
2026-01-15 18:55:00+00:00,2.0709,2.0735,2.0678,2.0694,1105735.2
2026-01-15 19:00:00+00:00,2.0694,2.0694,2.0587,2.0641,4997905.4
2026-01-15 19:05:00+00:00,2.0642,2.0686,2.0628,2.0671,1132320.6
2026-01-15 19:10:00+00:00,2.0672,2.071,2.0657,2.0657,887958.4
2026-01-15 19:15:00+00:00,2.0657,2.0713,2.0637,2.0702,1509129.6
2026-01-15 19:20:00+00:00,2.0701,2.0701,2.0636,2.0642,1192208.5
2026-01-15 19:25:00+00:00,2.0642,2.0654,2.0603,2.0618,1624584.5
2026-01-15 19:30:00+00:00,2.0617,2.0639,2.0559,2.0625,4427881.5
2026-01-15 19:35:00+00:00,2.0626,2.0626,2.0554,2.0555,3018530.5
2026-01-15 19:40:00+00:00,2.0555,2.058,2.052,2.0574,4057729.0
2026-01-15 19:45:00+00:00,2.0574,2.0636,2.0564,2.0636,1567671.2
2026-01-15 19:50:00+00:00,2.0635,2.0686,2.0635,2.064,2064250.2
2026-01-15 19:55:00+00:00,2.0639,2.0651,2.0623,2.0644,1047632.4
2026-01-15 20:00:00+00:00,2.0644,2.0686,2.0628,2.0684,2296467.2
2026-01-15 20:05:00+00:00,2.0685,2.07,2.0653,2.0684,1635381.7
2026-01-15 20:10:00+00:00,2.0684,2.0688,2.0665,2.0665,933092.9
2026-01-15 20:15:00+00:00,2.0665,2.0676,2.0607,2.0607,1434845.6
2026-01-15 20:20:00+00:00,2.0606,2.062,2.0591,2.0604,1296739.8
2026-01-15 20:25:00+00:00,2.0604,2.0607,2.0569,2.0587,1668480.7
2026-01-15 20:30:00+00:00,2.0588,2.0624,2.0586,2.0622,1393387.1
2026-01-15 20:35:00+00:00,2.0622,2.0651,2.0608,2.0608,1168171.7
2026-01-15 20:40:00+00:00,2.0608,2.062,2.0593,2.0598,757980.8
2026-01-15 20:45:00+00:00,2.0598,2.0611,2.0579,2.0581,1139623.5
2026-01-15 20:50:00+00:00,2.0581,2.0651,2.0568,2.0649,1466896.9
2026-01-15 20:55:00+00:00,2.0648,2.0666,2.0593,2.0602,3650905.9
2026-01-15 21:00:00+00:00,2.0604,2.0677,2.0604,2.0648,1430001.9
2026-01-15 21:05:00+00:00,2.0648,2.0659,2.0635,2.065,692161.5
2026-01-15 21:10:00+00:00,2.065,2.067,2.0649,2.0666,514614.1
2026-01-15 21:15:00+00:00,2.0667,2.0704,2.0666,2.0687,1015624.3
2026-01-15 21:20:00+00:00,2.0686,2.0734,2.0682,2.0708,1257119.8
2026-01-15 21:25:00+00:00,2.0707,2.0724,2.0707,2.0715,599031.5
2026-01-15 21:30:00+00:00,2.0714,2.0731,2.0695,2.0727,1009335.5
2026-01-15 21:35:00+00:00,2.0728,2.0729,2.071,2.0711,776801.3
2026-01-15 21:40:00+00:00,2.0712,2.0712,2.0689,2.0701,482020.1
2026-01-15 21:45:00+00:00,2.0701,2.0726,2.0701,2.0716,1076068.5
2026-01-15 21:50:00+00:00,2.0716,2.0723,2.0701,2.071,620321.8
2026-01-15 21:55:00+00:00,2.0711,2.074,2.071,2.0727,425320.0
2026-01-15 22:00:00+00:00,2.0728,2.074,2.0707,2.0732,900182.2
2026-01-15 22:05:00+00:00,2.0732,2.0737,2.0721,2.0731,555616.4
2026-01-15 22:10:00+00:00,2.0731,2.0732,2.0665,2.0696,957542.9
2026-01-15 22:15:00+00:00,2.0695,2.0723,2.0686,2.0722,894674.3
2026-01-15 22:20:00+00:00,2.0722,2.0747,2.0722,2.0726,904750.2
2026-01-15 22:25:00+00:00,2.0725,2.0749,2.0725,2.0744,862382.8
2026-01-15 22:30:00+00:00,2.0744,2.0786,2.0742,2.0768,1152142.6
2026-01-15 22:35:00+00:00,2.0768,2.0779,2.0743,2.0778,852062.7
2026-01-15 22:40:00+00:00,2.0778,2.0786,2.0757,2.0762,1091895.6
2026-01-15 22:45:00+00:00,2.0762,2.0772,2.0751,2.0765,371150.0
2026-01-15 22:50:00+00:00,2.0766,2.0771,2.0749,2.075,189250.0
2026-01-15 22:55:00+00:00,2.0751,2.0751,2.0726,2.0742,453833.2
2026-01-15 23:00:00+00:00,2.0742,2.0754,2.072,2.0727,746831.3
2026-01-15 23:05:00+00:00,2.0726,2.0728,2.0693,2.0718,1853466.1
2026-01-15 23:10:00+00:00,2.0719,2.0779,2.0718,2.0776,2013060.9
2026-01-15 23:15:00+00:00,2.0777,2.0794,2.0761,2.0791,1049092.8
2026-01-15 23:20:00+00:00,2.0792,2.0792,2.0759,2.0774,484355.6
2026-01-15 23:25:00+00:00,2.0774,2.0778,2.0749,2.075,713456.7
2026-01-15 23:30:00+00:00,2.075,2.0757,2.0738,2.0738,587014.0
2026-01-15 23:35:00+00:00,2.0737,2.0748,2.0728,2.0745,324671.8
2026-01-15 23:40:00+00:00,2.0746,2.0746,2.073,2.0741,388288.2
2026-01-15 23:45:00+00:00,2.0741,2.0764,2.0735,2.0764,464801.6
2026-01-15 23:50:00+00:00,2.0764,2.0789,2.0763,2.0784,800286.5
2026-01-15 23:55:00+00:00,2.0784,2.0784,2.0771,2.0774,656214.6
2026-01-16 00:00:00+00:00,2.0774,2.0786,2.0757,2.0782,784216.9
2026-01-16 00:05:00+00:00,2.0782,2.0801,2.0767,2.0769,1072778.8
2026-01-16 00:10:00+00:00,2.077,2.077,2.0746,2.0765,1065392.6
2026-01-16 00:15:00+00:00,2.0764,2.0807,2.0757,2.0777,1840558.5
2026-01-16 00:20:00+00:00,2.0777,2.0783,2.0757,2.0773,681508.5
2026-01-16 00:25:00+00:00,2.0773,2.0795,2.0772,2.0793,291935.0
2026-01-16 00:30:00+00:00,2.0794,2.0839,2.079,2.0836,1238236.2
2026-01-16 00:35:00+00:00,2.0836,2.085,2.0833,2.085,1068374.9
2026-01-16 00:40:00+00:00,2.085,2.0854,2.0826,2.0839,752444.8
2026-01-16 00:45:00+00:00,2.0839,2.0848,2.0819,2.0845,630104.6
2026-01-16 00:50:00+00:00,2.0845,2.085,2.0834,2.0843,318178.5
2026-01-16 00:55:00+00:00,2.0843,2.0844,2.081,2.0812,491676.4
2026-01-16 01:00:00+00:00,2.0812,2.0817,2.0795,2.0796,955425.9
2026-01-16 01:05:00+00:00,2.0795,2.0795,2.0764,2.0771,1074101.2
2026-01-16 01:10:00+00:00,2.077,2.0772,2.0741,2.0764,2018745.5
2026-01-16 01:15:00+00:00,2.0764,2.079,2.076,2.078,487225.8
2026-01-16 01:20:00+00:00,2.0779,2.0779,2.0741,2.0772,592435.6
2026-01-16 01:25:00+00:00,2.0772,2.0798,2.0761,2.0794,338070.2
2026-01-16 01:30:00+00:00,2.0794,2.085,2.0794,2.0807,922046.9
2026-01-16 01:35:00+00:00,2.0808,2.0811,2.0789,2.0797,354459.4
2026-01-16 01:40:00+00:00,2.0798,2.0804,2.0783,2.0785,312256.1
2026-01-16 01:45:00+00:00,2.0785,2.0806,2.078,2.0796,398945.8
2026-01-16 01:50:00+00:00,2.0796,2.08,2.0771,2.0772,238872.5
2026-01-16 01:55:00+00:00,2.0773,2.0784,2.0755,2.0763,392611.9
2026-01-16 02:00:00+00:00,2.0763,2.0763,2.0713,2.0725,1591276.4
2026-01-16 02:05:00+00:00,2.0725,2.0733,2.0689,2.0698,2218254.1
2026-01-16 02:10:00+00:00,2.0699,2.071,2.0685,2.0691,744366.8
2026-01-16 02:15:00+00:00,2.069,2.0697,2.0671,2.0686,1951511.8
2026-01-16 02:20:00+00:00,2.0685,2.0693,2.0662,2.0691,1608710.6
2026-01-16 02:25:00+00:00,2.0691,2.0743,2.0687,2.0743,1630186.1
2026-01-16 02:30:00+00:00,2.0742,2.0742,2.0691,2.0691,801221.5
2026-01-16 02:35:00+00:00,2.0692,2.0698,2.0662,2.0669,1104433.5
2026-01-16 02:40:00+00:00,2.0668,2.0682,2.0662,2.0679,713028.7
2026-01-16 02:45:00+00:00,2.0678,2.0717,2.0677,2.071,789328.5
2026-01-16 02:50:00+00:00,2.071,2.0712,2.0685,2.0712,663225.0
2026-01-16 02:55:00+00:00,2.0711,2.0748,2.0711,2.0746,878094.9
2026-01-16 03:00:00+00:00,2.0746,2.0764,2.0743,2.0748,549357.7
2026-01-16 03:05:00+00:00,2.0749,2.0781,2.0747,2.078,742997.0
2026-01-16 03:10:00+00:00,2.0779,2.0781,2.077,2.0779,510638.7
2026-01-16 03:15:00+00:00,2.078,2.078,2.0732,2.0747,531167.5
2026-01-16 03:20:00+00:00,2.0747,2.0763,2.0739,2.0742,728645.9
2026-01-16 03:25:00+00:00,2.0743,2.0745,2.0705,2.0708,1043049.9
2026-01-16 03:30:00+00:00,2.0708,2.0708,2.0661,2.0674,1490556.1
2026-01-16 03:35:00+00:00,2.0675,2.0685,2.0661,2.0662,787511.3
2026-01-16 03:40:00+00:00,2.0661,2.0677,2.0661,2.0664,682199.4
2026-01-16 03:45:00+00:00,2.0665,2.0677,2.066,2.0667,711859.6
2026-01-16 03:50:00+00:00,2.0667,2.0676,2.066,2.0661,428512.7
2026-01-16 03:55:00+00:00,2.066,2.0668,2.0633,2.0637,1188318.0
2026-01-16 04:00:00+00:00,2.0636,2.0666,2.0636,2.0665,534878.3
2026-01-16 04:05:00+00:00,2.0665,2.0672,2.0656,2.0666,429699.6
2026-01-16 04:10:00+00:00,2.0666,2.0669,2.0659,2.066,315529.5
2026-01-16 04:15:00+00:00,2.0661,2.0697,2.0657,2.0691,1221491.8
2026-01-16 04:20:00+00:00,2.069,2.0692,2.0671,2.0691,317338.7
2026-01-16 04:25:00+00:00,2.0692,2.0704,2.0654,2.0654,1442469.3
2026-01-16 04:30:00+00:00,2.0654,2.0672,2.0619,2.0621,1465821.0
2026-01-16 04:35:00+00:00,2.0621,2.0633,2.0581,2.0603,3186281.3
2026-01-16 04:40:00+00:00,2.0603,2.0613,2.0574,2.0598,945765.8
2026-01-16 04:45:00+00:00,2.0598,2.0625,2.0582,2.0585,781468.6
2026-01-16 04:50:00+00:00,2.0585,2.0596,2.0563,2.0571,1703321.0
2026-01-16 04:55:00+00:00,2.0572,2.0625,2.0567,2.0624,1127017.7
2026-01-16 05:00:00+00:00,2.0624,2.0648,2.0599,2.0607,1713459.9
2026-01-16 05:05:00+00:00,2.0607,2.0651,2.0601,2.064,1140903.8
2026-01-16 05:10:00+00:00,2.064,2.066,2.0639,2.0647,733642.3
2026-01-16 05:15:00+00:00,2.0646,2.065,2.062,2.0636,396958.5
2026-01-16 05:20:00+00:00,2.0636,2.0637,2.0614,2.0623,1205916.1
2026-01-16 05:25:00+00:00,2.0623,2.0648,2.0617,2.0644,583133.0
2026-01-16 05:30:00+00:00,2.0644,2.0664,2.0632,2.0645,922892.4
2026-01-16 05:35:00+00:00,2.0646,2.0698,2.0645,2.0693,2170862.8
2026-01-16 05:40:00+00:00,2.0693,2.0704,2.0672,2.0695,1271681.5
2026-01-16 05:45:00+00:00,2.0696,2.072,2.0693,2.0716,995888.0
2026-01-16 05:50:00+00:00,2.0716,2.0737,2.07,2.07,1277638.6
2026-01-16 05:55:00+00:00,2.0701,2.0722,2.07,2.0708,608635.8
2026-01-16 06:00:00+00:00,2.0709,2.0725,2.07,2.0712,811912.9
2026-01-16 06:05:00+00:00,2.0712,2.0712,2.067,2.0677,694892.6
2026-01-16 06:10:00+00:00,2.0676,2.0684,2.0662,2.068,993760.4
2026-01-16 06:15:00+00:00,2.0681,2.0682,2.0667,2.0668,456657.0
2026-01-16 06:20:00+00:00,2.0668,2.0707,2.0666,2.07,527665.6
2026-01-16 06:25:00+00:00,2.07,2.0703,2.069,2.0699,793629.1
2026-01-16 06:30:00+00:00,2.07,2.0716,2.0696,2.0715,225893.4
2026-01-16 06:35:00+00:00,2.0715,2.0721,2.0703,2.0718,876335.3
2026-01-16 06:40:00+00:00,2.0718,2.074,2.0718,2.0731,998931.4
2026-01-16 06:45:00+00:00,2.0731,2.0741,2.0731,2.0733,497173.9
2026-01-16 06:50:00+00:00,2.0733,2.0733,2.0701,2.0703,824270.0
2026-01-16 06:55:00+00:00,2.0703,2.0727,2.0703,2.0723,713140.0
2026-01-16 07:00:00+00:00,2.0724,2.073,2.0718,2.0729,422089.3
2026-01-16 07:05:00+00:00,2.073,2.0736,2.0705,2.0725,719515.5
2026-01-16 07:10:00+00:00,2.0725,2.0736,2.0715,2.0732,332116.3
2026-01-16 07:15:00+00:00,2.0731,2.0754,2.0721,2.0751,648028.6
2026-01-16 07:20:00+00:00,2.0751,2.0765,2.074,2.0745,550208.2
2026-01-16 07:25:00+00:00,2.0746,2.0749,2.0719,2.0723,702807.2
2026-01-16 07:30:00+00:00,2.0723,2.0723,2.0708,2.0717,1000172.2
2026-01-16 07:35:00+00:00,2.0717,2.0717,2.0674,2.0677,976528.3
2026-01-16 07:40:00+00:00,2.0677,2.0696,2.0676,2.0695,489639.0
2026-01-16 07:45:00+00:00,2.0696,2.0728,2.0695,2.0728,497812.0
2026-01-16 07:50:00+00:00,2.0728,2.0732,2.07,2.0712,421635.9
2026-01-16 07:55:00+00:00,2.0712,2.0724,2.0705,2.0724,367529.8
2026-01-16 08:00:00+00:00,2.0724,2.074,2.0717,2.072,571150.4
2026-01-16 08:05:00+00:00,2.072,2.0746,2.072,2.0746,379388.8
2026-01-16 08:10:00+00:00,2.0747,2.0801,2.0746,2.0787,2348732.7
2026-01-16 08:15:00+00:00,2.0786,2.0787,2.0769,2.0772,1003367.4
2026-01-16 08:20:00+00:00,2.0771,2.0777,2.0744,2.0754,729518.6
2026-01-16 08:25:00+00:00,2.0754,2.0763,2.075,2.0758,551987.9
2026-01-16 08:30:00+00:00,2.0758,2.0767,2.0744,2.0753,729464.2
2026-01-16 08:35:00+00:00,2.0753,2.0754,2.0713,2.0728,576764.2
2026-01-16 08:40:00+00:00,2.0728,2.0757,2.0722,2.0747,433631.3
2026-01-16 08:45:00+00:00,2.0748,2.076,2.0738,2.0752,929909.3
2026-01-16 08:50:00+00:00,2.0753,2.0755,2.0726,2.0744,428613.7
2026-01-16 08:55:00+00:00,2.0743,2.0754,2.0734,2.0735,752554.6
2026-01-16 09:00:00+00:00,2.0735,2.0758,2.0691,2.0697,3920293.5
2026-01-16 09:05:00+00:00,2.0696,2.0722,2.0691,2.0702,2508126.1
2026-01-16 09:10:00+00:00,2.0702,2.072,2.0701,2.0708,640600.6
2026-01-16 09:15:00+00:00,2.0708,2.071,2.0671,2.0681,881873.1
2026-01-16 09:20:00+00:00,2.0681,2.0682,2.0662,2.0672,693248.5
2026-01-16 09:25:00+00:00,2.0673,2.0686,2.0668,2.0685,952935.1
2026-01-16 09:30:00+00:00,2.0686,2.0689,2.0669,2.0671,628813.7
2026-01-16 09:35:00+00:00,2.0672,2.0689,2.0671,2.0681,445743.6
2026-01-16 09:40:00+00:00,2.0682,2.0683,2.0677,2.0678,348495.8
2026-01-16 09:45:00+00:00,2.0677,2.068,2.0656,2.0668,724996.7
2026-01-16 09:50:00+00:00,2.0668,2.0676,2.0663,2.0664,412664.7
2026-01-16 09:55:00+00:00,2.0663,2.0671,2.0652,2.0657,483958.0
2026-01-16 10:00:00+00:00,2.0656,2.0663,2.0645,2.0649,687636.6
2026-01-16 10:05:00+00:00,2.0649,2.065,2.0636,2.0638,494254.1
2026-01-16 10:10:00+00:00,2.0637,2.0651,2.0637,2.0648,556071.4
2026-01-16 10:15:00+00:00,2.0648,2.0648,2.061,2.0619,1127922.1
2026-01-16 10:20:00+00:00,2.0619,2.0639,2.0619,2.0629,895981.0
2026-01-16 10:25:00+00:00,2.0629,2.0643,2.0629,2.0637,353355.8
2026-01-16 10:30:00+00:00,2.0637,2.0637,2.0621,2.0626,650323.4
2026-01-16 10:35:00+00:00,2.0626,2.0632,2.0605,2.0608,672293.1
2026-01-16 10:40:00+00:00,2.0608,2.0621,2.06,2.0619,949664.5
2026-01-16 10:45:00+00:00,2.0619,2.0621,2.0606,2.0608,672969.1
2026-01-16 10:50:00+00:00,2.0608,2.0621,2.0579,2.0593,2409202.9
2026-01-16 10:55:00+00:00,2.0593,2.0612,2.0593,2.0603,843880.7
2026-01-16 11:00:00+00:00,2.0603,2.0606,2.0596,2.0599,535187.4
2026-01-16 11:05:00+00:00,2.0599,2.0629,2.0597,2.0613,893784.8
2026-01-16 11:10:00+00:00,2.0613,2.0625,2.0584,2.0589,876564.8
2026-01-16 11:15:00+00:00,2.0589,2.0629,2.0573,2.0621,1124110.6
2026-01-16 11:20:00+00:00,2.0622,2.0633,2.0606,2.0626,850028.3
2026-01-16 11:25:00+00:00,2.0626,2.0638,2.0617,2.0626,807427.2
2026-01-16 11:30:00+00:00,2.0626,2.0647,2.0609,2.0647,1061432.7
2026-01-16 11:35:00+00:00,2.0648,2.0648,2.0621,2.0633,791802.5
2026-01-16 11:40:00+00:00,2.0632,2.0633,2.06,2.06,980205.1
2026-01-16 11:45:00+00:00,2.06,2.0638,2.0592,2.0635,920114.5
2026-01-16 11:50:00+00:00,2.0635,2.0646,2.0631,2.064,444122.4
2026-01-16 11:55:00+00:00,2.0641,2.0642,2.0625,2.0641,691970.1
2026-01-16 12:00:00+00:00,2.0641,2.0654,2.0631,2.0634,886531.0
2026-01-16 12:05:00+00:00,2.0634,2.0641,2.0621,2.063,589720.9
2026-01-16 12:10:00+00:00,2.0631,2.065,2.0629,2.0642,932794.7
2026-01-16 12:15:00+00:00,2.0643,2.066,2.0641,2.0659,729645.9
2026-01-16 12:20:00+00:00,2.0659,2.066,2.0644,2.0658,674153.2
2026-01-16 12:25:00+00:00,2.0657,2.0671,2.0602,2.0636,4093486.0
2026-01-16 12:30:00+00:00,2.0636,2.0637,2.0601,2.0603,1270619.7
2026-01-16 12:35:00+00:00,2.0603,2.0611,2.0592,2.061,884738.1
2026-01-16 12:40:00+00:00,2.0609,2.0616,2.0602,2.0612,493343.5
2026-01-16 12:45:00+00:00,2.0613,2.0622,2.0594,2.0602,615071.9
2026-01-16 12:50:00+00:00,2.0601,2.062,2.0586,2.0611,1078021.1
2026-01-16 12:55:00+00:00,2.0611,2.063,2.0609,2.0617,664083.5
2026-01-16 13:00:00+00:00,2.0617,2.0618,2.0581,2.0595,1138537.6
2026-01-16 13:05:00+00:00,2.0595,2.0599,2.0575,2.0596,1134265.8
2026-01-16 13:10:00+00:00,2.0595,2.061,2.0589,2.0607,711837.8
2026-01-16 13:15:00+00:00,2.0608,2.0614,2.0594,2.0595,609023.4
2026-01-16 13:20:00+00:00,2.0594,2.0605,2.0582,2.0597,585629.0
2026-01-16 13:25:00+00:00,2.0597,2.0607,2.0596,2.0602,506167.3
2026-01-16 13:30:00+00:00,2.0602,2.0618,2.0538,2.0553,3519207.3
2026-01-16 13:35:00+00:00,2.0554,2.0563,2.0506,2.0516,2515424.7
2026-01-16 13:40:00+00:00,2.0517,2.0572,2.0514,2.0565,1545753.4
2026-01-16 13:45:00+00:00,2.0566,2.0582,2.0563,2.0579,940885.3
2026-01-16 13:50:00+00:00,2.0579,2.0583,2.0558,2.0569,619895.8
2026-01-16 13:55:00+00:00,2.0568,2.0583,2.0565,2.0567,631042.6
2026-01-16 14:00:00+00:00,2.0568,2.0631,2.0568,2.0616,1927533.2
2026-01-16 14:05:00+00:00,2.0616,2.0617,2.0576,2.0578,805664.3
2026-01-16 14:10:00+00:00,2.0578,2.0588,2.0565,2.0577,1188204.1
2026-01-16 14:15:00+00:00,2.0577,2.0579,2.0558,2.0568,614781.6
2026-01-16 14:20:00+00:00,2.0568,2.0588,2.0568,2.0582,576202.5
2026-01-16 14:25:00+00:00,2.0581,2.0642,2.0567,2.0642,1097878.0
2026-01-16 14:30:00+00:00,2.0642,2.0659,2.0584,2.0632,2349589.4
2026-01-16 14:35:00+00:00,2.0632,2.0638,2.0557,2.0559,2187925.2
2026-01-16 14:40:00+00:00,2.0559,2.0598,2.0557,2.0569,776492.4
2026-01-16 14:45:00+00:00,2.0569,2.063,2.0563,2.0569,1832625.7
2026-01-16 14:50:00+00:00,2.0569,2.0591,2.0538,2.0576,1590233.0
2026-01-16 14:55:00+00:00,2.0576,2.0596,2.0542,2.0548,954841.0
2026-01-16 15:00:00+00:00,2.0547,2.0566,2.0479,2.0543,4782504.7
2026-01-16 15:05:00+00:00,2.0542,2.0618,2.0537,2.0612,2116592.8
2026-01-16 15:10:00+00:00,2.0613,2.0642,2.0595,2.0608,1741682.5
2026-01-16 15:15:00+00:00,2.0609,2.0618,2.0439,2.0452,3833194.1
2026-01-16 15:20:00+00:00,2.0452,2.0525,2.0422,2.0494,6270098.2
2026-01-16 15:25:00+00:00,2.0495,2.0511,2.0413,2.0425,3445617.7
2026-01-16 15:30:00+00:00,2.0425,2.0433,2.0302,2.036,13369327.8
2026-01-16 15:35:00+00:00,2.036,2.0436,2.0327,2.0417,5556769.7
2026-01-16 15:40:00+00:00,2.0416,2.0417,2.0325,2.0355,3764412.9
2026-01-16 15:45:00+00:00,2.0354,2.0364,2.025,2.0301,10220512.2
2026-01-16 15:50:00+00:00,2.0302,2.0336,2.0275,2.0332,4642200.8
2026-01-16 15:55:00+00:00,2.0332,2.0349,2.031,2.031,2718810.6
2026-01-16 16:00:00+00:00,2.031,2.0335,2.0282,2.032,3219141.2
2026-01-16 16:05:00+00:00,2.0319,2.0391,2.0314,2.0382,3673705.7
2026-01-16 16:10:00+00:00,2.0382,2.039,2.0337,2.039,2108648.8
2026-01-16 16:15:00+00:00,2.0389,2.0437,2.034,2.0431,2532340.2
2026-01-16 16:20:00+00:00,2.043,2.0441,2.0384,2.0405,1831987.3
2026-01-16 16:25:00+00:00,2.0405,2.0426,2.04,2.0406,1039485.9
2026-01-16 16:30:00+00:00,2.0406,2.0418,2.0361,2.0362,1367134.3
2026-01-16 16:35:00+00:00,2.0362,2.0423,2.0362,2.0419,1258589.3
2026-01-16 16:40:00+00:00,2.042,2.0445,2.0415,2.0431,978231.1
2026-01-16 16:45:00+00:00,2.0432,2.0449,2.0411,2.0441,1851072.7
2026-01-16 16:50:00+00:00,2.0441,2.0473,2.0414,2.0444,4633902.9
2026-01-16 16:55:00+00:00,2.0444,2.0448,2.0396,2.0429,1336898.9
2026-01-16 17:00:00+00:00,2.0429,2.0446,2.0424,2.0431,1002791.2
2026-01-16 17:05:00+00:00,2.0431,2.0431,2.0377,2.0388,1030942.4
2026-01-16 17:10:00+00:00,2.0389,2.0426,2.037,2.0421,1366029.4
2026-01-16 17:15:00+00:00,2.0421,2.0452,2.0414,2.0437,807357.9
2026-01-16 17:20:00+00:00,2.0436,2.0437,2.0399,2.0399,726986.4
2026-01-16 17:25:00+00:00,2.0399,2.0446,2.0372,2.0435,1225255.4
2026-01-16 17:30:00+00:00,2.0434,2.0492,2.0429,2.0468,1688835.5
2026-01-16 17:35:00+00:00,2.0468,2.0484,2.0449,2.0465,981744.6
2026-01-16 17:40:00+00:00,2.0466,2.0509,2.0462,2.0502,838042.9
2026-01-16 17:45:00+00:00,2.0503,2.051,2.0483,2.0492,1297261.2
2026-01-16 17:50:00+00:00,2.0491,2.0492,2.0465,2.0477,1115814.1
2026-01-16 17:55:00+00:00,2.0476,2.0529,2.0474,2.0509,1071568.1
2026-01-16 18:00:00+00:00,2.0508,2.0533,2.0492,2.0493,1436488.7
2026-01-16 18:05:00+00:00,2.0493,2.051,2.0492,2.05,433433.2
2026-01-16 18:10:00+00:00,2.0501,2.0501,2.0458,2.046,898651.4
2026-01-16 18:15:00+00:00,2.0459,2.0508,2.0454,2.0494,696273.9
2026-01-16 18:20:00+00:00,2.0494,2.0507,2.0477,2.05,693980.3
2026-01-16 18:25:00+00:00,2.05,2.0531,2.0499,2.0511,925079.9
2026-01-16 18:30:00+00:00,2.051,2.0515,2.0493,2.0505,505269.7
2026-01-16 18:35:00+00:00,2.0506,2.0514,2.0479,2.0486,785352.4
2026-01-16 18:40:00+00:00,2.0486,2.0519,2.048,2.051,1050859.3
2026-01-16 18:45:00+00:00,2.0511,2.0526,2.0467,2.0483,1133812.7
2026-01-16 18:50:00+00:00,2.0483,2.0507,2.0482,2.0506,338505.0
2026-01-16 18:55:00+00:00,2.0506,2.0506,2.0487,2.0492,310360.8
2026-01-16 19:00:00+00:00,2.0492,2.0492,2.0444,2.0455,538348.4
2026-01-16 19:05:00+00:00,2.0455,2.0457,2.0425,2.0435,744161.4
2026-01-16 19:10:00+00:00,2.0434,2.0453,2.043,2.0447,502482.8
2026-01-16 19:15:00+00:00,2.0447,2.0455,2.0424,2.0443,402336.6
2026-01-16 19:20:00+00:00,2.0442,2.0467,2.042,2.0465,491404.5
2026-01-16 19:25:00+00:00,2.0466,2.0483,2.0446,2.0452,553102.7
2026-01-16 19:30:00+00:00,2.0452,2.053,2.0448,2.0527,1046445.2
2026-01-16 19:35:00+00:00,2.0527,2.0552,2.0525,2.0526,2358920.4
2026-01-16 19:40:00+00:00,2.0525,2.0546,2.0518,2.0533,752483.0
2026-01-16 19:45:00+00:00,2.0533,2.0555,2.0532,2.0553,785146.0
2026-01-16 19:50:00+00:00,2.0553,2.056,2.0532,2.0543,680734.9
2026-01-16 19:55:00+00:00,2.0543,2.0546,2.0522,2.0539,529666.4
2026-01-16 20:00:00+00:00,2.054,2.0542,2.0494,2.0498,1118992.4
2026-01-16 20:05:00+00:00,2.0498,2.0503,2.0467,2.0474,692760.2
2026-01-16 20:10:00+00:00,2.0475,2.053,2.0474,2.0518,995636.0
2026-01-16 20:15:00+00:00,2.0518,2.0563,2.0513,2.0562,806278.5
2026-01-16 20:20:00+00:00,2.0562,2.0588,2.0558,2.0564,1438782.3
2026-01-16 20:25:00+00:00,2.0565,2.0611,2.0557,2.061,1502682.2
2026-01-16 20:30:00+00:00,2.0611,2.067,2.0603,2.0636,4524086.4
2026-01-16 20:35:00+00:00,2.0636,2.0677,2.0635,2.0656,1956205.5
2026-01-16 20:40:00+00:00,2.0656,2.0706,2.0652,2.0703,2673680.1
2026-01-16 20:45:00+00:00,2.0703,2.0719,2.069,2.0705,1839728.2
2026-01-16 20:50:00+00:00,2.0706,2.0756,2.0706,2.0755,2679023.7
2026-01-16 20:55:00+00:00,2.0755,2.0789,2.0741,2.0782,3049924.0
2026-01-16 21:00:00+00:00,2.0783,2.0788,2.0714,2.0757,3947012.7
2026-01-16 21:05:00+00:00,2.0757,2.0775,2.0743,2.0775,1470662.1
2026-01-16 21:10:00+00:00,2.0775,2.0783,2.0684,2.0696,4381686.7
2026-01-16 21:15:00+00:00,2.0696,2.0727,2.0677,2.0696,2422877.8
2026-01-16 21:20:00+00:00,2.0696,2.0728,2.0695,2.0728,1511106.8
2026-01-16 21:25:00+00:00,2.0728,2.0766,2.0718,2.076,807392.6
2026-01-16 21:30:00+00:00,2.076,2.0772,2.0746,2.076,762680.6
2026-01-16 21:35:00+00:00,2.076,2.0774,2.0743,2.0774,638441.5
2026-01-16 21:40:00+00:00,2.0774,2.078,2.0763,2.0769,695578.2
2026-01-16 21:45:00+00:00,2.0769,2.0771,2.0751,2.0756,756896.7
2026-01-16 21:50:00+00:00,2.0756,2.0764,2.0737,2.0739,564018.2
2026-01-16 21:55:00+00:00,2.0739,2.0745,2.0724,2.0733,814946.3
2026-01-16 22:00:00+00:00,2.0733,2.0748,2.0701,2.0715,1256701.2
2026-01-16 22:05:00+00:00,2.0716,2.0755,2.0715,2.0724,884404.1
2026-01-16 22:10:00+00:00,2.0724,2.0728,2.0677,2.0725,1961367.9
2026-01-16 22:15:00+00:00,2.0725,2.0755,2.0717,2.0721,683820.0
2026-01-16 22:20:00+00:00,2.072,2.0742,2.0711,2.0741,406786.5
2026-01-16 22:25:00+00:00,2.0741,2.0758,2.0718,2.0719,610441.5
2026-01-16 22:30:00+00:00,2.072,2.0748,2.071,2.0731,366904.4
2026-01-16 22:35:00+00:00,2.0731,2.0731,2.069,2.0696,560836.4
2026-01-16 22:40:00+00:00,2.0696,2.0716,2.0675,2.0716,998023.2
2026-01-16 22:45:00+00:00,2.0715,2.0721,2.07,2.0714,275643.6
2026-01-16 22:50:00+00:00,2.0714,2.0744,2.0709,2.0722,714886.5
2026-01-16 22:55:00+00:00,2.0722,2.0733,2.0716,2.0728,259772.4
2026-01-16 23:00:00+00:00,2.0728,2.0733,2.0697,2.0709,1364021.8
2026-01-16 23:05:00+00:00,2.0709,2.0718,2.0684,2.0689,949845.3
2026-01-16 23:10:00+00:00,2.0689,2.0702,2.0686,2.0697,470047.4
2026-01-16 23:15:00+00:00,2.0698,2.0704,2.0675,2.0679,730453.1
2026-01-16 23:20:00+00:00,2.068,2.0692,2.0679,2.0691,519943.3
2026-01-16 23:25:00+00:00,2.0691,2.0718,2.069,2.0703,1470255.0
2026-01-16 23:30:00+00:00,2.0703,2.0715,2.0697,2.0701,481834.2
2026-01-16 23:35:00+00:00,2.0702,2.0702,2.0667,2.0686,514494.8
2026-01-16 23:40:00+00:00,2.0687,2.069,2.0666,2.0673,748486.5
2026-01-16 23:45:00+00:00,2.0674,2.0708,2.0667,2.0671,962415.3
2026-01-16 23:50:00+00:00,2.0671,2.0683,2.0667,2.0682,516081.2
2026-01-16 23:55:00+00:00,2.0682,2.0686,2.0667,2.0668,480400.8
2026-01-17 00:00:00+00:00,2.0668,2.0678,2.0652,2.0668,1816981.1
2026-01-17 00:05:00+00:00,2.0668,2.0668,2.0639,2.0651,1092921.6
2026-01-17 00:10:00+00:00,2.0651,2.0664,2.0651,2.0658,526472.0
2026-01-17 00:15:00+00:00,2.0658,2.0675,2.0649,2.0664,613348.0
2026-01-17 00:20:00+00:00,2.0665,2.0672,2.0662,2.0671,365086.1
2026-01-17 00:25:00+00:00,2.0671,2.0691,2.067,2.0681,763254.6
2026-01-17 00:30:00+00:00,2.0681,2.0682,2.0637,2.0638,787823.7
2026-01-17 00:35:00+00:00,2.0639,2.0657,2.0633,2.0633,786472.7
2026-01-17 00:40:00+00:00,2.0633,2.065,2.0625,2.0634,789997.6
2026-01-17 00:45:00+00:00,2.0633,2.0655,2.0626,2.064,534510.0
2026-01-17 00:50:00+00:00,2.064,2.0642,2.0612,2.0631,929719.8
2026-01-17 00:55:00+00:00,2.063,2.0645,2.0628,2.0632,467867.8
2026-01-17 01:00:00+00:00,2.0632,2.0648,2.0628,2.0631,903634.5
2026-01-17 01:05:00+00:00,2.0631,2.0655,2.0616,2.0637,918855.7
2026-01-17 01:10:00+00:00,2.0637,2.0644,2.0632,2.0638,291077.9
2026-01-17 01:15:00+00:00,2.0638,2.0664,2.0638,2.0651,399177.7
2026-01-17 01:20:00+00:00,2.0652,2.0682,2.0651,2.0671,740221.4
2026-01-17 01:25:00+00:00,2.0671,2.0674,2.0661,2.0673,490498.7
2026-01-17 01:30:00+00:00,2.0674,2.068,2.0656,2.0662,344318.1
2026-01-17 01:35:00+00:00,2.0662,2.0674,2.065,2.065,335190.2
2026-01-17 01:40:00+00:00,2.0651,2.0657,2.0634,2.0653,623578.0
2026-01-17 01:45:00+00:00,2.0653,2.0665,2.064,2.0658,531660.0
2026-01-17 01:50:00+00:00,2.0658,2.0668,2.0655,2.0667,189922.6
2026-01-17 01:55:00+00:00,2.0667,2.0667,2.0655,2.0655,260266.1
2026-01-17 02:00:00+00:00,2.0656,2.0658,2.0625,2.0631,472653.2
2026-01-17 02:05:00+00:00,2.063,2.0637,2.0608,2.0609,918269.7
2026-01-17 02:10:00+00:00,2.0608,2.0613,2.0606,2.061,379954.5
2026-01-17 02:15:00+00:00,2.061,2.0627,2.0609,2.0611,509574.7
2026-01-17 02:20:00+00:00,2.0611,2.0615,2.06,2.0607,741757.0
2026-01-17 02:25:00+00:00,2.0607,2.0621,2.0605,2.0616,182135.5
2026-01-17 02:30:00+00:00,2.0616,2.0617,2.0574,2.0594,1862085.8
2026-01-17 02:35:00+00:00,2.0594,2.0607,2.0576,2.0607,798690.0
2026-01-17 02:40:00+00:00,2.0608,2.0611,2.059,2.0591,265182.3
2026-01-17 02:45:00+00:00,2.0591,2.0595,2.0581,2.059,384815.8
2026-01-17 02:50:00+00:00,2.059,2.0614,2.0586,2.0608,1086623.0
2026-01-17 02:55:00+00:00,2.0608,2.0619,2.0607,2.0619,246852.9
2026-01-17 03:00:00+00:00,2.0619,2.062,2.0605,2.0608,543690.7
2026-01-17 03:05:00+00:00,2.0608,2.0619,2.0605,2.0613,279652.5
2026-01-17 03:10:00+00:00,2.0614,2.0615,2.06,2.0601,241895.7
2026-01-17 03:15:00+00:00,2.0601,2.0616,2.0601,2.0606,249008.1
2026-01-17 03:20:00+00:00,2.0606,2.0613,2.0603,2.0608,266052.6
2026-01-17 03:25:00+00:00,2.0608,2.0611,2.0597,2.0603,404025.3
2026-01-17 03:30:00+00:00,2.0602,2.0603,2.0563,2.0567,1234834.5
2026-01-17 03:35:00+00:00,2.0567,2.0576,2.056,2.056,627657.4
2026-01-17 03:40:00+00:00,2.056,2.0564,2.0542,2.0549,1021753.6
2026-01-17 03:45:00+00:00,2.0549,2.0552,2.0529,2.0535,1214045.7
2026-01-17 03:50:00+00:00,2.0535,2.0547,2.0533,2.0542,384350.0
2026-01-17 03:55:00+00:00,2.0541,2.0565,2.0541,2.0548,689466.2
2026-01-17 04:00:00+00:00,2.0547,2.0563,2.0539,2.0559,705574.2
2026-01-17 04:05:00+00:00,2.056,2.056,2.0542,2.0554,409514.7
2026-01-17 04:10:00+00:00,2.0554,2.0589,2.0554,2.0575,849338.2
2026-01-17 04:15:00+00:00,2.0574,2.058,2.0551,2.0573,920139.5
2026-01-17 04:20:00+00:00,2.0573,2.0592,2.0568,2.0586,403585.7
2026-01-17 04:25:00+00:00,2.0585,2.0609,2.0585,2.0608,702869.6
2026-01-17 04:30:00+00:00,2.0609,2.0634,2.0606,2.0615,1126478.6
2026-01-17 04:35:00+00:00,2.0615,2.0616,2.06,2.0605,364651.4
2026-01-17 04:40:00+00:00,2.0605,2.061,2.0593,2.0609,314206.9
2026-01-17 04:45:00+00:00,2.061,2.0625,2.0604,2.0625,415781.8
2026-01-17 04:50:00+00:00,2.0625,2.0634,2.0618,2.0633,399107.8
2026-01-17 04:55:00+00:00,2.0633,2.0647,2.0627,2.0634,886949.8
2026-01-17 05:00:00+00:00,2.0634,2.0645,2.062,2.0624,454525.1
2026-01-17 05:05:00+00:00,2.0624,2.0628,2.0614,2.0618,316884.8
2026-01-17 05:10:00+00:00,2.0618,2.0621,2.0605,2.0609,545708.9
2026-01-17 05:15:00+00:00,2.0609,2.0613,2.0594,2.0597,522797.7
2026-01-17 05:20:00+00:00,2.0598,2.062,2.0594,2.062,352446.2
2026-01-17 05:25:00+00:00,2.062,2.0636,2.0614,2.0616,331804.1
2026-01-17 05:30:00+00:00,2.0615,2.0637,2.0602,2.0634,338382.9
2026-01-17 05:35:00+00:00,2.0634,2.0639,2.0627,2.0636,195297.9
2026-01-17 05:40:00+00:00,2.0636,2.0649,2.0634,2.0645,298005.3
2026-01-17 05:45:00+00:00,2.0645,2.0652,2.0645,2.0649,204551.0
2026-01-17 05:50:00+00:00,2.065,2.065,2.0626,2.0632,363815.6
2026-01-17 05:55:00+00:00,2.0632,2.0632,2.0612,2.0626,340663.2
2026-01-17 06:00:00+00:00,2.0626,2.0634,2.0615,2.0617,363996.1
2026-01-17 06:05:00+00:00,2.0618,2.0625,2.0613,2.0616,230638.7
2026-01-17 06:10:00+00:00,2.0615,2.0626,2.0607,2.0608,446271.3
2026-01-17 06:15:00+00:00,2.0607,2.0618,2.0597,2.061,414398.4
2026-01-17 06:20:00+00:00,2.0609,2.0611,2.0601,2.0601,178012.0
2026-01-17 06:25:00+00:00,2.0601,2.0614,2.0595,2.0598,521234.8
2026-01-17 06:30:00+00:00,2.0598,2.061,2.0589,2.0607,480842.1
2026-01-17 06:35:00+00:00,2.0607,2.0617,2.0604,2.0613,299077.8
2026-01-17 06:40:00+00:00,2.0613,2.063,2.06,2.0602,570273.6
2026-01-17 06:45:00+00:00,2.0601,2.0602,2.0572,2.0589,736012.6
2026-01-17 06:50:00+00:00,2.0588,2.0596,2.0581,2.059,255881.0
2026-01-17 06:55:00+00:00,2.059,2.0603,2.0588,2.0589,214316.3
2026-01-17 07:00:00+00:00,2.0589,2.0589,2.0545,2.056,1035673.2
2026-01-17 07:05:00+00:00,2.0559,2.0567,2.0556,2.0567,395340.6
2026-01-17 07:10:00+00:00,2.0566,2.0571,2.0556,2.0562,323798.7
2026-01-17 07:15:00+00:00,2.0561,2.0574,2.0556,2.0571,383303.4
2026-01-17 07:20:00+00:00,2.0572,2.0577,2.0562,2.0577,281887.0
2026-01-17 07:25:00+00:00,2.0576,2.0594,2.0576,2.059,247497.7
2026-01-17 07:30:00+00:00,2.0591,2.0596,2.0588,2.0592,160276.4
2026-01-17 07:35:00+00:00,2.0592,2.0599,2.0587,2.0589,307329.5
2026-01-17 07:40:00+00:00,2.0589,2.0595,2.0588,2.0593,145514.4
2026-01-17 07:45:00+00:00,2.0593,2.0599,2.0585,2.0586,597514.6
2026-01-17 07:50:00+00:00,2.0587,2.0589,2.0569,2.0579,351817.2
2026-01-17 07:55:00+00:00,2.0579,2.0582,2.0566,2.0571,883770.8
2026-01-17 08:00:00+00:00,2.057,2.0587,2.0563,2.0583,516097.7
2026-01-17 08:05:00+00:00,2.0584,2.06,2.0578,2.0588,575892.7
2026-01-17 08:10:00+00:00,2.0589,2.0598,2.0578,2.059,450717.3
2026-01-17 08:15:00+00:00,2.0589,2.0604,2.0586,2.0596,272402.2
2026-01-17 08:20:00+00:00,2.0596,2.0603,2.0583,2.0583,232769.5
2026-01-17 08:25:00+00:00,2.0583,2.0602,2.058,2.0594,237557.0
2026-01-17 08:30:00+00:00,2.0594,2.0603,2.0586,2.0595,327488.4
2026-01-17 08:35:00+00:00,2.0595,2.0611,2.0588,2.0601,290832.7
2026-01-17 08:40:00+00:00,2.0602,2.0603,2.0588,2.0589,244347.1
2026-01-17 08:45:00+00:00,2.0589,2.0613,2.0585,2.0606,667427.1
2026-01-17 08:50:00+00:00,2.0606,2.0618,2.0603,2.0614,627225.8
2026-01-17 08:55:00+00:00,2.0613,2.0616,2.0609,2.0615,238656.7
2026-01-17 09:00:00+00:00,2.0615,2.063,2.0609,2.0621,572827.5
2026-01-17 09:05:00+00:00,2.0621,2.064,2.062,2.0625,585313.7
2026-01-17 09:10:00+00:00,2.0624,2.0625,2.0611,2.0611,427353.0
2026-01-17 09:15:00+00:00,2.0611,2.0627,2.0603,2.0621,679826.0
2026-01-17 09:20:00+00:00,2.0621,2.0625,2.0608,2.0618,283720.3
2026-01-17 09:25:00+00:00,2.0618,2.0637,2.0617,2.063,346709.1
2026-01-17 09:30:00+00:00,2.0631,2.0634,2.0611,2.0615,493913.1
2026-01-17 09:35:00+00:00,2.0616,2.0644,2.0614,2.0637,403102.7
2026-01-17 09:40:00+00:00,2.0637,2.0649,2.0628,2.0646,925714.1
2026-01-17 09:45:00+00:00,2.0645,2.0664,2.0637,2.0641,1880231.6
2026-01-17 09:50:00+00:00,2.0642,2.0643,2.0626,2.0628,725113.8
2026-01-17 09:55:00+00:00,2.0628,2.0631,2.062,2.0622,200319.9
2026-01-17 10:00:00+00:00,2.0621,2.0625,2.0608,2.062,411433.0
2026-01-17 10:05:00+00:00,2.062,2.0634,2.0619,2.0629,311593.0
2026-01-17 10:10:00+00:00,2.0629,2.0643,2.0621,2.0641,238088.6
2026-01-17 10:15:00+00:00,2.064,2.0663,2.064,2.0659,338199.1
2026-01-17 10:20:00+00:00,2.066,2.0664,2.065,2.0652,633931.2
2026-01-17 10:25:00+00:00,2.0652,2.0658,2.0643,2.0658,272206.1
2026-01-17 10:30:00+00:00,2.0658,2.066,2.0645,2.0651,383601.3
2026-01-17 10:35:00+00:00,2.0652,2.0652,2.0628,2.0636,610570.9
2026-01-17 10:40:00+00:00,2.0635,2.0645,2.0625,2.0625,386072.6
2026-01-17 10:45:00+00:00,2.0625,2.0626,2.0601,2.0608,531625.4
2026-01-17 10:50:00+00:00,2.0607,2.0609,2.0594,2.0609,671086.8
2026-01-17 10:55:00+00:00,2.061,2.0613,2.0599,2.06,246724.6
2026-01-17 11:00:00+00:00,2.0599,2.0599,2.0576,2.0585,1132668.2
2026-01-17 11:05:00+00:00,2.0585,2.0586,2.0546,2.0576,1780202.3
2026-01-17 11:10:00+00:00,2.0577,2.0588,2.0576,2.0585,880138.6
2026-01-17 11:15:00+00:00,2.0585,2.0601,2.0581,2.06,1194612.0
2026-01-17 11:20:00+00:00,2.0599,2.0628,2.0594,2.0623,906230.7
2026-01-17 11:25:00+00:00,2.0622,2.0628,2.0613,2.0627,289519.1
2026-01-17 11:30:00+00:00,2.0627,2.0635,2.0616,2.0626,648914.2
2026-01-17 11:35:00+00:00,2.0626,2.0627,2.0604,2.0614,590680.3
2026-01-17 11:40:00+00:00,2.0614,2.0617,2.0598,2.06,595304.7
2026-01-17 11:45:00+00:00,2.0599,2.0608,2.0579,2.0607,944837.9
2026-01-17 11:50:00+00:00,2.0607,2.0621,2.0607,2.0618,512146.0
2026-01-17 11:55:00+00:00,2.0618,2.0618,2.0604,2.0607,248501.8
2026-01-17 12:00:00+00:00,2.0607,2.0612,2.0593,2.0601,315187.0
2026-01-17 12:05:00+00:00,2.0601,2.0617,2.06,2.0613,374514.6
2026-01-17 12:10:00+00:00,2.0613,2.0629,2.0612,2.0624,486304.8
2026-01-17 12:15:00+00:00,2.0624,2.0639,2.0595,2.0599,1569467.2
2026-01-17 12:20:00+00:00,2.06,2.0609,2.0594,2.0605,560271.6
2026-01-17 12:25:00+00:00,2.0604,2.0605,2.0586,2.0597,673739.0
2026-01-17 12:30:00+00:00,2.0598,2.0605,2.0592,2.0594,261070.4
2026-01-17 12:35:00+00:00,2.0594,2.0598,2.0583,2.0588,467240.6
2026-01-17 12:40:00+00:00,2.0589,2.0591,2.0572,2.0582,770166.2
2026-01-17 12:45:00+00:00,2.0581,2.0588,2.0573,2.0582,515925.9
2026-01-17 12:50:00+00:00,2.0582,2.0587,2.0576,2.0579,473067.3
2026-01-17 12:55:00+00:00,2.0579,2.0592,2.0578,2.0587,347991.3
2026-01-17 13:00:00+00:00,2.0587,2.0587,2.0576,2.0577,319015.7
2026-01-17 13:05:00+00:00,2.0577,2.0592,2.0569,2.0587,546329.5
2026-01-17 13:10:00+00:00,2.0586,2.0606,2.0586,2.0602,311800.8
2026-01-17 13:15:00+00:00,2.0602,2.0627,2.0596,2.0609,745705.4
2026-01-17 13:20:00+00:00,2.061,2.0621,2.06,2.0603,753721.7
2026-01-17 13:25:00+00:00,2.0603,2.0614,2.0601,2.0606,241911.1
2026-01-17 13:30:00+00:00,2.0606,2.0623,2.0603,2.061,355416.9
2026-01-17 13:35:00+00:00,2.061,2.0612,2.0589,2.0612,606658.7
2026-01-17 13:40:00+00:00,2.0612,2.0626,2.0606,2.0618,497690.2
2026-01-17 13:45:00+00:00,2.0618,2.0624,2.0613,2.062,248739.9
2026-01-17 13:50:00+00:00,2.062,2.062,2.0602,2.0608,327627.8
2026-01-17 13:55:00+00:00,2.0608,2.0616,2.0606,2.0608,328478.6
2026-01-17 14:00:00+00:00,2.0608,2.0609,2.0573,2.059,609350.1
2026-01-17 14:05:00+00:00,2.059,2.0601,2.0588,2.0591,251211.5
2026-01-17 14:10:00+00:00,2.0591,2.0632,2.059,2.0631,560387.2
2026-01-17 14:15:00+00:00,2.0632,2.0661,2.063,2.0656,1794145.0
2026-01-17 14:20:00+00:00,2.0656,2.0662,2.0626,2.0631,1070263.8
2026-01-17 14:25:00+00:00,2.0632,2.0655,2.0631,2.0645,541320.6
2026-01-17 14:30:00+00:00,2.0645,2.0698,2.0641,2.0681,1988296.2
2026-01-17 14:35:00+00:00,2.0681,2.0737,2.068,2.0736,2405006.6
2026-01-17 14:40:00+00:00,2.0736,2.078,2.0735,2.0741,3724058.2
2026-01-17 14:45:00+00:00,2.0741,2.0744,2.0719,2.0723,1860646.6
2026-01-17 14:50:00+00:00,2.0724,2.0742,2.0724,2.0737,916349.5
2026-01-17 14:55:00+00:00,2.0737,2.0745,2.0721,2.0729,1050700.1
2026-01-17 15:00:00+00:00,2.0729,2.0749,2.0712,2.0721,949998.5
2026-01-17 15:05:00+00:00,2.0721,2.0742,2.0695,2.0718,5408055.4
2026-01-17 15:10:00+00:00,2.0719,2.077,2.0696,2.0743,8233058.5
2026-01-17 15:15:00+00:00,2.0742,2.0812,2.0735,2.0802,6840586.8
2026-01-17 15:20:00+00:00,2.0802,2.0802,2.0714,2.0732,1902606.0
2026-01-17 15:25:00+00:00,2.0732,2.0771,2.0731,2.0752,1130239.8
2026-01-17 15:30:00+00:00,2.0753,2.0762,2.074,2.0758,770829.4
2026-01-17 15:35:00+00:00,2.0758,2.0781,2.0746,2.0776,1677230.0
2026-01-17 15:40:00+00:00,2.0775,2.0793,2.0751,2.0784,2113624.2
2026-01-17 15:45:00+00:00,2.0784,2.0788,2.0759,2.0767,1157667.4
2026-01-17 15:50:00+00:00,2.0767,2.082,2.0747,2.0799,1262064.9
2026-01-17 15:55:00+00:00,2.0799,2.081,2.0789,2.0805,1963218.1
2026-01-17 16:00:00+00:00,2.0806,2.0808,2.0767,2.0794,2052125.6
2026-01-17 16:05:00+00:00,2.0794,2.0802,2.0755,2.0771,1672978.2
2026-01-17 16:10:00+00:00,2.0772,2.0777,2.0766,2.0768,546269.6
2026-01-17 16:15:00+00:00,2.0768,2.077,2.0737,2.0746,1416075.4
2026-01-17 16:20:00+00:00,2.0746,2.0747,2.0701,2.071,2020792.4
2026-01-17 16:25:00+00:00,2.0711,2.0734,2.0702,2.0732,1264321.3
2026-01-17 16:30:00+00:00,2.0732,2.0736,2.0696,2.0702,1223954.6
2026-01-17 16:35:00+00:00,2.0702,2.0711,2.0676,2.07,1850938.6
2026-01-17 16:40:00+00:00,2.07,2.0729,2.0699,2.0707,1167443.4
2026-01-17 16:45:00+00:00,2.0707,2.0724,2.0687,2.0689,878712.1
2026-01-17 16:50:00+00:00,2.0689,2.0722,2.0676,2.0712,1073872.1
2026-01-17 16:55:00+00:00,2.0713,2.0731,2.071,2.0718,869500.6
2026-01-17 17:00:00+00:00,2.0717,2.0729,2.0707,2.0717,428333.7
2026-01-17 17:05:00+00:00,2.0717,2.0742,2.0715,2.0732,696216.1
2026-01-17 17:10:00+00:00,2.0733,2.0772,2.0733,2.0743,992646.3
2026-01-17 17:15:00+00:00,2.0743,2.0763,2.0739,2.0763,587795.6
2026-01-17 17:20:00+00:00,2.0762,2.0762,2.0741,2.075,304493.8
2026-01-17 17:25:00+00:00,2.075,2.076,2.0743,2.0755,682327.4
2026-01-17 17:30:00+00:00,2.0756,2.0756,2.0732,2.075,736965.7
2026-01-17 17:35:00+00:00,2.075,2.0769,2.075,2.0768,325052.3
2026-01-17 17:40:00+00:00,2.0768,2.0781,2.0759,2.0781,469082.6
2026-01-17 17:45:00+00:00,2.0781,2.0781,2.0749,2.075,358595.6
2026-01-17 17:50:00+00:00,2.075,2.0752,2.0708,2.072,1008948.9
2026-01-17 17:55:00+00:00,2.072,2.0819,2.0712,2.0816,5503634.3
2026-01-17 18:00:00+00:00,2.0816,2.0826,2.0731,2.075,6334288.2
2026-01-17 18:05:00+00:00,2.075,2.0753,2.0718,2.0745,807311.4
2026-01-17 18:10:00+00:00,2.0745,2.0746,2.0729,2.0733,463489.0
2026-01-17 18:15:00+00:00,2.0733,2.0758,2.0727,2.075,622916.5
2026-01-17 18:20:00+00:00,2.0749,2.0763,2.074,2.0763,374539.4
2026-01-17 18:25:00+00:00,2.0763,2.0763,2.0744,2.0754,707532.2
2026-01-17 18:30:00+00:00,2.0754,2.076,2.0741,2.0745,201408.0
2026-01-17 18:35:00+00:00,2.0745,2.0759,2.0742,2.0753,223680.6
2026-01-17 18:40:00+00:00,2.0752,2.0756,2.0725,2.0739,679953.0
2026-01-17 18:45:00+00:00,2.0739,2.0748,2.0733,2.0736,279389.6
2026-01-17 18:50:00+00:00,2.0735,2.0735,2.0726,2.0734,298432.0
2026-01-17 18:55:00+00:00,2.0734,2.0759,2.0724,2.0755,1419958.0
2026-01-17 19:00:00+00:00,2.0755,2.0755,2.0725,2.0738,1098373.4
2026-01-17 19:05:00+00:00,2.0738,2.0749,2.0733,2.0748,208337.1
2026-01-17 19:10:00+00:00,2.0749,2.0767,2.0746,2.0761,493755.3
2026-01-17 19:15:00+00:00,2.0761,2.0761,2.0744,2.0744,693063.9
2026-01-17 19:20:00+00:00,2.0744,2.0744,2.0727,2.0732,293845.4
2026-01-17 19:25:00+00:00,2.0732,2.0736,2.0721,2.0735,577377.4
2026-01-17 19:30:00+00:00,2.0735,2.0744,2.0722,2.0742,394703.7
2026-01-17 19:35:00+00:00,2.0742,2.0764,2.0741,2.0764,428900.9
2026-01-17 19:40:00+00:00,2.0764,2.0764,2.074,2.0741,289105.2
2026-01-17 19:45:00+00:00,2.0742,2.0747,2.0738,2.0741,188911.1
2026-01-17 19:50:00+00:00,2.0741,2.0742,2.0716,2.0724,483987.8
2026-01-17 19:55:00+00:00,2.0723,2.0728,2.0722,2.0724,149511.2
2026-01-17 20:00:00+00:00,2.0723,2.0724,2.0706,2.0708,609139.6
2026-01-17 20:05:00+00:00,2.0707,2.0717,2.07,2.0716,646930.9
2026-01-17 20:10:00+00:00,2.0717,2.0726,2.0705,2.0718,518213.5
2026-01-17 20:15:00+00:00,2.0718,2.073,2.0714,2.0728,342026.5
2026-01-17 20:20:00+00:00,2.0728,2.0745,2.0727,2.073,729214.5
2026-01-17 20:25:00+00:00,2.0729,2.073,2.0716,2.0716,368647.6
2026-01-17 20:30:00+00:00,2.0716,2.0717,2.0705,2.0714,258435.0
2026-01-17 20:35:00+00:00,2.0714,2.0714,2.0701,2.0703,342452.1
2026-01-17 20:40:00+00:00,2.0703,2.071,2.0695,2.0703,540788.6
2026-01-17 20:45:00+00:00,2.0702,2.0717,2.0702,2.0714,237677.8
2026-01-17 20:50:00+00:00,2.0714,2.0722,2.0702,2.0713,339411.5
2026-01-17 20:55:00+00:00,2.0712,2.0717,2.0705,2.0711,460415.6
2026-01-17 21:00:00+00:00,2.071,2.0711,2.0696,2.0703,592072.5
2026-01-17 21:05:00+00:00,2.0702,2.0704,2.0695,2.0698,318415.3
2026-01-17 21:10:00+00:00,2.0698,2.0698,2.0668,2.0672,844940.1
2026-01-17 21:15:00+00:00,2.0672,2.0693,2.0668,2.067,362063.1
2026-01-17 21:20:00+00:00,2.067,2.0676,2.0666,2.0667,297642.3
2026-01-17 21:25:00+00:00,2.0667,2.0676,2.0666,2.0676,235024.1
2026-01-17 21:30:00+00:00,2.0675,2.0678,2.0651,2.0662,1084143.3
2026-01-17 21:35:00+00:00,2.0661,2.0672,2.0653,2.0656,395882.6
2026-01-17 21:40:00+00:00,2.0655,2.0676,2.0648,2.0675,650277.9
2026-01-17 21:45:00+00:00,2.0674,2.07,2.0674,2.0693,425360.5
2026-01-17 21:50:00+00:00,2.0693,2.0694,2.0667,2.0672,500359.8
2026-01-17 21:55:00+00:00,2.0671,2.0678,2.0665,2.0678,147552.5
2026-01-17 22:00:00+00:00,2.0678,2.0678,2.0656,2.0665,453835.9
2026-01-17 22:05:00+00:00,2.0665,2.0681,2.0664,2.067,406149.9
2026-01-17 22:10:00+00:00,2.067,2.0672,2.0633,2.0653,1255065.4
2026-01-17 22:15:00+00:00,2.0652,2.068,2.0648,2.0668,363683.0
2026-01-17 22:20:00+00:00,2.0668,2.067,2.0657,2.0658,303806.8
2026-01-17 22:25:00+00:00,2.0659,2.0662,2.0634,2.0645,413600.9
2026-01-17 22:30:00+00:00,2.0644,2.0645,2.0617,2.0643,694491.2
2026-01-17 22:35:00+00:00,2.0642,2.0643,2.058,2.0587,2506971.5
2026-01-17 22:40:00+00:00,2.0587,2.0625,2.0587,2.0616,799951.1
2026-01-17 22:45:00+00:00,2.0615,2.0621,2.0581,2.0621,700767.9
2026-01-17 22:50:00+00:00,2.0621,2.064,2.062,2.0637,608442.8
2026-01-17 22:55:00+00:00,2.0636,2.0664,2.0623,2.0637,559345.1
2026-01-17 23:00:00+00:00,2.0637,2.0656,2.062,2.0622,1446173.1
2026-01-17 23:05:00+00:00,2.0623,2.0653,2.0623,2.0644,577069.4
2026-01-17 23:10:00+00:00,2.0644,2.0674,2.064,2.0646,969833.0
2026-01-17 23:15:00+00:00,2.0646,2.0656,2.0637,2.0638,571403.1
2026-01-17 23:20:00+00:00,2.0638,2.0638,2.0613,2.0617,417176.9
2026-01-17 23:25:00+00:00,2.0617,2.0624,2.0612,2.0617,583306.0
2026-01-17 23:30:00+00:00,2.0618,2.064,2.0615,2.0639,353306.5
2026-01-17 23:35:00+00:00,2.0639,2.0646,2.0625,2.0625,419310.9
2026-01-17 23:40:00+00:00,2.0626,2.0637,2.0625,2.0632,184895.8
2026-01-17 23:45:00+00:00,2.0633,2.0633,2.0613,2.0616,322741.1
2026-01-17 23:50:00+00:00,2.0616,2.0629,2.0612,2.0614,512792.8
2026-01-17 23:55:00+00:00,2.0614,2.0628,2.0612,2.0623,354874.1
2026-01-18 00:00:00+00:00,2.0623,2.0624,2.0606,2.0607,585180.4
2026-01-18 00:05:00+00:00,2.0607,2.0639,2.0606,2.0638,503184.6
2026-01-18 00:10:00+00:00,2.0638,2.0659,2.0633,2.0654,729020.7
2026-01-18 00:15:00+00:00,2.0655,2.067,2.0654,2.0661,543309.6
2026-01-18 00:20:00+00:00,2.0661,2.0664,2.0644,2.0663,730761.4
2026-01-18 00:25:00+00:00,2.0664,2.0664,2.0638,2.0645,322592.7
2026-01-18 00:30:00+00:00,2.0644,2.0645,2.0621,2.0631,774663.3
2026-01-18 00:35:00+00:00,2.063,2.0647,2.0618,2.0618,359481.7
2026-01-18 00:40:00+00:00,2.0619,2.062,2.0585,2.0603,1307240.0
2026-01-18 00:45:00+00:00,2.0602,2.0608,2.058,2.0591,904729.3
2026-01-18 00:50:00+00:00,2.0592,2.0596,2.0583,2.0588,462645.6
2026-01-18 00:55:00+00:00,2.0588,2.06,2.0584,2.0588,356863.4
2026-01-18 01:00:00+00:00,2.0587,2.0602,2.0554,2.0588,1866131.4
2026-01-18 01:05:00+00:00,2.0589,2.0589,2.053,2.0541,3427681.5
2026-01-18 01:10:00+00:00,2.0541,2.0565,2.0532,2.0547,1291320.5
2026-01-18 01:15:00+00:00,2.0547,2.0577,2.0535,2.0576,818185.5
2026-01-18 01:20:00+00:00,2.0575,2.0583,2.056,2.0573,481607.1
2026-01-18 01:25:00+00:00,2.0574,2.0581,2.0563,2.0581,410214.6
2026-01-18 01:30:00+00:00,2.0581,2.0599,2.0556,2.0576,623236.1
2026-01-18 01:35:00+00:00,2.0577,2.0578,2.0565,2.0574,327695.4
2026-01-18 01:40:00+00:00,2.0574,2.0574,2.0547,2.0551,542529.7
2026-01-18 01:45:00+00:00,2.055,2.0551,2.0512,2.0518,1714199.1
2026-01-18 01:50:00+00:00,2.0518,2.0521,2.0465,2.049,3792196.2
2026-01-18 01:55:00+00:00,2.049,2.0508,2.048,2.0508,986406.8
2026-01-18 02:00:00+00:00,2.0507,2.0541,2.0506,2.0524,954730.8
2026-01-18 02:05:00+00:00,2.0524,2.0551,2.0517,2.0548,1032645.2
2026-01-18 02:10:00+00:00,2.0548,2.0549,2.0532,2.0538,487356.8
2026-01-18 02:15:00+00:00,2.0538,2.0563,2.0526,2.0531,445202.6
2026-01-18 02:20:00+00:00,2.0532,2.0538,2.0516,2.0517,453831.2
2026-01-18 02:25:00+00:00,2.0518,2.0529,2.0507,2.0529,323569.0
2026-01-18 02:30:00+00:00,2.0528,2.0529,2.0483,2.0493,748419.0
2026-01-18 02:35:00+00:00,2.0493,2.051,2.0474,2.0495,1197950.1
2026-01-18 02:40:00+00:00,2.0494,2.0511,2.0476,2.0505,546752.4
2026-01-18 02:45:00+00:00,2.0504,2.0524,2.0504,2.0515,440711.5
2026-01-18 02:50:00+00:00,2.0514,2.0521,2.0495,2.0519,645474.2
2026-01-18 02:55:00+00:00,2.0518,2.0531,2.0511,2.0518,546267.9
2026-01-18 03:00:00+00:00,2.0517,2.0545,2.0512,2.0541,2596848.3
2026-01-18 03:05:00+00:00,2.0542,2.0553,2.0521,2.0538,3060360.0
2026-01-18 03:10:00+00:00,2.0538,2.0545,2.0504,2.0509,2439234.1
2026-01-18 03:15:00+00:00,2.0508,2.0549,2.0508,2.0546,1712009.9
2026-01-18 03:20:00+00:00,2.0546,2.0549,2.0515,2.0529,874758.3
2026-01-18 03:25:00+00:00,2.0529,2.0556,2.0529,2.0553,476066.7
2026-01-18 03:30:00+00:00,2.0554,2.0598,2.0553,2.0585,775878.7
2026-01-18 03:35:00+00:00,2.0584,2.0593,2.0575,2.0588,410392.4
2026-01-18 03:40:00+00:00,2.0589,2.0593,2.058,2.0586,167660.6
2026-01-18 03:45:00+00:00,2.0587,2.0587,2.0574,2.0574,254268.6
2026-01-18 03:50:00+00:00,2.0575,2.0586,2.0569,2.0577,313325.3
2026-01-18 03:55:00+00:00,2.0576,2.0576,2.0557,2.0573,470787.6
2026-01-18 04:00:00+00:00,2.0574,2.0574,2.0545,2.0548,590133.2
2026-01-18 04:05:00+00:00,2.0548,2.0558,2.0543,2.0543,234701.2
2026-01-18 04:10:00+00:00,2.0544,2.0544,2.0514,2.0522,849000.3
2026-01-18 04:15:00+00:00,2.0522,2.0538,2.0511,2.052,593818.7
2026-01-18 04:20:00+00:00,2.0521,2.0548,2.0521,2.0532,232610.2
2026-01-18 04:25:00+00:00,2.0531,2.0545,2.0523,2.0539,301938.1
2026-01-18 04:30:00+00:00,2.0539,2.0546,2.0511,2.0522,241902.4
2026-01-18 04:35:00+00:00,2.0522,2.0535,2.0521,2.0535,221518.1
2026-01-18 04:40:00+00:00,2.0535,2.0543,2.0532,2.0535,193472.0
2026-01-18 04:45:00+00:00,2.0535,2.0545,2.053,2.0543,206069.0
2026-01-18 04:50:00+00:00,2.0544,2.0555,2.0535,2.0535,340400.8
2026-01-18 04:55:00+00:00,2.0536,2.0549,2.0535,2.0545,109887.3
2026-01-18 05:00:00+00:00,2.0546,2.0546,2.0517,2.052,456980.2
2026-01-18 05:05:00+00:00,2.0519,2.0522,2.051,2.052,399825.3
2026-01-18 05:10:00+00:00,2.052,2.0542,2.052,2.0541,226756.9
2026-01-18 05:15:00+00:00,2.0542,2.0547,2.053,2.0544,236057.3
2026-01-18 05:20:00+00:00,2.0544,2.0544,2.0521,2.0523,299313.0
2026-01-18 05:25:00+00:00,2.0522,2.0535,2.0511,2.0528,1102593.1
2026-01-18 05:30:00+00:00,2.0528,2.0528,2.047,2.0475,4197610.6
2026-01-18 05:35:00+00:00,2.0476,2.0502,2.0458,2.0502,2415970.9
2026-01-18 05:40:00+00:00,2.0503,2.0553,2.0492,2.055,6687762.3
2026-01-18 05:45:00+00:00,2.0551,2.0562,2.0536,2.0541,1870352.7
2026-01-18 05:50:00+00:00,2.0542,2.0543,2.0522,2.0542,279626.3
2026-01-18 05:55:00+00:00,2.0542,2.0543,2.0533,2.0537,286398.3
2026-01-18 06:00:00+00:00,2.0538,2.0543,2.0528,2.054,348766.7
2026-01-18 06:05:00+00:00,2.054,2.0562,2.0537,2.0559,297706.6
2026-01-18 06:10:00+00:00,2.0559,2.0571,2.0554,2.0564,457498.2
2026-01-18 06:15:00+00:00,2.0565,2.0565,2.0543,2.0548,301313.4
2026-01-18 06:20:00+00:00,2.0549,2.0568,2.0547,2.0561,388715.8
2026-01-18 06:25:00+00:00,2.0561,2.0566,2.0555,2.0561,284215.3
2026-01-18 06:30:00+00:00,2.0562,2.0567,2.0546,2.0564,339406.9
2026-01-18 06:35:00+00:00,2.0564,2.0577,2.0564,2.0577,155351.4
2026-01-18 06:40:00+00:00,2.0577,2.0582,2.0571,2.058,425854.7
2026-01-18 06:45:00+00:00,2.058,2.0583,2.0572,2.0572,163988.7
2026-01-18 06:50:00+00:00,2.0572,2.0581,2.0563,2.0564,195574.8
2026-01-18 06:55:00+00:00,2.0564,2.0579,2.0563,2.0573,261145.0
2026-01-18 07:00:00+00:00,2.0574,2.0588,2.0566,2.0587,401356.6
2026-01-18 07:05:00+00:00,2.0588,2.059,2.0555,2.0555,551442.5
2026-01-18 07:10:00+00:00,2.0555,2.0557,2.052,2.0533,1138631.8
2026-01-18 07:15:00+00:00,2.0533,2.0543,2.0526,2.0536,313620.1
2026-01-18 07:20:00+00:00,2.0536,2.0544,2.0532,2.0538,239086.2
2026-01-18 07:25:00+00:00,2.0538,2.0552,2.0538,2.0546,168830.8
2026-01-18 07:30:00+00:00,2.0547,2.0547,2.0525,2.0525,344746.1
2026-01-18 07:35:00+00:00,2.0526,2.0526,2.0496,2.0508,1745125.4
2026-01-18 07:40:00+00:00,2.0509,2.0533,2.0509,2.053,282493.0
2026-01-18 07:45:00+00:00,2.0529,2.0538,2.0527,2.0532,378549.0
2026-01-18 07:50:00+00:00,2.0532,2.0538,2.0521,2.0528,235342.5
2026-01-18 07:55:00+00:00,2.0529,2.0533,2.0509,2.0511,352234.1
2026-01-18 08:00:00+00:00,2.0512,2.0518,2.0495,2.0495,452708.7
2026-01-18 08:05:00+00:00,2.0495,2.0506,2.049,2.0499,593142.4
2026-01-18 08:10:00+00:00,2.0499,2.0508,2.0495,2.0506,341890.0
2026-01-18 08:15:00+00:00,2.0507,2.0508,2.0494,2.0506,278606.9
2026-01-18 08:20:00+00:00,2.0507,2.0523,2.0502,2.052,337676.1
2026-01-18 08:25:00+00:00,2.052,2.0543,2.052,2.0534,343980.6
2026-01-18 08:30:00+00:00,2.0535,2.0551,2.053,2.0544,410366.9
2026-01-18 08:35:00+00:00,2.0543,2.0567,2.0535,2.0566,279885.7
2026-01-18 08:40:00+00:00,2.0567,2.0579,2.0564,2.0568,582461.5
2026-01-18 08:45:00+00:00,2.0568,2.0576,2.0553,2.0576,347918.5
2026-01-18 08:50:00+00:00,2.0575,2.0583,2.057,2.0577,463832.0
2026-01-18 08:55:00+00:00,2.0577,2.0577,2.056,2.056,460341.6
2026-01-18 09:00:00+00:00,2.0561,2.0567,2.0554,2.0562,484904.0
2026-01-18 09:05:00+00:00,2.0562,2.0569,2.0541,2.0564,486636.9
2026-01-18 09:10:00+00:00,2.0565,2.057,2.0553,2.0554,195154.6
2026-01-18 09:15:00+00:00,2.0554,2.0564,2.0548,2.0562,344702.6
2026-01-18 09:20:00+00:00,2.0561,2.0573,2.0558,2.0566,258087.4
2026-01-18 09:25:00+00:00,2.0566,2.0566,2.0542,2.055,554145.9
2026-01-18 09:30:00+00:00,2.0551,2.0576,2.0551,2.0574,561165.5
2026-01-18 09:35:00+00:00,2.0575,2.0587,2.0574,2.0574,687723.4
2026-01-18 09:40:00+00:00,2.0574,2.0587,2.0568,2.0571,856818.8
2026-01-18 09:45:00+00:00,2.0571,2.0591,2.057,2.0589,815604.6
2026-01-18 09:50:00+00:00,2.0589,2.0605,2.0588,2.0605,560724.1
2026-01-18 09:55:00+00:00,2.0605,2.0606,2.0592,2.0594,734897.6
2026-01-18 10:00:00+00:00,2.0594,2.0599,2.0544,2.0544,798526.9
2026-01-18 10:05:00+00:00,2.0544,2.0552,2.053,2.0545,848558.3
2026-01-18 10:10:00+00:00,2.0546,2.0552,2.0535,2.0548,305601.2
2026-01-18 10:15:00+00:00,2.0549,2.0553,2.0537,2.0547,309780.1
2026-01-18 10:20:00+00:00,2.0547,2.0553,2.0542,2.0544,272387.0
2026-01-18 10:25:00+00:00,2.0544,2.0544,2.0532,2.0537,293522.8
2026-01-18 10:30:00+00:00,2.0538,2.0552,2.0535,2.0552,186264.1
2026-01-18 10:35:00+00:00,2.0552,2.0557,2.0531,2.0535,530798.2
2026-01-18 10:40:00+00:00,2.0535,2.0551,2.0534,2.0544,295402.3
2026-01-18 10:45:00+00:00,2.0545,2.0549,2.0533,2.0534,195670.6
2026-01-18 10:50:00+00:00,2.0534,2.0572,2.0533,2.0563,753522.9
2026-01-18 10:55:00+00:00,2.0563,2.0568,2.0557,2.0558,228766.6
2026-01-18 11:00:00+00:00,2.0558,2.0558,2.0538,2.054,544548.4
2026-01-18 11:05:00+00:00,2.054,2.0553,2.0537,2.0541,249108.1
2026-01-18 11:10:00+00:00,2.0541,2.0547,2.0533,2.0541,242402.9
2026-01-18 11:15:00+00:00,2.0542,2.0551,2.0541,2.0546,230122.0
2026-01-18 11:20:00+00:00,2.0546,2.055,2.0532,2.0534,321679.9
2026-01-18 11:25:00+00:00,2.0534,2.0539,2.0516,2.0516,778771.6
2026-01-18 11:30:00+00:00,2.0516,2.0536,2.0514,2.0533,375722.2
2026-01-18 11:35:00+00:00,2.0534,2.0535,2.0524,2.0535,287059.7
2026-01-18 11:40:00+00:00,2.0535,2.0542,2.0528,2.0531,410080.8
2026-01-18 11:45:00+00:00,2.0532,2.0551,2.0525,2.0544,364234.2
2026-01-18 11:50:00+00:00,2.0544,2.0554,2.0534,2.0536,287995.7
2026-01-18 11:55:00+00:00,2.0536,2.0547,2.0526,2.0536,183960.5
2026-01-18 12:00:00+00:00,2.0537,2.0537,2.0523,2.0526,364602.8
2026-01-18 12:05:00+00:00,2.0525,2.0529,2.0511,2.0526,458934.8
2026-01-18 12:10:00+00:00,2.0526,2.0535,2.052,2.0525,271687.7
2026-01-18 12:15:00+00:00,2.0526,2.0531,2.0517,2.0527,265103.8
2026-01-18 12:20:00+00:00,2.0527,2.0531,2.0523,2.0523,215492.4
2026-01-18 12:25:00+00:00,2.0524,2.055,2.0523,2.0544,706142.5
2026-01-18 12:30:00+00:00,2.0545,2.0545,2.053,2.0535,446743.9
2026-01-18 12:35:00+00:00,2.0536,2.0555,2.0536,2.0546,658284.4
2026-01-18 12:40:00+00:00,2.0545,2.0548,2.0539,2.0543,250011.6
2026-01-18 12:45:00+00:00,2.0544,2.0551,2.0541,2.0541,409558.3
2026-01-18 12:50:00+00:00,2.0542,2.0543,2.052,2.0527,447568.6
2026-01-18 12:55:00+00:00,2.0527,2.0529,2.0505,2.0507,833148.2
2026-01-18 13:00:00+00:00,2.0508,2.0512,2.0501,2.0509,674895.6
2026-01-18 13:05:00+00:00,2.0509,2.0514,2.0462,2.0483,1705681.5
2026-01-18 13:10:00+00:00,2.0483,2.0492,2.048,2.0491,509897.8
2026-01-18 13:15:00+00:00,2.0492,2.0509,2.0491,2.0493,671334.9
2026-01-18 13:20:00+00:00,2.0493,2.0496,2.0466,2.0475,1000453.7
2026-01-18 13:25:00+00:00,2.0475,2.0487,2.0465,2.0485,875250.8
2026-01-18 13:30:00+00:00,2.0485,2.0492,2.047,2.047,568107.7
2026-01-18 13:35:00+00:00,2.0469,2.0495,2.0469,2.048,748725.0
2026-01-18 13:40:00+00:00,2.048,2.0528,2.048,2.0519,1236400.9
2026-01-18 13:45:00+00:00,2.0518,2.053,2.0514,2.0521,588666.8
2026-01-18 13:50:00+00:00,2.0521,2.0522,2.051,2.0512,393117.3
2026-01-18 13:55:00+00:00,2.0513,2.0517,2.05,2.0512,313775.9
2026-01-18 14:00:00+00:00,2.0513,2.0515,2.0487,2.0492,473196.2
2026-01-18 14:05:00+00:00,2.0492,2.0508,2.0486,2.0501,224956.9
2026-01-18 14:10:00+00:00,2.05,2.0548,2.0499,2.0545,1320661.8
2026-01-18 14:15:00+00:00,2.0546,2.0594,2.0542,2.0568,2580949.2
2026-01-18 14:20:00+00:00,2.0568,2.0581,2.0557,2.0581,896641.3
2026-01-18 14:25:00+00:00,2.058,2.0583,2.0561,2.0566,612755.0
2026-01-18 14:30:00+00:00,2.0567,2.0593,2.0567,2.0573,709456.0
2026-01-18 14:35:00+00:00,2.0573,2.058,2.0532,2.0536,708447.6
2026-01-18 14:40:00+00:00,2.0537,2.0543,2.0523,2.0524,425484.3
2026-01-18 14:45:00+00:00,2.0524,2.0529,2.05,2.0524,778049.9
2026-01-18 14:50:00+00:00,2.0524,2.0531,2.0516,2.0522,350623.1
2026-01-18 14:55:00+00:00,2.0523,2.0525,2.0481,2.0488,1301317.1
2026-01-18 15:00:00+00:00,2.0488,2.0502,2.0434,2.0482,2611509.7
2026-01-18 15:05:00+00:00,2.0481,2.0481,2.0457,2.0467,711287.5
2026-01-18 15:10:00+00:00,2.0468,2.0478,2.0466,2.0478,529909.7
2026-01-18 15:15:00+00:00,2.0477,2.0497,2.0468,2.0497,408391.2
2026-01-18 15:20:00+00:00,2.0496,2.052,2.0496,2.0517,482799.0
2026-01-18 15:25:00+00:00,2.0516,2.0517,2.0495,2.0501,703336.0
2026-01-18 15:30:00+00:00,2.0501,2.0502,2.0482,2.0497,1345651.6
2026-01-18 15:35:00+00:00,2.0496,2.0501,2.0485,2.0493,459892.9
2026-01-18 15:40:00+00:00,2.0493,2.0507,2.0489,2.049,356402.2
2026-01-18 15:45:00+00:00,2.0491,2.0506,2.0487,2.0492,370453.9
2026-01-18 15:50:00+00:00,2.0492,2.0495,2.0474,2.049,500440.6
2026-01-18 15:55:00+00:00,2.0489,2.0495,2.0477,2.0494,531306.3
2026-01-18 16:00:00+00:00,2.0495,2.0523,2.0462,2.0517,1477885.8
2026-01-18 16:05:00+00:00,2.0516,2.0552,2.0516,2.0532,1387409.7
2026-01-18 16:10:00+00:00,2.0531,2.0543,2.0525,2.0537,335315.9
2026-01-18 16:15:00+00:00,2.0537,2.0545,2.0521,2.0522,360694.9
2026-01-18 16:20:00+00:00,2.0522,2.0538,2.0521,2.0525,364924.6
2026-01-18 16:25:00+00:00,2.0526,2.0528,2.0508,2.0513,226705.4
2026-01-18 16:30:00+00:00,2.0513,2.053,2.0505,2.0513,498558.4
2026-01-18 16:35:00+00:00,2.0513,2.0538,2.0511,2.0521,218187.4
2026-01-18 16:40:00+00:00,2.052,2.0559,2.0519,2.0549,1747086.4
2026-01-18 16:45:00+00:00,2.055,2.0563,2.054,2.0542,1165863.9
2026-01-18 16:50:00+00:00,2.0542,2.0559,2.0537,2.0556,484404.2
2026-01-18 16:55:00+00:00,2.0556,2.0557,2.0458,2.048,6973013.0
2026-01-18 17:00:00+00:00,2.0481,2.0538,2.048,2.0536,6408380.8
2026-01-18 17:05:00+00:00,2.0535,2.0561,2.0523,2.0523,2439936.2
2026-01-18 17:10:00+00:00,2.0523,2.0524,2.0492,2.0494,583437.3
2026-01-18 17:15:00+00:00,2.0495,2.0503,2.049,2.0494,708101.5
2026-01-18 17:20:00+00:00,2.0494,2.0516,2.0494,2.0506,444668.8
2026-01-18 17:25:00+00:00,2.0506,2.0516,2.0502,2.0503,180020.4
2026-01-18 17:30:00+00:00,2.0503,2.0505,2.0494,2.05,487094.3
2026-01-18 17:35:00+00:00,2.0499,2.0499,2.0461,2.047,807741.0
2026-01-18 17:40:00+00:00,2.047,2.047,2.0449,2.0456,1027666.4
2026-01-18 17:45:00+00:00,2.0456,2.0472,2.0455,2.0464,531677.2
2026-01-18 17:50:00+00:00,2.0463,2.0477,2.0461,2.0466,936413.6
2026-01-18 17:55:00+00:00,2.0465,2.0498,2.0465,2.0485,675980.9
2026-01-18 18:00:00+00:00,2.0485,2.0493,2.0452,2.0453,874518.8
2026-01-18 18:05:00+00:00,2.0453,2.0471,2.0451,2.0471,569243.1
2026-01-18 18:10:00+00:00,2.047,2.0487,2.0456,2.0484,473970.5
2026-01-18 18:15:00+00:00,2.0484,2.0496,2.048,2.0483,355318.0
2026-01-18 18:20:00+00:00,2.0482,2.0515,2.048,2.0508,415869.7
2026-01-18 18:25:00+00:00,2.0508,2.061,2.0508,2.0609,3986853.2
2026-01-18 18:30:00+00:00,2.0608,2.0635,2.059,2.0623,2658726.3
2026-01-18 18:35:00+00:00,2.0622,2.0626,2.0585,2.0598,2026354.9
2026-01-18 18:40:00+00:00,2.0599,2.06,2.0576,2.0579,726328.5
2026-01-18 18:45:00+00:00,2.0579,2.0653,2.0579,2.064,1687239.5
2026-01-18 18:50:00+00:00,2.064,2.0641,2.0619,2.0635,874726.6
2026-01-18 18:55:00+00:00,2.0635,2.064,2.0593,2.0607,1331579.5
2026-01-18 19:00:00+00:00,2.0607,2.0638,2.0606,2.0622,1240347.2
2026-01-18 19:05:00+00:00,2.0621,2.0625,2.0582,2.0583,888042.5
2026-01-18 19:10:00+00:00,2.0582,2.0589,2.0582,2.0584,397572.5
2026-01-18 19:15:00+00:00,2.0584,2.0588,2.0557,2.0574,553091.0
2026-01-18 19:20:00+00:00,2.0574,2.0575,2.0555,2.0568,893889.6
2026-01-18 19:25:00+00:00,2.0568,2.0578,2.0562,2.0563,254093.0
2026-01-18 19:30:00+00:00,2.0563,2.0566,2.0543,2.0556,610774.8
2026-01-18 19:35:00+00:00,2.0555,2.0572,2.0551,2.0569,422712.4
2026-01-18 19:40:00+00:00,2.0569,2.058,2.0563,2.0566,434780.8
2026-01-18 19:45:00+00:00,2.0567,2.0569,2.0512,2.052,880273.4
2026-01-18 19:50:00+00:00,2.0521,2.0526,2.0512,2.0526,598757.8
2026-01-18 19:55:00+00:00,2.0526,2.0537,2.0518,2.0527,391015.4
2026-01-18 20:00:00+00:00,2.0528,2.0528,2.05,2.051,797517.4
2026-01-18 20:05:00+00:00,2.0509,2.0525,2.05,2.0505,297073.2
2026-01-18 20:10:00+00:00,2.0505,2.0519,2.0501,2.0513,487172.7
2026-01-18 20:15:00+00:00,2.0513,2.0534,2.0513,2.053,314868.6
2026-01-18 20:20:00+00:00,2.0529,2.0553,2.0525,2.0545,472768.1
2026-01-18 20:25:00+00:00,2.0545,2.0584,2.0545,2.0583,374189.2
2026-01-18 20:30:00+00:00,2.0583,2.0596,2.0575,2.0586,522702.7
2026-01-18 20:35:00+00:00,2.0587,2.0591,2.0548,2.0556,471865.7
2026-01-18 20:40:00+00:00,2.0557,2.0567,2.0534,2.0555,660580.0
2026-01-18 20:45:00+00:00,2.0555,2.0566,2.0549,2.0554,402566.8
2026-01-18 20:50:00+00:00,2.0553,2.0562,2.054,2.0547,309012.3
2026-01-18 20:55:00+00:00,2.0548,2.0568,2.0538,2.0568,258838.9
2026-01-18 21:00:00+00:00,2.0568,2.0573,2.0559,2.0565,509401.0
2026-01-18 21:05:00+00:00,2.0566,2.0577,2.0553,2.0566,230844.6
2026-01-18 21:10:00+00:00,2.0565,2.0594,2.0565,2.0582,274586.8
2026-01-18 21:15:00+00:00,2.0582,2.0584,2.0565,2.0576,296964.5
2026-01-18 21:20:00+00:00,2.0575,2.0576,2.0551,2.0561,933494.4
2026-01-18 21:25:00+00:00,2.0561,2.0563,2.0554,2.0557,150512.2
2026-01-18 21:30:00+00:00,2.0557,2.0577,2.0551,2.0577,198647.0
2026-01-18 21:35:00+00:00,2.0576,2.0576,2.0555,2.056,214290.8
2026-01-18 21:40:00+00:00,2.056,2.057,2.056,2.057,75360.9
2026-01-18 21:45:00+00:00,2.057,2.0594,2.057,2.0588,454976.3
2026-01-18 21:50:00+00:00,2.0587,2.0588,2.0552,2.0558,602771.7
2026-01-18 21:55:00+00:00,2.0558,2.0573,2.0552,2.0564,1163822.3
2026-01-18 22:00:00+00:00,2.0564,2.0584,2.0544,2.0581,1104908.7
2026-01-18 22:05:00+00:00,2.0581,2.0595,2.0573,2.0595,619005.6
2026-01-18 22:10:00+00:00,2.0595,2.0634,2.0563,2.0613,1384367.8
2026-01-18 22:15:00+00:00,2.0613,2.0623,2.0597,2.0602,303649.5
2026-01-18 22:20:00+00:00,2.0601,2.0604,2.0578,2.0586,336556.2
2026-01-18 22:25:00+00:00,2.0585,2.0585,2.0567,2.0569,335620.7
2026-01-18 22:30:00+00:00,2.0568,2.057,2.0556,2.0558,403757.0
2026-01-18 22:35:00+00:00,2.0558,2.0583,2.0556,2.0576,525704.6
2026-01-18 22:40:00+00:00,2.0576,2.06,2.0576,2.0594,246298.5
2026-01-18 22:45:00+00:00,2.0594,2.0595,2.0584,2.0587,121531.2
2026-01-18 22:50:00+00:00,2.0587,2.0599,2.0583,2.0598,167901.3
2026-01-18 22:55:00+00:00,2.0598,2.0603,2.0588,2.0597,518050.4
2026-01-18 23:00:00+00:00,2.0597,2.0599,2.044,2.0458,6560131.5
2026-01-18 23:05:00+00:00,2.0459,2.0461,2.0372,2.0405,8360789.5
2026-01-18 23:10:00+00:00,2.0404,2.0447,2.0386,2.0415,3328834.6
2026-01-18 23:15:00+00:00,2.0414,2.0434,2.039,2.0433,1625862.7
2026-01-18 23:20:00+00:00,2.0434,2.045,2.026,2.0334,12295081.0
2026-01-18 23:25:00+00:00,2.0334,2.0334,2.0161,2.02,14445655.4
2026-01-18 23:30:00+00:00,2.0199,2.0247,2.0105,2.0146,10919457.7
2026-01-18 23:35:00+00:00,2.0147,2.0178,2.0101,2.0107,4330959.3
2026-01-18 23:40:00+00:00,2.0107,2.0126,2.0023,2.0079,10729764.6
2026-01-18 23:45:00+00:00,2.008,2.008,1.9843,1.9912,26134643.7
2026-01-18 23:50:00+00:00,1.9913,1.9949,1.9871,1.992,9486756.7
2026-01-18 23:55:00+00:00,1.992,1.9969,1.9873,1.9904,7449960.8
2026-01-19 00:00:00+00:00,1.9904,1.9904,1.8406,1.9403,111790227.2
2026-01-19 00:05:00+00:00,1.9402,1.9459,1.9264,1.94,27604549.2
2026-01-19 00:10:00+00:00,1.94,1.9423,1.924,1.9257,13998951.0
2026-01-19 00:15:00+00:00,1.9258,1.9394,1.918,1.9338,16352989.3
2026-01-19 00:20:00+00:00,1.9338,1.9387,1.92,1.9325,12532457.2
2026-01-19 00:25:00+00:00,1.9325,1.9375,1.9266,1.9321,9134667.0
2026-01-19 00:30:00+00:00,1.932,1.9372,1.9251,1.9308,8909758.5
2026-01-19 00:35:00+00:00,1.9308,1.9426,1.9291,1.9396,8378572.8
2026-01-19 00:40:00+00:00,1.9396,1.9542,1.9338,1.9534,17240707.6
2026-01-19 00:45:00+00:00,1.9535,1.957,1.9476,1.9567,7021317.8
2026-01-19 00:50:00+00:00,1.9566,1.9566,1.9442,1.9467,5023524.6
2026-01-19 00:55:00+00:00,1.9468,1.9469,1.9405,1.9433,3986952.1
2026-01-19 01:00:00+00:00,1.9434,1.944,1.9369,1.9432,5427779.6
2026-01-19 01:05:00+00:00,1.9431,1.9509,1.9419,1.9508,4366161.1
2026-01-19 01:10:00+00:00,1.9508,1.9557,1.9484,1.9499,4019694.9
2026-01-19 01:15:00+00:00,1.9499,1.9541,1.9485,1.951,2896236.0
2026-01-19 01:20:00+00:00,1.951,1.9515,1.9454,1.9475,2691757.6
2026-01-19 01:25:00+00:00,1.9475,1.9516,1.9466,1.949,1625024.1
2026-01-19 01:30:00+00:00,1.949,1.9591,1.9476,1.9582,3276337.6
2026-01-19 01:35:00+00:00,1.9583,1.9612,1.9531,1.9558,3506974.3
2026-01-19 01:40:00+00:00,1.9558,1.956,1.9484,1.949,2272455.3
2026-01-19 01:45:00+00:00,1.949,1.9501,1.9433,1.944,2974441.4
2026-01-19 01:50:00+00:00,1.9441,1.9489,1.9441,1.9469,2242483.7
2026-01-19 01:55:00+00:00,1.947,1.9534,1.9467,1.9512,1549578.0
2026-01-19 02:00:00+00:00,1.9513,1.9541,1.9487,1.9517,2465195.0
2026-01-19 02:05:00+00:00,1.9517,1.9549,1.9492,1.9508,1472034.8
2026-01-19 02:10:00+00:00,1.9507,1.9545,1.9507,1.9519,1182891.6
2026-01-19 02:15:00+00:00,1.9519,1.956,1.9506,1.9556,1671994.2
2026-01-19 02:20:00+00:00,1.9556,1.962,1.9552,1.9594,2696315.1
2026-01-19 02:25:00+00:00,1.9594,1.9594,1.9542,1.9563,1430129.2
2026-01-19 02:30:00+00:00,1.9562,1.9601,1.9546,1.9591,1258203.9
2026-01-19 02:35:00+00:00,1.959,1.9591,1.9545,1.9549,1259399.5
2026-01-19 02:40:00+00:00,1.955,1.9581,1.9546,1.9568,1036194.5
2026-01-19 02:45:00+00:00,1.9568,1.9571,1.9542,1.9551,921523.6
2026-01-19 02:50:00+00:00,1.955,1.9582,1.9549,1.9554,1262791.1
2026-01-19 02:55:00+00:00,1.9554,1.9563,1.9549,1.956,581615.8
2026-01-19 03:00:00+00:00,1.956,1.9569,1.9545,1.9554,776260.4
2026-01-19 03:05:00+00:00,1.9555,1.9567,1.9537,1.9537,1124383.8
2026-01-19 03:10:00+00:00,1.9538,1.9565,1.9529,1.9564,1392980.4
2026-01-19 03:15:00+00:00,1.9564,1.9602,1.9564,1.9599,1470061.4
2026-01-19 03:20:00+00:00,1.9599,1.9608,1.9516,1.9536,2306494.5
2026-01-19 03:25:00+00:00,1.9536,1.9579,1.9536,1.9549,1612088.6
2026-01-19 03:30:00+00:00,1.9549,1.9563,1.9537,1.9554,2031884.9
2026-01-19 03:35:00+00:00,1.9554,1.9589,1.9554,1.9574,867685.7
2026-01-19 03:40:00+00:00,1.9575,1.9592,1.9573,1.9582,532961.2
2026-01-19 03:45:00+00:00,1.9582,1.9647,1.9575,1.9631,2237560.5
2026-01-19 03:50:00+00:00,1.9631,1.9649,1.9624,1.9639,2161419.1
2026-01-19 03:55:00+00:00,1.9638,1.9667,1.9637,1.9657,1386235.4
2026-01-19 04:00:00+00:00,1.9657,1.9687,1.9628,1.9668,2002735.2
2026-01-19 04:05:00+00:00,1.9668,1.9682,1.966,1.9673,835031.3
2026-01-19 04:10:00+00:00,1.9673,1.9731,1.9673,1.9709,1956291.5
2026-01-19 04:15:00+00:00,1.9709,1.9709,1.9652,1.9664,1230630.1
2026-01-19 04:20:00+00:00,1.9663,1.9675,1.9635,1.9651,1050430.9
2026-01-19 04:25:00+00:00,1.9651,1.9662,1.9626,1.9658,993365.4
2026-01-19 04:30:00+00:00,1.9657,1.9677,1.9647,1.9659,733652.7
2026-01-19 04:35:00+00:00,1.966,1.9665,1.9631,1.9662,705850.6
2026-01-19 04:40:00+00:00,1.9662,1.9662,1.9637,1.9641,738185.0
2026-01-19 04:45:00+00:00,1.9641,1.9641,1.9602,1.9611,1137910.8
2026-01-19 04:50:00+00:00,1.9612,1.965,1.96,1.9639,1138510.7
2026-01-19 04:55:00+00:00,1.964,1.9675,1.9621,1.9621,3380101.5
2026-01-19 05:00:00+00:00,1.9621,1.9652,1.9616,1.9623,1125298.6
2026-01-19 05:05:00+00:00,1.9624,1.9628,1.9586,1.9604,1727737.4
2026-01-19 05:10:00+00:00,1.9605,1.9648,1.957,1.9643,7330048.9
2026-01-19 05:15:00+00:00,1.9644,1.9648,1.9561,1.9582,7834440.5
2026-01-19 05:20:00+00:00,1.9583,1.9607,1.957,1.9597,3082005.7
2026-01-19 05:25:00+00:00,1.9598,1.965,1.9597,1.964,3404397.4
2026-01-19 05:30:00+00:00,1.964,1.9689,1.9599,1.9605,3360106.1
2026-01-19 05:35:00+00:00,1.9605,1.9629,1.9605,1.9612,864223.5
2026-01-19 05:40:00+00:00,1.9613,1.965,1.9598,1.9639,2276592.4
2026-01-19 05:45:00+00:00,1.9639,1.9642,1.9606,1.9615,922693.1
2026-01-19 05:50:00+00:00,1.9616,1.9631,1.9594,1.9596,822533.4
2026-01-19 05:55:00+00:00,1.9596,1.9606,1.9588,1.9606,523814.9
2026-01-19 06:00:00+00:00,1.9605,1.9624,1.9591,1.9621,977134.7
2026-01-19 06:05:00+00:00,1.962,1.9622,1.9602,1.9606,746796.4
2026-01-19 06:10:00+00:00,1.9606,1.9625,1.9592,1.9597,1748677.4
2026-01-19 06:15:00+00:00,1.9596,1.9596,1.9556,1.9592,2018536.2
2026-01-19 06:20:00+00:00,1.9593,1.9618,1.9584,1.9608,980127.0
2026-01-19 06:25:00+00:00,1.9609,1.9639,1.9592,1.9607,1629249.9
2026-01-19 06:30:00+00:00,1.9606,1.965,1.9606,1.9631,966894.1
2026-01-19 06:35:00+00:00,1.9631,1.9632,1.9522,1.9538,2074341.2
2026-01-19 06:40:00+00:00,1.9537,1.9554,1.9518,1.9526,1183622.3
2026-01-19 06:45:00+00:00,1.9526,1.9554,1.9523,1.9539,1633486.2
2026-01-19 06:50:00+00:00,1.954,1.9551,1.9518,1.9537,1302460.3
2026-01-19 06:55:00+00:00,1.9537,1.961,1.9534,1.9607,1414956.2
2026-01-19 07:00:00+00:00,1.9607,1.9624,1.9576,1.9578,760351.7
2026-01-19 07:05:00+00:00,1.9577,1.9585,1.9538,1.9548,730457.6
2026-01-19 07:10:00+00:00,1.9549,1.9559,1.9524,1.9556,1823796.3
2026-01-19 07:15:00+00:00,1.9556,1.9568,1.9544,1.9559,629894.1
2026-01-19 07:20:00+00:00,1.9558,1.957,1.9537,1.9569,510561.9
2026-01-19 07:25:00+00:00,1.9568,1.9577,1.9545,1.9554,553002.0
2026-01-19 07:30:00+00:00,1.9553,1.9584,1.9548,1.9551,1942855.0
2026-01-19 07:35:00+00:00,1.9552,1.9589,1.9551,1.9568,1001173.8
2026-01-19 07:40:00+00:00,1.9569,1.9588,1.9564,1.9571,706828.0
2026-01-19 07:45:00+00:00,1.9571,1.9581,1.9557,1.9566,647794.1
2026-01-19 07:50:00+00:00,1.9566,1.9592,1.9566,1.959,834224.8
2026-01-19 07:55:00+00:00,1.9589,1.9619,1.9577,1.9617,1599506.4
2026-01-19 08:00:00+00:00,1.9618,1.9618,1.9577,1.9613,1192523.2
2026-01-19 08:05:00+00:00,1.9612,1.9645,1.9611,1.9619,1260877.1
2026-01-19 08:10:00+00:00,1.962,1.9658,1.9619,1.965,2065198.4
2026-01-19 08:15:00+00:00,1.965,1.9722,1.9635,1.9711,2062677.7
2026-01-19 08:20:00+00:00,1.971,1.9807,1.9704,1.9802,5196071.9
2026-01-19 08:25:00+00:00,1.9801,1.9808,1.9736,1.9739,2540039.9
2026-01-19 08:30:00+00:00,1.9739,1.9796,1.9714,1.9772,2061722.3
2026-01-19 08:35:00+00:00,1.9771,1.9774,1.973,1.9731,1429684.9
2026-01-19 08:40:00+00:00,1.973,1.9758,1.9711,1.9748,1410466.5
2026-01-19 08:45:00+00:00,1.9748,1.981,1.9747,1.9787,1315911.2
2026-01-19 08:50:00+00:00,1.9787,1.9793,1.9762,1.979,826169.3
2026-01-19 08:55:00+00:00,1.979,1.9817,1.9768,1.9789,1953718.5
2026-01-19 09:00:00+00:00,1.9788,1.9799,1.9774,1.9783,1142104.8
2026-01-19 09:05:00+00:00,1.9782,1.9782,1.9761,1.9773,1102306.4
2026-01-19 09:10:00+00:00,1.9774,1.9778,1.9726,1.9735,1317119.1
2026-01-19 09:15:00+00:00,1.9735,1.9774,1.9735,1.9749,998101.4
2026-01-19 09:20:00+00:00,1.975,1.9759,1.9736,1.9746,668963.5
2026-01-19 09:25:00+00:00,1.9746,1.9758,1.9732,1.9738,606750.5
2026-01-19 09:30:00+00:00,1.9738,1.975,1.9735,1.9741,723406.6
2026-01-19 09:35:00+00:00,1.974,1.9762,1.9728,1.9762,506003.2
2026-01-19 09:40:00+00:00,1.9762,1.9763,1.9735,1.9745,558405.7
2026-01-19 09:45:00+00:00,1.9745,1.9761,1.9742,1.976,388052.2
2026-01-19 09:50:00+00:00,1.9759,1.976,1.9733,1.9754,479220.6
2026-01-19 09:55:00+00:00,1.9754,1.9811,1.9745,1.9803,916310.9
2026-01-19 10:00:00+00:00,1.9804,1.9804,1.9765,1.9768,703110.5
2026-01-19 10:05:00+00:00,1.9769,1.978,1.9762,1.9774,570669.6
2026-01-19 10:10:00+00:00,1.9774,1.9829,1.9762,1.9825,1327859.7
2026-01-19 10:15:00+00:00,1.9825,1.9825,1.9797,1.9799,733828.5
2026-01-19 10:20:00+00:00,1.9798,1.9798,1.9767,1.9767,547070.0
2026-01-19 10:25:00+00:00,1.9766,1.9775,1.971,1.9729,1750372.4
2026-01-19 10:30:00+00:00,1.9729,1.9756,1.9724,1.9748,667044.7
2026-01-19 10:35:00+00:00,1.9748,1.9766,1.9734,1.9745,848644.5
2026-01-19 10:40:00+00:00,1.9744,1.9776,1.9743,1.977,623899.2
2026-01-19 10:45:00+00:00,1.977,1.9777,1.9747,1.975,453651.3
2026-01-19 10:50:00+00:00,1.9751,1.9797,1.9751,1.9781,643529.1
2026-01-19 10:55:00+00:00,1.9782,1.9809,1.9774,1.9808,1281309.1
2026-01-19 11:00:00+00:00,1.9809,1.9815,1.9761,1.9768,960555.8
2026-01-19 11:05:00+00:00,1.9767,1.9771,1.975,1.9767,1014052.9
2026-01-19 11:10:00+00:00,1.9767,1.9768,1.9745,1.9754,820590.7
2026-01-19 11:15:00+00:00,1.9754,1.9778,1.9737,1.974,699757.5
2026-01-19 11:20:00+00:00,1.9741,1.977,1.9737,1.9747,898145.5
2026-01-19 11:25:00+00:00,1.9746,1.9766,1.9733,1.9754,948276.9
2026-01-19 11:30:00+00:00,1.9754,1.976,1.973,1.9738,792036.4
2026-01-19 11:35:00+00:00,1.9738,1.9767,1.9738,1.9766,788079.9
2026-01-19 11:40:00+00:00,1.9766,1.9778,1.9741,1.9757,529746.8
2026-01-19 11:45:00+00:00,1.9757,1.9768,1.9731,1.9742,531568.4
2026-01-19 11:50:00+00:00,1.9742,1.9745,1.9688,1.9701,1795233.7
2026-01-19 11:55:00+00:00,1.9701,1.9718,1.9691,1.9717,709324.2
2026-01-19 12:00:00+00:00,1.9717,1.973,1.9699,1.97,1148562.7
2026-01-19 12:05:00+00:00,1.97,1.9736,1.97,1.9731,865457.4
2026-01-19 12:10:00+00:00,1.973,1.9736,1.9697,1.9715,780941.4
2026-01-19 12:15:00+00:00,1.9714,1.9759,1.9714,1.9744,930126.1
2026-01-19 12:20:00+00:00,1.9744,1.975,1.9726,1.9729,622716.4
2026-01-19 12:25:00+00:00,1.9728,1.9729,1.9686,1.9698,709064.1
2026-01-19 12:30:00+00:00,1.9698,1.972,1.969,1.9714,842023.4
2026-01-19 12:35:00+00:00,1.9714,1.9733,1.9708,1.9728,666365.9
2026-01-19 12:40:00+00:00,1.9728,1.9757,1.9724,1.9729,483834.1
2026-01-19 12:45:00+00:00,1.9728,1.975,1.9699,1.97,608054.9
2026-01-19 12:50:00+00:00,1.97,1.9717,1.966,1.9692,1217530.0
2026-01-19 12:55:00+00:00,1.9691,1.9718,1.9672,1.9718,991496.5
2026-01-19 13:00:00+00:00,1.9717,1.9717,1.9675,1.9678,745383.6
2026-01-19 13:05:00+00:00,1.9677,1.9689,1.9668,1.9684,1115095.9
2026-01-19 13:10:00+00:00,1.9683,1.9708,1.9678,1.9684,847445.3
2026-01-19 13:15:00+00:00,1.9684,1.9705,1.9662,1.9672,905398.5
2026-01-19 13:20:00+00:00,1.9671,1.9674,1.9632,1.966,2647799.1
2026-01-19 13:25:00+00:00,1.966,1.9689,1.966,1.9685,861640.4
2026-01-19 13:30:00+00:00,1.9684,1.9693,1.9668,1.9679,829808.7
2026-01-19 13:35:00+00:00,1.9679,1.9703,1.9667,1.9703,544454.8
2026-01-19 13:40:00+00:00,1.9703,1.9728,1.9703,1.971,882770.5
2026-01-19 13:45:00+00:00,1.9711,1.973,1.97,1.9709,496287.7
2026-01-19 13:50:00+00:00,1.9709,1.973,1.9701,1.9712,443260.9
2026-01-19 13:55:00+00:00,1.9712,1.9728,1.9692,1.9725,807722.0
2026-01-19 14:00:00+00:00,1.9725,1.975,1.9714,1.974,849130.2
2026-01-19 14:05:00+00:00,1.9739,1.9747,1.9673,1.9702,1532273.8
2026-01-19 14:10:00+00:00,1.9702,1.9731,1.9697,1.9716,835411.6
2026-01-19 14:15:00+00:00,1.9716,1.978,1.9711,1.978,1597101.5
2026-01-19 14:20:00+00:00,1.978,1.979,1.9761,1.9763,1140625.0
2026-01-19 14:25:00+00:00,1.9763,1.9785,1.9753,1.9771,666906.9
2026-01-19 14:30:00+00:00,1.9772,1.9812,1.9765,1.9794,1175019.8
2026-01-19 14:35:00+00:00,1.9794,1.98,1.9749,1.9763,932301.0
2026-01-19 14:40:00+00:00,1.9763,1.9777,1.9754,1.9772,648494.4
2026-01-19 14:45:00+00:00,1.9772,1.9844,1.976,1.9823,1626139.7
2026-01-19 14:50:00+00:00,1.9823,1.9823,1.9764,1.979,915693.8
2026-01-19 14:55:00+00:00,1.979,1.9798,1.9777,1.9781,567389.7
2026-01-19 15:00:00+00:00,1.9782,1.9823,1.9782,1.9804,1045392.4
2026-01-19 15:05:00+00:00,1.9804,1.9824,1.9787,1.9818,930255.5
2026-01-19 15:10:00+00:00,1.9818,1.983,1.98,1.9817,835610.5
2026-01-19 15:15:00+00:00,1.9818,1.9828,1.9796,1.9807,764352.8
2026-01-19 15:20:00+00:00,1.9808,1.9809,1.9773,1.9785,1403053.4
2026-01-19 15:25:00+00:00,1.9786,1.9813,1.976,1.9792,1182008.0
2026-01-19 15:30:00+00:00,1.9793,1.9814,1.9775,1.9805,724297.8
2026-01-19 15:35:00+00:00,1.9806,1.9811,1.9758,1.9762,982126.2
2026-01-19 15:40:00+00:00,1.9762,1.978,1.9759,1.9767,422572.0
2026-01-19 15:45:00+00:00,1.9767,1.9805,1.9767,1.9795,490854.0
2026-01-19 15:50:00+00:00,1.9794,1.981,1.9784,1.9804,352229.6
2026-01-19 15:55:00+00:00,1.9804,1.9813,1.9794,1.9804,606080.5
2026-01-19 16:00:00+00:00,1.9804,1.983,1.9792,1.9829,1313359.5
2026-01-19 16:05:00+00:00,1.983,1.9848,1.9794,1.98,1123852.5
2026-01-19 16:10:00+00:00,1.9801,1.983,1.98,1.9829,391707.5
2026-01-19 16:15:00+00:00,1.983,1.9908,1.9818,1.9894,2746122.7
2026-01-19 16:20:00+00:00,1.9894,1.9961,1.9891,1.9951,3245706.4
2026-01-19 16:25:00+00:00,1.9952,2.0084,1.9952,2.0036,6416646.3
2026-01-19 16:30:00+00:00,2.0036,2.0036,1.9972,1.9999,4132262.2
2026-01-19 16:35:00+00:00,1.9999,2.0036,1.9975,1.9994,2020092.5
2026-01-19 16:40:00+00:00,1.9994,2.0119,1.9993,2.0113,2119919.8
2026-01-19 16:45:00+00:00,2.0113,2.0209,2.011,2.0139,5717686.1
2026-01-19 16:50:00+00:00,2.014,2.0289,2.0119,2.0277,5207066.0
2026-01-19 16:55:00+00:00,2.0276,2.028,2.0201,2.021,3155081.8
2026-01-19 17:00:00+00:00,2.021,2.0246,2.0137,2.0152,5578656.1
2026-01-19 17:05:00+00:00,2.0152,2.0155,2.0116,2.0133,1932640.9
2026-01-19 17:10:00+00:00,2.0133,2.0152,2.0107,2.014,1901334.4
2026-01-19 17:15:00+00:00,2.014,2.0163,2.0124,2.0147,1511101.9
2026-01-19 17:20:00+00:00,2.0147,2.0177,2.014,2.0172,1132620.8
2026-01-19 17:25:00+00:00,2.0171,2.021,2.0158,2.016,1456757.7
2026-01-19 17:30:00+00:00,2.0161,2.0168,2.007,2.0086,3860156.4
2026-01-19 17:35:00+00:00,2.0085,2.0118,2.0078,2.0086,1280470.3
2026-01-19 17:40:00+00:00,2.0086,2.0126,2.0079,2.0112,1628957.1
2026-01-19 17:45:00+00:00,2.0112,2.0139,2.0084,2.0126,1690745.5
2026-01-19 17:50:00+00:00,2.0126,2.0198,2.0091,2.0171,3167471.3
2026-01-19 17:55:00+00:00,2.0171,2.0192,2.0163,2.0173,782156.3
2026-01-19 18:00:00+00:00,2.0173,2.0223,2.0154,2.017,1447363.7
2026-01-19 18:05:00+00:00,2.017,2.0248,2.0164,2.0227,2919809.3
2026-01-19 18:10:00+00:00,2.0228,2.0233,2.0179,2.0183,1066618.8
2026-01-19 18:15:00+00:00,2.0183,2.0207,2.0176,2.0202,1206942.2
2026-01-19 18:20:00+00:00,2.0201,2.0209,2.016,2.0167,1185482.6
2026-01-19 18:25:00+00:00,2.0166,2.0178,2.0102,2.0118,1678592.7
2026-01-19 18:30:00+00:00,2.0118,2.015,2.011,2.0145,1778214.2
2026-01-19 18:35:00+00:00,2.0144,2.0195,2.014,2.0146,1043171.4
2026-01-19 18:40:00+00:00,2.0146,2.0149,2.0126,2.014,497882.9
2026-01-19 18:45:00+00:00,2.014,2.0144,2.0082,2.0089,1400991.2
2026-01-19 18:50:00+00:00,2.0089,2.0117,2.0082,2.0104,716600.4
2026-01-19 18:55:00+00:00,2.0104,2.0116,2.0095,2.01,493452.6
2026-01-19 19:00:00+00:00,2.01,2.0133,2.0064,2.0078,981687.2
2026-01-19 19:05:00+00:00,2.0079,2.0108,2.0065,2.0098,1089659.0
2026-01-19 19:10:00+00:00,2.0097,2.0116,2.0087,2.011,745100.0
2026-01-19 19:15:00+00:00,2.0111,2.0145,2.0108,2.0126,1487112.0
2026-01-19 19:20:00+00:00,2.0126,2.0128,2.0109,2.0115,328297.0
2026-01-19 19:25:00+00:00,2.0114,2.0127,2.0103,2.0107,585791.1
2026-01-19 19:30:00+00:00,2.0107,2.0139,2.0104,2.0129,949688.2
2026-01-19 19:35:00+00:00,2.0128,2.0138,2.0098,2.0107,561160.3
2026-01-19 19:40:00+00:00,2.0107,2.0174,2.0107,2.0151,830917.1
2026-01-19 19:45:00+00:00,2.0151,2.0155,2.0108,2.012,950777.0
2026-01-19 19:50:00+00:00,2.0121,2.013,2.0111,2.013,494412.8
2026-01-19 19:55:00+00:00,2.013,2.0136,2.0113,2.0126,1012893.2
2026-01-19 20:00:00+00:00,2.0127,2.016,2.0118,2.0123,862343.2
2026-01-19 20:05:00+00:00,2.0122,2.0122,2.007,2.008,882822.9
2026-01-19 20:10:00+00:00,2.008,2.008,2.0053,2.0076,1371634.7
2026-01-19 20:15:00+00:00,2.0076,2.0089,2.0034,2.004,1236269.6
2026-01-19 20:20:00+00:00,2.0041,2.0087,2.0038,2.0086,1241450.8
2026-01-19 20:25:00+00:00,2.0086,2.0101,2.0073,2.0092,654372.7
2026-01-19 20:30:00+00:00,2.0092,2.0095,2.002,2.003,916667.8
2026-01-19 20:35:00+00:00,2.0031,2.0052,2.0008,2.0047,866151.5
2026-01-19 20:40:00+00:00,2.0046,2.0047,2.003,2.0031,576890.9
2026-01-19 20:45:00+00:00,2.003,2.0045,2.0008,2.003,1247022.1
2026-01-19 20:50:00+00:00,2.003,2.0037,2.0003,2.0007,633451.7
2026-01-19 20:55:00+00:00,2.0007,2.0023,2.0002,2.0015,706112.8
2026-01-19 21:00:00+00:00,2.0016,2.0076,2.0015,2.005,1385602.6
2026-01-19 21:05:00+00:00,2.005,2.0059,2.0034,2.0038,693607.3
2026-01-19 21:10:00+00:00,2.0038,2.0043,1.9984,1.9991,2141683.2
2026-01-19 21:15:00+00:00,1.9992,2.0008,1.9953,1.9968,1498868.2
2026-01-19 21:20:00+00:00,1.9968,2.0005,1.9968,1.9986,916969.9
2026-01-19 21:25:00+00:00,1.9986,1.9994,1.9978,1.9994,661089.2
2026-01-19 21:30:00+00:00,1.9994,2.0006,1.9957,1.9961,1033533.4
2026-01-19 21:35:00+00:00,1.9961,2.0,1.996,1.9982,911378.7
2026-01-19 21:40:00+00:00,1.9981,2.0007,1.9981,1.9986,596675.0
2026-01-19 21:45:00+00:00,1.9985,2.0,1.9981,1.9982,427176.9
2026-01-19 21:50:00+00:00,1.9981,1.9992,1.9981,1.9984,492438.9
2026-01-19 21:55:00+00:00,1.9984,2.0015,1.9972,1.9973,779288.3
2026-01-19 22:00:00+00:00,1.9972,1.9994,1.9943,1.9948,1100143.2
2026-01-19 22:05:00+00:00,1.9949,1.9958,1.9903,1.9912,2843653.2
2026-01-19 22:10:00+00:00,1.9911,1.9915,1.9809,1.9858,5579597.1
2026-01-19 22:15:00+00:00,1.9858,1.994,1.9858,1.9925,2021532.0
2026-01-19 22:20:00+00:00,1.9923,1.9966,1.9907,1.9925,1889435.7
2026-01-19 22:25:00+00:00,1.9925,1.9942,1.992,1.9932,743014.1
2026-01-19 22:30:00+00:00,1.9932,1.9932,1.9816,1.987,1713818.6
2026-01-19 22:35:00+00:00,1.9869,1.989,1.9833,1.9844,1348269.3
2026-01-19 22:40:00+00:00,1.9844,1.9876,1.9828,1.9836,1327175.7
2026-01-19 22:45:00+00:00,1.9836,1.9881,1.9828,1.9876,1122075.5
2026-01-19 22:50:00+00:00,1.9876,1.9877,1.9842,1.9844,388241.5
2026-01-19 22:55:00+00:00,1.9843,1.9861,1.9783,1.9794,2561763.3
2026-01-19 23:00:00+00:00,1.9794,1.9869,1.9785,1.9843,2910953.6
2026-01-19 23:05:00+00:00,1.9844,1.9895,1.9791,1.9879,3499606.1
2026-01-19 23:10:00+00:00,1.9879,1.9898,1.9853,1.9873,1790732.2
2026-01-19 23:15:00+00:00,1.9873,1.9878,1.9806,1.9836,2283263.5
2026-01-19 23:20:00+00:00,1.9836,1.9909,1.9831,1.9868,2859184.7
2026-01-19 23:25:00+00:00,1.9867,1.9923,1.9867,1.9896,1885440.8
2026-01-19 23:30:00+00:00,1.9896,1.9949,1.9888,1.9911,2760843.5
2026-01-19 23:35:00+00:00,1.9912,1.9931,1.9902,1.9907,844342.4
2026-01-19 23:40:00+00:00,1.9907,1.9907,1.988,1.9899,2345612.9
2026-01-19 23:45:00+00:00,1.9898,1.9921,1.9896,1.9907,888068.7
2026-01-19 23:50:00+00:00,1.9907,1.9921,1.9846,1.9857,1216109.8
2026-01-19 23:55:00+00:00,1.9857,1.9873,1.985,1.985,597040.2
2026-01-20 00:00:00+00:00,1.9851,1.9884,1.9829,1.9882,3860232.6
2026-01-20 00:05:00+00:00,1.9881,1.9899,1.9848,1.9876,2271845.8
2026-01-20 00:10:00+00:00,1.9876,1.9896,1.986,1.9876,1245299.2
2026-01-20 00:15:00+00:00,1.9875,1.9896,1.9861,1.9875,1450420.4
2026-01-20 00:20:00+00:00,1.9874,1.9874,1.9816,1.9834,1943103.6
2026-01-20 00:25:00+00:00,1.9835,1.9849,1.9809,1.9838,1436115.1
2026-01-20 00:30:00+00:00,1.9839,1.9851,1.9819,1.9827,1039611.2
2026-01-20 00:35:00+00:00,1.9826,1.9886,1.9826,1.9874,1441221.6
2026-01-20 00:40:00+00:00,1.9874,1.989,1.9865,1.9879,782533.8
2026-01-20 00:45:00+00:00,1.988,1.989,1.9853,1.9872,1784304.7
2026-01-20 00:50:00+00:00,1.9871,1.9871,1.9849,1.9855,553380.3
2026-01-20 00:55:00+00:00,1.9855,1.987,1.9816,1.9856,1719223.1
2026-01-20 01:00:00+00:00,1.9856,1.9857,1.979,1.9823,2220835.8
2026-01-20 01:05:00+00:00,1.9823,1.9842,1.9784,1.9795,1002934.8
2026-01-20 01:10:00+00:00,1.9795,1.9796,1.9743,1.9781,3711355.1
2026-01-20 01:15:00+00:00,1.9781,1.9809,1.9748,1.9803,1599087.1
2026-01-20 01:20:00+00:00,1.9802,1.9812,1.9789,1.9808,1033758.3
2026-01-20 01:25:00+00:00,1.9809,1.9837,1.9805,1.9835,1330173.3
2026-01-20 01:30:00+00:00,1.9834,1.9843,1.9762,1.9771,1152722.4
2026-01-20 01:35:00+00:00,1.9771,1.9771,1.9742,1.9745,1513975.6
2026-01-20 01:40:00+00:00,1.9744,1.9749,1.9715,1.9725,1776019.8
2026-01-20 01:45:00+00:00,1.9725,1.9744,1.9695,1.9744,1632744.1
2026-01-20 01:50:00+00:00,1.9744,1.9758,1.9727,1.9742,745163.9
2026-01-20 01:55:00+00:00,1.9741,1.9748,1.9706,1.9715,1151314.7
2026-01-20 02:00:00+00:00,1.9714,1.9719,1.9656,1.967,3520744.0
2026-01-20 02:05:00+00:00,1.967,1.967,1.9625,1.9631,2901999.0
2026-01-20 02:10:00+00:00,1.9631,1.9657,1.962,1.963,1467560.1
2026-01-20 02:15:00+00:00,1.963,1.9659,1.9623,1.9659,998909.0
2026-01-20 02:20:00+00:00,1.9659,1.9665,1.962,1.9646,1175722.8
2026-01-20 02:25:00+00:00,1.9645,1.9661,1.9609,1.9657,1354607.8
2026-01-20 02:30:00+00:00,1.9657,1.968,1.964,1.9665,1054165.0
2026-01-20 02:35:00+00:00,1.9665,1.9696,1.9665,1.9683,970544.3
2026-01-20 02:40:00+00:00,1.9683,1.9691,1.9673,1.9684,427451.0
2026-01-20 02:45:00+00:00,1.9683,1.9709,1.9661,1.9677,1776062.0
2026-01-20 02:50:00+00:00,1.9676,1.9677,1.9646,1.9672,1311404.7
2026-01-20 02:55:00+00:00,1.9672,1.9689,1.9647,1.9683,1691768.3
2026-01-20 03:00:00+00:00,1.9683,1.9692,1.9626,1.9632,1000221.1
2026-01-20 03:05:00+00:00,1.9632,1.9633,1.9591,1.9595,1792743.1
2026-01-20 03:10:00+00:00,1.9595,1.9602,1.9572,1.9592,2238511.5
2026-01-20 03:15:00+00:00,1.9593,1.9615,1.9587,1.9588,1435940.3
2026-01-20 03:20:00+00:00,1.9588,1.9604,1.9578,1.96,1004805.8
2026-01-20 03:25:00+00:00,1.96,1.9604,1.9558,1.9585,1296359.8
2026-01-20 03:30:00+00:00,1.9585,1.9588,1.955,1.9573,1945986.9
2026-01-20 03:35:00+00:00,1.9573,1.9593,1.9544,1.9582,2050410.1
2026-01-20 03:40:00+00:00,1.9582,1.9608,1.9578,1.9602,1263540.9
2026-01-20 03:45:00+00:00,1.9603,1.9619,1.9593,1.9606,913075.0
2026-01-20 03:50:00+00:00,1.9605,1.9616,1.9586,1.9592,675164.0
2026-01-20 03:55:00+00:00,1.9593,1.9614,1.9585,1.9614,635303.7
2026-01-20 04:00:00+00:00,1.9613,1.9645,1.9605,1.9631,1224692.6
2026-01-20 04:05:00+00:00,1.9631,1.9647,1.9604,1.9611,683405.8
2026-01-20 04:10:00+00:00,1.9612,1.9628,1.9595,1.9623,892608.1
2026-01-20 04:15:00+00:00,1.9622,1.9622,1.9593,1.9604,598776.7
2026-01-20 04:20:00+00:00,1.9603,1.9613,1.9588,1.9607,469024.8
2026-01-20 04:25:00+00:00,1.9607,1.9665,1.9596,1.9665,902168.0
2026-01-20 04:30:00+00:00,1.9664,1.9731,1.9649,1.9722,3322319.2
2026-01-20 04:35:00+00:00,1.9723,1.9723,1.9696,1.9699,1045630.7
2026-01-20 04:40:00+00:00,1.9698,1.971,1.968,1.9696,959160.9
2026-01-20 04:45:00+00:00,1.9696,1.9707,1.9679,1.969,1006460.1
2026-01-20 04:50:00+00:00,1.9691,1.9695,1.9646,1.9657,1564081.5
2026-01-20 04:55:00+00:00,1.9657,1.9664,1.9624,1.9646,1039336.2
2026-01-20 05:00:00+00:00,1.9646,1.967,1.958,1.9634,5210741.4
2026-01-20 05:05:00+00:00,1.9634,1.9667,1.9606,1.9606,1801446.3
2026-01-20 05:10:00+00:00,1.9606,1.9618,1.9541,1.9557,3158118.9
2026-01-20 05:15:00+00:00,1.9556,1.9617,1.9531,1.9611,2279520.9
2026-01-20 05:20:00+00:00,1.9611,1.9612,1.9562,1.9591,1003608.6
2026-01-20 05:25:00+00:00,1.9591,1.9634,1.9587,1.9628,984173.7
2026-01-20 05:30:00+00:00,1.9628,1.9653,1.9604,1.9647,1096849.9
2026-01-20 05:35:00+00:00,1.9646,1.9653,1.96,1.96,1079985.3
2026-01-20 05:40:00+00:00,1.9599,1.9619,1.956,1.9615,1966670.7
2026-01-20 05:45:00+00:00,1.9615,1.9663,1.961,1.9655,2071015.1
2026-01-20 05:50:00+00:00,1.9655,1.9683,1.9645,1.9646,1167725.3
2026-01-20 05:55:00+00:00,1.9646,1.966,1.9635,1.9656,1181798.3
2026-01-20 06:00:00+00:00,1.9656,1.9657,1.9616,1.9618,746014.1
2026-01-20 06:05:00+00:00,1.9617,1.9624,1.9589,1.9606,1184633.3
2026-01-20 06:10:00+00:00,1.9606,1.9607,1.9571,1.9574,892665.1
2026-01-20 06:15:00+00:00,1.9575,1.9584,1.9404,1.943,11075186.7
2026-01-20 06:20:00+00:00,1.9431,1.9537,1.9418,1.9532,3890023.5
2026-01-20 06:25:00+00:00,1.9531,1.958,1.9521,1.9576,2052640.7
2026-01-20 06:30:00+00:00,1.9575,1.9576,1.9454,1.9504,3192510.7
2026-01-20 06:35:00+00:00,1.9504,1.9519,1.9444,1.9469,1901491.6
2026-01-20 06:40:00+00:00,1.9469,1.9545,1.9467,1.953,2724694.6
2026-01-20 06:45:00+00:00,1.9531,1.9539,1.9466,1.9478,2142028.9
2026-01-20 06:50:00+00:00,1.9478,1.9493,1.9453,1.9468,2160713.3
2026-01-20 06:55:00+00:00,1.9468,1.9497,1.9464,1.9476,2187863.5
2026-01-20 07:00:00+00:00,1.9477,1.9498,1.9448,1.9454,3232993.1
2026-01-20 07:05:00+00:00,1.9455,1.954,1.9454,1.9536,2047912.8
2026-01-20 07:10:00+00:00,1.9535,1.9545,1.9518,1.9537,923813.8
2026-01-20 07:15:00+00:00,1.9537,1.9544,1.95,1.9507,887430.7
2026-01-20 07:20:00+00:00,1.9507,1.9533,1.9484,1.95,1495852.0
2026-01-20 07:25:00+00:00,1.9499,1.9528,1.9498,1.9513,550792.2
2026-01-20 07:30:00+00:00,1.9513,1.9531,1.948,1.9526,773202.7
2026-01-20 07:35:00+00:00,1.9526,1.9539,1.9517,1.9524,548975.3
2026-01-20 07:40:00+00:00,1.9524,1.956,1.9523,1.9535,1017198.1
2026-01-20 07:45:00+00:00,1.9535,1.9535,1.9508,1.952,916698.9
2026-01-20 07:50:00+00:00,1.9519,1.9546,1.951,1.952,705049.5
2026-01-20 07:55:00+00:00,1.952,1.9523,1.9472,1.9483,1032429.8
2026-01-20 08:00:00+00:00,1.9483,1.9511,1.9479,1.949,1064120.5
2026-01-20 08:05:00+00:00,1.9491,1.9529,1.9487,1.9512,1179519.0
2026-01-20 08:10:00+00:00,1.9513,1.9516,1.9393,1.9418,5410882.2
2026-01-20 08:15:00+00:00,1.9417,1.9436,1.9321,1.933,10529333.2
2026-01-20 08:20:00+00:00,1.933,1.9405,1.9328,1.9405,5122433.2
2026-01-20 08:25:00+00:00,1.9405,1.942,1.94,1.9412,1975227.5
2026-01-20 08:30:00+00:00,1.9412,1.9426,1.9261,1.9291,10335556.4
2026-01-20 08:35:00+00:00,1.9291,1.9322,1.9207,1.9221,9547588.0
2026-01-20 08:40:00+00:00,1.922,1.9275,1.9186,1.9224,11044948.8
2026-01-20 08:45:00+00:00,1.9225,1.9256,1.9184,1.9248,6730728.7
2026-01-20 08:50:00+00:00,1.9247,1.9289,1.9229,1.9268,4439374.3
2026-01-20 08:55:00+00:00,1.9268,1.9302,1.9258,1.9273,3449925.6
2026-01-20 09:00:00+00:00,1.9272,1.9272,1.9234,1.9258,2355975.7
2026-01-20 09:05:00+00:00,1.9257,1.9285,1.9257,1.9271,1268407.1
2026-01-20 09:10:00+00:00,1.9271,1.9302,1.9271,1.9293,1228574.9
2026-01-20 09:15:00+00:00,1.9293,1.9304,1.9263,1.9289,1404996.6
2026-01-20 09:20:00+00:00,1.9289,1.93,1.9265,1.9275,963928.3
2026-01-20 09:25:00+00:00,1.9275,1.9296,1.9268,1.9283,788486.0
2026-01-20 09:30:00+00:00,1.9284,1.9293,1.9245,1.926,1215576.7
2026-01-20 09:35:00+00:00,1.9261,1.9275,1.9236,1.9271,686937.1
2026-01-20 09:40:00+00:00,1.9272,1.9272,1.9216,1.9234,1339653.0
2026-01-20 09:45:00+00:00,1.9235,1.9251,1.9212,1.9233,743930.3
2026-01-20 09:50:00+00:00,1.9232,1.9262,1.9206,1.9222,1961291.6
2026-01-20 09:55:00+00:00,1.9223,1.9254,1.9223,1.9247,876702.5
2026-01-20 10:00:00+00:00,1.9247,1.9284,1.9239,1.9276,1218586.1
2026-01-20 10:05:00+00:00,1.9275,1.9302,1.927,1.9279,1369787.2
2026-01-20 10:10:00+00:00,1.9279,1.9308,1.9269,1.9291,1461545.9
2026-01-20 10:15:00+00:00,1.9291,1.9297,1.9268,1.9286,1226439.5
2026-01-20 10:20:00+00:00,1.9285,1.9296,1.9257,1.9265,1347685.9
2026-01-20 10:25:00+00:00,1.9266,1.9309,1.9255,1.9309,1164748.7
2026-01-20 10:30:00+00:00,1.9309,1.9321,1.9291,1.9299,1358716.5
2026-01-20 10:35:00+00:00,1.9299,1.9306,1.9266,1.9278,675370.3
2026-01-20 10:40:00+00:00,1.9279,1.9286,1.927,1.9277,493423.6
2026-01-20 10:45:00+00:00,1.9277,1.9294,1.9272,1.9294,601699.5
2026-01-20 10:50:00+00:00,1.9294,1.9305,1.9278,1.9287,790560.0
2026-01-20 10:55:00+00:00,1.9288,1.9299,1.928,1.9291,757628.5
2026-01-20 11:00:00+00:00,1.929,1.9318,1.9286,1.9315,876438.8
2026-01-20 11:05:00+00:00,1.9316,1.9369,1.9315,1.9357,2001846.2
2026-01-20 11:10:00+00:00,1.9356,1.9357,1.934,1.9348,861483.1
2026-01-20 11:15:00+00:00,1.9348,1.9369,1.9346,1.935,1108416.2
2026-01-20 11:20:00+00:00,1.935,1.935,1.9334,1.9348,882746.3
2026-01-20 11:25:00+00:00,1.9348,1.9395,1.9348,1.9377,2306223.2
2026-01-20 11:30:00+00:00,1.9377,1.9397,1.9361,1.9388,859190.7
2026-01-20 11:35:00+00:00,1.9388,1.9388,1.9363,1.9377,956448.5
2026-01-20 11:40:00+00:00,1.9377,1.9377,1.9332,1.9358,1296338.5
2026-01-20 11:45:00+00:00,1.9357,1.9362,1.9334,1.9338,712259.2
2026-01-20 11:50:00+00:00,1.9337,1.9337,1.9296,1.9297,1677747.6
2026-01-20 11:55:00+00:00,1.9298,1.9304,1.9278,1.9282,1509287.2
2026-01-20 12:00:00+00:00,1.9282,1.9293,1.927,1.9292,1135707.2
2026-01-20 12:05:00+00:00,1.9293,1.9333,1.9281,1.9326,984487.8
2026-01-20 12:10:00+00:00,1.9326,1.9338,1.9319,1.9319,1227680.5
2026-01-20 12:15:00+00:00,1.932,1.9332,1.928,1.9282,1366585.7
2026-01-20 12:20:00+00:00,1.9282,1.93,1.9271,1.9286,1271645.3
2026-01-20 12:25:00+00:00,1.9287,1.931,1.928,1.9308,639061.4
2026-01-20 12:30:00+00:00,1.9308,1.9336,1.9308,1.9325,892730.6
2026-01-20 12:35:00+00:00,1.9325,1.9344,1.9315,1.9342,617870.8
2026-01-20 12:40:00+00:00,1.9343,1.9354,1.932,1.9328,811792.0
2026-01-20 12:45:00+00:00,1.9328,1.9335,1.932,1.9326,479351.3
2026-01-20 12:50:00+00:00,1.9327,1.9358,1.9325,1.9349,994678.4
2026-01-20 12:55:00+00:00,1.9348,1.9357,1.9338,1.9339,1673543.3
2026-01-20 13:00:00+00:00,1.934,1.9341,1.9268,1.9271,1307143.0
2026-01-20 13:05:00+00:00,1.927,1.9272,1.924,1.9255,2447949.1
2026-01-20 13:10:00+00:00,1.9255,1.9256,1.9226,1.9231,2385833.2
2026-01-20 13:15:00+00:00,1.9231,1.9262,1.9227,1.9258,1312908.6
2026-01-20 13:20:00+00:00,1.9257,1.9269,1.9233,1.9236,1057398.6
2026-01-20 13:25:00+00:00,1.9236,1.9254,1.9226,1.9253,1035750.1
2026-01-20 13:30:00+00:00,1.9254,1.9277,1.9195,1.9235,4639771.1
2026-01-20 13:35:00+00:00,1.9234,1.9275,1.9226,1.9275,1484482.8
2026-01-20 13:40:00+00:00,1.9276,1.9287,1.924,1.9245,1793766.7
2026-01-20 13:45:00+00:00,1.9244,1.9245,1.9181,1.9185,3615667.3
2026-01-20 13:50:00+00:00,1.9185,1.9205,1.9151,1.9159,3601878.2
2026-01-20 13:55:00+00:00,1.916,1.9179,1.9147,1.9161,3094985.5
2026-01-20 14:00:00+00:00,1.9161,1.923,1.9157,1.923,2965684.8
2026-01-20 14:05:00+00:00,1.923,1.9258,1.9221,1.9249,1701835.9
2026-01-20 14:10:00+00:00,1.925,1.9265,1.9236,1.9246,1858685.5
2026-01-20 14:15:00+00:00,1.9245,1.9245,1.9155,1.9173,3527047.2
2026-01-20 14:20:00+00:00,1.9173,1.9237,1.9173,1.9199,1858342.4
2026-01-20 14:25:00+00:00,1.9199,1.9203,1.9177,1.9192,2288432.6
2026-01-20 14:30:00+00:00,1.9193,1.9231,1.9141,1.9205,5922522.4
2026-01-20 14:35:00+00:00,1.9206,1.939,1.9183,1.9351,8418246.2
2026-01-20 14:40:00+00:00,1.9351,1.9359,1.925,1.9319,4909407.5
2026-01-20 14:45:00+00:00,1.9319,1.932,1.9177,1.924,6659650.2
2026-01-20 14:50:00+00:00,1.924,1.9309,1.9227,1.9227,3499256.1
2026-01-20 14:55:00+00:00,1.9227,1.9273,1.9224,1.9243,3698086.6
2026-01-20 15:00:00+00:00,1.9243,1.926,1.9148,1.9214,5844395.1
2026-01-20 15:05:00+00:00,1.9214,1.9262,1.9074,1.9105,8979397.9
2026-01-20 15:10:00+00:00,1.9105,1.9269,1.909,1.924,6900973.5
2026-01-20 15:15:00+00:00,1.9241,1.9325,1.915,1.917,5782870.6
2026-01-20 15:20:00+00:00,1.917,1.9286,1.9164,1.925,3721196.5
2026-01-20 15:25:00+00:00,1.9251,1.9272,1.9195,1.9206,2487672.2
2026-01-20 15:30:00+00:00,1.9205,1.9227,1.9115,1.9171,4998680.4
2026-01-20 15:35:00+00:00,1.9171,1.9207,1.9131,1.914,2777438.2
2026-01-20 15:40:00+00:00,1.914,1.9156,1.9108,1.9126,3030496.2
2026-01-20 15:45:00+00:00,1.9126,1.9141,1.909,1.913,2236115.5
2026-01-20 15:50:00+00:00,1.9129,1.9191,1.9108,1.9122,2499350.2
2026-01-20 15:55:00+00:00,1.9122,1.9165,1.9095,1.9162,1992079.3
2026-01-20 16:00:00+00:00,1.9163,1.923,1.9162,1.9174,2571444.0
2026-01-20 16:05:00+00:00,1.9173,1.9205,1.9128,1.9134,1922080.0
2026-01-20 16:10:00+00:00,1.9134,1.9225,1.9134,1.9213,1988220.8
2026-01-20 16:15:00+00:00,1.9212,1.9263,1.92,1.9259,1438123.1
2026-01-20 16:20:00+00:00,1.9259,1.9268,1.916,1.916,1633663.3
2026-01-20 16:25:00+00:00,1.9161,1.9162,1.9116,1.9138,1649502.1
2026-01-20 16:30:00+00:00,1.9137,1.9159,1.9091,1.9097,2696872.9
2026-01-20 16:35:00+00:00,1.9097,1.9147,1.9092,1.9141,1088858.5
2026-01-20 16:40:00+00:00,1.9142,1.915,1.9036,1.9049,4848267.6
2026-01-20 16:45:00+00:00,1.905,1.9058,1.9002,1.9054,5956933.5
2026-01-20 16:50:00+00:00,1.9055,1.912,1.9055,1.9115,2635555.5
2026-01-20 16:55:00+00:00,1.9114,1.9115,1.9086,1.9096,1174793.4
2026-01-20 17:00:00+00:00,1.9095,1.912,1.9026,1.912,5548646.1
2026-01-20 17:05:00+00:00,1.9121,1.92,1.9118,1.9154,2799935.9
2026-01-20 17:10:00+00:00,1.9153,1.9161,1.913,1.9145,1134235.4
2026-01-20 17:15:00+00:00,1.9145,1.9164,1.9109,1.9119,1307236.6
2026-01-20 17:20:00+00:00,1.9119,1.9138,1.9102,1.9119,949135.8
2026-01-20 17:25:00+00:00,1.9119,1.9119,1.908,1.9102,1299001.1
2026-01-20 17:30:00+00:00,1.9102,1.9108,1.9048,1.9078,2039582.3
2026-01-20 17:35:00+00:00,1.9078,1.9116,1.9045,1.9065,4227351.5
2026-01-20 17:40:00+00:00,1.9064,1.9084,1.9047,1.9074,1674780.2
2026-01-20 17:45:00+00:00,1.9073,1.9083,1.8964,1.9063,6789810.4
2026-01-20 17:50:00+00:00,1.9063,1.9089,1.8972,1.9083,2587969.1
2026-01-20 17:55:00+00:00,1.9083,1.9083,1.9012,1.9017,2326239.4
2026-01-20 18:00:00+00:00,1.9017,1.908,1.9014,1.9029,2397250.7
2026-01-20 18:05:00+00:00,1.903,1.9037,1.899,1.9014,2537602.5
2026-01-20 18:10:00+00:00,1.9014,1.9046,1.9005,1.9036,1734890.7
2026-01-20 18:15:00+00:00,1.9036,1.905,1.9001,1.9004,1490861.2
2026-01-20 18:20:00+00:00,1.9003,1.9021,1.8967,1.9,2150974.8
2026-01-20 18:25:00+00:00,1.9,1.9038,1.8984,1.8985,1346732.1
2026-01-20 18:30:00+00:00,1.8984,1.9003,1.895,1.8996,2619538.8
2026-01-20 18:35:00+00:00,1.8995,1.9006,1.8961,1.8982,1545393.2
2026-01-20 18:40:00+00:00,1.8983,1.8997,1.8946,1.8985,2429671.0
2026-01-20 18:45:00+00:00,1.8986,1.8997,1.895,1.8978,1447978.8
2026-01-20 18:50:00+00:00,1.8977,1.8979,1.8935,1.8952,1557260.6
2026-01-20 18:55:00+00:00,1.8953,1.8993,1.8953,1.8979,1550778.2
2026-01-20 19:00:00+00:00,1.8979,1.9057,1.8979,1.9041,1772775.4
2026-01-20 19:05:00+00:00,1.904,1.9072,1.9018,1.9019,1340491.0
2026-01-20 19:10:00+00:00,1.902,1.902,1.894,1.9006,2151504.5
2026-01-20 19:15:00+00:00,1.9007,1.9061,1.9,1.9017,1536970.8
2026-01-20 19:20:00+00:00,1.9016,1.9042,1.8981,1.9006,953326.2
2026-01-20 19:25:00+00:00,1.9006,1.9012,1.8963,1.8973,1618606.9
2026-01-20 19:30:00+00:00,1.8973,1.9007,1.8936,1.8972,3384862.6
2026-01-20 19:35:00+00:00,1.8973,1.8998,1.8931,1.8963,1733281.5
2026-01-20 19:40:00+00:00,1.8963,1.9021,1.8957,1.8994,1142934.5
2026-01-20 19:45:00+00:00,1.8995,1.9015,1.8973,1.8983,1062659.6
2026-01-20 19:50:00+00:00,1.8983,1.904,1.8981,1.9036,1345639.2
2026-01-20 19:55:00+00:00,1.9035,1.9036,1.9,1.9015,1198290.3
2026-01-20 20:00:00+00:00,1.9014,1.9016,1.8978,1.8989,2060883.0
2026-01-20 20:05:00+00:00,1.8989,1.9017,1.8972,1.9004,1403831.2
2026-01-20 20:10:00+00:00,1.9004,1.9032,1.8972,1.898,1517982.4
2026-01-20 20:15:00+00:00,1.898,1.9107,1.898,1.91,3187663.4
2026-01-20 20:20:00+00:00,1.91,1.9101,1.9048,1.9071,1636851.1
2026-01-20 20:25:00+00:00,1.907,1.9101,1.9061,1.909,1802222.8
2026-01-20 20:30:00+00:00,1.9091,1.9103,1.9048,1.9064,1813547.4
2026-01-20 20:35:00+00:00,1.9065,1.9065,1.9023,1.9023,1407576.7
2026-01-20 20:40:00+00:00,1.9023,1.9045,1.8985,1.9006,2594062.5
2026-01-20 20:45:00+00:00,1.9007,1.9061,1.8999,1.9038,3133034.1
2026-01-20 20:50:00+00:00,1.9037,1.908,1.9034,1.9059,1407721.0
2026-01-20 20:55:00+00:00,1.9058,1.9106,1.9009,1.9047,7539523.3
2026-01-20 21:00:00+00:00,1.9048,1.9056,1.8982,1.8991,3117413.1
2026-01-20 21:05:00+00:00,1.8991,1.9014,1.8986,1.9,1702651.5
2026-01-20 21:10:00+00:00,1.9,1.9006,1.8985,1.8987,1482756.3
2026-01-20 21:15:00+00:00,1.8988,1.899,1.8924,1.8935,2663439.9
2026-01-20 21:20:00+00:00,1.8936,1.8953,1.8923,1.8926,3433735.3
2026-01-20 21:25:00+00:00,1.8925,1.8932,1.8886,1.8905,4042010.6
2026-01-20 21:30:00+00:00,1.8905,1.8913,1.8841,1.8845,4144251.8
2026-01-20 21:35:00+00:00,1.8846,1.8905,1.8846,1.8883,3979207.8
2026-01-20 21:40:00+00:00,1.8884,1.8906,1.888,1.8904,1420052.5
2026-01-20 21:45:00+00:00,1.8904,1.8916,1.883,1.8854,2338147.0
2026-01-20 21:50:00+00:00,1.8854,1.8868,1.8833,1.884,1493607.7
2026-01-20 21:55:00+00:00,1.884,1.8892,1.8838,1.888,947810.9
2026-01-20 22:00:00+00:00,1.8881,1.8932,1.888,1.8927,905971.5
2026-01-20 22:05:00+00:00,1.8928,1.8949,1.8914,1.8925,1053614.1
2026-01-20 22:10:00+00:00,1.8925,1.8941,1.8911,1.8941,623609.7
2026-01-20 22:15:00+00:00,1.894,1.8991,1.8934,1.8987,1831773.5
2026-01-20 22:20:00+00:00,1.8987,1.8987,1.8927,1.8932,1089801.8
2026-01-20 22:25:00+00:00,1.8933,1.8941,1.8895,1.8928,920616.7
2026-01-20 22:30:00+00:00,1.8928,1.8947,1.8692,1.87,13729557.4
2026-01-20 22:35:00+00:00,1.8701,1.8878,1.8677,1.8876,7687259.5
2026-01-20 22:40:00+00:00,1.8876,1.8928,1.8876,1.8913,2538598.9
2026-01-20 22:45:00+00:00,1.8912,1.8954,1.8881,1.8909,2098737.3
2026-01-20 22:50:00+00:00,1.8909,1.8909,1.8843,1.8878,1488793.1
2026-01-20 22:55:00+00:00,1.8879,1.8914,1.887,1.8894,804572.1
2026-01-20 23:00:00+00:00,1.8893,1.8913,1.885,1.8864,2636753.4
2026-01-20 23:05:00+00:00,1.8865,1.8896,1.885,1.8888,1929524.6
2026-01-20 23:10:00+00:00,1.8888,1.891,1.8882,1.8893,1962962.2
2026-01-20 23:15:00+00:00,1.8894,1.891,1.8831,1.8849,1456276.4
2026-01-20 23:20:00+00:00,1.8849,1.8917,1.8842,1.8892,3077364.2
2026-01-20 23:25:00+00:00,1.8892,1.8895,1.8843,1.8877,1518124.0
2026-01-20 23:30:00+00:00,1.8877,1.8928,1.8877,1.8894,1294311.6
2026-01-20 23:35:00+00:00,1.8893,1.8908,1.8875,1.8888,982809.1
2026-01-20 23:40:00+00:00,1.8888,1.8897,1.8855,1.8878,1777655.7
2026-01-20 23:45:00+00:00,1.8878,1.8921,1.8867,1.8883,1572446.2
2026-01-20 23:50:00+00:00,1.8883,1.8899,1.8872,1.8899,1003854.9
2026-01-20 23:55:00+00:00,1.8899,1.892,1.8877,1.8889,984436.7
2026-01-21 00:00:00+00:00,1.8889,1.8935,1.888,1.8933,1833070.0
2026-01-21 00:05:00+00:00,1.8933,1.8945,1.8906,1.8943,1348340.4
2026-01-21 00:10:00+00:00,1.8943,1.8944,1.892,1.8936,1088467.9
2026-01-21 00:15:00+00:00,1.8936,1.8968,1.89,1.8949,1844994.8
2026-01-21 00:20:00+00:00,1.8948,1.8954,1.8901,1.8931,1810702.2
2026-01-21 00:25:00+00:00,1.8931,1.8984,1.8929,1.8984,1528222.1
2026-01-21 00:30:00+00:00,1.8984,1.8991,1.8967,1.8989,1843363.6
2026-01-21 00:35:00+00:00,1.899,1.9145,1.8988,1.9128,6690541.6
2026-01-21 00:40:00+00:00,1.9127,1.9127,1.9067,1.9073,2859454.3
2026-01-21 00:45:00+00:00,1.9073,1.9132,1.9068,1.9125,3586221.7
2026-01-21 00:50:00+00:00,1.9125,1.9129,1.9095,1.9112,1968115.2
2026-01-21 00:55:00+00:00,1.9112,1.9145,1.9096,1.9125,1957888.4
2026-01-21 01:00:00+00:00,1.9125,1.9174,1.9103,1.912,4015090.4
2026-01-21 01:05:00+00:00,1.912,1.9126,1.9087,1.9104,1516598.7
2026-01-21 01:10:00+00:00,1.9104,1.9142,1.9097,1.9097,1192932.6
2026-01-21 01:15:00+00:00,1.9097,1.9127,1.908,1.9086,1085407.5
2026-01-21 01:20:00+00:00,1.9085,1.9101,1.9045,1.9077,1551446.3
2026-01-21 01:25:00+00:00,1.9076,1.9083,1.9042,1.9063,1193601.6
2026-01-21 01:30:00+00:00,1.9063,1.9109,1.9063,1.9107,1205121.6
2026-01-21 01:35:00+00:00,1.9107,1.912,1.9063,1.9072,1138548.8
2026-01-21 01:40:00+00:00,1.9072,1.908,1.9001,1.9013,1897675.5
2026-01-21 01:45:00+00:00,1.9013,1.9021,1.8991,1.9014,1551613.8
2026-01-21 01:50:00+00:00,1.9013,1.9019,1.8989,1.899,956485.6
2026-01-21 01:55:00+00:00,1.899,1.8995,1.8971,1.8976,1238363.5
2026-01-21 02:00:00+00:00,1.8977,1.9035,1.8977,1.901,1596199.5
2026-01-21 02:05:00+00:00,1.9011,1.9055,1.9007,1.9027,1047964.2
2026-01-21 02:10:00+00:00,1.9028,1.9045,1.901,1.9029,833490.2
2026-01-21 02:15:00+00:00,1.9029,1.9034,1.9005,1.902,912621.0
2026-01-21 02:20:00+00:00,1.902,1.903,1.8987,1.9002,722612.1
2026-01-21 02:25:00+00:00,1.9003,1.9017,1.8953,1.8969,1375819.5
2026-01-21 02:30:00+00:00,1.897,1.8971,1.8951,1.8952,1105961.8
2026-01-21 02:35:00+00:00,1.8953,1.8956,1.8933,1.8953,1327233.9
2026-01-21 02:40:00+00:00,1.8953,1.8986,1.8952,1.8976,896890.8
2026-01-21 02:45:00+00:00,1.8976,1.8978,1.8943,1.8943,726486.6
2026-01-21 02:50:00+00:00,1.8942,1.8962,1.8906,1.8957,1512300.3
2026-01-21 02:55:00+00:00,1.8956,1.897,1.8949,1.8958,598271.9
2026-01-21 03:00:00+00:00,1.8959,1.8999,1.8954,1.8998,821672.5
2026-01-21 03:05:00+00:00,1.8999,1.8999,1.8963,1.8987,623124.4
2026-01-21 03:10:00+00:00,1.8988,1.9016,1.8974,1.9016,880317.4
2026-01-21 03:15:00+00:00,1.9015,1.904,1.9005,1.9035,1003479.4
2026-01-21 03:20:00+00:00,1.9035,1.905,1.903,1.9038,704214.0
2026-01-21 03:25:00+00:00,1.9038,1.9051,1.9025,1.9029,698739.2
2026-01-21 03:30:00+00:00,1.903,1.904,1.9025,1.903,610523.7
2026-01-21 03:35:00+00:00,1.903,1.9073,1.9016,1.9036,2765782.0
2026-01-21 03:40:00+00:00,1.9036,1.9068,1.9028,1.9052,1360147.8
2026-01-21 03:45:00+00:00,1.9051,1.9054,1.9022,1.9025,840906.5
2026-01-21 03:50:00+00:00,1.9026,1.9032,1.8995,1.9006,985236.5
2026-01-21 03:55:00+00:00,1.9006,1.9018,1.8998,1.9017,343547.5
2026-01-21 04:00:00+00:00,1.9018,1.9036,1.901,1.9015,891027.0
2026-01-21 04:05:00+00:00,1.9015,1.903,1.8999,1.9014,582205.9
2026-01-21 04:10:00+00:00,1.9013,1.9018,1.8996,1.9015,435382.6
2026-01-21 04:15:00+00:00,1.9015,1.9025,1.9003,1.9016,621693.4
2026-01-21 04:20:00+00:00,1.9017,1.9033,1.9017,1.9029,415353.0
2026-01-21 04:25:00+00:00,1.9029,1.9063,1.9028,1.9062,478107.7
2026-01-21 04:30:00+00:00,1.9062,1.9066,1.904,1.9054,502949.1
2026-01-21 04:35:00+00:00,1.9054,1.9054,1.9037,1.9042,574789.0
2026-01-21 04:40:00+00:00,1.9041,1.9087,1.9038,1.9084,1166901.8
2026-01-21 04:45:00+00:00,1.9084,1.9084,1.9047,1.9056,791105.7
2026-01-21 04:50:00+00:00,1.9057,1.9063,1.9036,1.9043,680023.2
2026-01-21 04:55:00+00:00,1.9042,1.9074,1.9033,1.9062,1194551.7
2026-01-21 05:00:00+00:00,1.9063,1.9068,1.9046,1.9068,1367800.5
2026-01-21 05:05:00+00:00,1.9068,1.9097,1.906,1.9087,973686.6
2026-01-21 05:10:00+00:00,1.9088,1.909,1.9076,1.9086,599508.5
2026-01-21 05:15:00+00:00,1.9086,1.9091,1.9058,1.9065,745251.9
2026-01-21 05:20:00+00:00,1.9066,1.9071,1.9048,1.9067,498634.7
2026-01-21 05:25:00+00:00,1.9068,1.907,1.9054,1.9067,629037.5
2026-01-21 05:30:00+00:00,1.9067,1.9088,1.906,1.9084,2029943.0
2026-01-21 05:35:00+00:00,1.9084,1.9141,1.9084,1.9138,2547252.2
2026-01-21 05:40:00+00:00,1.9137,1.9195,1.9131,1.9195,3165899.2
2026-01-21 05:45:00+00:00,1.9194,1.9257,1.9172,1.9227,6458440.8
2026-01-21 05:50:00+00:00,1.9227,1.9228,1.9203,1.9204,1627260.3
2026-01-21 05:55:00+00:00,1.9205,1.9209,1.9184,1.9201,1683029.9
2026-01-21 06:00:00+00:00,1.9201,1.9205,1.9172,1.9183,1266850.8
2026-01-21 06:05:00+00:00,1.9183,1.9194,1.9178,1.9194,554946.8
2026-01-21 06:10:00+00:00,1.9193,1.9215,1.9188,1.921,1339844.1
2026-01-21 06:15:00+00:00,1.9209,1.921,1.9187,1.919,807895.6
2026-01-21 06:20:00+00:00,1.919,1.9211,1.9187,1.9211,620492.0
2026-01-21 06:25:00+00:00,1.9211,1.9212,1.9184,1.9195,824395.6
2026-01-21 06:30:00+00:00,1.9195,1.9195,1.9159,1.9161,1378709.0
2026-01-21 06:35:00+00:00,1.916,1.9176,1.9154,1.9173,816330.8
2026-01-21 06:40:00+00:00,1.9173,1.9194,1.9172,1.9184,928635.2
2026-01-21 06:45:00+00:00,1.9184,1.9184,1.9154,1.917,1023466.2
2026-01-21 06:50:00+00:00,1.917,1.917,1.9147,1.9151,810620.0
2026-01-21 06:55:00+00:00,1.915,1.9165,1.9126,1.914,1731374.7
2026-01-21 07:00:00+00:00,1.9141,1.9147,1.9102,1.9144,1256245.4
2026-01-21 07:05:00+00:00,1.9143,1.9155,1.9127,1.9152,786977.3
2026-01-21 07:10:00+00:00,1.9152,1.9154,1.9113,1.9154,1631434.2
2026-01-21 07:15:00+00:00,1.9154,1.9159,1.9144,1.9155,436932.2
2026-01-21 07:20:00+00:00,1.9155,1.9198,1.9154,1.9194,1222258.5
2026-01-21 07:25:00+00:00,1.9193,1.9209,1.919,1.9201,768909.5
2026-01-21 07:30:00+00:00,1.92,1.92,1.9146,1.9149,1563346.5
2026-01-21 07:35:00+00:00,1.9149,1.9152,1.9076,1.9085,2318038.2
2026-01-21 07:40:00+00:00,1.9085,1.9107,1.9072,1.9082,2070702.4
2026-01-21 07:45:00+00:00,1.9082,1.9094,1.9063,1.9082,1613271.4
2026-01-21 07:50:00+00:00,1.9082,1.9095,1.9068,1.9069,1000212.1
2026-01-21 07:55:00+00:00,1.9069,1.9092,1.9059,1.9087,2452881.3
2026-01-21 08:00:00+00:00,1.9087,1.9088,1.9056,1.907,1023746.0
2026-01-21 08:05:00+00:00,1.907,1.9081,1.903,1.906,1395065.4
2026-01-21 08:10:00+00:00,1.906,1.9074,1.9026,1.903,1045306.8
2026-01-21 08:15:00+00:00,1.903,1.906,1.903,1.9037,907957.4
2026-01-21 08:20:00+00:00,1.9037,1.9058,1.9015,1.9027,978120.6
2026-01-21 08:25:00+00:00,1.9027,1.9047,1.9015,1.9046,698428.0
2026-01-21 08:30:00+00:00,1.9046,1.9107,1.902,1.905,5854671.7
2026-01-21 08:35:00+00:00,1.9051,1.9051,1.8963,1.8996,2865983.6
2026-01-21 08:40:00+00:00,1.8996,1.9016,1.897,1.8983,1375212.3
2026-01-21 08:45:00+00:00,1.8984,1.8998,1.897,1.8996,904633.4
2026-01-21 08:50:00+00:00,1.8996,1.8998,1.8978,1.8995,516749.5
2026-01-21 08:55:00+00:00,1.8995,1.9027,1.8986,1.9015,842533.5
2026-01-21 09:00:00+00:00,1.9014,1.9036,1.9001,1.903,581370.5
2026-01-21 09:05:00+00:00,1.903,1.903,1.8991,1.9004,820317.3
2026-01-21 09:10:00+00:00,1.9004,1.9023,1.8996,1.9013,1112904.3
2026-01-21 09:15:00+00:00,1.9013,1.9023,1.9,1.9003,836540.3
2026-01-21 09:20:00+00:00,1.9004,1.9038,1.9003,1.9024,654100.1
2026-01-21 09:25:00+00:00,1.9024,1.9055,1.9023,1.9041,599391.0
2026-01-21 09:30:00+00:00,1.9041,1.9068,1.9021,1.9063,794482.7
2026-01-21 09:35:00+00:00,1.9063,1.9095,1.9059,1.908,1284606.2
2026-01-21 09:40:00+00:00,1.9079,1.91,1.9079,1.91,771309.2
2026-01-21 09:45:00+00:00,1.91,1.9111,1.9071,1.9084,946265.4
2026-01-21 09:50:00+00:00,1.9084,1.9132,1.9075,1.9076,8133741.2
2026-01-21 09:55:00+00:00,1.9076,1.911,1.9049,1.9102,2904519.6
2026-01-21 10:00:00+00:00,1.9103,1.9149,1.9067,1.9124,2528001.3
2026-01-21 10:05:00+00:00,1.9124,1.9134,1.9111,1.9114,1073183.1
2026-01-21 10:10:00+00:00,1.9113,1.9125,1.9096,1.9124,974672.3
2026-01-21 10:15:00+00:00,1.9125,1.9148,1.912,1.9137,672262.7
2026-01-21 10:20:00+00:00,1.9138,1.914,1.9073,1.9088,1240710.1
2026-01-21 10:25:00+00:00,1.9089,1.9089,1.9067,1.9072,494661.9
2026-01-21 10:30:00+00:00,1.9072,1.908,1.9062,1.9069,735896.6
2026-01-21 10:35:00+00:00,1.9068,1.9103,1.905,1.9094,1427932.6
2026-01-21 10:40:00+00:00,1.9094,1.9107,1.9068,1.9068,509530.2
2026-01-21 10:45:00+00:00,1.9068,1.9069,1.9051,1.9061,475058.4
2026-01-21 10:50:00+00:00,1.906,1.9068,1.9052,1.9053,718955.7
2026-01-21 10:55:00+00:00,1.9054,1.9054,1.902,1.9021,1015319.1
2026-01-21 11:00:00+00:00,1.9022,1.9022,1.8981,1.8992,2538056.2
2026-01-21 11:05:00+00:00,1.8992,1.9004,1.8978,1.8997,1129109.0
2026-01-21 11:10:00+00:00,1.8998,1.903,1.8996,1.9028,1182471.1
2026-01-21 11:15:00+00:00,1.9028,1.9038,1.9012,1.9038,726564.6
2026-01-21 11:20:00+00:00,1.9037,1.9049,1.9026,1.9033,861792.8
2026-01-21 11:25:00+00:00,1.9033,1.9044,1.9013,1.9043,1922066.9
2026-01-21 11:30:00+00:00,1.9043,1.9043,1.8998,1.9021,3399295.7
2026-01-21 11:35:00+00:00,1.9021,1.9022,1.8995,1.8996,826912.4
2026-01-21 11:40:00+00:00,1.8996,1.9012,1.8995,1.8998,860513.6
2026-01-21 11:45:00+00:00,1.8998,1.9013,1.8951,1.8977,1994876.1
2026-01-21 11:50:00+00:00,1.8978,1.8983,1.8956,1.896,1606745.0
2026-01-21 11:55:00+00:00,1.8959,1.8968,1.8859,1.889,7203849.4
2026-01-21 12:00:00+00:00,1.8889,1.893,1.8878,1.8899,2878848.0
2026-01-21 12:05:00+00:00,1.8898,1.8949,1.8865,1.8899,3522592.2
2026-01-21 12:10:00+00:00,1.8898,1.8899,1.8788,1.8845,7786808.9
2026-01-21 12:15:00+00:00,1.8846,1.8882,1.8819,1.8854,4266813.6
2026-01-21 12:20:00+00:00,1.8855,1.8894,1.882,1.888,2956247.9
2026-01-21 12:25:00+00:00,1.888,1.8882,1.881,1.8825,2402771.9
2026-01-21 12:30:00+00:00,1.8826,1.8858,1.8801,1.8847,2021196.9
2026-01-21 12:35:00+00:00,1.8846,1.8907,1.8844,1.8893,1997377.4
2026-01-21 12:40:00+00:00,1.8892,1.8909,1.888,1.8909,1105532.5
2026-01-21 12:45:00+00:00,1.8909,1.8938,1.8893,1.8912,1525652.4
2026-01-21 12:50:00+00:00,1.8912,1.8955,1.8912,1.8954,1423527.4
2026-01-21 12:55:00+00:00,1.8954,1.8975,1.8951,1.8964,983492.3
2026-01-21 13:00:00+00:00,1.8963,1.9007,1.8943,1.8999,2502894.9
2026-01-21 13:05:00+00:00,1.8999,1.902,1.8989,1.9001,2230878.8
2026-01-21 13:10:00+00:00,1.9001,1.9028,1.8999,1.902,1572932.8
2026-01-21 13:15:00+00:00,1.902,1.9027,1.8989,1.8992,1397864.2
2026-01-21 13:20:00+00:00,1.8992,1.9008,1.8982,1.8993,1938717.1
2026-01-21 13:25:00+00:00,1.8994,1.9035,1.8979,1.9024,2147735.0
2026-01-21 13:30:00+00:00,1.9023,1.905,1.8986,1.9036,1867250.0
2026-01-21 13:35:00+00:00,1.9037,1.9041,1.8971,1.8981,1460097.2
2026-01-21 13:40:00+00:00,1.8982,1.8984,1.8941,1.8953,2163775.3
2026-01-21 13:45:00+00:00,1.8954,1.8957,1.8907,1.8929,1613203.3
2026-01-21 13:50:00+00:00,1.8929,1.8972,1.8901,1.8934,1431916.1
2026-01-21 13:55:00+00:00,1.8933,1.8975,1.892,1.8957,3016481.3
2026-01-21 14:00:00+00:00,1.8957,1.9019,1.8901,1.8962,5625631.8
2026-01-21 14:05:00+00:00,1.8963,1.9092,1.896,1.9067,5995693.4
2026-01-21 14:10:00+00:00,1.9067,1.9292,1.9056,1.9274,12571566.5
2026-01-21 14:15:00+00:00,1.9273,1.9405,1.9223,1.9323,16790431.3
2026-01-21 14:20:00+00:00,1.9323,1.935,1.926,1.9325,7054493.0
2026-01-21 14:25:00+00:00,1.9325,1.9327,1.9232,1.9261,6099141.9
2026-01-21 14:30:00+00:00,1.926,1.9397,1.9245,1.9377,10240465.8
2026-01-21 14:35:00+00:00,1.9377,1.9378,1.924,1.9317,5167755.5
2026-01-21 14:40:00+00:00,1.9318,1.9342,1.9273,1.9325,2781454.5
2026-01-21 14:45:00+00:00,1.9326,1.9397,1.9292,1.9335,3348159.4
2026-01-21 14:50:00+00:00,1.9335,1.9348,1.9271,1.9347,2335026.5
2026-01-21 14:55:00+00:00,1.9347,1.9442,1.9315,1.9417,6317216.1
2026-01-21 15:00:00+00:00,1.9417,1.947,1.9363,1.9366,5286748.1
2026-01-21 15:05:00+00:00,1.9367,1.9455,1.9354,1.9426,3569706.4
2026-01-21 15:10:00+00:00,1.9426,1.9489,1.9394,1.9473,4685414.3
2026-01-21 15:15:00+00:00,1.9474,1.9551,1.9454,1.9519,6258055.0
2026-01-21 15:20:00+00:00,1.952,1.952,1.9412,1.9467,3351761.0
2026-01-21 15:25:00+00:00,1.9468,1.9477,1.9412,1.9441,2871908.2
2026-01-21 15:30:00+00:00,1.9442,1.9466,1.938,1.9435,3067104.3
2026-01-21 15:35:00+00:00,1.9434,1.9438,1.9335,1.9397,3066340.6
2026-01-21 15:40:00+00:00,1.9398,1.949,1.9361,1.949,2525672.6
2026-01-21 15:45:00+00:00,1.949,1.95,1.9434,1.9465,2486782.3
2026-01-21 15:50:00+00:00,1.9464,1.956,1.9452,1.9548,3532364.3
2026-01-21 15:55:00+00:00,1.9549,1.9598,1.9534,1.957,3255192.0
2026-01-21 16:00:00+00:00,1.9569,1.9577,1.9521,1.9539,3095742.1
2026-01-21 16:05:00+00:00,1.954,1.9548,1.9485,1.949,2926781.0
2026-01-21 16:10:00+00:00,1.9491,1.9528,1.946,1.9462,1962798.7
2026-01-21 16:15:00+00:00,1.9462,1.9465,1.9403,1.9408,3310907.5
2026-01-21 16:20:00+00:00,1.9409,1.9416,1.9274,1.933,6115030.8
2026-01-21 16:25:00+00:00,1.9331,1.9414,1.9296,1.9365,2801343.1
2026-01-21 16:30:00+00:00,1.9365,1.9374,1.9238,1.9248,3205436.6
2026-01-21 16:35:00+00:00,1.9249,1.9269,1.9096,1.9138,11196648.6
2026-01-21 16:40:00+00:00,1.9137,1.9137,1.8906,1.8922,10287989.3
2026-01-21 16:45:00+00:00,1.8922,1.9107,1.8905,1.9091,7092221.5
2026-01-21 16:50:00+00:00,1.9092,1.9092,1.8966,1.8987,4986109.5
2026-01-21 16:55:00+00:00,1.8987,1.9003,1.8762,1.8781,14077804.0
2026-01-21 17:00:00+00:00,1.8781,1.8947,1.878,1.8945,10775778.5
2026-01-21 17:05:00+00:00,1.8944,1.8973,1.8842,1.8861,4894161.9
2026-01-21 17:10:00+00:00,1.8861,1.8878,1.8738,1.875,4949163.0
2026-01-21 17:15:00+00:00,1.875,1.8886,1.8723,1.8846,5616186.8
2026-01-21 17:20:00+00:00,1.8846,1.8884,1.8779,1.8809,3785200.4
2026-01-21 17:25:00+00:00,1.8808,1.8837,1.8757,1.8823,3228862.9
2026-01-21 17:30:00+00:00,1.8823,1.884,1.87,1.8735,5010498.9
2026-01-21 17:35:00+00:00,1.8735,1.8825,1.871,1.88,3385248.1
2026-01-21 17:40:00+00:00,1.8799,1.8888,1.8795,1.8818,3435010.2
2026-01-21 17:45:00+00:00,1.8818,1.8867,1.8799,1.8838,2450992.5
2026-01-21 17:50:00+00:00,1.8838,1.8898,1.881,1.8888,1829157.1
2026-01-21 17:55:00+00:00,1.8888,1.8925,1.8862,1.89,2524045.9
2026-01-21 18:00:00+00:00,1.8901,1.8921,1.8814,1.8837,1984530.6
2026-01-21 18:05:00+00:00,1.8837,1.8898,1.8829,1.885,1362942.4
2026-01-21 18:10:00+00:00,1.885,1.8982,1.885,1.8935,4059550.5
2026-01-21 18:15:00+00:00,1.8936,1.8957,1.8904,1.8925,804024.2
2026-01-21 18:20:00+00:00,1.8925,1.8951,1.8895,1.8901,1544553.1
2026-01-21 18:25:00+00:00,1.8901,1.8961,1.8895,1.8938,2041180.2
2026-01-21 18:30:00+00:00,1.8938,1.898,1.8916,1.8917,2726192.4
2026-01-21 18:35:00+00:00,1.8918,1.8956,1.8904,1.8951,1559634.2
2026-01-21 18:40:00+00:00,1.8951,1.8993,1.893,1.8934,1903173.6
2026-01-21 18:45:00+00:00,1.8935,1.9075,1.8928,1.9067,3633842.4
2026-01-21 18:50:00+00:00,1.9067,1.9135,1.9046,1.9056,3635618.9
2026-01-21 18:55:00+00:00,1.9056,1.9081,1.9037,1.9045,1180848.3
2026-01-21 19:00:00+00:00,1.9045,1.9088,1.8997,1.9007,2488000.7
2026-01-21 19:05:00+00:00,1.9008,1.9013,1.898,1.8994,1675759.0
2026-01-21 19:10:00+00:00,1.8994,1.9018,1.8987,1.8997,1523430.0
2026-01-21 19:15:00+00:00,1.8998,1.9022,1.898,1.9017,1017625.8
2026-01-21 19:20:00+00:00,1.9018,1.9046,1.8975,1.9024,1310394.6
2026-01-21 19:25:00+00:00,1.9024,1.939,1.9014,1.9377,14436608.4
2026-01-21 19:30:00+00:00,1.9378,1.9609,1.9328,1.9568,18922169.7
2026-01-21 19:35:00+00:00,1.9568,1.977,1.9542,1.972,16830286.9
2026-01-21 19:40:00+00:00,1.972,1.9775,1.9684,1.9767,10501351.1
2026-01-21 19:45:00+00:00,1.9766,1.9837,1.9735,1.975,9086191.8
2026-01-21 19:50:00+00:00,1.975,1.9789,1.9636,1.9696,8630214.1
2026-01-21 19:55:00+00:00,1.9696,1.9749,1.9671,1.9725,5651505.0
2026-01-21 20:00:00+00:00,1.9726,1.9726,1.957,1.9607,5672445.1
2026-01-21 20:05:00+00:00,1.9608,1.961,1.9527,1.9576,4241717.7
2026-01-21 20:10:00+00:00,1.9576,1.9623,1.9538,1.9601,2405738.9
2026-01-21 20:15:00+00:00,1.96,1.963,1.9543,1.9551,3078890.5
2026-01-21 20:20:00+00:00,1.9551,1.9594,1.9451,1.9575,8461137.9
2026-01-21 20:25:00+00:00,1.9575,1.9579,1.9517,1.9565,2415536.7
2026-01-21 20:30:00+00:00,1.9564,1.9589,1.9505,1.9579,3055233.2
2026-01-21 20:35:00+00:00,1.9578,1.9584,1.9533,1.9565,1953280.3
2026-01-21 20:40:00+00:00,1.9565,1.9581,1.9513,1.9558,1666256.4
2026-01-21 20:45:00+00:00,1.9559,1.9652,1.9558,1.9632,2474504.3
2026-01-21 20:50:00+00:00,1.9633,1.9694,1.9604,1.9664,2991240.0
2026-01-21 20:55:00+00:00,1.9664,1.9727,1.965,1.9722,3901196.8
2026-01-21 21:00:00+00:00,1.9721,1.9761,1.9656,1.9737,2648144.0
2026-01-21 21:05:00+00:00,1.9736,1.9838,1.9733,1.9783,5030426.7
2026-01-21 21:10:00+00:00,1.9782,1.9783,1.9726,1.9744,2296923.6
2026-01-21 21:15:00+00:00,1.9744,1.9854,1.9719,1.9801,4227965.7
2026-01-21 21:20:00+00:00,1.9801,1.9835,1.9785,1.9801,2150146.1
2026-01-21 21:25:00+00:00,1.9801,1.9801,1.9737,1.9753,1221985.4
2026-01-21 21:30:00+00:00,1.9753,1.9807,1.9749,1.9794,1413379.9
2026-01-21 21:35:00+00:00,1.9794,1.9799,1.9737,1.9746,1083348.8
2026-01-21 21:40:00+00:00,1.9746,1.9792,1.9731,1.9784,1027158.4
2026-01-21 21:45:00+00:00,1.9784,1.9792,1.9729,1.9757,3043082.0
2026-01-21 21:50:00+00:00,1.9757,1.9786,1.9739,1.975,1537104.6
2026-01-21 21:55:00+00:00,1.975,1.976,1.9723,1.9736,866295.4
2026-01-21 22:00:00+00:00,1.9737,1.9772,1.9733,1.9762,1066159.1
2026-01-21 22:05:00+00:00,1.9762,1.9863,1.9753,1.9859,2293117.8
2026-01-21 22:10:00+00:00,1.986,1.9889,1.98,1.9809,4150314.7
2026-01-21 22:15:00+00:00,1.9808,1.9808,1.9761,1.9781,1987567.9
2026-01-21 22:20:00+00:00,1.9781,1.9832,1.975,1.9778,6624102.0
2026-01-21 22:25:00+00:00,1.9778,1.9826,1.975,1.9773,1831273.5
2026-01-21 22:30:00+00:00,1.9773,1.9775,1.9715,1.9744,2724976.1
2026-01-21 22:35:00+00:00,1.9744,1.9785,1.9679,1.9686,1727801.1
2026-01-21 22:40:00+00:00,1.9685,1.9719,1.968,1.9693,1005885.3
2026-01-21 22:45:00+00:00,1.9694,1.972,1.9675,1.9687,873902.3
2026-01-21 22:50:00+00:00,1.9687,1.9696,1.9658,1.9677,1444438.2
2026-01-21 22:55:00+00:00,1.9677,1.9706,1.9647,1.965,2065110.2
2026-01-21 23:00:00+00:00,1.9649,1.9674,1.9629,1.9652,2069239.5
2026-01-21 23:05:00+00:00,1.9651,1.9651,1.9612,1.9626,1102754.9
2026-01-21 23:10:00+00:00,1.9625,1.966,1.961,1.9641,1740681.4
2026-01-21 23:15:00+00:00,1.9642,1.9643,1.9574,1.958,1829463.2
2026-01-21 23:20:00+00:00,1.9581,1.9584,1.9543,1.9562,2758370.4
2026-01-21 23:25:00+00:00,1.9563,1.9587,1.9562,1.9577,1300122.8
2026-01-21 23:30:00+00:00,1.9577,1.9577,1.9552,1.9559,1034246.0
2026-01-21 23:35:00+00:00,1.9559,1.9584,1.9549,1.9555,867832.9
2026-01-21 23:40:00+00:00,1.9556,1.9556,1.9462,1.9462,3183008.2
2026-01-21 23:45:00+00:00,1.9462,1.9481,1.9383,1.9395,4158126.3
2026-01-21 23:50:00+00:00,1.9395,1.9432,1.9393,1.9432,1739959.1
2026-01-21 23:55:00+00:00,1.9431,1.9472,1.9431,1.9466,1205656.8
2026-01-22 00:00:00+00:00,1.9465,1.9515,1.9464,1.9498,3121249.2
2026-01-22 00:05:00+00:00,1.9498,1.9548,1.9486,1.9541,3203388.6
2026-01-22 00:10:00+00:00,1.9541,1.9543,1.9514,1.9542,1728373.7
2026-01-22 00:15:00+00:00,1.9542,1.9544,1.95,1.9524,1076536.2
2026-01-22 00:20:00+00:00,1.9524,1.9566,1.9523,1.9555,1798939.5
2026-01-22 00:25:00+00:00,1.9555,1.9588,1.9544,1.9549,1569737.0
2026-01-22 00:30:00+00:00,1.955,1.9588,1.9545,1.9554,1209239.8
2026-01-22 00:35:00+00:00,1.9554,1.9562,1.9549,1.9551,500241.9
2026-01-22 00:40:00+00:00,1.9551,1.9577,1.9548,1.9569,511513.1
2026-01-22 00:45:00+00:00,1.9569,1.9585,1.9554,1.9568,831176.6
2026-01-22 00:50:00+00:00,1.9568,1.96,1.9566,1.957,1125307.7
2026-01-22 00:55:00+00:00,1.9571,1.9586,1.9539,1.9541,894486.6
2026-01-22 01:00:00+00:00,1.9541,1.9603,1.9511,1.9573,2221790.1
2026-01-22 01:05:00+00:00,1.9572,1.9579,1.9546,1.9556,949352.6
2026-01-22 01:10:00+00:00,1.9557,1.9574,1.9543,1.957,579691.9
2026-01-22 01:15:00+00:00,1.9571,1.9638,1.9568,1.9608,2147761.4
2026-01-22 01:20:00+00:00,1.9609,1.964,1.9604,1.9639,1011883.4
2026-01-22 01:25:00+00:00,1.9639,1.9675,1.9628,1.9653,1598254.5
2026-01-22 01:30:00+00:00,1.9652,1.9656,1.9609,1.9629,840795.6
2026-01-22 01:35:00+00:00,1.9629,1.963,1.9579,1.9597,829727.0
2026-01-22 01:40:00+00:00,1.9597,1.96,1.9544,1.9565,1412093.0
2026-01-22 01:45:00+00:00,1.9564,1.9585,1.9537,1.9585,927135.9
2026-01-22 01:50:00+00:00,1.9584,1.96,1.9549,1.9582,813055.2
2026-01-22 01:55:00+00:00,1.9582,1.959,1.9559,1.9576,468817.8
2026-01-22 02:00:00+00:00,1.9576,1.9606,1.9551,1.9566,1043107.1
2026-01-22 02:05:00+00:00,1.9567,1.9599,1.9565,1.9577,794265.4
2026-01-22 02:10:00+00:00,1.9577,1.9583,1.9533,1.9559,1114701.3
2026-01-22 02:15:00+00:00,1.9559,1.9585,1.9547,1.9561,711504.0
2026-01-22 02:20:00+00:00,1.9561,1.9567,1.9539,1.9547,912390.3
2026-01-22 02:25:00+00:00,1.9546,1.9581,1.9545,1.9567,918646.1
2026-01-22 02:30:00+00:00,1.9567,1.9567,1.9515,1.9522,1023887.8
2026-01-22 02:35:00+00:00,1.9523,1.9531,1.9502,1.9514,563313.5
2026-01-22 02:40:00+00:00,1.9514,1.9527,1.951,1.9514,678571.6
2026-01-22 02:45:00+00:00,1.9514,1.9516,1.948,1.9481,1508828.5
2026-01-22 02:50:00+00:00,1.9482,1.9491,1.9453,1.9453,1470003.6
2026-01-22 02:55:00+00:00,1.9454,1.9464,1.9433,1.9446,2174142.5
2026-01-22 03:00:00+00:00,1.9446,1.952,1.9446,1.9515,1587666.8
2026-01-22 03:05:00+00:00,1.9514,1.9546,1.9501,1.9527,1100261.6
2026-01-22 03:10:00+00:00,1.9526,1.9544,1.9522,1.9524,909786.0
2026-01-22 03:15:00+00:00,1.9523,1.9525,1.9465,1.9478,964443.4
2026-01-22 03:20:00+00:00,1.9478,1.9507,1.9478,1.9487,608459.2
2026-01-22 03:25:00+00:00,1.9487,1.9488,1.9464,1.9467,595727.7
2026-01-22 03:30:00+00:00,1.9468,1.9468,1.942,1.9425,1311092.2
2026-01-22 03:35:00+00:00,1.9425,1.9454,1.9411,1.9444,1374625.5
2026-01-22 03:40:00+00:00,1.9444,1.9463,1.9437,1.9459,579443.2
2026-01-22 03:45:00+00:00,1.9459,1.9469,1.9446,1.9454,673576.3
2026-01-22 03:50:00+00:00,1.9454,1.9469,1.9447,1.9469,574252.9
2026-01-22 03:55:00+00:00,1.9469,1.9482,1.9466,1.9468,349467.3
2026-01-22 04:00:00+00:00,1.9467,1.9505,1.9465,1.9481,923113.1
2026-01-22 04:05:00+00:00,1.9481,1.9519,1.9479,1.9513,677264.6
2026-01-22 04:10:00+00:00,1.9513,1.9516,1.9484,1.9488,423883.4
2026-01-22 04:15:00+00:00,1.9488,1.9504,1.9475,1.9497,577443.0
2026-01-22 04:20:00+00:00,1.9498,1.9528,1.9478,1.9528,370280.9
2026-01-22 04:25:00+00:00,1.9528,1.9537,1.9505,1.951,514081.4
2026-01-22 04:30:00+00:00,1.9511,1.9518,1.9479,1.9501,581443.6
2026-01-22 04:35:00+00:00,1.9501,1.9531,1.9497,1.9507,458246.1
2026-01-22 04:40:00+00:00,1.9507,1.9523,1.95,1.9513,311587.6
2026-01-22 04:45:00+00:00,1.9512,1.9524,1.9505,1.9515,348379.4
2026-01-22 04:50:00+00:00,1.9515,1.9536,1.9514,1.953,411183.0
2026-01-22 04:55:00+00:00,1.953,1.954,1.952,1.952,484387.9
2026-01-22 05:00:00+00:00,1.9521,1.9529,1.9515,1.9529,371301.1
2026-01-22 05:05:00+00:00,1.953,1.9537,1.9505,1.9506,444520.8
2026-01-22 05:10:00+00:00,1.9506,1.9514,1.9502,1.951,352392.6
2026-01-22 05:15:00+00:00,1.951,1.9515,1.949,1.9493,761301.4
2026-01-22 05:20:00+00:00,1.9493,1.9493,1.9456,1.9461,819433.3
2026-01-22 05:25:00+00:00,1.946,1.9469,1.9456,1.9459,414730.2
2026-01-22 05:30:00+00:00,1.9459,1.949,1.9456,1.9484,1051106.9
2026-01-22 05:35:00+00:00,1.9484,1.953,1.9473,1.9524,947434.0
2026-01-22 05:40:00+00:00,1.9524,1.9532,1.9512,1.9515,544194.4
2026-01-22 05:45:00+00:00,1.9514,1.9543,1.951,1.9526,629265.3
2026-01-22 05:50:00+00:00,1.9526,1.9539,1.9487,1.9508,583425.2
2026-01-22 05:55:00+00:00,1.9508,1.9526,1.9495,1.9524,540070.3
2026-01-22 06:00:00+00:00,1.9524,1.956,1.9521,1.9558,850290.8
2026-01-22 06:05:00+00:00,1.9557,1.9557,1.9489,1.95,731756.4
2026-01-22 06:10:00+00:00,1.95,1.9512,1.9472,1.9508,873672.7
2026-01-22 06:15:00+00:00,1.9508,1.9553,1.9507,1.9538,1154887.1
2026-01-22 06:20:00+00:00,1.9538,1.9544,1.9498,1.9499,499786.6
2026-01-22 06:25:00+00:00,1.9499,1.9501,1.9487,1.9495,437560.1
2026-01-22 06:30:00+00:00,1.9496,1.9512,1.9489,1.9509,933056.2
2026-01-22 06:35:00+00:00,1.951,1.954,1.9506,1.9539,741795.4
2026-01-22 06:40:00+00:00,1.9539,1.955,1.9522,1.9535,476344.9
2026-01-22 06:45:00+00:00,1.9535,1.9553,1.9534,1.9544,845044.8
2026-01-22 06:50:00+00:00,1.9543,1.9589,1.953,1.9537,1246932.2
2026-01-22 06:55:00+00:00,1.9538,1.9555,1.953,1.9546,406914.5
2026-01-22 07:00:00+00:00,1.9546,1.9555,1.9512,1.9523,749752.2
2026-01-22 07:05:00+00:00,1.9523,1.9523,1.9505,1.9507,438107.2
2026-01-22 07:10:00+00:00,1.9507,1.9516,1.9492,1.9496,679148.2
2026-01-22 07:15:00+00:00,1.9496,1.9503,1.9459,1.9481,1293225.5
2026-01-22 07:20:00+00:00,1.9481,1.9491,1.9468,1.9479,686787.5
2026-01-22 07:25:00+00:00,1.9479,1.9504,1.9472,1.9498,575026.5
2026-01-22 07:30:00+00:00,1.9499,1.9502,1.9468,1.9492,892016.6
2026-01-22 07:35:00+00:00,1.9492,1.9515,1.9485,1.9485,1029575.0
2026-01-22 07:40:00+00:00,1.9486,1.951,1.9479,1.9506,604975.5
2026-01-22 07:45:00+00:00,1.9507,1.9523,1.9486,1.9507,1030392.7
2026-01-22 07:50:00+00:00,1.9506,1.9506,1.9467,1.9468,604884.6
2026-01-22 07:55:00+00:00,1.9468,1.9478,1.9455,1.9468,773737.4
2026-01-22 08:00:00+00:00,1.9469,1.9516,1.9468,1.9511,973403.6
2026-01-22 08:05:00+00:00,1.9512,1.9554,1.9512,1.9542,1371015.4
2026-01-22 08:10:00+00:00,1.9542,1.9543,1.949,1.9493,1457328.0
2026-01-22 08:15:00+00:00,1.9493,1.9515,1.9461,1.949,1500210.5
2026-01-22 08:20:00+00:00,1.9489,1.9499,1.9463,1.9496,570268.1
2026-01-22 08:25:00+00:00,1.9495,1.9516,1.9481,1.9501,652827.9
2026-01-22 08:30:00+00:00,1.9501,1.9501,1.9468,1.9487,1005191.1
2026-01-22 08:35:00+00:00,1.9487,1.9511,1.9473,1.9511,591096.2
2026-01-22 08:40:00+00:00,1.9511,1.9531,1.9504,1.9519,1028612.3
2026-01-22 08:45:00+00:00,1.952,1.9531,1.9506,1.9518,577589.7
2026-01-22 08:50:00+00:00,1.9518,1.9578,1.9516,1.9576,1479436.6
2026-01-22 08:55:00+00:00,1.9576,1.9588,1.9571,1.9581,1290837.5
2026-01-22 09:00:00+00:00,1.958,1.958,1.9553,1.956,910350.0
2026-01-22 09:05:00+00:00,1.956,1.9574,1.9553,1.9562,554677.6
2026-01-22 09:10:00+00:00,1.9562,1.962,1.9559,1.9612,1586654.2
2026-01-22 09:15:00+00:00,1.9611,1.9629,1.9571,1.9585,1191528.9
2026-01-22 09:20:00+00:00,1.9586,1.9592,1.9564,1.9569,806123.4
2026-01-22 09:25:00+00:00,1.9569,1.9579,1.9559,1.957,556721.2
2026-01-22 09:30:00+00:00,1.957,1.9591,1.9563,1.9588,835482.5
2026-01-22 09:35:00+00:00,1.9589,1.9637,1.9588,1.9618,1316441.3
2026-01-22 09:40:00+00:00,1.9617,1.9633,1.9615,1.9628,976772.5
2026-01-22 09:45:00+00:00,1.9628,1.9634,1.9614,1.9629,665619.5
2026-01-22 09:50:00+00:00,1.9629,1.9631,1.9605,1.9612,502694.4
2026-01-22 09:55:00+00:00,1.9611,1.9632,1.9604,1.9631,918391.9
2026-01-22 10:00:00+00:00,1.9632,1.9637,1.9591,1.9599,841633.9
2026-01-22 10:05:00+00:00,1.9599,1.9618,1.9587,1.9605,714845.1
2026-01-22 10:10:00+00:00,1.9605,1.961,1.9591,1.9594,950452.4
2026-01-22 10:15:00+00:00,1.9594,1.9595,1.9566,1.9567,1030714.4
2026-01-22 10:20:00+00:00,1.9568,1.9587,1.9543,1.9557,2267747.2
2026-01-22 10:25:00+00:00,1.9557,1.957,1.9551,1.9558,1007397.1
2026-01-22 10:30:00+00:00,1.9558,1.9574,1.9545,1.9565,870977.2
2026-01-22 10:35:00+00:00,1.9565,1.9574,1.9545,1.9545,414134.9
2026-01-22 10:40:00+00:00,1.9545,1.9567,1.954,1.956,813767.5
2026-01-22 10:45:00+00:00,1.9561,1.9562,1.9526,1.9534,824680.3
2026-01-22 10:50:00+00:00,1.9533,1.9547,1.9523,1.9544,719492.5
2026-01-22 10:55:00+00:00,1.9544,1.9559,1.9529,1.9553,809904.5
2026-01-22 11:00:00+00:00,1.9553,1.9553,1.9521,1.9533,686044.4
2026-01-22 11:05:00+00:00,1.9533,1.9558,1.9531,1.9557,701062.4
2026-01-22 11:10:00+00:00,1.9557,1.9562,1.949,1.9499,1684601.2
2026-01-22 11:15:00+00:00,1.9499,1.9514,1.9476,1.9513,1375135.7
2026-01-22 11:20:00+00:00,1.9513,1.9514,1.9455,1.9459,1698697.3
2026-01-22 11:25:00+00:00,1.9459,1.9468,1.9442,1.9461,1515108.4
2026-01-22 11:30:00+00:00,1.9462,1.9479,1.9453,1.9477,1226970.4
2026-01-22 11:35:00+00:00,1.9477,1.9477,1.9415,1.9427,2860613.7
2026-01-22 11:40:00+00:00,1.9428,1.945,1.9417,1.944,1387361.4
2026-01-22 11:45:00+00:00,1.944,1.9452,1.9432,1.9452,1224758.9
2026-01-22 11:50:00+00:00,1.9451,1.9463,1.942,1.9434,1616953.5
2026-01-22 11:55:00+00:00,1.9433,1.9442,1.943,1.943,471205.8
2026-01-22 12:00:00+00:00,1.943,1.9459,1.9412,1.9454,1477283.0
2026-01-22 12:05:00+00:00,1.9453,1.9464,1.9442,1.9462,856789.0
2026-01-22 12:10:00+00:00,1.9461,1.9461,1.9445,1.946,802564.1
2026-01-22 12:15:00+00:00,1.9461,1.9487,1.946,1.9471,1224770.2
2026-01-22 12:20:00+00:00,1.947,1.9489,1.9469,1.9474,596412.5
2026-01-22 12:25:00+00:00,1.9475,1.9479,1.9458,1.9476,479821.9
2026-01-22 12:30:00+00:00,1.9477,1.9483,1.9465,1.9466,847065.3
2026-01-22 12:35:00+00:00,1.9466,1.9473,1.9451,1.9451,772611.5
2026-01-22 12:40:00+00:00,1.945,1.945,1.9432,1.9432,921564.1
2026-01-22 12:45:00+00:00,1.9432,1.9448,1.9421,1.9443,987649.5
2026-01-22 12:50:00+00:00,1.9444,1.9451,1.9427,1.9428,523379.1
2026-01-22 12:55:00+00:00,1.9428,1.9436,1.9402,1.9407,2002551.4
2026-01-22 13:00:00+00:00,1.9407,1.9414,1.9354,1.9366,4131071.7
2026-01-22 13:05:00+00:00,1.9365,1.9366,1.932,1.932,3241670.0
2026-01-22 13:10:00+00:00,1.932,1.9358,1.931,1.9356,1104813.9
2026-01-22 13:15:00+00:00,1.9357,1.9384,1.9354,1.9366,2702189.8
2026-01-22 13:20:00+00:00,1.9366,1.9395,1.9353,1.9386,1612525.8
2026-01-22 13:25:00+00:00,1.9387,1.9414,1.9386,1.9404,1954009.9
2026-01-22 13:30:00+00:00,1.9403,1.9467,1.9327,1.9359,5601314.2
2026-01-22 13:35:00+00:00,1.9359,1.9366,1.9304,1.9313,3593742.7
2026-01-22 13:40:00+00:00,1.9314,1.9318,1.9255,1.9279,6849095.0
2026-01-22 13:45:00+00:00,1.9279,1.931,1.9267,1.9296,3186430.5
2026-01-22 13:50:00+00:00,1.9296,1.9305,1.925,1.9291,2241341.3
2026-01-22 13:55:00+00:00,1.929,1.931,1.9278,1.9291,1945846.7
2026-01-22 14:00:00+00:00,1.9291,1.9296,1.9245,1.9291,1219221.1
2026-01-22 14:05:00+00:00,1.9292,1.9311,1.9276,1.9285,1378515.6
2026-01-22 14:10:00+00:00,1.9285,1.9316,1.9278,1.9309,1816310.2
2026-01-22 14:15:00+00:00,1.9309,1.9312,1.9269,1.927,975483.6
2026-01-22 14:20:00+00:00,1.9269,1.9269,1.919,1.9205,4520314.8
2026-01-22 14:25:00+00:00,1.9205,1.9228,1.9204,1.9225,1465582.3
2026-01-22 14:30:00+00:00,1.9226,1.9281,1.9218,1.9233,3835476.4
2026-01-22 14:35:00+00:00,1.9233,1.9309,1.9165,1.9275,5618291.0
2026-01-22 14:40:00+00:00,1.9275,1.93,1.9213,1.9248,3367195.5
2026-01-22 14:45:00+00:00,1.9248,1.9257,1.914,1.9147,4953272.7
2026-01-22 14:50:00+00:00,1.9146,1.9213,1.9136,1.9196,3675446.0
2026-01-22 14:55:00+00:00,1.9196,1.9203,1.9134,1.9141,2073797.4
2026-01-22 15:00:00+00:00,1.9142,1.9193,1.911,1.9181,6083543.3
2026-01-22 15:05:00+00:00,1.9181,1.9193,1.9126,1.9186,2486925.2
2026-01-22 15:10:00+00:00,1.9185,1.9207,1.9154,1.9177,2927312.4
2026-01-22 15:15:00+00:00,1.9177,1.9203,1.9156,1.9171,2043144.2
2026-01-22 15:20:00+00:00,1.917,1.9192,1.9055,1.9056,5378076.4
2026-01-22 15:25:00+00:00,1.9057,1.9084,1.9031,1.9041,5920901.3
2026-01-22 15:30:00+00:00,1.904,1.9078,1.9001,1.9042,4763814.7
2026-01-22 15:35:00+00:00,1.9042,1.9107,1.9042,1.9089,3024641.9
2026-01-22 15:40:00+00:00,1.9089,1.9148,1.9076,1.9141,3033176.9
2026-01-22 15:45:00+00:00,1.9142,1.9228,1.9125,1.9182,5298435.1
2026-01-22 15:50:00+00:00,1.9181,1.9183,1.9106,1.9107,1809236.6
2026-01-22 15:55:00+00:00,1.9107,1.9151,1.9106,1.9135,1307125.7
2026-01-22 16:00:00+00:00,1.9136,1.9178,1.9135,1.9156,2165958.3
2026-01-22 16:05:00+00:00,1.9155,1.9169,1.9113,1.9124,1321254.2
2026-01-22 16:10:00+00:00,1.9125,1.9149,1.9092,1.9115,1537496.8
2026-01-22 16:15:00+00:00,1.9115,1.9126,1.9026,1.907,6489170.9
2026-01-22 16:20:00+00:00,1.9069,1.9206,1.9054,1.9162,6835071.1
2026-01-22 16:25:00+00:00,1.9161,1.9176,1.9128,1.9137,1360935.4
2026-01-22 16:30:00+00:00,1.9136,1.9172,1.9121,1.9135,1306875.1
2026-01-22 16:35:00+00:00,1.9135,1.9186,1.9116,1.9165,1329232.8
2026-01-22 16:40:00+00:00,1.9164,1.9218,1.9146,1.9206,1683718.2
2026-01-22 16:45:00+00:00,1.9206,1.9284,1.9203,1.9254,2698246.8
2026-01-22 16:50:00+00:00,1.9254,1.926,1.921,1.9229,1422510.5
2026-01-22 16:55:00+00:00,1.9229,1.9234,1.9206,1.9219,1237950.2
2026-01-22 17:00:00+00:00,1.9219,1.924,1.9207,1.9213,1478005.8
2026-01-22 17:05:00+00:00,1.9214,1.9224,1.9188,1.9212,2008199.2
2026-01-22 17:10:00+00:00,1.9213,1.9225,1.9167,1.9198,1443454.2
2026-01-22 17:15:00+00:00,1.9198,1.9227,1.9183,1.9205,2897054.1
2026-01-22 17:20:00+00:00,1.9206,1.9231,1.9196,1.9202,927532.9
2026-01-22 17:25:00+00:00,1.9202,1.9203,1.9111,1.913,3660098.7
2026-01-22 17:30:00+00:00,1.9131,1.9164,1.9131,1.9144,1131378.8
2026-01-22 17:35:00+00:00,1.9144,1.9154,1.9119,1.9136,714576.3
2026-01-22 17:40:00+00:00,1.9137,1.9177,1.9129,1.9171,609382.9
2026-01-22 17:45:00+00:00,1.9172,1.929,1.9172,1.9259,5601089.4
2026-01-22 17:50:00+00:00,1.9258,1.929,1.9248,1.9269,1210372.0
2026-01-22 17:55:00+00:00,1.9269,1.9292,1.9256,1.928,869247.6
2026-01-22 18:00:00+00:00,1.928,1.9288,1.9209,1.9217,2101524.7
2026-01-22 18:05:00+00:00,1.9217,1.9254,1.9213,1.9236,762170.6
2026-01-22 18:10:00+00:00,1.9236,1.9251,1.9223,1.9229,664295.0
2026-01-22 18:15:00+00:00,1.9229,1.9287,1.9228,1.9283,691482.1
2026-01-22 18:20:00+00:00,1.9283,1.9299,1.9266,1.9277,1191448.7
2026-01-22 18:25:00+00:00,1.9276,1.9277,1.9245,1.9274,561145.4
2026-01-22 18:30:00+00:00,1.9273,1.9324,1.9273,1.9319,1293362.1
2026-01-22 18:35:00+00:00,1.932,1.932,1.9259,1.9282,1164103.8
2026-01-22 18:40:00+00:00,1.9282,1.9294,1.9274,1.9281,465659.4
2026-01-22 18:45:00+00:00,1.9282,1.9293,1.9248,1.9255,711878.3
2026-01-22 18:50:00+00:00,1.9255,1.9257,1.9195,1.922,1471108.9
2026-01-22 18:55:00+00:00,1.9219,1.9224,1.9203,1.9212,501933.2
2026-01-22 19:00:00+00:00,1.9211,1.9225,1.9165,1.9212,1448138.1
2026-01-22 19:05:00+00:00,1.9212,1.925,1.9211,1.9237,718117.6
2026-01-22 19:10:00+00:00,1.9237,1.9247,1.9229,1.9229,573778.9
2026-01-22 19:15:00+00:00,1.923,1.9231,1.9198,1.9225,421758.3
2026-01-22 19:20:00+00:00,1.9226,1.925,1.9184,1.9236,533854.9
2026-01-22 19:25:00+00:00,1.9236,1.9247,1.922,1.9233,552490.5
2026-01-22 19:30:00+00:00,1.9234,1.9278,1.9234,1.9275,559220.2
2026-01-22 19:35:00+00:00,1.9276,1.934,1.9276,1.9323,1170595.6
2026-01-22 19:40:00+00:00,1.9324,1.9341,1.9312,1.9322,786885.0
2026-01-22 19:45:00+00:00,1.9322,1.9349,1.9277,1.9285,1423826.0
2026-01-22 19:50:00+00:00,1.9285,1.9349,1.9285,1.9343,1158435.0
2026-01-22 19:55:00+00:00,1.9343,1.9346,1.9312,1.9314,924341.7
2026-01-22 20:00:00+00:00,1.9314,1.9315,1.9272,1.9295,1603714.9
2026-01-22 20:05:00+00:00,1.9296,1.9316,1.9262,1.928,1137468.6
2026-01-22 20:10:00+00:00,1.928,1.9316,1.928,1.9313,858046.1
2026-01-22 20:15:00+00:00,1.9313,1.9329,1.9275,1.9289,1019548.8
2026-01-22 20:20:00+00:00,1.929,1.9303,1.9241,1.9241,908378.7
2026-01-22 20:25:00+00:00,1.9241,1.9244,1.92,1.9229,1519562.7
2026-01-22 20:30:00+00:00,1.9229,1.9263,1.9206,1.9232,1389539.7
2026-01-22 20:35:00+00:00,1.9232,1.9239,1.9187,1.9212,881640.1
2026-01-22 20:40:00+00:00,1.9211,1.9221,1.9174,1.9194,1570721.4
2026-01-22 20:45:00+00:00,1.9193,1.9211,1.9187,1.92,832717.2
2026-01-22 20:50:00+00:00,1.92,1.9231,1.9197,1.9227,647112.9
2026-01-22 20:55:00+00:00,1.9228,1.93,1.9204,1.9224,5251045.8
2026-01-22 21:00:00+00:00,1.9224,1.9254,1.919,1.9202,1516917.1
2026-01-22 21:05:00+00:00,1.9201,1.926,1.9201,1.9258,689628.8
2026-01-22 21:10:00+00:00,1.9258,1.9272,1.924,1.9246,390402.4
2026-01-22 21:15:00+00:00,1.9246,1.9289,1.9239,1.9288,767036.1
2026-01-22 21:20:00+00:00,1.9289,1.9311,1.9286,1.9299,647776.8
2026-01-22 21:25:00+00:00,1.9299,1.9303,1.9285,1.9288,555409.5
2026-01-22 21:30:00+00:00,1.9289,1.929,1.9243,1.9256,707143.0
2026-01-22 21:35:00+00:00,1.9257,1.9263,1.9247,1.9249,325373.2
2026-01-22 21:40:00+00:00,1.9249,1.9253,1.9217,1.9231,678303.0
2026-01-22 21:45:00+00:00,1.9231,1.9257,1.921,1.9251,863695.8
2026-01-22 21:50:00+00:00,1.9251,1.9269,1.9243,1.9251,636127.8
2026-01-22 21:55:00+00:00,1.9251,1.9256,1.9225,1.9243,596456.4
2026-01-22 22:00:00+00:00,1.9243,1.9248,1.9217,1.9247,1237780.2
2026-01-22 22:05:00+00:00,1.9247,1.9257,1.9242,1.9256,599114.8
2026-01-22 22:10:00+00:00,1.9256,1.9314,1.9251,1.9273,1085741.1
2026-01-22 22:15:00+00:00,1.9273,1.9286,1.9249,1.9257,961259.2
2026-01-22 22:20:00+00:00,1.9256,1.9288,1.9249,1.9275,765718.6
2026-01-22 22:25:00+00:00,1.9275,1.9295,1.9258,1.9258,548355.2
2026-01-22 22:30:00+00:00,1.9259,1.9271,1.9222,1.9222,610156.3
2026-01-22 22:35:00+00:00,1.9223,1.9238,1.9218,1.9238,602262.0
2026-01-22 22:40:00+00:00,1.9237,1.9254,1.9226,1.9252,368624.0
2026-01-22 22:45:00+00:00,1.9253,1.9278,1.9252,1.9269,376604.4
2026-01-22 22:50:00+00:00,1.9269,1.9271,1.9247,1.9259,438821.5
2026-01-22 22:55:00+00:00,1.9258,1.9259,1.9229,1.9234,456417.1
2026-01-22 23:00:00+00:00,1.9234,1.9237,1.915,1.9164,4692101.9
2026-01-22 23:05:00+00:00,1.9163,1.9204,1.9151,1.9185,998216.8
2026-01-22 23:10:00+00:00,1.9184,1.9208,1.9171,1.9199,851511.9
2026-01-22 23:15:00+00:00,1.9199,1.9211,1.9183,1.9187,570486.9
2026-01-22 23:20:00+00:00,1.9187,1.9213,1.9186,1.9206,485371.7
2026-01-22 23:25:00+00:00,1.9207,1.9238,1.9207,1.9214,692285.8
2026-01-22 23:30:00+00:00,1.9213,1.9248,1.9198,1.9243,609742.8
2026-01-22 23:35:00+00:00,1.9242,1.9243,1.9216,1.9223,418125.2
2026-01-22 23:40:00+00:00,1.9223,1.9225,1.9193,1.9206,321274.9
2026-01-22 23:45:00+00:00,1.9206,1.9226,1.9202,1.9226,342276.3
2026-01-22 23:50:00+00:00,1.9226,1.9231,1.9213,1.922,479253.1
2026-01-22 23:55:00+00:00,1.922,1.9235,1.9214,1.9226,209518.6
2026-01-23 00:00:00+00:00,1.9226,1.9238,1.9199,1.9223,843945.1
2026-01-23 00:05:00+00:00,1.9223,1.9234,1.9209,1.9233,622400.5
2026-01-23 00:10:00+00:00,1.9233,1.9245,1.922,1.9241,735687.8
2026-01-23 00:15:00+00:00,1.924,1.9254,1.9226,1.925,849837.4
2026-01-23 00:20:00+00:00,1.9251,1.9254,1.923,1.9238,724794.9
2026-01-23 00:25:00+00:00,1.9237,1.9238,1.922,1.923,513593.2
2026-01-23 00:30:00+00:00,1.923,1.923,1.9178,1.9178,929434.5
2026-01-23 00:35:00+00:00,1.9179,1.9196,1.9165,1.9181,1137952.0
2026-01-23 00:40:00+00:00,1.918,1.9191,1.917,1.9171,419969.6
2026-01-23 00:45:00+00:00,1.917,1.9188,1.9156,1.9182,683162.4
2026-01-23 00:50:00+00:00,1.9182,1.9195,1.9171,1.9186,673748.9
2026-01-23 00:55:00+00:00,1.9186,1.9195,1.9168,1.9172,466765.0
2026-01-23 01:00:00+00:00,1.9173,1.9212,1.9167,1.9202,654419.1
2026-01-23 01:05:00+00:00,1.9201,1.9203,1.9174,1.9202,398695.8
2026-01-23 01:10:00+00:00,1.9201,1.9203,1.9156,1.916,601944.3
2026-01-23 01:15:00+00:00,1.916,1.9189,1.916,1.9176,687018.5
2026-01-23 01:20:00+00:00,1.9177,1.9201,1.9176,1.9176,420452.3
2026-01-23 01:25:00+00:00,1.9177,1.9194,1.9168,1.9193,463659.3
2026-01-23 01:30:00+00:00,1.9193,1.9227,1.918,1.9222,1189396.6
2026-01-23 01:35:00+00:00,1.9221,1.9228,1.9195,1.9213,838703.8
2026-01-23 01:40:00+00:00,1.9212,1.9221,1.92,1.9213,351718.6
2026-01-23 01:45:00+00:00,1.9213,1.9223,1.9204,1.921,329539.1
2026-01-23 01:50:00+00:00,1.9211,1.9231,1.921,1.9222,384287.0
2026-01-23 01:55:00+00:00,1.9222,1.9235,1.9202,1.921,490400.3
2026-01-23 02:00:00+00:00,1.921,1.9223,1.9168,1.9168,871906.3
2026-01-23 02:05:00+00:00,1.9169,1.9185,1.9169,1.9178,396855.4
2026-01-23 02:10:00+00:00,1.9178,1.92,1.9178,1.9198,460516.0
2026-01-23 02:15:00+00:00,1.9198,1.9199,1.9168,1.9177,453227.5
2026-01-23 02:20:00+00:00,1.9176,1.918,1.9169,1.9174,434968.4
2026-01-23 02:25:00+00:00,1.9174,1.9176,1.9147,1.9162,820987.1
2026-01-23 02:30:00+00:00,1.9162,1.9181,1.9161,1.9168,421364.8
2026-01-23 02:35:00+00:00,1.9168,1.9181,1.9162,1.918,351983.7
2026-01-23 02:40:00+00:00,1.918,1.918,1.9158,1.9163,361292.5
2026-01-23 02:45:00+00:00,1.9163,1.9171,1.9126,1.9127,889805.8
2026-01-23 02:50:00+00:00,1.9127,1.913,1.9104,1.9105,1408953.8
2026-01-23 02:55:00+00:00,1.9104,1.9105,1.908,1.9085,1629005.0
2026-01-23 03:00:00+00:00,1.9085,1.9109,1.9082,1.9102,938709.4
2026-01-23 03:05:00+00:00,1.9102,1.9127,1.9091,1.9117,807813.1
2026-01-23 03:10:00+00:00,1.9117,1.9132,1.9117,1.9132,450816.3
2026-01-23 03:15:00+00:00,1.9132,1.9174,1.913,1.9163,905585.8
2026-01-23 03:20:00+00:00,1.9162,1.917,1.9154,1.9158,570472.7
2026-01-23 03:25:00+00:00,1.9157,1.9171,1.9153,1.9154,357637.5
2026-01-23 03:30:00+00:00,1.9153,1.9165,1.9131,1.9137,1237729.1
2026-01-23 03:35:00+00:00,1.9136,1.9136,1.9108,1.9127,834436.4
2026-01-23 03:40:00+00:00,1.9127,1.9151,1.9126,1.9143,1020468.5
2026-01-23 03:45:00+00:00,1.9143,1.9143,1.9121,1.9132,431567.3
2026-01-23 03:50:00+00:00,1.9132,1.9138,1.9129,1.9134,245603.8
2026-01-23 03:55:00+00:00,1.9133,1.9152,1.9126,1.9151,782311.6
2026-01-23 04:00:00+00:00,1.9151,1.9152,1.9127,1.9137,576994.9
2026-01-23 04:05:00+00:00,1.9138,1.9164,1.913,1.9163,525546.1
2026-01-23 04:10:00+00:00,1.9163,1.9223,1.9162,1.9217,1259430.5
2026-01-23 04:15:00+00:00,1.9218,1.9218,1.9187,1.9196,1028770.5
2026-01-23 04:20:00+00:00,1.9195,1.9212,1.9186,1.9206,589215.3
2026-01-23 04:25:00+00:00,1.9206,1.9232,1.9206,1.9221,488983.7
2026-01-23 04:30:00+00:00,1.922,1.9228,1.9187,1.9227,682269.6
2026-01-23 04:35:00+00:00,1.9226,1.9226,1.9197,1.9198,421145.7
2026-01-23 04:40:00+00:00,1.9198,1.9225,1.9197,1.9221,669292.1
2026-01-23 04:45:00+00:00,1.9221,1.925,1.9212,1.9222,1327591.6
2026-01-23 04:50:00+00:00,1.9223,1.9232,1.9201,1.9212,592637.5
2026-01-23 04:55:00+00:00,1.9212,1.9214,1.9192,1.9192,382460.2
2026-01-23 05:00:00+00:00,1.9192,1.9198,1.9182,1.9186,678115.6
2026-01-23 05:05:00+00:00,1.9186,1.9193,1.9184,1.9188,332550.1
2026-01-23 05:10:00+00:00,1.9189,1.9201,1.9177,1.9195,429769.1
2026-01-23 05:15:00+00:00,1.9195,1.9195,1.9148,1.9155,1006862.4
2026-01-23 05:20:00+00:00,1.9155,1.9165,1.9134,1.9138,773626.8
2026-01-23 05:25:00+00:00,1.9138,1.9139,1.9089,1.911,2155158.9
2026-01-23 05:30:00+00:00,1.911,1.9142,1.9103,1.9137,1093926.8
2026-01-23 05:35:00+00:00,1.9136,1.9139,1.9118,1.9118,642960.4
2026-01-23 05:40:00+00:00,1.9119,1.9126,1.9106,1.9117,890891.7
2026-01-23 05:45:00+00:00,1.9116,1.9116,1.9078,1.9078,1731915.6
2026-01-23 05:50:00+00:00,1.9079,1.909,1.9066,1.9083,1093724.3
2026-01-23 05:55:00+00:00,1.9083,1.9104,1.907,1.9098,624542.8
2026-01-23 06:00:00+00:00,1.9099,1.9111,1.9086,1.9111,761401.5
2026-01-23 06:05:00+00:00,1.9112,1.9139,1.9111,1.913,756012.5
2026-01-23 06:10:00+00:00,1.913,1.915,1.9129,1.9142,726104.9
2026-01-23 06:15:00+00:00,1.9142,1.9159,1.912,1.9159,633590.6
2026-01-23 06:20:00+00:00,1.9159,1.9161,1.9093,1.9093,632799.1
2026-01-23 06:25:00+00:00,1.9093,1.9103,1.9021,1.9047,2885196.9
2026-01-23 06:30:00+00:00,1.9047,1.9068,1.9044,1.9056,1040484.0
2026-01-23 06:35:00+00:00,1.9056,1.9081,1.9038,1.9075,1119045.1
2026-01-23 06:40:00+00:00,1.9076,1.9135,1.9076,1.9122,999520.8
2026-01-23 06:45:00+00:00,1.9122,1.9129,1.9092,1.9114,1142383.1
2026-01-23 06:50:00+00:00,1.9114,1.9114,1.9097,1.9098,627111.3
2026-01-23 06:55:00+00:00,1.9099,1.9105,1.9076,1.9102,1109818.8
2026-01-23 07:00:00+00:00,1.9102,1.9126,1.9081,1.9096,939432.9
2026-01-23 07:05:00+00:00,1.9097,1.9106,1.908,1.9087,772797.4
2026-01-23 07:10:00+00:00,1.9086,1.9116,1.9086,1.9112,702196.6
2026-01-23 07:15:00+00:00,1.9113,1.912,1.9091,1.9111,796770.3
2026-01-23 07:20:00+00:00,1.9112,1.9133,1.9104,1.912,506042.2
2026-01-23 07:25:00+00:00,1.912,1.9133,1.9119,1.9132,396809.7
2026-01-23 07:30:00+00:00,1.9132,1.9135,1.9118,1.9124,403294.0
2026-01-23 07:35:00+00:00,1.9123,1.9138,1.9121,1.9137,335957.9
2026-01-23 07:40:00+00:00,1.9136,1.9138,1.9122,1.9135,544224.4
2026-01-23 07:45:00+00:00,1.9135,1.9136,1.909,1.9127,1531056.8
2026-01-23 07:50:00+00:00,1.9127,1.9133,1.9118,1.9119,723183.2
2026-01-23 07:55:00+00:00,1.9119,1.9148,1.911,1.9132,1244759.1
2026-01-23 08:00:00+00:00,1.9133,1.9148,1.91,1.9119,2218031.2
2026-01-23 08:05:00+00:00,1.9118,1.9129,1.9094,1.9094,1258219.2
2026-01-23 08:10:00+00:00,1.9094,1.9118,1.9081,1.9104,1187857.1
2026-01-23 08:15:00+00:00,1.9104,1.9108,1.9082,1.9098,744578.7
2026-01-23 08:20:00+00:00,1.9098,1.9103,1.9067,1.9078,961099.8
2026-01-23 08:25:00+00:00,1.9078,1.9082,1.9044,1.9055,1314445.9
2026-01-23 08:30:00+00:00,1.9056,1.9067,1.9013,1.9021,2715851.6
2026-01-23 08:35:00+00:00,1.9021,1.9053,1.9015,1.905,1660282.0
2026-01-23 08:40:00+00:00,1.9051,1.9072,1.9046,1.906,1392695.6
2026-01-23 08:45:00+00:00,1.906,1.9092,1.9019,1.9042,2191245.2
2026-01-23 08:50:00+00:00,1.9042,1.9059,1.9038,1.9047,596495.0
2026-01-23 08:55:00+00:00,1.9046,1.9063,1.9046,1.9047,743760.0
2026-01-23 09:00:00+00:00,1.9046,1.9079,1.9038,1.9072,1073014.4
2026-01-23 09:05:00+00:00,1.9072,1.9095,1.9072,1.9088,521128.6
2026-01-23 09:10:00+00:00,1.9087,1.9111,1.908,1.9091,673658.5
2026-01-23 09:15:00+00:00,1.9091,1.9091,1.9051,1.9069,1304646.0
2026-01-23 09:20:00+00:00,1.9068,1.9088,1.9049,1.9069,1050813.1
2026-01-23 09:25:00+00:00,1.9069,1.9078,1.9044,1.905,653912.4
2026-01-23 09:30:00+00:00,1.905,1.9057,1.9018,1.9019,1051357.1
2026-01-23 09:35:00+00:00,1.9018,1.9072,1.9008,1.9066,1080047.9
2026-01-23 09:40:00+00:00,1.9066,1.9089,1.9065,1.9075,888682.8
2026-01-23 09:45:00+00:00,1.9074,1.9092,1.9049,1.9085,888738.7
2026-01-23 09:50:00+00:00,1.9084,1.9085,1.9069,1.9077,906429.6
2026-01-23 09:55:00+00:00,1.9076,1.9088,1.9061,1.9067,1498372.4
2026-01-23 10:00:00+00:00,1.9067,1.91,1.9066,1.9088,2107005.7
2026-01-23 10:05:00+00:00,1.9087,1.9109,1.9087,1.9097,462629.3
2026-01-23 10:10:00+00:00,1.9098,1.9115,1.9061,1.9102,690536.3
2026-01-23 10:15:00+00:00,1.9102,1.9116,1.9089,1.9103,765738.7
2026-01-23 10:20:00+00:00,1.9103,1.9119,1.9101,1.9117,538032.0
2026-01-23 10:25:00+00:00,1.9118,1.9118,1.908,1.9081,940282.6
2026-01-23 10:30:00+00:00,1.9081,1.9101,1.9064,1.908,1655090.7
2026-01-23 10:35:00+00:00,1.9081,1.9108,1.908,1.9096,505718.6
2026-01-23 10:40:00+00:00,1.9097,1.9113,1.9074,1.9112,699481.9
2026-01-23 10:45:00+00:00,1.9112,1.9119,1.9095,1.9098,1226547.2
2026-01-23 10:50:00+00:00,1.9098,1.9098,1.9074,1.9088,479186.2
2026-01-23 10:55:00+00:00,1.9088,1.9093,1.9068,1.9068,314374.1
2026-01-23 11:00:00+00:00,1.9069,1.9107,1.9057,1.9096,1246156.3
2026-01-23 11:05:00+00:00,1.9096,1.9113,1.9089,1.9093,791376.3
2026-01-23 11:10:00+00:00,1.9093,1.9116,1.9091,1.911,444769.1
2026-01-23 11:15:00+00:00,1.9111,1.9118,1.91,1.9101,337270.4
2026-01-23 11:20:00+00:00,1.9101,1.9111,1.9096,1.9098,386031.2
2026-01-23 11:25:00+00:00,1.9097,1.9113,1.9095,1.9105,347178.5
2026-01-23 11:30:00+00:00,1.9105,1.9134,1.91,1.9123,599713.5
2026-01-23 11:35:00+00:00,1.9123,1.9139,1.9121,1.9133,429694.6
2026-01-23 11:40:00+00:00,1.9133,1.9134,1.9125,1.9126,525398.1
2026-01-23 11:45:00+00:00,1.9125,1.9135,1.9114,1.9122,264842.8
2026-01-23 11:50:00+00:00,1.9123,1.9137,1.912,1.9125,395475.5
2026-01-23 11:55:00+00:00,1.9124,1.9133,1.9114,1.9128,490985.0
2026-01-23 12:00:00+00:00,1.9129,1.9133,1.9109,1.9116,557093.7
2026-01-23 12:05:00+00:00,1.9116,1.9119,1.9108,1.9118,337280.4
2026-01-23 12:10:00+00:00,1.9118,1.9118,1.91,1.91,661704.8
2026-01-23 12:15:00+00:00,1.91,1.9101,1.909,1.9095,355192.0
2026-01-23 12:20:00+00:00,1.9095,1.9114,1.9088,1.9113,778861.9
2026-01-23 12:25:00+00:00,1.9114,1.9117,1.91,1.91,335257.6
2026-01-23 12:30:00+00:00,1.91,1.9107,1.909,1.9098,299080.5
2026-01-23 12:35:00+00:00,1.9097,1.9103,1.9077,1.9093,783712.8
2026-01-23 12:40:00+00:00,1.9093,1.9101,1.9087,1.9099,364598.5
2026-01-23 12:45:00+00:00,1.9099,1.9104,1.909,1.9101,395222.5
2026-01-23 12:50:00+00:00,1.9101,1.912,1.9095,1.91,1004956.1
2026-01-23 12:55:00+00:00,1.9099,1.9103,1.909,1.909,225291.4
2026-01-23 13:00:00+00:00,1.909,1.9092,1.9078,1.9082,427293.9
2026-01-23 13:05:00+00:00,1.9083,1.9089,1.9078,1.9087,341548.2
2026-01-23 13:10:00+00:00,1.9087,1.9098,1.9087,1.9093,376995.5
2026-01-23 13:15:00+00:00,1.9093,1.9115,1.909,1.9099,861423.3
2026-01-23 13:20:00+00:00,1.9098,1.9109,1.908,1.9096,649184.3
2026-01-23 13:25:00+00:00,1.9096,1.9103,1.9085,1.9085,394985.2
2026-01-23 13:30:00+00:00,1.9085,1.9092,1.906,1.9063,1144595.5
2026-01-23 13:35:00+00:00,1.9062,1.9072,1.903,1.9039,1266062.1
2026-01-23 13:40:00+00:00,1.9038,1.9054,1.9037,1.9052,505581.6
2026-01-23 13:45:00+00:00,1.9052,1.908,1.9046,1.9067,725794.6
2026-01-23 13:50:00+00:00,1.9067,1.9067,1.9036,1.9041,702187.4
2026-01-23 13:55:00+00:00,1.904,1.9046,1.9034,1.9042,423281.1
2026-01-23 14:00:00+00:00,1.9043,1.9063,1.903,1.9054,1018399.2
2026-01-23 14:05:00+00:00,1.9055,1.9065,1.9032,1.9046,1241725.1
2026-01-23 14:10:00+00:00,1.9045,1.9052,1.9029,1.9032,2187182.9
2026-01-23 14:15:00+00:00,1.9032,1.9046,1.9002,1.9044,2521276.4
2026-01-23 14:20:00+00:00,1.9045,1.9065,1.9036,1.9044,1617548.8
2026-01-23 14:25:00+00:00,1.9045,1.9076,1.9045,1.9065,1896632.7
2026-01-23 14:30:00+00:00,1.9065,1.9079,1.8937,1.8966,7408789.0
2026-01-23 14:35:00+00:00,1.8966,1.8982,1.8875,1.8883,9713173.5
2026-01-23 14:40:00+00:00,1.8884,1.8974,1.8878,1.8941,4139004.6
2026-01-23 14:45:00+00:00,1.8941,1.8954,1.8862,1.8902,4893069.8
2026-01-23 14:50:00+00:00,1.8901,1.899,1.8896,1.8936,3293277.8
2026-01-23 14:55:00+00:00,1.8936,1.8974,1.892,1.8958,1460748.5
2026-01-23 15:00:00+00:00,1.8958,1.8988,1.895,1.8968,2669223.3
2026-01-23 15:05:00+00:00,1.8967,1.8986,1.894,1.8948,1652781.7
2026-01-23 15:10:00+00:00,1.8947,1.8996,1.891,1.8929,1624110.1
2026-01-23 15:15:00+00:00,1.8929,1.8947,1.8881,1.8921,1979341.2
2026-01-23 15:20:00+00:00,1.8922,1.9055,1.8914,1.901,3638563.1
2026-01-23 15:25:00+00:00,1.901,1.9037,1.8975,1.9001,1499102.8
2026-01-23 15:30:00+00:00,1.9001,1.9056,1.8989,1.9029,2567900.3
2026-01-23 15:35:00+00:00,1.9028,1.9109,1.9025,1.9096,2629040.4
2026-01-23 15:40:00+00:00,1.9096,1.9099,1.9062,1.9081,1490500.8
2026-01-23 15:45:00+00:00,1.9081,1.9222,1.9079,1.9212,5517695.9
2026-01-23 15:50:00+00:00,1.9211,1.9211,1.9137,1.9167,3756296.1
2026-01-23 15:55:00+00:00,1.9167,1.9215,1.9153,1.9206,1995562.6
2026-01-23 16:00:00+00:00,1.9207,1.9326,1.9191,1.9315,6641266.5
2026-01-23 16:05:00+00:00,1.9315,1.9324,1.923,1.9268,4268622.4
2026-01-23 16:10:00+00:00,1.9268,1.9285,1.9242,1.9277,2754394.9
2026-01-23 16:15:00+00:00,1.9276,1.93,1.9254,1.9284,1429666.6
2026-01-23 16:20:00+00:00,1.9283,1.9306,1.9268,1.9284,1507068.1
2026-01-23 16:25:00+00:00,1.9284,1.9293,1.9223,1.9252,2572683.4
2026-01-23 16:30:00+00:00,1.9252,1.9291,1.9224,1.9289,2535971.8
2026-01-23 16:35:00+00:00,1.9289,1.9454,1.9288,1.9423,7777301.1
2026-01-23 16:40:00+00:00,1.9422,1.9478,1.9416,1.944,3642491.1
2026-01-23 16:45:00+00:00,1.9439,1.9495,1.9415,1.949,2793562.9
2026-01-23 16:50:00+00:00,1.949,1.9499,1.9363,1.938,4453121.0
2026-01-23 16:55:00+00:00,1.938,1.9381,1.9349,1.9354,2066348.3
2026-01-23 17:00:00+00:00,1.9354,1.9358,1.9288,1.9322,5931299.4
2026-01-23 17:05:00+00:00,1.9321,1.9324,1.9263,1.9269,2617957.4
2026-01-23 17:10:00+00:00,1.9269,1.9312,1.9267,1.9298,1827217.0
2026-01-23 17:15:00+00:00,1.9298,1.9398,1.9298,1.9387,2717359.0
2026-01-23 17:20:00+00:00,1.9386,1.9418,1.9348,1.9411,2643484.2
2026-01-23 17:25:00+00:00,1.9411,1.9561,1.9397,1.9555,7536416.3
2026-01-23 17:30:00+00:00,1.9556,1.9598,1.9518,1.9536,5278363.9
2026-01-23 17:35:00+00:00,1.9536,1.9649,1.9526,1.9594,8447635.9
2026-01-23 17:40:00+00:00,1.9593,1.96,1.9552,1.9576,2886321.6
2026-01-23 17:45:00+00:00,1.9576,1.9618,1.9558,1.956,2754462.5
2026-01-23 17:50:00+00:00,1.956,1.956,1.9473,1.9477,3520446.8
2026-01-23 17:55:00+00:00,1.9476,1.9499,1.9455,1.9465,1781802.2
2026-01-23 18:00:00+00:00,1.9465,1.9514,1.9415,1.9501,4060976.4
2026-01-23 18:05:00+00:00,1.9501,1.9604,1.948,1.9579,6865232.6
2026-01-23 18:10:00+00:00,1.9579,1.9585,1.9501,1.9506,2851083.3
2026-01-23 18:15:00+00:00,1.9506,1.955,1.9485,1.9538,1983732.4
2026-01-23 18:20:00+00:00,1.9538,1.9549,1.9494,1.9511,1527170.1
2026-01-23 18:25:00+00:00,1.9511,1.9517,1.9477,1.9482,1658325.6
2026-01-23 18:30:00+00:00,1.9482,1.9544,1.9473,1.9497,1456846.2
2026-01-23 18:35:00+00:00,1.9497,1.9513,1.9478,1.9489,1179010.8
2026-01-23 18:40:00+00:00,1.9489,1.9492,1.9455,1.9465,1535799.2
2026-01-23 18:45:00+00:00,1.9464,1.9474,1.9443,1.9452,1340706.5
2026-01-23 18:50:00+00:00,1.9451,1.9464,1.9417,1.9432,1449410.9
2026-01-23 18:55:00+00:00,1.9432,1.9475,1.9425,1.9438,2306515.2
2026-01-23 19:00:00+00:00,1.9438,1.9438,1.9365,1.9386,2784608.0
2026-01-23 19:05:00+00:00,1.9387,1.9427,1.9357,1.9412,1640491.0
2026-01-23 19:10:00+00:00,1.9412,1.9414,1.9377,1.9377,1231613.9
2026-01-23 19:15:00+00:00,1.9378,1.9383,1.927,1.9305,5061084.9
2026-01-23 19:20:00+00:00,1.9305,1.9358,1.9291,1.934,3714374.4
2026-01-23 19:25:00+00:00,1.9339,1.9357,1.9305,1.9319,1586428.1
2026-01-23 19:30:00+00:00,1.932,1.9322,1.9236,1.9247,3549818.0
2026-01-23 19:35:00+00:00,1.9247,1.9311,1.9232,1.9277,2262025.8
2026-01-23 19:40:00+00:00,1.9276,1.9308,1.9267,1.9302,946269.4
2026-01-23 19:45:00+00:00,1.9303,1.932,1.9231,1.9236,1468448.1
2026-01-23 19:50:00+00:00,1.9236,1.926,1.9236,1.9247,1237670.2
2026-01-23 19:55:00+00:00,1.9247,1.9266,1.9199,1.9227,2789653.4
2026-01-23 20:00:00+00:00,1.9226,1.9231,1.9176,1.9222,3234678.9
2026-01-23 20:05:00+00:00,1.9223,1.9279,1.9199,1.9241,4086381.2
2026-01-23 20:10:00+00:00,1.9241,1.9261,1.9208,1.9241,1492515.4
2026-01-23 20:15:00+00:00,1.924,1.9255,1.9214,1.9238,1668896.6
2026-01-23 20:20:00+00:00,1.9238,1.9249,1.9209,1.9214,786617.6
2026-01-23 20:25:00+00:00,1.9215,1.9215,1.9186,1.9188,1043345.9
2026-01-23 20:30:00+00:00,1.9188,1.9188,1.9084,1.9103,7439160.4
2026-01-23 20:35:00+00:00,1.9102,1.912,1.9068,1.9103,2798114.5
2026-01-23 20:40:00+00:00,1.9104,1.9144,1.9103,1.9128,2219944.6
2026-01-23 20:45:00+00:00,1.9129,1.9134,1.9074,1.913,2347159.3
2026-01-23 20:50:00+00:00,1.9129,1.914,1.9099,1.9139,1830709.6
2026-01-23 20:55:00+00:00,1.914,1.9199,1.9122,1.9146,12173928.2
2026-01-23 21:00:00+00:00,1.9146,1.9198,1.9122,1.9181,3225562.6
2026-01-23 21:05:00+00:00,1.9182,1.9214,1.9177,1.9192,1588186.3
2026-01-23 21:10:00+00:00,1.9191,1.9222,1.9183,1.9214,948313.6
2026-01-23 21:15:00+00:00,1.9215,1.9235,1.9185,1.9233,1077678.8
2026-01-23 21:20:00+00:00,1.9232,1.9259,1.9228,1.9246,1342350.4
2026-01-23 21:25:00+00:00,1.9247,1.9248,1.9223,1.9223,911669.6
2026-01-23 21:30:00+00:00,1.9223,1.9234,1.9205,1.9217,806664.3
2026-01-23 21:35:00+00:00,1.9217,1.9221,1.9201,1.9214,693999.4
2026-01-23 21:40:00+00:00,1.9213,1.9216,1.9168,1.9185,890700.6
2026-01-23 21:45:00+00:00,1.9185,1.92,1.9162,1.92,897079.3
2026-01-23 21:50:00+00:00,1.92,1.921,1.9184,1.919,520391.2
2026-01-23 21:55:00+00:00,1.919,1.9199,1.9169,1.9171,1145435.7
2026-01-23 22:00:00+00:00,1.917,1.9233,1.9164,1.921,2104346.7
2026-01-23 22:05:00+00:00,1.9209,1.9224,1.9186,1.9223,1024970.5
2026-01-23 22:10:00+00:00,1.9223,1.9265,1.9222,1.9228,1504965.8
2026-01-23 22:15:00+00:00,1.9229,1.9246,1.9215,1.9239,915641.9
2026-01-23 22:20:00+00:00,1.9239,1.9261,1.9215,1.926,511317.2
2026-01-23 22:25:00+00:00,1.926,1.927,1.922,1.9239,3366572.2
2026-01-23 22:30:00+00:00,1.9239,1.9256,1.9231,1.9237,711418.8
2026-01-23 22:35:00+00:00,1.9237,1.9326,1.9223,1.9272,3365015.9
2026-01-23 22:40:00+00:00,1.9271,1.9278,1.9216,1.9219,961426.3
2026-01-23 22:45:00+00:00,1.9219,1.9234,1.9215,1.9227,291334.0
2026-01-23 22:50:00+00:00,1.9227,1.9231,1.9205,1.9229,418631.8
2026-01-23 22:55:00+00:00,1.9229,1.9259,1.9229,1.9248,331803.0
2026-01-23 23:00:00+00:00,1.9249,1.9249,1.9204,1.9222,1470529.8
2026-01-23 23:05:00+00:00,1.9222,1.9222,1.9191,1.9208,558718.1
2026-01-23 23:10:00+00:00,1.9207,1.9215,1.9198,1.9206,315528.7
2026-01-23 23:15:00+00:00,1.9207,1.9221,1.9179,1.9179,521156.8
2026-01-23 23:20:00+00:00,1.918,1.9209,1.9179,1.9201,311541.0
2026-01-23 23:25:00+00:00,1.9201,1.9222,1.9198,1.922,1084067.3
2026-01-23 23:30:00+00:00,1.9221,1.9221,1.9183,1.9211,1207694.4
2026-01-23 23:35:00+00:00,1.921,1.921,1.9191,1.9202,592891.7
2026-01-23 23:40:00+00:00,1.9202,1.9205,1.9194,1.92,249029.3
2026-01-23 23:45:00+00:00,1.92,1.922,1.9198,1.9216,384561.9
2026-01-23 23:50:00+00:00,1.9216,1.9216,1.9208,1.921,291519.5
2026-01-23 23:55:00+00:00,1.9209,1.9214,1.9186,1.9186,593006.2
2026-01-24 00:00:00+00:00,1.9187,1.9224,1.9186,1.9203,759427.5
2026-01-24 00:05:00+00:00,1.9203,1.9211,1.9187,1.9187,399236.3
2026-01-24 00:10:00+00:00,1.9187,1.9193,1.917,1.9173,484823.6
2026-01-24 00:15:00+00:00,1.9173,1.9193,1.9172,1.9181,446541.9
2026-01-24 00:20:00+00:00,1.9181,1.9209,1.9179,1.9197,645458.6
2026-01-24 00:25:00+00:00,1.9196,1.9203,1.9186,1.9191,356488.8
2026-01-24 00:30:00+00:00,1.9191,1.9203,1.9186,1.92,576417.9
2026-01-24 00:35:00+00:00,1.92,1.9221,1.9199,1.9206,1077313.3
2026-01-24 00:40:00+00:00,1.9206,1.922,1.9201,1.9208,567503.0
2026-01-24 00:45:00+00:00,1.9208,1.9209,1.9185,1.9203,684839.3
2026-01-24 00:50:00+00:00,1.9203,1.9204,1.9185,1.919,586648.5
2026-01-24 00:55:00+00:00,1.919,1.9196,1.9181,1.9183,278056.4
2026-01-24 01:00:00+00:00,1.9182,1.9191,1.9172,1.918,410069.8
2026-01-24 01:05:00+00:00,1.9181,1.9182,1.9169,1.917,514671.8
2026-01-24 01:10:00+00:00,1.9171,1.9176,1.9168,1.917,402185.0
2026-01-24 01:15:00+00:00,1.917,1.9196,1.9167,1.9194,577664.4
2026-01-24 01:20:00+00:00,1.9193,1.9209,1.9188,1.9195,446045.4
2026-01-24 01:25:00+00:00,1.9196,1.9205,1.9195,1.9204,290530.8
2026-01-24 01:30:00+00:00,1.9203,1.9204,1.9168,1.9172,412444.6
2026-01-24 01:35:00+00:00,1.9173,1.9176,1.9152,1.9164,669195.9
2026-01-24 01:40:00+00:00,1.9164,1.918,1.9161,1.917,589268.4
2026-01-24 01:45:00+00:00,1.917,1.9179,1.9163,1.9176,327552.8
2026-01-24 01:50:00+00:00,1.9177,1.9182,1.9169,1.9174,204687.9
2026-01-24 01:55:00+00:00,1.9174,1.9196,1.9173,1.9196,239812.1
2026-01-24 02:00:00+00:00,1.9195,1.9207,1.9191,1.9193,524405.7
2026-01-24 02:05:00+00:00,1.9193,1.9215,1.9192,1.9215,340331.2
2026-01-24 02:10:00+00:00,1.9216,1.9219,1.9204,1.9218,371591.9
2026-01-24 02:15:00+00:00,1.9219,1.925,1.9215,1.9242,984254.1
2026-01-24 02:20:00+00:00,1.9242,1.9243,1.9225,1.923,394582.6
2026-01-24 02:25:00+00:00,1.923,1.923,1.9224,1.9225,192382.4
2026-01-24 02:30:00+00:00,1.9225,1.9243,1.9222,1.9237,520881.7
2026-01-24 02:35:00+00:00,1.9236,1.9259,1.9231,1.9258,977274.3
2026-01-24 02:40:00+00:00,1.9258,1.9258,1.9241,1.9242,366217.0
2026-01-24 02:45:00+00:00,1.9243,1.9247,1.9226,1.9229,368919.9
2026-01-24 02:50:00+00:00,1.9229,1.9229,1.9222,1.9223,284094.3
2026-01-24 02:55:00+00:00,1.9223,1.9232,1.9222,1.9229,330327.4
2026-01-24 03:00:00+00:00,1.9229,1.9245,1.9205,1.9243,638924.3
2026-01-24 03:05:00+00:00,1.9243,1.9254,1.9232,1.9247,491963.8
2026-01-24 03:10:00+00:00,1.9246,1.9257,1.9239,1.9245,374038.8
2026-01-24 03:15:00+00:00,1.9245,1.9246,1.9224,1.9227,546192.5
2026-01-24 03:20:00+00:00,1.9227,1.9235,1.9215,1.9235,495597.9
2026-01-24 03:25:00+00:00,1.9234,1.9251,1.9226,1.925,596838.7
2026-01-24 03:30:00+00:00,1.925,1.9251,1.9236,1.9242,278021.2
2026-01-24 03:35:00+00:00,1.9241,1.926,1.923,1.9255,457657.8
2026-01-24 03:40:00+00:00,1.9255,1.9263,1.9246,1.9251,316985.3
2026-01-24 03:45:00+00:00,1.9252,1.9252,1.922,1.9222,520767.7
2026-01-24 03:50:00+00:00,1.9222,1.9232,1.922,1.9227,664769.5
2026-01-24 03:55:00+00:00,1.9227,1.923,1.9222,1.9224,225011.4
2026-01-24 04:00:00+00:00,1.9223,1.9244,1.9219,1.9244,391840.4
2026-01-24 04:05:00+00:00,1.9243,1.9263,1.9243,1.9263,267578.6
2026-01-24 04:10:00+00:00,1.9263,1.9265,1.9254,1.9257,300402.8
2026-01-24 04:15:00+00:00,1.9258,1.9268,1.9251,1.9252,517405.5
2026-01-24 04:20:00+00:00,1.9252,1.926,1.9241,1.9256,241957.2
2026-01-24 04:25:00+00:00,1.9256,1.9257,1.923,1.9231,549953.3
2026-01-24 04:30:00+00:00,1.9231,1.925,1.9229,1.925,205991.2
2026-01-24 04:35:00+00:00,1.9249,1.9249,1.9236,1.9245,165376.7
2026-01-24 04:40:00+00:00,1.9245,1.925,1.9242,1.9243,189480.4
2026-01-24 04:45:00+00:00,1.9243,1.9244,1.9236,1.9236,240587.1
2026-01-24 04:50:00+00:00,1.9237,1.9245,1.9229,1.9241,368970.4
2026-01-24 04:55:00+00:00,1.924,1.9245,1.9236,1.9244,151794.7
2026-01-24 05:00:00+00:00,1.9243,1.9248,1.9226,1.9226,353089.4
2026-01-24 05:05:00+00:00,1.9226,1.9227,1.9217,1.9221,287017.3
2026-01-24 05:10:00+00:00,1.9222,1.923,1.9215,1.9219,391205.6
2026-01-24 05:15:00+00:00,1.9218,1.9221,1.9207,1.9214,375252.7
2026-01-24 05:20:00+00:00,1.9214,1.9223,1.9213,1.9222,159048.3
2026-01-24 05:25:00+00:00,1.9222,1.9226,1.9217,1.9221,178387.2
2026-01-24 05:30:00+00:00,1.9222,1.9222,1.9209,1.9221,342675.1
2026-01-24 05:35:00+00:00,1.9221,1.9227,1.9218,1.9218,193637.6
2026-01-24 05:40:00+00:00,1.9218,1.9224,1.92,1.9222,754686.6
2026-01-24 05:45:00+00:00,1.9222,1.9223,1.9186,1.9201,2587613.1
2026-01-24 05:50:00+00:00,1.92,1.921,1.9192,1.9203,981529.8
2026-01-24 05:55:00+00:00,1.9203,1.921,1.9195,1.9209,422015.1
2026-01-24 06:00:00+00:00,1.921,1.9211,1.9198,1.9202,206578.2
2026-01-24 06:05:00+00:00,1.9201,1.9203,1.9192,1.9198,210454.1
2026-01-24 06:10:00+00:00,1.9198,1.9211,1.9191,1.9211,503819.0
2026-01-24 06:15:00+00:00,1.921,1.9211,1.9189,1.9189,373296.2
2026-01-24 06:20:00+00:00,1.919,1.9195,1.9185,1.9187,239086.2
2026-01-24 06:25:00+00:00,1.9187,1.9187,1.9174,1.9177,829332.1
2026-01-24 06:30:00+00:00,1.9177,1.9186,1.9177,1.9184,378657.6
2026-01-24 06:35:00+00:00,1.9184,1.9192,1.9178,1.919,543086.7
2026-01-24 06:40:00+00:00,1.919,1.9199,1.9186,1.9193,316673.7
2026-01-24 06:45:00+00:00,1.9192,1.9194,1.9179,1.9182,419853.5
2026-01-24 06:50:00+00:00,1.9182,1.919,1.9176,1.9179,280540.0
2026-01-24 06:55:00+00:00,1.9178,1.9179,1.9166,1.9176,578868.1
2026-01-24 07:00:00+00:00,1.9176,1.9178,1.917,1.9177,312432.0
2026-01-24 07:05:00+00:00,1.9178,1.9183,1.9167,1.9182,428684.0
2026-01-24 07:10:00+00:00,1.9183,1.9188,1.9177,1.9184,445812.3
2026-01-24 07:15:00+00:00,1.9184,1.9185,1.917,1.9172,396998.4
2026-01-24 07:20:00+00:00,1.9173,1.9173,1.9157,1.9167,565747.1
2026-01-24 07:25:00+00:00,1.9167,1.917,1.916,1.9163,191863.6
2026-01-24 07:30:00+00:00,1.9164,1.9169,1.9158,1.9168,228881.9
2026-01-24 07:35:00+00:00,1.9169,1.9172,1.9164,1.9171,264720.9
2026-01-24 07:40:00+00:00,1.9171,1.9176,1.9165,1.9175,224044.2
2026-01-24 07:45:00+00:00,1.9176,1.9189,1.9175,1.9185,431817.0
2026-01-24 07:50:00+00:00,1.9185,1.9185,1.9178,1.9185,238650.2
2026-01-24 07:55:00+00:00,1.9186,1.9186,1.9173,1.9179,471082.5
2026-01-24 08:00:00+00:00,1.9179,1.9186,1.917,1.9182,675378.8
2026-01-24 08:05:00+00:00,1.9182,1.9186,1.9175,1.9179,689911.9
2026-01-24 08:10:00+00:00,1.9178,1.919,1.9178,1.9187,345391.6
2026-01-24 08:15:00+00:00,1.9187,1.919,1.9183,1.9189,237011.3
2026-01-24 08:20:00+00:00,1.9189,1.9195,1.9186,1.9192,272421.7
2026-01-24 08:25:00+00:00,1.9193,1.9196,1.9191,1.9193,400939.0
2026-01-24 08:30:00+00:00,1.9193,1.9201,1.9185,1.9193,853052.1
2026-01-24 08:35:00+00:00,1.9193,1.9197,1.9189,1.9195,293787.3
2026-01-24 08:40:00+00:00,1.9195,1.9206,1.9194,1.9202,644461.1
2026-01-24 08:45:00+00:00,1.9202,1.9202,1.9189,1.9191,460835.4
2026-01-24 08:50:00+00:00,1.9191,1.9197,1.9188,1.9188,258678.1
2026-01-24 08:55:00+00:00,1.9188,1.9195,1.9179,1.9186,1078876.4
2026-01-24 09:00:00+00:00,1.9185,1.9185,1.9169,1.9172,352404.7
2026-01-24 09:05:00+00:00,1.9173,1.9173,1.916,1.9163,458573.3
2026-01-24 09:10:00+00:00,1.9163,1.9188,1.9162,1.9177,542916.3
2026-01-24 09:15:00+00:00,1.9178,1.9178,1.9168,1.9172,202353.0
2026-01-24 09:20:00+00:00,1.9172,1.9176,1.9164,1.9165,283382.4
2026-01-24 09:25:00+00:00,1.9165,1.9169,1.9159,1.916,619021.0
2026-01-24 09:30:00+00:00,1.9161,1.9164,1.9155,1.9163,335413.2
2026-01-24 09:35:00+00:00,1.9163,1.9166,1.916,1.9163,261546.3
2026-01-24 09:40:00+00:00,1.9163,1.9168,1.9159,1.9166,707524.3
2026-01-24 09:45:00+00:00,1.9167,1.9167,1.9134,1.9157,983252.9
2026-01-24 09:50:00+00:00,1.9156,1.9164,1.9152,1.9158,412889.6
2026-01-24 09:55:00+00:00,1.9158,1.9175,1.9157,1.9175,954592.7
2026-01-24 10:00:00+00:00,1.9175,1.9175,1.9155,1.9169,1136007.9
2026-01-24 10:05:00+00:00,1.9169,1.9169,1.9151,1.916,356587.5
2026-01-24 10:10:00+00:00,1.9161,1.9161,1.9143,1.9147,467669.9
2026-01-24 10:15:00+00:00,1.9147,1.9151,1.9146,1.9149,162438.9
2026-01-24 10:20:00+00:00,1.9148,1.9157,1.9143,1.9154,423478.4
2026-01-24 10:25:00+00:00,1.9154,1.9158,1.9151,1.9152,360164.6
2026-01-24 10:30:00+00:00,1.9152,1.9157,1.9148,1.9153,272294.6
2026-01-24 10:35:00+00:00,1.9153,1.9166,1.9152,1.9159,252791.4
2026-01-24 10:40:00+00:00,1.9159,1.9164,1.9148,1.9162,301447.6
2026-01-24 10:45:00+00:00,1.9163,1.9165,1.916,1.9163,145790.9
2026-01-24 10:50:00+00:00,1.9163,1.917,1.9162,1.9167,244397.5
2026-01-24 10:55:00+00:00,1.9167,1.9168,1.9164,1.9165,153911.5
2026-01-24 11:00:00+00:00,1.9165,1.9172,1.9163,1.9171,246033.2
2026-01-24 11:05:00+00:00,1.9172,1.918,1.9169,1.918,295341.8
2026-01-24 11:10:00+00:00,1.918,1.9189,1.9179,1.9185,478006.2
2026-01-24 11:15:00+00:00,1.9184,1.919,1.9184,1.9189,331838.6
2026-01-24 11:20:00+00:00,1.9189,1.9191,1.9181,1.9185,347822.4
2026-01-24 11:25:00+00:00,1.9186,1.9192,1.9184,1.9184,295582.9
2026-01-24 11:30:00+00:00,1.9185,1.9185,1.9176,1.9176,482604.1
2026-01-24 11:35:00+00:00,1.9177,1.9182,1.9173,1.9176,405252.5
2026-01-24 11:40:00+00:00,1.9176,1.9189,1.9175,1.9185,245639.2
2026-01-24 11:45:00+00:00,1.9184,1.9185,1.9181,1.9182,150639.0
2026-01-24 11:50:00+00:00,1.9182,1.9182,1.9162,1.9162,344273.2
2026-01-24 11:55:00+00:00,1.9162,1.9163,1.916,1.916,172213.0
2026-01-24 12:00:00+00:00,1.916,1.916,1.9151,1.9157,426102.4
2026-01-24 12:05:00+00:00,1.9157,1.9163,1.9151,1.9163,273821.5
2026-01-24 12:10:00+00:00,1.9163,1.9163,1.9147,1.915,566634.3
2026-01-24 12:15:00+00:00,1.9151,1.9177,1.9144,1.9177,591930.1
2026-01-24 12:20:00+00:00,1.9176,1.9202,1.9176,1.9191,746872.8
2026-01-24 12:25:00+00:00,1.9191,1.9192,1.9187,1.9189,326736.3
2026-01-24 12:30:00+00:00,1.919,1.9216,1.9188,1.9199,1178900.0
2026-01-24 12:35:00+00:00,1.92,1.92,1.9187,1.9199,429461.5
2026-01-24 12:40:00+00:00,1.9198,1.92,1.9188,1.9196,380476.9
2026-01-24 12:45:00+00:00,1.9197,1.9199,1.9181,1.9185,347444.5
2026-01-24 12:50:00+00:00,1.9185,1.9189,1.9181,1.9184,230157.9
2026-01-24 12:55:00+00:00,1.9183,1.9188,1.9182,1.9186,142932.9
2026-01-24 13:00:00+00:00,1.9186,1.9187,1.9176,1.9183,305142.6
2026-01-24 13:05:00+00:00,1.9183,1.9189,1.918,1.9182,375799.8
2026-01-24 13:10:00+00:00,1.9183,1.9196,1.9182,1.9192,229729.0
2026-01-24 13:15:00+00:00,1.9191,1.9193,1.9181,1.9182,294774.1
2026-01-24 13:20:00+00:00,1.9182,1.9196,1.918,1.9191,568412.0
2026-01-24 13:25:00+00:00,1.9191,1.9196,1.9186,1.9187,746094.3
2026-01-24 13:30:00+00:00,1.9187,1.9198,1.918,1.9181,823554.6
2026-01-24 13:35:00+00:00,1.918,1.919,1.918,1.9184,259400.5
2026-01-24 13:40:00+00:00,1.9183,1.9194,1.9183,1.9193,253200.7
2026-01-24 13:45:00+00:00,1.9193,1.9229,1.9193,1.9224,776761.2
2026-01-24 13:50:00+00:00,1.9224,1.9235,1.9215,1.9224,857285.1
2026-01-24 13:55:00+00:00,1.9224,1.9229,1.9177,1.9178,1199351.7
2026-01-24 14:00:00+00:00,1.9178,1.9193,1.9158,1.918,2352610.7
2026-01-24 14:05:00+00:00,1.918,1.9196,1.917,1.9189,696874.9
2026-01-24 14:10:00+00:00,1.9189,1.9199,1.9172,1.9186,524060.1
2026-01-24 14:15:00+00:00,1.9186,1.9192,1.9177,1.9192,535765.1
2026-01-24 14:20:00+00:00,1.9191,1.9193,1.9176,1.9176,385306.1
2026-01-24 14:25:00+00:00,1.9176,1.92,1.9173,1.9183,2280459.6
2026-01-24 14:30:00+00:00,1.9182,1.9214,1.9174,1.9196,2220235.7
2026-01-24 14:35:00+00:00,1.9195,1.9196,1.9176,1.9178,366775.1
2026-01-24 14:40:00+00:00,1.9178,1.9192,1.9177,1.9188,384502.7
2026-01-24 14:45:00+00:00,1.9189,1.9205,1.9189,1.9205,490903.7
2026-01-24 14:50:00+00:00,1.9205,1.9205,1.9184,1.9187,426176.7
2026-01-24 14:55:00+00:00,1.9188,1.9188,1.9164,1.9184,1040812.1
2026-01-24 15:00:00+00:00,1.9185,1.92,1.9182,1.9196,964211.6
2026-01-24 15:05:00+00:00,1.9197,1.9206,1.9189,1.9195,468567.1
2026-01-24 15:10:00+00:00,1.9194,1.9201,1.9188,1.9198,197140.3
2026-01-24 15:15:00+00:00,1.9199,1.9199,1.9181,1.9183,196205.4
2026-01-24 15:20:00+00:00,1.9184,1.9191,1.9169,1.9171,955116.2
2026-01-24 15:25:00+00:00,1.9171,1.9171,1.916,1.9166,759961.2
2026-01-24 15:30:00+00:00,1.9166,1.9176,1.916,1.9171,615691.5
2026-01-24 15:35:00+00:00,1.9171,1.9175,1.9147,1.9155,568648.2
2026-01-24 15:40:00+00:00,1.9155,1.9158,1.9142,1.9143,626590.5
2026-01-24 15:45:00+00:00,1.9143,1.9151,1.9142,1.9144,332236.6
2026-01-24 15:50:00+00:00,1.9144,1.9145,1.9117,1.9117,1499437.6
2026-01-24 15:55:00+00:00,1.9117,1.9126,1.9114,1.9118,1037065.5
2026-01-24 16:00:00+00:00,1.9119,1.9128,1.9112,1.9118,902972.0
2026-01-24 16:05:00+00:00,1.9118,1.9144,1.9111,1.9136,795871.4
2026-01-24 16:10:00+00:00,1.9136,1.9142,1.9114,1.9131,3301274.0
2026-01-24 16:15:00+00:00,1.9131,1.9137,1.909,1.9114,1993653.3
2026-01-24 16:20:00+00:00,1.9114,1.9123,1.9112,1.9119,588212.8
2026-01-24 16:25:00+00:00,1.9119,1.914,1.9116,1.9137,429870.8
2026-01-24 16:30:00+00:00,1.9137,1.914,1.9127,1.9128,416268.0
2026-01-24 16:35:00+00:00,1.9127,1.9131,1.9122,1.9123,363889.7
2026-01-24 16:40:00+00:00,1.9122,1.9142,1.9121,1.9132,745766.8
2026-01-24 16:45:00+00:00,1.9132,1.9152,1.9121,1.9152,590361.5
2026-01-24 16:50:00+00:00,1.9152,1.916,1.9151,1.9157,474413.2
2026-01-24 16:55:00+00:00,1.9156,1.9156,1.913,1.9138,1320184.6
2026-01-24 17:00:00+00:00,1.9137,1.9146,1.9131,1.9133,767063.1
2026-01-24 17:05:00+00:00,1.9134,1.9138,1.9121,1.9121,341794.3
2026-01-24 17:10:00+00:00,1.9122,1.9142,1.912,1.9139,524161.7
2026-01-24 17:15:00+00:00,1.914,1.9143,1.9133,1.9138,300611.7
2026-01-24 17:20:00+00:00,1.9139,1.9152,1.9136,1.9151,313411.3
2026-01-24 17:25:00+00:00,1.9152,1.916,1.9147,1.9158,435252.7
2026-01-24 17:30:00+00:00,1.9158,1.9161,1.9151,1.9158,237429.0
2026-01-24 17:35:00+00:00,1.9158,1.9167,1.9151,1.9166,187617.8
2026-01-24 17:40:00+00:00,1.9167,1.918,1.9161,1.9161,663525.9
2026-01-24 17:45:00+00:00,1.9162,1.9164,1.9157,1.9163,321170.0
2026-01-24 17:50:00+00:00,1.9164,1.9171,1.9158,1.9159,157696.8
2026-01-24 17:55:00+00:00,1.9159,1.9164,1.9156,1.916,157033.4
2026-01-24 18:00:00+00:00,1.9161,1.9164,1.9155,1.916,215789.6
2026-01-24 18:05:00+00:00,1.9161,1.9169,1.9157,1.9158,264672.6
2026-01-24 18:10:00+00:00,1.9157,1.9167,1.9154,1.9163,808272.2
2026-01-24 18:15:00+00:00,1.9163,1.9184,1.9162,1.9174,1371095.9
2026-01-24 18:20:00+00:00,1.9173,1.9174,1.9166,1.9167,166907.2
2026-01-24 18:25:00+00:00,1.9166,1.9175,1.9162,1.9175,214065.5
2026-01-24 18:30:00+00:00,1.9175,1.9176,1.916,1.9171,764206.1
2026-01-24 18:35:00+00:00,1.9171,1.918,1.9167,1.918,228744.5
2026-01-24 18:40:00+00:00,1.918,1.9193,1.9167,1.918,2161208.0
2026-01-24 18:45:00+00:00,1.9181,1.9182,1.9172,1.9176,793506.8
2026-01-24 18:50:00+00:00,1.9176,1.919,1.9174,1.9185,283085.8
2026-01-24 18:55:00+00:00,1.9185,1.92,1.9185,1.9199,812014.5
2026-01-24 19:00:00+00:00,1.9199,1.92,1.9182,1.9182,735101.4
2026-01-24 19:05:00+00:00,1.9182,1.9183,1.9171,1.9172,274624.8
2026-01-24 19:10:00+00:00,1.9172,1.9172,1.9146,1.9148,1274796.2
2026-01-24 19:15:00+00:00,1.9147,1.9148,1.9141,1.9146,264874.2
2026-01-24 19:20:00+00:00,1.9145,1.9146,1.9136,1.9145,304522.7
2026-01-24 19:25:00+00:00,1.9146,1.9157,1.9142,1.9156,459448.7
2026-01-24 19:30:00+00:00,1.9157,1.916,1.915,1.9157,518772.7
2026-01-24 19:35:00+00:00,1.9157,1.916,1.9156,1.9159,174463.7
2026-01-24 19:40:00+00:00,1.9159,1.9166,1.9158,1.9162,515086.8
2026-01-24 19:45:00+00:00,1.9163,1.9164,1.9149,1.9157,538339.4
2026-01-24 19:50:00+00:00,1.9158,1.9158,1.9153,1.9153,175634.7
2026-01-24 19:55:00+00:00,1.9154,1.9159,1.9151,1.9156,172871.6
2026-01-24 20:00:00+00:00,1.9156,1.9165,1.9156,1.9165,228682.1
2026-01-24 20:05:00+00:00,1.9165,1.9169,1.9159,1.916,369250.4
2026-01-24 20:10:00+00:00,1.916,1.9164,1.9156,1.9163,222826.5
2026-01-24 20:15:00+00:00,1.9163,1.9173,1.9163,1.9164,197105.9
2026-01-24 20:20:00+00:00,1.9164,1.9178,1.9163,1.9178,286196.7
2026-01-24 20:25:00+00:00,1.9178,1.9179,1.9176,1.9176,92429.2
2026-01-24 20:30:00+00:00,1.9177,1.9177,1.9166,1.9171,286948.3
2026-01-24 20:35:00+00:00,1.917,1.9171,1.9164,1.9166,85059.3
2026-01-24 20:40:00+00:00,1.9167,1.9169,1.916,1.9166,179835.9
2026-01-24 20:45:00+00:00,1.9166,1.9172,1.9163,1.917,138414.1
2026-01-24 20:50:00+00:00,1.9171,1.9174,1.9167,1.9168,110144.6
2026-01-24 20:55:00+00:00,1.9168,1.9175,1.9166,1.9166,170778.4
2026-01-24 21:00:00+00:00,1.9167,1.9167,1.9156,1.9156,162946.2
2026-01-24 21:05:00+00:00,1.9156,1.9157,1.9139,1.9143,434203.5
2026-01-24 21:10:00+00:00,1.9143,1.9146,1.9133,1.9146,565036.1
2026-01-24 21:15:00+00:00,1.9146,1.9151,1.914,1.915,388889.7
2026-01-24 21:20:00+00:00,1.9151,1.9159,1.9149,1.9158,174377.7
2026-01-24 21:25:00+00:00,1.9158,1.9159,1.9154,1.9155,176179.0
2026-01-24 21:30:00+00:00,1.9156,1.9158,1.9147,1.9147,238710.8
2026-01-24 21:35:00+00:00,1.9148,1.915,1.9145,1.9146,179085.7
2026-01-24 21:40:00+00:00,1.9146,1.917,1.9146,1.9162,456148.5
2026-01-24 21:45:00+00:00,1.9161,1.9168,1.9159,1.9167,271016.6
2026-01-24 21:50:00+00:00,1.9168,1.9168,1.9162,1.9163,76693.6
2026-01-24 21:55:00+00:00,1.9163,1.9168,1.916,1.9167,170813.2
2026-01-24 22:00:00+00:00,1.9168,1.9186,1.9168,1.9174,314555.0
2026-01-24 22:05:00+00:00,1.9175,1.918,1.9171,1.9179,180883.3
2026-01-24 22:10:00+00:00,1.9179,1.9222,1.9177,1.9207,1014940.5
2026-01-24 22:15:00+00:00,1.9208,1.9217,1.9207,1.9214,376350.5
2026-01-24 22:20:00+00:00,1.9214,1.9224,1.9208,1.921,589203.5
2026-01-24 22:25:00+00:00,1.921,1.9214,1.9199,1.9199,359090.3
2026-01-24 22:30:00+00:00,1.92,1.92,1.9193,1.9193,197541.8
2026-01-24 22:35:00+00:00,1.9194,1.9198,1.9193,1.9196,219241.0
2026-01-24 22:40:00+00:00,1.9195,1.9195,1.9169,1.9173,447564.2
2026-01-24 22:45:00+00:00,1.9173,1.9193,1.9172,1.9193,315624.3
2026-01-24 22:50:00+00:00,1.9193,1.92,1.9189,1.9193,154716.6
2026-01-24 22:55:00+00:00,1.9193,1.9212,1.9192,1.921,167283.8
2026-01-24 23:00:00+00:00,1.921,1.9215,1.9165,1.9178,1200554.0
2026-01-24 23:05:00+00:00,1.9179,1.9192,1.9173,1.9179,465323.5
2026-01-24 23:10:00+00:00,1.9178,1.9185,1.9177,1.9184,182446.7
2026-01-24 23:15:00+00:00,1.9184,1.9187,1.9154,1.9177,527142.6
2026-01-24 23:20:00+00:00,1.9177,1.9178,1.9171,1.9173,163272.0
2026-01-24 23:25:00+00:00,1.9172,1.9173,1.9156,1.9156,550195.5
2026-01-24 23:30:00+00:00,1.9157,1.9169,1.9146,1.9161,609685.8
2026-01-24 23:35:00+00:00,1.9161,1.9166,1.9153,1.9157,244679.9
2026-01-24 23:40:00+00:00,1.9158,1.9159,1.914,1.9146,903756.3
2026-01-24 23:45:00+00:00,1.9146,1.9162,1.9142,1.9162,280063.4
2026-01-24 23:50:00+00:00,1.9161,1.9162,1.9152,1.9153,476780.1
2026-01-24 23:55:00+00:00,1.9153,1.9154,1.9133,1.9135,482666.4
2026-01-25 00:00:00+00:00,1.9136,1.9156,1.9128,1.9149,1351958.3
2026-01-25 00:05:00+00:00,1.9149,1.9161,1.9146,1.9147,463423.3
2026-01-25 00:10:00+00:00,1.9147,1.9148,1.9135,1.9135,468209.9
2026-01-25 00:15:00+00:00,1.9135,1.9138,1.9126,1.9133,739927.4
2026-01-25 00:20:00+00:00,1.9134,1.9157,1.9126,1.9131,726158.0
2026-01-25 00:25:00+00:00,1.9131,1.9131,1.9112,1.9122,650625.6
2026-01-25 00:30:00+00:00,1.9121,1.9127,1.9115,1.912,480739.1
2026-01-25 00:35:00+00:00,1.912,1.9124,1.9106,1.912,906781.4
2026-01-25 00:40:00+00:00,1.912,1.913,1.911,1.9116,743311.8
2026-01-25 00:45:00+00:00,1.9115,1.912,1.9101,1.9111,401148.3
2026-01-25 00:50:00+00:00,1.9111,1.9127,1.911,1.9121,283284.5
2026-01-25 00:55:00+00:00,1.9121,1.9138,1.912,1.9138,482721.4
2026-01-25 01:00:00+00:00,1.9138,1.914,1.9122,1.9131,430980.4
2026-01-25 01:05:00+00:00,1.9131,1.9132,1.9114,1.9114,646861.7
2026-01-25 01:10:00+00:00,1.9115,1.9115,1.9088,1.9093,2108148.6
2026-01-25 01:15:00+00:00,1.9094,1.9097,1.9065,1.9082,1671535.5
2026-01-25 01:20:00+00:00,1.9083,1.9087,1.9079,1.908,650770.5
2026-01-25 01:25:00+00:00,1.908,1.9094,1.9072,1.9072,950773.6
2026-01-25 01:30:00+00:00,1.9072,1.9072,1.9044,1.9056,2252371.2
2026-01-25 01:35:00+00:00,1.9056,1.9061,1.9036,1.9039,1459476.3
2026-01-25 01:40:00+00:00,1.9039,1.9051,1.9039,1.9041,693025.0
2026-01-25 01:45:00+00:00,1.9042,1.9051,1.9036,1.9037,702537.0
2026-01-25 01:50:00+00:00,1.9036,1.9037,1.9029,1.903,522486.3
2026-01-25 01:55:00+00:00,1.9029,1.905,1.9027,1.905,877645.5
2026-01-25 02:00:00+00:00,1.9049,1.9073,1.9044,1.9071,904490.1
2026-01-25 02:05:00+00:00,1.9071,1.9092,1.9071,1.9071,802456.5
2026-01-25 02:10:00+00:00,1.9071,1.9072,1.9045,1.9061,894476.8
2026-01-25 02:15:00+00:00,1.9061,1.907,1.905,1.9069,348898.3
2026-01-25 02:20:00+00:00,1.907,1.9071,1.905,1.9066,305109.6
2026-01-25 02:25:00+00:00,1.9066,1.9067,1.9048,1.9048,451857.2
2026-01-25 02:30:00+00:00,1.9049,1.9072,1.9048,1.9062,372861.1
2026-01-25 02:35:00+00:00,1.9062,1.907,1.9058,1.9062,199317.1
2026-01-25 02:40:00+00:00,1.9063,1.9066,1.9054,1.9054,259444.3
2026-01-25 02:45:00+00:00,1.9054,1.9065,1.9054,1.9062,202965.8
2026-01-25 02:50:00+00:00,1.9061,1.9069,1.9061,1.9064,187301.6
2026-01-25 02:55:00+00:00,1.9064,1.9067,1.9061,1.9062,228098.3
2026-01-25 03:00:00+00:00,1.9063,1.907,1.9062,1.9069,293260.2
2026-01-25 03:05:00+00:00,1.9069,1.9069,1.9054,1.9055,531673.4
2026-01-25 03:10:00+00:00,1.9056,1.9063,1.905,1.905,235012.2
2026-01-25 03:15:00+00:00,1.905,1.9052,1.9023,1.9036,1673907.8
2026-01-25 03:20:00+00:00,1.9035,1.9035,1.9013,1.9025,1088526.6
2026-01-25 03:25:00+00:00,1.9025,1.9028,1.9015,1.9021,529178.7
2026-01-25 03:30:00+00:00,1.9021,1.9022,1.8978,1.8995,3347994.2
2026-01-25 03:35:00+00:00,1.8996,1.9002,1.8985,1.8998,1034100.3
2026-01-25 03:40:00+00:00,1.8999,1.9004,1.8987,1.899,588959.4
2026-01-25 03:45:00+00:00,1.8989,1.899,1.8973,1.898,1258535.7
2026-01-25 03:50:00+00:00,1.898,1.8983,1.8972,1.898,502609.7
2026-01-25 03:55:00+00:00,1.898,1.9002,1.8979,1.8996,624491.7
2026-01-25 04:00:00+00:00,1.8996,1.9016,1.8988,1.9006,530497.3
2026-01-25 04:05:00+00:00,1.9006,1.9015,1.9,1.9004,376432.6
2026-01-25 04:10:00+00:00,1.9003,1.9007,1.8994,1.8996,711910.4
2026-01-25 04:15:00+00:00,1.8996,1.9,1.898,1.8981,386712.6
2026-01-25 04:20:00+00:00,1.8981,1.9,1.898,1.8997,419210.5
2026-01-25 04:25:00+00:00,1.8998,1.9011,1.8992,1.901,666297.7
2026-01-25 04:30:00+00:00,1.9011,1.903,1.9009,1.9013,968130.7
2026-01-25 04:35:00+00:00,1.9013,1.9027,1.9013,1.9021,350077.6
2026-01-25 04:40:00+00:00,1.9021,1.9022,1.9014,1.9019,198282.7
2026-01-25 04:45:00+00:00,1.9019,1.9021,1.9014,1.9021,174383.6
2026-01-25 04:50:00+00:00,1.9021,1.9024,1.9014,1.9014,249146.2
2026-01-25 04:55:00+00:00,1.9014,1.9014,1.9002,1.9003,212538.5
2026-01-25 05:00:00+00:00,1.9003,1.9008,1.8996,1.9007,375070.4
2026-01-25 05:05:00+00:00,1.9008,1.9008,1.8995,1.9001,319097.1
2026-01-25 05:10:00+00:00,1.9002,1.9011,1.9001,1.901,266347.1
2026-01-25 05:15:00+00:00,1.901,1.9011,1.8996,1.8999,485986.7
2026-01-25 05:20:00+00:00,1.8998,1.8998,1.899,1.899,247522.7
2026-01-25 05:25:00+00:00,1.899,1.8993,1.8984,1.8989,1085970.9
2026-01-25 05:30:00+00:00,1.899,1.899,1.8964,1.8964,1392945.7
2026-01-25 05:35:00+00:00,1.8965,1.8983,1.8965,1.8971,803438.7
2026-01-25 05:40:00+00:00,1.8971,1.8978,1.8968,1.8972,300426.2
2026-01-25 05:45:00+00:00,1.8972,1.8988,1.8972,1.8988,281916.8
2026-01-25 05:50:00+00:00,1.8988,1.8998,1.8982,1.8997,880134.0
2026-01-25 05:55:00+00:00,1.8996,1.9012,1.8996,1.9011,386816.0
2026-01-25 06:00:00+00:00,1.9011,1.9011,1.8999,1.9003,672193.6
2026-01-25 06:05:00+00:00,1.9002,1.9002,1.8976,1.8982,703124.4
2026-01-25 06:10:00+00:00,1.8982,1.8986,1.8965,1.8966,1088542.1
2026-01-25 06:15:00+00:00,1.8965,1.8988,1.894,1.8959,2567604.4
2026-01-25 06:20:00+00:00,1.8958,1.8973,1.8952,1.8964,868908.0
2026-01-25 06:25:00+00:00,1.8965,1.8968,1.8955,1.8956,402271.1
2026-01-25 06:30:00+00:00,1.8957,1.8982,1.8956,1.8967,603584.3
2026-01-25 06:35:00+00:00,1.8967,1.8973,1.8948,1.8953,456465.3
2026-01-25 06:40:00+00:00,1.8953,1.8993,1.8953,1.8977,1088315.9
2026-01-25 06:45:00+00:00,1.8978,1.8989,1.8972,1.8976,431796.7
2026-01-25 06:50:00+00:00,1.8976,1.8977,1.8969,1.8973,300922.6
2026-01-25 06:55:00+00:00,1.8973,1.8976,1.8969,1.8972,232005.6
2026-01-25 07:00:00+00:00,1.8973,1.8976,1.8965,1.8966,341200.8
2026-01-25 07:05:00+00:00,1.8965,1.897,1.8958,1.8966,332683.4
2026-01-25 07:10:00+00:00,1.8967,1.8971,1.8943,1.8947,434677.9
2026-01-25 07:15:00+00:00,1.8947,1.896,1.8943,1.8944,384372.4
2026-01-25 07:20:00+00:00,1.8944,1.8959,1.8941,1.8959,602798.5
2026-01-25 07:25:00+00:00,1.8959,1.8984,1.8957,1.8976,504526.0
2026-01-25 07:30:00+00:00,1.8977,1.8977,1.8966,1.8971,207700.1
2026-01-25 07:35:00+00:00,1.8972,1.8974,1.8966,1.8973,303642.1
2026-01-25 07:40:00+00:00,1.8974,1.8978,1.8969,1.8972,178803.7
2026-01-25 07:45:00+00:00,1.8973,1.8973,1.8951,1.8951,396494.6
2026-01-25 07:50:00+00:00,1.8951,1.8958,1.8942,1.8947,431811.6
2026-01-25 07:55:00+00:00,1.8947,1.8948,1.893,1.8939,767610.1
2026-01-25 08:00:00+00:00,1.8939,1.8965,1.8936,1.8965,795919.3
2026-01-25 08:05:00+00:00,1.8965,1.8987,1.8964,1.8979,614929.5
2026-01-25 08:10:00+00:00,1.8979,1.898,1.8963,1.8964,373912.3
2026-01-25 08:15:00+00:00,1.8963,1.8968,1.8947,1.8947,359695.5
2026-01-25 08:20:00+00:00,1.8947,1.8976,1.8944,1.8975,517841.1
2026-01-25 08:25:00+00:00,1.8975,1.8975,1.8962,1.8962,403070.1
2026-01-25 08:30:00+00:00,1.8962,1.8966,1.8949,1.8949,383560.9
2026-01-25 08:35:00+00:00,1.8949,1.896,1.8905,1.8925,2790802.5
2026-01-25 08:40:00+00:00,1.8925,1.8936,1.889,1.893,2832502.2
2026-01-25 08:45:00+00:00,1.893,1.893,1.8886,1.89,2457275.7
2026-01-25 08:50:00+00:00,1.8899,1.8915,1.8895,1.8903,890835.8
2026-01-25 08:55:00+00:00,1.8903,1.891,1.8896,1.8898,558521.3
2026-01-25 09:00:00+00:00,1.8899,1.891,1.8875,1.8879,1686242.8
2026-01-25 09:05:00+00:00,1.8879,1.8893,1.8857,1.8889,1473278.3
2026-01-25 09:10:00+00:00,1.8889,1.8894,1.8876,1.8882,858547.0
2026-01-25 09:15:00+00:00,1.8883,1.8891,1.8879,1.8887,282601.4
2026-01-25 09:20:00+00:00,1.8887,1.8892,1.8886,1.8892,198741.2
2026-01-25 09:25:00+00:00,1.8892,1.8907,1.889,1.8907,831619.6
2026-01-25 09:30:00+00:00,1.8907,1.8939,1.8906,1.8932,924143.5
2026-01-25 09:35:00+00:00,1.8932,1.8963,1.8915,1.8953,1809531.7
2026-01-25 09:40:00+00:00,1.8953,1.896,1.8946,1.8959,461561.6
2026-01-25 09:45:00+00:00,1.896,1.8965,1.8937,1.8947,840090.8
2026-01-25 09:50:00+00:00,1.8947,1.8948,1.8919,1.8925,845398.1
2026-01-25 09:55:00+00:00,1.8925,1.8933,1.8922,1.8926,348932.9
2026-01-25 10:00:00+00:00,1.8927,1.8936,1.8922,1.8933,566706.1
2026-01-25 10:05:00+00:00,1.8933,1.895,1.8925,1.8945,549203.6
2026-01-25 10:10:00+00:00,1.8945,1.8968,1.894,1.8967,609023.5
2026-01-25 10:15:00+00:00,1.8968,1.8992,1.8967,1.8991,975059.6
2026-01-25 10:20:00+00:00,1.8991,1.9043,1.8991,1.9036,2341671.8
2026-01-25 10:25:00+00:00,1.9036,1.9099,1.9028,1.9085,2771685.9
2026-01-25 10:30:00+00:00,1.9086,1.9115,1.9076,1.9082,2102433.1
2026-01-25 10:35:00+00:00,1.9081,1.9097,1.9068,1.9071,1308177.6
2026-01-25 10:40:00+00:00,1.9072,1.9085,1.9066,1.9084,1589220.4
2026-01-25 10:45:00+00:00,1.9084,1.9093,1.9065,1.9073,1030107.5
2026-01-25 10:50:00+00:00,1.9073,1.9077,1.9061,1.9074,724729.7
2026-01-25 10:55:00+00:00,1.9074,1.9084,1.9064,1.9065,372789.0
2026-01-25 11:00:00+00:00,1.9064,1.9065,1.9017,1.9037,1289866.0
2026-01-25 11:05:00+00:00,1.9037,1.9044,1.9023,1.9029,554922.1
2026-01-25 11:10:00+00:00,1.903,1.9061,1.9028,1.9056,356864.8
2026-01-25 11:15:00+00:00,1.9056,1.9082,1.9049,1.9076,420037.9
2026-01-25 11:20:00+00:00,1.9075,1.9103,1.9068,1.9082,834277.8
2026-01-25 11:25:00+00:00,1.9081,1.9088,1.9077,1.9079,426374.9
2026-01-25 11:30:00+00:00,1.908,1.9081,1.9064,1.9076,1003048.9
2026-01-25 11:35:00+00:00,1.9076,1.9079,1.902,1.9023,664351.5
2026-01-25 11:40:00+00:00,1.9022,1.9031,1.9018,1.9021,507402.6
2026-01-25 11:45:00+00:00,1.902,1.903,1.9015,1.9022,422605.7
2026-01-25 11:50:00+00:00,1.9023,1.9023,1.8991,1.8992,940421.5
2026-01-25 11:55:00+00:00,1.8991,1.902,1.8991,1.9011,1047604.4
2026-01-25 12:00:00+00:00,1.9011,1.9011,1.8981,1.9002,1098062.9
2026-01-25 12:05:00+00:00,1.9002,1.9024,1.9002,1.9012,628125.5
2026-01-25 12:10:00+00:00,1.9011,1.9019,1.8998,1.9016,1007697.8
2026-01-25 12:15:00+00:00,1.9016,1.9019,1.8976,1.898,889071.0
2026-01-25 12:20:00+00:00,1.898,1.9012,1.8966,1.901,1229883.0
2026-01-25 12:25:00+00:00,1.901,1.9013,1.898,1.898,1124106.6
2026-01-25 12:30:00+00:00,1.8981,1.8986,1.8973,1.8976,450818.9
2026-01-25 12:35:00+00:00,1.8976,1.8982,1.8962,1.898,1235197.8
2026-01-25 12:40:00+00:00,1.8981,1.8986,1.8973,1.8976,671036.4
2026-01-25 12:45:00+00:00,1.8976,1.8988,1.8974,1.8981,628421.7
2026-01-25 12:50:00+00:00,1.898,1.8991,1.8975,1.898,542889.9
2026-01-25 12:55:00+00:00,1.898,1.9004,1.8979,1.8997,703461.1
2026-01-25 13:00:00+00:00,1.8998,1.8998,1.8987,1.8996,436649.6
2026-01-25 13:05:00+00:00,1.8997,1.901,1.8973,1.8984,921411.1
2026-01-25 13:10:00+00:00,1.8985,1.8994,1.898,1.898,231849.4
2026-01-25 13:15:00+00:00,1.898,1.899,1.8968,1.8989,602181.5
2026-01-25 13:20:00+00:00,1.8989,1.8996,1.8977,1.898,478181.8
2026-01-25 13:25:00+00:00,1.8981,1.8983,1.8929,1.8934,1577551.1
2026-01-25 13:30:00+00:00,1.8934,1.8955,1.8934,1.8955,510173.0
2026-01-25 13:35:00+00:00,1.8954,1.897,1.8952,1.8956,577559.6
2026-01-25 13:40:00+00:00,1.8955,1.8975,1.8955,1.8974,521370.4
2026-01-25 13:45:00+00:00,1.8975,1.9006,1.8968,1.9006,794432.9
2026-01-25 13:50:00+00:00,1.9006,1.9014,1.9,1.9011,727059.1
2026-01-25 13:55:00+00:00,1.9011,1.9022,1.9004,1.9009,865232.7
2026-01-25 14:00:00+00:00,1.901,1.9014,1.8976,1.8988,969214.1
2026-01-25 14:05:00+00:00,1.8988,1.8992,1.8964,1.8964,640549.5
2026-01-25 14:10:00+00:00,1.8964,1.8974,1.8951,1.8962,1196863.2
2026-01-25 14:15:00+00:00,1.8963,1.8977,1.8913,1.8922,2200759.8
2026-01-25 14:20:00+00:00,1.8923,1.8928,1.8883,1.8894,2100343.4
2026-01-25 14:25:00+00:00,1.8893,1.8909,1.8839,1.887,4690925.4
2026-01-25 14:30:00+00:00,1.887,1.8878,1.8829,1.8868,2388961.8
2026-01-25 14:35:00+00:00,1.8868,1.8889,1.8866,1.8887,973272.6
2026-01-25 14:40:00+00:00,1.8886,1.8894,1.8868,1.8868,1438180.3
2026-01-25 14:45:00+00:00,1.8868,1.8868,1.8843,1.8852,1211604.3
2026-01-25 14:50:00+00:00,1.8852,1.8878,1.8851,1.8878,837664.8
2026-01-25 14:55:00+00:00,1.8877,1.8882,1.8862,1.8862,1433560.2
2026-01-25 15:00:00+00:00,1.8863,1.8881,1.8847,1.8879,843156.1
2026-01-25 15:05:00+00:00,1.8879,1.888,1.8864,1.8874,852100.1
2026-01-25 15:10:00+00:00,1.8875,1.8891,1.8875,1.888,745240.1
2026-01-25 15:15:00+00:00,1.8881,1.89,1.8864,1.8868,994669.6
2026-01-25 15:20:00+00:00,1.8869,1.8879,1.8855,1.8878,775073.4
2026-01-25 15:25:00+00:00,1.8877,1.8924,1.8877,1.8919,1120051.1
2026-01-25 15:30:00+00:00,1.8918,1.8918,1.8893,1.8893,948743.3
2026-01-25 15:35:00+00:00,1.8893,1.8915,1.889,1.889,504454.5
2026-01-25 15:40:00+00:00,1.8891,1.8902,1.8878,1.8887,581436.4
2026-01-25 15:45:00+00:00,1.8888,1.889,1.885,1.8867,879373.8
2026-01-25 15:50:00+00:00,1.8868,1.8877,1.883,1.8848,1203603.0
2026-01-25 15:55:00+00:00,1.8847,1.8869,1.8841,1.8866,830397.9
2026-01-25 16:00:00+00:00,1.8867,1.8867,1.8586,1.8702,28785395.3
2026-01-25 16:05:00+00:00,1.8702,1.8703,1.8561,1.8566,11243857.4
2026-01-25 16:10:00+00:00,1.8567,1.8606,1.8478,1.8518,15789742.3
2026-01-25 16:15:00+00:00,1.8518,1.8571,1.8446,1.8487,10806133.7
2026-01-25 16:20:00+00:00,1.8487,1.8508,1.8445,1.8489,6204610.5
2026-01-25 16:25:00+00:00,1.849,1.8573,1.8472,1.8551,6816926.9
2026-01-25 16:30:00+00:00,1.8552,1.8601,1.85,1.8505,4527138.8
2026-01-25 16:35:00+00:00,1.8505,1.8544,1.846,1.8522,6182251.6
2026-01-25 16:40:00+00:00,1.8522,1.8535,1.8504,1.8514,2257809.0
2026-01-25 16:45:00+00:00,1.8515,1.8522,1.8485,1.8505,2142271.2
2026-01-25 16:50:00+00:00,1.8504,1.8535,1.85,1.8521,1734996.5
2026-01-25 16:55:00+00:00,1.8521,1.8537,1.8506,1.8524,1681285.8
2026-01-25 17:00:00+00:00,1.8524,1.8607,1.8519,1.8545,7551430.4
2026-01-25 17:05:00+00:00,1.8546,1.8548,1.8444,1.847,4857570.0
2026-01-25 17:10:00+00:00,1.847,1.8473,1.835,1.837,12913592.6
2026-01-25 17:15:00+00:00,1.837,1.8399,1.8354,1.8397,2958672.7
2026-01-25 17:20:00+00:00,1.8397,1.8423,1.8372,1.8397,2060341.0
2026-01-25 17:25:00+00:00,1.8397,1.8421,1.8372,1.8409,2900739.0
2026-01-25 17:30:00+00:00,1.8408,1.8437,1.8378,1.8399,1364138.8
2026-01-25 17:35:00+00:00,1.8398,1.8443,1.8396,1.8435,1895466.7
2026-01-25 17:40:00+00:00,1.8435,1.8514,1.843,1.8506,2491075.6
2026-01-25 17:45:00+00:00,1.8506,1.8515,1.8465,1.8485,2226076.7
2026-01-25 17:50:00+00:00,1.8485,1.8498,1.8466,1.8476,1094064.1
2026-01-25 17:55:00+00:00,1.8475,1.8476,1.8446,1.8449,1135639.9
2026-01-25 18:00:00+00:00,1.845,1.8461,1.8415,1.8445,1469970.0
2026-01-25 18:05:00+00:00,1.8446,1.8489,1.8433,1.8463,1194684.8
2026-01-25 18:10:00+00:00,1.8463,1.8467,1.8267,1.8437,8201020.2
2026-01-25 18:15:00+00:00,1.8437,1.8481,1.84,1.8439,2289567.7
2026-01-25 18:20:00+00:00,1.844,1.847,1.8413,1.842,1801070.2
2026-01-25 18:25:00+00:00,1.8419,1.8419,1.835,1.8356,2660428.7
2026-01-25 18:30:00+00:00,1.8356,1.8375,1.8289,1.8307,5373204.5
2026-01-25 18:35:00+00:00,1.8308,1.8354,1.8294,1.8302,2665580.9
2026-01-25 18:40:00+00:00,1.8302,1.8314,1.8238,1.8296,5335096.3
2026-01-25 18:45:00+00:00,1.8296,1.8336,1.8279,1.8321,3265893.6
2026-01-25 18:50:00+00:00,1.8322,1.8344,1.8298,1.8334,2016453.3
2026-01-25 18:55:00+00:00,1.8334,1.8359,1.8327,1.8346,1703187.0
2026-01-25 19:00:00+00:00,1.8347,1.8405,1.8337,1.8344,4960205.9
2026-01-25 19:05:00+00:00,1.8343,1.8348,1.833,1.8338,1451085.7
2026-01-25 19:10:00+00:00,1.8339,1.835,1.8302,1.8302,1125774.5
2026-01-25 19:15:00+00:00,1.8302,1.8307,1.8235,1.825,2885314.8
2026-01-25 19:20:00+00:00,1.825,1.828,1.8203,1.8236,4315150.1
2026-01-25 19:25:00+00:00,1.8236,1.8237,1.8131,1.8157,10894486.5
2026-01-25 19:30:00+00:00,1.8156,1.8185,1.8131,1.8166,4872447.7
2026-01-25 19:35:00+00:00,1.8166,1.8252,1.816,1.8238,2800896.4
2026-01-25 19:40:00+00:00,1.8238,1.8283,1.8232,1.824,2542771.3
2026-01-25 19:45:00+00:00,1.8239,1.8239,1.8173,1.8185,2335407.0
2026-01-25 19:50:00+00:00,1.8185,1.82,1.8095,1.8133,7117329.6
2026-01-25 19:55:00+00:00,1.8133,1.8191,1.8116,1.817,4012011.4
2026-01-25 20:00:00+00:00,1.817,1.8227,1.817,1.8221,1898673.7
2026-01-25 20:05:00+00:00,1.822,1.8242,1.8193,1.8239,1740884.9
2026-01-25 20:10:00+00:00,1.8239,1.8259,1.8157,1.8169,2095961.4
2026-01-25 20:15:00+00:00,1.8168,1.8189,1.8139,1.8188,1476332.0
2026-01-25 20:20:00+00:00,1.8189,1.821,1.8146,1.8172,1498265.2
2026-01-25 20:25:00+00:00,1.8173,1.8205,1.8156,1.8191,1454386.0
2026-01-25 20:30:00+00:00,1.8191,1.8196,1.8119,1.8126,1778321.9
2026-01-25 20:35:00+00:00,1.8126,1.816,1.8115,1.8125,2050872.9
2026-01-25 20:40:00+00:00,1.8126,1.815,1.8126,1.8144,1155919.2
2026-01-25 20:45:00+00:00,1.8143,1.8169,1.8137,1.8152,1902670.0
2026-01-25 20:50:00+00:00,1.8151,1.8238,1.8151,1.8233,2355605.0
2026-01-25 20:55:00+00:00,1.8232,1.8238,1.8217,1.8226,1601904.9
2026-01-25 21:00:00+00:00,1.8226,1.8325,1.8224,1.8295,4740339.1
2026-01-25 21:05:00+00:00,1.8296,1.8338,1.8282,1.8322,2964168.9
2026-01-25 21:10:00+00:00,1.8321,1.8352,1.8305,1.834,2594364.0
2026-01-25 21:15:00+00:00,1.834,1.8378,1.8334,1.8371,2516616.0
2026-01-25 21:20:00+00:00,1.8372,1.8374,1.8316,1.8338,2952774.7
2026-01-25 21:25:00+00:00,1.8338,1.8366,1.8337,1.8362,972380.2
2026-01-25 21:30:00+00:00,1.8362,1.8378,1.8282,1.8301,2211080.7
2026-01-25 21:35:00+00:00,1.8302,1.831,1.8269,1.8273,2803770.5
2026-01-25 21:40:00+00:00,1.8274,1.8322,1.8274,1.8311,1196753.0
2026-01-25 21:45:00+00:00,1.8312,1.8368,1.8312,1.8364,1040072.2
2026-01-25 21:50:00+00:00,1.8363,1.8398,1.8356,1.8357,1645591.4
2026-01-25 21:55:00+00:00,1.8358,1.8391,1.8358,1.8385,1212972.6
2026-01-25 22:00:00+00:00,1.8386,1.8389,1.8331,1.8366,1948917.4
2026-01-25 22:05:00+00:00,1.8366,1.837,1.8336,1.834,1142587.6
2026-01-25 22:10:00+00:00,1.8339,1.8372,1.8324,1.8371,1496718.7
2026-01-25 22:15:00+00:00,1.8371,1.8381,1.8307,1.8322,1549508.3
2026-01-25 22:20:00+00:00,1.8322,1.8322,1.8223,1.8235,4075786.1
2026-01-25 22:25:00+00:00,1.8234,1.825,1.8201,1.8208,2477146.3
2026-01-25 22:30:00+00:00,1.8208,1.8221,1.8177,1.8216,3827200.7
2026-01-25 22:35:00+00:00,1.8216,1.8267,1.8206,1.8217,2984133.6
2026-01-25 22:40:00+00:00,1.8217,1.8249,1.8185,1.8249,1481014.2
2026-01-25 22:45:00+00:00,1.8249,1.8255,1.8206,1.8211,540594.6
2026-01-25 22:50:00+00:00,1.821,1.8218,1.8173,1.8175,1026371.1
2026-01-25 22:55:00+00:00,1.8175,1.8299,1.8173,1.8291,4903875.3
2026-01-25 23:00:00+00:00,1.8291,1.8327,1.8223,1.8319,5683907.6
2026-01-25 23:05:00+00:00,1.8318,1.8366,1.8317,1.8339,3117392.8
2026-01-25 23:10:00+00:00,1.8338,1.837,1.8329,1.8341,3584683.4
2026-01-25 23:15:00+00:00,1.8341,1.8357,1.8302,1.8332,2028760.9
2026-01-25 23:20:00+00:00,1.8332,1.8369,1.8321,1.8332,1758755.7
2026-01-25 23:25:00+00:00,1.8333,1.8336,1.8275,1.8292,1940119.3
2026-01-25 23:30:00+00:00,1.8293,1.8314,1.8255,1.8272,1880303.3
2026-01-25 23:35:00+00:00,1.8273,1.8293,1.8239,1.8255,1306061.4
2026-01-25 23:40:00+00:00,1.8255,1.8299,1.8254,1.8289,782792.0
2026-01-25 23:45:00+00:00,1.8289,1.8357,1.8288,1.8354,1710340.1
2026-01-25 23:50:00+00:00,1.8354,1.8383,1.8325,1.8327,1583706.0
2026-01-25 23:55:00+00:00,1.8327,1.8348,1.8325,1.8344,891601.0
2026-01-26 00:00:00+00:00,1.8344,1.8374,1.8319,1.8349,2630253.2
2026-01-26 00:05:00+00:00,1.8349,1.8437,1.8345,1.8418,3502713.7
2026-01-26 00:10:00+00:00,1.8418,1.8439,1.84,1.8438,2136147.4
2026-01-26 00:15:00+00:00,1.8439,1.8477,1.8436,1.8476,3277710.4
2026-01-26 00:20:00+00:00,1.8476,1.8523,1.8476,1.8511,3227494.2
2026-01-26 00:25:00+00:00,1.8511,1.8511,1.844,1.845,1974678.5
2026-01-26 00:30:00+00:00,1.8451,1.8451,1.8401,1.8421,2501886.0
2026-01-26 00:35:00+00:00,1.8422,1.8454,1.8413,1.8437,1421979.7
2026-01-26 00:40:00+00:00,1.8438,1.8452,1.8385,1.8396,1183808.8
2026-01-26 00:45:00+00:00,1.8396,1.8455,1.8374,1.8455,1559836.5
2026-01-26 00:50:00+00:00,1.8454,1.8529,1.8454,1.8503,2145856.2
2026-01-26 00:55:00+00:00,1.8503,1.852,1.8501,1.8515,1122349.4
2026-01-26 01:00:00+00:00,1.8515,1.8646,1.8515,1.864,4564177.4
2026-01-26 01:05:00+00:00,1.8639,1.8797,1.8639,1.8757,8760921.7
2026-01-26 01:10:00+00:00,1.8758,1.883,1.8746,1.879,4342276.5
2026-01-26 01:15:00+00:00,1.8789,1.883,1.8743,1.8744,3148836.5
2026-01-26 01:20:00+00:00,1.8744,1.883,1.8737,1.8793,2964342.6
2026-01-26 01:25:00+00:00,1.8794,1.88,1.8725,1.8743,1959986.3
2026-01-26 01:30:00+00:00,1.8744,1.8815,1.8743,1.8789,1768288.9
2026-01-26 01:35:00+00:00,1.8789,1.8801,1.875,1.877,1142438.3
2026-01-26 01:40:00+00:00,1.877,1.8798,1.8739,1.878,1729897.3
2026-01-26 01:45:00+00:00,1.8781,1.881,1.876,1.8768,1342032.8
2026-01-26 01:50:00+00:00,1.8768,1.8845,1.8745,1.8806,3161696.1
2026-01-26 01:55:00+00:00,1.8807,1.8878,1.8803,1.8831,3918580.9
2026-01-26 02:00:00+00:00,1.8831,1.8838,1.8772,1.8772,2498898.2
2026-01-26 02:05:00+00:00,1.8771,1.8784,1.8735,1.8751,2074875.6
2026-01-26 02:10:00+00:00,1.8751,1.8769,1.8745,1.8749,804822.2
2026-01-26 02:15:00+00:00,1.8748,1.8764,1.8709,1.8714,1845177.8
2026-01-26 02:20:00+00:00,1.8714,1.8806,1.8714,1.8774,1901311.5
2026-01-26 02:25:00+00:00,1.8774,1.884,1.877,1.8838,1647402.8
2026-01-26 02:30:00+00:00,1.8839,1.8851,1.8801,1.8819,1691969.5
2026-01-26 02:35:00+00:00,1.8819,1.8823,1.878,1.8793,1246764.8
2026-01-26 02:40:00+00:00,1.8793,1.8801,1.8762,1.877,1155350.1
2026-01-26 02:45:00+00:00,1.877,1.8797,1.8765,1.8795,961484.2
2026-01-26 02:50:00+00:00,1.8796,1.8796,1.8753,1.8767,997022.2
2026-01-26 02:55:00+00:00,1.8767,1.8777,1.8744,1.8753,1306384.2
2026-01-26 03:00:00+00:00,1.8753,1.8797,1.8743,1.8797,1501125.2
2026-01-26 03:05:00+00:00,1.8797,1.8814,1.8792,1.881,1194018.2
2026-01-26 03:10:00+00:00,1.8809,1.882,1.8797,1.8807,952664.4
2026-01-26 03:15:00+00:00,1.8807,1.8815,1.8778,1.8785,1012527.2
2026-01-26 03:20:00+00:00,1.8785,1.8787,1.8738,1.8753,1299334.3
2026-01-26 03:25:00+00:00,1.8753,1.8767,1.8733,1.8735,1729567.6
2026-01-26 03:30:00+00:00,1.8734,1.875,1.871,1.8722,1742188.3
2026-01-26 03:35:00+00:00,1.8721,1.8728,1.867,1.8671,3047035.0
2026-01-26 03:40:00+00:00,1.8671,1.873,1.8671,1.8718,3485461.7
2026-01-26 03:45:00+00:00,1.8719,1.8723,1.8667,1.8676,1354432.5
2026-01-26 03:50:00+00:00,1.8677,1.8685,1.8653,1.8658,1322878.5
2026-01-26 03:55:00+00:00,1.8658,1.8686,1.864,1.8686,1760397.7
2026-01-26 04:00:00+00:00,1.8685,1.8717,1.8685,1.8698,1269921.1
2026-01-26 04:05:00+00:00,1.8699,1.8724,1.869,1.8724,1037961.6
2026-01-26 04:10:00+00:00,1.8724,1.874,1.8717,1.8721,689591.1
2026-01-26 04:15:00+00:00,1.8721,1.8774,1.8709,1.8774,2155538.4
2026-01-26 04:20:00+00:00,1.8774,1.8893,1.8774,1.889,3065259.0
2026-01-26 04:25:00+00:00,1.8889,1.894,1.8888,1.8899,2697353.7
2026-01-26 04:30:00+00:00,1.8899,1.8911,1.8873,1.8892,2235589.2
2026-01-26 04:35:00+00:00,1.8891,1.8892,1.8846,1.8851,1590050.4
2026-01-26 04:40:00+00:00,1.8851,1.8857,1.8811,1.8812,1844895.7
2026-01-26 04:45:00+00:00,1.8811,1.883,1.879,1.8799,1420874.9
2026-01-26 04:50:00+00:00,1.88,1.8816,1.8789,1.8813,937114.7
2026-01-26 04:55:00+00:00,1.8812,1.8812,1.877,1.878,1423718.1
2026-01-26 05:00:00+00:00,1.8781,1.8793,1.8765,1.8771,719124.2
2026-01-26 05:05:00+00:00,1.8771,1.8773,1.8745,1.8765,850181.9
2026-01-26 05:10:00+00:00,1.8765,1.8776,1.8758,1.8765,598343.0
2026-01-26 05:15:00+00:00,1.8765,1.8782,1.8764,1.8767,533827.9
2026-01-26 05:20:00+00:00,1.8767,1.8781,1.8758,1.8773,388629.9
2026-01-26 05:25:00+00:00,1.8773,1.8796,1.8768,1.8795,644969.3
2026-01-26 05:30:00+00:00,1.8794,1.8798,1.8772,1.8794,576222.2
2026-01-26 05:35:00+00:00,1.8794,1.8807,1.8754,1.877,1025900.9
2026-01-26 05:40:00+00:00,1.8769,1.8786,1.8757,1.8779,633470.3
2026-01-26 05:45:00+00:00,1.8779,1.881,1.8765,1.8794,485747.6
2026-01-26 05:50:00+00:00,1.8794,1.8816,1.8793,1.8803,658909.6
2026-01-26 05:55:00+00:00,1.8803,1.8815,1.8799,1.8801,445594.3
2026-01-26 06:00:00+00:00,1.8801,1.8808,1.8781,1.879,622389.9
2026-01-26 06:05:00+00:00,1.879,1.8822,1.8779,1.8781,956775.0
2026-01-26 06:10:00+00:00,1.878,1.8793,1.8765,1.877,645913.1
2026-01-26 06:15:00+00:00,1.8769,1.8812,1.8731,1.88,5035777.7
2026-01-26 06:20:00+00:00,1.88,1.8807,1.8786,1.8798,774389.5
2026-01-26 06:25:00+00:00,1.8799,1.8818,1.8788,1.8807,1147748.1
2026-01-26 06:30:00+00:00,1.8807,1.882,1.8782,1.8782,713388.9
2026-01-26 06:35:00+00:00,1.8783,1.88,1.8783,1.879,510826.7
2026-01-26 06:40:00+00:00,1.879,1.8804,1.8787,1.8802,385915.2
2026-01-26 06:45:00+00:00,1.8802,1.8837,1.8792,1.8836,1286745.0
2026-01-26 06:50:00+00:00,1.8835,1.8852,1.881,1.8812,901901.2
2026-01-26 06:55:00+00:00,1.8812,1.8823,1.8793,1.8793,883552.9
2026-01-26 07:00:00+00:00,1.8794,1.8807,1.8774,1.8775,1096324.1
2026-01-26 07:05:00+00:00,1.8775,1.8794,1.8767,1.8783,548476.9
2026-01-26 07:10:00+00:00,1.8783,1.881,1.878,1.8802,969529.3
2026-01-26 07:15:00+00:00,1.8803,1.885,1.8789,1.8803,1466961.0
2026-01-26 07:20:00+00:00,1.8803,1.8829,1.8803,1.8813,621652.1
2026-01-26 07:25:00+00:00,1.8813,1.8822,1.8791,1.8795,1086753.6
2026-01-26 07:30:00+00:00,1.8795,1.8798,1.8763,1.8769,1047598.1
2026-01-26 07:35:00+00:00,1.8768,1.8852,1.8749,1.8826,5465063.9
2026-01-26 07:40:00+00:00,1.8826,1.8832,1.8792,1.8796,709271.9
2026-01-26 07:45:00+00:00,1.8797,1.8806,1.8784,1.8788,314029.9
2026-01-26 07:50:00+00:00,1.8788,1.8825,1.8782,1.8813,761636.8
2026-01-26 07:55:00+00:00,1.8814,1.8826,1.8805,1.8809,678159.3
2026-01-26 08:00:00+00:00,1.881,1.8831,1.8808,1.8818,1035617.3
2026-01-26 08:05:00+00:00,1.8818,1.8843,1.8817,1.8827,1769097.6
2026-01-26 08:10:00+00:00,1.8827,1.8841,1.8801,1.8801,764425.4
2026-01-26 08:15:00+00:00,1.8802,1.8824,1.8792,1.8823,1204467.2
2026-01-26 08:20:00+00:00,1.8823,1.8974,1.881,1.8897,7131050.2
2026-01-26 08:25:00+00:00,1.8897,1.8941,1.8894,1.893,2021397.8
2026-01-26 08:30:00+00:00,1.8929,1.8958,1.8912,1.8921,2224020.5
2026-01-26 08:35:00+00:00,1.8921,1.8922,1.8883,1.8895,1072469.0
2026-01-26 08:40:00+00:00,1.8896,1.8896,1.8863,1.8873,665585.2
2026-01-26 08:45:00+00:00,1.8873,1.8873,1.886,1.8869,648951.7
2026-01-26 08:50:00+00:00,1.8869,1.8895,1.8829,1.8875,2996108.3
2026-01-26 08:55:00+00:00,1.8875,1.8885,1.8865,1.8885,1026994.4
2026-01-26 09:00:00+00:00,1.8885,1.8897,1.8837,1.8848,1924600.6
2026-01-26 09:05:00+00:00,1.8847,1.886,1.8831,1.8844,1361004.9
2026-01-26 09:10:00+00:00,1.8845,1.8851,1.8811,1.8814,2332052.4
2026-01-26 09:15:00+00:00,1.8814,1.8844,1.8801,1.8844,1256851.2
2026-01-26 09:20:00+00:00,1.8844,1.8844,1.8812,1.8822,727164.5
2026-01-26 09:25:00+00:00,1.8822,1.8826,1.8802,1.8814,1052026.0
2026-01-26 09:30:00+00:00,1.8815,1.8822,1.8786,1.8812,1616167.1
2026-01-26 09:35:00+00:00,1.8812,1.8813,1.8785,1.879,1000733.1
2026-01-26 09:40:00+00:00,1.879,1.8842,1.879,1.8815,2937698.7
2026-01-26 09:45:00+00:00,1.8815,1.8829,1.8788,1.8801,1084901.2
2026-01-26 09:50:00+00:00,1.88,1.8801,1.8755,1.8769,1733422.9
2026-01-26 09:55:00+00:00,1.8768,1.8792,1.8768,1.8787,1130854.8
2026-01-26 10:00:00+00:00,1.8787,1.884,1.8785,1.8839,1152029.8
2026-01-26 10:05:00+00:00,1.8839,1.8886,1.8839,1.8867,2142686.5
2026-01-26 10:10:00+00:00,1.8867,1.8876,1.8851,1.887,673967.0
2026-01-26 10:15:00+00:00,1.887,1.8889,1.8864,1.8865,627547.2
2026-01-26 10:20:00+00:00,1.8865,1.8871,1.884,1.8845,590820.8
2026-01-26 10:25:00+00:00,1.8844,1.8874,1.8844,1.8869,888181.0
2026-01-26 10:30:00+00:00,1.8869,1.8888,1.8868,1.8888,519755.0
2026-01-26 10:35:00+00:00,1.8888,1.89,1.8879,1.8887,929385.8
2026-01-26 10:40:00+00:00,1.8888,1.8899,1.8879,1.888,443306.7
2026-01-26 10:45:00+00:00,1.888,1.889,1.8866,1.8868,544278.5
2026-01-26 10:50:00+00:00,1.8867,1.8881,1.8861,1.8865,367374.8
2026-01-26 10:55:00+00:00,1.8866,1.8866,1.8855,1.8862,556773.2
2026-01-26 11:00:00+00:00,1.8861,1.8895,1.8861,1.8891,772637.3
2026-01-26 11:05:00+00:00,1.889,1.8928,1.889,1.8923,1681715.0
2026-01-26 11:10:00+00:00,1.8922,1.894,1.8914,1.8921,805890.1
2026-01-26 11:15:00+00:00,1.892,1.8921,1.8896,1.8901,615798.9
2026-01-26 11:20:00+00:00,1.8901,1.8915,1.8897,1.8897,518780.1
2026-01-26 11:25:00+00:00,1.8897,1.8898,1.8873,1.8879,853956.8
2026-01-26 11:30:00+00:00,1.8878,1.8909,1.8877,1.8885,1483354.4
2026-01-26 11:35:00+00:00,1.8886,1.8896,1.8882,1.8895,636140.2
2026-01-26 11:40:00+00:00,1.8895,1.8908,1.8894,1.8901,514902.1
2026-01-26 11:45:00+00:00,1.89,1.8905,1.889,1.8894,518492.6
2026-01-26 11:50:00+00:00,1.8894,1.8914,1.8893,1.8895,515375.9
2026-01-26 11:55:00+00:00,1.8895,1.8912,1.8895,1.8908,279815.0
2026-01-26 12:00:00+00:00,1.8907,1.8992,1.8907,1.8987,3135963.5
2026-01-26 12:05:00+00:00,1.8988,1.9011,1.8937,1.8937,4713208.4
2026-01-26 12:10:00+00:00,1.8937,1.8994,1.8936,1.8982,1094897.7
2026-01-26 12:15:00+00:00,1.8982,1.9012,1.8971,1.8986,1841812.3
2026-01-26 12:20:00+00:00,1.8987,1.899,1.8944,1.8944,1172894.3
2026-01-26 12:25:00+00:00,1.8944,1.8949,1.8936,1.8937,572412.5
2026-01-26 12:30:00+00:00,1.8937,1.8953,1.8932,1.895,928939.5
2026-01-26 12:35:00+00:00,1.895,1.8968,1.8938,1.8948,1058068.2
2026-01-26 12:40:00+00:00,1.8948,1.8951,1.8938,1.894,571231.7
2026-01-26 12:45:00+00:00,1.8939,1.8967,1.8939,1.8957,784093.8
2026-01-26 12:50:00+00:00,1.8957,1.8974,1.8954,1.8972,496917.4
2026-01-26 12:55:00+00:00,1.8971,1.8987,1.8969,1.8984,629900.8
2026-01-26 13:00:00+00:00,1.8984,1.9005,1.8968,1.898,1302607.6
2026-01-26 13:05:00+00:00,1.8979,1.9005,1.8973,1.8976,891387.7
2026-01-26 13:10:00+00:00,1.8976,1.905,1.8976,1.9029,2917085.8
2026-01-26 13:15:00+00:00,1.9029,1.9092,1.9024,1.9071,2396628.4
2026-01-26 13:20:00+00:00,1.9071,1.9137,1.9067,1.9134,4513911.5
2026-01-26 13:25:00+00:00,1.9134,1.916,1.9108,1.9119,4231597.0
2026-01-26 13:30:00+00:00,1.9118,1.9139,1.9109,1.9121,2294617.5
2026-01-26 13:35:00+00:00,1.9122,1.9124,1.9055,1.9068,1939353.1
2026-01-26 13:40:00+00:00,1.9068,1.9088,1.906,1.9076,810097.7
2026-01-26 13:45:00+00:00,1.9076,1.9076,1.9012,1.9016,3805498.9
2026-01-26 13:50:00+00:00,1.9015,1.9034,1.9009,1.9029,1865235.0
2026-01-26 13:55:00+00:00,1.903,1.9073,1.9027,1.9054,3301080.5
2026-01-26 14:00:00+00:00,1.9053,1.9111,1.9051,1.9101,2296739.2
2026-01-26 14:05:00+00:00,1.9101,1.9147,1.9082,1.9111,2242086.5
2026-01-26 14:10:00+00:00,1.9112,1.9121,1.9055,1.9098,4861019.0
2026-01-26 14:15:00+00:00,1.9098,1.9174,1.9088,1.912,3165289.3
2026-01-26 14:20:00+00:00,1.9121,1.9122,1.9055,1.9068,4453497.8
2026-01-26 14:25:00+00:00,1.9068,1.9079,1.9041,1.905,1747226.5
2026-01-26 14:30:00+00:00,1.905,1.9138,1.8999,1.9114,9042121.1
2026-01-26 14:35:00+00:00,1.9115,1.9247,1.9112,1.9181,11148510.5
2026-01-26 14:40:00+00:00,1.9181,1.928,1.9153,1.9182,6266800.0
2026-01-26 14:45:00+00:00,1.9181,1.9199,1.9131,1.9144,4202764.8
2026-01-26 14:50:00+00:00,1.9144,1.9163,1.9105,1.9129,4066411.1
2026-01-26 14:55:00+00:00,1.9128,1.92,1.9107,1.9189,2853318.7
2026-01-26 15:00:00+00:00,1.9189,1.92,1.9129,1.9149,2536042.9
2026-01-26 15:05:00+00:00,1.9148,1.9192,1.9128,1.9169,1842163.7
2026-01-26 15:10:00+00:00,1.9168,1.9411,1.9163,1.9402,17453406.0
2026-01-26 15:15:00+00:00,1.9401,1.9454,1.9341,1.9363,6470838.2
2026-01-26 15:20:00+00:00,1.9363,1.937,1.9301,1.9312,4489854.4
2026-01-26 15:25:00+00:00,1.9311,1.9318,1.9279,1.9309,2722792.7
2026-01-26 15:30:00+00:00,1.9309,1.9321,1.924,1.9254,4565422.8
2026-01-26 15:35:00+00:00,1.9253,1.9261,1.921,1.9239,3154183.9
2026-01-26 15:40:00+00:00,1.9239,1.9242,1.9131,1.9169,10898280.4
2026-01-26 15:45:00+00:00,1.917,1.9215,1.9128,1.9215,5330958.2
2026-01-26 15:50:00+00:00,1.9214,1.9273,1.9211,1.9225,3661719.0
2026-01-26 15:55:00+00:00,1.9225,1.9259,1.9219,1.9246,2140542.6
2026-01-26 16:00:00+00:00,1.9246,1.9378,1.9244,1.9313,9273321.8
2026-01-26 16:05:00+00:00,1.9313,1.9314,1.9235,1.9294,3271158.6
2026-01-26 16:10:00+00:00,1.9294,1.9323,1.9262,1.9291,2531890.3
2026-01-26 16:15:00+00:00,1.929,1.9292,1.9194,1.9208,7019384.1
2026-01-26 16:20:00+00:00,1.9207,1.9307,1.919,1.9282,5463870.2
2026-01-26 16:25:00+00:00,1.9282,1.9299,1.9233,1.9251,2161756.9
2026-01-26 16:30:00+00:00,1.9251,1.9297,1.9229,1.9277,2278616.8
2026-01-26 16:35:00+00:00,1.9277,1.9302,1.9234,1.9234,1380242.4
2026-01-26 16:40:00+00:00,1.9233,1.925,1.9178,1.9193,2486508.8
2026-01-26 16:45:00+00:00,1.9193,1.9269,1.9174,1.9258,1858431.6
2026-01-26 16:50:00+00:00,1.9259,1.9284,1.9236,1.9257,2422381.1
2026-01-26 16:55:00+00:00,1.9257,1.9258,1.9175,1.9182,3468427.0
2026-01-26 17:00:00+00:00,1.9182,1.921,1.9164,1.9185,1709511.3
2026-01-26 17:05:00+00:00,1.9185,1.9189,1.9083,1.9111,4939737.3
2026-01-26 17:10:00+00:00,1.911,1.911,1.9039,1.9052,5406027.6
2026-01-26 17:15:00+00:00,1.9051,1.9095,1.9021,1.905,5328005.3
2026-01-26 17:20:00+00:00,1.9049,1.9087,1.9041,1.9049,2641718.9
2026-01-26 17:25:00+00:00,1.9049,1.9079,1.9046,1.9052,1157762.5
2026-01-26 17:30:00+00:00,1.9053,1.9053,1.8983,1.9021,5385369.6
2026-01-26 17:35:00+00:00,1.9022,1.91,1.9018,1.9086,2388199.9
2026-01-26 17:40:00+00:00,1.9085,1.9093,1.9067,1.908,1037113.0
2026-01-26 17:45:00+00:00,1.908,1.909,1.9071,1.9074,774102.7
2026-01-26 17:50:00+00:00,1.9074,1.9126,1.9067,1.9103,1364804.1
2026-01-26 17:55:00+00:00,1.9104,1.9123,1.9095,1.9109,584867.1
2026-01-26 18:00:00+00:00,1.9109,1.9127,1.909,1.9116,1204381.6
2026-01-26 18:05:00+00:00,1.9117,1.9118,1.9072,1.9079,804290.7
2026-01-26 18:10:00+00:00,1.908,1.9126,1.9075,1.9087,3419285.1
2026-01-26 18:15:00+00:00,1.9087,1.9172,1.9064,1.9142,3023755.7
2026-01-26 18:20:00+00:00,1.9142,1.9152,1.9101,1.9149,1155907.1
2026-01-26 18:25:00+00:00,1.915,1.9195,1.9133,1.9173,1788521.7
2026-01-26 18:30:00+00:00,1.9172,1.9269,1.9172,1.9223,3809473.3
2026-01-26 18:35:00+00:00,1.9222,1.9243,1.9189,1.921,1675220.9
2026-01-26 18:40:00+00:00,1.921,1.9222,1.916,1.9185,2638024.7
2026-01-26 18:45:00+00:00,1.9185,1.9185,1.9143,1.9175,3213843.2
2026-01-26 18:50:00+00:00,1.9174,1.92,1.9136,1.9146,1149146.5
2026-01-26 18:55:00+00:00,1.9147,1.9192,1.9133,1.9172,2226340.2
2026-01-26 19:00:00+00:00,1.9172,1.9224,1.9172,1.919,2485979.0
2026-01-26 19:05:00+00:00,1.919,1.9199,1.916,1.9177,1077668.5
2026-01-26 19:10:00+00:00,1.9178,1.9188,1.915,1.9168,2634341.9
2026-01-26 19:15:00+00:00,1.9168,1.9168,1.9128,1.914,2473291.8
2026-01-26 19:20:00+00:00,1.9139,1.9139,1.9102,1.9126,1550270.8
2026-01-26 19:25:00+00:00,1.9126,1.9142,1.9114,1.9125,833060.4
2026-01-26 19:30:00+00:00,1.9124,1.914,1.9101,1.9115,967384.7
2026-01-26 19:35:00+00:00,1.9114,1.913,1.909,1.9129,1038080.2
2026-01-26 19:40:00+00:00,1.9129,1.9145,1.9107,1.9109,1408264.2
2026-01-26 19:45:00+00:00,1.9109,1.9132,1.9107,1.9111,1451597.5
2026-01-26 19:50:00+00:00,1.911,1.9113,1.9029,1.9045,1685761.5
2026-01-26 19:55:00+00:00,1.9044,1.907,1.9042,1.9067,792604.4
2026-01-26 20:00:00+00:00,1.9068,1.9087,1.9054,1.9068,1315986.9
2026-01-26 20:05:00+00:00,1.9067,1.9072,1.9041,1.9041,1154796.2
2026-01-26 20:10:00+00:00,1.9042,1.9052,1.9009,1.9015,1537625.1
2026-01-26 20:15:00+00:00,1.9015,1.9042,1.8981,1.9037,2802836.3
2026-01-26 20:20:00+00:00,1.9036,1.9074,1.9021,1.9031,1542675.6
2026-01-26 20:25:00+00:00,1.9031,1.9035,1.9005,1.9015,930665.7
2026-01-26 20:30:00+00:00,1.9015,1.9023,1.8981,1.8992,1222736.5
2026-01-26 20:35:00+00:00,1.8992,1.9001,1.898,1.8991,1265581.8
2026-01-26 20:40:00+00:00,1.899,1.8991,1.894,1.8953,4463459.2
2026-01-26 20:45:00+00:00,1.8953,1.8961,1.8931,1.8941,1417258.0
2026-01-26 20:50:00+00:00,1.8941,1.8947,1.8911,1.8926,5056944.0
2026-01-26 20:55:00+00:00,1.8926,1.894,1.8898,1.8907,9059750.6
2026-01-26 21:00:00+00:00,1.8907,1.8937,1.8887,1.8901,3115544.7
2026-01-26 21:05:00+00:00,1.89,1.8922,1.8878,1.8908,1959964.8
2026-01-26 21:10:00+00:00,1.8908,1.8952,1.8908,1.8935,1330499.2
2026-01-26 21:15:00+00:00,1.8935,1.8964,1.8935,1.8955,1018457.6
2026-01-26 21:20:00+00:00,1.8956,1.8956,1.8912,1.8937,969352.1
2026-01-26 21:25:00+00:00,1.8937,1.8978,1.8936,1.8978,967177.0
2026-01-26 21:30:00+00:00,1.8977,1.901,1.8958,1.898,1470376.1
2026-01-26 21:35:00+00:00,1.8979,1.8997,1.8957,1.897,959147.2
2026-01-26 21:40:00+00:00,1.897,1.9062,1.8969,1.9015,5460065.9
2026-01-26 21:45:00+00:00,1.9014,1.9024,1.8978,1.8988,1592451.2
2026-01-26 21:50:00+00:00,1.8989,1.9007,1.8973,1.9,1043728.9
2026-01-26 21:55:00+00:00,1.9,1.9009,1.8957,1.8986,1503473.2
2026-01-26 22:00:00+00:00,1.8985,1.9003,1.897,1.8983,1761084.5
2026-01-26 22:05:00+00:00,1.8984,1.8986,1.896,1.8967,593388.3
2026-01-26 22:10:00+00:00,1.8967,1.9007,1.8967,1.8972,887389.8
2026-01-26 22:15:00+00:00,1.8973,1.8981,1.894,1.895,715461.5
2026-01-26 22:20:00+00:00,1.8949,1.8974,1.8937,1.8973,840509.5
2026-01-26 22:25:00+00:00,1.8974,1.8976,1.896,1.8965,427527.3
2026-01-26 22:30:00+00:00,1.8964,1.9005,1.8941,1.9,857579.4
2026-01-26 22:35:00+00:00,1.9001,1.9028,1.8976,1.9017,1712989.5
2026-01-26 22:40:00+00:00,1.9017,1.9017,1.8987,1.8987,828740.2
2026-01-26 22:45:00+00:00,1.8987,1.901,1.8981,1.8991,831238.9
2026-01-26 22:50:00+00:00,1.8991,1.9018,1.899,1.9001,443379.5
2026-01-26 22:55:00+00:00,1.9,1.9001,1.8976,1.8983,459214.3
2026-01-26 23:00:00+00:00,1.8983,1.8983,1.8944,1.8951,1699912.9
2026-01-26 23:05:00+00:00,1.8951,1.8984,1.8949,1.8983,1451326.0
2026-01-26 23:10:00+00:00,1.8983,1.9011,1.8975,1.9004,1063818.1
2026-01-26 23:15:00+00:00,1.9005,1.9018,1.8997,1.9007,1000077.6
2026-01-26 23:20:00+00:00,1.9007,1.9057,1.9,1.9052,1521435.3
2026-01-26 23:25:00+00:00,1.9052,1.9057,1.9026,1.9041,956950.5
2026-01-26 23:30:00+00:00,1.9042,1.9098,1.9042,1.9088,1622926.2
2026-01-26 23:35:00+00:00,1.9088,1.9119,1.9086,1.9103,2182799.9
2026-01-26 23:40:00+00:00,1.9104,1.9104,1.9069,1.9069,1490928.2
2026-01-26 23:45:00+00:00,1.907,1.9078,1.9056,1.9059,907769.3
2026-01-26 23:50:00+00:00,1.9059,1.9063,1.9039,1.9047,748525.9
2026-01-26 23:55:00+00:00,1.9047,1.9048,1.9028,1.9031,572408.5
2026-01-27 00:00:00+00:00,1.9031,1.9037,1.8991,1.9015,2498946.3
2026-01-27 00:05:00+00:00,1.9014,1.9015,1.8988,1.9009,1011022.2
2026-01-27 00:10:00+00:00,1.9009,1.902,1.9,1.9004,1355690.7
2026-01-27 00:15:00+00:00,1.9004,1.9032,1.9002,1.9025,832033.7
2026-01-27 00:20:00+00:00,1.9024,1.9035,1.9003,1.903,1134834.5
2026-01-27 00:25:00+00:00,1.903,1.9041,1.9009,1.9009,645231.4
2026-01-27 00:30:00+00:00,1.9009,1.9011,1.8992,1.9006,783953.6
2026-01-27 00:35:00+00:00,1.9006,1.9009,1.8972,1.8984,883543.9
2026-01-27 00:40:00+00:00,1.8984,1.9001,1.8984,1.9,527475.2
2026-01-27 00:45:00+00:00,1.9,1.9011,1.8988,1.9008,542806.1
2026-01-27 00:50:00+00:00,1.9008,1.9033,1.9003,1.9024,543455.4
2026-01-27 00:55:00+00:00,1.9023,1.9033,1.9017,1.9027,441576.2
2026-01-27 01:00:00+00:00,1.9027,1.9027,1.8967,1.8982,974009.6
2026-01-27 01:05:00+00:00,1.8983,1.8988,1.8976,1.8988,565522.6
2026-01-27 01:10:00+00:00,1.8988,1.9001,1.8984,1.8984,527421.3
2026-01-27 01:15:00+00:00,1.8984,1.8991,1.8977,1.8978,622778.3
2026-01-27 01:20:00+00:00,1.8979,1.9044,1.8979,1.9027,1990538.8
2026-01-27 01:25:00+00:00,1.9027,1.9051,1.9023,1.904,921264.8
2026-01-27 01:30:00+00:00,1.9041,1.9067,1.9028,1.9065,1005007.0
2026-01-27 01:35:00+00:00,1.9066,1.9086,1.9031,1.9085,1335558.4
2026-01-27 01:40:00+00:00,1.9086,1.9086,1.9042,1.9061,756706.2
2026-01-27 01:45:00+00:00,1.9062,1.9099,1.9054,1.9081,1148845.3
2026-01-27 01:50:00+00:00,1.908,1.9081,1.903,1.9049,778641.8
2026-01-27 01:55:00+00:00,1.9049,1.906,1.9037,1.9053,500013.5
2026-01-27 02:00:00+00:00,1.9053,1.912,1.9053,1.9118,1737637.5
2026-01-27 02:05:00+00:00,1.9118,1.9119,1.91,1.9105,1152143.9
2026-01-27 02:10:00+00:00,1.9105,1.9107,1.9067,1.9103,1362833.5
2026-01-27 02:15:00+00:00,1.9102,1.9104,1.9073,1.9079,745347.5
2026-01-27 02:20:00+00:00,1.908,1.908,1.906,1.9061,681207.5
2026-01-27 02:25:00+00:00,1.9062,1.9062,1.9039,1.9043,859702.1
2026-01-27 02:30:00+00:00,1.9044,1.9088,1.9044,1.9078,886141.7
2026-01-27 02:35:00+00:00,1.9078,1.911,1.9076,1.9109,548509.7
2026-01-27 02:40:00+00:00,1.911,1.913,1.9098,1.9104,1585533.7
2026-01-27 02:45:00+00:00,1.9104,1.9122,1.9085,1.9108,963757.4
2026-01-27 02:50:00+00:00,1.9108,1.9119,1.9098,1.9112,440291.8
2026-01-27 02:55:00+00:00,1.9113,1.9148,1.9111,1.9137,2597564.0
2026-01-27 03:00:00+00:00,1.9136,1.9159,1.9118,1.9132,3075056.3
2026-01-27 03:05:00+00:00,1.9132,1.9132,1.9095,1.9107,916018.5
2026-01-27 03:10:00+00:00,1.9107,1.9107,1.9067,1.9081,1602759.5
2026-01-27 03:15:00+00:00,1.9081,1.9102,1.9069,1.9086,906732.3
2026-01-27 03:20:00+00:00,1.9086,1.9127,1.9086,1.9126,579818.1
2026-01-27 03:25:00+00:00,1.9126,1.9126,1.9099,1.9099,633062.9
2026-01-27 03:30:00+00:00,1.9099,1.9114,1.9091,1.9099,531165.0
2026-01-27 03:35:00+00:00,1.9099,1.9136,1.9094,1.913,480420.1
2026-01-27 03:40:00+00:00,1.913,1.9136,1.9117,1.9131,570022.0
2026-01-27 03:45:00+00:00,1.9131,1.9131,1.9109,1.911,610632.1
2026-01-27 03:50:00+00:00,1.9109,1.9109,1.9073,1.9084,531172.8
2026-01-27 03:55:00+00:00,1.9083,1.9087,1.9075,1.9086,370973.4
2026-01-27 04:00:00+00:00,1.9087,1.9092,1.9075,1.9076,512470.8
2026-01-27 04:05:00+00:00,1.9077,1.9125,1.9066,1.912,887349.5
2026-01-27 04:10:00+00:00,1.9119,1.9169,1.9117,1.9132,1842312.7
2026-01-27 04:15:00+00:00,1.9132,1.9135,1.9103,1.9123,580806.7
2026-01-27 04:20:00+00:00,1.9123,1.9144,1.9113,1.9124,369144.7
2026-01-27 04:25:00+00:00,1.9124,1.9126,1.9097,1.9124,870149.6
2026-01-27 04:30:00+00:00,1.9125,1.9157,1.9114,1.9154,1508516.7
2026-01-27 04:35:00+00:00,1.9154,1.9165,1.9125,1.9146,839979.6
2026-01-27 04:40:00+00:00,1.9146,1.9147,1.9115,1.9118,626209.8
2026-01-27 04:45:00+00:00,1.9118,1.9127,1.9104,1.9105,554939.6
2026-01-27 04:50:00+00:00,1.9105,1.9113,1.906,1.9088,2273228.2
2026-01-27 04:55:00+00:00,1.9089,1.9098,1.9077,1.9079,404389.5
2026-01-27 05:00:00+00:00,1.9079,1.9083,1.9061,1.9069,889019.3
2026-01-27 05:05:00+00:00,1.9069,1.9072,1.9049,1.9057,651931.3
2026-01-27 05:10:00+00:00,1.9057,1.9063,1.9043,1.905,812787.3
2026-01-27 05:15:00+00:00,1.905,1.905,1.9018,1.9019,951655.3
2026-01-27 05:20:00+00:00,1.9018,1.9024,1.9003,1.9015,1053558.9
2026-01-27 05:25:00+00:00,1.9015,1.9018,1.9008,1.9013,477364.4
2026-01-27 05:30:00+00:00,1.9013,1.9025,1.9011,1.9019,660950.6
2026-01-27 05:35:00+00:00,1.9019,1.9025,1.9008,1.9013,564677.9
2026-01-27 05:40:00+00:00,1.9012,1.9023,1.9011,1.9011,445940.2
2026-01-27 05:45:00+00:00,1.9011,1.9022,1.9003,1.9016,533932.9
2026-01-27 05:50:00+00:00,1.9016,1.9022,1.8997,1.9001,673388.6
2026-01-27 05:55:00+00:00,1.9001,1.9014,1.8996,1.9012,512532.3
2026-01-27 06:00:00+00:00,1.9013,1.9019,1.8998,1.8998,587575.3
2026-01-27 06:05:00+00:00,1.8998,1.9016,1.8982,1.9006,861453.6
2026-01-27 06:10:00+00:00,1.9006,1.9016,1.8998,1.9014,326339.7
2026-01-27 06:15:00+00:00,1.9015,1.9015,1.9,1.9005,218486.1
2026-01-27 06:20:00+00:00,1.9005,1.9019,1.9,1.9015,662257.0
2026-01-27 06:25:00+00:00,1.9015,1.9018,1.9001,1.9004,455062.7
2026-01-27 06:30:00+00:00,1.9005,1.9005,1.8965,1.8965,2043376.7
2026-01-27 06:35:00+00:00,1.8965,1.8977,1.8953,1.8955,1546003.6
2026-01-27 06:40:00+00:00,1.8955,1.897,1.8942,1.8942,1776253.2
2026-01-27 06:45:00+00:00,1.8942,1.8964,1.8937,1.8957,714477.9
2026-01-27 06:50:00+00:00,1.8958,1.898,1.8957,1.898,788627.4
2026-01-27 06:55:00+00:00,1.898,1.8985,1.8964,1.8971,570452.1
2026-01-27 07:00:00+00:00,1.8971,1.8995,1.8961,1.8992,1331133.4
2026-01-27 07:05:00+00:00,1.8993,1.9,1.8974,1.899,637685.4
2026-01-27 07:10:00+00:00,1.8991,1.8996,1.8982,1.8992,382049.2
2026-01-27 07:15:00+00:00,1.8993,1.8993,1.8971,1.8971,643031.8
2026-01-27 07:20:00+00:00,1.8971,1.8988,1.896,1.8987,786606.0
2026-01-27 07:25:00+00:00,1.8987,1.8994,1.8981,1.8994,471868.3
2026-01-27 07:30:00+00:00,1.8994,1.8999,1.8981,1.8995,344681.0
2026-01-27 07:35:00+00:00,1.8995,1.8995,1.8972,1.8975,270200.5
2026-01-27 07:40:00+00:00,1.8974,1.8991,1.8962,1.897,636592.1
2026-01-27 07:45:00+00:00,1.8971,1.8981,1.8965,1.897,573427.4
2026-01-27 07:50:00+00:00,1.897,1.8976,1.8965,1.8971,329160.7
2026-01-27 07:55:00+00:00,1.897,1.8987,1.8965,1.8986,419966.9
2026-01-27 08:00:00+00:00,1.8986,1.9005,1.8973,1.8992,1098342.5
2026-01-27 08:05:00+00:00,1.8993,1.9019,1.8991,1.9001,1135671.9
2026-01-27 08:10:00+00:00,1.9002,1.901,1.8981,1.8997,624253.4
2026-01-27 08:15:00+00:00,1.8998,1.9008,1.8976,1.8976,643271.0
2026-01-27 08:20:00+00:00,1.8976,1.8983,1.8972,1.8977,922497.4
2026-01-27 08:25:00+00:00,1.8978,1.8981,1.8971,1.8972,747318.4
2026-01-27 08:30:00+00:00,1.8972,1.8978,1.8946,1.8959,951008.2
2026-01-27 08:35:00+00:00,1.8958,1.8963,1.8925,1.8926,952969.1
2026-01-27 08:40:00+00:00,1.8926,1.8943,1.8923,1.8935,819229.6
2026-01-27 08:45:00+00:00,1.8934,1.894,1.8917,1.8926,875438.2
2026-01-27 08:50:00+00:00,1.8926,1.8952,1.8925,1.895,481726.1
2026-01-27 08:55:00+00:00,1.895,1.895,1.8938,1.8939,292809.8
2026-01-27 09:00:00+00:00,1.8939,1.8939,1.8904,1.8914,1104155.0
2026-01-27 09:05:00+00:00,1.8914,1.8916,1.8871,1.8871,1955502.3
2026-01-27 09:10:00+00:00,1.8871,1.8878,1.8859,1.8864,1612814.9
2026-01-27 09:15:00+00:00,1.8864,1.8883,1.8851,1.8861,1170716.5
2026-01-27 09:20:00+00:00,1.8861,1.8865,1.8836,1.8837,1763963.1
2026-01-27 09:25:00+00:00,1.8837,1.8857,1.8837,1.8839,1138809.3
2026-01-27 09:30:00+00:00,1.884,1.8857,1.8839,1.8844,909888.4
2026-01-27 09:35:00+00:00,1.8844,1.8868,1.8838,1.8857,1103164.4
2026-01-27 09:40:00+00:00,1.8858,1.8868,1.8852,1.8855,941608.1
2026-01-27 09:45:00+00:00,1.8854,1.8857,1.8831,1.8848,1454856.2
2026-01-27 09:50:00+00:00,1.8849,1.8849,1.8835,1.8836,712983.0
2026-01-27 09:55:00+00:00,1.8835,1.8836,1.8815,1.8826,1297525.1
2026-01-27 10:00:00+00:00,1.8825,1.884,1.882,1.883,978122.2
2026-01-27 10:05:00+00:00,1.883,1.8861,1.8829,1.886,938747.9
2026-01-27 10:10:00+00:00,1.886,1.8875,1.8856,1.8869,975974.7
2026-01-27 10:15:00+00:00,1.8869,1.8882,1.8867,1.888,754619.1
2026-01-27 10:20:00+00:00,1.888,1.8886,1.8864,1.8872,663428.8
2026-01-27 10:25:00+00:00,1.8871,1.8882,1.8861,1.8864,1498777.2
2026-01-27 10:30:00+00:00,1.8864,1.8869,1.8841,1.8858,1439450.7
2026-01-27 10:35:00+00:00,1.8859,1.886,1.8843,1.8845,558196.2
2026-01-27 10:40:00+00:00,1.8845,1.8855,1.8832,1.8835,871677.5
2026-01-27 10:45:00+00:00,1.8835,1.8846,1.8824,1.8836,1257787.5
2026-01-27 10:50:00+00:00,1.8836,1.8851,1.883,1.8851,492112.3
2026-01-27 10:55:00+00:00,1.8852,1.8855,1.8832,1.884,403041.2
2026-01-27 11:00:00+00:00,1.884,1.8846,1.882,1.883,800352.9
2026-01-27 11:05:00+00:00,1.883,1.8858,1.883,1.8848,1032345.2
2026-01-27 11:10:00+00:00,1.8848,1.8856,1.884,1.8841,1181195.8
2026-01-27 11:15:00+00:00,1.884,1.8858,1.8839,1.8839,1178255.7
2026-01-27 11:20:00+00:00,1.8839,1.884,1.8808,1.8817,1797036.0
2026-01-27 11:25:00+00:00,1.8817,1.8837,1.8815,1.8835,698885.3
2026-01-27 11:30:00+00:00,1.8835,1.889,1.8828,1.889,2560389.3
2026-01-27 11:35:00+00:00,1.8889,1.8914,1.8884,1.889,2827478.9
2026-01-27 11:40:00+00:00,1.889,1.8906,1.8889,1.89,1068650.0
2026-01-27 11:45:00+00:00,1.89,1.8908,1.8887,1.8901,874933.7
2026-01-27 11:50:00+00:00,1.8901,1.8918,1.8901,1.8909,1579950.5
2026-01-27 11:55:00+00:00,1.8909,1.8913,1.8877,1.888,723254.8
2026-01-27 12:00:00+00:00,1.888,1.8895,1.8866,1.8877,2271839.8
2026-01-27 12:05:00+00:00,1.8877,1.8884,1.8866,1.8879,694854.6
2026-01-27 12:10:00+00:00,1.888,1.8908,1.8879,1.8897,974460.9
2026-01-27 12:15:00+00:00,1.8897,1.8905,1.8893,1.8902,606583.0
2026-01-27 12:20:00+00:00,1.8901,1.8921,1.8901,1.8918,1164090.1
2026-01-27 12:25:00+00:00,1.8917,1.8925,1.8878,1.8897,1438685.7
2026-01-27 12:30:00+00:00,1.8897,1.8897,1.8874,1.8878,974071.8
2026-01-27 12:35:00+00:00,1.8877,1.8879,1.8851,1.8851,1335339.9
2026-01-27 12:40:00+00:00,1.8851,1.8853,1.8833,1.8843,972943.5
2026-01-27 12:45:00+00:00,1.8843,1.8849,1.8836,1.884,653084.5
2026-01-27 12:50:00+00:00,1.8841,1.8861,1.8841,1.8853,506169.3
2026-01-27 12:55:00+00:00,1.8853,1.8854,1.8839,1.8839,1372764.7
2026-01-27 13:00:00+00:00,1.884,1.8856,1.884,1.8856,1384092.9
2026-01-27 13:05:00+00:00,1.8856,1.8856,1.8825,1.8826,1316477.4
2026-01-27 13:10:00+00:00,1.8826,1.8834,1.882,1.8831,893488.8
2026-01-27 13:15:00+00:00,1.8831,1.8834,1.8809,1.8815,813692.3
2026-01-27 13:20:00+00:00,1.8815,1.8817,1.8788,1.881,2364883.3
2026-01-27 13:25:00+00:00,1.8809,1.881,1.8789,1.8791,840679.8
2026-01-27 13:30:00+00:00,1.879,1.8813,1.8768,1.8809,1645690.1
2026-01-27 13:35:00+00:00,1.8809,1.8839,1.8807,1.8819,1242672.6
2026-01-27 13:40:00+00:00,1.8819,1.882,1.8803,1.8803,637510.4
2026-01-27 13:45:00+00:00,1.8803,1.8805,1.8729,1.8742,3146552.9
2026-01-27 13:50:00+00:00,1.8742,1.8762,1.8731,1.876,1403878.6
2026-01-27 13:55:00+00:00,1.8759,1.8766,1.8752,1.8758,1111806.9
2026-01-27 14:00:00+00:00,1.8759,1.8812,1.8752,1.8799,1705712.1
2026-01-27 14:05:00+00:00,1.88,1.8813,1.8776,1.8809,1052854.5
2026-01-27 14:10:00+00:00,1.881,1.8881,1.8809,1.888,2648382.4
2026-01-27 14:15:00+00:00,1.888,1.8958,1.8872,1.888,5848514.0
2026-01-27 14:20:00+00:00,1.888,1.8923,1.8866,1.8923,1194029.0
2026-01-27 14:25:00+00:00,1.8923,1.894,1.8892,1.8901,1534643.9
2026-01-27 14:30:00+00:00,1.8902,1.8932,1.8851,1.8866,2709111.9
2026-01-27 14:35:00+00:00,1.8866,1.8892,1.878,1.8806,4487888.8
2026-01-27 14:40:00+00:00,1.8806,1.8866,1.8798,1.8815,2052438.9
2026-01-27 14:45:00+00:00,1.8815,1.8872,1.8809,1.8863,2035110.7
2026-01-27 14:50:00+00:00,1.8863,1.887,1.8807,1.8845,1622980.4
2026-01-27 14:55:00+00:00,1.8845,1.8873,1.8815,1.8825,1515227.0
2026-01-27 15:00:00+00:00,1.8826,1.8888,1.8797,1.885,2116104.1
2026-01-27 15:05:00+00:00,1.8851,1.8887,1.8825,1.8879,2231894.0
2026-01-27 15:10:00+00:00,1.8879,1.8942,1.8859,1.8873,2769794.1
2026-01-27 15:15:00+00:00,1.8873,1.8895,1.8846,1.886,1229916.8
2026-01-27 15:20:00+00:00,1.886,1.8862,1.8806,1.8816,1618036.8
2026-01-27 15:25:00+00:00,1.8815,1.8845,1.879,1.8794,1498773.4
2026-01-27 15:30:00+00:00,1.8794,1.8814,1.8786,1.8801,1457271.8
2026-01-27 15:35:00+00:00,1.8801,1.8841,1.8794,1.8837,1742662.1
2026-01-27 15:40:00+00:00,1.8837,1.8844,1.8802,1.882,772030.4
2026-01-27 15:45:00+00:00,1.8821,1.8912,1.882,1.8903,2952479.9
2026-01-27 15:50:00+00:00,1.8903,1.8904,1.8868,1.8895,1207349.4
2026-01-27 15:55:00+00:00,1.8895,1.8952,1.889,1.8922,2571624.9
2026-01-27 16:00:00+00:00,1.8921,1.9006,1.8914,1.8964,3298458.2
2026-01-27 16:05:00+00:00,1.8964,1.908,1.8958,1.9055,8871842.9
2026-01-27 16:10:00+00:00,1.9055,1.9106,1.905,1.9061,6154885.9
2026-01-27 16:15:00+00:00,1.9061,1.9097,1.9038,1.9084,3242029.1
2026-01-27 16:20:00+00:00,1.9084,1.9111,1.9059,1.9079,2695219.2
2026-01-27 16:25:00+00:00,1.9079,1.9083,1.9011,1.9027,4804797.7
2026-01-27 16:30:00+00:00,1.9026,1.9121,1.9024,1.9096,4826477.6
2026-01-27 16:35:00+00:00,1.9095,1.9121,1.9079,1.911,1846055.4
2026-01-27 16:40:00+00:00,1.911,1.9126,1.9095,1.9117,2270570.3
2026-01-27 16:45:00+00:00,1.9116,1.9125,1.9076,1.9091,2428751.7
2026-01-27 16:50:00+00:00,1.909,1.9105,1.9039,1.9045,2075498.8
2026-01-27 16:55:00+00:00,1.9045,1.9155,1.9045,1.9129,6998038.8
2026-01-27 17:00:00+00:00,1.9129,1.9141,1.9107,1.9111,3251543.9
2026-01-27 17:05:00+00:00,1.9111,1.9114,1.9032,1.9033,3251537.3
2026-01-27 17:10:00+00:00,1.9034,1.904,1.8924,1.894,7245948.9
2026-01-27 17:15:00+00:00,1.894,1.8941,1.884,1.8851,6346412.5
2026-01-27 17:20:00+00:00,1.885,1.8869,1.8819,1.8863,4572272.9
2026-01-27 17:25:00+00:00,1.8863,1.8941,1.8854,1.8927,3214918.1
2026-01-27 17:30:00+00:00,1.8927,1.8961,1.8884,1.8888,2692062.5
2026-01-27 17:35:00+00:00,1.8888,1.8903,1.8804,1.8835,4457607.5
2026-01-27 17:40:00+00:00,1.8834,1.8848,1.8767,1.8782,4668722.0
2026-01-27 17:45:00+00:00,1.8781,1.88,1.8761,1.8772,2844215.9
2026-01-27 17:50:00+00:00,1.8772,1.8807,1.8755,1.8776,1488724.5
2026-01-27 17:55:00+00:00,1.8776,1.8802,1.8761,1.8796,2185483.0
2026-01-27 18:00:00+00:00,1.8796,1.8895,1.8771,1.886,4144566.8
2026-01-27 18:05:00+00:00,1.886,1.8861,1.8809,1.8825,2006490.0
2026-01-27 18:10:00+00:00,1.8825,1.8854,1.88,1.8829,1579653.7
2026-01-27 18:15:00+00:00,1.8829,1.8874,1.8828,1.8852,1412245.3
2026-01-27 18:20:00+00:00,1.8852,1.8884,1.883,1.8844,1317194.2
2026-01-27 18:25:00+00:00,1.8844,1.8862,1.8842,1.8843,639980.2
2026-01-27 18:30:00+00:00,1.8843,1.8883,1.8816,1.883,1164041.7
2026-01-27 18:35:00+00:00,1.883,1.8867,1.8826,1.8847,1165112.7
2026-01-27 18:40:00+00:00,1.8848,1.8887,1.8847,1.8873,877306.6
2026-01-27 18:45:00+00:00,1.8872,1.8931,1.8871,1.8921,1479397.2
2026-01-27 18:50:00+00:00,1.8922,1.8955,1.8922,1.8945,1452305.3
2026-01-27 18:55:00+00:00,1.8944,1.9121,1.8943,1.9058,7639185.4
2026-01-27 19:00:00+00:00,1.9059,1.9074,1.9029,1.904,3088582.3
2026-01-27 19:05:00+00:00,1.904,1.9055,1.9011,1.9052,2273884.7
2026-01-27 19:10:00+00:00,1.9053,1.9071,1.9049,1.906,1022433.0
2026-01-27 19:15:00+00:00,1.906,1.9077,1.9024,1.9058,1298365.0
2026-01-27 19:20:00+00:00,1.9058,1.9069,1.9038,1.9044,894953.0
2026-01-27 19:25:00+00:00,1.9043,1.9045,1.9003,1.9009,839390.2
2026-01-27 19:30:00+00:00,1.901,1.9019,1.8975,1.8992,1621444.9
2026-01-27 19:35:00+00:00,1.8992,1.903,1.8989,1.9023,958028.0
2026-01-27 19:40:00+00:00,1.9023,1.9101,1.9018,1.9086,1392391.2
2026-01-27 19:45:00+00:00,1.9087,1.9098,1.9061,1.9077,1294837.8
2026-01-27 19:50:00+00:00,1.9077,1.9077,1.9051,1.9058,1400362.8
2026-01-27 19:55:00+00:00,1.9059,1.9067,1.9053,1.9062,728263.1
2026-01-27 20:00:00+00:00,1.9061,1.9104,1.9049,1.9092,1980717.2
2026-01-27 20:05:00+00:00,1.9093,1.914,1.9086,1.9132,2233048.4
2026-01-27 20:10:00+00:00,1.9131,1.9159,1.9118,1.9153,3472137.1
2026-01-27 20:15:00+00:00,1.9153,1.9208,1.9135,1.9183,3994385.8
2026-01-27 20:20:00+00:00,1.9184,1.9266,1.9182,1.9231,6992397.7
2026-01-27 20:25:00+00:00,1.9232,1.9265,1.9209,1.9253,1709754.6
2026-01-27 20:30:00+00:00,1.9253,1.9255,1.917,1.9203,2737269.4
2026-01-27 20:35:00+00:00,1.9203,1.9209,1.9153,1.9153,1280719.1
2026-01-27 20:40:00+00:00,1.9154,1.9167,1.9133,1.9137,1256304.4
2026-01-27 20:45:00+00:00,1.9138,1.9287,1.9136,1.9249,4212626.3
2026-01-27 20:50:00+00:00,1.9249,1.9249,1.9199,1.9233,2162804.8
2026-01-27 20:55:00+00:00,1.9232,1.9252,1.9189,1.9221,2516466.1
2026-01-27 21:00:00+00:00,1.922,1.9264,1.9195,1.9262,2684592.6
2026-01-27 21:05:00+00:00,1.9263,1.9286,1.9238,1.9267,3762099.0
2026-01-27 21:10:00+00:00,1.9266,1.9274,1.9213,1.9218,4453799.4
2026-01-27 21:15:00+00:00,1.9217,1.9248,1.9217,1.9237,2983807.7
2026-01-27 21:20:00+00:00,1.9238,1.9256,1.9221,1.9221,2445849.4
2026-01-27 21:25:00+00:00,1.9221,1.9226,1.9187,1.9195,1219487.4
2026-01-27 21:30:00+00:00,1.9195,1.9207,1.916,1.9199,1734938.0
2026-01-27 21:35:00+00:00,1.9199,1.9206,1.9159,1.9162,1073725.4
2026-01-27 21:40:00+00:00,1.9162,1.9195,1.915,1.9158,1802245.4
2026-01-27 21:45:00+00:00,1.9158,1.9187,1.9143,1.9145,1070576.6
2026-01-27 21:50:00+00:00,1.9145,1.9163,1.9127,1.913,839369.1
2026-01-27 21:55:00+00:00,1.913,1.9133,1.9101,1.9113,1701987.7
2026-01-27 22:00:00+00:00,1.9113,1.9186,1.9113,1.916,2066224.2
2026-01-27 22:05:00+00:00,1.9161,1.9173,1.9144,1.9155,738634.3
2026-01-27 22:10:00+00:00,1.9155,1.9168,1.9148,1.9152,764618.7
2026-01-27 22:15:00+00:00,1.9151,1.9159,1.9114,1.9121,798447.0
2026-01-27 22:20:00+00:00,1.9121,1.9126,1.9105,1.9126,748419.2
2026-01-27 22:25:00+00:00,1.9126,1.9162,1.9113,1.9129,929233.7
2026-01-27 22:30:00+00:00,1.9128,1.9164,1.9122,1.916,770460.3
2026-01-27 22:35:00+00:00,1.916,1.9218,1.9154,1.9212,1947796.1
2026-01-27 22:40:00+00:00,1.9212,1.9247,1.9207,1.9228,804759.6
2026-01-27 22:45:00+00:00,1.9228,1.9228,1.9195,1.9195,651136.0
2026-01-27 22:50:00+00:00,1.9195,1.9217,1.919,1.9197,454293.4
2026-01-27 22:55:00+00:00,1.9197,1.9201,1.9173,1.9177,701253.8
2026-01-27 23:00:00+00:00,1.9177,1.9185,1.9141,1.9149,1637753.6
2026-01-27 23:05:00+00:00,1.9148,1.9174,1.9144,1.9153,714347.0
2026-01-27 23:10:00+00:00,1.9153,1.9171,1.9145,1.9166,732723.4
2026-01-27 23:15:00+00:00,1.9165,1.9173,1.9152,1.9161,456964.8
2026-01-27 23:20:00+00:00,1.916,1.9187,1.9156,1.9183,936743.7
2026-01-27 23:25:00+00:00,1.9182,1.9206,1.9179,1.9201,626325.2
2026-01-27 23:30:00+00:00,1.9202,1.9207,1.9181,1.9196,488082.2
2026-01-27 23:35:00+00:00,1.9197,1.9209,1.9172,1.9201,1084319.9
2026-01-27 23:40:00+00:00,1.9201,1.9208,1.918,1.9184,647172.2
2026-01-27 23:45:00+00:00,1.9184,1.9205,1.9175,1.9185,748713.1
2026-01-27 23:50:00+00:00,1.9186,1.9187,1.9152,1.9154,815582.0
2026-01-27 23:55:00+00:00,1.9155,1.9159,1.9142,1.9147,738609.2
2026-01-28 00:00:00+00:00,1.9148,1.9181,1.9148,1.9161,2799910.7
2026-01-28 00:05:00+00:00,1.9162,1.9162,1.9151,1.9153,1124469.3
2026-01-28 00:10:00+00:00,1.9153,1.9165,1.9134,1.9164,652583.6
2026-01-28 00:15:00+00:00,1.9165,1.9166,1.9131,1.9149,797417.3
2026-01-28 00:20:00+00:00,1.9148,1.9166,1.9148,1.9165,735252.4
2026-01-28 00:25:00+00:00,1.9166,1.9184,1.9128,1.9134,1531854.5
2026-01-28 00:30:00+00:00,1.9134,1.9134,1.9106,1.911,1113039.5
2026-01-28 00:35:00+00:00,1.911,1.9114,1.9094,1.9097,1465921.2
2026-01-28 00:40:00+00:00,1.9097,1.9109,1.9085,1.9091,993128.2
2026-01-28 00:45:00+00:00,1.909,1.912,1.9082,1.9119,870064.4
2026-01-28 00:50:00+00:00,1.9119,1.913,1.9083,1.9094,1088442.3
2026-01-28 00:55:00+00:00,1.9093,1.9114,1.9092,1.911,822947.0
2026-01-28 01:00:00+00:00,1.9111,1.9119,1.9079,1.9105,2124498.5
2026-01-28 01:05:00+00:00,1.9106,1.9115,1.9056,1.9062,2031413.2
2026-01-28 01:10:00+00:00,1.9062,1.9062,1.9027,1.9039,1709714.0
2026-01-28 01:15:00+00:00,1.9039,1.9056,1.9028,1.9046,797566.6
2026-01-28 01:20:00+00:00,1.9046,1.9062,1.9026,1.9029,851064.8
2026-01-28 01:25:00+00:00,1.9029,1.9036,1.8975,1.8999,3443529.3
2026-01-28 01:30:00+00:00,1.9,1.9018,1.8963,1.8986,1361269.9
2026-01-28 01:35:00+00:00,1.8986,1.9001,1.8978,1.8984,729117.8
2026-01-28 01:40:00+00:00,1.8984,1.9005,1.8982,1.9,784576.0
2026-01-28 01:45:00+00:00,1.9,1.9018,1.899,1.9003,562721.3
2026-01-28 01:50:00+00:00,1.9004,1.9046,1.8993,1.9029,744785.0
2026-01-28 01:55:00+00:00,1.9029,1.9031,1.901,1.9018,978149.9
2026-01-28 02:00:00+00:00,1.9018,1.9041,1.9006,1.9024,1009532.0
2026-01-28 02:05:00+00:00,1.9023,1.9024,1.8958,1.897,1125502.8
2026-01-28 02:10:00+00:00,1.897,1.8981,1.8945,1.8952,973200.7
2026-01-28 02:15:00+00:00,1.8952,1.8973,1.8947,1.8966,502927.6
2026-01-28 02:20:00+00:00,1.8966,1.8999,1.8933,1.8978,1317447.3
2026-01-28 02:25:00+00:00,1.8977,1.9022,1.897,1.9009,695369.8
2026-01-28 02:30:00+00:00,1.9009,1.9033,1.8981,1.8987,970208.2
2026-01-28 02:35:00+00:00,1.8986,1.9004,1.8972,1.899,610865.5
2026-01-28 02:40:00+00:00,1.8989,1.9016,1.8981,1.8983,548337.1
2026-01-28 02:45:00+00:00,1.8983,1.8988,1.8965,1.8974,489979.2
2026-01-28 02:50:00+00:00,1.8974,1.9007,1.8972,1.8997,361993.4
2026-01-28 02:55:00+00:00,1.8996,1.9024,1.8996,1.9014,411348.7
2026-01-28 03:00:00+00:00,1.9014,1.9031,1.8992,1.9019,965170.8
2026-01-28 03:05:00+00:00,1.9019,1.903,1.8999,1.8999,685521.5
2026-01-28 03:10:00+00:00,1.8998,1.9007,1.8971,1.8989,1641169.9
2026-01-28 03:15:00+00:00,1.8989,1.8995,1.8968,1.8977,544847.2
2026-01-28 03:20:00+00:00,1.8977,1.9002,1.8967,1.8992,484393.8
2026-01-28 03:25:00+00:00,1.8992,1.9,1.8987,1.8992,313245.8
2026-01-28 03:30:00+00:00,1.8992,1.902,1.8967,1.9012,638977.2
2026-01-28 03:35:00+00:00,1.9012,1.9019,1.8981,1.8991,420086.5
2026-01-28 03:40:00+00:00,1.8991,1.9004,1.8982,1.8987,298574.7
2026-01-28 03:45:00+00:00,1.8988,1.9011,1.8987,1.9004,381456.9
2026-01-28 03:50:00+00:00,1.9004,1.9016,1.8983,1.9016,590427.6
2026-01-28 03:55:00+00:00,1.9016,1.9019,1.9007,1.9009,355815.3
2026-01-28 04:00:00+00:00,1.9008,1.9015,1.8991,1.8996,673736.3
2026-01-28 04:05:00+00:00,1.8997,1.9009,1.8983,1.8993,490720.0
2026-01-28 04:10:00+00:00,1.8993,1.9005,1.8975,1.8985,483842.4
2026-01-28 04:15:00+00:00,1.8985,1.8994,1.897,1.8981,1096185.0
2026-01-28 04:20:00+00:00,1.8981,1.8988,1.8966,1.8968,704556.5
2026-01-28 04:25:00+00:00,1.8968,1.8977,1.8955,1.8973,1018356.7
2026-01-28 04:30:00+00:00,1.8973,1.9013,1.8966,1.8997,472938.3
2026-01-28 04:35:00+00:00,1.8997,1.9019,1.8997,1.9018,578308.7
2026-01-28 04:40:00+00:00,1.9018,1.9033,1.9013,1.9014,662669.4
2026-01-28 04:45:00+00:00,1.9015,1.9019,1.8999,1.9014,531002.6
2026-01-28 04:50:00+00:00,1.9015,1.9018,1.8995,1.8998,304965.0
2026-01-28 04:55:00+00:00,1.8998,1.9011,1.8996,1.9006,255228.2
2026-01-28 05:00:00+00:00,1.9006,1.9033,1.9004,1.9023,805574.3
2026-01-28 05:05:00+00:00,1.9022,1.9039,1.9009,1.9019,1788914.5
2026-01-28 05:10:00+00:00,1.9019,1.902,1.8989,1.8994,741937.2
2026-01-28 05:15:00+00:00,1.8995,1.9018,1.8984,1.901,1392486.4
2026-01-28 05:20:00+00:00,1.901,1.9011,1.8996,1.9003,1062665.2
2026-01-28 05:25:00+00:00,1.9002,1.9003,1.8987,1.9,360841.5
2026-01-28 05:30:00+00:00,1.8999,1.9041,1.8999,1.9039,851733.1
2026-01-28 05:35:00+00:00,1.9039,1.9067,1.9038,1.9062,835994.8
2026-01-28 05:40:00+00:00,1.9061,1.9081,1.905,1.9052,1527635.1
2026-01-28 05:45:00+00:00,1.9052,1.9082,1.9039,1.907,1335411.4
2026-01-28 05:50:00+00:00,1.9069,1.9093,1.9069,1.9084,1386677.3
2026-01-28 05:55:00+00:00,1.9084,1.9117,1.9084,1.9112,1114345.8
2026-01-28 06:00:00+00:00,1.9112,1.9151,1.9112,1.9146,2883543.3
2026-01-28 06:05:00+00:00,1.9146,1.9157,1.9132,1.9144,919906.2
2026-01-28 06:10:00+00:00,1.9144,1.9173,1.9141,1.9167,1597466.2
2026-01-28 06:15:00+00:00,1.9167,1.9176,1.9153,1.9175,883126.9
2026-01-28 06:20:00+00:00,1.9176,1.9199,1.9144,1.9197,1327942.5
2026-01-28 06:25:00+00:00,1.9198,1.9236,1.919,1.9194,3221591.5
2026-01-28 06:30:00+00:00,1.9194,1.9209,1.9177,1.9185,1035581.5
2026-01-28 06:35:00+00:00,1.9184,1.9184,1.9143,1.9144,1282436.9
2026-01-28 06:40:00+00:00,1.9143,1.9152,1.9135,1.915,749667.8
2026-01-28 06:45:00+00:00,1.9151,1.9162,1.9134,1.9157,652231.6
2026-01-28 06:50:00+00:00,1.9157,1.9241,1.9157,1.9222,2542069.2
2026-01-28 06:55:00+00:00,1.9221,1.9235,1.9196,1.9205,1400122.1
2026-01-28 07:00:00+00:00,1.9205,1.923,1.9191,1.9219,1443067.6
2026-01-28 07:05:00+00:00,1.9219,1.9221,1.9198,1.9212,1127365.9
2026-01-28 07:10:00+00:00,1.9213,1.9219,1.9187,1.9203,740076.4
2026-01-28 07:15:00+00:00,1.9204,1.9211,1.9194,1.9195,526670.9
2026-01-28 07:20:00+00:00,1.9196,1.9204,1.9173,1.9176,843232.7
2026-01-28 07:25:00+00:00,1.9176,1.9183,1.9169,1.9172,533069.1
2026-01-28 07:30:00+00:00,1.9172,1.9172,1.9133,1.9146,1125187.5
2026-01-28 07:35:00+00:00,1.9145,1.9158,1.9139,1.9156,434128.5
2026-01-28 07:40:00+00:00,1.9155,1.9167,1.9151,1.9162,749113.6
2026-01-28 07:45:00+00:00,1.9161,1.9176,1.9151,1.9173,565739.1
2026-01-28 07:50:00+00:00,1.9172,1.9174,1.9141,1.9145,673827.4
2026-01-28 07:55:00+00:00,1.9144,1.9152,1.9135,1.9152,523636.2
2026-01-28 08:00:00+00:00,1.9152,1.918,1.9144,1.9168,1068489.8
2026-01-28 08:05:00+00:00,1.9168,1.9173,1.9147,1.9161,610934.2
2026-01-28 08:10:00+00:00,1.916,1.9179,1.9146,1.9176,576475.8
2026-01-28 08:15:00+00:00,1.9176,1.918,1.9149,1.9157,416800.0
2026-01-28 08:20:00+00:00,1.9157,1.9165,1.914,1.9149,538317.8
2026-01-28 08:25:00+00:00,1.915,1.9151,1.9107,1.9125,1294403.7
2026-01-28 08:30:00+00:00,1.9124,1.9132,1.9105,1.9112,668058.0
2026-01-28 08:35:00+00:00,1.9113,1.9144,1.91,1.9139,673840.9
2026-01-28 08:40:00+00:00,1.9139,1.9143,1.9109,1.9111,362519.7
2026-01-28 08:45:00+00:00,1.9111,1.9111,1.9086,1.9097,841926.6
2026-01-28 08:50:00+00:00,1.9098,1.9119,1.9094,1.9099,712662.1
2026-01-28 08:55:00+00:00,1.9099,1.9104,1.9076,1.9088,1201421.2
2026-01-28 09:00:00+00:00,1.9088,1.9098,1.9082,1.9089,893376.0
2026-01-28 09:05:00+00:00,1.9089,1.9109,1.9082,1.9105,1178250.4
2026-01-28 09:10:00+00:00,1.9104,1.9108,1.9087,1.9087,812140.8
2026-01-28 09:15:00+00:00,1.9088,1.9094,1.907,1.9071,419485.0
2026-01-28 09:20:00+00:00,1.9071,1.9087,1.9053,1.9073,1044535.6
2026-01-28 09:25:00+00:00,1.9074,1.9103,1.9067,1.9095,727346.9
2026-01-28 09:30:00+00:00,1.9096,1.9128,1.9096,1.9121,1233618.0
2026-01-28 09:35:00+00:00,1.9121,1.9255,1.912,1.9211,5792236.6
2026-01-28 09:40:00+00:00,1.9212,1.9226,1.9209,1.9218,1255636.1
2026-01-28 09:45:00+00:00,1.9217,1.9245,1.9208,1.9234,1633478.3
2026-01-28 09:50:00+00:00,1.9235,1.9282,1.9228,1.9267,3315277.9
2026-01-28 09:55:00+00:00,1.9268,1.932,1.9268,1.9312,3224341.4
2026-01-28 10:00:00+00:00,1.9312,1.9336,1.9284,1.9302,4109775.3
2026-01-28 10:05:00+00:00,1.9303,1.9319,1.9274,1.9307,1399504.1
2026-01-28 10:10:00+00:00,1.9307,1.9323,1.9283,1.9323,1183928.1
2026-01-28 10:15:00+00:00,1.9323,1.9364,1.9277,1.9284,2441968.2
2026-01-28 10:20:00+00:00,1.9284,1.9284,1.926,1.927,1100805.5
2026-01-28 10:25:00+00:00,1.927,1.9277,1.9255,1.9257,786522.6
2026-01-28 10:30:00+00:00,1.9256,1.9297,1.9256,1.9294,891088.6
2026-01-28 10:35:00+00:00,1.9294,1.9312,1.9292,1.93,1346058.2
2026-01-28 10:40:00+00:00,1.9299,1.9309,1.9292,1.9295,548084.3
2026-01-28 10:45:00+00:00,1.9295,1.9302,1.928,1.9297,951031.3
2026-01-28 10:50:00+00:00,1.9296,1.9297,1.9271,1.9275,627997.2
2026-01-28 10:55:00+00:00,1.9275,1.9284,1.9266,1.9267,616469.3
2026-01-28 11:00:00+00:00,1.9266,1.9282,1.9243,1.9245,1445674.0
2026-01-28 11:05:00+00:00,1.9245,1.9261,1.9241,1.9248,1187449.2
2026-01-28 11:10:00+00:00,1.9247,1.9248,1.9233,1.9243,725042.2
2026-01-28 11:15:00+00:00,1.9243,1.9269,1.9233,1.9265,1007761.2
2026-01-28 11:20:00+00:00,1.9266,1.9271,1.9252,1.9259,593329.5
2026-01-28 11:25:00+00:00,1.9258,1.9282,1.9247,1.9278,831734.3
2026-01-28 11:30:00+00:00,1.9278,1.9284,1.924,1.9243,795059.3
2026-01-28 11:35:00+00:00,1.9244,1.9254,1.9222,1.9244,780812.8
2026-01-28 11:40:00+00:00,1.9244,1.9277,1.9244,1.9276,1004584.4
2026-01-28 11:45:00+00:00,1.9276,1.9315,1.926,1.9313,2238022.1
2026-01-28 11:50:00+00:00,1.9312,1.9381,1.9296,1.9366,3386404.7
2026-01-28 11:55:00+00:00,1.9366,1.9417,1.9352,1.9408,3793760.5
2026-01-28 12:00:00+00:00,1.9407,1.9414,1.9369,1.9374,2647752.5
2026-01-28 12:05:00+00:00,1.9374,1.9379,1.9345,1.9347,2049999.3
2026-01-28 12:10:00+00:00,1.9348,1.9374,1.9297,1.9304,4527907.2
2026-01-28 12:15:00+00:00,1.9305,1.9342,1.9301,1.9303,1583925.1
2026-01-28 12:20:00+00:00,1.9303,1.9334,1.9286,1.9313,1061121.3
2026-01-28 12:25:00+00:00,1.9313,1.9326,1.9298,1.9318,846416.1
2026-01-28 12:30:00+00:00,1.9319,1.9331,1.9306,1.9317,1163164.1
2026-01-28 12:35:00+00:00,1.9317,1.9343,1.9307,1.9336,1182907.6
2026-01-28 12:40:00+00:00,1.9336,1.9355,1.9288,1.9303,1210180.0
2026-01-28 12:45:00+00:00,1.9304,1.931,1.9252,1.9252,1828214.8
2026-01-28 12:50:00+00:00,1.9253,1.9269,1.9232,1.9264,2952977.0
2026-01-28 12:55:00+00:00,1.9264,1.9264,1.9248,1.9253,908507.1
2026-01-28 13:00:00+00:00,1.9254,1.9278,1.9243,1.9257,1197786.4
2026-01-28 13:05:00+00:00,1.9257,1.9277,1.9252,1.9265,978891.6
2026-01-28 13:10:00+00:00,1.9264,1.9329,1.9257,1.9301,3762779.0
2026-01-28 13:15:00+00:00,1.93,1.9349,1.9285,1.9306,1806087.5
2026-01-28 13:20:00+00:00,1.9307,1.9307,1.9266,1.9295,984399.5
2026-01-28 13:25:00+00:00,1.9294,1.9306,1.9274,1.9306,755478.0
2026-01-28 13:30:00+00:00,1.9306,1.9331,1.9292,1.9327,839333.7
2026-01-28 13:35:00+00:00,1.9327,1.9359,1.931,1.9316,1844715.2
2026-01-28 13:40:00+00:00,1.9316,1.9368,1.9306,1.9352,1607381.0
2026-01-28 13:45:00+00:00,1.9352,1.9362,1.9316,1.932,1025554.6
2026-01-28 13:50:00+00:00,1.9319,1.9331,1.9316,1.9329,683390.1
2026-01-28 13:55:00+00:00,1.9329,1.9329,1.9293,1.9324,1297043.9
2026-01-28 14:00:00+00:00,1.9324,1.9325,1.9284,1.9299,1624836.5
2026-01-28 14:05:00+00:00,1.9298,1.9299,1.9252,1.9256,1718235.2
2026-01-28 14:10:00+00:00,1.9256,1.9257,1.9224,1.9229,2184160.9
2026-01-28 14:15:00+00:00,1.9228,1.9232,1.9168,1.9179,4992070.8
2026-01-28 14:20:00+00:00,1.9179,1.9198,1.9163,1.9185,2682015.9
2026-01-28 14:25:00+00:00,1.9185,1.9217,1.9177,1.9201,1666518.9
2026-01-28 14:30:00+00:00,1.92,1.9296,1.9192,1.9289,3340849.6
2026-01-28 14:35:00+00:00,1.9289,1.93,1.9195,1.9199,2565293.8
2026-01-28 14:40:00+00:00,1.92,1.923,1.9175,1.921,2190446.8
2026-01-28 14:45:00+00:00,1.921,1.9222,1.9142,1.9196,3368227.8
2026-01-28 14:50:00+00:00,1.9195,1.9244,1.918,1.9233,2045917.2
2026-01-28 14:55:00+00:00,1.9233,1.9233,1.918,1.9185,1231130.9
2026-01-28 15:00:00+00:00,1.9184,1.9233,1.918,1.9213,1386365.2
2026-01-28 15:05:00+00:00,1.9214,1.9231,1.9142,1.9143,3329475.8
2026-01-28 15:10:00+00:00,1.9143,1.9152,1.903,1.9039,8520658.2
2026-01-28 15:15:00+00:00,1.9038,1.909,1.9,1.9062,5670840.0
2026-01-28 15:20:00+00:00,1.9061,1.9099,1.9061,1.9071,2721160.2
2026-01-28 15:25:00+00:00,1.9072,1.9108,1.9052,1.9072,1634746.1
2026-01-28 15:30:00+00:00,1.9073,1.91,1.9045,1.9045,1527727.4
2026-01-28 15:35:00+00:00,1.9046,1.9107,1.9043,1.9074,1694906.5
2026-01-28 15:40:00+00:00,1.9073,1.9116,1.9069,1.9101,1696870.2
2026-01-28 15:45:00+00:00,1.91,1.9128,1.904,1.9057,2161943.1
2026-01-28 15:50:00+00:00,1.9057,1.9087,1.9045,1.9087,1016164.5
2026-01-28 15:55:00+00:00,1.9087,1.91,1.906,1.9065,1032604.3
2026-01-28 16:00:00+00:00,1.9066,1.9079,1.9023,1.9046,2925743.2
2026-01-28 16:05:00+00:00,1.9046,1.9062,1.9024,1.9047,1295890.0
2026-01-28 16:10:00+00:00,1.9046,1.9064,1.9035,1.9043,1208128.1
2026-01-28 16:15:00+00:00,1.9042,1.9078,1.9034,1.9065,1046196.4
2026-01-28 16:20:00+00:00,1.9065,1.9098,1.9039,1.9062,1371474.1
2026-01-28 16:25:00+00:00,1.9061,1.914,1.9056,1.9129,2426681.8
2026-01-28 16:30:00+00:00,1.9128,1.9149,1.9038,1.9038,4319590.3
2026-01-28 16:35:00+00:00,1.9038,1.9075,1.9038,1.9067,1896126.7
2026-01-28 16:40:00+00:00,1.9066,1.9067,1.8997,1.903,2705864.5
2026-01-28 16:45:00+00:00,1.9031,1.908,1.9026,1.9072,1087269.0
2026-01-28 16:50:00+00:00,1.9073,1.9099,1.9027,1.9098,1882779.6
2026-01-28 16:55:00+00:00,1.9099,1.9109,1.9066,1.9069,1182783.6
2026-01-28 17:00:00+00:00,1.9069,1.9102,1.9066,1.9087,836620.9
2026-01-28 17:05:00+00:00,1.9087,1.9096,1.9055,1.9074,924161.3
2026-01-28 17:10:00+00:00,1.9074,1.9117,1.907,1.9097,727706.3
2026-01-28 17:15:00+00:00,1.9097,1.9103,1.9074,1.9091,940104.2
2026-01-28 17:20:00+00:00,1.9091,1.9107,1.9059,1.9067,1221049.8
2026-01-28 17:25:00+00:00,1.9068,1.9077,1.9054,1.9068,495362.7
2026-01-28 17:30:00+00:00,1.9068,1.9068,1.8996,1.9059,2172488.6
2026-01-28 17:35:00+00:00,1.9059,1.9142,1.9059,1.9127,3078179.5
2026-01-28 17:40:00+00:00,1.9126,1.918,1.9119,1.9154,1756012.4
2026-01-28 17:45:00+00:00,1.9154,1.9178,1.9147,1.9153,1509122.1
2026-01-28 17:50:00+00:00,1.9154,1.9275,1.9154,1.9243,5678800.7
2026-01-28 17:55:00+00:00,1.9243,1.925,1.9189,1.9204,2196560.1
2026-01-28 18:00:00+00:00,1.9205,1.921,1.9111,1.919,5718054.2
2026-01-28 18:05:00+00:00,1.919,1.9199,1.9155,1.9167,1535898.7
2026-01-28 18:10:00+00:00,1.9167,1.9205,1.9154,1.9189,728882.1
2026-01-28 18:15:00+00:00,1.9189,1.9195,1.9139,1.9145,1013123.1
2026-01-28 18:20:00+00:00,1.9145,1.9182,1.9138,1.9158,3382920.7
2026-01-28 18:25:00+00:00,1.9158,1.9163,1.9109,1.9129,2165348.7
2026-01-28 18:30:00+00:00,1.913,1.916,1.912,1.9134,738552.7
2026-01-28 18:35:00+00:00,1.9135,1.9159,1.913,1.9159,593197.3
2026-01-28 18:40:00+00:00,1.9159,1.9162,1.9133,1.9147,683753.0
2026-01-28 18:45:00+00:00,1.9147,1.9155,1.9124,1.9148,799144.3
2026-01-28 18:50:00+00:00,1.9149,1.9169,1.9112,1.9134,1452626.6
2026-01-28 18:55:00+00:00,1.9134,1.9169,1.913,1.9151,904195.0
2026-01-28 19:00:00+00:00,1.9151,1.9212,1.9093,1.9175,6011342.5
2026-01-28 19:05:00+00:00,1.9175,1.9186,1.9113,1.9156,1949822.3
2026-01-28 19:10:00+00:00,1.9156,1.9191,1.9133,1.9148,1947282.5
2026-01-28 19:15:00+00:00,1.9147,1.9172,1.9126,1.9143,881619.7
2026-01-28 19:20:00+00:00,1.9143,1.92,1.9133,1.9174,1198033.8
2026-01-28 19:25:00+00:00,1.9175,1.9201,1.9143,1.9149,1159463.9
2026-01-28 19:30:00+00:00,1.9149,1.9188,1.9096,1.9127,3129913.0
2026-01-28 19:35:00+00:00,1.9127,1.9157,1.9104,1.9112,1220310.3
2026-01-28 19:40:00+00:00,1.9112,1.9118,1.905,1.9071,2327825.9
2026-01-28 19:45:00+00:00,1.9072,1.9189,1.9067,1.9177,2376150.7
2026-01-28 19:50:00+00:00,1.9178,1.9211,1.9147,1.9202,1723302.0
2026-01-28 19:55:00+00:00,1.9202,1.9232,1.9181,1.9187,1761936.3
2026-01-28 20:00:00+00:00,1.9186,1.9242,1.9171,1.9207,2501438.1
2026-01-28 20:05:00+00:00,1.9207,1.923,1.9198,1.9212,906675.1
2026-01-28 20:10:00+00:00,1.9213,1.9217,1.9182,1.9204,991871.8
2026-01-28 20:15:00+00:00,1.9203,1.9254,1.9181,1.9222,2364585.7
2026-01-28 20:20:00+00:00,1.9222,1.9266,1.922,1.9253,1126990.5
2026-01-28 20:25:00+00:00,1.9253,1.932,1.9234,1.9282,4251730.4
2026-01-28 20:30:00+00:00,1.9282,1.9288,1.9214,1.9234,2627192.0
2026-01-28 20:35:00+00:00,1.9233,1.9233,1.9141,1.9179,2101448.7
2026-01-28 20:40:00+00:00,1.9178,1.92,1.9165,1.917,556307.1
2026-01-28 20:45:00+00:00,1.917,1.9183,1.915,1.9151,1205405.9
2026-01-28 20:50:00+00:00,1.915,1.9195,1.9143,1.9195,876855.3
2026-01-28 20:55:00+00:00,1.9196,1.9212,1.9156,1.9171,4338787.0
2026-01-28 21:00:00+00:00,1.9171,1.919,1.9062,1.9109,6045208.6
2026-01-28 21:05:00+00:00,1.9108,1.919,1.9082,1.9183,2468256.7
2026-01-28 21:10:00+00:00,1.9183,1.9197,1.9153,1.9169,1680574.1
2026-01-28 21:15:00+00:00,1.9168,1.92,1.9148,1.9199,1824406.2
2026-01-28 21:20:00+00:00,1.92,1.9211,1.9174,1.918,594721.9
2026-01-28 21:25:00+00:00,1.918,1.9187,1.9126,1.9128,1205776.8
2026-01-28 21:30:00+00:00,1.9128,1.913,1.9072,1.9083,1853450.7
2026-01-28 21:35:00+00:00,1.9083,1.9145,1.9079,1.9128,1719894.3
2026-01-28 21:40:00+00:00,1.9128,1.9187,1.9128,1.9164,1269584.7
2026-01-28 21:45:00+00:00,1.9164,1.9178,1.9136,1.9175,793736.9
2026-01-28 21:50:00+00:00,1.9175,1.9197,1.9152,1.9172,1155913.6
2026-01-28 21:55:00+00:00,1.9172,1.9173,1.9131,1.9139,869452.7
2026-01-28 22:00:00+00:00,1.914,1.9158,1.913,1.913,1368753.8
2026-01-28 22:05:00+00:00,1.9131,1.914,1.9109,1.9114,601805.3
2026-01-28 22:10:00+00:00,1.9115,1.9125,1.9102,1.9107,781133.4
2026-01-28 22:15:00+00:00,1.9107,1.9108,1.9083,1.9108,773937.7
2026-01-28 22:20:00+00:00,1.9108,1.9108,1.9084,1.9102,893397.1
2026-01-28 22:25:00+00:00,1.9102,1.914,1.9102,1.9115,1172282.6
2026-01-28 22:30:00+00:00,1.9114,1.9124,1.9109,1.911,417028.9
2026-01-28 22:35:00+00:00,1.9109,1.9151,1.9101,1.9143,452722.4
2026-01-28 22:40:00+00:00,1.9143,1.9168,1.913,1.914,898554.5
2026-01-28 22:45:00+00:00,1.9139,1.9174,1.9139,1.9158,297780.9
2026-01-28 22:50:00+00:00,1.9158,1.9175,1.9155,1.9173,284904.3
2026-01-28 22:55:00+00:00,1.9174,1.9187,1.9174,1.9177,214134.6
2026-01-28 23:00:00+00:00,1.9177,1.9188,1.9141,1.9168,1092968.7
2026-01-28 23:05:00+00:00,1.9168,1.9168,1.912,1.912,652324.6
2026-01-28 23:10:00+00:00,1.9121,1.915,1.9121,1.9122,480169.5
2026-01-28 23:15:00+00:00,1.9121,1.9151,1.911,1.913,965465.5
2026-01-28 23:20:00+00:00,1.9129,1.915,1.9118,1.9135,493290.1
2026-01-28 23:25:00+00:00,1.9135,1.9135,1.909,1.9104,805760.4
2026-01-28 23:30:00+00:00,1.9105,1.9122,1.9102,1.9116,470632.2
2026-01-28 23:35:00+00:00,1.9116,1.9116,1.9078,1.9078,669422.4
2026-01-28 23:40:00+00:00,1.9078,1.9099,1.907,1.9097,930225.5
2026-01-28 23:45:00+00:00,1.9097,1.9117,1.9087,1.9092,925037.2
2026-01-28 23:50:00+00:00,1.9091,1.9099,1.9084,1.909,505354.6
2026-01-28 23:55:00+00:00,1.909,1.9117,1.9089,1.9104,730980.2
2026-01-29 00:00:00+00:00,1.9103,1.9128,1.9077,1.9085,1045059.9
2026-01-29 00:05:00+00:00,1.9086,1.9107,1.9076,1.9085,1147780.3
2026-01-29 00:10:00+00:00,1.9085,1.9092,1.9063,1.907,773533.1
2026-01-29 00:15:00+00:00,1.907,1.9087,1.9052,1.9052,928968.5
2026-01-29 00:20:00+00:00,1.9053,1.9084,1.9052,1.9083,830702.7
2026-01-29 00:25:00+00:00,1.9083,1.9085,1.9036,1.905,1520855.4
2026-01-29 00:30:00+00:00,1.9049,1.9071,1.9045,1.9069,1148326.4
2026-01-29 00:35:00+00:00,1.9069,1.9071,1.9021,1.9044,996134.0
2026-01-29 00:40:00+00:00,1.9044,1.9052,1.9004,1.9008,1389855.2
2026-01-29 00:45:00+00:00,1.9008,1.9051,1.8993,1.903,1784441.9
2026-01-29 00:50:00+00:00,1.903,1.9037,1.9012,1.9032,642081.5
2026-01-29 00:55:00+00:00,1.9033,1.9061,1.9017,1.9058,586317.0
2026-01-29 01:00:00+00:00,1.9059,1.9072,1.9049,1.9063,896959.0
2026-01-29 01:05:00+00:00,1.9063,1.9071,1.9023,1.9029,735633.5
2026-01-29 01:10:00+00:00,1.9029,1.905,1.9012,1.9024,876868.7
2026-01-29 01:15:00+00:00,1.9025,1.9027,1.8986,1.8994,963334.5
2026-01-29 01:20:00+00:00,1.8994,1.9015,1.8984,1.8985,791928.0
2026-01-29 01:25:00+00:00,1.8984,1.899,1.8905,1.8971,5973029.2
2026-01-29 01:30:00+00:00,1.897,1.898,1.8947,1.895,1277041.6
2026-01-29 01:35:00+00:00,1.8951,1.8988,1.8937,1.8961,1089042.2
2026-01-29 01:40:00+00:00,1.8961,1.8976,1.8948,1.8966,638643.2
2026-01-29 01:45:00+00:00,1.8965,1.8984,1.8924,1.8933,1100323.9
2026-01-29 01:50:00+00:00,1.8932,1.8936,1.889,1.8895,2144014.5
2026-01-29 01:55:00+00:00,1.8895,1.8921,1.8893,1.891,1231035.1
2026-01-29 02:00:00+00:00,1.891,1.892,1.8895,1.8907,1523122.1
2026-01-29 02:05:00+00:00,1.8908,1.894,1.8896,1.8926,1289542.9
2026-01-29 02:10:00+00:00,1.8927,1.8955,1.8927,1.8947,1120396.8
2026-01-29 02:15:00+00:00,1.8947,1.8955,1.8905,1.893,994470.1
2026-01-29 02:20:00+00:00,1.8931,1.8944,1.8917,1.8935,518339.4
2026-01-29 02:25:00+00:00,1.8935,1.8946,1.8899,1.8901,1376891.6
2026-01-29 02:30:00+00:00,1.89,1.89,1.8707,1.8802,16299263.6
2026-01-29 02:35:00+00:00,1.8803,1.8828,1.8779,1.8816,2575440.6
2026-01-29 02:40:00+00:00,1.8817,1.8818,1.8772,1.8778,1547300.1
2026-01-29 02:45:00+00:00,1.8777,1.8779,1.8705,1.8711,4961965.6
2026-01-29 02:50:00+00:00,1.8711,1.873,1.8688,1.8707,3157225.0
2026-01-29 02:55:00+00:00,1.8708,1.8745,1.8693,1.8734,1999626.1
2026-01-29 03:00:00+00:00,1.8735,1.8778,1.8702,1.8778,2383338.9
2026-01-29 03:05:00+00:00,1.8777,1.8812,1.8777,1.8796,1726712.8
2026-01-29 03:10:00+00:00,1.8797,1.8832,1.8781,1.8804,1435068.8
2026-01-29 03:15:00+00:00,1.8804,1.8809,1.8738,1.8755,1286678.0
2026-01-29 03:20:00+00:00,1.8754,1.879,1.875,1.8766,1022110.5
2026-01-29 03:25:00+00:00,1.8766,1.8767,1.8741,1.8741,1441555.9
2026-01-29 03:30:00+00:00,1.8741,1.8748,1.8703,1.8704,2365355.4
2026-01-29 03:35:00+00:00,1.8704,1.873,1.8703,1.8729,1719255.8
2026-01-29 03:40:00+00:00,1.8728,1.8763,1.8728,1.8763,878239.2
2026-01-29 03:45:00+00:00,1.8763,1.8774,1.8731,1.8744,1169363.3
2026-01-29 03:50:00+00:00,1.8743,1.8773,1.8743,1.8761,877568.2
2026-01-29 03:55:00+00:00,1.876,1.8768,1.8746,1.8746,774706.3
2026-01-29 04:00:00+00:00,1.8747,1.8752,1.872,1.8729,1802410.8
2026-01-29 04:05:00+00:00,1.873,1.8739,1.8717,1.8724,933061.2
2026-01-29 04:10:00+00:00,1.8725,1.8725,1.8654,1.8667,5043031.2
2026-01-29 04:15:00+00:00,1.8667,1.8686,1.8644,1.8654,2538726.8
2026-01-29 04:20:00+00:00,1.8654,1.8684,1.8641,1.8682,2178806.9
2026-01-29 04:25:00+00:00,1.8681,1.8717,1.8676,1.8717,1870402.8
2026-01-29 04:30:00+00:00,1.8717,1.8756,1.8716,1.8742,1733549.2
2026-01-29 04:35:00+00:00,1.8743,1.8751,1.873,1.8745,1019218.7
2026-01-29 04:40:00+00:00,1.8744,1.876,1.8735,1.875,964400.1
2026-01-29 04:45:00+00:00,1.875,1.8762,1.8748,1.8762,706864.6
2026-01-29 04:50:00+00:00,1.8761,1.8785,1.8761,1.8778,1627917.3
2026-01-29 04:55:00+00:00,1.8779,1.8782,1.8769,1.8774,633701.9
2026-01-29 05:00:00+00:00,1.8775,1.8817,1.877,1.8806,1680444.9
2026-01-29 05:05:00+00:00,1.8805,1.8805,1.8766,1.8773,2004988.3
2026-01-29 05:10:00+00:00,1.8773,1.8789,1.8773,1.8787,1024585.5
2026-01-29 05:15:00+00:00,1.8788,1.8801,1.8782,1.8794,655738.6
2026-01-29 05:20:00+00:00,1.8794,1.8818,1.8793,1.8812,1619356.5
2026-01-29 05:25:00+00:00,1.8812,1.883,1.8801,1.8808,1356404.1
2026-01-29 05:30:00+00:00,1.8809,1.8813,1.879,1.8809,639623.3
2026-01-29 05:35:00+00:00,1.8809,1.8834,1.8809,1.8814,975695.1
2026-01-29 05:40:00+00:00,1.8814,1.8821,1.8797,1.8798,628258.4
2026-01-29 05:45:00+00:00,1.8798,1.88,1.8777,1.8782,892621.0
2026-01-29 05:50:00+00:00,1.8783,1.8797,1.8782,1.8787,466184.7
2026-01-29 05:55:00+00:00,1.8788,1.8788,1.8771,1.8777,744880.9
2026-01-29 06:00:00+00:00,1.8778,1.8794,1.8772,1.8791,787797.9
2026-01-29 06:05:00+00:00,1.879,1.8803,1.8787,1.8787,741448.9
2026-01-29 06:10:00+00:00,1.8787,1.8788,1.8771,1.878,640832.9
2026-01-29 06:15:00+00:00,1.878,1.8804,1.8779,1.879,863781.5
2026-01-29 06:20:00+00:00,1.879,1.8813,1.8783,1.8805,779606.4
2026-01-29 06:25:00+00:00,1.8804,1.8825,1.8795,1.8824,406712.4
2026-01-29 06:30:00+00:00,1.8825,1.8877,1.8822,1.8876,1598073.4
2026-01-29 06:35:00+00:00,1.8876,1.8883,1.8846,1.8852,1077268.1
2026-01-29 06:40:00+00:00,1.8852,1.886,1.8843,1.8856,517990.3
2026-01-29 06:45:00+00:00,1.8856,1.8862,1.8843,1.8862,554669.4
2026-01-29 06:50:00+00:00,1.8863,1.8867,1.8848,1.8857,507815.5
2026-01-29 06:55:00+00:00,1.8856,1.886,1.8846,1.8846,326636.4
2026-01-29 07:00:00+00:00,1.8846,1.8854,1.884,1.8853,396556.9
2026-01-29 07:05:00+00:00,1.8852,1.8858,1.8846,1.8846,473331.0
2026-01-29 07:10:00+00:00,1.8846,1.8851,1.884,1.8844,485403.1
2026-01-29 07:15:00+00:00,1.8843,1.8844,1.8828,1.8839,783483.0
2026-01-29 07:20:00+00:00,1.8839,1.8876,1.8838,1.8873,739963.6
2026-01-29 07:25:00+00:00,1.8873,1.8878,1.884,1.8844,859582.1
2026-01-29 07:30:00+00:00,1.8845,1.8856,1.8841,1.8854,668839.6
2026-01-29 07:35:00+00:00,1.8854,1.888,1.8854,1.8863,1197712.9
2026-01-29 07:40:00+00:00,1.8863,1.887,1.8856,1.887,924652.8
2026-01-29 07:45:00+00:00,1.887,1.8873,1.8857,1.8868,601181.5
2026-01-29 07:50:00+00:00,1.8868,1.8869,1.8852,1.8859,499826.3
2026-01-29 07:55:00+00:00,1.886,1.8867,1.8834,1.8845,1296180.9
2026-01-29 08:00:00+00:00,1.8845,1.8847,1.8808,1.881,1576862.0
2026-01-29 08:05:00+00:00,1.881,1.8812,1.8779,1.8785,2330807.7
2026-01-29 08:10:00+00:00,1.8784,1.8804,1.8777,1.8778,1343645.9
2026-01-29 08:15:00+00:00,1.8778,1.879,1.8753,1.8777,1646726.7
2026-01-29 08:20:00+00:00,1.8777,1.879,1.8774,1.8789,631269.1
2026-01-29 08:25:00+00:00,1.8789,1.8889,1.8789,1.8884,2065596.1
2026-01-29 08:30:00+00:00,1.8884,1.8889,1.8825,1.8827,1846478.8
2026-01-29 08:35:00+00:00,1.8828,1.8828,1.8814,1.8828,886097.3
2026-01-29 08:40:00+00:00,1.8827,1.8838,1.8801,1.8814,691164.9
2026-01-29 08:45:00+00:00,1.8814,1.8828,1.8789,1.879,828294.9
2026-01-29 08:50:00+00:00,1.8789,1.8789,1.8768,1.8774,1129113.3
2026-01-29 08:55:00+00:00,1.8774,1.8792,1.8774,1.8784,576140.0
2026-01-29 09:00:00+00:00,1.8784,1.8795,1.8775,1.8779,668145.8
2026-01-29 09:05:00+00:00,1.8779,1.878,1.8743,1.8749,1216151.0
2026-01-29 09:10:00+00:00,1.875,1.8753,1.8731,1.8737,1116225.8
2026-01-29 09:15:00+00:00,1.8737,1.8763,1.8732,1.8751,2712249.1
2026-01-29 09:20:00+00:00,1.875,1.875,1.8736,1.8748,2082186.2
2026-01-29 09:25:00+00:00,1.8748,1.875,1.873,1.8731,788440.4
2026-01-29 09:30:00+00:00,1.873,1.8731,1.8718,1.8725,998730.5
2026-01-29 09:35:00+00:00,1.8724,1.8755,1.8721,1.8747,870308.4
2026-01-29 09:40:00+00:00,1.8748,1.875,1.8732,1.8737,677333.4
2026-01-29 09:45:00+00:00,1.8737,1.8757,1.8735,1.8747,717985.6
2026-01-29 09:50:00+00:00,1.8748,1.8748,1.8739,1.874,346046.0
2026-01-29 09:55:00+00:00,1.874,1.8743,1.8723,1.8725,557842.3
2026-01-29 10:00:00+00:00,1.8725,1.8734,1.8715,1.8724,875681.8
2026-01-29 10:05:00+00:00,1.8724,1.8745,1.8724,1.8745,712861.1
2026-01-29 10:10:00+00:00,1.8745,1.8749,1.8734,1.8742,982726.3
2026-01-29 10:15:00+00:00,1.8742,1.8758,1.8741,1.8748,933005.8
2026-01-29 10:20:00+00:00,1.8748,1.8757,1.8735,1.8754,550116.3
2026-01-29 10:25:00+00:00,1.8753,1.8754,1.8742,1.8747,578551.6
2026-01-29 10:30:00+00:00,1.8747,1.8747,1.8722,1.8723,977118.4
2026-01-29 10:35:00+00:00,1.8724,1.8732,1.8723,1.873,386564.1
2026-01-29 10:40:00+00:00,1.873,1.873,1.8696,1.8705,1225428.8
2026-01-29 10:45:00+00:00,1.8705,1.8712,1.8701,1.8709,804868.2
2026-01-29 10:50:00+00:00,1.8709,1.8746,1.8709,1.8739,898813.8
2026-01-29 10:55:00+00:00,1.8739,1.8741,1.8732,1.8732,380003.2
2026-01-29 11:00:00+00:00,1.8733,1.8735,1.8682,1.8727,1709774.6
2026-01-29 11:05:00+00:00,1.8727,1.8738,1.872,1.8731,756737.5
2026-01-29 11:10:00+00:00,1.8732,1.8741,1.871,1.8736,2360271.3
2026-01-29 11:15:00+00:00,1.8736,1.8736,1.8677,1.8692,3708268.6
2026-01-29 11:20:00+00:00,1.8692,1.8709,1.868,1.8681,1112722.8
2026-01-29 11:25:00+00:00,1.8681,1.8699,1.867,1.8675,2259862.8
2026-01-29 11:30:00+00:00,1.8674,1.8698,1.867,1.869,982959.6
2026-01-29 11:35:00+00:00,1.8689,1.8706,1.8687,1.8696,786037.2
2026-01-29 11:40:00+00:00,1.8696,1.8704,1.8677,1.8682,833810.1
2026-01-29 11:45:00+00:00,1.8681,1.8681,1.8664,1.8666,1629437.9
2026-01-29 11:50:00+00:00,1.8665,1.87,1.8664,1.8694,806104.7
2026-01-29 11:55:00+00:00,1.8693,1.8709,1.869,1.8701,914183.9
2026-01-29 12:00:00+00:00,1.8702,1.8712,1.8695,1.8707,1217760.1
2026-01-29 12:05:00+00:00,1.8708,1.8727,1.8704,1.8711,1932607.2
2026-01-29 12:10:00+00:00,1.8711,1.8712,1.869,1.869,1015321.4
2026-01-29 12:15:00+00:00,1.869,1.8706,1.8686,1.8686,837602.4
2026-01-29 12:20:00+00:00,1.8686,1.8689,1.8675,1.8688,637318.8
2026-01-29 12:25:00+00:00,1.8688,1.8701,1.8686,1.8694,850402.3
2026-01-29 12:30:00+00:00,1.8694,1.8716,1.8689,1.8715,798704.5
2026-01-29 12:35:00+00:00,1.8716,1.8733,1.8652,1.8654,2149095.8
2026-01-29 12:40:00+00:00,1.8654,1.8699,1.8646,1.8689,3055293.9
2026-01-29 12:45:00+00:00,1.869,1.8722,1.869,1.8704,1609989.9
2026-01-29 12:50:00+00:00,1.8704,1.8704,1.8686,1.8693,683206.6
2026-01-29 12:55:00+00:00,1.8693,1.8723,1.8691,1.8721,1777670.4
2026-01-29 13:00:00+00:00,1.8722,1.874,1.8718,1.8737,1370404.4
2026-01-29 13:05:00+00:00,1.8737,1.8758,1.8735,1.8749,1413371.4
2026-01-29 13:10:00+00:00,1.8749,1.8756,1.8741,1.8745,699985.4
2026-01-29 13:15:00+00:00,1.8745,1.8745,1.8729,1.8733,495652.9
2026-01-29 13:20:00+00:00,1.8733,1.8742,1.8727,1.8733,484615.4
2026-01-29 13:25:00+00:00,1.8733,1.8749,1.8733,1.8746,571180.3
2026-01-29 13:30:00+00:00,1.8746,1.8747,1.8728,1.8738,723938.5
2026-01-29 13:35:00+00:00,1.8738,1.8745,1.8735,1.8736,337345.8
2026-01-29 13:40:00+00:00,1.8737,1.8755,1.8733,1.8735,763988.4
2026-01-29 13:45:00+00:00,1.8736,1.8761,1.8736,1.875,767384.2
2026-01-29 13:50:00+00:00,1.875,1.8751,1.872,1.8726,815362.2
2026-01-29 13:55:00+00:00,1.8727,1.8749,1.8723,1.8746,493895.7
2026-01-29 14:00:00+00:00,1.8747,1.8758,1.8734,1.8742,706292.2
2026-01-29 14:05:00+00:00,1.8742,1.877,1.8739,1.8761,997667.8
2026-01-29 14:10:00+00:00,1.8761,1.8769,1.8724,1.8727,767839.7
2026-01-29 14:15:00+00:00,1.8726,1.8745,1.8726,1.8731,621048.5
2026-01-29 14:20:00+00:00,1.8732,1.8747,1.8732,1.8738,708155.2
2026-01-29 14:25:00+00:00,1.8739,1.8739,1.8512,1.8541,16877622.9
2026-01-29 14:30:00+00:00,1.8542,1.8649,1.8524,1.8529,13997685.8
2026-01-29 14:35:00+00:00,1.853,1.8539,1.8447,1.8457,14051223.8
2026-01-29 14:40:00+00:00,1.8457,1.8464,1.8325,1.8334,13165047.9
2026-01-29 14:45:00+00:00,1.8334,1.8459,1.83,1.8412,9245802.3
2026-01-29 14:50:00+00:00,1.8413,1.8414,1.8343,1.8379,4900584.4
2026-01-29 14:55:00+00:00,1.8379,1.8381,1.8237,1.8255,11507884.5
2026-01-29 15:00:00+00:00,1.8256,1.8293,1.8205,1.8244,13670049.9
2026-01-29 15:05:00+00:00,1.8244,1.8281,1.812,1.8129,13683454.3
2026-01-29 15:10:00+00:00,1.8129,1.8171,1.8004,1.8054,24560748.4
2026-01-29 15:15:00+00:00,1.8054,1.8127,1.8,1.8088,13005091.5
2026-01-29 15:20:00+00:00,1.8088,1.817,1.8048,1.8136,11987817.4
2026-01-29 15:25:00+00:00,1.8136,1.8179,1.8108,1.8141,8901656.5
2026-01-29 15:30:00+00:00,1.8142,1.8194,1.8064,1.8095,8735425.2
2026-01-29 15:35:00+00:00,1.8094,1.8118,1.8037,1.805,7627881.8
2026-01-29 15:40:00+00:00,1.805,1.805,1.7845,1.7921,21419640.5
2026-01-29 15:45:00+00:00,1.7922,1.7951,1.7876,1.7927,6715586.1
2026-01-29 15:50:00+00:00,1.7927,1.8007,1.7878,1.7995,9627608.0
2026-01-29 15:55:00+00:00,1.7995,1.8081,1.7985,1.8,10186699.0
2026-01-29 16:00:00+00:00,1.8,1.8039,1.7934,1.7985,8747200.6
2026-01-29 16:05:00+00:00,1.7984,1.8031,1.791,1.7933,5464009.2
2026-01-29 16:10:00+00:00,1.7932,1.8022,1.7908,1.8022,4388218.0
2026-01-29 16:15:00+00:00,1.8022,1.8085,1.7981,1.7988,5784627.1
2026-01-29 16:20:00+00:00,1.7988,1.8024,1.7958,1.7982,3411083.6
2026-01-29 16:25:00+00:00,1.7981,1.8017,1.7964,1.7979,4584850.9
2026-01-29 16:30:00+00:00,1.7979,1.8055,1.7966,1.8018,3805392.8
2026-01-29 16:35:00+00:00,1.8018,1.8049,1.8011,1.8035,3162600.9
2026-01-29 16:40:00+00:00,1.8035,1.8094,1.8031,1.8048,4132232.0
2026-01-29 16:45:00+00:00,1.8048,1.8131,1.8038,1.8109,5253384.2
2026-01-29 16:50:00+00:00,1.811,1.8119,1.8077,1.8109,2811672.9
2026-01-29 16:55:00+00:00,1.8108,1.8174,1.8101,1.8142,10046061.7
2026-01-29 17:00:00+00:00,1.8143,1.8237,1.814,1.822,6563722.7
2026-01-29 17:05:00+00:00,1.8219,1.8262,1.8192,1.8242,4530255.8
2026-01-29 17:10:00+00:00,1.8242,1.8298,1.8236,1.8262,3157693.5
2026-01-29 17:15:00+00:00,1.8263,1.8388,1.824,1.8388,8093312.8
2026-01-29 17:20:00+00:00,1.8387,1.8415,1.8331,1.8349,5280525.9
2026-01-29 17:25:00+00:00,1.8349,1.8351,1.8293,1.8297,4915799.9
2026-01-29 17:30:00+00:00,1.8297,1.8307,1.8248,1.8275,3602670.6
2026-01-29 17:35:00+00:00,1.8275,1.8288,1.821,1.8213,2823821.7
2026-01-29 17:40:00+00:00,1.8213,1.8214,1.816,1.8192,6064554.3
2026-01-29 17:45:00+00:00,1.8193,1.8207,1.8155,1.8187,3368039.4
2026-01-29 17:50:00+00:00,1.8188,1.8215,1.8134,1.8141,4134558.5
2026-01-29 17:55:00+00:00,1.8141,1.8173,1.8114,1.8119,4733594.7
2026-01-29 18:00:00+00:00,1.8118,1.8174,1.8103,1.816,4459964.8
2026-01-29 18:05:00+00:00,1.816,1.8177,1.8095,1.8119,4152411.4
2026-01-29 18:10:00+00:00,1.8119,1.8124,1.8086,1.81,2586908.0
2026-01-29 18:15:00+00:00,1.81,1.8107,1.7902,1.7996,9563531.0
2026-01-29 18:20:00+00:00,1.7996,1.8035,1.7972,1.8005,5479609.0
2026-01-29 18:25:00+00:00,1.8005,1.8016,1.7957,1.7964,3407694.9
2026-01-29 18:30:00+00:00,1.7964,1.7989,1.7882,1.7974,6786774.4
2026-01-29 18:35:00+00:00,1.7974,1.8048,1.7969,1.7976,5845108.3
2026-01-29 18:40:00+00:00,1.7976,1.804,1.7964,1.7999,3243960.2
2026-01-29 18:45:00+00:00,1.7999,1.8002,1.7928,1.7944,2861915.7
2026-01-29 18:50:00+00:00,1.7943,1.796,1.7852,1.7867,8654727.4
2026-01-29 18:55:00+00:00,1.7868,1.7899,1.7824,1.7838,5166081.7
2026-01-29 19:00:00+00:00,1.7838,1.7923,1.78,1.792,8003086.7
2026-01-29 19:05:00+00:00,1.7919,1.7938,1.7886,1.7894,3225599.9
2026-01-29 19:10:00+00:00,1.7894,1.7895,1.7825,1.7867,3336814.3
2026-01-29 19:15:00+00:00,1.7867,1.7908,1.7777,1.7782,6927376.2
2026-01-29 19:20:00+00:00,1.7782,1.7819,1.7767,1.7788,4594062.3
2026-01-29 19:25:00+00:00,1.7788,1.7869,1.7788,1.7867,1399985.7
2026-01-29 19:30:00+00:00,1.7866,1.7969,1.7866,1.7908,8026396.1
2026-01-29 19:35:00+00:00,1.7907,1.7923,1.7872,1.7875,2551489.6
2026-01-29 19:40:00+00:00,1.7874,1.791,1.7871,1.7882,1930152.2
2026-01-29 19:45:00+00:00,1.7882,1.7947,1.7878,1.7892,1686169.5
2026-01-29 19:50:00+00:00,1.7892,1.7927,1.7873,1.7908,1320575.7
2026-01-29 19:55:00+00:00,1.7909,1.7937,1.7878,1.7882,1439605.1
2026-01-29 20:00:00+00:00,1.7882,1.7898,1.7845,1.7887,2873215.1
2026-01-29 20:05:00+00:00,1.7887,1.7937,1.7877,1.7897,1745948.4
2026-01-29 20:10:00+00:00,1.7898,1.7898,1.7847,1.7856,2378226.8
2026-01-29 20:15:00+00:00,1.7855,1.7919,1.7852,1.7912,1601542.7
2026-01-29 20:20:00+00:00,1.7912,1.7929,1.7902,1.7907,1003940.4
2026-01-29 20:25:00+00:00,1.7908,1.7933,1.7892,1.79,1444498.6
2026-01-29 20:30:00+00:00,1.79,1.7934,1.7895,1.7933,1171233.9
2026-01-29 20:35:00+00:00,1.7933,1.7936,1.7902,1.7931,1437041.6
2026-01-29 20:40:00+00:00,1.7932,1.7993,1.7922,1.7979,1835057.6
2026-01-29 20:45:00+00:00,1.7979,1.8026,1.7952,1.802,3648276.2
2026-01-29 20:50:00+00:00,1.802,1.8073,1.8006,1.8036,2699790.9
2026-01-29 20:55:00+00:00,1.8036,1.8077,1.7996,1.8013,4317894.3
2026-01-29 21:00:00+00:00,1.8014,1.8031,1.7983,1.8014,3421238.0
2026-01-29 21:05:00+00:00,1.8015,1.8034,1.7984,1.8034,1605439.7
2026-01-29 21:10:00+00:00,1.8034,1.8048,1.8014,1.8024,1250084.4
2026-01-29 21:15:00+00:00,1.8023,1.8025,1.7992,1.8019,955089.1
2026-01-29 21:20:00+00:00,1.8019,1.8041,1.7987,1.8001,1132147.0
2026-01-29 21:25:00+00:00,1.8,1.8021,1.797,1.7984,1475629.9
2026-01-29 21:30:00+00:00,1.7984,1.802,1.7952,1.797,2441777.1
2026-01-29 21:35:00+00:00,1.7969,1.7993,1.7954,1.7971,1057436.6
2026-01-29 21:40:00+00:00,1.7971,1.7993,1.7967,1.7973,1055926.0
2026-01-29 21:45:00+00:00,1.7973,1.8066,1.797,1.8058,1645814.6
2026-01-29 21:50:00+00:00,1.8059,1.8059,1.8015,1.8024,1457221.7
2026-01-29 21:55:00+00:00,1.8023,1.8051,1.8009,1.8044,739506.6
2026-01-29 22:00:00+00:00,1.8044,1.8116,1.8044,1.8114,2157887.2
2026-01-29 22:05:00+00:00,1.8114,1.8121,1.8097,1.8112,2102007.7
2026-01-29 22:10:00+00:00,1.8113,1.8118,1.8023,1.8023,1868947.4
2026-01-29 22:15:00+00:00,1.8024,1.8073,1.8024,1.8071,2274936.7
2026-01-29 22:20:00+00:00,1.8071,1.8072,1.8034,1.8047,873280.6
2026-01-29 22:25:00+00:00,1.8047,1.8069,1.8034,1.8069,476229.5
2026-01-29 22:30:00+00:00,1.8069,1.8095,1.8062,1.8063,755072.7
2026-01-29 22:35:00+00:00,1.8064,1.8086,1.8056,1.808,739410.7
2026-01-29 22:40:00+00:00,1.808,1.809,1.8068,1.8083,661847.3
2026-01-29 22:45:00+00:00,1.8083,1.8091,1.8069,1.809,429523.6
2026-01-29 22:50:00+00:00,1.8091,1.8108,1.8091,1.8108,255906.2
2026-01-29 22:55:00+00:00,1.8108,1.8125,1.8088,1.809,890248.8
2026-01-29 23:00:00+00:00,1.8091,1.8099,1.8027,1.8037,1742251.5
2026-01-29 23:05:00+00:00,1.8037,1.8048,1.7992,1.7996,1772623.4
2026-01-29 23:10:00+00:00,1.7997,1.8004,1.7973,1.7991,1272018.0
2026-01-29 23:15:00+00:00,1.7991,1.8004,1.7975,1.7977,934940.3
2026-01-29 23:20:00+00:00,1.7978,1.8009,1.7974,1.8008,813294.1
2026-01-29 23:25:00+00:00,1.8008,1.8053,1.7996,1.8014,1678780.8
2026-01-29 23:30:00+00:00,1.8013,1.8052,1.8013,1.8051,848838.1
2026-01-29 23:35:00+00:00,1.8051,1.8063,1.8038,1.8055,600732.9
2026-01-29 23:40:00+00:00,1.8055,1.8059,1.803,1.8058,834791.7
2026-01-29 23:45:00+00:00,1.8059,1.808,1.8052,1.8074,610365.2
2026-01-29 23:50:00+00:00,1.8074,1.808,1.8065,1.8068,450034.3
2026-01-29 23:55:00+00:00,1.8068,1.8075,1.8063,1.8065,477542.3
2026-01-30 00:00:00+00:00,1.8066,1.8106,1.8065,1.8103,2404317.1
2026-01-30 00:05:00+00:00,1.8104,1.8112,1.81,1.8108,685840.3
2026-01-30 00:10:00+00:00,1.8109,1.8114,1.805,1.8065,2332453.3
2026-01-30 00:15:00+00:00,1.8066,1.8085,1.8062,1.8077,1618332.6
2026-01-30 00:20:00+00:00,1.8077,1.8086,1.8029,1.8038,2171567.9
2026-01-30 00:25:00+00:00,1.8038,1.8049,1.8017,1.8035,1717600.0
2026-01-30 00:30:00+00:00,1.8035,1.8036,1.7995,1.8011,2313895.1
2026-01-30 00:35:00+00:00,1.8012,1.8034,1.8002,1.8033,849040.1
2026-01-30 00:40:00+00:00,1.8033,1.8068,1.8017,1.8021,2145329.3
2026-01-30 00:45:00+00:00,1.8021,1.8068,1.8021,1.8058,1397651.5
2026-01-30 00:50:00+00:00,1.8058,1.8063,1.7963,1.797,3221843.4
2026-01-30 00:55:00+00:00,1.797,1.7987,1.7967,1.7972,1351611.0
2026-01-30 01:00:00+00:00,1.7973,1.798,1.7942,1.7953,2722960.1
2026-01-30 01:05:00+00:00,1.7953,1.8001,1.7952,1.7991,1734107.7
2026-01-30 01:10:00+00:00,1.799,1.8009,1.7984,1.7997,762049.3
2026-01-30 01:15:00+00:00,1.7997,1.8025,1.7967,1.7972,1767493.1
2026-01-30 01:20:00+00:00,1.7972,1.8001,1.7913,1.8,3879083.8
2026-01-30 01:25:00+00:00,1.8,1.804,1.7979,1.798,1629290.8
2026-01-30 01:30:00+00:00,1.7981,1.8011,1.7948,1.7969,1251144.5
2026-01-30 01:35:00+00:00,1.797,1.7994,1.7759,1.7845,9921690.6
2026-01-30 01:40:00+00:00,1.7845,1.7885,1.7043,1.7438,73676447.0
2026-01-30 01:45:00+00:00,1.7437,1.7529,1.7351,1.7363,19117096.6
2026-01-30 01:50:00+00:00,1.7363,1.7481,1.7312,1.7449,14729787.5
2026-01-30 01:55:00+00:00,1.745,1.7611,1.745,1.755,8686549.0
2026-01-30 02:00:00+00:00,1.755,1.7607,1.752,1.7526,5085478.0
2026-01-30 02:05:00+00:00,1.7527,1.7557,1.7471,1.7474,5574948.8
2026-01-30 02:10:00+00:00,1.7475,1.7511,1.7452,1.7467,3885406.5
2026-01-30 02:15:00+00:00,1.7468,1.7504,1.736,1.7368,4780123.1
2026-01-30 02:20:00+00:00,1.7369,1.7382,1.7274,1.7302,8039420.1
2026-01-30 02:25:00+00:00,1.7303,1.7342,1.7244,1.7333,5227213.7
2026-01-30 02:30:00+00:00,1.7334,1.7361,1.7265,1.7326,4431668.4
2026-01-30 02:35:00+00:00,1.7326,1.7454,1.7324,1.744,4873555.1
2026-01-30 02:40:00+00:00,1.744,1.7536,1.744,1.7516,4876380.8
2026-01-30 02:45:00+00:00,1.7516,1.756,1.7479,1.7483,3362648.9
2026-01-30 02:50:00+00:00,1.7483,1.749,1.7413,1.7454,2710988.8
2026-01-30 02:55:00+00:00,1.7454,1.7486,1.7429,1.7467,1507775.9
2026-01-30 03:00:00+00:00,1.7467,1.7537,1.7451,1.7501,2906506.6
2026-01-30 03:05:00+00:00,1.7501,1.7578,1.7493,1.7554,3082714.4
2026-01-30 03:10:00+00:00,1.7554,1.7588,1.754,1.758,2149668.4
2026-01-30 03:15:00+00:00,1.7579,1.7601,1.7544,1.7583,1644941.1
2026-01-30 03:20:00+00:00,1.7583,1.7597,1.7556,1.7567,822146.9
2026-01-30 03:25:00+00:00,1.7567,1.7576,1.7515,1.7518,1457939.2
2026-01-30 03:30:00+00:00,1.7519,1.7524,1.7457,1.7494,3102888.1
2026-01-30 03:35:00+00:00,1.7494,1.7521,1.7477,1.7508,1024198.6
2026-01-30 03:40:00+00:00,1.7508,1.7508,1.744,1.7451,2676357.7
2026-01-30 03:45:00+00:00,1.7451,1.7463,1.7397,1.7459,2213034.1
2026-01-30 03:50:00+00:00,1.7459,1.7485,1.7446,1.7477,2274458.1
2026-01-30 03:55:00+00:00,1.7477,1.7488,1.7459,1.7467,1968990.2
2026-01-30 04:00:00+00:00,1.7467,1.7532,1.7462,1.7502,1970795.0
2026-01-30 04:05:00+00:00,1.7502,1.7542,1.7489,1.7537,1505773.3
2026-01-30 04:10:00+00:00,1.7538,1.759,1.7522,1.7572,3011427.6
2026-01-30 04:15:00+00:00,1.7572,1.7639,1.7549,1.7636,2425646.4
2026-01-30 04:20:00+00:00,1.7637,1.7715,1.7624,1.766,5006281.9
2026-01-30 04:25:00+00:00,1.7659,1.7665,1.7621,1.7633,2073953.8
2026-01-30 04:30:00+00:00,1.7633,1.7676,1.7627,1.7658,1344208.3
2026-01-30 04:35:00+00:00,1.7659,1.7683,1.7593,1.7604,2225730.9
2026-01-30 04:40:00+00:00,1.7604,1.7643,1.7598,1.7642,1240227.7
2026-01-30 04:45:00+00:00,1.7642,1.7667,1.7642,1.7645,1094034.9
2026-01-30 04:50:00+00:00,1.7645,1.7659,1.7632,1.7652,757079.2
2026-01-30 04:55:00+00:00,1.7652,1.7654,1.7607,1.7621,1045036.3
2026-01-30 05:00:00+00:00,1.7622,1.7655,1.7622,1.7633,1018724.2
2026-01-30 05:05:00+00:00,1.7633,1.7638,1.7586,1.7615,1175657.2
2026-01-30 05:10:00+00:00,1.7616,1.7616,1.7563,1.759,1113685.9
2026-01-30 05:15:00+00:00,1.759,1.7606,1.7572,1.7587,1767898.2
2026-01-30 05:20:00+00:00,1.7588,1.7612,1.7583,1.7594,788196.9
2026-01-30 05:25:00+00:00,1.7594,1.7686,1.7594,1.7669,1525113.0
2026-01-30 05:30:00+00:00,1.767,1.7675,1.7655,1.7661,1314962.0
2026-01-30 05:35:00+00:00,1.7662,1.7662,1.763,1.7634,1264765.8
2026-01-30 05:40:00+00:00,1.7635,1.7652,1.7629,1.7643,540712.4
2026-01-30 05:45:00+00:00,1.7642,1.7659,1.7624,1.7644,592891.3
2026-01-30 05:50:00+00:00,1.7644,1.7686,1.7636,1.7662,1236759.0
2026-01-30 05:55:00+00:00,1.7662,1.7665,1.7624,1.7625,684227.8
2026-01-30 06:00:00+00:00,1.7624,1.7634,1.7568,1.7569,2154356.2
2026-01-30 06:05:00+00:00,1.7569,1.7586,1.7535,1.754,2989684.7
2026-01-30 06:10:00+00:00,1.7539,1.7539,1.75,1.7512,2195673.1
2026-01-30 06:15:00+00:00,1.7512,1.7518,1.7495,1.7497,1416460.2
2026-01-30 06:20:00+00:00,1.7497,1.7525,1.749,1.7507,1373359.2
2026-01-30 06:25:00+00:00,1.7508,1.7529,1.7407,1.7431,4364204.0
2026-01-30 06:30:00+00:00,1.743,1.746,1.7408,1.7438,3257261.7
2026-01-30 06:35:00+00:00,1.7438,1.745,1.7401,1.7425,2092147.3
2026-01-30 06:40:00+00:00,1.7426,1.7434,1.733,1.7341,4510266.2
2026-01-30 06:45:00+00:00,1.7341,1.7392,1.7289,1.7391,5287292.3
2026-01-30 06:50:00+00:00,1.7391,1.7439,1.7384,1.742,3088394.2
2026-01-30 06:55:00+00:00,1.742,1.743,1.7366,1.7385,2963098.1
2026-01-30 07:00:00+00:00,1.7385,1.7421,1.7372,1.7397,2900808.4
2026-01-30 07:05:00+00:00,1.7396,1.7478,1.7388,1.7475,2514681.2
2026-01-30 07:10:00+00:00,1.7475,1.7603,1.7469,1.7574,7450532.3
2026-01-30 07:15:00+00:00,1.7574,1.7603,1.7539,1.7584,3621059.9
2026-01-30 07:20:00+00:00,1.7583,1.7583,1.7538,1.754,2080993.4
2026-01-30 07:25:00+00:00,1.7539,1.7543,1.7505,1.7507,1262307.7
2026-01-30 07:30:00+00:00,1.7506,1.7522,1.7467,1.7514,2887540.2
2026-01-30 07:35:00+00:00,1.7513,1.7529,1.7462,1.748,2765183.4
2026-01-30 07:40:00+00:00,1.7481,1.7517,1.7468,1.7511,2118787.6
2026-01-30 07:45:00+00:00,1.7511,1.7559,1.7497,1.7551,2374796.1
2026-01-30 07:50:00+00:00,1.755,1.7587,1.7546,1.7581,2194061.6
2026-01-30 07:55:00+00:00,1.7581,1.7613,1.7572,1.7578,2841398.8
2026-01-30 08:00:00+00:00,1.7578,1.7588,1.7529,1.7587,1790888.0
2026-01-30 08:05:00+00:00,1.7588,1.7603,1.7557,1.7599,1596585.7
2026-01-30 08:10:00+00:00,1.76,1.7618,1.758,1.7614,1456286.0
2026-01-30 08:15:00+00:00,1.7614,1.7624,1.757,1.7604,1548269.0
2026-01-30 08:20:00+00:00,1.7604,1.7624,1.7577,1.7585,1616522.1
2026-01-30 08:25:00+00:00,1.7585,1.7603,1.7547,1.7548,1318646.3
2026-01-30 08:30:00+00:00,1.7547,1.7547,1.7458,1.7469,2850321.5
2026-01-30 08:35:00+00:00,1.747,1.7476,1.7427,1.7446,3412400.1
2026-01-30 08:40:00+00:00,1.7447,1.7484,1.743,1.7479,2372352.8
2026-01-30 08:45:00+00:00,1.748,1.7524,1.7474,1.7517,1046048.1
2026-01-30 08:50:00+00:00,1.7516,1.7516,1.7453,1.7503,1653885.2
2026-01-30 08:55:00+00:00,1.7503,1.7505,1.7478,1.7486,947926.5
2026-01-30 09:00:00+00:00,1.7486,1.7514,1.7484,1.751,1968791.4
2026-01-30 09:05:00+00:00,1.751,1.7538,1.7497,1.7505,1472113.4
2026-01-30 09:10:00+00:00,1.7505,1.7518,1.7469,1.7489,1550720.3
2026-01-30 09:15:00+00:00,1.7489,1.7502,1.7444,1.7453,2141237.2
2026-01-30 09:20:00+00:00,1.7452,1.7469,1.7418,1.7419,2440466.6
2026-01-30 09:25:00+00:00,1.742,1.7425,1.7376,1.7384,3972928.8
2026-01-30 09:30:00+00:00,1.7383,1.7434,1.7382,1.7427,2828451.1
2026-01-30 09:35:00+00:00,1.7428,1.7465,1.7419,1.746,1817192.8
2026-01-30 09:40:00+00:00,1.7461,1.7498,1.745,1.7461,1899575.1
2026-01-30 09:45:00+00:00,1.746,1.7461,1.7377,1.7378,2547446.3
2026-01-30 09:50:00+00:00,1.7379,1.7403,1.7326,1.7381,5348609.3
2026-01-30 09:55:00+00:00,1.7381,1.74,1.7352,1.7395,1495555.7
2026-01-30 10:00:00+00:00,1.7395,1.7424,1.739,1.7391,1285488.7
2026-01-30 10:05:00+00:00,1.7391,1.7416,1.7368,1.7385,1220281.6
2026-01-30 10:10:00+00:00,1.7386,1.7422,1.7372,1.741,1020463.3
2026-01-30 10:15:00+00:00,1.7409,1.743,1.7379,1.7428,1173688.0
2026-01-30 10:20:00+00:00,1.7428,1.7474,1.7423,1.7443,2415588.9
2026-01-30 10:25:00+00:00,1.7443,1.7456,1.7418,1.7437,1543232.8
2026-01-30 10:30:00+00:00,1.7437,1.7447,1.7427,1.7441,846276.6
2026-01-30 10:35:00+00:00,1.7441,1.7456,1.7419,1.7424,911877.4
2026-01-30 10:40:00+00:00,1.7425,1.7438,1.7412,1.7432,470470.3
2026-01-30 10:45:00+00:00,1.7432,1.7485,1.7431,1.7484,992927.7
2026-01-30 10:50:00+00:00,1.7484,1.7512,1.7462,1.7482,2600582.1
2026-01-30 10:55:00+00:00,1.7482,1.7496,1.7468,1.7496,1213054.5
2026-01-30 11:00:00+00:00,1.7495,1.7496,1.7471,1.7483,692349.6
2026-01-30 11:05:00+00:00,1.7484,1.7522,1.7484,1.7497,853204.0
2026-01-30 11:10:00+00:00,1.7496,1.7521,1.7494,1.7514,613030.0
2026-01-30 11:15:00+00:00,1.7513,1.7528,1.7506,1.751,911271.3
2026-01-30 11:20:00+00:00,1.751,1.7521,1.749,1.7521,738980.3
2026-01-30 11:25:00+00:00,1.752,1.7521,1.7475,1.7495,831994.2
2026-01-30 11:30:00+00:00,1.7495,1.7519,1.7484,1.7504,1246269.1
2026-01-30 11:35:00+00:00,1.7505,1.7508,1.7484,1.7498,717707.2
2026-01-30 11:40:00+00:00,1.7498,1.756,1.7498,1.7521,1449459.9
2026-01-30 11:45:00+00:00,1.7521,1.7536,1.7491,1.7497,1147804.5
2026-01-30 11:50:00+00:00,1.7498,1.7719,1.7498,1.7712,6923463.3
2026-01-30 11:55:00+00:00,1.7711,1.7739,1.7661,1.7685,4408685.4
2026-01-30 12:00:00+00:00,1.7685,1.7741,1.7684,1.7693,4041717.7
2026-01-30 12:05:00+00:00,1.7692,1.7713,1.7678,1.7687,2545716.9
2026-01-30 12:10:00+00:00,1.7687,1.7708,1.767,1.7671,2675048.8
2026-01-30 12:15:00+00:00,1.7672,1.7698,1.7661,1.7676,1727337.7
2026-01-30 12:20:00+00:00,1.7676,1.7686,1.7626,1.7632,2842982.6
2026-01-30 12:25:00+00:00,1.7632,1.7649,1.7595,1.7638,2798215.6
2026-01-30 12:30:00+00:00,1.7638,1.768,1.7626,1.7628,1585246.6
2026-01-30 12:35:00+00:00,1.7627,1.7653,1.7617,1.7626,1143683.3
2026-01-30 12:40:00+00:00,1.7625,1.7643,1.7593,1.7593,1709745.8
2026-01-30 12:45:00+00:00,1.7593,1.7628,1.758,1.7616,1570429.3
2026-01-30 12:50:00+00:00,1.7615,1.7639,1.7578,1.7593,1035550.7
2026-01-30 12:55:00+00:00,1.7594,1.7621,1.7583,1.7607,1753411.8
2026-01-30 13:00:00+00:00,1.7607,1.7637,1.7554,1.7561,2055532.3
2026-01-30 13:05:00+00:00,1.7561,1.757,1.7515,1.755,2957066.8
2026-01-30 13:10:00+00:00,1.755,1.7594,1.7549,1.7586,1617604.3
2026-01-30 13:15:00+00:00,1.7586,1.7618,1.7572,1.7609,1915521.1
2026-01-30 13:20:00+00:00,1.7608,1.7609,1.7553,1.7553,1113720.0
2026-01-30 13:25:00+00:00,1.7552,1.7571,1.7534,1.756,1465460.3
2026-01-30 13:30:00+00:00,1.7561,1.7584,1.7437,1.7563,8751804.2
2026-01-30 13:35:00+00:00,1.7562,1.7633,1.7502,1.7523,3670481.6
2026-01-30 13:40:00+00:00,1.7523,1.756,1.7502,1.7556,1504380.8
2026-01-30 13:45:00+00:00,1.7557,1.7557,1.749,1.7502,1165891.6
2026-01-30 13:50:00+00:00,1.7503,1.751,1.747,1.7493,1516615.1
2026-01-30 13:55:00+00:00,1.7493,1.7518,1.7487,1.7516,755930.9
2026-01-30 14:00:00+00:00,1.7516,1.7592,1.7515,1.7583,1944339.5
2026-01-30 14:05:00+00:00,1.7583,1.7617,1.7576,1.761,1694605.0
2026-01-30 14:10:00+00:00,1.761,1.7684,1.7609,1.7642,2821506.6
2026-01-30 14:15:00+00:00,1.7641,1.7649,1.7615,1.7619,1641263.9
2026-01-30 14:20:00+00:00,1.762,1.7634,1.7587,1.7607,1480182.1
2026-01-30 14:25:00+00:00,1.7608,1.7613,1.7556,1.7571,1261408.8
2026-01-30 14:30:00+00:00,1.7571,1.767,1.752,1.7605,6006042.4
2026-01-30 14:35:00+00:00,1.7605,1.7687,1.7582,1.768,3254329.9
2026-01-30 14:40:00+00:00,1.7679,1.7762,1.7613,1.7735,7597325.0
2026-01-30 14:45:00+00:00,1.7735,1.7776,1.7631,1.7687,6162429.0
2026-01-30 14:50:00+00:00,1.7687,1.7708,1.7554,1.7616,7463457.0
2026-01-30 14:55:00+00:00,1.7616,1.7636,1.7568,1.7607,2828081.1
2026-01-30 15:00:00+00:00,1.7608,1.7703,1.7582,1.7649,9773595.1
2026-01-30 15:05:00+00:00,1.7649,1.7746,1.7649,1.7708,8223369.5
2026-01-30 15:10:00+00:00,1.7708,1.7764,1.7651,1.7678,6560076.2
2026-01-30 15:15:00+00:00,1.7679,1.7737,1.7599,1.7626,9297481.1
2026-01-30 15:20:00+00:00,1.7627,1.7629,1.7556,1.7565,7366780.7
2026-01-30 15:25:00+00:00,1.7565,1.7568,1.7444,1.7462,10222268.3
2026-01-30 15:30:00+00:00,1.7461,1.7553,1.7389,1.7553,10980801.0
2026-01-30 15:35:00+00:00,1.7553,1.7783,1.7553,1.7733,16495975.1
2026-01-30 15:40:00+00:00,1.7733,1.7809,1.7672,1.7739,7203802.6
2026-01-30 15:45:00+00:00,1.7739,1.778,1.7621,1.7632,11463521.8
2026-01-30 15:50:00+00:00,1.7632,1.7675,1.7612,1.7642,8903701.9
2026-01-30 15:55:00+00:00,1.7642,1.7654,1.7536,1.7573,6954320.0
2026-01-30 16:00:00+00:00,1.7572,1.7632,1.7522,1.7534,4436664.9
2026-01-30 16:05:00+00:00,1.7534,1.767,1.7526,1.7614,3143870.0
2026-01-30 16:10:00+00:00,1.7614,1.7664,1.7586,1.7635,1964145.7
2026-01-30 16:15:00+00:00,1.7635,1.7645,1.7567,1.7606,1969032.7
2026-01-30 16:20:00+00:00,1.7606,1.7616,1.7477,1.749,4537399.3
2026-01-30 16:25:00+00:00,1.7491,1.7667,1.7463,1.7629,5285066.9
2026-01-30 16:30:00+00:00,1.7628,1.7655,1.7561,1.7572,2802190.3
2026-01-30 16:35:00+00:00,1.7572,1.7746,1.7557,1.7655,6176515.0
2026-01-30 16:40:00+00:00,1.7655,1.7711,1.7653,1.7685,1301184.7
2026-01-30 16:45:00+00:00,1.7685,1.7686,1.7612,1.7617,2047316.8
2026-01-30 16:50:00+00:00,1.7617,1.7641,1.7581,1.7616,1594308.4
2026-01-30 16:55:00+00:00,1.7616,1.7632,1.7583,1.7615,1209830.4
2026-01-30 17:00:00+00:00,1.7616,1.7626,1.7517,1.7521,7433612.5
2026-01-30 17:05:00+00:00,1.7521,1.7539,1.7483,1.7524,3644272.9
2026-01-30 17:10:00+00:00,1.7525,1.7562,1.7515,1.752,2006862.5
2026-01-30 17:15:00+00:00,1.7521,1.7577,1.7492,1.7574,2803120.5
2026-01-30 17:20:00+00:00,1.7574,1.7692,1.7574,1.7676,3768455.3
2026-01-30 17:25:00+00:00,1.7676,1.773,1.7667,1.7686,3600578.6
2026-01-30 17:30:00+00:00,1.7685,1.7691,1.757,1.759,2641979.7
2026-01-30 17:35:00+00:00,1.7591,1.7637,1.7558,1.7572,2089154.7
2026-01-30 17:40:00+00:00,1.7572,1.7592,1.7549,1.7591,1529478.9
2026-01-30 17:45:00+00:00,1.759,1.7619,1.7577,1.7603,1215158.0
2026-01-30 17:50:00+00:00,1.7603,1.7603,1.7526,1.7528,2275305.0
2026-01-30 17:55:00+00:00,1.7529,1.7557,1.7502,1.7519,2182408.5
2026-01-30 18:00:00+00:00,1.7519,1.7564,1.7511,1.7529,1733540.8
2026-01-30 18:05:00+00:00,1.7529,1.7542,1.7447,1.746,3259456.4
2026-01-30 18:10:00+00:00,1.7459,1.7459,1.7401,1.7437,3833266.1
2026-01-30 18:15:00+00:00,1.7436,1.7441,1.7269,1.7271,8407606.0
2026-01-30 18:20:00+00:00,1.7272,1.7285,1.7106,1.7143,13634704.0
2026-01-30 18:25:00+00:00,1.7143,1.7307,1.7133,1.7278,8933809.9
2026-01-30 18:30:00+00:00,1.7279,1.734,1.7196,1.7217,5000841.7
2026-01-30 18:35:00+00:00,1.7218,1.7303,1.7218,1.727,2281982.0
2026-01-30 18:40:00+00:00,1.727,1.7526,1.7231,1.752,11365579.7
2026-01-30 18:45:00+00:00,1.7521,1.7655,1.7492,1.7611,14452779.7
2026-01-30 18:50:00+00:00,1.7612,1.7704,1.7552,1.7701,8210256.9
2026-01-30 18:55:00+00:00,1.7701,1.7809,1.7684,1.7724,7062193.4
2026-01-30 19:00:00+00:00,1.7724,1.7835,1.769,1.7791,7807017.1
2026-01-30 19:05:00+00:00,1.779,1.7835,1.7718,1.7739,7882339.2
2026-01-30 19:10:00+00:00,1.774,1.7798,1.77,1.7753,6157367.7
2026-01-30 19:15:00+00:00,1.7753,1.7809,1.7723,1.7799,3429896.4
2026-01-30 19:20:00+00:00,1.7798,1.7832,1.7763,1.7792,3206396.6
2026-01-30 19:25:00+00:00,1.7793,1.7825,1.7764,1.7764,2240090.9
2026-01-30 19:30:00+00:00,1.7764,1.7803,1.7701,1.7791,2525782.4
2026-01-30 19:35:00+00:00,1.7791,1.7814,1.7733,1.7755,2536044.9
2026-01-30 19:40:00+00:00,1.7755,1.7755,1.7675,1.77,2459744.3
2026-01-30 19:45:00+00:00,1.77,1.7719,1.7665,1.7703,1864420.2
2026-01-30 19:50:00+00:00,1.7704,1.7815,1.7699,1.775,2528529.4
2026-01-30 19:55:00+00:00,1.775,1.7781,1.77,1.7704,1707187.5
2026-01-30 20:00:00+00:00,1.7705,1.7708,1.7644,1.7659,2746093.8
2026-01-30 20:05:00+00:00,1.7659,1.766,1.7542,1.7573,4748559.0
2026-01-30 20:10:00+00:00,1.7572,1.7604,1.7535,1.7595,2421583.6
2026-01-30 20:15:00+00:00,1.7594,1.7661,1.7574,1.7629,2380069.2
2026-01-30 20:20:00+00:00,1.7628,1.763,1.7477,1.7566,5585113.5
2026-01-30 20:25:00+00:00,1.7566,1.7624,1.7466,1.7505,6542270.2
2026-01-30 20:30:00+00:00,1.7504,1.756,1.7479,1.7501,4135336.0
2026-01-30 20:35:00+00:00,1.75,1.7547,1.731,1.7401,12197757.2
2026-01-30 20:40:00+00:00,1.7401,1.7446,1.7355,1.7408,3480009.3
2026-01-30 20:45:00+00:00,1.7407,1.7447,1.7384,1.742,3290946.4
2026-01-30 20:50:00+00:00,1.7421,1.746,1.7339,1.7442,4942960.6
2026-01-30 20:55:00+00:00,1.7441,1.7459,1.7362,1.738,4787310.1
2026-01-30 21:00:00+00:00,1.738,1.7435,1.7379,1.7391,6193975.3
2026-01-30 21:05:00+00:00,1.7392,1.746,1.7347,1.7356,4507046.8
2026-01-30 21:10:00+00:00,1.7355,1.7414,1.733,1.7393,3850230.8
2026-01-30 21:15:00+00:00,1.7394,1.75,1.7389,1.7419,6322953.6
2026-01-30 21:20:00+00:00,1.742,1.7486,1.7418,1.7435,3327286.8
2026-01-30 21:25:00+00:00,1.7436,1.7457,1.7377,1.7384,2319882.7
2026-01-30 21:30:00+00:00,1.7384,1.7413,1.7338,1.7384,3922939.9
2026-01-30 21:35:00+00:00,1.7385,1.7405,1.7256,1.7292,7656042.8
2026-01-30 21:40:00+00:00,1.7292,1.7296,1.725,1.7275,2922272.5
2026-01-30 21:45:00+00:00,1.7275,1.7331,1.7228,1.7304,5545474.8
2026-01-30 21:50:00+00:00,1.7304,1.7341,1.7269,1.7312,3877982.4
2026-01-30 21:55:00+00:00,1.7312,1.7334,1.7272,1.7272,4377070.3
2026-01-30 22:00:00+00:00,1.7272,1.7357,1.7251,1.7277,3494120.1
2026-01-30 22:05:00+00:00,1.7277,1.7294,1.7224,1.7276,3087221.2
2026-01-30 22:10:00+00:00,1.7277,1.732,1.7209,1.7215,3516319.5
2026-01-30 22:15:00+00:00,1.7216,1.7244,1.717,1.718,5693103.1
2026-01-30 22:20:00+00:00,1.718,1.723,1.7164,1.7207,2932071.9
2026-01-30 22:25:00+00:00,1.7207,1.7215,1.7165,1.7174,1580002.9
2026-01-30 22:30:00+00:00,1.7173,1.7263,1.7172,1.7247,2351118.9
2026-01-30 22:35:00+00:00,1.7246,1.7297,1.7238,1.7262,1811471.8
2026-01-30 22:40:00+00:00,1.7263,1.7298,1.7258,1.7258,1185034.7
2026-01-30 22:45:00+00:00,1.7259,1.7296,1.724,1.7294,1042568.1
2026-01-30 22:50:00+00:00,1.7295,1.7295,1.7262,1.7277,1019551.6
2026-01-30 22:55:00+00:00,1.7277,1.7286,1.7248,1.7275,1500329.9
2026-01-30 23:00:00+00:00,1.7276,1.7291,1.7237,1.7266,1733978.0
2026-01-30 23:05:00+00:00,1.7265,1.7287,1.7237,1.7242,1445908.1
2026-01-30 23:10:00+00:00,1.7242,1.7259,1.7213,1.7242,1557496.9
2026-01-30 23:15:00+00:00,1.7243,1.7276,1.7236,1.7268,933228.7
2026-01-30 23:20:00+00:00,1.7268,1.7297,1.7267,1.7292,2307731.9
2026-01-30 23:25:00+00:00,1.7292,1.7304,1.725,1.7272,1608957.1
2026-01-30 23:30:00+00:00,1.7273,1.729,1.7262,1.7287,1010921.4
2026-01-30 23:35:00+00:00,1.7286,1.7301,1.7275,1.73,1046049.8
2026-01-30 23:40:00+00:00,1.73,1.735,1.7294,1.734,1206571.9
2026-01-30 23:45:00+00:00,1.734,1.7354,1.7324,1.7354,2181976.4
2026-01-30 23:50:00+00:00,1.7354,1.7358,1.7325,1.734,1109494.7
2026-01-30 23:55:00+00:00,1.7341,1.7346,1.7328,1.7337,897228.5
2026-01-31 00:00:00+00:00,1.7337,1.7367,1.7322,1.7332,1817645.0
