timestamp,open,high,low,close,volume
2025-12-01 00:00:00+00:00,2.1537,2.1598,2.1391,2.1495,14007325.8
2025-12-01 00:05:00+00:00,2.1494,2.1499,2.11,2.1189,36478952.9
2025-12-01 00:10:00+00:00,2.1189,2.127,2.109,2.1141,18137222.8
2025-12-01 00:15:00+00:00,2.1141,2.1173,2.109,2.113,10529230.1
2025-12-01 00:20:00+00:00,2.113,2.1168,2.1068,2.1103,10028568.8
2025-12-01 00:25:00+00:00,2.1104,2.1154,2.0943,2.0952,11935921.7
2025-12-01 00:30:00+00:00,2.0951,2.1022,2.0809,2.0893,18256963.3
2025-12-01 00:35:00+00:00,2.0893,2.0894,2.0726,2.079,16403791.7
2025-12-01 00:40:00+00:00,2.079,2.0924,2.0756,2.0826,8182544.1
2025-12-01 00:45:00+00:00,2.0825,2.0853,2.0748,2.0758,7020788.7
2025-12-01 00:50:00+00:00,2.0759,2.0776,2.0618,2.0629,11510317.1
2025-12-01 00:55:00+00:00,2.0628,2.0711,2.0564,2.0566,9937299.4
2025-12-01 01:00:00+00:00,2.0567,2.0754,2.0561,2.0737,10749349.1
2025-12-01 01:05:00+00:00,2.0737,2.0917,2.0718,2.0796,11015460.8
2025-12-01 01:10:00+00:00,2.0796,2.0834,2.073,2.0782,5110726.5
2025-12-01 01:15:00+00:00,2.0782,2.0895,2.0776,2.0823,5307730.3
2025-12-01 01:20:00+00:00,2.0822,2.0874,2.0775,2.079,2635171.9
2025-12-01 01:25:00+00:00,2.079,2.0805,2.0728,2.074,3413420.3
2025-12-01 01:30:00+00:00,2.0741,2.0824,2.0728,2.0784,2630080.1
2025-12-01 01:35:00+00:00,2.0784,2.0868,2.0774,2.0787,2583443.4
2025-12-01 01:40:00+00:00,2.0787,2.0866,2.0768,2.0813,1781378.3
2025-12-01 01:45:00+00:00,2.0812,2.0842,2.0783,2.0791,1490034.9
2025-12-01 01:50:00+00:00,2.0791,2.0798,2.076,2.0774,1004252.5
2025-12-01 01:55:00+00:00,2.0774,2.0838,2.0757,2.0772,1710810.6
2025-12-01 02:00:00+00:00,2.0771,2.0848,2.0738,2.0838,3152041.8
2025-12-01 02:05:00+00:00,2.0839,2.0867,2.0751,2.0764,2491679.9
2025-12-01 02:10:00+00:00,2.0764,2.085,2.0737,2.0804,2205844.0
2025-12-01 02:15:00+00:00,2.0803,2.0831,2.0786,2.0786,1608740.9
2025-12-01 02:20:00+00:00,2.0786,2.0797,2.0758,2.0758,1071176.1
2025-12-01 02:25:00+00:00,2.0758,2.0785,2.0712,2.0717,1609205.6
2025-12-01 02:30:00+00:00,2.0716,2.0732,2.0683,2.072,1944092.6
2025-12-01 02:35:00+00:00,2.0721,2.0755,2.0625,2.0684,5441674.9
2025-12-01 02:40:00+00:00,2.0683,2.0735,2.0675,2.0679,4546270.1
2025-12-01 02:45:00+00:00,2.0678,2.0686,2.055,2.0569,6020750.6
2025-12-01 02:50:00+00:00,2.057,2.0639,2.056,2.0634,3162334.9
2025-12-01 02:55:00+00:00,2.0634,2.0669,2.0623,2.0626,1414868.0
2025-12-01 03:00:00+00:00,2.0626,2.064,2.0581,2.0617,2596618.3
2025-12-01 03:05:00+00:00,2.0616,2.0645,2.0516,2.0523,4573773.1
2025-12-01 03:10:00+00:00,2.0523,2.0558,2.0511,2.0554,2986512.0
2025-12-01 03:15:00+00:00,2.0554,2.0594,2.0488,2.0511,3571302.6
2025-12-01 03:20:00+00:00,2.0512,2.0567,2.0509,2.0541,1603442.1
2025-12-01 03:25:00+00:00,2.0541,2.0556,2.0501,2.0511,1451770.8
2025-12-01 03:30:00+00:00,2.0511,2.0523,2.0468,2.0484,3869801.3
2025-12-01 03:35:00+00:00,2.0484,2.053,2.0413,2.0447,4207679.1
2025-12-01 03:40:00+00:00,2.0446,2.0528,2.0443,2.0527,2221635.8
2025-12-01 03:45:00+00:00,2.0527,2.0545,2.044,2.0454,2956574.4
2025-12-01 03:50:00+00:00,2.0455,2.0487,2.0445,2.0477,1699216.9
2025-12-01 03:55:00+00:00,2.0478,2.0507,2.0471,2.049,1687213.0
2025-12-01 04:00:00+00:00,2.0489,2.0529,2.0455,2.049,2425099.1
2025-12-01 04:05:00+00:00,2.0491,2.051,2.0415,2.0418,4280636.8
2025-12-01 04:10:00+00:00,2.0419,2.0466,2.0367,2.0367,7706431.3
2025-12-01 04:15:00+00:00,2.0368,2.0449,2.034,2.043,6239795.4
2025-12-01 04:20:00+00:00,2.0429,2.0438,2.0371,2.0381,1675201.9
2025-12-01 04:25:00+00:00,2.0381,2.0381,2.0324,2.0342,2856120.9
2025-12-01 04:30:00+00:00,2.0342,2.0364,2.0312,2.0341,4610659.8
2025-12-01 04:35:00+00:00,2.0341,2.0361,2.0276,2.0346,5470980.5
2025-12-01 04:40:00+00:00,2.0345,2.0369,2.032,2.0345,2123483.4
2025-12-01 04:45:00+00:00,2.0345,2.0367,2.0332,2.0354,1301933.9
2025-12-01 04:50:00+00:00,2.0353,2.0375,2.0312,2.0323,1812818.8
2025-12-01 04:55:00+00:00,2.0322,2.0336,2.0272,2.0289,2728335.3
2025-12-01 05:00:00+00:00,2.0288,2.0358,2.0281,2.0321,2557234.9
2025-12-01 05:05:00+00:00,2.0321,2.0338,2.025,2.0289,2921612.1
2025-12-01 05:10:00+00:00,2.0289,2.034,2.0253,2.0262,2748111.8
2025-12-01 05:15:00+00:00,2.0262,2.0267,2.0203,2.0205,4048341.8
2025-12-01 05:20:00+00:00,2.0205,2.0228,2.0185,2.0227,3344303.1
2025-12-01 05:25:00+00:00,2.0227,2.0317,2.0217,2.0311,1697134.2
2025-12-01 05:30:00+00:00,2.031,2.0318,2.0244,2.0269,1484028.9
2025-12-01 05:35:00+00:00,2.0269,2.0274,2.0155,2.0176,2680799.4
2025-12-01 05:40:00+00:00,2.0176,2.0221,2.0173,2.019,1395046.7
2025-12-01 05:45:00+00:00,2.019,2.0276,2.0187,2.0275,1957598.5
2025-12-01 05:50:00+00:00,2.0275,2.0301,2.0259,2.0279,2284608.7
2025-12-01 05:55:00+00:00,2.0278,2.0284,2.0255,2.027,997813.4
2025-12-01 06:00:00+00:00,2.0269,2.0367,2.0267,2.0333,4164176.8
2025-12-01 06:05:00+00:00,2.0333,2.0347,2.0292,2.0341,1986823.9
2025-12-01 06:10:00+00:00,2.0341,2.0371,2.0331,2.0351,2730537.8
2025-12-01 06:15:00+00:00,2.0351,2.0351,2.0289,2.0295,1914129.2
2025-12-01 06:20:00+00:00,2.0295,2.0311,2.0265,2.0281,1655727.6
2025-12-01 06:25:00+00:00,2.0281,2.0325,2.0275,2.0323,1278711.9
2025-12-01 06:30:00+00:00,2.0323,2.0342,2.0305,2.0334,1099589.7
2025-12-01 06:35:00+00:00,2.0335,2.0421,2.0316,2.0406,2310513.1
2025-12-01 06:40:00+00:00,2.0407,2.0444,2.0399,2.0434,1978540.9
2025-12-01 06:45:00+00:00,2.0433,2.0459,2.0418,2.0443,2264701.3
2025-12-01 06:50:00+00:00,2.0443,2.0444,2.0393,2.0434,1763252.6
2025-12-01 06:55:00+00:00,2.0434,2.0482,2.0433,2.0459,2818665.2
2025-12-01 07:00:00+00:00,2.0459,2.0474,2.0435,2.0436,1737389.8
2025-12-01 07:05:00+00:00,2.0436,2.0437,2.0358,2.039,2465660.6
2025-12-01 07:10:00+00:00,2.039,2.0419,2.0367,2.0393,1598798.2
2025-12-01 07:15:00+00:00,2.0392,2.0397,2.0365,2.0386,844915.6
2025-12-01 07:20:00+00:00,2.0386,2.0386,2.0316,2.0355,1802624.1
2025-12-01 07:25:00+00:00,2.0355,2.0423,2.0353,2.0415,928103.6
2025-12-01 07:30:00+00:00,2.0415,2.0444,2.0388,2.0435,1669547.5
2025-12-01 07:35:00+00:00,2.0434,2.0486,2.0416,2.046,1981411.1
2025-12-01 07:40:00+00:00,2.046,2.0528,2.0448,2.0496,3226513.3
2025-12-01 07:45:00+00:00,2.0495,2.0549,2.0494,2.0539,3384873.3
2025-12-01 07:50:00+00:00,2.054,2.0564,2.0505,2.0527,2107709.8
2025-12-01 07:55:00+00:00,2.0527,2.0571,2.0525,2.0549,2636689.4
2025-12-01 08:00:00+00:00,2.0549,2.0569,2.0533,2.0533,1914025.0
2025-12-01 08:05:00+00:00,2.0533,2.0579,2.0532,2.0548,2922378.4
2025-12-01 08:10:00+00:00,2.0548,2.0551,2.0502,2.0507,1854671.9
2025-12-01 08:15:00+00:00,2.0507,2.0556,2.0501,2.0546,1274525.4
2025-12-01 08:20:00+00:00,2.0546,2.0566,2.0501,2.0504,1764783.7
2025-12-01 08:25:00+00:00,2.0504,2.0514,2.0476,2.051,1457616.0
2025-12-01 08:30:00+00:00,2.0511,2.0522,2.0461,2.0489,1531596.1
2025-12-01 08:35:00+00:00,2.0489,2.0545,2.0489,2.0508,1217172.2
2025-12-01 08:40:00+00:00,2.0507,2.0539,2.0504,2.0537,778144.3
2025-12-01 08:45:00+00:00,2.0537,2.057,2.0524,2.0543,1396885.4
2025-12-01 08:50:00+00:00,2.0543,2.0547,2.0526,2.0529,1087562.2
2025-12-01 08:55:00+00:00,2.0528,2.0571,2.0524,2.0553,1251963.0
2025-12-01 09:00:00+00:00,2.0552,2.0592,2.0509,2.0512,3028121.2
2025-12-01 09:05:00+00:00,2.0513,2.0556,2.0485,2.0487,1665186.6
2025-12-01 09:10:00+00:00,2.0487,2.0487,2.0461,2.0469,1528694.9
2025-12-01 09:15:00+00:00,2.047,2.0502,2.0462,2.0469,765409.7
2025-12-01 09:20:00+00:00,2.0469,2.0477,2.044,2.0456,1329961.1
2025-12-01 09:25:00+00:00,2.0456,2.0461,2.0418,2.0449,1922142.5
2025-12-01 09:30:00+00:00,2.0449,2.0471,2.0439,2.0462,1025907.9
2025-12-01 09:35:00+00:00,2.0461,2.049,2.0456,2.0473,868905.0
2025-12-01 09:40:00+00:00,2.0474,2.0531,2.047,2.0521,735416.8
2025-12-01 09:45:00+00:00,2.0521,2.0522,2.0466,2.0466,1357619.7
2025-12-01 09:50:00+00:00,2.0465,2.0499,2.0463,2.047,508983.3
2025-12-01 09:55:00+00:00,2.0471,2.0471,2.0445,2.0448,824722.1
2025-12-01 10:00:00+00:00,2.0449,2.0467,2.0443,2.0443,942042.2
2025-12-01 10:05:00+00:00,2.0443,2.0472,2.0421,2.0435,694509.2
2025-12-01 10:10:00+00:00,2.0434,2.0438,2.0361,2.0375,3489500.3
2025-12-01 10:15:00+00:00,2.0376,2.0396,2.0376,2.0385,1561500.1
2025-12-01 10:20:00+00:00,2.0384,2.0397,2.0364,2.0393,1202718.6
2025-12-01 10:25:00+00:00,2.0393,2.0409,2.039,2.0398,813506.3
2025-12-01 10:30:00+00:00,2.0397,2.0411,2.0385,2.0406,1037561.2
2025-12-01 10:35:00+00:00,2.0407,2.0431,2.0407,2.0413,901858.6
2025-12-01 10:40:00+00:00,2.0413,2.042,2.0385,2.0397,918937.4
2025-12-01 10:45:00+00:00,2.0397,2.043,2.0397,2.0415,902409.8
2025-12-01 10:50:00+00:00,2.0415,2.0422,2.0403,2.0412,596695.5
2025-12-01 10:55:00+00:00,2.0411,2.0418,2.0383,2.0411,1055675.1
2025-12-01 11:00:00+00:00,2.0411,2.0447,2.0393,2.0409,973759.6
2025-12-01 11:05:00+00:00,2.0409,2.0409,2.0367,2.0376,1317838.8
2025-12-01 11:10:00+00:00,2.0375,2.039,2.0352,2.0378,833575.1
2025-12-01 11:15:00+00:00,2.0378,2.0398,2.0363,2.0383,1906538.6
2025-12-01 11:20:00+00:00,2.0383,2.041,2.0371,2.0407,1366313.5
2025-12-01 11:25:00+00:00,2.0408,2.0455,2.0408,2.0421,1386331.4
2025-12-01 11:30:00+00:00,2.0421,2.0424,2.038,2.0386,1700510.2
2025-12-01 11:35:00+00:00,2.0386,2.0419,2.0381,2.041,921246.2
2025-12-01 11:40:00+00:00,2.0409,2.0411,2.038,2.0387,842017.4
2025-12-01 11:45:00+00:00,2.0387,2.0443,2.0386,2.0434,1245375.2
2025-12-01 11:50:00+00:00,2.0435,2.0451,2.0391,2.0391,2167629.5
2025-12-01 11:55:00+00:00,2.039,2.039,2.03,2.033,8757454.3
2025-12-01 12:00:00+00:00,2.033,2.0355,2.0272,2.0304,3792800.7
2025-12-01 12:05:00+00:00,2.0303,2.0313,2.0254,2.0296,4238772.9
2025-12-01 12:10:00+00:00,2.0296,2.0309,2.0279,2.0308,2808099.6
2025-12-01 12:15:00+00:00,2.0309,2.032,2.0231,2.0277,3435569.5
2025-12-01 12:20:00+00:00,2.0278,2.031,2.0263,2.0296,2253146.3
2025-12-01 12:25:00+00:00,2.0296,2.0303,2.0243,2.0253,1551068.0
2025-12-01 12:30:00+00:00,2.0253,2.0254,2.021,2.0212,4090490.9
2025-12-01 12:35:00+00:00,2.0212,2.0286,2.0211,2.0239,3108550.6
2025-12-01 12:40:00+00:00,2.0239,2.024,2.0176,2.0182,4736617.5
2025-12-01 12:45:00+00:00,2.0182,2.0194,2.0017,2.0044,13296068.7
2025-12-01 12:50:00+00:00,2.0044,2.0317,2.0027,2.0283,8832655.8
2025-12-01 12:55:00+00:00,2.0284,2.0331,2.0241,2.027,4139761.3
2025-12-01 13:00:00+00:00,2.027,2.0359,2.021,2.0278,12057898.0
2025-12-01 13:05:00+00:00,2.0277,2.0297,2.022,2.0265,3146348.5
2025-12-01 13:10:00+00:00,2.0265,2.0265,2.0162,2.023,3373654.1
2025-12-01 13:15:00+00:00,2.0231,2.0258,2.0184,2.0192,2793624.4
2025-12-01 13:20:00+00:00,2.0192,2.022,2.018,2.0189,2078122.4
2025-12-01 13:25:00+00:00,2.0189,2.0223,2.0167,2.0193,1272689.4
2025-12-01 13:30:00+00:00,2.0192,2.0205,2.0135,2.0147,3041057.5
2025-12-01 13:35:00+00:00,2.0147,2.0203,2.0124,2.0143,3015583.7
2025-12-01 13:40:00+00:00,2.0144,2.0174,2.0133,2.0151,1918155.8
2025-12-01 13:45:00+00:00,2.0151,2.0169,2.0101,2.0104,1643405.1
2025-12-01 13:50:00+00:00,2.0103,2.0193,2.0085,2.0171,3717445.9
2025-12-01 13:55:00+00:00,2.0171,2.0232,2.0132,2.0191,2401145.3
2025-12-01 14:00:00+00:00,2.0192,2.0234,2.015,2.0221,2867661.2
2025-12-01 14:05:00+00:00,2.0221,2.0222,2.0134,2.0202,2511603.5
2025-12-01 14:10:00+00:00,2.0202,2.0236,2.0183,2.0204,2579441.4
2025-12-01 14:15:00+00:00,2.0205,2.0213,2.015,2.0187,1738162.0
2025-12-01 14:20:00+00:00,2.0187,2.0254,2.0168,2.0254,2682208.2
2025-12-01 14:25:00+00:00,2.0254,2.0296,2.0232,2.0292,2646814.0
2025-12-01 14:30:00+00:00,2.0291,2.0364,2.0229,2.0348,5093565.4
2025-12-01 14:35:00+00:00,2.0347,2.0484,2.0341,2.0392,7947546.1
2025-12-01 14:40:00+00:00,2.0391,2.0413,2.028,2.0309,3489389.2
2025-12-01 14:45:00+00:00,2.0309,2.0366,2.0269,2.0273,4029768.4
2025-12-01 14:50:00+00:00,2.0272,2.0324,2.025,2.0299,2659432.7
2025-12-01 14:55:00+00:00,2.0299,2.0385,2.0294,2.0303,2492205.6
2025-12-01 15:00:00+00:00,2.0304,2.0344,2.023,2.0238,3045907.6
2025-12-01 15:05:00+00:00,2.0238,2.0268,2.0215,2.0234,3063360.6
2025-12-01 15:10:00+00:00,2.0234,2.0259,2.0145,2.015,2662421.8
2025-12-01 15:15:00+00:00,2.015,2.024,2.0113,2.0197,6215584.6
2025-12-01 15:20:00+00:00,2.0196,2.0217,2.0147,2.0151,4223355.4
2025-12-01 15:25:00+00:00,2.0152,2.0158,2.005,2.0062,8317316.2
2025-12-01 15:30:00+00:00,2.0063,2.0066,1.9849,1.9901,19154443.0
2025-12-01 15:35:00+00:00,1.9901,2.0024,1.9885,1.996,12173102.9
2025-12-01 15:40:00+00:00,1.996,1.9968,1.9852,1.9867,6994568.1
2025-12-01 15:45:00+00:00,1.9867,1.9978,1.9825,1.9974,9093141.1
2025-12-01 15:50:00+00:00,1.9974,2.0197,1.9974,2.0136,9523358.7
2025-12-01 15:55:00+00:00,2.0136,2.0158,2.0051,2.0064,4768867.1
2025-12-01 16:00:00+00:00,2.0065,2.0091,2.0003,2.0012,4647385.5
2025-12-01 16:05:00+00:00,2.0012,2.0026,1.9878,1.9918,5795456.8
2025-12-01 16:10:00+00:00,1.9917,1.9957,1.9905,1.9921,4409242.2
2025-12-01 16:15:00+00:00,1.9922,1.9962,1.9861,1.991,4161366.9
2025-12-01 16:20:00+00:00,1.9909,1.9965,1.9881,1.9913,3233492.4
2025-12-01 16:25:00+00:00,1.9912,1.9985,1.9901,1.9939,4575661.6
2025-12-01 16:30:00+00:00,1.9939,1.9998,1.9929,1.996,2614634.8
2025-12-01 16:35:00+00:00,1.996,2.0055,1.9862,2.0039,5949737.7
2025-12-01 16:40:00+00:00,2.004,2.0058,1.9946,1.9951,3677508.8
2025-12-01 16:45:00+00:00,1.9952,1.9995,1.992,1.9931,3317188.5
2025-12-01 16:50:00+00:00,1.9932,1.9952,1.9876,1.9887,3085928.0
2025-12-01 16:55:00+00:00,1.9888,1.9902,1.9853,1.9898,2801397.8
2025-12-01 17:00:00+00:00,1.9898,1.9998,1.9893,1.9998,5988466.4
2025-12-01 17:05:00+00:00,1.9999,2.0036,1.9956,1.9959,3281640.7
2025-12-01 17:10:00+00:00,1.9959,1.9993,1.9912,1.992,2985942.7
2025-12-01 17:15:00+00:00,1.992,1.994,1.9879,1.9907,3755932.4
2025-12-01 17:20:00+00:00,1.9907,1.9953,1.9899,1.9952,2047323.1
2025-12-01 17:25:00+00:00,1.9953,2.0032,1.9944,2.0002,2000415.1
2025-12-01 17:30:00+00:00,2.0002,2.0008,1.9873,1.9874,3301361.7
2025-12-01 17:35:00+00:00,1.9874,1.9966,1.9868,1.9961,3386952.7
2025-12-01 17:40:00+00:00,1.996,2.0012,1.9952,2.0009,2227291.1
2025-12-01 17:45:00+00:00,2.0008,2.0034,1.9956,1.9979,2218985.4
2025-12-01 17:50:00+00:00,1.9979,2.0022,1.9952,2.0022,1702469.6
2025-12-01 17:55:00+00:00,2.0022,2.0024,1.994,1.9942,1359648.4
2025-12-01 18:00:00+00:00,1.9941,1.9999,1.994,1.9972,1414230.4
2025-12-01 18:05:00+00:00,1.9972,2.001,1.993,1.9955,1567336.0
2025-12-01 18:10:00+00:00,1.9954,2.009,1.9954,2.0077,2972087.9
2025-12-01 18:15:00+00:00,2.0077,2.0114,2.0043,2.0098,2396932.2
2025-12-01 18:20:00+00:00,2.0098,2.0114,2.0013,2.0071,1958593.5
2025-12-01 18:25:00+00:00,2.0071,2.0082,2.0027,2.0045,1385538.8
2025-12-01 18:30:00+00:00,2.0046,2.0052,1.9982,2.001,2259293.0
2025-12-01 18:35:00+00:00,2.0009,2.0026,1.9964,1.9965,1384781.2
2025-12-01 18:40:00+00:00,1.9965,1.9991,1.9951,1.9969,2213896.9
2025-12-01 18:45:00+00:00,1.9969,1.9987,1.9932,1.9937,2714582.5
2025-12-01 18:50:00+00:00,1.9938,1.998,1.9925,1.9965,1630066.1
2025-12-01 18:55:00+00:00,1.9965,2.008,1.9951,2.0034,2731996.2
2025-12-01 19:00:00+00:00,2.0033,2.0042,1.9978,1.9992,1817685.5
2025-12-01 19:05:00+00:00,1.9992,1.9992,1.9935,1.9971,1760700.5
2025-12-01 19:10:00+00:00,1.9971,2.0014,1.9967,2.0006,888899.9
2025-12-01 19:15:00+00:00,2.0007,2.002,1.9971,1.9983,1097957.2
2025-12-01 19:20:00+00:00,1.9984,1.9986,1.9937,1.9972,1405421.0
2025-12-01 19:25:00+00:00,1.9972,1.9972,1.9889,1.9892,2123989.1
2025-12-01 19:30:00+00:00,1.9893,1.992,1.9855,1.9894,2690014.9
2025-12-01 19:35:00+00:00,1.9893,1.999,1.9887,1.9932,2777362.6
2025-12-01 19:40:00+00:00,1.9933,1.9963,1.9887,1.9893,1454342.6
2025-12-01 19:45:00+00:00,1.9893,1.9928,1.9889,1.9924,1088928.1
2025-12-01 19:50:00+00:00,1.9925,1.9952,1.9904,1.9948,1219109.3
2025-12-01 19:55:00+00:00,1.9949,1.9963,1.9915,1.9933,1141101.0
2025-12-01 20:00:00+00:00,1.9932,2.0061,1.9927,2.0058,3232632.9
2025-12-01 20:05:00+00:00,2.0058,2.0172,2.0057,2.0141,7872503.1
2025-12-01 20:10:00+00:00,2.0142,2.0215,2.011,2.0129,3286626.1
2025-12-01 20:15:00+00:00,2.0129,2.0129,2.0053,2.0121,3031593.3
2025-12-01 20:20:00+00:00,2.012,2.0121,2.0072,2.0098,2249099.5
2025-12-01 20:25:00+00:00,2.0098,2.0098,2.0039,2.0048,2610405.6
2025-12-01 20:30:00+00:00,2.0049,2.009,2.0042,2.0052,2537247.9
2025-12-01 20:35:00+00:00,2.0053,2.0148,2.0053,2.0108,2765298.5
2025-12-01 20:40:00+00:00,2.0107,2.0156,2.0089,2.0155,1603147.0
2025-12-01 20:45:00+00:00,2.0156,2.0159,2.0119,2.0138,2041872.4
2025-12-01 20:50:00+00:00,2.0139,2.0189,2.0122,2.0183,2252887.1
2025-12-01 20:55:00+00:00,2.0182,2.0258,2.0088,2.0104,16239806.0
2025-12-01 21:00:00+00:00,2.0104,2.0191,2.0093,2.0118,4426630.9
2025-12-01 21:05:00+00:00,2.0118,2.0235,2.01,2.022,4076910.3
2025-12-01 21:10:00+00:00,2.0221,2.0223,2.0126,2.0131,1343769.9
2025-12-01 21:15:00+00:00,2.0131,2.0186,2.009,2.0165,2912005.1
2025-12-01 21:20:00+00:00,2.0166,2.0284,2.0166,2.0258,4754867.5
2025-12-01 21:25:00+00:00,2.0257,2.0335,2.0239,2.0258,5687869.5
2025-12-01 21:30:00+00:00,2.0258,2.0381,2.0256,2.0373,7827479.3
2025-12-01 21:35:00+00:00,2.0373,2.045,2.0333,2.0371,7525278.0
2025-12-01 21:40:00+00:00,2.0371,2.041,2.0306,2.0324,5491131.5
2025-12-01 21:45:00+00:00,2.0323,2.0324,2.0215,2.0261,3883639.7
2025-12-01 21:50:00+00:00,2.0261,2.0276,2.0194,2.0224,9248481.1
2025-12-01 21:55:00+00:00,2.0224,2.0277,2.0209,2.0251,2314052.6
2025-12-01 22:00:00+00:00,2.0252,2.0304,2.0237,2.0276,4703985.1
2025-12-01 22:05:00+00:00,2.0276,2.0332,2.0266,2.0287,4054584.6
2025-12-01 22:10:00+00:00,2.0286,2.0293,2.0164,2.0205,4516160.9
2025-12-01 22:15:00+00:00,2.0204,2.025,2.0184,2.0234,2604486.3
2025-12-01 22:20:00+00:00,2.0234,2.0297,2.0231,2.0294,1566157.2
2025-12-01 22:25:00+00:00,2.0294,2.0303,2.0256,2.0285,1409292.0
2025-12-01 22:30:00+00:00,2.0285,2.0311,2.0234,2.0238,1383802.5
2025-12-01 22:35:00+00:00,2.0237,2.0331,2.0233,2.0322,1334127.3
2025-12-01 22:40:00+00:00,2.0321,2.035,2.0286,2.0343,1035164.8
2025-12-01 22:45:00+00:00,2.0343,2.0406,2.0343,2.0383,2649047.1
2025-12-01 22:50:00+00:00,2.0382,2.0429,2.0357,2.0391,3518332.9
2025-12-01 22:55:00+00:00,2.039,2.0399,2.0316,2.0322,676777.5
2025-12-01 23:00:00+00:00,2.0321,2.0415,2.0316,2.0388,1286443.8
2025-12-01 23:05:00+00:00,2.0388,2.039,2.033,2.0359,1426104.9
2025-12-01 23:10:00+00:00,2.036,2.0361,2.0302,2.0312,824676.1
2025-12-01 23:15:00+00:00,2.0313,2.0383,2.0313,2.0368,968029.3
2025-12-01 23:20:00+00:00,2.0368,2.0393,2.0362,2.0369,527700.4
2025-12-01 23:25:00+00:00,2.0369,2.0401,2.0369,2.0396,690071.8
2025-12-01 23:30:00+00:00,2.0397,2.0419,2.0341,2.0364,1635373.8
2025-12-01 23:35:00+00:00,2.0365,2.0379,2.0345,2.0363,687361.4
2025-12-01 23:40:00+00:00,2.0364,2.0364,2.0311,2.0325,1014799.9
2025-12-01 23:45:00+00:00,2.0325,2.0328,2.0286,2.03,1500603.0
2025-12-01 23:50:00+00:00,2.0301,2.0319,2.0287,2.0295,985917.3
2025-12-01 23:55:00+00:00,2.0295,2.031,2.0286,2.0286,1071927.1
2025-12-02 00:00:00+00:00,2.0287,2.0296,2.0246,2.0246,2835401.5
2025-12-02 00:05:00+00:00,2.0246,2.0303,2.0231,2.0247,2835147.0
2025-12-02 00:10:00+00:00,2.0247,2.0262,2.021,2.0218,3917353.4
2025-12-02 00:15:00+00:00,2.0217,2.0242,2.0203,2.0213,2819545.7
2025-12-02 00:20:00+00:00,2.0213,2.0215,2.0153,2.0159,2906535.7
2025-12-02 00:25:00+00:00,2.016,2.019,2.0134,2.0149,2749473.5
2025-12-02 00:30:00+00:00,2.0149,2.0196,2.0116,2.0196,3256354.6
2025-12-02 00:35:00+00:00,2.0196,2.0228,2.0167,2.0228,1263076.0
2025-12-02 00:40:00+00:00,2.0228,2.0248,2.0144,2.0146,2263915.6
2025-12-02 00:45:00+00:00,2.0147,2.0211,2.0142,2.021,945452.8
2025-12-02 00:50:00+00:00,2.0211,2.0268,2.0208,2.0214,1793458.2
2025-12-02 00:55:00+00:00,2.0213,2.0221,2.0181,2.0201,1021864.5
2025-12-02 01:00:00+00:00,2.0201,2.0252,2.0149,2.0248,1615062.8
2025-12-02 01:05:00+00:00,2.0248,2.0428,2.023,2.0305,5564394.2
2025-12-02 01:10:00+00:00,2.0305,2.0324,2.0239,2.0265,1916171.9
2025-12-02 01:15:00+00:00,2.0264,2.0289,2.019,2.023,1637547.8
2025-12-02 01:20:00+00:00,2.0229,2.0287,2.0201,2.0255,820210.5
2025-12-02 01:25:00+00:00,2.0254,2.0276,2.0222,2.0248,822883.8
2025-12-02 01:30:00+00:00,2.0247,2.0269,2.0214,2.0222,1093022.1
2025-12-02 01:35:00+00:00,2.0221,2.0252,2.0188,2.0245,837665.7
2025-12-02 01:40:00+00:00,2.0245,2.0269,2.0199,2.022,765192.7
2025-12-02 01:45:00+00:00,2.022,2.0226,2.0195,2.0204,829460.2
2025-12-02 01:50:00+00:00,2.0204,2.0214,2.0157,2.0196,1522555.7
2025-12-02 01:55:00+00:00,2.0196,2.0198,2.0162,2.0168,709762.0
2025-12-02 02:00:00+00:00,2.0168,2.0171,2.013,2.0145,2035448.8
2025-12-02 02:05:00+00:00,2.0145,2.0163,2.0082,2.0119,2576998.5
2025-12-02 02:10:00+00:00,2.0118,2.02,2.0108,2.019,1820114.7
2025-12-02 02:15:00+00:00,2.019,2.0278,2.019,2.0265,2150867.2
2025-12-02 02:20:00+00:00,2.0265,2.0293,2.0249,2.0278,1514701.5
2025-12-02 02:25:00+00:00,2.0278,2.0293,2.024,2.0244,1073478.7
2025-12-02 02:30:00+00:00,2.0243,2.0297,2.0228,2.0268,1743155.7
2025-12-02 02:35:00+00:00,2.0268,2.0306,2.0218,2.0253,1203833.4
2025-12-02 02:40:00+00:00,2.0254,2.0287,2.0251,2.0264,766861.2
2025-12-02 02:45:00+00:00,2.0263,2.0301,2.0252,2.0257,1201930.5
2025-12-02 02:50:00+00:00,2.0257,2.028,2.0212,2.022,684124.4
2025-12-02 02:55:00+00:00,2.022,2.0229,2.0194,2.0206,917054.6
2025-12-02 03:00:00+00:00,2.0206,2.0209,2.0167,2.0168,1365132.7
2025-12-02 03:05:00+00:00,2.0167,2.0173,2.0144,2.0146,1362515.5
2025-12-02 03:10:00+00:00,2.0146,2.0192,2.0146,2.0179,717757.6
2025-12-02 03:15:00+00:00,2.0179,2.0179,2.0131,2.0143,597649.4
2025-12-02 03:20:00+00:00,2.0144,2.0146,2.0071,2.008,2450576.8
2025-12-02 03:25:00+00:00,2.0079,2.008,2.0024,2.0049,1891615.9
2025-12-02 03:30:00+00:00,2.0048,2.005,2.0013,2.0037,1912223.2
2025-12-02 03:35:00+00:00,2.0037,2.0098,2.0036,2.0094,1788083.1
2025-12-02 03:40:00+00:00,2.0094,2.0248,2.0085,2.0248,2581032.1
2025-12-02 03:45:00+00:00,2.0247,2.0251,2.0196,2.0209,3547103.2
2025-12-02 03:50:00+00:00,2.0209,2.0233,2.0185,2.0206,2018874.2
2025-12-02 03:55:00+00:00,2.0205,2.0256,2.0189,2.0197,2221110.0
2025-12-02 04:00:00+00:00,2.0197,2.0271,2.0189,2.0218,13738498.5
2025-12-02 04:05:00+00:00,2.0217,2.0236,2.0209,2.0214,3084764.8
2025-12-02 04:10:00+00:00,2.0214,2.0247,2.0201,2.0227,3664303.8
2025-12-02 04:15:00+00:00,2.0226,2.0258,2.0195,2.0236,2049045.9
2025-12-02 04:20:00+00:00,2.0235,2.0239,2.0205,2.0208,989569.6
2025-12-02 04:25:00+00:00,2.0209,2.0224,2.0184,2.0192,1588592.2
2025-12-02 04:30:00+00:00,2.0193,2.0197,2.0162,2.0169,560142.1
2025-12-02 04:35:00+00:00,2.017,2.0184,2.0157,2.0173,515995.7
2025-12-02 04:40:00+00:00,2.0173,2.0189,2.016,2.0184,594658.1
2025-12-02 04:45:00+00:00,2.0184,2.0222,2.018,2.0185,1005560.9
2025-12-02 04:50:00+00:00,2.0186,2.0198,2.0165,2.0181,733833.2
2025-12-02 04:55:00+00:00,2.0181,2.0181,2.0137,2.0146,754341.8
2025-12-02 05:00:00+00:00,2.0146,2.0165,2.0128,2.0134,896649.0
2025-12-02 05:05:00+00:00,2.0134,2.0135,2.0091,2.0125,1372280.1
2025-12-02 05:10:00+00:00,2.0125,2.0192,2.0124,2.0151,845190.8
2025-12-02 05:15:00+00:00,2.0151,2.0162,2.0133,2.0156,805615.5
2025-12-02 05:20:00+00:00,2.0156,2.0166,2.0133,2.0145,556823.6
2025-12-02 05:25:00+00:00,2.0144,2.0145,2.0112,2.0115,507640.0
2025-12-02 05:30:00+00:00,2.0115,2.0121,2.0084,2.0114,1886615.5
2025-12-02 05:35:00+00:00,2.0113,2.012,2.0083,2.0083,797735.9
2025-12-02 05:40:00+00:00,2.0083,2.012,2.0082,2.0116,538392.9
2025-12-02 05:45:00+00:00,2.0117,2.015,2.011,2.0126,1222158.0
2025-12-02 05:50:00+00:00,2.0127,2.0159,2.0119,2.0158,651298.7
2025-12-02 05:55:00+00:00,2.0159,2.0175,2.0135,2.0154,705560.4
2025-12-02 06:00:00+00:00,2.0153,2.0156,2.0098,2.0099,1051689.7
2025-12-02 06:05:00+00:00,2.0099,2.0121,2.0082,2.0095,1027900.5
2025-12-02 06:10:00+00:00,2.0096,2.0131,2.0096,2.013,450884.2
2025-12-02 06:15:00+00:00,2.0129,2.0165,2.0113,2.0138,1223388.5
2025-12-02 06:20:00+00:00,2.0138,2.0138,2.0103,2.013,644863.0
2025-12-02 06:25:00+00:00,2.013,2.0157,2.0118,2.0137,365301.6
2025-12-02 06:30:00+00:00,2.0138,2.017,2.0138,2.0163,795509.8
2025-12-02 06:35:00+00:00,2.0162,2.0204,2.0157,2.0204,1066645.9
2025-12-02 06:40:00+00:00,2.0204,2.0224,2.02,2.0215,759000.8
2025-12-02 06:45:00+00:00,2.0215,2.0225,2.0197,2.0211,707643.4
2025-12-02 06:50:00+00:00,2.0211,2.0241,2.0208,2.0238,878190.8
2025-12-02 06:55:00+00:00,2.0238,2.0251,2.0221,2.0227,941435.2
2025-12-02 07:00:00+00:00,2.0228,2.0234,2.0204,2.0211,958460.2
2025-12-02 07:05:00+00:00,2.021,2.0214,2.0165,2.017,743892.1
2025-12-02 07:10:00+00:00,2.0169,2.0181,2.0162,2.0169,842866.7
2025-12-02 07:15:00+00:00,2.0169,2.0178,2.0147,2.0169,706909.2
2025-12-02 07:20:00+00:00,2.017,2.0179,2.0146,2.0148,541964.2
2025-12-02 07:25:00+00:00,2.0148,2.0162,2.0131,2.0132,576640.1
2025-12-02 07:30:00+00:00,2.0133,2.014,2.0102,2.0103,1606301.9
2025-12-02 07:35:00+00:00,2.0103,2.013,2.0098,2.0104,1032494.3
2025-12-02 07:40:00+00:00,2.0104,2.0132,2.0093,2.0123,761281.9
2025-12-02 07:45:00+00:00,2.0123,2.0136,2.0117,2.0123,604333.6
2025-12-02 07:50:00+00:00,2.0123,2.0151,2.012,2.0151,669298.3
2025-12-02 07:55:00+00:00,2.0151,2.017,2.0145,2.0161,490961.1
2025-12-02 08:00:00+00:00,2.016,2.0165,2.0112,2.0129,965749.6
2025-12-02 08:05:00+00:00,2.0129,2.0156,2.0085,2.0087,1126439.1
2025-12-02 08:10:00+00:00,2.0087,2.0091,2.0033,2.0055,2348730.1
2025-12-02 08:15:00+00:00,2.0056,2.0065,1.9937,1.9953,7236161.0
2025-12-02 08:20:00+00:00,1.9953,1.9983,1.995,1.997,2644997.6
2025-12-02 08:25:00+00:00,1.997,1.9985,1.995,1.998,2198741.3
2025-12-02 08:30:00+00:00,1.998,2.001,1.9941,1.9981,5645199.2
2025-12-02 08:35:00+00:00,1.9981,2.0022,1.9963,2.0022,1577354.8
2025-12-02 08:40:00+00:00,2.0021,2.0053,2.0004,2.0025,4073376.1
2025-12-02 08:45:00+00:00,2.0025,2.0097,2.0024,2.0051,2124974.5
2025-12-02 08:50:00+00:00,2.005,2.005,2.0011,2.0017,1373640.7
2025-12-02 08:55:00+00:00,2.0016,2.002,1.999,2.0012,1718622.7
2025-12-02 09:00:00+00:00,2.0012,2.0066,2.0003,2.0052,1158521.8
2025-12-02 09:05:00+00:00,2.0052,2.0158,2.0047,2.0125,2400483.3
2025-12-02 09:10:00+00:00,2.0126,2.0144,2.01,2.0104,1215613.3
2025-12-02 09:15:00+00:00,2.0103,2.0112,2.0078,2.0081,900457.3
2025-12-02 09:20:00+00:00,2.008,2.0148,2.008,2.0148,1173454.5
2025-12-02 09:25:00+00:00,2.0149,2.0188,2.0131,2.0167,2184879.0
2025-12-02 09:30:00+00:00,2.0166,2.0166,2.0134,2.0155,759206.3
2025-12-02 09:35:00+00:00,2.0155,2.0155,2.0112,2.0126,848564.7
2025-12-02 09:40:00+00:00,2.0126,2.0128,2.009,2.0091,790541.1
2025-12-02 09:45:00+00:00,2.0091,2.0131,2.0087,2.0116,1051287.2
2025-12-02 09:50:00+00:00,2.0116,2.0129,2.0102,2.0104,493258.4
2025-12-02 09:55:00+00:00,2.0104,2.012,2.0076,2.0109,816764.8
2025-12-02 10:00:00+00:00,2.0108,2.0146,2.0105,2.0123,1016821.5
2025-12-02 10:05:00+00:00,2.0123,2.0166,2.0123,2.0146,828032.7
2025-12-02 10:10:00+00:00,2.0146,2.0159,2.0136,2.0143,1109637.6
2025-12-02 10:15:00+00:00,2.0143,2.0157,2.012,2.0146,604559.7
2025-12-02 10:20:00+00:00,2.0145,2.0152,2.0115,2.0121,481808.5
2025-12-02 10:25:00+00:00,2.0121,2.0151,2.0111,2.0113,551702.4
2025-12-02 10:30:00+00:00,2.0113,2.014,2.0113,2.0119,478272.3
2025-12-02 10:35:00+00:00,2.012,2.0136,2.0115,2.0122,443349.1
2025-12-02 10:40:00+00:00,2.0122,2.0188,2.0121,2.0181,1104708.2
2025-12-02 10:45:00+00:00,2.0181,2.031,2.018,2.0257,7474829.8
2025-12-02 10:50:00+00:00,2.0258,2.038,2.0252,2.0283,6421593.7
2025-12-02 10:55:00+00:00,2.0282,2.0304,2.0266,2.0271,1670505.6
2025-12-02 11:00:00+00:00,2.0271,2.0293,2.0255,2.0267,2042590.6
2025-12-02 11:05:00+00:00,2.0266,2.0285,2.0246,2.0274,1566050.9
2025-12-02 11:10:00+00:00,2.0274,2.0288,2.024,2.0278,1075724.3
2025-12-02 11:15:00+00:00,2.0278,2.0305,2.0261,2.0281,964206.1
2025-12-02 11:20:00+00:00,2.0281,2.0309,2.028,2.0292,1494633.6
2025-12-02 11:25:00+00:00,2.0291,2.036,2.0284,2.0356,3091207.8
2025-12-02 11:30:00+00:00,2.0357,2.0373,2.0336,2.0364,2159407.8
2025-12-02 11:35:00+00:00,2.0364,2.0366,2.0325,2.0338,1816937.5
2025-12-02 11:40:00+00:00,2.0337,2.0359,2.0328,2.0334,876529.4
2025-12-02 11:45:00+00:00,2.0334,2.0359,2.0327,2.0359,832319.4
2025-12-02 11:50:00+00:00,2.0358,2.0385,2.0342,2.0383,1157770.9
2025-12-02 11:55:00+00:00,2.0382,2.0407,2.0341,2.0353,3648355.7
2025-12-02 12:00:00+00:00,2.0353,2.0403,2.0339,2.0403,1242029.4
2025-12-02 12:05:00+00:00,2.0403,2.041,2.0369,2.0381,1457505.6
2025-12-02 12:10:00+00:00,2.0381,2.0394,2.0346,2.0357,1501981.5
2025-12-02 12:15:00+00:00,2.0358,2.0378,2.0351,2.0365,848044.3
2025-12-02 12:20:00+00:00,2.0365,2.0365,2.0301,2.0317,1815750.0
2025-12-02 12:25:00+00:00,2.0318,2.0329,2.0291,2.0322,1801851.3
2025-12-02 12:30:00+00:00,2.0321,2.0342,2.0264,2.027,2393315.2
2025-12-02 12:35:00+00:00,2.0271,2.03,2.0253,2.03,2019064.0
2025-12-02 12:40:00+00:00,2.03,2.0311,2.0283,2.0298,1095162.8
2025-12-02 12:45:00+00:00,2.0298,2.0319,2.0269,2.0314,2105826.8
2025-12-02 12:50:00+00:00,2.0314,2.0363,2.0312,2.035,2034220.8
2025-12-02 12:55:00+00:00,2.035,2.0395,2.0337,2.0389,1257567.7
2025-12-02 13:00:00+00:00,2.0389,2.0408,2.0331,2.0345,2318692.4
2025-12-02 13:05:00+00:00,2.0345,2.0378,2.0337,2.0363,1230720.4
2025-12-02 13:10:00+00:00,2.0362,2.0444,2.0356,2.0403,2265280.6
2025-12-02 13:15:00+00:00,2.0403,2.0466,2.04,2.0439,5174468.0
2025-12-02 13:20:00+00:00,2.0438,2.0468,2.0392,2.0436,4474777.3
2025-12-02 13:25:00+00:00,2.0435,2.0456,2.0405,2.0408,3595968.0
2025-12-02 13:30:00+00:00,2.0407,2.0419,2.0392,2.0395,1282324.3
2025-12-02 13:35:00+00:00,2.0395,2.0434,2.0382,2.0418,1609075.2
2025-12-02 13:40:00+00:00,2.0418,2.0429,2.0395,2.0398,839006.0
2025-12-02 13:45:00+00:00,2.0397,2.0409,2.0382,2.0405,1211064.8
2025-12-02 13:50:00+00:00,2.0404,2.0422,2.0372,2.0414,1691631.3
2025-12-02 13:55:00+00:00,2.0413,2.0459,2.0408,2.0432,2469298.4
2025-12-02 14:00:00+00:00,2.0432,2.0432,2.0394,2.0427,1415234.8
2025-12-02 14:05:00+00:00,2.0427,2.0555,2.0424,2.052,6189792.1
2025-12-02 14:10:00+00:00,2.0519,2.0543,2.0478,2.0509,3683071.5
2025-12-02 14:15:00+00:00,2.051,2.0552,2.0498,2.0541,3326994.1
2025-12-02 14:20:00+00:00,2.054,2.058,2.0495,2.0565,4077446.1
2025-12-02 14:25:00+00:00,2.0564,2.0649,2.0562,2.0589,6825050.2
2025-12-02 14:30:00+00:00,2.0588,2.0627,2.0542,2.0622,5389443.0
2025-12-02 14:35:00+00:00,2.0622,2.0715,2.0621,2.0668,7301315.1
2025-12-02 14:40:00+00:00,2.0667,2.0776,2.0614,2.0762,7598441.8
2025-12-02 14:45:00+00:00,2.0762,2.0863,2.0754,2.0852,11327386.8
2025-12-02 14:50:00+00:00,2.0852,2.0862,2.0754,2.0798,6024401.9
2025-12-02 14:55:00+00:00,2.0797,2.0917,2.0791,2.0911,4175592.5
2025-12-02 15:00:00+00:00,2.0912,2.108,2.0892,2.1037,10873042.6
2025-12-02 15:05:00+00:00,2.1037,2.112,2.0996,2.107,7690735.4
2025-12-02 15:10:00+00:00,2.1071,2.1377,2.105,2.1302,19011524.9
2025-12-02 15:15:00+00:00,2.1303,2.1481,2.1289,2.1405,14867945.0
2025-12-02 15:20:00+00:00,2.1405,2.147,2.1324,2.1462,9234739.7
2025-12-02 15:25:00+00:00,2.1461,2.1461,2.1204,2.1213,13647587.0
2025-12-02 15:30:00+00:00,2.1214,2.1351,2.1202,2.1298,6935003.3
2025-12-02 15:35:00+00:00,2.1298,2.1378,2.1266,2.1358,4339638.5
2025-12-02 15:40:00+00:00,2.1358,2.1618,2.1355,2.1524,13146568.0
2025-12-02 15:45:00+00:00,2.1524,2.1644,2.1487,2.1583,8471341.7
2025-12-02 15:50:00+00:00,2.1584,2.1624,2.1521,2.1561,6305749.7
2025-12-02 15:55:00+00:00,2.1561,2.16,2.1525,2.1542,4260879.7
2025-12-02 16:00:00+00:00,2.1542,2.1624,2.1497,2.1579,6637446.6
2025-12-02 16:05:00+00:00,2.158,2.1582,2.1451,2.1521,6986969.9
2025-12-02 16:10:00+00:00,2.1521,2.1552,2.1466,2.1497,4769495.2
2025-12-02 16:15:00+00:00,2.1496,2.1501,2.14,2.1424,7517721.1
2025-12-02 16:20:00+00:00,2.1424,2.1477,2.1335,2.137,8626316.5
2025-12-02 16:25:00+00:00,2.137,2.1424,2.1343,2.1373,3787236.1
2025-12-02 16:30:00+00:00,2.1372,2.1422,2.1362,2.139,3047505.4
2025-12-02 16:35:00+00:00,2.139,2.1506,2.1387,2.1492,4163450.7
2025-12-02 16:40:00+00:00,2.1492,2.1549,2.1423,2.1445,4800623.2
2025-12-02 16:45:00+00:00,2.1444,2.1476,2.1393,2.1418,2411031.1
2025-12-02 16:50:00+00:00,2.1417,2.1508,2.1391,2.1506,2345162.9
2025-12-02 16:55:00+00:00,2.1506,2.1539,2.1455,2.1462,2134960.8
2025-12-02 17:00:00+00:00,2.1461,2.1521,2.1457,2.1492,2035732.9
2025-12-02 17:05:00+00:00,2.1492,2.1521,2.1435,2.1446,2009089.7
2025-12-02 17:10:00+00:00,2.1446,2.1512,2.1439,2.1489,1900003.6
2025-12-02 17:15:00+00:00,2.1488,2.1584,2.1482,2.1565,3683085.5
2025-12-02 17:20:00+00:00,2.1565,2.1623,2.156,2.1598,6733967.3
2025-12-02 17:25:00+00:00,2.1598,2.1709,2.1582,2.168,6413258.6
2025-12-02 17:30:00+00:00,2.1681,2.1766,2.1675,2.172,5705899.7
2025-12-02 17:35:00+00:00,2.172,2.1733,2.167,2.1697,3518157.2
2025-12-02 17:40:00+00:00,2.1698,2.172,2.1663,2.1697,2849226.8
2025-12-02 17:45:00+00:00,2.1697,2.1758,2.1667,2.1722,2769328.5
2025-12-02 17:50:00+00:00,2.1723,2.1757,2.1676,2.1747,2911254.2
2025-12-02 17:55:00+00:00,2.1748,2.1749,2.168,2.1688,2367306.1
2025-12-02 18:00:00+00:00,2.1687,2.1758,2.1677,2.1712,2529160.5
2025-12-02 18:05:00+00:00,2.1712,2.1734,2.1675,2.171,1499878.2
2025-12-02 18:10:00+00:00,2.1709,2.1727,2.1642,2.1723,3987784.7
2025-12-02 18:15:00+00:00,2.1722,2.1786,2.1709,2.1774,3516365.0
2025-12-02 18:20:00+00:00,2.1775,2.1797,2.1747,2.1754,3180038.8
2025-12-02 18:25:00+00:00,2.1754,2.1754,2.1711,2.1728,1470665.3
2025-12-02 18:30:00+00:00,2.1727,2.1773,2.1707,2.1746,2498414.8
2025-12-02 18:35:00+00:00,2.1746,2.1789,2.1715,2.173,2078759.3
2025-12-02 18:40:00+00:00,2.1729,2.1742,2.167,2.1675,2571226.8
2025-12-02 18:45:00+00:00,2.1676,2.1727,2.1675,2.1726,2712936.0
2025-12-02 18:50:00+00:00,2.1727,2.1755,2.169,2.1724,2830549.7
2025-12-02 18:55:00+00:00,2.1725,2.174,2.1666,2.1738,2094562.3
2025-12-02 19:00:00+00:00,2.1737,2.1774,2.1727,2.1766,1795216.5
2025-12-02 19:05:00+00:00,2.1767,2.1771,2.1747,2.177,1150743.0
2025-12-02 19:10:00+00:00,2.177,2.1803,2.1736,2.175,1762680.9
2025-12-02 19:15:00+00:00,2.1751,2.1757,2.17,2.1715,1621562.3
2025-12-02 19:20:00+00:00,2.1714,2.1717,2.168,2.1707,1119535.5
2025-12-02 19:25:00+00:00,2.1706,2.1737,2.1691,2.1706,1623003.0
2025-12-02 19:30:00+00:00,2.1705,2.1752,2.1691,2.1747,1540915.1
2025-12-02 19:35:00+00:00,2.1747,2.1783,2.1738,2.178,1428706.4
2025-12-02 19:40:00+00:00,2.1779,2.1825,2.177,2.1789,2534926.3
2025-12-02 19:45:00+00:00,2.1788,2.1793,2.1738,2.1738,1479357.5
2025-12-02 19:50:00+00:00,2.1738,2.1755,2.1705,2.1736,1593763.7
2025-12-02 19:55:00+00:00,2.1736,2.1747,2.1712,2.1731,1730679.8
2025-12-02 20:00:00+00:00,2.173,2.1746,2.1681,2.1712,2485037.3
2025-12-02 20:05:00+00:00,2.1712,2.1771,2.1694,2.1744,3941834.8
2025-12-02 20:10:00+00:00,2.1745,2.1757,2.1719,2.1725,2283798.7
2025-12-02 20:15:00+00:00,2.1725,2.1726,2.1573,2.1591,8024694.7
2025-12-02 20:20:00+00:00,2.1591,2.1641,2.156,2.1577,4151276.5
2025-12-02 20:25:00+00:00,2.1577,2.1623,2.1527,2.1541,4687416.5
2025-12-02 20:30:00+00:00,2.1541,2.1602,2.1535,2.1555,3082136.3
2025-12-02 20:35:00+00:00,2.1556,2.157,2.147,2.1487,5296282.8
2025-12-02 20:40:00+00:00,2.1488,2.156,2.1472,2.156,2808094.1
2025-12-02 20:45:00+00:00,2.156,2.1646,2.1559,2.1589,3731919.7
2025-12-02 20:50:00+00:00,2.1588,2.1607,2.154,2.1541,2976153.8
2025-12-02 20:55:00+00:00,2.1541,2.1668,2.1524,2.1643,9600330.6
2025-12-02 21:00:00+00:00,2.1644,2.1743,2.162,2.1676,6899267.3
2025-12-02 21:05:00+00:00,2.1676,2.1756,2.1668,2.1713,3641985.1
2025-12-02 21:10:00+00:00,2.1712,2.174,2.1697,2.1732,2051355.7
2025-12-02 21:15:00+00:00,2.1733,2.1742,2.1697,2.1705,1750329.2
2025-12-02 21:20:00+00:00,2.1706,2.1724,2.1648,2.1674,1654195.7
2025-12-02 21:25:00+00:00,2.1674,2.1736,2.164,2.1703,1846875.6
2025-12-02 21:30:00+00:00,2.1703,2.1727,2.1671,2.1682,1385140.1
2025-12-02 21:35:00+00:00,2.1682,2.1714,2.165,2.1657,1538891.3
2025-12-02 21:40:00+00:00,2.1656,2.1703,2.1632,2.1696,2497106.5
2025-12-02 21:45:00+00:00,2.1695,2.1719,2.164,2.1651,1715744.4
2025-12-02 21:50:00+00:00,2.1651,2.1706,2.1651,2.1689,1770105.7
2025-12-02 21:55:00+00:00,2.1689,2.1701,2.1657,2.1661,990209.6
2025-12-02 22:00:00+00:00,2.1661,2.1729,2.1659,2.1717,1627294.3
2025-12-02 22:05:00+00:00,2.1717,2.1717,2.1621,2.1633,1736063.7
2025-12-02 22:10:00+00:00,2.1634,2.1725,2.1631,2.1682,1578250.6
2025-12-02 22:15:00+00:00,2.1682,2.1696,2.1653,2.1674,761963.7
2025-12-02 22:20:00+00:00,2.1674,2.1686,2.1641,2.1664,449884.5
2025-12-02 22:25:00+00:00,2.1664,2.1683,2.1636,2.1644,798938.8
2025-12-02 22:30:00+00:00,2.1643,2.1675,2.1638,2.1652,973748.8
2025-12-02 22:35:00+00:00,2.1652,2.1674,2.1638,2.1659,760181.6
2025-12-02 22:40:00+00:00,2.1658,2.171,2.1641,2.1659,1243051.4
2025-12-02 22:45:00+00:00,2.1659,2.1669,2.1635,2.1658,584632.8
2025-12-02 22:50:00+00:00,2.1657,2.1691,2.1651,2.169,843580.7
2025-12-02 22:55:00+00:00,2.1689,2.1691,2.1678,2.1684,507196.1
2025-12-02 23:00:00+00:00,2.1684,2.1716,2.1675,2.1684,1706688.0
2025-12-02 23:05:00+00:00,2.1684,2.1692,2.1657,2.169,1042573.8
2025-12-02 23:10:00+00:00,2.169,2.17,2.164,2.1641,1092652.2
2025-12-02 23:15:00+00:00,2.164,2.167,2.1624,2.167,726783.5
2025-12-02 23:20:00+00:00,2.167,2.167,2.1612,2.1622,711491.5
2025-12-02 23:25:00+00:00,2.1622,2.1622,2.1572,2.1585,1908351.2
2025-12-02 23:30:00+00:00,2.1586,2.1604,2.1575,2.1578,1394084.2
2025-12-02 23:35:00+00:00,2.1578,2.1589,2.1521,2.1551,1989303.0
2025-12-02 23:40:00+00:00,2.155,2.1584,2.1547,2.1566,1703334.2
2025-12-02 23:45:00+00:00,2.1567,2.1594,2.1565,2.1581,1095875.5
2025-12-02 23:50:00+00:00,2.1581,2.1586,2.1524,2.1539,1434011.3
2025-12-02 23:55:00+00:00,2.1538,2.1555,2.1513,2.1526,1461683.9
2025-12-03 00:00:00+00:00,2.1525,2.1546,2.1482,2.1483,2989101.2
2025-12-03 00:05:00+00:00,2.1483,2.1552,2.1467,2.154,2705089.7
2025-12-03 00:10:00+00:00,2.1541,2.1557,2.1481,2.1489,1828419.6
2025-12-03 00:15:00+00:00,2.1489,2.1513,2.1462,2.1476,1430372.9
2025-12-03 00:20:00+00:00,2.1477,2.1488,2.1431,2.144,1890826.8
2025-12-03 00:25:00+00:00,2.144,2.1447,2.1413,2.1439,2293902.3
2025-12-03 00:30:00+00:00,2.144,2.1442,2.1406,2.1415,2382638.3
2025-12-03 00:35:00+00:00,2.1414,2.1446,2.1411,2.1445,1309020.7
2025-12-03 00:40:00+00:00,2.1444,2.1528,2.1442,2.1528,1878762.4
2025-12-03 00:45:00+00:00,2.1529,2.1541,2.15,2.1536,1484136.5
2025-12-03 00:50:00+00:00,2.1536,2.1574,2.1518,2.1528,2247806.8
2025-12-03 00:55:00+00:00,2.1528,2.1529,2.1483,2.152,1722014.7
2025-12-03 01:00:00+00:00,2.152,2.1533,2.1473,2.1474,1062296.7
2025-12-03 01:05:00+00:00,2.1475,2.1523,2.1472,2.1499,1258636.5
2025-12-03 01:10:00+00:00,2.15,2.1571,2.15,2.1535,1577259.9
2025-12-03 01:15:00+00:00,2.1535,2.1579,2.1534,2.156,1219716.1
2025-12-03 01:20:00+00:00,2.156,2.1577,2.1518,2.1535,1784567.0
2025-12-03 01:25:00+00:00,2.1535,2.1563,2.1511,2.1538,1474397.4
2025-12-03 01:30:00+00:00,2.1538,2.1551,2.1514,2.154,1038082.1
2025-12-03 01:35:00+00:00,2.1541,2.1553,2.1524,2.1525,724452.9
2025-12-03 01:40:00+00:00,2.1524,2.154,2.1502,2.1515,1380184.1
2025-12-03 01:45:00+00:00,2.1514,2.1627,2.151,2.162,2057609.9
2025-12-03 01:50:00+00:00,2.1621,2.1659,2.1594,2.1615,3367718.9
2025-12-03 01:55:00+00:00,2.1614,2.1624,2.1586,2.1602,861342.7
2025-12-03 02:00:00+00:00,2.1602,2.1738,2.1586,2.1711,2605012.0
2025-12-03 02:05:00+00:00,2.171,2.1713,2.1633,2.1641,2362381.1
2025-12-03 02:10:00+00:00,2.164,2.1768,2.1633,2.1742,4992952.2
2025-12-03 02:15:00+00:00,2.1741,2.1754,2.1692,2.1707,2215135.9
2025-12-03 02:20:00+00:00,2.1707,2.179,2.1707,2.1781,2692198.0
2025-12-03 02:25:00+00:00,2.1782,2.1893,2.1781,2.1848,11605511.8
2025-12-03 02:30:00+00:00,2.1847,2.1849,2.1801,2.1836,2416972.6
2025-12-03 02:35:00+00:00,2.1836,2.1858,2.1818,2.1828,1696850.8
2025-12-03 02:40:00+00:00,2.1828,2.1863,2.1806,2.1833,895909.5
2025-12-03 02:45:00+00:00,2.1834,2.1842,2.1764,2.1821,2944355.7
2025-12-03 02:50:00+00:00,2.1822,2.183,2.1786,2.1786,934409.0
2025-12-03 02:55:00+00:00,2.1785,2.183,2.178,2.182,791819.3
2025-12-03 03:00:00+00:00,2.182,2.1904,2.1807,2.1837,3076447.3
2025-12-03 03:05:00+00:00,2.1837,2.1842,2.1802,2.184,1049483.3
2025-12-03 03:10:00+00:00,2.184,2.184,2.1786,2.1818,1086249.0
2025-12-03 03:15:00+00:00,2.1817,2.184,2.178,2.1838,1408411.0
2025-12-03 03:20:00+00:00,2.1838,2.1838,2.1788,2.1789,806950.0
2025-12-03 03:25:00+00:00,2.1789,2.1809,2.1781,2.1801,527636.5
2025-12-03 03:30:00+00:00,2.1802,2.1806,2.1766,2.1773,1035907.2
2025-12-03 03:35:00+00:00,2.1773,2.1783,2.1736,2.175,1051712.8
2025-12-03 03:40:00+00:00,2.175,2.1766,2.1732,2.1754,1267439.5
2025-12-03 03:45:00+00:00,2.1755,2.1772,2.1734,2.1772,986501.0
2025-12-03 03:50:00+00:00,2.1773,2.1774,2.1747,2.1762,662168.3
2025-12-03 03:55:00+00:00,2.1762,2.1778,2.1753,2.1753,651337.7
2025-12-03 04:00:00+00:00,2.1753,2.1772,2.1723,2.1743,906830.7
2025-12-03 04:05:00+00:00,2.1744,2.1758,2.1719,2.1748,1263918.1
2025-12-03 04:10:00+00:00,2.1749,2.1791,2.1743,2.1767,1213101.1
2025-12-03 04:15:00+00:00,2.1767,2.1821,2.1745,2.1801,1875307.7
2025-12-03 04:20:00+00:00,2.18,2.1865,2.1782,2.185,2060275.4
2025-12-03 04:25:00+00:00,2.1851,2.1891,2.1785,2.1797,3768486.1
2025-12-03 04:30:00+00:00,2.1797,2.1845,2.1788,2.1844,1312313.2
2025-12-03 04:35:00+00:00,2.1844,2.1864,2.1807,2.1846,1049940.4
2025-12-03 04:40:00+00:00,2.1847,2.1874,2.1827,2.1868,1140058.5
2025-12-03 04:45:00+00:00,2.1867,2.193,2.1855,2.1928,2133374.7
2025-12-03 04:50:00+00:00,2.1928,2.1978,2.1919,2.197,3471735.5
2025-12-03 04:55:00+00:00,2.197,2.1988,2.1938,2.1982,3300503.8
2025-12-03 05:00:00+00:00,2.1981,2.2037,2.1971,2.2028,3058109.2
2025-12-03 05:05:00+00:00,2.2028,2.2186,2.2018,2.2162,9129258.1
2025-12-03 05:10:00+00:00,2.2163,2.2163,2.2077,2.2084,3444030.8
2025-12-03 05:15:00+00:00,2.2084,2.2098,2.2011,2.2047,3418240.6
2025-12-03 05:20:00+00:00,2.2048,2.2095,2.2036,2.2066,1486109.9
2025-12-03 05:25:00+00:00,2.2066,2.2087,2.2054,2.2062,936543.2
2025-12-03 05:30:00+00:00,2.2062,2.2091,2.2038,2.207,1724419.9
2025-12-03 05:35:00+00:00,2.207,2.2088,2.2037,2.2087,1324392.2
2025-12-03 05:40:00+00:00,2.2087,2.2095,2.2053,2.2055,1408750.4
2025-12-03 05:45:00+00:00,2.2055,2.2082,2.2041,2.2079,1118733.9
2025-12-03 05:50:00+00:00,2.2079,2.2088,2.2023,2.204,1180960.1
2025-12-03 05:55:00+00:00,2.204,2.2056,2.2012,2.2019,1419563.3
2025-12-03 06:00:00+00:00,2.202,2.2124,2.2019,2.2099,2948523.8
2025-12-03 06:05:00+00:00,2.2098,2.2134,2.2091,2.2118,2476501.7
2025-12-03 06:10:00+00:00,2.2119,2.2123,2.206,2.207,1225174.2
2025-12-03 06:15:00+00:00,2.207,2.2111,2.2061,2.2086,1195418.4
2025-12-03 06:20:00+00:00,2.2086,2.2133,2.207,2.2131,1216643.5
2025-12-03 06:25:00+00:00,2.213,2.213,2.2041,2.2052,1953063.6
2025-12-03 06:30:00+00:00,2.2053,2.2092,2.205,2.2081,1939844.5
2025-12-03 06:35:00+00:00,2.2081,2.2124,2.2062,2.2102,1283402.4
2025-12-03 06:40:00+00:00,2.2103,2.2103,2.1978,2.1991,4007208.1
2025-12-03 06:45:00+00:00,2.1992,2.2012,2.189,2.1923,8722565.7
2025-12-03 06:50:00+00:00,2.1922,2.196,2.192,2.1932,1688277.0
2025-12-03 06:55:00+00:00,2.1932,2.197,2.1923,2.193,1290327.4
2025-12-03 07:00:00+00:00,2.1931,2.1997,2.193,2.198,1776434.9
2025-12-03 07:05:00+00:00,2.1981,2.2002,2.1966,2.2002,839016.8
2025-12-03 07:10:00+00:00,2.2002,2.2046,2.1998,2.203,1647668.4
2025-12-03 07:15:00+00:00,2.2029,2.2029,2.1947,2.1978,3215555.0
2025-12-03 07:20:00+00:00,2.1978,2.2011,2.1962,2.1979,1661661.5
2025-12-03 07:25:00+00:00,2.1979,2.1981,2.1914,2.192,1562065.6
2025-12-03 07:30:00+00:00,2.1921,2.1983,2.192,2.1983,1478579.8
2025-12-03 07:35:00+00:00,2.1982,2.1989,2.1956,2.196,592146.4
2025-12-03 07:40:00+00:00,2.196,2.1972,2.1943,2.1961,1029615.8
2025-12-03 07:45:00+00:00,2.1961,2.1962,2.1883,2.193,2529236.8
2025-12-03 07:50:00+00:00,2.1929,2.193,2.1899,2.1925,1159031.4
2025-12-03 07:55:00+00:00,2.1925,2.1928,2.1891,2.1907,772441.4
2025-12-03 08:00:00+00:00,2.1908,2.194,2.1907,2.1936,1484127.6
2025-12-03 08:05:00+00:00,2.1936,2.1945,2.1897,2.1915,1676124.8
2025-12-03 08:10:00+00:00,2.1916,2.1931,2.1907,2.1921,758623.3
2025-12-03 08:15:00+00:00,2.192,2.1926,2.1854,2.1867,2163338.8
2025-12-03 08:20:00+00:00,2.1866,2.1882,2.1862,2.1876,1066658.9
2025-12-03 08:25:00+00:00,2.1877,2.1901,2.1854,2.188,1211273.0
2025-12-03 08:30:00+00:00,2.188,2.19,2.1858,2.1866,979438.3
2025-12-03 08:35:00+00:00,2.1866,2.1904,2.1864,2.1883,942564.4
2025-12-03 08:40:00+00:00,2.1883,2.1916,2.1877,2.1915,618057.5
2025-12-03 08:45:00+00:00,2.1916,2.1943,2.1908,2.1921,1076778.1
2025-12-03 08:50:00+00:00,2.192,2.1924,2.1867,2.187,1396135.9
2025-12-03 08:55:00+00:00,2.187,2.1884,2.1854,2.1867,976540.6
2025-12-03 09:00:00+00:00,2.1867,2.1872,2.1835,2.1853,1294036.2
2025-12-03 09:05:00+00:00,2.1854,2.1858,2.1803,2.1847,3111480.8
2025-12-03 09:10:00+00:00,2.1847,2.1884,2.184,2.1881,1111163.0
2025-12-03 09:15:00+00:00,2.1882,2.1884,2.1823,2.1838,653300.6
2025-12-03 09:20:00+00:00,2.1839,2.1856,2.1827,2.1829,595473.8
2025-12-03 09:25:00+00:00,2.1829,2.1842,2.182,2.1831,405483.2
2025-12-03 09:30:00+00:00,2.1831,2.1832,2.1774,2.18,2176712.1
2025-12-03 09:35:00+00:00,2.18,2.1819,2.1775,2.1794,1124239.3
2025-12-03 09:40:00+00:00,2.1794,2.1828,2.1789,2.1796,1127669.3
2025-12-03 09:45:00+00:00,2.1797,2.1816,2.1785,2.1801,659856.0
2025-12-03 09:50:00+00:00,2.1801,2.1841,2.1799,2.184,1442635.3
2025-12-03 09:55:00+00:00,2.1841,2.1845,2.1823,2.1827,1448470.5
2025-12-03 10:00:00+00:00,2.1827,2.1829,2.1785,2.1801,1117838.3
2025-12-03 10:05:00+00:00,2.1801,2.1807,2.1782,2.1794,757465.1
2025-12-03 10:10:00+00:00,2.1793,2.1813,2.1792,2.1799,635389.7
2025-12-03 10:15:00+00:00,2.18,2.1837,2.1799,2.1837,989523.3
2025-12-03 10:20:00+00:00,2.1837,2.1894,2.1835,2.1877,2833285.5
2025-12-03 10:25:00+00:00,2.1877,2.1893,2.1848,2.1867,1365269.9
2025-12-03 10:30:00+00:00,2.1867,2.1867,2.18,2.1814,1639093.0
2025-12-03 10:35:00+00:00,2.1813,2.1816,2.1765,2.1776,1964424.2
2025-12-03 10:40:00+00:00,2.1775,2.1783,2.1742,2.1748,2085404.6
2025-12-03 10:45:00+00:00,2.1748,2.1777,2.1721,2.1773,2273900.4
2025-12-03 10:50:00+00:00,2.1773,2.1773,2.1745,2.1759,702968.4
2025-12-03 10:55:00+00:00,2.1759,2.1759,2.1714,2.1729,1759796.5
2025-12-03 11:00:00+00:00,2.173,2.1749,2.17,2.1702,2809456.3
2025-12-03 11:05:00+00:00,2.1702,2.172,2.1689,2.1709,2302989.2
2025-12-03 11:10:00+00:00,2.1709,2.171,2.1663,2.168,3637591.9
2025-12-03 11:15:00+00:00,2.1679,2.1738,2.1659,2.1723,3029191.4
2025-12-03 11:20:00+00:00,2.1723,2.1748,2.1705,2.1736,1425997.5
2025-12-03 11:25:00+00:00,2.1736,2.1738,2.1717,2.1728,1006793.7
2025-12-03 11:30:00+00:00,2.1729,2.1742,2.1708,2.1727,1412229.9
2025-12-03 11:35:00+00:00,2.1727,2.1727,2.1705,2.1721,534498.5
2025-12-03 11:40:00+00:00,2.1721,2.1721,2.1687,2.1698,682670.3
2025-12-03 11:45:00+00:00,2.1698,2.1746,2.1693,2.1744,989401.8
2025-12-03 11:50:00+00:00,2.1744,2.1771,2.1738,2.1752,1068309.6
2025-12-03 11:55:00+00:00,2.1751,2.1759,2.1739,2.1754,508613.0
2025-12-03 12:00:00+00:00,2.1754,2.1782,2.1733,2.1781,1276138.5
2025-12-03 12:05:00+00:00,2.178,2.1782,2.1711,2.1744,1608319.7
2025-12-03 12:10:00+00:00,2.1743,2.1763,2.1723,2.1737,718209.7
2025-12-03 12:15:00+00:00,2.1737,2.1746,2.1719,2.1739,923843.5
2025-12-03 12:20:00+00:00,2.1739,2.1768,2.1722,2.1759,1042936.6
2025-12-03 12:25:00+00:00,2.1759,2.1777,2.1735,2.1739,957753.4
2025-12-03 12:30:00+00:00,2.1739,2.1761,2.1721,2.1738,805066.1
2025-12-03 12:35:00+00:00,2.1738,2.1766,2.1721,2.1727,502609.9
2025-12-03 12:40:00+00:00,2.1726,2.1734,2.1704,2.1713,1091888.0
2025-12-03 12:45:00+00:00,2.1713,2.1777,2.1701,2.1775,876071.4
2025-12-03 12:50:00+00:00,2.1775,2.1795,2.1752,2.1776,2217102.6
2025-12-03 12:55:00+00:00,2.1776,2.1788,2.1762,2.1767,806598.8
2025-12-03 13:00:00+00:00,2.1767,2.1792,2.1749,2.1788,1236853.0
2025-12-03 13:05:00+00:00,2.1788,2.1788,2.174,2.1755,1134300.8
2025-12-03 13:10:00+00:00,2.1754,2.1778,2.1754,2.1769,771841.7
2025-12-03 13:15:00+00:00,2.177,2.1821,2.1759,2.18,3088822.4
2025-12-03 13:20:00+00:00,2.1799,2.1799,2.1769,2.1769,1180695.6
2025-12-03 13:25:00+00:00,2.177,2.1778,2.1753,2.1755,820025.8
2025-12-03 13:30:00+00:00,2.1755,2.1769,2.1712,2.1766,1422408.3
2025-12-03 13:35:00+00:00,2.1765,2.1788,2.1749,2.1752,1156778.0
2025-12-03 13:40:00+00:00,2.1751,2.1772,2.1751,2.1762,887350.1
2025-12-03 13:45:00+00:00,2.1762,2.1784,2.1757,2.178,831514.0
2025-12-03 13:50:00+00:00,2.178,2.1785,2.1755,2.1761,1030393.7
2025-12-03 13:55:00+00:00,2.1761,2.1769,2.1737,2.1754,941769.9
2025-12-03 14:00:00+00:00,2.1755,2.1763,2.1409,2.143,28535572.0
2025-12-03 14:05:00+00:00,2.143,2.1569,2.142,2.1542,9178058.8
2025-12-03 14:10:00+00:00,2.1541,2.1614,2.1507,2.1553,6299090.2
2025-12-03 14:15:00+00:00,2.1553,2.1639,2.154,2.1579,4109760.9
2025-12-03 14:20:00+00:00,2.1578,2.1588,2.1536,2.1582,2433866.5
2025-12-03 14:25:00+00:00,2.1581,2.1656,2.1581,2.1642,2437656.6
2025-12-03 14:30:00+00:00,2.1642,2.165,2.1528,2.1528,4362947.5
2025-12-03 14:35:00+00:00,2.1528,2.1699,2.1514,2.1646,3657533.9
2025-12-03 14:40:00+00:00,2.1645,2.198,2.1641,2.1918,15582385.7
2025-12-03 14:45:00+00:00,2.1919,2.1927,2.1757,2.1793,7413475.3
2025-12-03 14:50:00+00:00,2.1793,2.1832,2.1677,2.1735,5653354.0
2025-12-03 14:55:00+00:00,2.1734,2.1769,2.1662,2.1667,2747767.3
2025-12-03 15:00:00+00:00,2.1668,2.1816,2.1663,2.1802,4367949.2
2025-12-03 15:05:00+00:00,2.1803,2.1824,2.1717,2.1718,2786907.8
2025-12-03 15:10:00+00:00,2.1717,2.1761,2.1592,2.1642,4238125.3
2025-12-03 15:15:00+00:00,2.1642,2.1688,2.1634,2.1645,2295028.5
2025-12-03 15:20:00+00:00,2.1645,2.167,2.1555,2.1662,4045853.7
2025-12-03 15:25:00+00:00,2.1662,2.1698,2.1656,2.1668,1538070.3
2025-12-03 15:30:00+00:00,2.1668,2.1753,2.1648,2.173,2184212.5
2025-12-03 15:35:00+00:00,2.173,2.1769,2.1697,2.1697,1650089.3
2025-12-03 15:40:00+00:00,2.1697,2.171,2.1676,2.1689,1263895.3
2025-12-03 15:45:00+00:00,2.1689,2.1773,2.1689,2.1763,1456287.6
2025-12-03 15:50:00+00:00,2.1763,2.1763,2.1679,2.1687,2052274.9
2025-12-03 15:55:00+00:00,2.1686,2.1722,2.1656,2.1681,1320676.8
2025-12-03 16:00:00+00:00,2.168,2.1735,2.1661,2.1689,1711636.1
2025-12-03 16:05:00+00:00,2.1688,2.1701,2.1618,2.1619,2046293.7
2025-12-03 16:10:00+00:00,2.1618,2.1642,2.1583,2.162,2683661.8
2025-12-03 16:15:00+00:00,2.1619,2.167,2.1615,2.1668,1441973.6
2025-12-03 16:20:00+00:00,2.1667,2.1694,2.1621,2.1643,1083021.6
2025-12-03 16:25:00+00:00,2.1643,2.1663,2.1626,2.165,764788.7
2025-12-03 16:30:00+00:00,2.1649,2.1734,2.1641,2.1728,1513193.7
2025-12-03 16:35:00+00:00,2.1729,2.1804,2.1727,2.1768,2496074.1
2025-12-03 16:40:00+00:00,2.1768,2.1784,2.1742,2.1776,1505341.0
2025-12-03 16:45:00+00:00,2.1776,2.1781,2.1733,2.1737,1443741.2
2025-12-03 16:50:00+00:00,2.1737,2.1758,2.1703,2.1705,1559662.6
2025-12-03 16:55:00+00:00,2.1705,2.1713,2.1663,2.1676,1160307.0
2025-12-03 17:00:00+00:00,2.1676,2.1739,2.1672,2.1716,1159548.4
2025-12-03 17:05:00+00:00,2.1717,2.1731,2.17,2.1725,801116.8
2025-12-03 17:10:00+00:00,2.1725,2.1772,2.1707,2.1762,1956994.3
2025-12-03 17:15:00+00:00,2.1762,2.1779,2.1655,2.1682,1530383.1
2025-12-03 17:20:00+00:00,2.1683,2.1744,2.1672,2.1712,2153610.5
2025-12-03 17:25:00+00:00,2.1711,2.1743,2.1706,2.1731,517178.8
2025-12-03 17:30:00+00:00,2.1731,2.1759,2.1719,2.1742,1045256.4
2025-12-03 17:35:00+00:00,2.1742,2.1822,2.1725,2.1798,1422196.5
2025-12-03 17:40:00+00:00,2.1798,2.1803,2.1758,2.1772,1686631.3
2025-12-03 17:45:00+00:00,2.1772,2.1841,2.176,2.1838,1551431.7
2025-12-03 17:50:00+00:00,2.1838,2.1849,2.1792,2.1842,1647281.0
2025-12-03 17:55:00+00:00,2.1841,2.186,2.1825,2.183,1047343.7
2025-12-03 18:00:00+00:00,2.1831,2.1886,2.1831,2.1876,2809208.0
2025-12-03 18:05:00+00:00,2.1875,2.1882,2.1842,2.1866,1191534.4
2025-12-03 18:10:00+00:00,2.1866,2.192,2.1856,2.1893,3495354.1
2025-12-03 18:15:00+00:00,2.1892,2.1899,2.1776,2.1783,2714497.1
2025-12-03 18:20:00+00:00,2.1783,2.1796,2.1771,2.1787,1529791.1
2025-12-03 18:25:00+00:00,2.1787,2.1819,2.1783,2.1806,966503.9
2025-12-03 18:30:00+00:00,2.1806,2.183,2.1776,2.1825,939318.8
2025-12-03 18:35:00+00:00,2.1826,2.1853,2.1802,2.1823,618761.5
2025-12-03 18:40:00+00:00,2.1822,2.1857,2.1808,2.1839,789254.2
2025-12-03 18:45:00+00:00,2.1839,2.1839,2.1762,2.177,854686.1
2025-12-03 18:50:00+00:00,2.1769,2.1769,2.1685,2.1695,2528519.9
2025-12-03 18:55:00+00:00,2.1695,2.1724,2.1673,2.1721,1402527.7
2025-12-03 19:00:00+00:00,2.172,2.1752,2.1709,2.1747,1364450.0
2025-12-03 19:05:00+00:00,2.1747,2.1791,2.1745,2.1781,1177395.4
2025-12-03 19:10:00+00:00,2.1781,2.1781,2.1735,2.1755,1294862.1
2025-12-03 19:15:00+00:00,2.1754,2.1797,2.1731,2.179,821707.3
2025-12-03 19:20:00+00:00,2.1789,2.1811,2.1782,2.1811,778813.2
2025-12-03 19:25:00+00:00,2.1812,2.184,2.1804,2.1813,1203476.2
2025-12-03 19:30:00+00:00,2.1812,2.1846,2.1794,2.1819,1016310.7
2025-12-03 19:35:00+00:00,2.1819,2.1819,2.1779,2.1786,614369.3
2025-12-03 19:40:00+00:00,2.1786,2.181,2.1781,2.181,408078.0
2025-12-03 19:45:00+00:00,2.181,2.1836,2.1802,2.183,626473.9
2025-12-03 19:50:00+00:00,2.183,2.1856,2.1826,2.1838,715090.8
2025-12-03 19:55:00+00:00,2.1838,2.1854,2.1827,2.1851,373037.0
2025-12-03 20:00:00+00:00,2.1851,2.1896,2.1833,2.1843,1604378.4
2025-12-03 20:05:00+00:00,2.1842,2.1869,2.181,2.1859,859261.8
2025-12-03 20:10:00+00:00,2.186,2.1879,2.1846,2.1855,678543.4
2025-12-03 20:15:00+00:00,2.1855,2.1875,2.1828,2.1867,653003.7
2025-12-03 20:20:00+00:00,2.1868,2.188,2.1822,2.185,620615.6
2025-12-03 20:25:00+00:00,2.185,2.1874,2.1844,2.1864,751993.0
2025-12-03 20:30:00+00:00,2.1864,2.1883,2.1839,2.1872,866967.9
2025-12-03 20:35:00+00:00,2.1873,2.1888,2.186,2.188,699983.9
2025-12-03 20:40:00+00:00,2.1879,2.1898,2.1845,2.1887,1389981.4
2025-12-03 20:45:00+00:00,2.1886,2.192,2.1876,2.191,1008370.0
2025-12-03 20:50:00+00:00,2.1911,2.2021,2.1898,2.1925,4960786.1
2025-12-03 20:55:00+00:00,2.1924,2.1993,2.1889,2.1976,8378397.9
2025-12-03 21:00:00+00:00,2.1976,2.2014,2.1945,2.1992,4217841.3
2025-12-03 21:05:00+00:00,2.1993,2.2026,2.1984,2.2003,3906135.1
2025-12-03 21:10:00+00:00,2.2004,2.2042,2.1966,2.199,13651227.6
2025-12-03 21:15:00+00:00,2.1989,2.2007,2.1969,2.2007,1507761.0
2025-12-03 21:20:00+00:00,2.2007,2.2026,2.1988,2.1993,1230251.3
2025-12-03 21:25:00+00:00,2.1994,2.2023,2.1993,2.2021,848107.4
2025-12-03 21:30:00+00:00,2.202,2.2026,2.1995,2.2009,711991.0
2025-12-03 21:35:00+00:00,2.2009,2.2035,2.1965,2.201,2431389.7
2025-12-03 21:40:00+00:00,2.2011,2.2024,2.1989,2.2008,717738.9
2025-12-03 21:45:00+00:00,2.2009,2.2011,2.1971,2.199,766631.5
2025-12-03 21:50:00+00:00,2.1989,2.1994,2.1961,2.1975,692617.8
2025-12-03 21:55:00+00:00,2.1974,2.2099,2.1973,2.2075,5270145.7
2025-12-03 22:00:00+00:00,2.2076,2.212,2.1973,2.2016,5078188.6
2025-12-03 22:05:00+00:00,2.2016,2.2045,2.2007,2.2007,1217501.2
2025-12-03 22:10:00+00:00,2.2007,2.2062,2.1989,2.2054,1731186.7
2025-12-03 22:15:00+00:00,2.2054,2.2054,2.201,2.2033,1656894.1
2025-12-03 22:20:00+00:00,2.2032,2.205,2.2002,2.2012,1100765.2
2025-12-03 22:25:00+00:00,2.2011,2.2011,2.1958,2.199,1624078.4
2025-12-03 22:30:00+00:00,2.199,2.2013,2.1936,2.1961,1178684.0
2025-12-03 22:35:00+00:00,2.196,2.2029,2.1944,2.2022,1399992.9
2025-12-03 22:40:00+00:00,2.2022,2.2085,2.1949,2.2015,5394331.2
2025-12-03 22:45:00+00:00,2.2015,2.2135,2.2013,2.2046,2921630.6
2025-12-03 22:50:00+00:00,2.2046,2.2072,2.201,2.2021,1851160.3
2025-12-03 22:55:00+00:00,2.2021,2.2053,2.2001,2.2028,1265484.4
2025-12-03 23:00:00+00:00,2.2029,2.2134,2.2022,2.2049,3349007.0
2025-12-03 23:05:00+00:00,2.2048,2.21,2.2048,2.2083,1272668.9
2025-12-03 23:10:00+00:00,2.2083,2.2083,2.2025,2.2048,1158784.1
2025-12-03 23:15:00+00:00,2.2049,2.2065,2.2026,2.2046,1387443.8
2025-12-03 23:20:00+00:00,2.2047,2.2047,2.199,2.1992,1212467.2
2025-12-03 23:25:00+00:00,2.1992,2.2025,2.1992,2.1997,570737.3
2025-12-03 23:30:00+00:00,2.1997,2.2,2.1973,2.1981,817973.1
2025-12-03 23:35:00+00:00,2.198,2.199,2.1963,2.1988,543467.6
2025-12-03 23:40:00+00:00,2.1988,2.2014,2.1981,2.2004,791807.7
2025-12-03 23:45:00+00:00,2.2005,2.2022,2.1991,2.2013,1154354.7
2025-12-03 23:50:00+00:00,2.2013,2.205,2.2004,2.2029,641158.6
2025-12-03 23:55:00+00:00,2.203,2.2032,2.195,2.1965,1304207.0
2025-12-04 00:00:00+00:00,2.1965,2.2051,2.1964,2.2028,3453115.5
2025-12-04 00:05:00+00:00,2.2028,2.2046,2.202,2.2039,2895760.1
2025-12-04 00:10:00+00:00,2.2039,2.2055,2.1938,2.1944,4377090.6
2025-12-04 00:15:00+00:00,2.1943,2.1983,2.1933,2.1966,2212142.9
2025-12-04 00:20:00+00:00,2.1966,2.1966,2.1931,2.1949,1476750.1
2025-12-04 00:25:00+00:00,2.195,2.1955,2.1885,2.1915,2995835.3
2025-12-04 00:30:00+00:00,2.1916,2.1925,2.1861,2.1863,1860621.2
2025-12-04 00:35:00+00:00,2.1862,2.192,2.1861,2.19,1324565.2
2025-12-04 00:40:00+00:00,2.19,2.1984,2.19,2.1972,1287433.5
2025-12-04 00:45:00+00:00,2.1973,2.1987,2.1936,2.1978,1061249.6
2025-12-04 00:50:00+00:00,2.1978,2.2019,2.1976,2.1981,1970455.8
2025-12-04 00:55:00+00:00,2.1981,2.2,2.1941,2.1942,1144786.5
2025-12-04 01:00:00+00:00,2.1942,2.1969,2.1924,2.1967,849701.8
2025-12-04 01:05:00+00:00,2.1966,2.2009,2.1953,2.1994,991907.9
2025-12-04 01:10:00+00:00,2.1995,2.212,2.1991,2.2108,5018226.5
2025-12-04 01:15:00+00:00,2.2108,2.2141,2.1979,2.1998,4155109.8
2025-12-04 01:20:00+00:00,2.1998,2.2039,2.1959,2.2002,1420458.5
2025-12-04 01:25:00+00:00,2.2003,2.2028,2.1989,2.1999,953393.5
2025-12-04 01:30:00+00:00,2.2,2.201,2.1982,2.2008,682924.0
2025-12-04 01:35:00+00:00,2.2008,2.2035,2.1998,2.2023,648334.3
2025-12-04 01:40:00+00:00,2.2023,2.204,2.2008,2.2039,602008.3
2025-12-04 01:45:00+00:00,2.204,2.205,2.1941,2.1945,1909943.4
2025-12-04 01:50:00+00:00,2.1946,2.1957,2.1931,2.1931,1045261.2
2025-12-04 01:55:00+00:00,2.1931,2.1951,2.1921,2.1923,849264.5
2025-12-04 02:00:00+00:00,2.1923,2.1957,2.1905,2.1943,1250463.3
2025-12-04 02:05:00+00:00,2.1944,2.1983,2.1939,2.1964,729890.4
2025-12-04 02:10:00+00:00,2.1964,2.203,2.1957,2.2024,1335293.7
2025-12-04 02:15:00+00:00,2.2024,2.2056,2.2012,2.2055,1061840.3
2025-12-04 02:20:00+00:00,2.2055,2.2078,2.2008,2.205,1614105.4
2025-12-04 02:25:00+00:00,2.205,2.2075,2.2033,2.2046,683124.3
2025-12-04 02:30:00+00:00,2.2047,2.2052,2.2011,2.2031,757139.8
2025-12-04 02:35:00+00:00,2.2031,2.2076,2.2022,2.2068,756560.8
2025-12-04 02:40:00+00:00,2.2068,2.2069,2.2017,2.2043,571280.6
2025-12-04 02:45:00+00:00,2.2044,2.2062,2.2014,2.2031,830464.0
2025-12-04 02:50:00+00:00,2.2032,2.2032,2.2,2.2002,643322.9
2025-12-04 02:55:00+00:00,2.2003,2.2019,2.2,2.2012,840267.4
2025-12-04 03:00:00+00:00,2.2012,2.2027,2.1983,2.2026,987156.0
2025-12-04 03:05:00+00:00,2.2026,2.2056,2.1997,2.2051,991513.3
2025-12-04 03:10:00+00:00,2.2051,2.2052,2.1997,2.1999,657608.7
2025-12-04 03:15:00+00:00,2.1999,2.2005,2.1965,2.1967,887071.9
2025-12-04 03:20:00+00:00,2.1966,2.1973,2.194,2.1962,1286017.0
2025-12-04 03:25:00+00:00,2.1962,2.1962,2.1944,2.1947,543842.3
2025-12-04 03:30:00+00:00,2.1947,2.1971,2.1924,2.1938,2231902.9
2025-12-04 03:35:00+00:00,2.1938,2.1954,2.1922,2.1946,1284355.1
2025-12-04 03:40:00+00:00,2.1946,2.1955,2.1938,2.1943,648152.9
2025-12-04 03:45:00+00:00,2.1943,2.1959,2.1926,2.1957,606580.4
2025-12-04 03:50:00+00:00,2.1957,2.1968,2.195,2.1961,705969.7
2025-12-04 03:55:00+00:00,2.1961,2.1961,2.1931,2.1941,642547.1
2025-12-04 04:00:00+00:00,2.1941,2.1949,2.1907,2.1932,827723.5
2025-12-04 04:05:00+00:00,2.1932,2.1964,2.1924,2.1961,784473.1
2025-12-04 04:10:00+00:00,2.1961,2.1996,2.1953,2.1955,624929.3
2025-12-04 04:15:00+00:00,2.1954,2.1961,2.1921,2.1939,513220.5
2025-12-04 04:20:00+00:00,2.1938,2.1947,2.1923,2.1944,491527.9
2025-12-04 04:25:00+00:00,2.1944,2.196,2.1932,2.1947,536576.7
2025-12-04 04:30:00+00:00,2.1947,2.1962,2.1926,2.1941,393954.3
2025-12-04 04:35:00+00:00,2.1941,2.195,2.1906,2.1912,645196.9
2025-12-04 04:40:00+00:00,2.1911,2.1913,2.187,2.1888,2260643.4
2025-12-04 04:45:00+00:00,2.1887,2.1895,2.1863,2.1869,1681095.1
2025-12-04 04:50:00+00:00,2.1869,2.1879,2.1834,2.1857,3173473.7
2025-12-04 04:55:00+00:00,2.1858,2.1868,2.185,2.1867,1227761.4
2025-12-04 05:00:00+00:00,2.1866,2.1875,2.1834,2.1856,1424930.0
2025-12-04 05:05:00+00:00,2.1856,2.1869,2.1826,2.1826,1097541.4
2025-12-04 05:10:00+00:00,2.1826,2.1838,2.1806,2.183,1981236.4
2025-12-04 05:15:00+00:00,2.1829,2.1839,2.1785,2.179,2022601.2
2025-12-04 05:20:00+00:00,2.179,2.1803,2.178,2.1798,1784562.6
2025-12-04 05:25:00+00:00,2.1797,2.1844,2.1797,2.183,1153233.5
2025-12-04 05:30:00+00:00,2.1829,2.1851,2.1812,2.1816,1271089.2
2025-12-04 05:35:00+00:00,2.1816,2.1817,2.1782,2.179,1063398.7
2025-12-04 05:40:00+00:00,2.1791,2.1797,2.1753,2.1756,1356039.7
2025-12-04 05:45:00+00:00,2.1756,2.1772,2.1751,2.1754,1308959.9
2025-12-04 05:50:00+00:00,2.1754,2.1754,2.1703,2.1735,3679904.0
2025-12-04 05:55:00+00:00,2.1736,2.1761,2.1735,2.1759,859757.7
2025-12-04 06:00:00+00:00,2.1759,2.1772,2.1738,2.1738,1420171.5
2025-12-04 06:05:00+00:00,2.1738,2.1772,2.1738,2.1763,1246691.6
2025-12-04 06:10:00+00:00,2.1763,2.1779,2.175,2.1777,911939.0
2025-12-04 06:15:00+00:00,2.1778,2.1786,2.1747,2.176,758568.4
2025-12-04 06:20:00+00:00,2.176,2.1777,2.1742,2.1751,1138623.0
2025-12-04 06:25:00+00:00,2.1751,2.1804,2.175,2.1789,1798630.9
2025-12-04 06:30:00+00:00,2.1788,2.1824,2.178,2.1824,1250360.7
2025-12-04 06:35:00+00:00,2.1823,2.1845,2.1808,2.1818,1612130.6
2025-12-04 06:40:00+00:00,2.1818,2.1834,2.1809,2.1818,2007859.4
2025-12-04 06:45:00+00:00,2.1818,2.1822,2.1772,2.1798,1405384.7
2025-12-04 06:50:00+00:00,2.1797,2.1816,2.1772,2.1807,1509092.6
2025-12-04 06:55:00+00:00,2.1807,2.1811,2.1792,2.1797,367473.4
2025-12-04 07:00:00+00:00,2.1796,2.1797,2.1744,2.1754,1117792.7
2025-12-04 07:05:00+00:00,2.1754,2.1774,2.1714,2.1714,773064.3
2025-12-04 07:10:00+00:00,2.1714,2.1728,2.1667,2.169,4589145.5
2025-12-04 07:15:00+00:00,2.1689,2.1713,2.1671,2.1709,1722656.1
2025-12-04 07:20:00+00:00,2.1708,2.1715,2.165,2.1658,1629493.8
2025-12-04 07:25:00+00:00,2.1657,2.1706,2.1657,2.1693,928629.1
2025-12-04 07:30:00+00:00,2.1692,2.1722,2.1685,2.171,1061800.0
2025-12-04 07:35:00+00:00,2.171,2.1729,2.1698,2.1725,982537.6
2025-12-04 07:40:00+00:00,2.1725,2.1736,2.1719,2.173,707802.4
2025-12-04 07:45:00+00:00,2.173,2.1738,2.1705,2.1714,749263.0
2025-12-04 07:50:00+00:00,2.1714,2.1732,2.1704,2.1705,840754.6
2025-12-04 07:55:00+00:00,2.1705,2.1716,2.1692,2.1715,789308.8
2025-12-04 08:00:00+00:00,2.1715,2.178,2.169,2.1772,1814792.6
2025-12-04 08:05:00+00:00,2.1772,2.178,2.1691,2.1692,1382262.8
2025-12-04 08:10:00+00:00,2.1693,2.1694,2.1642,2.1671,2006904.5
2025-12-04 08:15:00+00:00,2.167,2.1705,2.1657,2.1694,978963.0
2025-12-04 08:20:00+00:00,2.1693,2.1699,2.1661,2.1663,884178.7
2025-12-04 08:25:00+00:00,2.1663,2.1676,2.1643,2.1646,820388.7
2025-12-04 08:30:00+00:00,2.1645,2.1663,2.1624,2.1649,1548012.2
2025-12-04 08:35:00+00:00,2.1649,2.1697,2.1649,2.1694,868826.2
2025-12-04 08:40:00+00:00,2.1693,2.1717,2.169,2.1709,625858.6
2025-12-04 08:45:00+00:00,2.1709,2.1711,2.1679,2.168,558650.0
2025-12-04 08:50:00+00:00,2.1679,2.168,2.1596,2.1607,1604238.1
2025-12-04 08:55:00+00:00,2.1606,2.1627,2.1602,2.1627,782633.3
2025-12-04 09:00:00+00:00,2.1627,2.1664,2.1622,2.1655,1134428.4
2025-12-04 09:05:00+00:00,2.1655,2.1729,2.165,2.1727,2050049.5
2025-12-04 09:10:00+00:00,2.1728,2.1736,2.1688,2.1688,927329.5
2025-12-04 09:15:00+00:00,2.1688,2.1693,2.1635,2.1648,952008.1
2025-12-04 09:20:00+00:00,2.1649,2.1677,2.1649,2.1665,748568.3
2025-12-04 09:25:00+00:00,2.1666,2.167,2.165,2.166,541296.1
2025-12-04 09:30:00+00:00,2.166,2.1694,2.165,2.1686,920640.5
2025-12-04 09:35:00+00:00,2.1686,2.1712,2.1677,2.1687,902975.6
2025-12-04 09:40:00+00:00,2.1686,2.1734,2.1686,2.1719,1357861.4
2025-12-04 09:45:00+00:00,2.1718,2.1724,2.17,2.171,887508.2
2025-12-04 09:50:00+00:00,2.1711,2.1743,2.1705,2.174,899418.5
2025-12-04 09:55:00+00:00,2.174,2.174,2.1695,2.1696,921966.4
2025-12-04 10:00:00+00:00,2.1697,2.1718,2.1692,2.1713,912906.7
2025-12-04 10:05:00+00:00,2.1712,2.1712,2.1668,2.1699,1158872.5
2025-12-04 10:10:00+00:00,2.1698,2.1705,2.1676,2.1685,1154837.3
2025-12-04 10:15:00+00:00,2.1684,2.1684,2.1627,2.1632,1042044.1
2025-12-04 10:20:00+00:00,2.1633,2.1673,2.1627,2.1649,830351.5
2025-12-04 10:25:00+00:00,2.1648,2.1655,2.1628,2.1632,959887.5
2025-12-04 10:30:00+00:00,2.1632,2.165,2.1611,2.1611,1780054.1
2025-12-04 10:35:00+00:00,2.161,2.1621,2.1582,2.1606,2291849.8
2025-12-04 10:40:00+00:00,2.1605,2.1606,2.1574,2.1599,1304644.6
2025-12-04 10:45:00+00:00,2.1598,2.1612,2.1564,2.1575,1663614.9
2025-12-04 10:50:00+00:00,2.1574,2.1597,2.1552,2.1592,1742307.0
2025-12-04 10:55:00+00:00,2.1593,2.1593,2.1571,2.1575,877411.4
2025-12-04 11:00:00+00:00,2.1575,2.1576,2.1553,2.1563,1301969.2
2025-12-04 11:05:00+00:00,2.1563,2.157,2.1525,2.1564,3487545.1
2025-12-04 11:10:00+00:00,2.1564,2.1564,2.1529,2.1535,1223164.5
2025-12-04 11:15:00+00:00,2.1535,2.1539,2.1516,2.1526,1539756.4
2025-12-04 11:20:00+00:00,2.1526,2.153,2.1502,2.1511,2653500.8
2025-12-04 11:25:00+00:00,2.1511,2.1514,2.1477,2.149,5123134.2
2025-12-04 11:30:00+00:00,2.149,2.1512,2.143,2.143,4695718.6
2025-12-04 11:35:00+00:00,2.143,2.146,2.142,2.144,2421666.1
2025-12-04 11:40:00+00:00,2.144,2.1458,2.1415,2.1447,2261669.1
2025-12-04 11:45:00+00:00,2.1447,2.1452,2.1419,2.1449,2546444.4
2025-12-04 11:50:00+00:00,2.1448,2.1508,2.1448,2.1496,3037723.7
2025-12-04 11:55:00+00:00,2.1495,2.1504,2.1481,2.15,1488259.6
2025-12-04 12:00:00+00:00,2.15,2.1536,2.1492,2.1526,1962708.7
2025-12-04 12:05:00+00:00,2.1525,2.1533,2.1496,2.1514,1350909.2
2025-12-04 12:10:00+00:00,2.1514,2.1515,2.1453,2.1476,3074742.6
2025-12-04 12:15:00+00:00,2.1475,2.1494,2.1416,2.1423,4160553.4
2025-12-04 12:20:00+00:00,2.1423,2.1427,2.1366,2.1405,6195634.1
2025-12-04 12:25:00+00:00,2.1405,2.1417,2.1377,2.138,1779841.4
2025-12-04 12:30:00+00:00,2.1381,2.1432,2.138,2.1417,1807248.4
2025-12-04 12:35:00+00:00,2.1417,2.1449,2.1416,2.1435,1287282.5
2025-12-04 12:40:00+00:00,2.1434,2.1491,2.1434,2.1463,1762268.1
2025-12-04 12:45:00+00:00,2.1462,2.1483,2.1424,2.144,1710911.3
2025-12-04 12:50:00+00:00,2.1441,2.1456,2.1437,2.1447,1027524.7
2025-12-04 12:55:00+00:00,2.1447,2.1466,2.1425,2.1452,779118.1
2025-12-04 13:00:00+00:00,2.1452,2.1477,2.138,2.1388,3255697.2
2025-12-04 13:05:00+00:00,2.1388,2.143,2.1383,2.1395,2559920.3
2025-12-04 13:10:00+00:00,2.1396,2.1428,2.1388,2.1396,1419487.8
2025-12-04 13:15:00+00:00,2.1395,2.1447,2.1395,2.1438,1102229.3
2025-12-04 13:20:00+00:00,2.1437,2.147,2.1432,2.1468,1314058.8
2025-12-04 13:25:00+00:00,2.1468,2.1496,2.1451,2.1451,2046361.9
2025-12-04 13:30:00+00:00,2.1452,2.1466,2.142,2.142,1962489.0
2025-12-04 13:35:00+00:00,2.142,2.142,2.136,2.1394,2849625.9
2025-12-04 13:40:00+00:00,2.1393,2.1425,2.1372,2.1379,1306082.2
2025-12-04 13:45:00+00:00,2.1379,2.139,2.1251,2.1284,16242564.4
2025-12-04 13:50:00+00:00,2.1283,2.1314,2.1276,2.1286,3354680.3
2025-12-04 13:55:00+00:00,2.1287,2.1333,2.1241,2.1249,3587448.2
2025-12-04 14:00:00+00:00,2.125,2.13,2.1247,2.127,2355141.7
2025-12-04 14:05:00+00:00,2.1271,2.1343,2.1271,2.1324,2675456.6
2025-12-04 14:10:00+00:00,2.1323,2.1346,2.1296,2.133,3600087.1
2025-12-04 14:15:00+00:00,2.133,2.1343,2.1303,2.1316,1856884.2
2025-12-04 14:20:00+00:00,2.1316,2.1347,2.1306,2.1319,1673984.4
2025-12-04 14:25:00+00:00,2.1318,2.1373,2.1317,2.137,2535236.8
2025-12-04 14:30:00+00:00,2.137,2.1376,2.1268,2.1274,4553917.3
2025-12-04 14:35:00+00:00,2.1274,2.1362,2.1256,2.1295,2121735.4
2025-12-04 14:40:00+00:00,2.1296,2.1369,2.1296,2.1325,3265120.3
2025-12-04 14:45:00+00:00,2.1325,2.1351,2.1301,2.1301,1316531.7
2025-12-04 14:50:00+00:00,2.1301,2.132,2.1158,2.1198,11485560.8
2025-12-04 14:55:00+00:00,2.1199,2.1238,2.1133,2.1187,6829718.2
2025-12-04 15:00:00+00:00,2.1187,2.1264,2.1184,2.1256,3043939.4
2025-12-04 15:05:00+00:00,2.1256,2.1324,2.1244,2.129,3586397.0
2025-12-04 15:10:00+00:00,2.1289,2.1351,2.1279,2.1328,2818887.1
2025-12-04 15:15:00+00:00,2.1329,2.136,2.129,2.1357,2052853.3
2025-12-04 15:20:00+00:00,2.1358,2.1366,2.13,2.1301,2130438.1
2025-12-04 15:25:00+00:00,2.13,2.1304,2.1241,2.1297,3019073.8
2025-12-04 15:30:00+00:00,2.1297,2.133,2.1289,2.1301,1155234.7
2025-12-04 15:35:00+00:00,2.1302,2.1563,2.1302,2.1555,9820525.8
2025-12-04 15:40:00+00:00,2.1556,2.1558,2.1443,2.1474,4450344.8
2025-12-04 15:45:00+00:00,2.1473,2.1481,2.1386,2.1401,2809781.6
2025-12-04 15:50:00+00:00,2.1402,2.147,2.1392,2.1462,2966234.0
2025-12-04 15:55:00+00:00,2.1462,2.1525,2.1456,2.1517,4143842.4
2025-12-04 16:00:00+00:00,2.1517,2.156,2.139,2.1401,5181363.3
2025-12-04 16:05:00+00:00,2.1401,2.1468,2.1366,2.1457,3909744.7
2025-12-04 16:10:00+00:00,2.1458,2.1471,2.1414,2.143,1350506.2
2025-12-04 16:15:00+00:00,2.1429,2.1562,2.1421,2.156,2918813.8
2025-12-04 16:20:00+00:00,2.156,2.1564,2.1504,2.1555,2390239.5
2025-12-04 16:25:00+00:00,2.1556,2.1567,2.145,2.1459,2865922.6
2025-12-04 16:30:00+00:00,2.1459,2.146,2.1422,2.1439,2269710.2
2025-12-04 16:35:00+00:00,2.144,2.1471,2.1368,2.139,3230087.8
2025-12-04 16:40:00+00:00,2.139,2.1405,2.1368,2.1385,1768156.9
2025-12-04 16:45:00+00:00,2.1385,2.1439,2.1372,2.1377,2961796.1
2025-12-04 16:50:00+00:00,2.1376,2.1399,2.1323,2.1342,2572893.4
2025-12-04 16:55:00+00:00,2.1341,2.1379,2.1307,2.1367,1837390.5
2025-12-04 17:00:00+00:00,2.1367,2.1381,2.1301,2.1314,1882828.6
2025-12-04 17:05:00+00:00,2.1313,2.1334,2.1262,2.132,5829945.3
2025-12-04 17:10:00+00:00,2.132,2.134,2.1298,2.1313,1483987.8
2025-12-04 17:15:00+00:00,2.1312,2.1319,2.1253,2.1276,2626570.7
2025-12-04 17:20:00+00:00,2.1277,2.1305,2.1265,2.1276,1161097.9
2025-12-04 17:25:00+00:00,2.1276,2.1281,2.1234,2.1241,1474824.3
2025-12-04 17:30:00+00:00,2.124,2.126,2.1211,2.1257,2795426.5
2025-12-04 17:35:00+00:00,2.1257,2.128,2.1174,2.1174,2946910.0
2025-12-04 17:40:00+00:00,2.1174,2.1211,2.1156,2.1206,3639164.9
2025-12-04 17:45:00+00:00,2.1206,2.1219,2.118,2.1217,2124449.8
2025-12-04 17:50:00+00:00,2.1217,2.125,2.1189,2.125,2117397.9
2025-12-04 17:55:00+00:00,2.125,2.1295,2.125,2.1272,1811533.4
2025-12-04 18:00:00+00:00,2.1271,2.1277,2.1213,2.1241,1430407.1
2025-12-04 18:05:00+00:00,2.1242,2.1265,2.1183,2.1216,3475767.3
2025-12-04 18:10:00+00:00,2.1216,2.1254,2.1198,2.1246,1057808.6
2025-12-04 18:15:00+00:00,2.1246,2.1246,2.1158,2.1162,2755373.1
2025-12-04 18:20:00+00:00,2.1162,2.123,2.1141,2.1229,2566663.4
2025-12-04 18:25:00+00:00,2.1229,2.1229,2.1174,2.1199,970763.6
2025-12-04 18:30:00+00:00,2.1198,2.1223,2.118,2.1189,1115030.9
2025-12-04 18:35:00+00:00,2.1188,2.1231,2.1172,2.1172,1489499.2
2025-12-04 18:40:00+00:00,2.1172,2.1173,2.0972,2.0996,18602573.5
2025-12-04 18:45:00+00:00,2.0995,2.1049,2.0993,2.1041,4149595.4
2025-12-04 18:50:00+00:00,2.1041,2.107,2.1008,2.1027,2206604.2
2025-12-04 18:55:00+00:00,2.1027,2.1043,2.0992,2.1025,1576717.8
2025-12-04 19:00:00+00:00,2.1025,2.1044,2.0982,2.0987,2040055.5
2025-12-04 19:05:00+00:00,2.0988,2.1013,2.0972,2.0995,2187805.2
2025-12-04 19:10:00+00:00,2.0995,2.0998,2.0803,2.082,11140788.2
2025-12-04 19:15:00+00:00,2.0821,2.0873,2.0754,2.0761,7669425.0
2025-12-04 19:20:00+00:00,2.0761,2.0786,2.0679,2.0701,11042793.1
2025-12-04 19:25:00+00:00,2.0701,2.0873,2.0693,2.083,6099121.0
2025-12-04 19:30:00+00:00,2.083,2.0959,2.081,2.0869,5378254.5
2025-12-04 19:35:00+00:00,2.0869,2.0958,2.0869,2.0932,2882317.6
2025-12-04 19:40:00+00:00,2.0933,2.0986,2.092,2.0977,1988550.2
2025-12-04 19:45:00+00:00,2.0976,2.1024,2.0948,2.1005,3593432.6
2025-12-04 19:50:00+00:00,2.1005,2.1008,2.0924,2.0965,1890321.9
2025-12-04 19:55:00+00:00,2.0965,2.0984,2.0948,2.0962,938718.9
2025-12-04 20:00:00+00:00,2.0962,2.103,2.0922,2.0941,5903240.6
2025-12-04 20:05:00+00:00,2.0942,2.0949,2.0847,2.0927,4191918.8
2025-12-04 20:10:00+00:00,2.0927,2.0961,2.0905,2.0935,1455057.9
2025-12-04 20:15:00+00:00,2.0935,2.0943,2.0881,2.0943,2473912.4
2025-12-04 20:20:00+00:00,2.0943,2.0957,2.0887,2.0926,1364818.8
2025-12-04 20:25:00+00:00,2.0926,2.0961,2.0891,2.0896,1376673.5
2025-12-04 20:30:00+00:00,2.0896,2.0957,2.088,2.0927,1450336.3
2025-12-04 20:35:00+00:00,2.0928,2.0977,2.0923,2.0963,1443527.6
2025-12-04 20:40:00+00:00,2.0964,2.0994,2.0931,2.0967,2051834.1
2025-12-04 20:45:00+00:00,2.0968,2.1019,2.0967,2.0988,2022437.9
2025-12-04 20:50:00+00:00,2.0989,2.1058,2.0989,2.1033,3803056.3
2025-12-04 20:55:00+00:00,2.1034,2.1078,2.1023,2.1038,7534908.3
2025-12-04 21:00:00+00:00,2.1038,2.1058,2.0983,2.1033,4521128.2
2025-12-04 21:05:00+00:00,2.1034,2.1099,2.1012,2.1085,4790988.2
2025-12-04 21:10:00+00:00,2.1085,2.1085,2.1009,2.1018,2362187.8
2025-12-04 21:15:00+00:00,2.1017,2.1058,2.1009,2.1024,1465083.7
2025-12-04 21:20:00+00:00,2.1023,2.1024,2.0964,2.0988,1681726.7
2025-12-04 21:25:00+00:00,2.0988,2.0994,2.0954,2.0966,1075122.5
2025-12-04 21:30:00+00:00,2.0967,2.0986,2.095,2.0976,723810.1
2025-12-04 21:35:00+00:00,2.0977,2.1022,2.0954,2.1012,921507.4
2025-12-04 21:40:00+00:00,2.1012,2.1019,2.0966,2.098,767007.6
2025-12-04 21:45:00+00:00,2.098,2.0983,2.0947,2.0955,989358.9
2025-12-04 21:50:00+00:00,2.0955,2.0962,2.0923,2.0926,2109808.7
2025-12-04 21:55:00+00:00,2.0926,2.0929,2.0877,2.0898,1907132.3
2025-12-04 22:00:00+00:00,2.0899,2.0975,2.0899,2.0943,1686007.3
2025-12-04 22:05:00+00:00,2.0942,2.0958,2.0935,2.0938,673140.6
2025-12-04 22:10:00+00:00,2.0938,2.0971,2.0935,2.096,474545.5
2025-12-04 22:15:00+00:00,2.096,2.099,2.0951,2.0981,1016633.3
2025-12-04 22:20:00+00:00,2.0981,2.0981,2.0919,2.0955,1203199.6
2025-12-04 22:25:00+00:00,2.0955,2.097,2.0945,2.0965,522812.2
2025-12-04 22:30:00+00:00,2.0965,2.1037,2.0965,2.1028,1492955.2
2025-12-04 22:35:00+00:00,2.1027,2.1032,2.098,2.0985,1458899.6
2025-12-04 22:40:00+00:00,2.0985,2.0993,2.0962,2.0984,688844.2
2025-12-04 22:45:00+00:00,2.0984,2.1001,2.0976,2.0979,500948.9
2025-12-04 22:50:00+00:00,2.0979,2.1001,2.0979,2.1001,528842.4
2025-12-04 22:55:00+00:00,2.1,2.1001,2.0965,2.0966,821188.1
2025-12-04 23:00:00+00:00,2.0967,2.0987,2.0938,2.0968,1300928.0
2025-12-04 23:05:00+00:00,2.0969,2.0986,2.0942,2.0942,365646.6
2025-12-04 23:10:00+00:00,2.0943,2.0952,2.0921,2.0933,644389.6
2025-12-04 23:15:00+00:00,2.0933,2.0949,2.0924,2.0931,558399.6
2025-12-04 23:20:00+00:00,2.093,2.0968,2.0922,2.0955,412801.4
2025-12-04 23:25:00+00:00,2.0954,2.0966,2.0942,2.0955,429156.0
2025-12-04 23:30:00+00:00,2.0954,2.098,2.0942,2.0965,494896.5
2025-12-04 23:35:00+00:00,2.0965,2.0985,2.0956,2.0967,443877.0
2025-12-04 23:40:00+00:00,2.0968,2.0968,2.0909,2.0944,576724.6
2025-12-04 23:45:00+00:00,2.0944,2.0962,2.0921,2.0961,492260.7
2025-12-04 23:50:00+00:00,2.0961,2.0971,2.0951,2.0963,333536.2
2025-12-04 23:55:00+00:00,2.0963,2.0971,2.0945,2.0949,614288.9
2025-12-05 00:00:00+00:00,2.0949,2.0986,2.0932,2.0985,1492773.3
2025-12-05 00:05:00+00:00,2.0986,2.1002,2.0964,2.0978,1271917.5
2025-12-05 00:10:00+00:00,2.0978,2.0994,2.0955,2.0959,527355.5
2025-12-05 00:15:00+00:00,2.0959,2.0989,2.0955,2.0988,821568.3
2025-12-05 00:20:00+00:00,2.0989,2.1077,2.0974,2.1069,1795331.3
2025-12-05 00:25:00+00:00,2.1069,2.1069,2.1029,2.1033,831925.2
2025-12-05 00:30:00+00:00,2.1033,2.1075,2.1018,2.1064,960059.5
2025-12-05 00:35:00+00:00,2.1065,2.1102,2.1041,2.1063,2038932.5
2025-12-05 00:40:00+00:00,2.1064,2.1117,2.1063,2.1111,1197979.5
2025-12-05 00:45:00+00:00,2.1111,2.1118,2.1088,2.1093,1575019.8
2025-12-05 00:50:00+00:00,2.1093,2.1097,2.1039,2.1043,967792.8
2025-12-05 00:55:00+00:00,2.1043,2.1045,2.1013,2.1032,1118502.1
2025-12-05 01:00:00+00:00,2.1031,2.1059,2.1023,2.1059,584683.1
2025-12-05 01:05:00+00:00,2.1059,2.1102,2.1059,2.1094,829829.1
2025-12-05 01:10:00+00:00,2.1094,2.1097,2.102,2.1033,805026.0
2025-12-05 01:15:00+00:00,2.1033,2.1088,2.1031,2.1058,871930.1
2025-12-05 01:20:00+00:00,2.1058,2.1073,2.1033,2.1072,524989.3
2025-12-05 01:25:00+00:00,2.1073,2.1111,2.1065,2.108,1270176.0
2025-12-05 01:30:00+00:00,2.108,2.1081,2.1047,2.1055,595104.9
2025-12-05 01:35:00+00:00,2.1055,2.1077,2.1047,2.1077,894650.6
2025-12-05 01:40:00+00:00,2.1076,2.1097,2.1057,2.1071,2332870.8
2025-12-05 01:45:00+00:00,2.1072,2.1092,2.1054,2.109,393090.0
2025-12-05 01:50:00+00:00,2.1089,2.1097,2.1056,2.1057,619921.1
2025-12-05 01:55:00+00:00,2.1056,2.1062,2.1034,2.1041,527873.0
2025-12-05 02:00:00+00:00,2.1041,2.1041,2.1008,2.1032,1024258.6
2025-12-05 02:05:00+00:00,2.1032,2.1047,2.1013,2.1021,535318.0
2025-12-05 02:10:00+00:00,2.1022,2.1056,2.1007,2.1055,977787.8
2025-12-05 02:15:00+00:00,2.1055,2.108,2.1042,2.1069,972472.3
2025-12-05 02:20:00+00:00,2.1069,2.1084,2.1061,2.1061,528799.5
2025-12-05 02:25:00+00:00,2.1061,2.1084,2.1061,2.108,421628.4
2025-12-05 02:30:00+00:00,2.108,2.1084,2.1057,2.1082,658104.9
2025-12-05 02:35:00+00:00,2.1082,2.1109,2.1081,2.1101,981523.0
2025-12-05 02:40:00+00:00,2.1101,2.1101,2.1074,2.109,603485.9
2025-12-05 02:45:00+00:00,2.1091,2.1091,2.1056,2.1063,547374.4
2025-12-05 02:50:00+00:00,2.1063,2.1071,2.1042,2.1043,664406.5
2025-12-05 02:55:00+00:00,2.1043,2.1043,2.1018,2.1026,676804.4
2025-12-05 03:00:00+00:00,2.1027,2.1045,2.1019,2.1029,658770.3
2025-12-05 03:05:00+00:00,2.1029,2.1056,2.1024,2.1048,498422.2
2025-12-05 03:10:00+00:00,2.1047,2.106,2.099,2.1011,922023.6
2025-12-05 03:15:00+00:00,2.101,2.1018,2.099,2.1011,643648.0
2025-12-05 03:20:00+00:00,2.1011,2.1012,2.0941,2.0956,1826129.5
2025-12-05 03:25:00+00:00,2.0956,2.0973,2.094,2.0948,1030913.2
2025-12-05 03:30:00+00:00,2.0948,2.0953,2.0921,2.0926,1112453.6
2025-12-05 03:35:00+00:00,2.0926,2.0934,2.0907,2.092,1158099.2
2025-12-05 03:40:00+00:00,2.0921,2.0923,2.0886,2.0892,1309928.7
2025-12-05 03:45:00+00:00,2.0893,2.092,2.0889,2.0913,936646.3
2025-12-05 03:50:00+00:00,2.0914,2.0938,2.0911,2.0927,610310.2
2025-12-05 03:55:00+00:00,2.0928,2.0929,2.0863,2.0897,2243955.1
2025-12-05 04:00:00+00:00,2.0898,2.0976,2.0896,2.0954,1278025.7
2025-12-05 04:05:00+00:00,2.0954,2.0973,2.0947,2.0955,614660.0
2025-12-05 04:10:00+00:00,2.0955,2.0974,2.0949,2.0961,639182.9
2025-12-05 04:15:00+00:00,2.096,2.096,2.0935,2.0937,544159.9
2025-12-05 04:20:00+00:00,2.0938,2.0945,2.089,2.089,1003212.6
2025-12-05 04:25:00+00:00,2.089,2.0902,2.0874,2.0879,804819.2
2025-12-05 04:30:00+00:00,2.0878,2.0878,2.0791,2.084,3903436.4
2025-12-05 04:35:00+00:00,2.084,2.0844,2.0808,2.0825,1219408.7
2025-12-05 04:40:00+00:00,2.0824,2.0831,2.0799,2.0807,1327463.9
2025-12-05 04:45:00+00:00,2.0807,2.0817,2.0777,2.0781,2381842.1
2025-12-05 04:50:00+00:00,2.0781,2.0858,2.0781,2.0849,2072423.9
2025-12-05 04:55:00+00:00,2.0848,2.087,2.0836,2.0846,1140778.2
2025-12-05 05:00:00+00:00,2.0846,2.0848,2.0815,2.0843,1048971.3
2025-12-05 05:05:00+00:00,2.0843,2.0874,2.0834,2.0841,1173160.9
2025-12-05 05:10:00+00:00,2.084,2.0871,2.0832,2.0848,667170.0
2025-12-05 05:15:00+00:00,2.0848,2.0867,2.0841,2.0851,483327.6
2025-12-05 05:20:00+00:00,2.085,2.085,2.0792,2.0795,812092.0
2025-12-05 05:25:00+00:00,2.0795,2.0806,2.0756,2.0782,3098006.0
2025-12-05 05:30:00+00:00,2.0781,2.0786,2.0752,2.078,1489124.4
2025-12-05 05:35:00+00:00,2.078,2.0806,2.0778,2.0804,450583.9
2025-12-05 05:40:00+00:00,2.0803,2.0821,2.0796,2.0814,501900.6
2025-12-05 05:45:00+00:00,2.0814,2.0814,2.0787,2.0795,601405.0
2025-12-05 05:50:00+00:00,2.0794,2.0816,2.0787,2.0803,753036.0
2025-12-05 05:55:00+00:00,2.0804,2.0807,2.0788,2.0807,543716.0
2025-12-05 06:00:00+00:00,2.0808,2.0839,2.0808,2.0833,1294487.3
2025-12-05 06:05:00+00:00,2.0833,2.0876,2.0832,2.0873,1115482.5
2025-12-05 06:10:00+00:00,2.0872,2.0888,2.0855,2.0866,1166084.1
2025-12-05 06:15:00+00:00,2.0866,2.0881,2.0845,2.0849,445963.0
2025-12-05 06:20:00+00:00,2.085,2.0876,2.0846,2.0874,467314.4
2025-12-05 06:25:00+00:00,2.0874,2.0879,2.0832,2.0841,1205344.2
2025-12-05 06:30:00+00:00,2.0842,2.0856,2.0807,2.0856,1342957.7
2025-12-05 06:35:00+00:00,2.0856,2.0877,2.0828,2.0835,964830.2
2025-12-05 06:40:00+00:00,2.0835,2.0855,2.083,2.0853,329995.0
2025-12-05 06:45:00+00:00,2.0853,2.0876,2.0849,2.0856,742049.9
2025-12-05 06:50:00+00:00,2.0856,2.0882,2.0848,2.0863,908616.8
2025-12-05 06:55:00+00:00,2.0864,2.0887,2.0858,2.088,593809.7
2025-12-05 07:00:00+00:00,2.088,2.0882,2.0861,2.0875,712870.7
2025-12-05 07:05:00+00:00,2.0876,2.0975,2.0873,2.0974,2863009.4
2025-12-05 07:10:00+00:00,2.0974,2.0976,2.0936,2.0944,1238237.3
2025-12-05 07:15:00+00:00,2.0944,2.0949,2.0914,2.0923,1176233.8
2025-12-05 07:20:00+00:00,2.0922,2.0945,2.0918,2.0933,727840.8
2025-12-05 07:25:00+00:00,2.0934,2.0956,2.0934,2.0936,1152989.6
2025-12-05 07:30:00+00:00,2.0937,2.0943,2.0927,2.093,710882.6
2025-12-05 07:35:00+00:00,2.093,2.094,2.0918,2.0919,639032.7
2025-12-05 07:40:00+00:00,2.0919,2.0919,2.089,2.0903,940518.7
2025-12-05 07:45:00+00:00,2.0903,2.0918,2.0867,2.0913,1225903.1
2025-12-05 07:50:00+00:00,2.0912,2.0928,2.0905,2.0923,689097.7
2025-12-05 07:55:00+00:00,2.0923,2.0937,2.0919,2.092,612039.9
2025-12-05 08:00:00+00:00,2.092,2.0925,2.0866,2.0869,1215218.0
2025-12-05 08:05:00+00:00,2.087,2.0883,2.0842,2.0862,1504499.4
2025-12-05 08:10:00+00:00,2.0862,2.0884,2.0856,2.0872,604593.9
2025-12-05 08:15:00+00:00,2.0872,2.0876,2.0834,2.0842,1168532.6
2025-12-05 08:20:00+00:00,2.0842,2.0868,2.0834,2.0837,500473.3
2025-12-05 08:25:00+00:00,2.0837,2.0852,2.082,2.0834,492178.2
2025-12-05 08:30:00+00:00,2.0834,2.0841,2.0795,2.0796,1280058.7
2025-12-05 08:35:00+00:00,2.0796,2.0808,2.0766,2.0803,1478166.7
2025-12-05 08:40:00+00:00,2.0803,2.0803,2.074,2.0787,2559387.4
2025-12-05 08:45:00+00:00,2.0788,2.0804,2.0777,2.0779,1168023.1
2025-12-05 08:50:00+00:00,2.078,2.08,2.075,2.0788,1177878.4
2025-12-05 08:55:00+00:00,2.0787,2.0802,2.0771,2.0776,652713.9
2025-12-05 09:00:00+00:00,2.0777,2.0778,2.0711,2.0744,2353946.7
2025-12-05 09:05:00+00:00,2.0745,2.0753,2.0711,2.0724,1245217.6
2025-12-05 09:10:00+00:00,2.0723,2.0744,2.0717,2.0736,1063369.6
2025-12-05 09:15:00+00:00,2.0736,2.0736,2.0595,2.0608,6805412.2
2025-12-05 09:20:00+00:00,2.0608,2.0656,2.0583,2.0616,4650857.1
2025-12-05 09:25:00+00:00,2.0615,2.0626,2.0582,2.0599,2636014.4
2025-12-05 09:30:00+00:00,2.06,2.0638,2.058,2.0583,2268917.6
2025-12-05 09:35:00+00:00,2.0583,2.0622,2.0582,2.0606,2019125.6
2025-12-05 09:40:00+00:00,2.0607,2.0608,2.0531,2.0565,4193905.1
2025-12-05 09:45:00+00:00,2.0564,2.0587,2.0542,2.0576,1989063.5
2025-12-05 09:50:00+00:00,2.0576,2.0581,2.0548,2.0555,1165323.2
2025-12-05 09:55:00+00:00,2.0554,2.0581,2.0545,2.0567,1564624.0
2025-12-05 10:00:00+00:00,2.0566,2.0606,2.0536,2.0581,2333513.7
2025-12-05 10:05:00+00:00,2.0581,2.0639,2.058,2.0599,2036657.7
2025-12-05 10:10:00+00:00,2.0598,2.064,2.0598,2.0619,1827580.6
2025-12-05 10:15:00+00:00,2.0619,2.0639,2.0593,2.0595,1214099.2
2025-12-05 10:20:00+00:00,2.0594,2.0634,2.059,2.0625,1004102.5
2025-12-05 10:25:00+00:00,2.0625,2.0684,2.0625,2.0646,2200217.5
2025-12-05 10:30:00+00:00,2.0646,2.0662,2.0631,2.0641,1553935.1
2025-12-05 10:35:00+00:00,2.0641,2.0666,2.0629,2.0639,1615139.9
2025-12-05 10:40:00+00:00,2.0639,2.0652,2.0627,2.064,992264.6
2025-12-05 10:45:00+00:00,2.064,2.0644,2.057,2.0585,1267810.6
2025-12-05 10:50:00+00:00,2.0585,2.0623,2.0584,2.061,820573.4
2025-12-05 10:55:00+00:00,2.061,2.0619,2.0596,2.0609,842134.8
2025-12-05 11:00:00+00:00,2.0609,2.0633,2.0594,2.0604,1482034.9
2025-12-05 11:05:00+00:00,2.0604,2.0637,2.0594,2.0614,1237010.5
2025-12-05 11:10:00+00:00,2.0614,2.0625,2.0596,2.0625,676794.4
2025-12-05 11:15:00+00:00,2.0625,2.0634,2.06,2.0608,889491.7
2025-12-05 11:20:00+00:00,2.0608,2.0617,2.0582,2.0593,1525452.9
2025-12-05 11:25:00+00:00,2.0593,2.0598,2.0571,2.0594,1776292.2
2025-12-05 11:30:00+00:00,2.0594,2.0596,2.0536,2.0536,2998596.5
2025-12-05 11:35:00+00:00,2.0537,2.059,2.0526,2.059,2278212.2
2025-12-05 11:40:00+00:00,2.0589,2.0603,2.0581,2.059,965359.0
2025-12-05 11:45:00+00:00,2.0591,2.0701,2.059,2.0695,2329463.6
2025-12-05 11:50:00+00:00,2.0695,2.0695,2.0643,2.0678,1498202.2
2025-12-05 11:55:00+00:00,2.0678,2.0684,2.0664,2.0678,1033244.5
2025-12-05 12:00:00+00:00,2.0678,2.0688,2.0655,2.066,1218813.8
2025-12-05 12:05:00+00:00,2.066,2.0708,2.0654,2.0689,1457405.7
2025-12-05 12:10:00+00:00,2.0689,2.0698,2.0653,2.0658,806440.4
2025-12-05 12:15:00+00:00,2.0658,2.0707,2.065,2.0692,1199717.8
2025-12-05 12:20:00+00:00,2.0692,2.0716,2.0682,2.0682,1327443.2
2025-12-05 12:25:00+00:00,2.0682,2.0695,2.0675,2.069,485889.2
2025-12-05 12:30:00+00:00,2.069,2.0722,2.0658,2.0722,1504617.6
2025-12-05 12:35:00+00:00,2.0721,2.0738,2.07,2.0702,1195257.1
2025-12-05 12:40:00+00:00,2.0703,2.0712,2.0673,2.0673,559060.9
2025-12-05 12:45:00+00:00,2.0673,2.0674,2.0641,2.0661,836463.5
2025-12-05 12:50:00+00:00,2.0662,2.0679,2.0659,2.0678,445517.8
2025-12-05 12:55:00+00:00,2.0677,2.0678,2.0656,2.0671,379733.1
2025-12-05 13:00:00+00:00,2.0672,2.0685,2.062,2.0629,1312664.2
2025-12-05 13:05:00+00:00,2.063,2.0729,2.063,2.0726,1832607.7
2025-12-05 13:10:00+00:00,2.0727,2.0757,2.0669,2.0671,2275122.2
2025-12-05 13:15:00+00:00,2.0672,2.0701,2.0643,2.0688,1252495.0
2025-12-05 13:20:00+00:00,2.0688,2.0693,2.0657,2.0687,1063585.2
2025-12-05 13:25:00+00:00,2.0687,2.072,2.0658,2.0696,2027173.3
2025-12-05 13:30:00+00:00,2.0695,2.0718,2.0642,2.0702,1875873.3
2025-12-05 13:35:00+00:00,2.0702,2.0706,2.0644,2.0645,1510961.8
2025-12-05 13:40:00+00:00,2.0646,2.0659,2.0604,2.0623,3910005.4
2025-12-05 13:45:00+00:00,2.0623,2.065,2.0563,2.065,2985026.5
2025-12-05 13:50:00+00:00,2.0649,2.0689,2.0631,2.0677,2082362.6
2025-12-05 13:55:00+00:00,2.0677,2.0694,2.0639,2.0646,1163871.6
2025-12-05 14:00:00+00:00,2.0646,2.0683,2.0611,2.0624,1673748.2
2025-12-05 14:05:00+00:00,2.0624,2.0629,2.0598,2.0611,1403125.4
2025-12-05 14:10:00+00:00,2.0612,2.0644,2.0561,2.0579,1952882.1
2025-12-05 14:15:00+00:00,2.0578,2.0608,2.0555,2.0608,1383837.0
2025-12-05 14:20:00+00:00,2.0607,2.061,2.0587,2.0591,816054.0
2025-12-05 14:25:00+00:00,2.0592,2.0636,2.0592,2.0626,1581435.4
2025-12-05 14:30:00+00:00,2.0626,2.0725,2.0619,2.0677,3851690.2
2025-12-05 14:35:00+00:00,2.0676,2.0695,2.0609,2.0612,3402594.7
2025-12-05 14:40:00+00:00,2.0612,2.0668,2.0575,2.0614,2868098.5
2025-12-05 14:45:00+00:00,2.0614,2.0679,2.0576,2.0629,2934564.7
2025-12-05 14:50:00+00:00,2.063,2.0681,2.059,2.0655,1869807.8
2025-12-05 14:55:00+00:00,2.0655,2.0678,2.0638,2.0646,1828278.3
2025-12-05 15:00:00+00:00,2.0645,2.0917,2.0644,2.0911,11941080.3
2025-12-05 15:05:00+00:00,2.0911,2.0988,2.0871,2.0873,11282059.9
2025-12-05 15:10:00+00:00,2.0873,2.0911,2.0828,2.0852,4837801.2
2025-12-05 15:15:00+00:00,2.0853,2.0896,2.0798,2.0825,3276447.3
2025-12-05 15:20:00+00:00,2.0825,2.0871,2.0807,2.0862,1851334.5
2025-12-05 15:25:00+00:00,2.0861,2.087,2.0814,2.087,1280319.6
2025-12-05 15:30:00+00:00,2.087,2.0945,2.0859,2.0919,2979601.7
2025-12-05 15:35:00+00:00,2.0919,2.0936,2.0855,2.0883,2312812.9
2025-12-05 15:40:00+00:00,2.0883,2.0889,2.0817,2.0847,1996046.5
2025-12-05 15:45:00+00:00,2.0846,2.0846,2.0781,2.0816,2354069.9
2025-12-05 15:50:00+00:00,2.0815,2.0817,2.0721,2.0771,3827780.0
2025-12-05 15:55:00+00:00,2.077,2.0773,2.0711,2.0748,3711357.7
2025-12-05 16:00:00+00:00,2.0748,2.0767,2.072,2.0731,2777597.2
2025-12-05 16:05:00+00:00,2.0732,2.0734,2.0489,2.0529,11376025.7
2025-12-05 16:10:00+00:00,2.053,2.0605,2.051,2.0578,5143852.2
2025-12-05 16:15:00+00:00,2.0579,2.0623,2.048,2.0589,5922865.4
2025-12-05 16:20:00+00:00,2.059,2.0597,2.0494,2.0506,4209434.1
2025-12-05 16:25:00+00:00,2.0506,2.0561,2.049,2.0499,2476620.4
2025-12-05 16:30:00+00:00,2.0499,2.0527,2.0415,2.0438,6784874.8
2025-12-05 16:35:00+00:00,2.0438,2.0466,2.0337,2.036,7114324.9
2025-12-05 16:40:00+00:00,2.0359,2.036,2.0174,2.0253,13822036.3
2025-12-05 16:45:00+00:00,2.0253,2.0304,2.0214,2.0251,5009263.1
2025-12-05 16:50:00+00:00,2.0252,2.0326,2.0247,2.031,5220653.7
2025-12-05 16:55:00+00:00,2.031,2.0401,2.0271,2.0327,5100869.8
2025-12-05 17:00:00+00:00,2.0327,2.0432,2.0307,2.0399,2858750.7
2025-12-05 17:05:00+00:00,2.0398,2.044,2.032,2.0356,5941411.2
2025-12-05 17:10:00+00:00,2.0356,2.0359,2.0277,2.0281,2871033.7
2025-12-05 17:15:00+00:00,2.0281,2.0357,2.0275,2.0318,2220764.0
2025-12-05 17:20:00+00:00,2.0318,2.0384,2.025,2.0305,2384749.2
2025-12-05 17:25:00+00:00,2.0305,2.0308,2.0222,2.0237,1615495.8
2025-12-05 17:30:00+00:00,2.0237,2.0316,2.0232,2.0274,2136818.9
2025-12-05 17:35:00+00:00,2.0275,2.028,2.0152,2.0252,5309516.8
2025-12-05 17:40:00+00:00,2.0252,2.0347,2.0239,2.0326,3304145.7
2025-12-05 17:45:00+00:00,2.0327,2.0402,2.0306,2.0327,2774974.6
2025-12-05 17:50:00+00:00,2.0327,2.0424,2.0315,2.0373,2308127.4
2025-12-05 17:55:00+00:00,2.0372,2.0384,2.033,2.0343,1703645.0
2025-12-05 18:00:00+00:00,2.0343,2.0356,2.0292,2.0345,1923959.8
2025-12-05 18:05:00+00:00,2.0345,2.0446,2.0329,2.0425,3283531.7
2025-12-05 18:10:00+00:00,2.0425,2.0467,2.0379,2.0396,2112539.4
2025-12-05 18:15:00+00:00,2.0396,2.0411,2.0349,2.0353,1832274.4
2025-12-05 18:20:00+00:00,2.0353,2.0354,2.0267,2.0297,3004815.0
2025-12-05 18:25:00+00:00,2.0298,2.0303,2.0248,2.0282,2136102.8
2025-12-05 18:30:00+00:00,2.0283,2.032,2.0245,2.0291,1460118.8
2025-12-05 18:35:00+00:00,2.0291,2.0291,2.0226,2.0242,1515776.2
2025-12-05 18:40:00+00:00,2.0242,2.0243,2.0157,2.0188,2673775.3
2025-12-05 18:45:00+00:00,2.0188,2.023,2.0175,2.023,1546793.7
2025-12-05 18:50:00+00:00,2.0229,2.0232,2.0142,2.0153,3184944.1
2025-12-05 18:55:00+00:00,2.0153,2.0178,2.0144,2.0177,1306067.1
2025-12-05 19:00:00+00:00,2.0177,2.0187,2.011,2.0135,4791423.9
2025-12-05 19:05:00+00:00,2.0135,2.0211,2.0134,2.019,1266442.4
2025-12-05 19:10:00+00:00,2.0191,2.0251,2.0188,2.0241,1859072.2
2025-12-05 19:15:00+00:00,2.0242,2.0304,2.0206,2.0284,2471639.3
2025-12-05 19:20:00+00:00,2.0283,2.0306,2.0256,2.0284,1428845.5
2025-12-05 19:25:00+00:00,2.0285,2.0333,2.0268,2.0302,1074754.2
2025-12-05 19:30:00+00:00,2.0301,2.0329,2.0291,2.0318,1008127.2
2025-12-05 19:35:00+00:00,2.0318,2.0367,2.0311,2.0365,1198462.8
2025-12-05 19:40:00+00:00,2.0365,2.0394,2.0351,2.0364,1544408.8
2025-12-05 19:45:00+00:00,2.0364,2.0382,2.0338,2.0382,1013637.5
2025-12-05 19:50:00+00:00,2.0383,2.0395,2.0341,2.0365,795687.1
2025-12-05 19:55:00+00:00,2.0366,2.0414,2.036,2.0363,1732256.9
2025-12-05 20:00:00+00:00,2.0362,2.0363,2.0301,2.0318,4596241.2
2025-12-05 20:05:00+00:00,2.0318,2.0318,2.0257,2.0274,1625153.8
2025-12-05 20:10:00+00:00,2.0273,2.0312,2.0246,2.0305,1335181.5
2025-12-05 20:15:00+00:00,2.0305,2.032,2.0277,2.0298,930772.0
2025-12-05 20:20:00+00:00,2.0298,2.0358,2.0292,2.0357,1313041.9
2025-12-05 20:25:00+00:00,2.0357,2.0357,2.0303,2.031,1016342.0
2025-12-05 20:30:00+00:00,2.0309,2.0309,2.024,2.0271,1180457.0
2025-12-05 20:35:00+00:00,2.0271,2.0276,2.0235,2.0248,952923.4
2025-12-05 20:40:00+00:00,2.0248,2.0262,2.023,2.0237,1106668.4
2025-12-05 20:45:00+00:00,2.0238,2.0244,2.0212,2.0229,824876.9
2025-12-05 20:50:00+00:00,2.0229,2.0262,2.0215,2.0253,1077793.7
2025-12-05 20:55:00+00:00,2.0253,2.0274,2.0217,2.0222,2061712.0
2025-12-05 21:00:00+00:00,2.0222,2.0305,2.0213,2.0285,2401436.3
2025-12-05 21:05:00+00:00,2.0286,2.0291,2.0245,2.0264,1664732.6
2025-12-05 21:10:00+00:00,2.0264,2.0316,2.026,2.0302,899451.3
2025-12-05 21:15:00+00:00,2.0302,2.0314,2.0285,2.03,646581.7
2025-12-05 21:20:00+00:00,2.0301,2.0316,2.0289,2.0291,976516.5
2025-12-05 21:25:00+00:00,2.0291,2.0301,2.0253,2.0261,676633.3
2025-12-05 21:30:00+00:00,2.0261,2.0282,2.0235,2.0266,872778.3
2025-12-05 21:35:00+00:00,2.0266,2.0286,2.0224,2.0229,946797.3
2025-12-05 21:40:00+00:00,2.0228,2.0256,2.0223,2.0229,864904.4
2025-12-05 21:45:00+00:00,2.0228,2.0242,2.021,2.021,894313.0
2025-12-05 21:50:00+00:00,2.021,2.0243,2.0186,2.0241,1518698.4
2025-12-05 21:55:00+00:00,2.0241,2.0268,2.0237,2.0267,911664.2
2025-12-05 22:00:00+00:00,2.0268,2.027,2.0217,2.0233,1284656.7
2025-12-05 22:05:00+00:00,2.0233,2.0244,2.0206,2.0235,570335.6
2025-12-05 22:10:00+00:00,2.0236,2.0238,2.0184,2.0195,549642.6
2025-12-05 22:15:00+00:00,2.0196,2.0253,2.0196,2.0253,392131.9
2025-12-05 22:20:00+00:00,2.0252,2.0277,2.0251,2.0258,353897.1
2025-12-05 22:25:00+00:00,2.0258,2.0305,2.025,2.0302,514231.8
2025-12-05 22:30:00+00:00,2.0303,2.0331,2.0272,2.0292,995923.2
2025-12-05 22:35:00+00:00,2.0292,2.0337,2.0291,2.0333,371794.4
2025-12-05 22:40:00+00:00,2.0333,2.0355,2.0329,2.0344,742467.6
2025-12-05 22:45:00+00:00,2.0344,2.035,2.034,2.035,299838.5
2025-12-05 22:50:00+00:00,2.035,2.0354,2.0313,2.0324,824891.9
2025-12-05 22:55:00+00:00,2.0323,2.0333,2.0301,2.031,849569.9
2025-12-05 23:00:00+00:00,2.031,2.0317,2.0238,2.0238,1020018.2
2025-12-05 23:05:00+00:00,2.0238,2.0255,2.0217,2.0252,1286128.3
2025-12-05 23:10:00+00:00,2.0252,2.0288,2.0245,2.0285,544870.2
2025-12-05 23:15:00+00:00,2.0286,2.0306,2.0282,2.0297,465155.4
2025-12-05 23:20:00+00:00,2.0298,2.0301,2.0285,2.0286,265550.6
2025-12-05 23:25:00+00:00,2.0286,2.033,2.0286,2.0328,597403.9
2025-12-05 23:30:00+00:00,2.0328,2.0339,2.0314,2.0333,580376.2
2025-12-05 23:35:00+00:00,2.0333,2.0361,2.0332,2.0354,630971.4
2025-12-05 23:40:00+00:00,2.0354,2.0357,2.0334,2.0335,577856.8
2025-12-05 23:45:00+00:00,2.0334,2.0342,2.0319,2.0332,1143001.3
2025-12-05 23:50:00+00:00,2.0333,2.035,2.033,2.0342,373198.5
2025-12-05 23:55:00+00:00,2.0343,2.0368,2.0329,2.0333,686958.9
2025-12-06 00:00:00+00:00,2.0334,2.0334,2.0257,2.0258,2983728.1
2025-12-06 00:05:00+00:00,2.0258,2.0279,2.0225,2.0225,3550993.1
2025-12-06 00:10:00+00:00,2.0225,2.0232,2.0184,2.0214,3755940.9
2025-12-06 00:15:00+00:00,2.0214,2.022,2.0175,2.0187,2796887.7
2025-12-06 00:20:00+00:00,2.0187,2.0222,2.0162,2.0219,1902918.1
2025-12-06 00:25:00+00:00,2.0219,2.0259,2.0209,2.0257,883000.8
2025-12-06 00:30:00+00:00,2.0256,2.0306,2.0233,2.0306,872137.8
2025-12-06 00:35:00+00:00,2.0306,2.0323,2.0279,2.032,977425.4
2025-12-06 00:40:00+00:00,2.0319,2.032,2.0284,2.0317,545499.8
2025-12-06 00:45:00+00:00,2.0318,2.0318,2.0289,2.0292,442144.7
2025-12-06 00:50:00+00:00,2.0292,2.0315,2.0281,2.0304,566715.1
2025-12-06 00:55:00+00:00,2.0304,2.0335,2.0304,2.0322,523957.0
2025-12-06 01:00:00+00:00,2.0322,2.0332,2.0305,2.0318,556764.1
2025-12-06 01:05:00+00:00,2.0319,2.0338,2.0305,2.0338,247201.3
2025-12-06 01:10:00+00:00,2.0338,2.0351,2.0332,2.0351,496526.0
2025-12-06 01:15:00+00:00,2.0351,2.0381,2.034,2.0364,1264292.0
2025-12-06 01:20:00+00:00,2.0364,2.0376,2.035,2.0357,783485.1
2025-12-06 01:25:00+00:00,2.0358,2.0363,2.0314,2.0342,856203.5
2025-12-06 01:30:00+00:00,2.0343,2.0343,2.0287,2.0292,551446.1
2025-12-06 01:35:00+00:00,2.0292,2.0298,2.0268,2.0296,737810.5
2025-12-06 01:40:00+00:00,2.0296,2.0296,2.026,2.0267,574727.3
2025-12-06 01:45:00+00:00,2.0267,2.0303,2.0255,2.0302,612514.2
2025-12-06 01:50:00+00:00,2.0302,2.0315,2.0287,2.0292,365430.4
2025-12-06 01:55:00+00:00,2.0293,2.0307,2.0282,2.0294,345727.7
2025-12-06 02:00:00+00:00,2.0295,2.0296,2.027,2.027,402640.5
2025-12-06 02:05:00+00:00,2.027,2.0281,2.0241,2.0274,776510.5
2025-12-06 02:10:00+00:00,2.0275,2.028,2.0262,2.0268,515284.7
2025-12-06 02:15:00+00:00,2.0268,2.0279,2.0253,2.0257,226396.9
2025-12-06 02:20:00+00:00,2.0258,2.0287,2.0257,2.0286,287060.1
2025-12-06 02:25:00+00:00,2.0286,2.0287,2.0262,2.0275,240414.0
2025-12-06 02:30:00+00:00,2.0275,2.0302,2.0265,2.0298,546569.0
2025-12-06 02:35:00+00:00,2.0298,2.0319,2.0273,2.0275,405259.3
2025-12-06 02:40:00+00:00,2.0275,2.0308,2.0274,2.0293,264795.6
2025-12-06 02:45:00+00:00,2.0294,2.031,2.0288,2.0307,243773.0
2025-12-06 02:50:00+00:00,2.0306,2.0319,2.0288,2.0319,420642.8
2025-12-06 02:55:00+00:00,2.032,2.0321,2.0303,2.0316,309822.4
2025-12-06 03:00:00+00:00,2.0316,2.0371,2.0312,2.0364,862667.7
2025-12-06 03:05:00+00:00,2.0365,2.0411,2.0363,2.0396,1717227.0
2025-12-06 03:10:00+00:00,2.0396,2.0407,2.0387,2.039,882120.0
2025-12-06 03:15:00+00:00,2.0389,2.0405,2.0361,2.0369,809382.1
2025-12-06 03:20:00+00:00,2.0369,2.0372,2.0358,2.0372,761919.8
2025-12-06 03:25:00+00:00,2.0372,2.0376,2.0339,2.0346,782022.8
2025-12-06 03:30:00+00:00,2.0346,2.0392,2.0341,2.0392,442533.8
2025-12-06 03:35:00+00:00,2.0392,2.0394,2.0374,2.0388,525280.5
2025-12-06 03:40:00+00:00,2.0389,2.0389,2.0364,2.0364,389724.9
2025-12-06 03:45:00+00:00,2.0364,2.0385,2.036,2.0374,377160.2
2025-12-06 03:50:00+00:00,2.0373,2.0385,2.0367,2.0372,406469.3
2025-12-06 03:55:00+00:00,2.0372,2.0384,2.0369,2.0375,513337.7
2025-12-06 04:00:00+00:00,2.0375,2.0387,2.035,2.038,537910.5
2025-12-06 04:05:00+00:00,2.038,2.0401,2.0372,2.0398,487655.5
2025-12-06 04:10:00+00:00,2.0399,2.0399,2.0344,2.0349,650683.4
2025-12-06 04:15:00+00:00,2.035,2.0365,2.0343,2.0348,564604.1
2025-12-06 04:20:00+00:00,2.0348,2.0362,2.0345,2.0352,293703.4
2025-12-06 04:25:00+00:00,2.0351,2.0359,2.0333,2.0358,507881.7
2025-12-06 04:30:00+00:00,2.0359,2.0384,2.035,2.0382,281164.4
2025-12-06 04:35:00+00:00,2.0381,2.0392,2.0369,2.0374,301512.1
2025-12-06 04:40:00+00:00,2.0373,2.0384,2.0353,2.0369,511561.6
2025-12-06 04:45:00+00:00,2.0369,2.0373,2.0353,2.037,315732.6
2025-12-06 04:50:00+00:00,2.0371,2.0395,2.037,2.0392,312448.8
2025-12-06 04:55:00+00:00,2.0393,2.04,2.039,2.0399,442950.9
2025-12-06 05:00:00+00:00,2.04,2.0422,2.0386,2.0391,1735373.2
2025-12-06 05:05:00+00:00,2.0391,2.0404,2.0388,2.04,370661.9
2025-12-06 05:10:00+00:00,2.04,2.04,2.0387,2.0399,252992.5
2025-12-06 05:15:00+00:00,2.04,2.04,2.035,2.0372,560458.8
2025-12-06 05:20:00+00:00,2.0372,2.0389,2.0372,2.0389,314112.3
2025-12-06 05:25:00+00:00,2.0388,2.039,2.0368,2.0385,338114.7
2025-12-06 05:30:00+00:00,2.0384,2.0385,2.0356,2.0365,316454.4
2025-12-06 05:35:00+00:00,2.0365,2.0393,2.0364,2.0393,249045.2
2025-12-06 05:40:00+00:00,2.0393,2.0406,2.0389,2.0396,678829.6
2025-12-06 05:45:00+00:00,2.0396,2.041,2.0392,2.041,301233.4
2025-12-06 05:50:00+00:00,2.041,2.0436,2.0408,2.0428,745916.4
2025-12-06 05:55:00+00:00,2.0428,2.043,2.0416,2.0425,867457.1
2025-12-06 06:00:00+00:00,2.0426,2.0426,2.0402,2.0422,825800.6
2025-12-06 06:05:00+00:00,2.0422,2.044,2.0419,2.0425,576320.6
2025-12-06 06:10:00+00:00,2.0424,2.0429,2.0409,2.0427,430376.5
2025-12-06 06:15:00+00:00,2.0426,2.0444,2.0424,2.0435,518362.6
2025-12-06 06:20:00+00:00,2.0435,2.0457,2.0429,2.0448,693604.1
2025-12-06 06:25:00+00:00,2.0448,2.0491,2.0444,2.049,1451939.6
2025-12-06 06:30:00+00:00,2.049,2.0491,2.043,2.0436,1138497.3
2025-12-06 06:35:00+00:00,2.0436,2.0438,2.039,2.0393,827846.4
2025-12-06 06:40:00+00:00,2.0393,2.0394,2.0357,2.0363,1543393.9
2025-12-06 06:45:00+00:00,2.0363,2.0378,2.0358,2.0366,964490.8
2025-12-06 06:50:00+00:00,2.0367,2.0376,2.0354,2.0354,535656.9
2025-12-06 06:55:00+00:00,2.0354,2.0365,2.0337,2.0345,763331.8
2025-12-06 07:00:00+00:00,2.0345,2.0359,2.0336,2.0345,582573.0
2025-12-06 07:05:00+00:00,2.0345,2.0382,2.0342,2.0375,404094.6
2025-12-06 07:10:00+00:00,2.0375,2.0375,2.0355,2.0355,481805.3
2025-12-06 07:15:00+00:00,2.0355,2.0363,2.033,2.0347,677963.6
2025-12-06 07:20:00+00:00,2.0347,2.0354,2.033,2.0349,639321.7
2025-12-06 07:25:00+00:00,2.0349,2.0351,2.0288,2.0294,1947504.4
2025-12-06 07:30:00+00:00,2.0294,2.0296,2.0268,2.0295,1802310.4
2025-12-06 07:35:00+00:00,2.0296,2.0302,2.0275,2.0289,575896.5
2025-12-06 07:40:00+00:00,2.029,2.0324,2.0284,2.0308,584364.4
2025-12-06 07:45:00+00:00,2.0309,2.0333,2.0301,2.0314,636994.1
2025-12-06 07:50:00+00:00,2.0315,2.0315,2.0287,2.0288,401790.4
2025-12-06 07:55:00+00:00,2.0289,2.0298,2.0282,2.0292,324382.1
2025-12-06 08:00:00+00:00,2.0293,2.0295,2.0252,2.0263,689190.1
2025-12-06 08:05:00+00:00,2.0264,2.0286,2.0263,2.0281,529520.6
2025-12-06 08:10:00+00:00,2.028,2.0283,2.0256,2.0268,368251.3
2025-12-06 08:15:00+00:00,2.0267,2.0299,2.0263,2.0267,597004.5
2025-12-06 08:20:00+00:00,2.0267,2.0267,2.0193,2.0216,2205311.3
2025-12-06 08:25:00+00:00,2.0217,2.0223,2.0185,2.0205,1442832.4
2025-12-06 08:30:00+00:00,2.0204,2.0211,2.0158,2.0187,2682498.7
2025-12-06 08:35:00+00:00,2.0187,2.0215,2.018,2.0181,1596883.9
2025-12-06 08:40:00+00:00,2.0181,2.0209,2.0176,2.0201,733089.4
2025-12-06 08:45:00+00:00,2.0201,2.0212,2.0181,2.0191,764754.6
2025-12-06 08:50:00+00:00,2.019,2.0215,2.0168,2.0175,719928.2
2025-12-06 08:55:00+00:00,2.0176,2.0183,2.0138,2.0164,1198630.5
2025-12-06 09:00:00+00:00,2.0163,2.0214,2.0162,2.0191,769117.1
2025-12-06 09:05:00+00:00,2.0191,2.0223,2.0188,2.0223,588248.4
2025-12-06 09:10:00+00:00,2.0223,2.026,2.0221,2.0233,1643817.9
2025-12-06 09:15:00+00:00,2.0234,2.0245,2.0226,2.0238,418958.7
2025-12-06 09:20:00+00:00,2.0239,2.0248,2.0225,2.0234,643301.3
2025-12-06 09:25:00+00:00,2.0234,2.0244,2.0221,2.0242,935176.5
2025-12-06 09:30:00+00:00,2.0243,2.0243,2.0208,2.0228,1184357.6
2025-12-06 09:35:00+00:00,2.0227,2.0261,2.0227,2.0261,465382.7
2025-12-06 09:40:00+00:00,2.0261,2.0275,2.0252,2.0258,453177.2
2025-12-06 09:45:00+00:00,2.0258,2.0269,2.0256,2.026,654865.3
2025-12-06 09:50:00+00:00,2.0259,2.0273,2.0249,2.025,379218.5
2025-12-06 09:55:00+00:00,2.025,2.0273,2.0245,2.0247,542157.0
2025-12-06 10:00:00+00:00,2.0246,2.0258,2.023,2.023,527936.7
2025-12-06 10:05:00+00:00,2.0231,2.0231,2.0208,2.0228,1104592.0
2025-12-06 10:10:00+00:00,2.0228,2.0233,2.0217,2.0229,378277.3
2025-12-06 10:15:00+00:00,2.023,2.0254,2.0229,2.0249,658939.7
2025-12-06 10:20:00+00:00,2.025,2.0287,2.0247,2.0254,633107.2
2025-12-06 10:25:00+00:00,2.0253,2.0253,2.0227,2.023,460725.9
2025-12-06 10:30:00+00:00,2.023,2.0239,2.0217,2.0226,346494.1
2025-12-06 10:35:00+00:00,2.0227,2.0239,2.0215,2.0238,269453.3
2025-12-06 10:40:00+00:00,2.0239,2.0256,2.0224,2.0246,360852.4
2025-12-06 10:45:00+00:00,2.0247,2.026,2.0223,2.0231,417960.4
2025-12-06 10:50:00+00:00,2.0231,2.0248,2.023,2.0235,456401.9
2025-12-06 10:55:00+00:00,2.0234,2.0251,2.023,2.0232,280506.2
2025-12-06 11:00:00+00:00,2.0232,2.0238,2.0219,2.0229,645731.7
2025-12-06 11:05:00+00:00,2.0229,2.028,2.0228,2.0269,605406.2
2025-12-06 11:10:00+00:00,2.0269,2.0282,2.0255,2.0264,550990.2
2025-12-06 11:15:00+00:00,2.0264,2.0281,2.0263,2.0268,474039.0
2025-12-06 11:20:00+00:00,2.0268,2.028,2.0259,2.0267,498596.6
2025-12-06 11:25:00+00:00,2.0268,2.0282,2.0261,2.0264,450870.0
2025-12-06 11:30:00+00:00,2.0264,2.0284,2.0252,2.0278,615175.6
2025-12-06 11:35:00+00:00,2.0279,2.0294,2.0271,2.029,660679.9
2025-12-06 11:40:00+00:00,2.029,2.032,2.0277,2.0305,1111733.6
2025-12-06 11:45:00+00:00,2.0306,2.0321,2.0304,2.0315,1086648.0
2025-12-06 11:50:00+00:00,2.0314,2.0315,2.0298,2.0301,421120.3
2025-12-06 11:55:00+00:00,2.0301,2.031,2.0296,2.031,663690.3
2025-12-06 12:00:00+00:00,2.031,2.0317,2.0296,2.0317,840358.6
2025-12-06 12:05:00+00:00,2.0317,2.0331,2.0283,2.0284,856681.6
2025-12-06 12:10:00+00:00,2.0284,2.0288,2.0252,2.0265,969930.2
2025-12-06 12:15:00+00:00,2.0265,2.03,2.0263,2.0293,466861.5
2025-12-06 12:20:00+00:00,2.0292,2.0305,2.028,2.0289,265314.4
2025-12-06 12:25:00+00:00,2.0289,2.029,2.027,2.0286,284947.4
2025-12-06 12:30:00+00:00,2.0287,2.031,2.0286,2.0293,428131.0
2025-12-06 12:35:00+00:00,2.0293,2.0306,2.0289,2.0306,304425.4
2025-12-06 12:40:00+00:00,2.0306,2.0306,2.0287,2.0302,286933.6
2025-12-06 12:45:00+00:00,2.0302,2.032,2.029,2.0305,618519.1
2025-12-06 12:50:00+00:00,2.0304,2.0306,2.0285,2.0285,336934.7
2025-12-06 12:55:00+00:00,2.0286,2.0297,2.0284,2.0293,149892.5
2025-12-06 13:00:00+00:00,2.0293,2.0322,2.0287,2.0322,641746.2
2025-12-06 13:05:00+00:00,2.0322,2.0338,2.0309,2.031,919716.3
2025-12-06 13:10:00+00:00,2.0309,2.0331,2.0309,2.0326,327962.1
2025-12-06 13:15:00+00:00,2.0325,2.0346,2.032,2.0341,1031413.3
2025-12-06 13:20:00+00:00,2.0341,2.0351,2.0315,2.0329,1064473.9
2025-12-06 13:25:00+00:00,2.0329,2.0349,2.0328,2.034,651761.7
2025-12-06 13:30:00+00:00,2.034,2.0361,2.0328,2.0359,1203954.7
2025-12-06 13:35:00+00:00,2.0359,2.0382,2.033,2.0333,2178504.1
2025-12-06 13:40:00+00:00,2.0333,2.0351,2.0329,2.0343,444548.7
2025-12-06 13:45:00+00:00,2.0343,2.0345,2.0322,2.0327,496610.1
2025-12-06 13:50:00+00:00,2.0327,2.0341,2.0321,2.0322,628909.5
2025-12-06 13:55:00+00:00,2.0321,2.0321,2.0297,2.0297,722906.1
2025-12-06 14:00:00+00:00,2.0298,2.0313,2.0282,2.0312,976853.2
2025-12-06 14:05:00+00:00,2.0313,2.0335,2.0306,2.0311,454723.9
2025-12-06 14:10:00+00:00,2.031,2.0319,2.0299,2.0311,306715.0
2025-12-06 14:15:00+00:00,2.031,2.0467,2.031,2.0429,6484812.4
2025-12-06 14:20:00+00:00,2.0429,2.0431,2.0361,2.0385,3064565.1
2025-12-06 14:25:00+00:00,2.0385,2.0395,2.0373,2.0391,880988.9
2025-12-06 14:30:00+00:00,2.039,2.0425,2.0379,2.042,1053989.3
2025-12-06 14:35:00+00:00,2.0421,2.0434,2.0391,2.0433,1552303.0
2025-12-06 14:40:00+00:00,2.0433,2.0434,2.0384,2.041,975325.8
2025-12-06 14:45:00+00:00,2.041,2.044,2.0391,2.0395,1121604.5
2025-12-06 14:50:00+00:00,2.0395,2.0402,2.0371,2.0386,1268005.4
2025-12-06 14:55:00+00:00,2.0385,2.0392,2.0376,2.0384,618607.3
2025-12-06 15:00:00+00:00,2.0384,2.0395,2.0336,2.0361,1619116.2
2025-12-06 15:05:00+00:00,2.0361,2.0361,2.0316,2.034,1423803.1
2025-12-06 15:10:00+00:00,2.034,2.035,2.0334,2.0337,533497.2
2025-12-06 15:15:00+00:00,2.0336,2.0336,2.0237,2.0249,2972343.1
2025-12-06 15:20:00+00:00,2.025,2.0271,2.0213,2.023,2511780.2
2025-12-06 15:25:00+00:00,2.0229,2.0243,2.0219,2.024,903177.1
2025-12-06 15:30:00+00:00,2.0239,2.026,2.0209,2.0217,1192326.1
2025-12-06 15:35:00+00:00,2.0217,2.0239,2.0206,2.0239,628294.2
2025-12-06 15:40:00+00:00,2.0239,2.0293,2.0238,2.0288,2014803.8
2025-12-06 15:45:00+00:00,2.0287,2.0319,2.0278,2.0317,1178694.2
2025-12-06 15:50:00+00:00,2.0316,2.0316,2.0296,2.0304,517734.4
2025-12-06 15:55:00+00:00,2.0305,2.0315,2.028,2.0287,723690.4
2025-12-06 16:00:00+00:00,2.0286,2.0338,2.0262,2.0322,2195629.8
2025-12-06 16:05:00+00:00,2.0322,2.0331,2.0308,2.033,757968.2
2025-12-06 16:10:00+00:00,2.033,2.0348,2.0328,2.0339,547585.2
2025-12-06 16:15:00+00:00,2.0339,2.0349,2.0327,2.0342,544303.5
2025-12-06 16:20:00+00:00,2.0342,2.0344,2.0322,2.0322,683381.6
2025-12-06 16:25:00+00:00,2.0322,2.0323,2.0295,2.0309,811074.2
2025-12-06 16:30:00+00:00,2.0309,2.0313,2.028,2.03,805063.7
2025-12-06 16:35:00+00:00,2.03,2.0373,2.0288,2.036,1164448.0
2025-12-06 16:40:00+00:00,2.036,2.0374,2.0343,2.0362,907440.6
2025-12-06 16:45:00+00:00,2.0363,2.038,2.0349,2.035,555409.2
2025-12-06 16:50:00+00:00,2.0351,2.0353,2.0338,2.0349,423716.2
2025-12-06 16:55:00+00:00,2.0348,2.0352,2.0337,2.0341,496316.7
2025-12-06 17:00:00+00:00,2.0341,2.0357,2.0329,2.0356,716658.0
2025-12-06 17:05:00+00:00,2.0356,2.0364,2.0339,2.0363,479221.8
2025-12-06 17:10:00+00:00,2.0363,2.0364,2.0328,2.0342,514053.5
2025-12-06 17:15:00+00:00,2.0341,2.0344,2.0328,2.0336,323540.6
2025-12-06 17:20:00+00:00,2.0336,2.0346,2.0303,2.0325,2764832.5
2025-12-06 17:25:00+00:00,2.0326,2.0344,2.0324,2.0344,499785.4
2025-12-06 17:30:00+00:00,2.0343,2.0344,2.0306,2.0308,607747.7
2025-12-06 17:35:00+00:00,2.0308,2.0314,2.0275,2.0286,865819.2
2025-12-06 17:40:00+00:00,2.0285,2.0292,2.0278,2.028,308766.2
2025-12-06 17:45:00+00:00,2.028,2.0307,2.0269,2.0293,507174.7
2025-12-06 17:50:00+00:00,2.0293,2.0307,2.028,2.0307,374857.0
2025-12-06 17:55:00+00:00,2.0306,2.0321,2.03,2.0319,261595.4
2025-12-06 18:00:00+00:00,2.0319,2.0323,2.0292,2.0295,618486.7
2025-12-06 18:05:00+00:00,2.0295,2.0299,2.0282,2.0295,304170.3
2025-12-06 18:10:00+00:00,2.0296,2.0326,2.0292,2.0324,336698.6
2025-12-06 18:15:00+00:00,2.0323,2.0357,2.0318,2.0339,722459.5
2025-12-06 18:20:00+00:00,2.0338,2.0345,2.0327,2.034,317517.1
2025-12-06 18:25:00+00:00,2.0339,2.0347,2.0332,2.0344,383981.2
2025-12-06 18:30:00+00:00,2.0344,2.0367,2.0327,2.0357,428735.9
2025-12-06 18:35:00+00:00,2.0357,2.0358,2.0319,2.032,281675.3
2025-12-06 18:40:00+00:00,2.0321,2.0333,2.0313,2.0317,369113.8
2025-12-06 18:45:00+00:00,2.0317,2.0329,2.031,2.0321,360559.9
2025-12-06 18:50:00+00:00,2.032,2.0323,2.0274,2.0288,1098739.6
2025-12-06 18:55:00+00:00,2.0288,2.0304,2.0281,2.0296,327830.1
2025-12-06 19:00:00+00:00,2.0295,2.0322,2.0286,2.0314,468770.7
2025-12-06 19:05:00+00:00,2.0314,2.0317,2.0203,2.0256,3176549.0
2025-12-06 19:10:00+00:00,2.0255,2.0272,2.0238,2.0266,688217.2
2025-12-06 19:15:00+00:00,2.0265,2.0277,2.0256,2.0273,445970.0
2025-12-06 19:20:00+00:00,2.0273,2.0273,2.0245,2.0262,449311.4
2025-12-06 19:25:00+00:00,2.0262,2.0283,2.0245,2.0283,626086.1
2025-12-06 19:30:00+00:00,2.0283,2.0285,2.0202,2.0224,1987221.7
2025-12-06 19:35:00+00:00,2.0225,2.023,2.0191,2.0205,1112227.2
2025-12-06 19:40:00+00:00,2.0206,2.0236,2.0205,2.0228,503857.3
2025-12-06 19:45:00+00:00,2.0227,2.0244,2.0221,2.0244,356302.2
2025-12-06 19:50:00+00:00,2.0244,2.0244,2.0225,2.023,289955.3
2025-12-06 19:55:00+00:00,2.023,2.0242,2.0221,2.0241,365169.3
2025-12-06 20:00:00+00:00,2.0241,2.0271,2.0241,2.0248,773489.2
2025-12-06 20:05:00+00:00,2.0247,2.0248,2.0214,2.0216,521309.9
2025-12-06 20:10:00+00:00,2.0217,2.0253,2.0217,2.0244,394638.6
2025-12-06 20:15:00+00:00,2.0245,2.0265,2.0235,2.0264,398680.0
2025-12-06 20:20:00+00:00,2.0265,2.027,2.0247,2.027,433455.6
2025-12-06 20:25:00+00:00,2.0269,2.0276,2.0261,2.0265,270272.5
2025-12-06 20:30:00+00:00,2.0266,2.0269,2.0249,2.0254,308233.7
2025-12-06 20:35:00+00:00,2.0254,2.028,2.0248,2.0266,287524.4
2025-12-06 20:40:00+00:00,2.0267,2.0305,2.0262,2.0305,462016.1
2025-12-06 20:45:00+00:00,2.0305,2.0308,2.0286,2.0294,377925.1
2025-12-06 20:50:00+00:00,2.0295,2.0297,2.0284,2.0292,198042.3
2025-12-06 20:55:00+00:00,2.0293,2.0301,2.0289,2.029,204612.4
2025-12-06 21:00:00+00:00,2.0289,2.0325,2.0276,2.0325,736169.3
2025-12-06 21:05:00+00:00,2.0325,2.0358,2.0289,2.03,2153355.9
2025-12-06 21:10:00+00:00,2.03,2.0312,2.0283,2.0289,845456.0
2025-12-06 21:15:00+00:00,2.0288,2.0328,2.0278,2.0317,400397.6
2025-12-06 21:20:00+00:00,2.0318,2.0329,2.0302,2.0304,277842.9
2025-12-06 21:25:00+00:00,2.0304,2.0315,2.0284,2.0307,309254.0
2025-12-06 21:30:00+00:00,2.0306,2.0324,2.0303,2.0314,406870.9
2025-12-06 21:35:00+00:00,2.0314,2.0323,2.0307,2.032,336065.7
2025-12-06 21:40:00+00:00,2.0319,2.0342,2.0317,2.0322,464626.7
2025-12-06 21:45:00+00:00,2.0322,2.0334,2.0308,2.031,271012.1
2025-12-06 21:50:00+00:00,2.0309,2.0335,2.0305,2.0312,280402.0
2025-12-06 21:55:00+00:00,2.0312,2.0329,2.0312,2.0323,139403.2
2025-12-06 22:00:00+00:00,2.0323,2.0333,2.0309,2.0313,393965.7
2025-12-06 22:05:00+00:00,2.0312,2.0321,2.03,2.03,412818.9
2025-12-06 22:10:00+00:00,2.03,2.0328,2.0265,2.0328,764566.7
2025-12-06 22:15:00+00:00,2.0328,2.0348,2.0307,2.0342,556119.5
2025-12-06 22:20:00+00:00,2.0343,2.0343,2.0313,2.0313,470561.8
2025-12-06 22:25:00+00:00,2.0313,2.0322,2.0292,2.0293,408952.0
2025-12-06 22:30:00+00:00,2.0292,2.0306,2.029,2.0297,257197.3
2025-12-06 22:35:00+00:00,2.0297,2.0302,2.0287,2.03,173377.3
2025-12-06 22:40:00+00:00,2.0299,2.0306,2.0292,2.0301,308111.0
2025-12-06 22:45:00+00:00,2.0301,2.0302,2.0287,2.0296,178715.2
2025-12-06 22:50:00+00:00,2.0296,2.0305,2.0263,2.0263,206823.5
2025-12-06 22:55:00+00:00,2.0263,2.0278,2.0261,2.027,347642.8
2025-12-06 23:00:00+00:00,2.0271,2.0283,2.0218,2.0244,1277027.8
2025-12-06 23:05:00+00:00,2.0244,2.0286,2.0243,2.0258,849701.8
2025-12-06 23:10:00+00:00,2.0257,2.0278,2.0249,2.0277,396201.4
2025-12-06 23:15:00+00:00,2.0278,2.0304,2.0269,2.0299,391628.9
2025-12-06 23:20:00+00:00,2.0299,2.0302,2.0248,2.0251,755262.0
2025-12-06 23:25:00+00:00,2.0252,2.026,2.0228,2.0252,853827.7
2025-12-06 23:30:00+00:00,2.0252,2.0253,2.0233,2.0237,340340.2
2025-12-06 23:35:00+00:00,2.0237,2.0278,2.0235,2.0274,416874.9
2025-12-06 23:40:00+00:00,2.0274,2.0285,2.026,2.0284,333503.2
2025-12-06 23:45:00+00:00,2.0283,2.0337,2.0274,2.0309,891474.0
2025-12-06 23:50:00+00:00,2.0309,2.0322,2.0307,2.0308,359347.5
2025-12-06 23:55:00+00:00,2.0308,2.0308,2.0294,2.0298,305992.2
2025-12-07 00:00:00+00:00,2.0298,2.0318,2.0284,2.0318,578581.9
2025-12-07 00:05:00+00:00,2.0318,2.0324,2.0295,2.0307,805800.5
2025-12-07 00:10:00+00:00,2.0307,2.0323,2.0281,2.0298,584691.8
2025-12-07 00:15:00+00:00,2.0298,2.0325,2.0292,2.0312,507592.5
2025-12-07 00:20:00+00:00,2.0311,2.0329,2.0305,2.0322,488036.0
2025-12-07 00:25:00+00:00,2.0322,2.0334,2.0321,2.0323,376396.2
2025-12-07 00:30:00+00:00,2.0323,2.0344,2.0322,2.0332,774989.3
2025-12-07 00:35:00+00:00,2.0332,2.0359,2.0332,2.0354,660427.9
2025-12-07 00:40:00+00:00,2.0354,2.0358,2.0338,2.034,526178.0
2025-12-07 00:45:00+00:00,2.0339,2.0366,2.0327,2.0335,939920.1
2025-12-07 00:50:00+00:00,2.0334,2.0359,2.0334,2.0354,438208.8
2025-12-07 00:55:00+00:00,2.0354,2.038,2.0354,2.0359,811729.2
2025-12-07 01:00:00+00:00,2.0359,2.0384,2.0357,2.0368,909150.4
2025-12-07 01:05:00+00:00,2.0367,2.0379,2.0341,2.0343,597460.1
2025-12-07 01:10:00+00:00,2.0343,2.0378,2.0343,2.0377,507288.1
2025-12-07 01:15:00+00:00,2.0377,2.0415,2.0376,2.0405,963816.4
2025-12-07 01:20:00+00:00,2.0405,2.0415,2.0388,2.0388,656149.4
2025-12-07 01:25:00+00:00,2.0388,2.0388,2.0366,2.0388,826395.4
2025-12-07 01:30:00+00:00,2.0388,2.0399,2.0376,2.0392,616381.0
2025-12-07 01:35:00+00:00,2.0393,2.0394,2.0373,2.0379,291447.8
2025-12-07 01:40:00+00:00,2.0378,2.04,2.0375,2.0387,412245.3
2025-12-07 01:45:00+00:00,2.0387,2.0394,2.0373,2.0393,426035.4
2025-12-07 01:50:00+00:00,2.0393,2.0398,2.0343,2.0349,889711.8
2025-12-07 01:55:00+00:00,2.0348,2.0357,2.0324,2.0325,436348.3
2025-12-07 02:00:00+00:00,2.0326,2.0363,2.0325,2.0347,583642.2
2025-12-07 02:05:00+00:00,2.0347,2.036,2.0342,2.035,231493.8
2025-12-07 02:10:00+00:00,2.035,2.0367,2.0348,2.0351,191970.0
2025-12-07 02:15:00+00:00,2.035,2.0384,2.035,2.0382,397256.1
2025-12-07 02:20:00+00:00,2.0383,2.0401,2.0374,2.0387,740010.7
2025-12-07 02:25:00+00:00,2.0387,2.041,2.0381,2.0406,598770.7
2025-12-07 02:30:00+00:00,2.0405,2.0428,2.0398,2.041,949626.1
2025-12-07 02:35:00+00:00,2.041,2.0421,2.0386,2.0395,646855.0
2025-12-07 02:40:00+00:00,2.0395,2.0446,2.0391,2.0446,634365.3
2025-12-07 02:45:00+00:00,2.0446,2.0448,2.0416,2.0428,1712545.2
2025-12-07 02:50:00+00:00,2.0427,2.0441,2.042,2.0432,595667.4
2025-12-07 02:55:00+00:00,2.0433,2.0481,2.0433,2.047,1281454.9
2025-12-07 03:00:00+00:00,2.047,2.0516,2.0467,2.0477,2401553.7
2025-12-07 03:05:00+00:00,2.0477,2.0513,2.0477,2.0506,1008359.1
2025-12-07 03:10:00+00:00,2.0506,2.0511,2.0485,2.0488,1115121.7
2025-12-07 03:15:00+00:00,2.0488,2.0507,2.0488,2.0501,460642.2
2025-12-07 03:20:00+00:00,2.0502,2.0523,2.0484,2.0523,641231.4
2025-12-07 03:25:00+00:00,2.0523,2.0582,2.0522,2.0532,3451922.2
2025-12-07 03:30:00+00:00,2.0531,2.0537,2.0496,2.0501,1230752.3
2025-12-07 03:35:00+00:00,2.0501,2.0556,2.05,2.0555,965752.3
2025-12-07 03:40:00+00:00,2.0555,2.0611,2.0539,2.0611,1462511.4
2025-12-07 03:45:00+00:00,2.0611,2.068,2.0585,2.0675,4031117.0
2025-12-07 03:50:00+00:00,2.0674,2.0707,2.0663,2.0678,3222277.1
2025-12-07 03:55:00+00:00,2.0677,2.0697,2.0666,2.067,1477893.0
2025-12-07 04:00:00+00:00,2.0671,2.0698,2.0658,2.069,1593087.1
2025-12-07 04:05:00+00:00,2.0689,2.0727,2.0669,2.0688,1901534.2
2025-12-07 04:10:00+00:00,2.0688,2.0707,2.0642,2.065,1370716.3
2025-12-07 04:15:00+00:00,2.0651,2.0651,2.062,2.0639,1499282.5
2025-12-07 04:20:00+00:00,2.0639,2.0641,2.0622,2.0633,702714.0
2025-12-07 04:25:00+00:00,2.0633,2.0633,2.0588,2.059,1576995.9
2025-12-07 04:30:00+00:00,2.0589,2.0595,2.0565,2.057,1163657.5
2025-12-07 04:35:00+00:00,2.057,2.0582,2.0513,2.0527,1786119.0
2025-12-07 04:40:00+00:00,2.0526,2.0536,2.0509,2.0529,852973.1
2025-12-07 04:45:00+00:00,2.0528,2.0534,2.051,2.0511,777639.3
2025-12-07 04:50:00+00:00,2.0512,2.0533,2.0507,2.0532,687049.9
2025-12-07 04:55:00+00:00,2.0533,2.0533,2.0509,2.0514,440924.7
2025-12-07 05:00:00+00:00,2.0515,2.0548,2.0491,2.05,2248463.5
2025-12-07 05:05:00+00:00,2.05,2.0509,2.047,2.0474,1325952.1
2025-12-07 05:10:00+00:00,2.0474,2.0488,2.0465,2.0487,991515.9
2025-12-07 05:15:00+00:00,2.0487,2.0507,2.0479,2.0482,618064.9
2025-12-07 05:20:00+00:00,2.0482,2.0487,2.0466,2.0476,558149.2
2025-12-07 05:25:00+00:00,2.0476,2.0489,2.0452,2.0458,566066.2
2025-12-07 05:30:00+00:00,2.0458,2.0485,2.044,2.0481,967941.8
2025-12-07 05:35:00+00:00,2.0481,2.0517,2.048,2.0514,851994.4
2025-12-07 05:40:00+00:00,2.0514,2.0515,2.0489,2.0494,1046975.6
2025-12-07 05:45:00+00:00,2.0494,2.0495,2.0462,2.0467,636082.7
2025-12-07 05:50:00+00:00,2.0466,2.0489,2.0454,2.046,781819.8
2025-12-07 05:55:00+00:00,2.046,2.0472,2.0455,2.0471,737278.8
2025-12-07 06:00:00+00:00,2.0471,2.0488,2.0469,2.0487,494896.5
2025-12-07 06:05:00+00:00,2.0487,2.0506,2.0482,2.0487,604619.3
2025-12-07 06:10:00+00:00,2.0486,2.0506,2.0485,2.0501,456247.6
2025-12-07 06:15:00+00:00,2.0501,2.0505,2.0483,2.0487,495975.1
2025-12-07 06:20:00+00:00,2.0487,2.0515,2.0479,2.0486,752011.5
2025-12-07 06:25:00+00:00,2.0487,2.0501,2.0475,2.0475,297592.1
2025-12-07 06:30:00+00:00,2.0476,2.0478,2.0444,2.0475,1318974.8
2025-12-07 06:35:00+00:00,2.0476,2.0478,2.0457,2.0463,429333.1
2025-12-07 06:40:00+00:00,2.0463,2.0471,2.0456,2.0458,400177.9
2025-12-07 06:45:00+00:00,2.0459,2.0464,2.0438,2.0438,493235.8
2025-12-07 06:50:00+00:00,2.0439,2.0453,2.0426,2.045,699382.2
2025-12-07 06:55:00+00:00,2.045,2.0457,2.0446,2.045,522053.5
2025-12-07 07:00:00+00:00,2.045,2.0474,2.0436,2.0438,731275.9
2025-12-07 07:05:00+00:00,2.0438,2.0446,2.0406,2.0406,1436712.2
2025-12-07 07:10:00+00:00,2.0407,2.0409,2.0355,2.0367,2383632.5
2025-12-07 07:15:00+00:00,2.0366,2.0372,2.0329,2.0349,1661420.1
2025-12-07 07:20:00+00:00,2.035,2.0366,2.0343,2.0353,719625.1
2025-12-07 07:25:00+00:00,2.0353,2.0358,2.033,2.0353,896950.7
2025-12-07 07:30:00+00:00,2.0352,2.0353,2.0303,2.033,1229064.6
2025-12-07 07:35:00+00:00,2.0329,2.0329,2.0263,2.0295,2797400.7
2025-12-07 07:40:00+00:00,2.0294,2.0297,2.0283,2.0284,1005969.8
2025-12-07 07:45:00+00:00,2.0284,2.0309,2.0274,2.0309,954391.4
2025-12-07 07:50:00+00:00,2.0309,2.0323,2.03,2.0308,736564.0
2025-12-07 07:55:00+00:00,2.0308,2.0308,2.0277,2.0297,1165434.5
2025-12-07 08:00:00+00:00,2.0297,2.03,2.0254,2.0255,927906.0
2025-12-07 08:05:00+00:00,2.0255,2.0284,2.0246,2.0277,1745308.5
2025-12-07 08:10:00+00:00,2.0277,2.0288,2.0243,2.0249,869135.2
2025-12-07 08:15:00+00:00,2.0248,2.0268,2.0236,2.0261,805455.5
2025-12-07 08:20:00+00:00,2.0261,2.0292,2.0261,2.0281,815308.7
2025-12-07 08:25:00+00:00,2.028,2.0296,2.0277,2.0282,952088.6
2025-12-07 08:30:00+00:00,2.0283,2.0299,2.0276,2.0277,949372.9
2025-12-07 08:35:00+00:00,2.0276,2.0345,2.0275,2.0335,1743232.2
2025-12-07 08:40:00+00:00,2.0335,2.0349,2.0329,2.0332,1082949.9
2025-12-07 08:45:00+00:00,2.0333,2.0343,2.0326,2.0341,690414.4
2025-12-07 08:50:00+00:00,2.0341,2.0345,2.0311,2.0315,638198.7
2025-12-07 08:55:00+00:00,2.0315,2.0318,2.0286,2.0291,699722.2
2025-12-07 09:00:00+00:00,2.0291,2.0328,2.0291,2.0311,684426.9
2025-12-07 09:05:00+00:00,2.031,2.0318,2.0291,2.0316,311552.7
2025-12-07 09:10:00+00:00,2.0316,2.033,2.0306,2.0327,357356.5
2025-12-07 09:15:00+00:00,2.0328,2.0348,2.0303,2.0305,539835.2
2025-12-07 09:20:00+00:00,2.0305,2.031,2.0236,2.0247,1951803.5
2025-12-07 09:25:00+00:00,2.0246,2.0273,2.0226,2.0268,1401991.2
2025-12-07 09:30:00+00:00,2.0269,2.0298,2.0264,2.0296,1271118.3
2025-12-07 09:35:00+00:00,2.0296,2.0299,2.0267,2.0287,565799.7
2025-12-07 09:40:00+00:00,2.0286,2.0287,2.0268,2.0282,471948.9
2025-12-07 09:45:00+00:00,2.0282,2.0284,2.0242,2.0254,892806.0
2025-12-07 09:50:00+00:00,2.0254,2.028,2.0254,2.0274,614741.4
2025-12-07 09:55:00+00:00,2.0274,2.0284,2.0269,2.0274,696796.7
2025-12-07 10:00:00+00:00,2.0274,2.0279,2.0254,2.0268,930885.7
2025-12-07 10:05:00+00:00,2.0268,2.0275,2.0252,2.0275,482655.0
2025-12-07 10:10:00+00:00,2.0276,2.0326,2.0275,2.0325,965624.7
2025-12-07 10:15:00+00:00,2.0325,2.0327,2.03,2.0326,839333.3
2025-12-07 10:20:00+00:00,2.0325,2.0332,2.0315,2.0317,557829.1
2025-12-07 10:25:00+00:00,2.0316,2.0316,2.0287,2.0301,394537.6
2025-12-07 10:30:00+00:00,2.0301,2.0313,2.0267,2.0267,1195227.2
2025-12-07 10:35:00+00:00,2.0266,2.0298,2.0266,2.0295,438851.4
2025-12-07 10:40:00+00:00,2.0295,2.0343,2.0295,2.0332,1158888.9
2025-12-07 10:45:00+00:00,2.0332,2.0344,2.0319,2.0333,560846.5
2025-12-07 10:50:00+00:00,2.0333,2.034,2.0307,2.0307,483060.2
2025-12-07 10:55:00+00:00,2.0306,2.0309,2.0289,2.0294,520942.5
2025-12-07 11:00:00+00:00,2.0294,2.0296,2.0272,2.0273,840062.6
2025-12-07 11:05:00+00:00,2.0272,2.0308,2.0272,2.0304,373081.0
2025-12-07 11:10:00+00:00,2.0304,2.0318,2.0298,2.0317,336696.3
2025-12-07 11:15:00+00:00,2.0318,2.0333,2.0305,2.0324,317229.6
2025-12-07 11:20:00+00:00,2.0323,2.0329,2.0295,2.0316,417371.9
2025-12-07 11:25:00+00:00,2.0316,2.0327,2.0307,2.0312,343105.8
2025-12-07 11:30:00+00:00,2.0312,2.0335,2.0312,2.0321,314417.6
2025-12-07 11:35:00+00:00,2.032,2.0327,2.0302,2.0315,205971.7
2025-12-07 11:40:00+00:00,2.0314,2.0325,2.0312,2.0324,352580.7
2025-12-07 11:45:00+00:00,2.0324,2.0324,2.0296,2.0306,584237.0
2025-12-07 11:50:00+00:00,2.0307,2.0328,2.0302,2.0319,240552.9
2025-12-07 11:55:00+00:00,2.0318,2.033,2.0315,2.0325,213560.7
2025-12-07 12:00:00+00:00,2.0326,2.0333,2.0308,2.0332,521476.0
2025-12-07 12:05:00+00:00,2.0332,2.04,2.0327,2.0388,1696121.6
2025-12-07 12:10:00+00:00,2.0387,2.0408,2.0387,2.0403,1240947.8
2025-12-07 12:15:00+00:00,2.0403,2.0444,2.0402,2.0423,1594807.1
2025-12-07 12:20:00+00:00,2.0422,2.0432,2.0409,2.0418,818894.6
2025-12-07 12:25:00+00:00,2.0417,2.0432,2.0397,2.043,621026.9
2025-12-07 12:30:00+00:00,2.043,2.0446,2.0409,2.0425,810726.7
2025-12-07 12:35:00+00:00,2.0424,2.0457,2.0424,2.0443,898735.8
2025-12-07 12:40:00+00:00,2.0444,2.0444,2.0408,2.0419,783864.8
2025-12-07 12:45:00+00:00,2.042,2.0493,2.0416,2.0485,1922351.4
2025-12-07 12:50:00+00:00,2.0485,2.0486,2.046,2.0478,1027521.1
2025-12-07 12:55:00+00:00,2.0479,2.0479,2.0448,2.0457,872458.7
2025-12-07 13:00:00+00:00,2.0458,2.0466,2.0424,2.0424,815744.6
2025-12-07 13:05:00+00:00,2.0425,2.0446,2.0425,2.0427,572000.0
2025-12-07 13:10:00+00:00,2.0427,2.0436,2.0373,2.0382,1780736.8
2025-12-07 13:15:00+00:00,2.0382,2.0392,2.0362,2.039,990266.7
2025-12-07 13:20:00+00:00,2.039,2.0398,2.0251,2.0301,5212841.5
2025-12-07 13:25:00+00:00,2.0301,2.0342,2.03,2.0315,1084745.0
2025-12-07 13:30:00+00:00,2.0315,2.0337,2.0297,2.0313,1171153.3
2025-12-07 13:35:00+00:00,2.0313,2.032,2.0267,2.0278,1069770.4
2025-12-07 13:40:00+00:00,2.0278,2.0307,2.0271,2.0291,738118.9
2025-12-07 13:45:00+00:00,2.0291,2.0322,2.0269,2.0302,1382533.3
2025-12-07 13:50:00+00:00,2.0303,2.0318,2.0293,2.0303,527647.8
2025-12-07 13:55:00+00:00,2.0303,2.0318,2.0294,2.03,450193.7
2025-12-07 14:00:00+00:00,2.0301,2.0311,2.0212,2.0221,1727102.5
2025-12-07 14:05:00+00:00,2.022,2.0281,2.0216,2.0245,1618474.1
2025-12-07 14:10:00+00:00,2.0245,2.0264,2.0226,2.0235,1202665.9
2025-12-07 14:15:00+00:00,2.0235,2.0249,2.0165,2.0204,4508600.0
2025-12-07 14:20:00+00:00,2.0204,2.0245,1.9911,2.0009,14836046.1
2025-12-07 14:25:00+00:00,2.001,2.0127,1.9877,2.0047,21889034.4
2025-12-07 14:30:00+00:00,2.0047,2.0075,1.9962,2.0044,7716189.5
2025-12-07 14:35:00+00:00,2.0045,2.013,2.0026,2.0081,5154597.6
2025-12-07 14:40:00+00:00,2.008,2.008,2.0006,2.0024,3141237.3
2025-12-07 14:45:00+00:00,2.0024,2.0066,1.9969,2.0041,3355624.4
2025-12-07 14:50:00+00:00,2.0042,2.0047,1.9975,1.9982,2241918.6
2025-12-07 14:55:00+00:00,1.9981,1.999,1.9947,1.9978,3430718.8
2025-12-07 15:00:00+00:00,1.9977,2.0014,1.997,1.9999,1875591.6
2025-12-07 15:05:00+00:00,1.9999,2.0228,1.9999,2.0194,6782497.2
2025-12-07 15:10:00+00:00,2.0194,2.0294,2.017,2.0217,5301676.6
2025-12-07 15:15:00+00:00,2.0217,2.0257,2.0141,2.0153,3122693.8
2025-12-07 15:20:00+00:00,2.0153,2.0206,2.0138,2.0175,1467884.2
2025-12-07 15:25:00+00:00,2.0176,2.0194,2.0152,2.0158,867136.0
2025-12-07 15:30:00+00:00,2.0158,2.0218,2.0153,2.0204,2028272.4
2025-12-07 15:35:00+00:00,2.0205,2.0239,2.0173,2.0178,2166363.9
2025-12-07 15:40:00+00:00,2.0178,2.0193,2.017,2.0176,816817.6
2025-12-07 15:45:00+00:00,2.0176,2.0212,2.0166,2.0205,716285.8
2025-12-07 15:50:00+00:00,2.0205,2.0346,2.0205,2.0324,2815837.5
2025-12-07 15:55:00+00:00,2.0325,2.0551,2.032,2.0515,13941580.6
2025-12-07 16:00:00+00:00,2.0516,2.0522,2.0443,2.0445,4750926.1
2025-12-07 16:05:00+00:00,2.0444,2.0457,2.0386,2.039,2436284.7
2025-12-07 16:10:00+00:00,2.039,2.0452,2.0382,2.0406,1892027.9
2025-12-07 16:15:00+00:00,2.0405,2.0471,2.0366,2.0431,2955523.6
2025-12-07 16:20:00+00:00,2.0431,2.0455,2.0418,2.0425,1414763.9
2025-12-07 16:25:00+00:00,2.0425,2.0456,2.041,2.0455,855588.5
2025-12-07 16:30:00+00:00,2.0456,2.0462,2.0372,2.0423,2451311.2
2025-12-07 16:35:00+00:00,2.0422,2.0484,2.0412,2.0462,1672114.5
2025-12-07 16:40:00+00:00,2.0461,2.0464,2.0426,2.0452,960871.7
2025-12-07 16:45:00+00:00,2.0453,2.047,2.0432,2.0436,866029.3
2025-12-07 16:50:00+00:00,2.0436,2.0467,2.0409,2.0423,785204.1
2025-12-07 16:55:00+00:00,2.0424,2.0583,2.0411,2.0571,3657593.7
2025-12-07 17:00:00+00:00,2.0572,2.0576,2.0512,2.056,3197396.2
2025-12-07 17:05:00+00:00,2.056,2.0571,2.0505,2.0515,1191807.9
2025-12-07 17:10:00+00:00,2.0514,2.0595,2.0514,2.0593,1608761.7
2025-12-07 17:15:00+00:00,2.0592,2.0743,2.059,2.0706,9475239.2
2025-12-07 17:20:00+00:00,2.0705,2.0778,2.0667,2.0749,6822772.1
2025-12-07 17:25:00+00:00,2.0749,2.0787,2.0735,2.0752,3202927.0
2025-12-07 17:30:00+00:00,2.0752,2.0899,2.0751,2.0891,6657905.6
2025-12-07 17:35:00+00:00,2.0891,2.0949,2.0814,2.0849,8271384.2
2025-12-07 17:40:00+00:00,2.085,2.0879,2.0781,2.0851,3665215.7
2025-12-07 17:45:00+00:00,2.0851,2.0923,2.0818,2.09,3776904.4
2025-12-07 17:50:00+00:00,2.09,2.0909,2.0857,2.0863,2019703.9
2025-12-07 17:55:00+00:00,2.0864,2.0887,2.0852,2.0863,1368162.9
2025-12-07 18:00:00+00:00,2.0862,2.0977,2.086,2.0962,4746942.1
2025-12-07 18:05:00+00:00,2.0963,2.0989,2.0919,2.0985,1952475.9
2025-12-07 18:10:00+00:00,2.0985,2.1017,2.095,2.1004,3734227.1
2025-12-07 18:15:00+00:00,2.1004,2.1098,2.0979,2.1068,4267314.4
2025-12-07 18:20:00+00:00,2.1068,2.1068,2.1009,2.1058,1563510.7
2025-12-07 18:25:00+00:00,2.1058,2.109,2.1017,2.1024,1724789.5
2025-12-07 18:30:00+00:00,2.1024,2.1063,2.1021,2.1034,1644611.3
2025-12-07 18:35:00+00:00,2.1034,2.1055,2.0967,2.0973,2150854.5
2025-12-07 18:40:00+00:00,2.0973,2.1003,2.0961,2.098,2789667.6
2025-12-07 18:45:00+00:00,2.0979,2.1039,2.0978,2.1025,1493989.0
2025-12-07 18:50:00+00:00,2.1025,2.1098,2.1003,2.1057,2609936.4
2025-12-07 18:55:00+00:00,2.1056,2.1062,2.102,2.1024,1647286.2
2025-12-07 19:00:00+00:00,2.1023,2.1058,2.0991,2.0991,1743420.3
2025-12-07 19:05:00+00:00,2.0991,2.1065,2.0962,2.1064,3085723.9
2025-12-07 19:10:00+00:00,2.1063,2.1065,2.1027,2.103,1077256.5
2025-12-07 19:15:00+00:00,2.1029,2.1035,2.0994,2.0994,705363.4
2025-12-07 19:20:00+00:00,2.0994,2.1004,2.0928,2.0933,4975026.5
2025-12-07 19:25:00+00:00,2.0933,2.0942,2.0887,2.0918,4262045.7
2025-12-07 19:30:00+00:00,2.0918,2.0939,2.0907,2.0907,1320826.8
2025-12-07 19:35:00+00:00,2.0908,2.0915,2.0867,2.0872,1877694.8
2025-12-07 19:40:00+00:00,2.0872,2.0927,2.0872,2.0921,1891865.4
2025-12-07 19:45:00+00:00,2.0921,2.0927,2.0885,2.0895,803933.9
2025-12-07 19:50:00+00:00,2.0895,2.09,2.0836,2.0842,2068592.2
2025-12-07 19:55:00+00:00,2.0841,2.0862,2.083,2.0862,1218576.3
2025-12-07 20:00:00+00:00,2.0862,2.0884,2.078,2.0786,2869002.8
2025-12-07 20:05:00+00:00,2.0786,2.0825,2.0785,2.0813,1587992.5
2025-12-07 20:10:00+00:00,2.0813,2.0832,2.0807,2.0813,774971.1
2025-12-07 20:15:00+00:00,2.0812,2.0843,2.0809,2.0829,887674.3
2025-12-07 20:20:00+00:00,2.0829,2.0887,2.0822,2.0878,1203568.5
2025-12-07 20:25:00+00:00,2.0878,2.0899,2.0877,2.0896,935681.9
2025-12-07 20:30:00+00:00,2.0897,2.09,2.0855,2.0884,1058802.1
2025-12-07 20:35:00+00:00,2.0884,2.0922,2.0876,2.0914,598487.0
2025-12-07 20:40:00+00:00,2.0914,2.0927,2.0894,2.0898,714557.1
2025-12-07 20:45:00+00:00,2.0897,2.0903,2.0863,2.0866,911958.6
2025-12-07 20:50:00+00:00,2.0867,2.0869,2.082,2.0821,1195250.4
2025-12-07 20:55:00+00:00,2.0821,2.0851,2.0819,2.0839,600894.4
2025-12-07 21:00:00+00:00,2.0839,2.0839,2.0748,2.0763,4051629.1
2025-12-07 21:05:00+00:00,2.0762,2.077,2.0744,2.0755,784483.7
2025-12-07 21:10:00+00:00,2.0755,2.0762,2.0709,2.0728,1815791.3
2025-12-07 21:15:00+00:00,2.0728,2.0728,2.0701,2.071,1485223.7
2025-12-07 21:20:00+00:00,2.0709,2.0727,2.0687,2.0699,1975218.4
2025-12-07 21:25:00+00:00,2.07,2.0703,2.0646,2.067,2608711.7
2025-12-07 21:30:00+00:00,2.0669,2.071,2.0654,2.0687,1928130.3
2025-12-07 21:35:00+00:00,2.0686,2.0688,2.0582,2.0588,3008226.3
2025-12-07 21:40:00+00:00,2.0588,2.0614,2.0562,2.0588,2627525.7
2025-12-07 21:45:00+00:00,2.0589,2.0599,2.048,2.0505,4641848.1
2025-12-07 21:50:00+00:00,2.0504,2.0515,2.0417,2.0423,3055625.4
2025-12-07 21:55:00+00:00,2.0423,2.0504,2.0345,2.048,5771635.1
2025-12-07 22:00:00+00:00,2.048,2.048,2.0345,2.0345,3287752.0
2025-12-07 22:05:00+00:00,2.0345,2.0349,2.0106,2.0233,12645335.9
2025-12-07 22:10:00+00:00,2.0233,2.0361,2.0224,2.0293,5284151.4
2025-12-07 22:15:00+00:00,2.0293,2.0328,2.0233,2.0251,3791010.8
2025-12-07 22:20:00+00:00,2.0252,2.0272,2.0182,2.0219,3416331.7
2025-12-07 22:25:00+00:00,2.0219,2.0352,2.0218,2.0336,2350991.7
2025-12-07 22:30:00+00:00,2.0336,2.0477,2.0307,2.0412,3662497.8
2025-12-07 22:35:00+00:00,2.0413,2.0455,2.0353,2.0429,2218417.2
2025-12-07 22:40:00+00:00,2.043,2.0436,2.0402,2.0428,1644087.2
2025-12-07 22:45:00+00:00,2.0427,2.0462,2.0362,2.0383,1225986.0
2025-12-07 22:50:00+00:00,2.0383,2.0399,2.0293,2.0321,1916067.1
2025-12-07 22:55:00+00:00,2.0322,2.0328,2.0215,2.0275,2328944.0
2025-12-07 23:00:00+00:00,2.0275,2.033,2.0264,2.0311,2223723.8
2025-12-07 23:05:00+00:00,2.0312,2.0312,2.0214,2.0269,1837715.2
2025-12-07 23:10:00+00:00,2.0268,2.0309,2.0262,2.0301,1228671.0
2025-12-07 23:15:00+00:00,2.03,2.0326,2.0287,2.0299,2144711.9
2025-12-07 23:20:00+00:00,2.03,2.0366,2.0297,2.0353,1428649.7
2025-12-07 23:25:00+00:00,2.0353,2.0365,2.0331,2.0349,1716503.1
2025-12-07 23:30:00+00:00,2.035,2.0367,2.0326,2.0358,814962.9
2025-12-07 23:35:00+00:00,2.0358,2.0377,2.0306,2.0337,865076.3
2025-12-07 23:40:00+00:00,2.0337,2.0346,2.0303,2.0341,661048.6
2025-12-07 23:45:00+00:00,2.0342,2.0382,2.0335,2.0378,531429.6
2025-12-07 23:50:00+00:00,2.0378,2.0402,2.0369,2.0394,992926.1
2025-12-07 23:55:00+00:00,2.0395,2.0438,2.0394,2.0426,1446051.4
2025-12-08 00:00:00+00:00,2.0427,2.0451,2.0366,2.0444,2048162.6
2025-12-08 00:05:00+00:00,2.0444,2.0449,2.0395,2.0414,1718017.7
2025-12-08 00:10:00+00:00,2.0415,2.0415,2.0367,2.0383,1017715.5
2025-12-08 00:15:00+00:00,2.0382,2.04,2.0309,2.0316,1569729.8
2025-12-08 00:20:00+00:00,2.0316,2.0411,2.0304,2.0386,1280297.3
2025-12-08 00:25:00+00:00,2.0386,2.0406,2.0373,2.0388,694613.5
2025-12-08 00:30:00+00:00,2.0388,2.0435,2.0375,2.0429,817155.8
2025-12-08 00:35:00+00:00,2.043,2.048,2.0427,2.0458,1890443.6
2025-12-08 00:40:00+00:00,2.0458,2.0458,2.0423,2.0427,640115.0
2025-12-08 00:45:00+00:00,2.0428,2.045,2.0386,2.0448,718713.6
2025-12-08 00:50:00+00:00,2.0449,2.045,2.0416,2.0439,615316.7
2025-12-08 00:55:00+00:00,2.0439,2.0456,2.0425,2.0433,504680.5
2025-12-08 01:00:00+00:00,2.0433,2.0467,2.0427,2.0439,774386.7
2025-12-08 01:05:00+00:00,2.0439,2.0496,2.0431,2.0489,1335878.1
2025-12-08 01:10:00+00:00,2.049,2.0548,2.0484,2.0537,2147773.6
2025-12-08 01:15:00+00:00,2.0537,2.0555,2.0504,2.0546,1097680.1
2025-12-08 01:20:00+00:00,2.0547,2.0568,2.0519,2.0561,1521914.7
2025-12-08 01:25:00+00:00,2.0561,2.0697,2.056,2.0689,5003470.8
2025-12-08 01:30:00+00:00,2.0689,2.0838,2.0689,2.0757,8782510.7
2025-12-08 01:35:00+00:00,2.0757,2.09,2.075,2.0882,5519227.0
2025-12-08 01:40:00+00:00,2.0882,2.0897,2.0767,2.0774,2850697.5
2025-12-08 01:45:00+00:00,2.0775,2.0791,2.0719,2.0754,2901017.6
2025-12-08 01:50:00+00:00,2.0754,2.0764,2.0691,2.0715,1900262.3
2025-12-08 01:55:00+00:00,2.0716,2.0721,2.0657,2.067,2435566.0
2025-12-08 02:00:00+00:00,2.0671,2.0673,2.0635,2.0638,1924685.4
2025-12-08 02:05:00+00:00,2.0638,2.0661,2.0606,2.0614,1614552.1
2025-12-08 02:10:00+00:00,2.0614,2.0646,2.0604,2.0632,926264.1
2025-12-08 02:15:00+00:00,2.0633,2.0675,2.0626,2.0657,830883.4
2025-12-08 02:20:00+00:00,2.0657,2.0658,2.0628,2.0642,504790.4
2025-12-08 02:25:00+00:00,2.0643,2.065,2.0628,2.0631,480874.0
2025-12-08 02:30:00+00:00,2.0632,2.0648,2.0586,2.0594,1412936.3
2025-12-08 02:35:00+00:00,2.0594,2.0655,2.0573,2.064,1629484.7
2025-12-08 02:40:00+00:00,2.0641,2.0669,2.0626,2.0662,639982.6
2025-12-08 02:45:00+00:00,2.0663,2.0699,2.0663,2.069,1298783.2
2025-12-08 02:50:00+00:00,2.069,2.0733,2.069,2.0724,1165922.1
2025-12-08 02:55:00+00:00,2.0723,2.0773,2.0723,2.0729,1672893.7
2025-12-08 03:00:00+00:00,2.0729,2.0741,2.0679,2.0701,1025243.6
2025-12-08 03:05:00+00:00,2.07,2.0701,2.0654,2.0655,700865.9
2025-12-08 03:10:00+00:00,2.0656,2.0674,2.0637,2.065,646285.3
2025-12-08 03:15:00+00:00,2.065,2.0699,2.0633,2.0696,894965.5
2025-12-08 03:20:00+00:00,2.0695,2.073,2.0692,2.0718,873088.8
2025-12-08 03:25:00+00:00,2.0717,2.0765,2.0716,2.0738,1469154.8
2025-12-08 03:30:00+00:00,2.0739,2.0739,2.0701,2.073,844533.5
2025-12-08 03:35:00+00:00,2.0729,2.0746,2.0677,2.0681,1237819.1
2025-12-08 03:40:00+00:00,2.068,2.0693,2.0665,2.0687,1505313.9
2025-12-08 03:45:00+00:00,2.0687,2.072,2.0672,2.072,899521.2
2025-12-08 03:50:00+00:00,2.072,2.072,2.0692,2.0697,341965.4
2025-12-08 03:55:00+00:00,2.0697,2.0719,2.0693,2.071,449625.7
2025-12-08 04:00:00+00:00,2.071,2.0744,2.07,2.0708,590731.5
2025-12-08 04:05:00+00:00,2.0709,2.0767,2.0691,2.0766,858310.4
2025-12-08 04:10:00+00:00,2.0767,2.0796,2.075,2.0756,888951.0
2025-12-08 04:15:00+00:00,2.0756,2.0759,2.0734,2.0746,479893.6
2025-12-08 04:20:00+00:00,2.0746,2.0782,2.074,2.075,695738.7
2025-12-08 04:25:00+00:00,2.0751,2.0814,2.075,2.0774,1586442.3
2025-12-08 04:30:00+00:00,2.0774,2.0857,2.077,2.0817,1366063.8
2025-12-08 04:35:00+00:00,2.0818,2.083,2.0764,2.0765,738064.7
2025-12-08 04:40:00+00:00,2.0764,2.0782,2.0719,2.0761,1325373.8
2025-12-08 04:45:00+00:00,2.0762,2.0769,2.074,2.0744,476586.7
2025-12-08 04:50:00+00:00,2.0744,2.075,2.0701,2.0742,1199983.9
2025-12-08 04:55:00+00:00,2.0743,2.0755,2.0728,2.0733,375577.8
2025-12-08 05:00:00+00:00,2.0733,2.0744,2.0708,2.0724,810849.5
2025-12-08 05:05:00+00:00,2.0724,2.0724,2.07,2.0701,578654.1
2025-12-08 05:10:00+00:00,2.07,2.0725,2.0682,2.071,1433260.2
2025-12-08 05:15:00+00:00,2.071,2.0765,2.0703,2.0762,731279.6
2025-12-08 05:20:00+00:00,2.0763,2.0779,2.0742,2.0761,728740.6
2025-12-08 05:25:00+00:00,2.0761,2.0777,2.0754,2.0764,330785.7
2025-12-08 05:30:00+00:00,2.0765,2.0777,2.0755,2.0776,500716.2
2025-12-08 05:35:00+00:00,2.0775,2.0819,2.0769,2.0773,1685255.3
2025-12-08 05:40:00+00:00,2.0772,2.079,2.0761,2.0774,468964.3
2025-12-08 05:45:00+00:00,2.0774,2.0793,2.0761,2.0783,972139.4
2025-12-08 05:50:00+00:00,2.0783,2.0793,2.0764,2.0778,539625.8
2025-12-08 05:55:00+00:00,2.0779,2.078,2.0767,2.0775,289439.2
2025-12-08 06:00:00+00:00,2.0774,2.0788,2.0739,2.0751,762440.1
2025-12-08 06:05:00+00:00,2.0751,2.078,2.0734,2.074,654015.4
2025-12-08 06:10:00+00:00,2.074,2.0775,2.074,2.0753,602328.6
2025-12-08 06:15:00+00:00,2.0753,2.077,2.074,2.0757,770640.1
2025-12-08 06:20:00+00:00,2.0758,2.0764,2.0718,2.0723,1099591.9
2025-12-08 06:25:00+00:00,2.0723,2.0768,2.0715,2.0766,583000.8
2025-12-08 06:30:00+00:00,2.0766,2.08,2.0764,2.0792,1160852.3
2025-12-08 06:35:00+00:00,2.0792,2.0818,2.0774,2.0808,884528.6
2025-12-08 06:40:00+00:00,2.0808,2.0816,2.0794,2.0807,789256.8
2025-12-08 06:45:00+00:00,2.0808,2.0831,2.0796,2.0822,1407230.9
2025-12-08 06:50:00+00:00,2.0822,2.0835,2.081,2.0817,768021.2
2025-12-08 06:55:00+00:00,2.0817,2.0826,2.0787,2.0793,1143980.0
2025-12-08 07:00:00+00:00,2.0793,2.0819,2.0773,2.0819,1065161.9
2025-12-08 07:05:00+00:00,2.082,2.0832,2.0803,2.0817,931715.6
2025-12-08 07:10:00+00:00,2.0817,2.0829,2.0788,2.0812,1007157.6
2025-12-08 07:15:00+00:00,2.0812,2.0872,2.0802,2.0865,1136892.5
2025-12-08 07:20:00+00:00,2.0865,2.088,2.0853,2.0872,1123842.0
2025-12-08 07:25:00+00:00,2.0873,2.0891,2.0852,2.0891,1264951.5
2025-12-08 07:30:00+00:00,2.0891,2.0905,2.0877,2.0904,1335547.9
2025-12-08 07:35:00+00:00,2.0904,2.0936,2.0902,2.0919,2155627.8
2025-12-08 07:40:00+00:00,2.0919,2.0919,2.0872,2.0876,1300975.2
2025-12-08 07:45:00+00:00,2.0877,2.0877,2.0827,2.0848,1458466.1
2025-12-08 07:50:00+00:00,2.0849,2.0854,2.081,2.0834,2199248.9
2025-12-08 07:55:00+00:00,2.0834,2.0857,2.0822,2.0855,676791.0
2025-12-08 08:00:00+00:00,2.0855,2.0857,2.0822,2.083,914843.0
2025-12-08 08:05:00+00:00,2.0831,2.0831,2.0799,2.0814,814154.8
2025-12-08 08:10:00+00:00,2.0815,2.0851,2.0815,2.0846,953025.1
2025-12-08 08:15:00+00:00,2.0847,2.0899,2.0847,2.0885,1076043.7
2025-12-08 08:20:00+00:00,2.0886,2.0896,2.087,2.0883,470391.0
2025-12-08 08:25:00+00:00,2.0883,2.0888,2.086,2.088,431769.7
2025-12-08 08:30:00+00:00,2.0881,2.0882,2.0849,2.086,478696.9
2025-12-08 08:35:00+00:00,2.086,2.0883,2.0843,2.0877,564510.3
2025-12-08 08:40:00+00:00,2.0876,2.0923,2.087,2.0923,771250.3
2025-12-08 08:45:00+00:00,2.0922,2.0936,2.0883,2.0891,780153.1
2025-12-08 08:50:00+00:00,2.0891,2.0918,2.088,2.0918,1333320.2
2025-12-08 08:55:00+00:00,2.0918,2.0943,2.0899,2.0903,829415.6
2025-12-08 09:00:00+00:00,2.0903,2.1,2.0894,2.0973,3318931.1
2025-12-08 09:05:00+00:00,2.0974,2.1233,2.0974,2.1118,18634244.1
2025-12-08 09:10:00+00:00,2.1117,2.1128,2.1086,2.1097,2864599.0
2025-12-08 09:15:00+00:00,2.1097,2.1097,2.1052,2.1083,3683404.3
2025-12-08 09:20:00+00:00,2.1082,2.1129,2.1066,2.1087,1671979.2
2025-12-08 09:25:00+00:00,2.1088,2.1088,2.1047,2.1062,1351751.0
2025-12-08 09:30:00+00:00,2.1062,2.1068,2.1026,2.1054,1825641.1
2025-12-08 09:35:00+00:00,2.1054,2.1065,2.1027,2.1043,1535140.8
2025-12-08 09:40:00+00:00,2.1043,2.1048,2.1024,2.1028,870587.7
2025-12-08 09:45:00+00:00,2.1028,2.1029,2.0978,2.1001,2735817.7
2025-12-08 09:50:00+00:00,2.1002,2.1017,2.098,2.0989,1015998.2
2025-12-08 09:55:00+00:00,2.0989,2.1003,2.0984,2.1003,654543.9
2025-12-08 10:00:00+00:00,2.1003,2.1016,2.0991,2.1001,1027471.2
2025-12-08 10:05:00+00:00,2.1001,2.1034,2.0989,2.103,1446598.3
2025-12-08 10:10:00+00:00,2.1031,2.1053,2.1001,2.1019,1560606.0
2025-12-08 10:15:00+00:00,2.102,2.102,2.0972,2.1005,1655516.6
2025-12-08 10:20:00+00:00,2.1005,2.1006,2.0974,2.0987,975126.4
2025-12-08 10:25:00+00:00,2.0987,2.0992,2.0959,2.0971,1223228.0
2025-12-08 10:30:00+00:00,2.0971,2.0999,2.0951,2.0998,1663684.3
2025-12-08 10:35:00+00:00,2.0997,2.1003,2.0969,2.0991,1242848.6
2025-12-08 10:40:00+00:00,2.0992,2.1005,2.0983,2.0999,741891.1
2025-12-08 10:45:00+00:00,2.0998,2.1016,2.0991,2.0995,1135820.0
2025-12-08 10:50:00+00:00,2.0994,2.1003,2.0987,2.099,515759.3
2025-12-08 10:55:00+00:00,2.099,2.0994,2.0969,2.0975,1073674.7
2025-12-08 11:00:00+00:00,2.0976,2.0986,2.0909,2.0919,2325559.6
2025-12-08 11:05:00+00:00,2.092,2.0943,2.0915,2.0942,808903.9
2025-12-08 11:10:00+00:00,2.0942,2.0965,2.0931,2.0961,1019809.9
2025-12-08 11:15:00+00:00,2.0961,2.0961,2.092,2.0932,727000.5
2025-12-08 11:20:00+00:00,2.0933,2.0957,2.0931,2.0935,570201.0
2025-12-08 11:25:00+00:00,2.0936,2.0936,2.0919,2.092,473616.3
2025-12-08 11:30:00+00:00,2.0919,2.0919,2.087,2.0898,4809917.1
2025-12-08 11:35:00+00:00,2.0897,2.0923,2.0885,2.0898,1230564.4
2025-12-08 11:40:00+00:00,2.0898,2.0912,2.0865,2.0883,1348091.7
2025-12-08 11:45:00+00:00,2.0883,2.0915,2.0865,2.0877,1978082.7
2025-12-08 11:50:00+00:00,2.0878,2.0907,2.0877,2.0899,964896.8
2025-12-08 11:55:00+00:00,2.09,2.0931,2.0895,2.0897,975905.1
2025-12-08 12:00:00+00:00,2.0896,2.0909,2.0865,2.0891,1157086.2
2025-12-08 12:05:00+00:00,2.0891,2.0924,2.0887,2.0906,1035312.3
2025-12-08 12:10:00+00:00,2.0906,2.0929,2.0901,2.0924,1190647.9
2025-12-08 12:15:00+00:00,2.0923,2.0937,2.0897,2.0902,1130159.1
2025-12-08 12:20:00+00:00,2.0903,2.0913,2.0881,2.0885,900096.2
2025-12-08 12:25:00+00:00,2.0885,2.0902,2.085,2.088,1204554.6
2025-12-08 12:30:00+00:00,2.088,2.0899,2.0845,2.0848,1245315.3
2025-12-08 12:35:00+00:00,2.0848,2.0893,2.0836,2.0883,2095086.2
2025-12-08 12:40:00+00:00,2.0882,2.093,2.0875,2.09,1522610.7
2025-12-08 12:45:00+00:00,2.09,2.0967,2.0899,2.0937,2016450.5
2025-12-08 12:50:00+00:00,2.0937,2.0954,2.0936,2.0948,1043779.6
2025-12-08 12:55:00+00:00,2.0947,2.0951,2.094,2.0941,530730.6
2025-12-08 13:00:00+00:00,2.0941,2.0968,2.0928,2.0932,1166203.2
2025-12-08 13:05:00+00:00,2.0932,2.098,2.093,2.0958,1558940.8
2025-12-08 13:10:00+00:00,2.0958,2.1011,2.0919,2.0919,3946083.9
2025-12-08 13:15:00+00:00,2.092,2.0934,2.0882,2.0894,1823664.0
2025-12-08 13:20:00+00:00,2.0894,2.095,2.089,2.093,1400025.9
2025-12-08 13:25:00+00:00,2.0931,2.0958,2.0928,2.0957,847922.0
2025-12-08 13:30:00+00:00,2.0956,2.0965,2.093,2.0962,1256282.4
2025-12-08 13:35:00+00:00,2.0963,2.098,2.0938,2.0944,1069839.8
2025-12-08 13:40:00+00:00,2.0944,2.0964,2.0918,2.0963,2558360.4
2025-12-08 13:45:00+00:00,2.0963,2.099,2.096,2.0977,1472548.0
2025-12-08 13:50:00+00:00,2.0977,2.0988,2.0966,2.0986,1248568.4
2025-12-08 13:55:00+00:00,2.0986,2.0988,2.0955,2.0978,1421438.8
2025-12-08 14:00:00+00:00,2.0977,2.0985,2.0959,2.0962,1446861.8
2025-12-08 14:05:00+00:00,2.0961,2.0977,2.0938,2.0941,956182.7
2025-12-08 14:10:00+00:00,2.0941,2.0982,2.0938,2.0974,942279.7
2025-12-08 14:15:00+00:00,2.0974,2.0982,2.0954,2.097,570185.2
2025-12-08 14:20:00+00:00,2.0971,2.0979,2.092,2.0937,1862159.9
2025-12-08 14:25:00+00:00,2.0937,2.0949,2.0892,2.0949,2439080.6
2025-12-08 14:30:00+00:00,2.0948,2.1112,2.0918,2.1042,11001347.2
2025-12-08 14:35:00+00:00,2.1041,2.1045,2.0824,2.0884,7344756.5
2025-12-08 14:40:00+00:00,2.0884,2.1025,2.0855,2.1008,5297549.5
2025-12-08 14:45:00+00:00,2.1007,2.1048,2.0936,2.0956,4731192.6
2025-12-08 14:50:00+00:00,2.0956,2.0994,2.0946,2.0951,1679591.2
2025-12-08 14:55:00+00:00,2.0953,2.0953,2.0822,2.0831,5402284.5
2025-12-08 15:00:00+00:00,2.0832,2.0913,2.0815,2.0911,4333254.8
2025-12-08 15:05:00+00:00,2.0911,2.0925,2.0746,2.0793,6632121.8
2025-12-08 15:10:00+00:00,2.0794,2.0822,2.0727,2.0784,6279714.9
2025-12-08 15:15:00+00:00,2.0784,2.0878,2.0739,2.086,4549661.5
2025-12-08 15:20:00+00:00,2.0859,2.0889,2.0761,2.0762,3606022.6
2025-12-08 15:25:00+00:00,2.0761,2.08,2.0689,2.0792,5155777.8
2025-12-08 15:30:00+00:00,2.0792,2.0862,2.0761,2.0836,2792048.3
2025-12-08 15:35:00+00:00,2.0836,2.0839,2.0741,2.0764,2241480.0
2025-12-08 15:40:00+00:00,2.0763,2.0782,2.0667,2.0695,3737448.3
2025-12-08 15:45:00+00:00,2.0696,2.0733,2.0686,2.0721,1906969.5
2025-12-08 15:50:00+00:00,2.0722,2.0808,2.0705,2.0786,2099240.2
2025-12-08 15:55:00+00:00,2.0786,2.08,2.0746,2.0746,2139038.1
2025-12-08 16:00:00+00:00,2.0747,2.0755,2.0645,2.0651,5779156.8
2025-12-08 16:05:00+00:00,2.0651,2.0748,2.0651,2.0725,2386469.3
2025-12-08 16:10:00+00:00,2.0725,2.0738,2.0679,2.0683,1733635.8
2025-12-08 16:15:00+00:00,2.0683,2.0742,2.0669,2.074,1470804.1
2025-12-08 16:20:00+00:00,2.074,2.0838,2.0738,2.0828,2745379.2
2025-12-08 16:25:00+00:00,2.0829,2.0829,2.0782,2.081,1805607.7
2025-12-08 16:30:00+00:00,2.081,2.0867,2.0791,2.0792,2468217.5
2025-12-08 16:35:00+00:00,2.0791,2.0831,2.0762,2.0822,1595238.1
2025-12-08 16:40:00+00:00,2.0823,2.0842,2.0796,2.0802,1175309.8
2025-12-08 16:45:00+00:00,2.0802,2.0804,2.0707,2.0707,1730437.3
2025-12-08 16:50:00+00:00,2.0708,2.0744,2.0669,2.0695,2636893.3
2025-12-08 16:55:00+00:00,2.0696,2.0732,2.0686,2.0723,1067846.7
2025-12-08 17:00:00+00:00,2.0722,2.0769,2.0678,2.0749,4685472.9
2025-12-08 17:05:00+00:00,2.0748,2.081,2.0746,2.0789,1715229.8
2025-12-08 17:10:00+00:00,2.0789,2.0829,2.0786,2.0809,1206871.3
2025-12-08 17:15:00+00:00,2.081,2.0833,2.0774,2.0775,1079716.7
2025-12-08 17:20:00+00:00,2.0775,2.0782,2.072,2.0725,1982574.9
2025-12-08 17:25:00+00:00,2.0726,2.0761,2.0711,2.0741,1011831.2
2025-12-08 17:30:00+00:00,2.0741,2.0779,2.0706,2.0739,1463396.1
2025-12-08 17:35:00+00:00,2.0739,2.0761,2.0704,2.0704,665656.0
2025-12-08 17:40:00+00:00,2.0703,2.0705,2.0655,2.0686,2069957.1
2025-12-08 17:45:00+00:00,2.0685,2.0703,2.066,2.0691,988459.0
2025-12-08 17:50:00+00:00,2.069,2.073,2.0641,2.0718,2031517.6
2025-12-08 17:55:00+00:00,2.0718,2.0821,2.0715,2.0779,2689029.2
2025-12-08 18:00:00+00:00,2.078,2.0816,2.0759,2.0781,1760920.9
2025-12-08 18:05:00+00:00,2.0781,2.0857,2.0781,2.084,1681766.2
2025-12-08 18:10:00+00:00,2.0839,2.084,2.0788,2.079,935200.9
2025-12-08 18:15:00+00:00,2.0791,2.0834,2.0782,2.0814,1162401.8
2025-12-08 18:20:00+00:00,2.0814,2.0846,2.0805,2.0808,1253474.7
2025-12-08 18:25:00+00:00,2.0807,2.0807,2.0714,2.0726,1736880.6
2025-12-08 18:30:00+00:00,2.0725,2.0749,2.0687,2.0735,1900982.0
2025-12-08 18:35:00+00:00,2.0736,2.0782,2.073,2.0777,947373.5
2025-12-08 18:40:00+00:00,2.0778,2.0813,2.0756,2.0812,558512.7
2025-12-08 18:45:00+00:00,2.0813,2.0841,2.0771,2.0779,1147228.7
2025-12-08 18:50:00+00:00,2.078,2.0803,2.0732,2.0752,935055.8
2025-12-08 18:55:00+00:00,2.0752,2.0756,2.0609,2.0673,4768437.5
2025-12-08 19:00:00+00:00,2.0673,2.073,2.0665,2.073,1629326.5
2025-12-08 19:05:00+00:00,2.0729,2.0777,2.0719,2.0773,1526398.7
2025-12-08 19:10:00+00:00,2.0773,2.0785,2.072,2.0744,1393828.6
2025-12-08 19:15:00+00:00,2.0744,2.0773,2.0714,2.0756,824988.3
2025-12-08 19:20:00+00:00,2.0757,2.0773,2.0719,2.0743,783339.8
2025-12-08 19:25:00+00:00,2.0743,2.0792,2.0742,2.0773,991218.1
2025-12-08 19:30:00+00:00,2.0773,2.0808,2.0756,2.0791,903481.8
2025-12-08 19:35:00+00:00,2.0791,2.0816,2.0772,2.0776,767444.2
2025-12-08 19:40:00+00:00,2.0776,2.0788,2.0756,2.0785,851355.1
2025-12-08 19:45:00+00:00,2.0785,2.0815,2.076,2.0815,585967.7
2025-12-08 19:50:00+00:00,2.0816,2.0835,2.0794,2.0816,873717.9
2025-12-08 19:55:00+00:00,2.0815,2.0817,2.0751,2.077,814989.0
2025-12-08 20:00:00+00:00,2.077,2.081,2.0767,2.0776,1260406.2
2025-12-08 20:05:00+00:00,2.0777,2.0837,2.0753,2.083,2211684.4
2025-12-08 20:10:00+00:00,2.0831,2.0854,2.0812,2.0821,1754797.9
2025-12-08 20:15:00+00:00,2.0821,2.0859,2.0798,2.0848,3696629.3
2025-12-08 20:20:00+00:00,2.0847,2.0872,2.0827,2.0869,1087105.9
2025-12-08 20:25:00+00:00,2.0868,2.0886,2.0825,2.0826,1290441.4
2025-12-08 20:30:00+00:00,2.0827,2.085,2.0789,2.0793,1351609.4
2025-12-08 20:35:00+00:00,2.0794,2.084,2.0782,2.083,911350.6
2025-12-08 20:40:00+00:00,2.083,2.0847,2.082,2.0838,596376.7
2025-12-08 20:45:00+00:00,2.0838,2.087,2.0822,2.0848,754550.5
2025-12-08 20:50:00+00:00,2.0849,2.0931,2.0849,2.091,2160966.9
2025-12-08 20:55:00+00:00,2.091,2.0913,2.0827,2.0862,3922104.1
2025-12-08 21:00:00+00:00,2.0863,2.0872,2.0818,2.0825,1872018.0
2025-12-08 21:05:00+00:00,2.0825,2.0865,2.0813,2.0817,2691784.3
2025-12-08 21:10:00+00:00,2.0817,2.0821,2.0725,2.0729,3122852.9
2025-12-08 21:15:00+00:00,2.0729,2.0797,2.0729,2.078,1428303.2
2025-12-08 21:20:00+00:00,2.078,2.0815,2.0767,2.0791,1324951.4
2025-12-08 21:25:00+00:00,2.0792,2.0833,2.0781,2.0817,1199794.7
2025-12-08 21:30:00+00:00,2.0817,2.0904,2.0817,2.0867,2664883.2
2025-12-08 21:35:00+00:00,2.0866,2.0866,2.0812,2.0824,1493280.6
2025-12-08 21:40:00+00:00,2.0823,2.0858,2.0818,2.0843,1048138.5
2025-12-08 21:45:00+00:00,2.0843,2.0857,2.0829,2.084,687778.2
2025-12-08 21:50:00+00:00,2.0841,2.0875,2.0837,2.0864,967206.7
2025-12-08 21:55:00+00:00,2.0864,2.0894,2.0857,2.0869,786259.7
2025-12-08 22:00:00+00:00,2.0868,2.088,2.0821,2.0836,1071318.9
2025-12-08 22:05:00+00:00,2.0836,2.084,2.0805,2.0805,738335.8
2025-12-08 22:10:00+00:00,2.0806,2.081,2.0781,2.0796,899855.9
2025-12-08 22:15:00+00:00,2.0795,2.0805,2.0789,2.0792,714486.9
2025-12-08 22:20:00+00:00,2.0793,2.0803,2.0771,2.0784,425121.4
2025-12-08 22:25:00+00:00,2.0783,2.079,2.0771,2.0782,369105.5
2025-12-08 22:30:00+00:00,2.0782,2.0806,2.0766,2.0769,645468.6
2025-12-08 22:35:00+00:00,2.077,2.0777,2.0732,2.0755,968320.9
2025-12-08 22:40:00+00:00,2.0754,2.0769,2.0742,2.0757,420389.8
2025-12-08 22:45:00+00:00,2.0757,2.0813,2.0757,2.0791,465130.1
2025-12-08 22:50:00+00:00,2.0791,2.0797,2.0763,2.0786,326769.9
2025-12-08 22:55:00+00:00,2.0785,2.079,2.0764,2.0786,166217.9
2025-12-08 23:00:00+00:00,2.0786,2.0803,2.0757,2.0777,739189.2
2025-12-08 23:05:00+00:00,2.0776,2.0793,2.0756,2.0765,488186.7
2025-12-08 23:10:00+00:00,2.0766,2.0767,2.073,2.0732,373953.9
2025-12-08 23:15:00+00:00,2.0731,2.0748,2.0712,2.0715,696884.5
2025-12-08 23:20:00+00:00,2.0716,2.0718,2.0684,2.0696,1860867.3
2025-12-08 23:25:00+00:00,2.0697,2.0715,2.0683,2.0715,1106051.7
2025-12-08 23:30:00+00:00,2.0715,2.0736,2.071,2.0716,721843.9
2025-12-08 23:35:00+00:00,2.0715,2.0732,2.0696,2.0719,381283.4
2025-12-08 23:40:00+00:00,2.0719,2.0734,2.0719,2.0728,266403.6
2025-12-08 23:45:00+00:00,2.0729,2.0729,2.0703,2.0718,835077.9
2025-12-08 23:50:00+00:00,2.0717,2.0735,2.0709,2.0713,935036.9
2025-12-08 23:55:00+00:00,2.0712,2.072,2.071,2.0711,235937.1
2025-12-09 00:00:00+00:00,2.0712,2.0745,2.0702,2.0745,1904193.7
2025-12-09 00:05:00+00:00,2.0745,2.0765,2.0734,2.0738,2836575.6
2025-12-09 00:10:00+00:00,2.0739,2.0788,2.0738,2.0787,1269403.6
2025-12-09 00:15:00+00:00,2.0786,2.0816,2.077,2.079,2585299.5
2025-12-09 00:20:00+00:00,2.079,2.081,2.0757,2.0758,798272.1
2025-12-09 00:25:00+00:00,2.0758,2.0763,2.0734,2.0737,938171.0
2025-12-09 00:30:00+00:00,2.0736,2.0738,2.0671,2.0705,3675557.2
2025-12-09 00:35:00+00:00,2.0706,2.075,2.0706,2.0742,563046.9
2025-12-09 00:40:00+00:00,2.0742,2.0746,2.0715,2.0729,641261.6
2025-12-09 00:45:00+00:00,2.0729,2.0749,2.0714,2.0715,504828.0
2025-12-09 00:50:00+00:00,2.0716,2.0731,2.0685,2.069,801251.3
2025-12-09 00:55:00+00:00,2.069,2.0717,2.069,2.0707,410314.5
2025-12-09 01:00:00+00:00,2.0706,2.0725,2.0646,2.0657,1741989.3
2025-12-09 01:05:00+00:00,2.0658,2.0702,2.0644,2.0654,1317154.7
2025-12-09 01:10:00+00:00,2.0653,2.0699,2.0636,2.0694,759767.8
2025-12-09 01:15:00+00:00,2.0693,2.0731,2.0682,2.071,1456388.8
2025-12-09 01:20:00+00:00,2.0711,2.0746,2.07,2.073,1847222.6
2025-12-09 01:25:00+00:00,2.0731,2.0734,2.0629,2.0638,1450729.4
2025-12-09 01:30:00+00:00,2.0639,2.065,2.0587,2.0614,2435788.3
2025-12-09 01:35:00+00:00,2.0615,2.0647,2.0611,2.0646,810613.3
2025-12-09 01:40:00+00:00,2.0646,2.0646,2.0601,2.0611,941411.2
2025-12-09 01:45:00+00:00,2.0612,2.0618,2.0575,2.0579,1322555.2
2025-12-09 01:50:00+00:00,2.058,2.0623,2.0578,2.0622,1177155.3
2025-12-09 01:55:00+00:00,2.0623,2.0649,2.0609,2.0618,1143598.5
2025-12-09 02:00:00+00:00,2.0619,2.0691,2.0605,2.0688,2504787.9
2025-12-09 02:05:00+00:00,2.0688,2.0699,2.0651,2.0667,2510464.2
2025-12-09 02:10:00+00:00,2.0668,2.0691,2.0636,2.0636,1295874.0
2025-12-09 02:15:00+00:00,2.0636,2.0686,2.0633,2.0667,1588837.2
2025-12-09 02:20:00+00:00,2.0667,2.0682,2.0662,2.0663,338047.2
2025-12-09 02:25:00+00:00,2.0664,2.0696,2.065,2.0673,754778.9
2025-12-09 02:30:00+00:00,2.0673,2.0685,2.0641,2.0644,599028.3
2025-12-09 02:35:00+00:00,2.0644,2.0664,2.0635,2.0644,518302.3
2025-12-09 02:40:00+00:00,2.0645,2.0659,2.064,2.0654,545733.0
2025-12-09 02:45:00+00:00,2.0654,2.0693,2.0645,2.0686,414374.2
2025-12-09 02:50:00+00:00,2.0685,2.0686,2.0622,2.0622,488627.1
2025-12-09 02:55:00+00:00,2.0623,2.0642,2.0596,2.0602,1103341.7
2025-12-09 03:00:00+00:00,2.0602,2.0625,2.0593,2.0614,1097682.6
2025-12-09 03:05:00+00:00,2.0614,2.0622,2.0585,2.0607,812941.1
2025-12-09 03:10:00+00:00,2.0606,2.0614,2.0592,2.061,534243.4
2025-12-09 03:15:00+00:00,2.061,2.062,2.0569,2.0578,1101195.6
2025-12-09 03:20:00+00:00,2.0578,2.0634,2.0561,2.0634,2235708.2
2025-12-09 03:25:00+00:00,2.0634,2.0638,2.059,2.0608,1163753.1
2025-12-09 03:30:00+00:00,2.0607,2.0669,2.0603,2.0655,1484954.7
2025-12-09 03:35:00+00:00,2.0655,2.0697,2.0653,2.0681,1474919.2
2025-12-09 03:40:00+00:00,2.0682,2.0693,2.0667,2.0675,854159.7
2025-12-09 03:45:00+00:00,2.0675,2.0682,2.066,2.0674,694564.9
2025-12-09 03:50:00+00:00,2.0673,2.068,2.066,2.0661,559522.3
2025-12-09 03:55:00+00:00,2.0661,2.0708,2.0659,2.0687,1237817.1
2025-12-09 04:00:00+00:00,2.0688,2.0693,2.0668,2.0668,1057516.8
2025-12-09 04:05:00+00:00,2.0669,2.0673,2.0655,2.0657,461508.9
2025-12-09 04:10:00+00:00,2.0657,2.0674,2.0651,2.0658,548218.2
2025-12-09 04:15:00+00:00,2.0657,2.0663,2.0642,2.0657,536816.5
2025-12-09 04:20:00+00:00,2.0657,2.0658,2.061,2.0612,521045.1
2025-12-09 04:25:00+00:00,2.0613,2.0638,2.0612,2.0633,508085.3
2025-12-09 04:30:00+00:00,2.0632,2.0632,2.058,2.0585,1102226.4
2025-12-09 04:35:00+00:00,2.0584,2.0589,2.0519,2.0531,4019955.4
2025-12-09 04:40:00+00:00,2.0532,2.0565,2.0519,2.0533,1309494.6
2025-12-09 04:45:00+00:00,2.0533,2.0544,2.052,2.0524,663704.0
2025-12-09 04:50:00+00:00,2.0524,2.0542,2.0519,2.0537,518476.8
2025-12-09 04:55:00+00:00,2.0537,2.055,2.0529,2.0532,794788.3
2025-12-09 05:00:00+00:00,2.0532,2.0555,2.0527,2.0537,735102.0
2025-12-09 05:05:00+00:00,2.0537,2.0545,2.047,2.0497,2002100.7
2025-12-09 05:10:00+00:00,2.0496,2.0558,2.0484,2.0517,1894862.6
2025-12-09 05:15:00+00:00,2.0516,2.0545,2.0478,2.0529,1732354.2
2025-12-09 05:20:00+00:00,2.0528,2.054,2.0521,2.0522,716096.9
2025-12-09 05:25:00+00:00,2.0521,2.053,2.0512,2.0528,508396.0
2025-12-09 05:30:00+00:00,2.0528,2.0575,2.0516,2.0568,1486340.6
2025-12-09 05:35:00+00:00,2.0569,2.0585,2.0555,2.0568,952570.4
2025-12-09 05:40:00+00:00,2.0568,2.0578,2.056,2.0569,462158.8
2025-12-09 05:45:00+00:00,2.0569,2.0583,2.055,2.0551,451098.9
2025-12-09 05:50:00+00:00,2.0551,2.0552,2.05,2.0504,1048877.7
2025-12-09 05:55:00+00:00,2.0505,2.0509,2.0483,2.0494,795143.5
2025-12-09 06:00:00+00:00,2.0494,2.0528,2.0482,2.0527,1319437.5
2025-12-09 06:05:00+00:00,2.0527,2.0552,2.0522,2.0539,386431.1
2025-12-09 06:10:00+00:00,2.0539,2.0545,2.05,2.0517,709353.6
2025-12-09 06:15:00+00:00,2.0518,2.0528,2.0511,2.0511,481014.0
2025-12-09 06:20:00+00:00,2.0511,2.0512,2.0492,2.0497,704347.8
2025-12-09 06:25:00+00:00,2.0498,2.0501,2.0455,2.047,1968548.8
2025-12-09 06:30:00+00:00,2.0469,2.0472,2.0398,2.0421,4583790.0
2025-12-09 06:35:00+00:00,2.0422,2.0456,2.0419,2.0456,833642.0
2025-12-09 06:40:00+00:00,2.0457,2.0466,2.0433,2.0466,743862.8
2025-12-09 06:45:00+00:00,2.0466,2.0495,2.0444,2.0463,1537807.1
2025-12-09 06:50:00+00:00,2.0463,2.0505,2.0456,2.0493,1051061.6
2025-12-09 06:55:00+00:00,2.0493,2.0494,2.0467,2.0486,595410.3
2025-12-09 07:00:00+00:00,2.0487,2.0515,2.0459,2.0464,1020833.9
2025-12-09 07:05:00+00:00,2.0465,2.0502,2.0461,2.0473,729682.3
2025-12-09 07:10:00+00:00,2.0472,2.0479,2.0461,2.0473,560866.2
2025-12-09 07:15:00+00:00,2.0473,2.051,2.0473,2.0508,415027.5
2025-12-09 07:20:00+00:00,2.0509,2.0564,2.0506,2.0561,1558485.2
2025-12-09 07:25:00+00:00,2.0561,2.0569,2.0543,2.0549,619631.9
2025-12-09 07:30:00+00:00,2.0549,2.0558,2.0543,2.0548,561316.8
2025-12-09 07:35:00+00:00,2.0548,2.0578,2.0542,2.0574,835761.3
2025-12-09 07:40:00+00:00,2.0574,2.0598,2.0569,2.0592,874793.4
2025-12-09 07:45:00+00:00,2.0592,2.0612,2.0592,2.0601,935486.7
2025-12-09 07:50:00+00:00,2.0602,2.061,2.0592,2.0601,554843.4
2025-12-09 07:55:00+00:00,2.0601,2.0604,2.0585,2.0604,749541.6
2025-12-09 08:00:00+00:00,2.0604,2.0649,2.059,2.0623,1477034.6
2025-12-09 08:05:00+00:00,2.0623,2.0629,2.0611,2.0622,981945.2
2025-12-09 08:10:00+00:00,2.0621,2.0622,2.0594,2.0595,865943.6
2025-12-09 08:15:00+00:00,2.0594,2.0619,2.0588,2.0618,1086837.4
2025-12-09 08:20:00+00:00,2.0618,2.0619,2.0572,2.058,963532.1
2025-12-09 08:25:00+00:00,2.0581,2.0595,2.0558,2.0584,1216878.4
2025-12-09 08:30:00+00:00,2.0584,2.0585,2.0557,2.0574,1190336.9
2025-12-09 08:35:00+00:00,2.0575,2.0592,2.0564,2.0592,711345.8
2025-12-09 08:40:00+00:00,2.0592,2.0626,2.0591,2.0626,667993.1
2025-12-09 08:45:00+00:00,2.0626,2.0647,2.0621,2.0626,738833.1
2025-12-09 08:50:00+00:00,2.0626,2.0649,2.0622,2.0646,481395.5
2025-12-09 08:55:00+00:00,2.0647,2.0647,2.061,2.0621,815451.5
2025-12-09 09:00:00+00:00,2.0622,2.0627,2.0587,2.06,662549.2
2025-12-09 09:05:00+00:00,2.06,2.061,2.0567,2.061,1649941.5
2025-12-09 09:10:00+00:00,2.061,2.061,2.0587,2.0608,528154.9
2025-12-09 09:15:00+00:00,2.0607,2.0619,2.06,2.0608,485738.2
2025-12-09 09:20:00+00:00,2.0607,2.0616,2.0599,2.0609,511758.4
2025-12-09 09:25:00+00:00,2.061,2.061,2.0581,2.0591,512596.8
2025-12-09 09:30:00+00:00,2.059,2.0598,2.0575,2.0579,644736.2
2025-12-09 09:35:00+00:00,2.058,2.058,2.0557,2.0561,645122.6
2025-12-09 09:40:00+00:00,2.0561,2.0575,2.056,2.0567,567416.9
2025-12-09 09:45:00+00:00,2.0568,2.0581,2.0558,2.0572,427283.8
2025-12-09 09:50:00+00:00,2.0572,2.0583,2.0569,2.0574,372597.4
2025-12-09 09:55:00+00:00,2.0575,2.058,2.0569,2.0572,278808.7
2025-12-09 10:00:00+00:00,2.0571,2.0602,2.0566,2.0595,867447.9
2025-12-09 10:05:00+00:00,2.0595,2.0597,2.0544,2.0544,889644.6
2025-12-09 10:10:00+00:00,2.0544,2.058,2.0544,2.0558,629613.9
2025-12-09 10:15:00+00:00,2.0558,2.0559,2.0536,2.0545,488704.1
2025-12-09 10:20:00+00:00,2.0545,2.0562,2.0538,2.0559,508045.6
2025-12-09 10:25:00+00:00,2.0559,2.0563,2.0549,2.0553,270436.4
2025-12-09 10:30:00+00:00,2.0554,2.0563,2.0537,2.0552,558251.3
2025-12-09 10:35:00+00:00,2.0552,2.0563,2.0457,2.0466,2290438.6
2025-12-09 10:40:00+00:00,2.0465,2.0516,2.0446,2.0511,1950321.1
2025-12-09 10:45:00+00:00,2.0511,2.0518,2.0487,2.0511,775600.0
2025-12-09 10:50:00+00:00,2.0511,2.0547,2.0511,2.0533,891794.3
2025-12-09 10:55:00+00:00,2.0533,2.0544,2.0523,2.0543,395723.2
2025-12-09 11:00:00+00:00,2.0543,2.0576,2.0535,2.0569,873726.2
2025-12-09 11:05:00+00:00,2.0568,2.0572,2.0536,2.0548,720929.6
2025-12-09 11:10:00+00:00,2.0549,2.0552,2.053,2.0537,336940.4
2025-12-09 11:15:00+00:00,2.0537,2.0542,2.0505,2.0513,383468.9
2025-12-09 11:20:00+00:00,2.0513,2.0539,2.0513,2.0528,587091.6
2025-12-09 11:25:00+00:00,2.0528,2.055,2.0523,2.0549,362374.3
2025-12-09 11:30:00+00:00,2.0549,2.0574,2.0545,2.0571,488932.4
2025-12-09 11:35:00+00:00,2.057,2.0589,2.0565,2.0566,555697.7
2025-12-09 11:40:00+00:00,2.0566,2.0611,2.0565,2.0608,855689.3
2025-12-09 11:45:00+00:00,2.0608,2.0629,2.0605,2.0618,992148.6
2025-12-09 11:50:00+00:00,2.0618,2.0645,2.0611,2.0643,1090881.5
2025-12-09 11:55:00+00:00,2.0643,2.0697,2.0639,2.0679,2399777.1
2025-12-09 12:00:00+00:00,2.068,2.0717,2.0679,2.0688,1718238.5
2025-12-09 12:05:00+00:00,2.0687,2.0696,2.0657,2.0681,1204049.1
2025-12-09 12:10:00+00:00,2.068,2.0688,2.0666,2.0687,631773.4
2025-12-09 12:15:00+00:00,2.0688,2.0782,2.0679,2.0781,2665016.4
2025-12-09 12:20:00+00:00,2.0781,2.0844,2.0778,2.0818,3704828.6
2025-12-09 12:25:00+00:00,2.0818,2.084,2.0788,2.0807,2429749.9
2025-12-09 12:30:00+00:00,2.0808,2.085,2.08,2.0823,1518578.1
2025-12-09 12:35:00+00:00,2.0823,2.0838,2.0789,2.0819,1653659.7
2025-12-09 12:40:00+00:00,2.0819,2.0848,2.0813,2.084,1307143.1
2025-12-09 12:45:00+00:00,2.0839,2.0842,2.0802,2.0822,1159164.1
2025-12-09 12:50:00+00:00,2.0821,2.083,2.0799,2.0827,1134460.2
2025-12-09 12:55:00+00:00,2.0827,2.0844,2.0822,2.0829,744175.2
2025-12-09 13:00:00+00:00,2.083,2.0848,2.0799,2.0817,1580584.2
2025-12-09 13:05:00+00:00,2.0818,2.0847,2.0809,2.0816,1154524.0
2025-12-09 13:10:00+00:00,2.0817,2.0822,2.0781,2.0788,1838787.1
2025-12-09 13:15:00+00:00,2.0788,2.0808,2.0755,2.0771,1953681.1
2025-12-09 13:20:00+00:00,2.077,2.0785,2.0761,2.0781,982996.1
2025-12-09 13:25:00+00:00,2.0781,2.0813,2.0774,2.079,1490983.9
2025-12-09 13:30:00+00:00,2.079,2.0813,2.0748,2.0758,1805370.6
2025-12-09 13:35:00+00:00,2.0758,2.0758,2.0706,2.0725,2089443.1
2025-12-09 13:40:00+00:00,2.0725,2.0725,2.0639,2.0649,2714857.2
2025-12-09 13:45:00+00:00,2.0649,2.0684,2.063,2.0656,1941060.6
2025-12-09 13:50:00+00:00,2.0656,2.0685,2.0638,2.0657,1520966.1
2025-12-09 13:55:00+00:00,2.0657,2.0672,2.0652,2.0655,1275838.2
2025-12-09 14:00:00+00:00,2.0655,2.0716,2.064,2.0647,2747408.5
2025-12-09 14:05:00+00:00,2.0648,2.0671,2.0621,2.0624,2126591.8
2025-12-09 14:10:00+00:00,2.0625,2.0627,2.0575,2.0597,3321088.7
2025-12-09 14:15:00+00:00,2.0597,2.0607,2.0562,2.0585,2234010.9
2025-12-09 14:20:00+00:00,2.0584,2.0616,2.0543,2.0554,2553703.8
2025-12-09 14:25:00+00:00,2.0554,2.0556,2.0478,2.0531,5182831.0
2025-12-09 14:30:00+00:00,2.053,2.0598,2.0476,2.0555,6463298.3
2025-12-09 14:35:00+00:00,2.0555,2.0595,2.054,2.0556,6774448.0
2025-12-09 14:40:00+00:00,2.0555,2.0572,2.0498,2.0499,4236711.2
2025-12-09 14:45:00+00:00,2.0499,2.053,2.0486,2.0507,3414183.8
2025-12-09 14:50:00+00:00,2.0508,2.0549,2.0489,2.0532,2818237.3
2025-12-09 14:55:00+00:00,2.0532,2.0543,2.0503,2.0541,1761694.5
2025-12-09 15:00:00+00:00,2.0541,2.0905,2.052,2.07,16396402.3
2025-12-09 15:05:00+00:00,2.0699,2.0794,2.0623,2.0671,5366095.4
2025-12-09 15:10:00+00:00,2.0672,2.0722,2.0646,2.0675,2413657.1
2025-12-09 15:15:00+00:00,2.0676,2.0769,2.0657,2.0754,1727185.8
2025-12-09 15:20:00+00:00,2.0754,2.0808,2.0736,2.0757,3974396.4
2025-12-09 15:25:00+00:00,2.0756,2.0919,2.074,2.0844,5227898.1
2025-12-09 15:30:00+00:00,2.0843,2.0875,2.0781,2.079,4481606.4
2025-12-09 15:35:00+00:00,2.0789,2.0917,2.0774,2.0883,5331002.4
2025-12-09 15:40:00+00:00,2.0884,2.1045,2.0879,2.1026,9689550.4
2025-12-09 15:45:00+00:00,2.1027,2.1092,2.1001,2.1021,7475767.0
2025-12-09 15:50:00+00:00,2.1021,2.119,2.102,2.1164,8208720.0
2025-12-09 15:55:00+00:00,2.1164,2.1177,2.1109,2.1148,4183531.4
2025-12-09 16:00:00+00:00,2.1148,2.1332,2.1144,2.1284,11160851.7
2025-12-09 16:05:00+00:00,2.1284,2.1371,2.126,2.1326,6527790.3
2025-12-09 16:10:00+00:00,2.1325,2.1535,2.1318,2.1492,14672138.8
2025-12-09 16:15:00+00:00,2.1491,2.1541,2.1364,2.139,8053888.8
2025-12-09 16:20:00+00:00,2.139,2.1439,2.1351,2.1429,3981488.7
2025-12-09 16:25:00+00:00,2.1429,2.1469,2.137,2.1385,3503278.4
2025-12-09 16:30:00+00:00,2.1386,2.1562,2.1376,2.1541,6040074.8
2025-12-09 16:35:00+00:00,2.1541,2.163,2.1523,2.154,9703548.8
2025-12-09 16:40:00+00:00,2.154,2.1664,2.154,2.1656,6557397.5
2025-12-09 16:45:00+00:00,2.1656,2.1739,2.1564,2.1728,7617206.7
2025-12-09 16:50:00+00:00,2.1728,2.174,2.165,2.168,5828727.7
2025-12-09 16:55:00+00:00,2.1681,2.1691,2.16,2.1642,4000560.5
2025-12-09 17:00:00+00:00,2.1641,2.1738,2.1618,2.1728,7079053.3
2025-12-09 17:05:00+00:00,2.1728,2.1774,2.1705,2.1729,7166419.2
2025-12-09 17:10:00+00:00,2.1728,2.1735,2.169,2.1721,3063932.8
2025-12-09 17:15:00+00:00,2.1721,2.1727,2.1572,2.1574,9022094.5
2025-12-09 17:20:00+00:00,2.1574,2.163,2.1542,2.1549,6783362.6
2025-12-09 17:25:00+00:00,2.1548,2.1592,2.1451,2.15,12692196.7
2025-12-09 17:30:00+00:00,2.15,2.1533,2.1406,2.1424,6114508.3
2025-12-09 17:35:00+00:00,2.1424,2.1497,2.142,2.1482,3944247.1
2025-12-09 17:40:00+00:00,2.1482,2.1513,2.1447,2.1465,2591863.6
2025-12-09 17:45:00+00:00,2.1465,2.1525,2.1441,2.1515,2591871.7
2025-12-09 17:50:00+00:00,2.1516,2.1523,2.1465,2.1519,1680417.4
2025-12-09 17:55:00+00:00,2.152,2.1527,2.1462,2.1487,1381758.0
2025-12-09 18:00:00+00:00,2.1487,2.1571,2.1481,2.1518,4801521.0
2025-12-09 18:05:00+00:00,2.1517,2.1536,2.1458,2.147,1861297.0
2025-12-09 18:10:00+00:00,2.1471,2.1535,2.147,2.1527,1250240.0
2025-12-09 18:15:00+00:00,2.1527,2.1535,2.1486,2.1534,1724095.6
2025-12-09 18:20:00+00:00,2.1534,2.1546,2.1505,2.1518,1315987.0
2025-12-09 18:25:00+00:00,2.1517,2.1569,2.1508,2.1549,2049265.9
2025-12-09 18:30:00+00:00,2.1549,2.1559,2.1521,2.1536,1065314.4
2025-12-09 18:35:00+00:00,2.1536,2.1536,2.1481,2.15,1631155.8
2025-12-09 18:40:00+00:00,2.15,2.1507,2.1469,2.148,952535.0
2025-12-09 18:45:00+00:00,2.1479,2.1497,2.1429,2.1448,2525852.9
2025-12-09 18:50:00+00:00,2.1448,2.1466,2.1386,2.1461,4509416.3
2025-12-09 18:55:00+00:00,2.1461,2.1479,2.1448,2.1471,711149.7
2025-12-09 19:00:00+00:00,2.1471,2.1479,2.1382,2.1385,1922632.7
2025-12-09 19:05:00+00:00,2.1384,2.142,2.1375,2.1402,1779288.6
2025-12-09 19:10:00+00:00,2.1402,2.1421,2.1362,2.1363,2621874.6
2025-12-09 19:15:00+00:00,2.1362,2.1403,2.1338,2.1388,2147301.9
2025-12-09 19:20:00+00:00,2.1388,2.1399,2.1311,2.1312,2169856.5
2025-12-09 19:25:00+00:00,2.1312,2.1345,2.1303,2.1342,1519830.5
2025-12-09 19:30:00+00:00,2.1342,2.1422,2.1337,2.1412,2258396.1
2025-12-09 19:35:00+00:00,2.1412,2.1413,2.1379,2.1393,870000.0
2025-12-09 19:40:00+00:00,2.1394,2.1399,2.1282,2.1314,2693684.0
2025-12-09 19:45:00+00:00,2.1314,2.1386,2.1304,2.1341,4098792.0
2025-12-09 19:50:00+00:00,2.1341,2.1368,2.134,2.1354,864645.9
2025-12-09 19:55:00+00:00,2.1354,2.1358,2.1322,2.1323,1053167.7
2025-12-09 20:00:00+00:00,2.1322,2.1335,2.128,2.1287,1436244.6
2025-12-09 20:05:00+00:00,2.1287,2.1329,2.126,2.1313,2195857.1
2025-12-09 20:10:00+00:00,2.1313,2.1332,2.1282,2.1292,1373575.7
2025-12-09 20:15:00+00:00,2.1292,2.13,2.1173,2.1191,3232934.8
2025-12-09 20:20:00+00:00,2.1191,2.1211,2.1085,2.1092,5593425.5
2025-12-09 20:25:00+00:00,2.1092,2.1138,2.1021,2.1114,6672887.7
2025-12-09 20:30:00+00:00,2.1115,2.1126,2.0982,2.1,6036657.0
2025-12-09 20:35:00+00:00,2.1001,2.112,2.0949,2.1061,7042879.4
2025-12-09 20:40:00+00:00,2.1061,2.1082,2.1032,2.1045,1665355.7
2025-12-09 20:45:00+00:00,2.1045,2.1085,2.102,2.1075,1526240.7
2025-12-09 20:50:00+00:00,2.1075,2.112,2.1044,2.1059,2615337.0
2025-12-09 20:55:00+00:00,2.1059,2.1129,2.1047,2.1125,2684931.5
2025-12-09 21:00:00+00:00,2.1125,2.1137,2.1066,2.1135,1743540.6
2025-12-09 21:05:00+00:00,2.1136,2.116,2.1085,2.1096,2282029.2
2025-12-09 21:10:00+00:00,2.1096,2.1155,2.108,2.1092,1718209.0
2025-12-09 21:15:00+00:00,2.1092,2.112,2.1054,2.1059,916621.3
2025-12-09 21:20:00+00:00,2.106,2.1128,2.1054,2.1128,1271650.3
2025-12-09 21:25:00+00:00,2.1128,2.1134,2.1102,2.1114,651531.2
2025-12-09 21:30:00+00:00,2.1114,2.1125,2.1072,2.1095,888655.0
2025-12-09 21:35:00+00:00,2.1095,2.1097,2.1051,2.1069,1174246.0
2025-12-09 21:40:00+00:00,2.107,2.1092,2.104,2.1041,1068188.0
2025-12-09 21:45:00+00:00,2.1042,2.1049,2.09,2.0969,5104953.8
2025-12-09 21:50:00+00:00,2.0969,2.0987,2.0882,2.089,2946771.9
2025-12-09 21:55:00+00:00,2.089,2.1013,2.0842,2.0981,4463112.2
2025-12-09 22:00:00+00:00,2.0981,2.1039,2.0948,2.0983,2861247.9
2025-12-09 22:05:00+00:00,2.0984,2.1059,2.0973,2.1042,1696027.1
2025-12-09 22:10:00+00:00,2.1042,2.1111,2.1032,2.1072,2477474.1
2025-12-09 22:15:00+00:00,2.1072,2.1081,2.1029,2.1062,1406392.4
2025-12-09 22:20:00+00:00,2.1063,2.111,2.1054,2.1074,653750.4
2025-12-09 22:25:00+00:00,2.1074,2.1085,2.1028,2.1038,1485379.3
2025-12-09 22:30:00+00:00,2.1038,2.1079,2.1024,2.1064,894171.6
2025-12-09 22:35:00+00:00,2.1064,2.1168,2.106,2.1108,2360348.4
2025-12-09 22:40:00+00:00,2.1107,2.1127,2.1076,2.1109,710982.3
2025-12-09 22:45:00+00:00,2.1109,2.1131,2.1094,2.1107,1693694.3
2025-12-09 22:50:00+00:00,2.1107,2.1115,2.1065,2.1066,606248.2
2025-12-09 22:55:00+00:00,2.1065,2.1127,2.1058,2.1093,697934.3
2025-12-09 23:00:00+00:00,2.1093,2.1104,2.1057,2.1088,816884.4
2025-12-09 23:05:00+00:00,2.1087,2.11,2.1071,2.1079,902767.6
2025-12-09 23:10:00+00:00,2.108,2.1115,2.1045,2.1054,835901.4
2025-12-09 23:15:00+00:00,2.1054,2.1094,2.1045,2.1089,1162001.0
2025-12-09 23:20:00+00:00,2.1089,2.1108,2.1081,2.1083,1214265.8
2025-12-09 23:25:00+00:00,2.1084,2.1087,2.1069,2.1083,995749.4
2025-12-09 23:30:00+00:00,2.1083,2.1102,2.1066,2.1097,584298.8
2025-12-09 23:35:00+00:00,2.1097,2.1125,2.1095,2.1109,831059.7
2025-12-09 23:40:00+00:00,2.1109,2.1124,2.1106,2.111,492782.9
2025-12-09 23:45:00+00:00,2.111,2.111,2.1081,2.1085,507574.2
2025-12-09 23:50:00+00:00,2.1085,2.1088,2.106,2.1077,610297.4
2025-12-09 23:55:00+00:00,2.1077,2.1078,2.105,2.1051,392834.1
2025-12-10 00:00:00+00:00,2.105,2.1088,2.1045,2.1064,1267329.7
2025-12-10 00:05:00+00:00,2.1065,2.1074,2.1052,2.1063,606954.2
2025-12-10 00:10:00+00:00,2.1062,2.107,2.1038,2.104,871930.1
2025-12-10 00:15:00+00:00,2.104,2.104,2.0967,2.0986,1912301.3
2025-12-10 00:20:00+00:00,2.0987,2.1019,2.0951,2.0996,1343052.8
2025-12-10 00:25:00+00:00,2.0997,2.1002,2.0963,2.1,649007.9
2025-12-10 00:30:00+00:00,2.1001,2.1033,2.0964,2.0971,757050.1
2025-12-10 00:35:00+00:00,2.0972,2.1,2.0959,2.0977,668490.6
2025-12-10 00:40:00+00:00,2.0977,2.0977,2.0936,2.0958,940798.1
2025-12-10 00:45:00+00:00,2.0957,2.0972,2.0892,2.0908,2135815.5
2025-12-10 00:50:00+00:00,2.0908,2.0948,2.0906,2.0934,1128481.8
2025-12-10 00:55:00+00:00,2.0934,2.0934,2.0881,2.0887,1331770.5
2025-12-10 01:00:00+00:00,2.0886,2.093,2.0886,2.0926,1068587.7
2025-12-10 01:05:00+00:00,2.0926,2.0926,2.0887,2.0892,1036358.7
2025-12-10 01:10:00+00:00,2.0891,2.0923,2.0888,2.0899,1026318.6
2025-12-10 01:15:00+00:00,2.0898,2.0949,2.0883,2.0944,1291460.5
2025-12-10 01:20:00+00:00,2.0945,2.0945,2.0898,2.0915,1231351.2
2025-12-10 01:25:00+00:00,2.0916,2.0928,2.0893,2.0925,804889.2
2025-12-10 01:30:00+00:00,2.0926,2.0927,2.0856,2.087,1717136.8
2025-12-10 01:35:00+00:00,2.087,2.0888,2.0863,2.087,874372.3
2025-12-10 01:40:00+00:00,2.0871,2.0882,2.0857,2.0875,646623.1
2025-12-10 01:45:00+00:00,2.0875,2.0899,2.0861,2.0881,701685.3
2025-12-10 01:50:00+00:00,2.0882,2.0906,2.0877,2.0894,568305.9
2025-12-10 01:55:00+00:00,2.0895,2.0905,2.0878,2.0881,832594.3
2025-12-10 02:00:00+00:00,2.088,2.088,2.0811,2.0814,1740914.2
2025-12-10 02:05:00+00:00,2.0813,2.0837,2.0808,2.0826,971274.2
2025-12-10 02:10:00+00:00,2.0827,2.0854,2.0824,2.0847,640966.5
2025-12-10 02:15:00+00:00,2.0847,2.0882,2.0837,2.0882,858707.6
2025-12-10 02:20:00+00:00,2.0881,2.0926,2.0878,2.0906,1387818.8
2025-12-10 02:25:00+00:00,2.0906,2.0916,2.089,2.0905,747176.6
2025-12-10 02:30:00+00:00,2.0906,2.0906,2.0882,2.0895,795875.1
2025-12-10 02:35:00+00:00,2.0896,2.0896,2.0876,2.088,605767.9
2025-12-10 02:40:00+00:00,2.088,2.0881,2.0862,2.0879,430624.5
2025-12-10 02:45:00+00:00,2.0879,2.088,2.0848,2.0858,1010405.7
2025-12-10 02:50:00+00:00,2.0859,2.086,2.0842,2.0847,565018.2
2025-12-10 02:55:00+00:00,2.0848,2.0874,2.0833,2.0868,890312.6
2025-12-10 03:00:00+00:00,2.0868,2.0874,2.0841,2.0854,1017801.7
2025-12-10 03:05:00+00:00,2.0854,2.0863,2.0821,2.0826,789939.9
2025-12-10 03:10:00+00:00,2.0826,2.0868,2.0825,2.0852,713542.1
2025-12-10 03:15:00+00:00,2.0852,2.0853,2.0828,2.0831,685297.7
2025-12-10 03:20:00+00:00,2.0832,2.0837,2.0813,2.0813,707266.8
2025-12-10 03:25:00+00:00,2.0814,2.0836,2.0806,2.0824,636776.4
2025-12-10 03:30:00+00:00,2.0824,2.0826,2.081,2.0819,682881.5
2025-12-10 03:35:00+00:00,2.0819,2.0838,2.0815,2.0822,747151.9
2025-12-10 03:40:00+00:00,2.0821,2.0839,2.0821,2.0833,592844.6
2025-12-10 03:45:00+00:00,2.0833,2.0845,2.0821,2.0845,481521.7
2025-12-10 03:50:00+00:00,2.0844,2.0845,2.0825,2.0826,497684.0
2025-12-10 03:55:00+00:00,2.0827,2.0832,2.0821,2.0821,396413.2
2025-12-10 04:00:00+00:00,2.0821,2.0825,2.0783,2.0825,3124585.0
2025-12-10 04:05:00+00:00,2.0824,2.0848,2.0818,2.0847,874516.5
2025-12-10 04:10:00+00:00,2.0848,2.0879,2.0835,2.0877,825736.8
2025-12-10 04:15:00+00:00,2.0877,2.092,2.0866,2.0902,1777421.0
2025-12-10 04:20:00+00:00,2.0902,2.0902,2.0857,2.0882,1143747.8
2025-12-10 04:25:00+00:00,2.0881,2.0881,2.0848,2.0859,761792.0
2025-12-10 04:30:00+00:00,2.086,2.0875,2.0844,2.0874,520272.6
2025-12-10 04:35:00+00:00,2.0875,2.0925,2.087,2.0925,1340932.9
2025-12-10 04:40:00+00:00,2.0925,2.0928,2.09,2.0907,1072050.3
2025-12-10 04:45:00+00:00,2.0907,2.0957,2.0903,2.091,1213078.6
2025-12-10 04:50:00+00:00,2.0911,2.0918,2.0895,2.09,904317.2
2025-12-10 04:55:00+00:00,2.09,2.0921,2.0891,2.0891,484219.6
2025-12-10 05:00:00+00:00,2.0891,2.0904,2.0882,2.0898,1082869.4
2025-12-10 05:05:00+00:00,2.0894,2.091,2.0871,2.0882,827603.5
2025-12-10 05:10:00+00:00,2.0882,2.0895,2.0865,2.089,670821.9
2025-12-10 05:15:00+00:00,2.0891,2.0926,2.0885,2.0909,1421422.3
2025-12-10 05:20:00+00:00,2.091,2.091,2.0873,2.0877,561065.5
2025-12-10 05:25:00+00:00,2.0876,2.0886,2.0863,2.0863,406238.9
2025-12-10 05:30:00+00:00,2.0863,2.0867,2.0823,2.0834,1391605.2
2025-12-10 05:35:00+00:00,2.0835,2.0852,2.0834,2.0834,766902.8
2025-12-10 05:40:00+00:00,2.0834,2.0856,2.0832,2.0853,599420.8
2025-12-10 05:45:00+00:00,2.0853,2.0872,2.0853,2.0866,474348.3
2025-12-10 05:50:00+00:00,2.0866,2.087,2.085,2.0861,566449.1
2025-12-10 05:55:00+00:00,2.0861,2.0885,2.0858,2.0872,581496.7
2025-12-10 06:00:00+00:00,2.0873,2.0877,2.0818,2.0827,882124.9
2025-12-10 06:05:00+00:00,2.0827,2.0851,2.0824,2.0845,546511.8
2025-12-10 06:10:00+00:00,2.0845,2.0885,2.0836,2.0868,811374.8
2025-12-10 06:15:00+00:00,2.0868,2.0869,2.0847,2.0849,465394.6
2025-12-10 06:20:00+00:00,2.085,2.0876,2.0849,2.0873,513412.1
2025-12-10 06:25:00+00:00,2.0873,2.088,2.0864,2.0874,406842.1
2025-12-10 06:30:00+00:00,2.0875,2.0886,2.0857,2.0857,628487.7
2025-12-10 06:35:00+00:00,2.0857,2.0863,2.0845,2.0853,629122.5
2025-12-10 06:40:00+00:00,2.0854,2.088,2.0839,2.0878,662834.0
2025-12-10 06:45:00+00:00,2.0878,2.0879,2.0852,2.0868,474328.7
2025-12-10 06:50:00+00:00,2.0868,2.0868,2.0822,2.0847,564083.5
2025-12-10 06:55:00+00:00,2.0848,2.087,2.0846,2.0852,554605.7
2025-12-10 07:00:00+00:00,2.0852,2.0852,2.0827,2.0828,660556.9
2025-12-10 07:05:00+00:00,2.0827,2.0832,2.079,2.0802,1103923.9
2025-12-10 07:10:00+00:00,2.0803,2.0814,2.0797,2.0802,1163925.8
2025-12-10 07:15:00+00:00,2.0801,2.0806,2.0752,2.0768,2584897.3
2025-12-10 07:20:00+00:00,2.0769,2.0802,2.0763,2.0794,924081.2
2025-12-10 07:25:00+00:00,2.0794,2.0799,2.0777,2.0779,571987.2
2025-12-10 07:30:00+00:00,2.0779,2.0791,2.0768,2.079,759770.7
2025-12-10 07:35:00+00:00,2.0789,2.0807,2.0781,2.0803,547956.8
2025-12-10 07:40:00+00:00,2.0804,2.083,2.0795,2.0815,760590.1
2025-12-10 07:45:00+00:00,2.0814,2.0823,2.0801,2.0821,608139.0
2025-12-10 07:50:00+00:00,2.0822,2.0841,2.082,2.0827,658088.3
2025-12-10 07:55:00+00:00,2.0826,2.0834,2.0814,2.0834,522350.6
2025-12-10 08:00:00+00:00,2.0833,2.0838,2.0805,2.0817,910949.4
2025-12-10 08:05:00+00:00,2.0817,2.0841,2.0815,2.0841,807817.2
2025-12-10 08:10:00+00:00,2.0841,2.0842,2.0815,2.0823,572980.9
2025-12-10 08:15:00+00:00,2.0823,2.083,2.0808,2.0812,823661.1
2025-12-10 08:20:00+00:00,2.0812,2.083,2.0802,2.0819,367713.9
2025-12-10 08:25:00+00:00,2.082,2.0821,2.0802,2.0807,468571.8
2025-12-10 08:30:00+00:00,2.0808,2.0826,2.0767,2.0772,1105719.1
2025-12-10 08:35:00+00:00,2.0772,2.0817,2.0772,2.0793,2085179.7
2025-12-10 08:40:00+00:00,2.0793,2.0793,2.077,2.077,447269.6
2025-12-10 08:45:00+00:00,2.077,2.0798,2.0767,2.0782,544687.8
2025-12-10 08:50:00+00:00,2.0781,2.0786,2.0771,2.0777,461647.2
2025-12-10 08:55:00+00:00,2.0778,2.078,2.0763,2.0768,686645.1
2025-12-10 09:00:00+00:00,2.0768,2.0775,2.0715,2.0744,3105614.1
2025-12-10 09:05:00+00:00,2.0744,2.0754,2.0732,2.0741,887899.1
2025-12-10 09:10:00+00:00,2.0741,2.0748,2.0726,2.073,882013.3
2025-12-10 09:15:00+00:00,2.073,2.0739,2.0712,2.0728,1364131.4
2025-12-10 09:20:00+00:00,2.0727,2.0738,2.0705,2.0715,1219686.4
2025-12-10 09:25:00+00:00,2.0716,2.0741,2.0714,2.0739,836252.9
2025-12-10 09:30:00+00:00,2.0739,2.0776,2.0739,2.0769,1273891.2
2025-12-10 09:35:00+00:00,2.0768,2.0778,2.0763,2.0775,519806.9
2025-12-10 09:40:00+00:00,2.0776,2.0778,2.0768,2.0773,677248.7
2025-12-10 09:45:00+00:00,2.0773,2.088,2.077,2.0849,2963065.5
2025-12-10 09:50:00+00:00,2.0849,2.086,2.0828,2.086,1108800.7
2025-12-10 09:55:00+00:00,2.0859,2.0886,2.0856,2.0876,2005057.9
2025-12-10 10:00:00+00:00,2.0876,2.0974,2.0861,2.0962,4482992.8
2025-12-10 10:05:00+00:00,2.0962,2.0966,2.0872,2.0879,4890357.7
2025-12-10 10:10:00+00:00,2.0878,2.0885,2.0841,2.0854,1532968.5
2025-12-10 10:15:00+00:00,2.0853,2.0854,2.0812,2.0825,1459845.2
2025-12-10 10:20:00+00:00,2.0824,2.0826,2.0757,2.0766,2508464.7
2025-12-10 10:25:00+00:00,2.0766,2.0766,2.0723,2.0724,1982991.0
2025-12-10 10:30:00+00:00,2.0724,2.073,2.0676,2.0707,6360066.8
2025-12-10 10:35:00+00:00,2.0706,2.0723,2.0691,2.071,1707452.1
2025-12-10 10:40:00+00:00,2.0711,2.0719,2.0656,2.0702,2680596.8
2025-12-10 10:45:00+00:00,2.0703,2.0728,2.0681,2.0695,1718428.5
2025-12-10 10:50:00+00:00,2.0695,2.0723,2.0692,2.0708,1265629.6
2025-12-10 10:55:00+00:00,2.0707,2.0732,2.0681,2.0686,1262149.1
2025-12-10 11:00:00+00:00,2.0686,2.0718,2.0675,2.0711,1301234.4
2025-12-10 11:05:00+00:00,2.071,2.0742,2.071,2.0718,982214.4
2025-12-10 11:10:00+00:00,2.0718,2.0736,2.0705,2.0705,830278.5
2025-12-10 11:15:00+00:00,2.0705,2.0727,2.0701,2.0706,847830.0
2025-12-10 11:20:00+00:00,2.0706,2.0713,2.067,2.0685,962455.8
2025-12-10 11:25:00+00:00,2.0685,2.0696,2.0669,2.068,642255.7
2025-12-10 11:30:00+00:00,2.068,2.0707,2.0667,2.0671,874613.0
2025-12-10 11:35:00+00:00,2.067,2.0681,2.0625,2.0646,2333467.7
2025-12-10 11:40:00+00:00,2.0645,2.0678,2.0631,2.0671,1950176.9
2025-12-10 11:45:00+00:00,2.067,2.0696,2.0643,2.0686,1626319.1
2025-12-10 11:50:00+00:00,2.0686,2.0702,2.068,2.0683,946070.6
2025-12-10 11:55:00+00:00,2.0683,2.0716,2.0683,2.0707,1202000.0
2025-12-10 12:00:00+00:00,2.0707,2.0718,2.0682,2.0685,1055233.5
2025-12-10 12:05:00+00:00,2.0685,2.0695,2.0657,2.0669,1566436.4
2025-12-10 12:10:00+00:00,2.0669,2.0674,2.0647,2.0651,825437.4
2025-12-10 12:15:00+00:00,2.0651,2.0652,2.0636,2.0637,1206267.8
2025-12-10 12:20:00+00:00,2.0637,2.0653,2.0634,2.0649,807070.8
2025-12-10 12:25:00+00:00,2.065,2.065,2.0606,2.0618,2201806.7
2025-12-10 12:30:00+00:00,2.0618,2.0652,2.061,2.0634,1120390.9
2025-12-10 12:35:00+00:00,2.0634,2.0634,2.058,2.0588,2358483.4
2025-12-10 12:40:00+00:00,2.0588,2.0635,2.0587,2.0623,1876636.1
2025-12-10 12:45:00+00:00,2.0623,2.0633,2.0605,2.0614,732408.7
2025-12-10 12:50:00+00:00,2.0614,2.0615,2.0583,2.0604,1048895.1
2025-12-10 12:55:00+00:00,2.0604,2.065,2.0604,2.0633,1753700.2
2025-12-10 13:00:00+00:00,2.0634,2.0647,2.0614,2.063,1121550.7
2025-12-10 13:05:00+00:00,2.063,2.0668,2.0627,2.0634,1387827.9
2025-12-10 13:10:00+00:00,2.0635,2.0635,2.059,2.0613,1447342.1
2025-12-10 13:15:00+00:00,2.0613,2.0625,2.0592,2.0621,559198.1
2025-12-10 13:20:00+00:00,2.0621,2.0664,2.0619,2.0664,1274205.7
2025-12-10 13:25:00+00:00,2.0664,2.0668,2.064,2.064,1527173.1
2025-12-10 13:30:00+00:00,2.0641,2.0664,2.0634,2.0655,1488056.4
2025-12-10 13:35:00+00:00,2.0654,2.0663,2.0622,2.0622,1779139.4
2025-12-10 13:40:00+00:00,2.0621,2.0648,2.0608,2.0648,829319.4
2025-12-10 13:45:00+00:00,2.0648,2.0685,2.0624,2.0624,1412580.3
2025-12-10 13:50:00+00:00,2.0624,2.0642,2.0623,2.0637,1060819.3
2025-12-10 13:55:00+00:00,2.0637,2.064,2.0627,2.0636,515091.5
2025-12-10 14:00:00+00:00,2.0635,2.0649,2.0608,2.0631,1534655.3
2025-12-10 14:05:00+00:00,2.063,2.0649,2.061,2.0627,761494.7
2025-12-10 14:10:00+00:00,2.0628,2.0633,2.0611,2.0613,459198.5
2025-12-10 14:15:00+00:00,2.0613,2.0618,2.0598,2.0614,675390.8
2025-12-10 14:20:00+00:00,2.0613,2.0634,2.0599,2.0607,850515.8
2025-12-10 14:25:00+00:00,2.0608,2.061,2.0579,2.0602,1146136.7
2025-12-10 14:30:00+00:00,2.0602,2.0677,2.0561,2.0636,4418390.3
2025-12-10 14:35:00+00:00,2.0636,2.0646,2.0588,2.0598,1930236.3
2025-12-10 14:40:00+00:00,2.0599,2.065,2.059,2.0605,1073284.3
2025-12-10 14:45:00+00:00,2.0606,2.0635,2.0589,2.0597,1133371.5
2025-12-10 14:50:00+00:00,2.0596,2.0636,2.0573,2.0634,1696473.3
2025-12-10 14:55:00+00:00,2.0635,2.0638,2.0591,2.0628,1089554.7
2025-12-10 15:00:00+00:00,2.0627,2.0706,2.0615,2.0688,2191957.8
2025-12-10 15:05:00+00:00,2.0688,2.0718,2.0665,2.0696,2075613.4
2025-12-10 15:10:00+00:00,2.0697,2.0721,2.0681,2.0708,1221468.7
2025-12-10 15:15:00+00:00,2.0707,2.0707,2.0669,2.0674,733611.7
2025-12-10 15:20:00+00:00,2.0674,2.0724,2.065,2.0694,1466178.5
2025-12-10 15:25:00+00:00,2.0695,2.0698,2.0651,2.0684,795484.6
2025-12-10 15:30:00+00:00,2.0684,2.0699,2.0627,2.0631,1044386.2
2025-12-10 15:35:00+00:00,2.0631,2.0641,2.0577,2.064,2178896.2
2025-12-10 15:40:00+00:00,2.064,2.067,2.0608,2.0653,1073230.0
2025-12-10 15:45:00+00:00,2.0652,2.0666,2.0543,2.0639,6040284.1
2025-12-10 15:50:00+00:00,2.0639,2.0648,2.0588,2.0604,1870606.3
2025-12-10 15:55:00+00:00,2.0604,2.0613,2.0586,2.0605,1036092.9
2025-12-10 16:00:00+00:00,2.0606,2.0635,2.056,2.0634,2557324.1
2025-12-10 16:05:00+00:00,2.0635,2.065,2.06,2.0603,1658283.3
2025-12-10 16:10:00+00:00,2.0602,2.0656,2.0585,2.0633,1274873.6
2025-12-10 16:15:00+00:00,2.0632,2.0692,2.0618,2.0692,2583582.4
2025-12-10 16:20:00+00:00,2.0692,2.0699,2.0663,2.0691,1158157.0
2025-12-10 16:25:00+00:00,2.069,2.0732,2.0671,2.0701,2070829.9
2025-12-10 16:30:00+00:00,2.0702,2.0705,2.0634,2.0644,1358284.9
2025-12-10 16:35:00+00:00,2.0644,2.0682,2.0631,2.068,2505914.5
2025-12-10 16:40:00+00:00,2.0681,2.0687,2.0637,2.0686,619648.8
2025-12-10 16:45:00+00:00,2.0686,2.0696,2.0655,2.068,1097598.5
2025-12-10 16:50:00+00:00,2.068,2.0729,2.068,2.0721,1151100.3
2025-12-10 16:55:00+00:00,2.0721,2.0721,2.0663,2.0672,1535924.9
2025-12-10 17:00:00+00:00,2.0671,2.0675,2.0638,2.0645,1355635.9
2025-12-10 17:05:00+00:00,2.0645,2.0657,2.0628,2.0644,752842.0
2025-12-10 17:10:00+00:00,2.0644,2.0662,2.0625,2.0655,879136.8
2025-12-10 17:15:00+00:00,2.0654,2.0727,2.0638,2.0701,1419371.1
2025-12-10 17:20:00+00:00,2.0702,2.0744,2.0698,2.0734,2242000.6
2025-12-10 17:25:00+00:00,2.0734,2.0747,2.0704,2.0704,1311922.8
2025-12-10 17:30:00+00:00,2.0704,2.0708,2.0659,2.068,1520536.3
2025-12-10 17:35:00+00:00,2.0681,2.0694,2.0665,2.068,865819.6
2025-12-10 17:40:00+00:00,2.0681,2.0681,2.0648,2.0669,1022491.0
2025-12-10 17:45:00+00:00,2.0669,2.067,2.0609,2.0629,2743988.8
2025-12-10 17:50:00+00:00,2.0628,2.0631,2.0587,2.0607,1159815.8
2025-12-10 17:55:00+00:00,2.0607,2.0616,2.0591,2.0606,796145.2
2025-12-10 18:00:00+00:00,2.0606,2.0607,2.0579,2.0596,994030.2
2025-12-10 18:05:00+00:00,2.0596,2.062,2.0583,2.0614,745936.7
2025-12-10 18:10:00+00:00,2.0614,2.0659,2.0603,2.064,881765.3
2025-12-10 18:15:00+00:00,2.064,2.0658,2.0608,2.0617,1092361.1
2025-12-10 18:20:00+00:00,2.0618,2.0621,2.0574,2.0586,1470719.2
2025-12-10 18:25:00+00:00,2.0586,2.0621,2.058,2.0615,1124939.1
2025-12-10 18:30:00+00:00,2.0614,2.0694,2.0603,2.068,1621501.1
2025-12-10 18:35:00+00:00,2.068,2.0853,2.0672,2.0846,6968454.4
2025-12-10 18:40:00+00:00,2.0846,2.0848,2.0627,2.0693,6432447.0
2025-12-10 18:45:00+00:00,2.0693,2.0747,2.0688,2.0725,2204512.1
2025-12-10 18:50:00+00:00,2.0725,2.0732,2.064,2.0677,2267841.8
2025-12-10 18:55:00+00:00,2.0676,2.0699,2.0601,2.0671,2927164.5
2025-12-10 19:00:00+00:00,2.0671,2.087,2.0328,2.0583,35890527.0
2025-12-10 19:05:00+00:00,2.0582,2.072,2.0565,2.0712,6703253.3
2025-12-10 19:10:00+00:00,2.0713,2.0766,2.07,2.0726,3865214.5
2025-12-10 19:15:00+00:00,2.0726,2.0786,2.0672,2.0691,3292209.7
2025-12-10 19:20:00+00:00,2.069,2.0738,2.0632,2.0648,3028813.2
2025-12-10 19:25:00+00:00,2.0648,2.0669,2.0555,2.0604,4033340.0
2025-12-10 19:30:00+00:00,2.0604,2.0802,2.0597,2.0775,4731262.9
2025-12-10 19:35:00+00:00,2.0775,2.0779,2.06,2.0748,6604459.3
2025-12-10 19:40:00+00:00,2.0748,2.076,2.0557,2.0615,6025917.7
2025-12-10 19:45:00+00:00,2.0614,2.0665,2.0594,2.0643,2417038.5
2025-12-10 19:50:00+00:00,2.0642,2.0695,2.0597,2.0673,2085783.7
2025-12-10 19:55:00+00:00,2.0674,2.0721,2.0659,2.0674,2118662.2
2025-12-10 20:00:00+00:00,2.0674,2.0705,2.0596,2.0674,3338687.2
2025-12-10 20:05:00+00:00,2.0674,2.0823,2.0659,2.0795,3365833.8
2025-12-10 20:10:00+00:00,2.0795,2.1042,2.0762,2.1028,8945608.6
2025-12-10 20:15:00+00:00,2.1027,2.1093,2.0805,2.0806,12173837.6
2025-12-10 20:20:00+00:00,2.0804,2.0937,2.072,2.0827,10423504.1
2025-12-10 20:25:00+00:00,2.0828,2.0898,2.0815,2.0876,2569586.9
2025-12-10 20:30:00+00:00,2.0876,2.0954,2.0825,2.0935,4131976.9
2025-12-10 20:35:00+00:00,2.0935,2.0942,2.0861,2.0883,1813639.3
2025-12-10 20:40:00+00:00,2.0883,2.092,2.0871,2.0881,1308079.4
2025-12-10 20:45:00+00:00,2.088,2.0893,2.0751,2.0804,2824882.5
2025-12-10 20:50:00+00:00,2.0805,2.0815,2.0572,2.0644,7034750.3
2025-12-10 20:55:00+00:00,2.0644,2.0675,2.0562,2.0626,9570196.3
2025-12-10 21:00:00+00:00,2.0626,2.0679,2.0562,2.0562,3991233.7
2025-12-10 21:05:00+00:00,2.0561,2.0584,2.0457,2.0497,7191645.6
2025-12-10 21:10:00+00:00,2.0497,2.0578,2.0438,2.0554,3708551.4
2025-12-10 21:15:00+00:00,2.0554,2.0619,2.0531,2.0587,2212576.4
2025-12-10 21:20:00+00:00,2.0586,2.0634,2.0582,2.0612,1341448.7
2025-12-10 21:25:00+00:00,2.0613,2.0641,2.0545,2.056,1427288.9
2025-12-10 21:30:00+00:00,2.056,2.0565,2.0481,2.0502,1897311.5
2025-12-10 21:35:00+00:00,2.0501,2.0571,2.0501,2.0557,1353157.6
2025-12-10 21:40:00+00:00,2.0558,2.056,2.049,2.0521,879402.0
2025-12-10 21:45:00+00:00,2.0521,2.0522,2.0492,2.051,1129178.8
2025-12-10 21:50:00+00:00,2.0511,2.057,2.0508,2.0532,1081440.8
2025-12-10 21:55:00+00:00,2.0533,2.0533,2.0431,2.0461,2085020.7
2025-12-10 22:00:00+00:00,2.0461,2.0499,2.044,2.0489,1737813.2
2025-12-10 22:05:00+00:00,2.0489,2.0538,2.0485,2.0532,2037346.6
2025-12-10 22:10:00+00:00,2.0533,2.0546,2.0385,2.0425,3500379.3
2025-12-10 22:15:00+00:00,2.0424,2.0459,2.0329,2.0377,3296415.5
2025-12-10 22:20:00+00:00,2.0376,2.0446,2.0375,2.0445,1785990.2
2025-12-10 22:25:00+00:00,2.0445,2.0526,2.0432,2.0456,2846241.2
2025-12-10 22:30:00+00:00,2.0456,2.0493,2.0419,2.0475,1337482.6
2025-12-10 22:35:00+00:00,2.0475,2.0552,2.0464,2.0501,1261559.7
2025-12-10 22:40:00+00:00,2.0501,2.0556,2.0495,2.0535,699991.9
2025-12-10 22:45:00+00:00,2.0535,2.0575,2.0518,2.0518,820216.8
2025-12-10 22:50:00+00:00,2.0518,2.0539,2.05,2.0515,465656.4
2025-12-10 22:55:00+00:00,2.0514,2.0565,2.0513,2.0538,334469.2
2025-12-10 23:00:00+00:00,2.0537,2.0563,2.0489,2.0517,1048155.6
2025-12-10 23:05:00+00:00,2.0516,2.0518,2.0467,2.0473,760255.8
2025-12-10 23:10:00+00:00,2.0474,2.0531,2.0474,2.0488,827544.1
2025-12-10 23:15:00+00:00,2.0488,2.0499,2.0463,2.0477,728748.0
2025-12-10 23:20:00+00:00,2.0476,2.0485,2.0469,2.0475,414770.2
2025-12-10 23:25:00+00:00,2.0476,2.049,2.0458,2.0459,669982.3
2025-12-10 23:30:00+00:00,2.046,2.0471,2.0443,2.0463,715544.1
2025-12-10 23:35:00+00:00,2.0463,2.047,2.0422,2.0434,778174.1
2025-12-10 23:40:00+00:00,2.0434,2.0482,2.0433,2.0472,479976.4
2025-12-10 23:45:00+00:00,2.0472,2.0478,2.0444,2.0452,571702.5
2025-12-10 23:50:00+00:00,2.0453,2.0458,2.0397,2.0416,1309148.0
2025-12-10 23:55:00+00:00,2.0416,2.0427,2.039,2.0406,960926.8
2025-12-11 00:00:00+00:00,2.0406,2.0457,2.039,2.0441,1953771.4
2025-12-11 00:05:00+00:00,2.0442,2.0455,2.041,2.0427,1012665.9
2025-12-11 00:10:00+00:00,2.0427,2.0445,2.0417,2.0439,586388.4
2025-12-11 00:15:00+00:00,2.0439,2.0456,2.0432,2.0438,579891.6
2025-12-11 00:20:00+00:00,2.0437,2.0446,2.0406,2.0414,976938.9
2025-12-11 00:25:00+00:00,2.0414,2.0441,2.0413,2.042,653753.2
2025-12-11 00:30:00+00:00,2.0419,2.042,2.0357,2.0358,1636302.4
2025-12-11 00:35:00+00:00,2.0357,2.0414,2.0277,2.029,5685485.8
2025-12-11 00:40:00+00:00,2.0289,2.0335,2.0226,2.0314,6436339.7
2025-12-11 00:45:00+00:00,2.0314,2.0326,2.0199,2.0222,5900820.6
2025-12-11 00:50:00+00:00,2.0222,2.0305,2.0202,2.0305,2918584.6
2025-12-11 00:55:00+00:00,2.0305,2.0305,2.0254,2.028,1328359.1
2025-12-11 01:00:00+00:00,2.028,2.0289,2.0185,2.025,2605308.3
2025-12-11 01:05:00+00:00,2.0249,2.0278,2.0221,2.0237,1625234.6
2025-12-11 01:10:00+00:00,2.0238,2.0241,2.0175,2.0185,2251059.2
2025-12-11 01:15:00+00:00,2.0185,2.021,2.0107,2.012,3226030.0
2025-12-11 01:20:00+00:00,2.0119,2.0164,2.0084,2.0161,3381678.1
2025-12-11 01:25:00+00:00,2.0162,2.0227,2.0136,2.0214,1959419.3
2025-12-11 01:30:00+00:00,2.0215,2.027,2.0202,2.0224,1963166.9
2025-12-11 01:35:00+00:00,2.0224,2.0245,2.0178,2.0213,1077096.4
2025-12-11 01:40:00+00:00,2.0212,2.0216,2.019,2.0196,820560.6
2025-12-11 01:45:00+00:00,2.0196,2.0203,2.0174,2.0174,767833.8
2025-12-11 01:50:00+00:00,2.0173,2.0176,2.0136,2.0137,1344365.9
2025-12-11 01:55:00+00:00,2.0137,2.0151,2.0112,2.0118,1254383.7
2025-12-11 02:00:00+00:00,2.0117,2.013,2.0068,2.0088,3103067.4
2025-12-11 02:05:00+00:00,2.0088,2.0113,2.0039,2.0048,2672305.3
2025-12-11 02:10:00+00:00,2.0048,2.0057,2.0014,2.0046,4072620.0
2025-12-11 02:15:00+00:00,2.0045,2.0079,1.9989,2.0068,4512038.5
2025-12-11 02:20:00+00:00,2.0068,2.0104,2.0026,2.0054,2371962.6
2025-12-11 02:25:00+00:00,2.0054,2.0088,2.005,2.0052,1329038.0
2025-12-11 02:30:00+00:00,2.0052,2.006,2.0014,2.0034,2044726.8
2025-12-11 02:35:00+00:00,2.0035,2.0075,2.0013,2.0068,1027940.2
2025-12-11 02:40:00+00:00,2.0067,2.0112,2.0053,2.0084,1993867.4
2025-12-11 02:45:00+00:00,2.0085,2.0088,2.0012,2.0059,1383216.1
2025-12-11 02:50:00+00:00,2.0059,2.008,2.0034,2.0045,1605571.4
2025-12-11 02:55:00+00:00,2.0045,2.0051,2.0026,2.0051,693865.9
2025-12-11 03:00:00+00:00,2.0051,2.0051,1.996,1.9998,3714422.0
2025-12-11 03:05:00+00:00,1.9999,2.0022,1.9921,1.9937,3932498.6
2025-12-11 03:10:00+00:00,1.9938,1.9957,1.9911,1.995,3371065.7
2025-12-11 03:15:00+00:00,1.9951,1.9982,1.9923,1.9982,3125041.0
2025-12-11 03:20:00+00:00,1.9982,2.0055,1.998,2.003,2420417.1
2025-12-11 03:25:00+00:00,2.003,2.004,1.997,1.9982,1891460.2
2025-12-11 03:30:00+00:00,1.9982,1.9986,1.9934,1.9947,1690409.7
2025-12-11 03:35:00+00:00,1.9947,2.0013,1.9942,2.0007,1927215.7
2025-12-11 03:40:00+00:00,2.0008,2.0015,1.9977,2.0001,1105888.1
2025-12-11 03:45:00+00:00,2.0001,2.0024,1.9978,2.0004,1041245.2
2025-12-11 03:50:00+00:00,2.0004,2.0016,1.9983,1.9995,838894.6
2025-12-11 03:55:00+00:00,1.9994,2.0012,1.998,1.998,1152516.2
2025-12-11 04:00:00+00:00,1.9981,1.999,1.9937,1.9981,1937806.0
2025-12-11 04:05:00+00:00,1.9981,2.0017,1.998,2.0004,1345512.6
2025-12-11 04:10:00+00:00,2.0003,2.0044,1.9995,2.0024,2084057.0
2025-12-11 04:15:00+00:00,2.0024,2.0026,1.9973,2.0022,1698324.9
2025-12-11 04:20:00+00:00,2.0023,2.003,1.9993,2.0007,1300141.9
2025-12-11 04:25:00+00:00,2.0008,2.0032,2.0004,2.0016,985882.4
2025-12-11 04:30:00+00:00,2.0016,2.0039,2.0014,2.0032,1546526.8
2025-12-11 04:35:00+00:00,2.0032,2.0063,2.0028,2.0063,1404030.6
2025-12-11 04:40:00+00:00,2.0062,2.0086,2.005,2.0072,1735937.0
2025-12-11 04:45:00+00:00,2.0071,2.0138,2.0063,2.0132,3261455.0
2025-12-11 04:50:00+00:00,2.0132,2.018,2.0117,2.0168,3348926.1
2025-12-11 04:55:00+00:00,2.0169,2.018,2.0152,2.0155,1090061.8
2025-12-11 05:00:00+00:00,2.0156,2.0156,2.0107,2.0114,1292555.2
2025-12-11 05:05:00+00:00,2.0115,2.0117,2.0058,2.0073,1860328.4
2025-12-11 05:10:00+00:00,2.0074,2.0074,2.0058,2.0067,873028.1
2025-12-11 05:15:00+00:00,2.0066,2.0107,2.006,2.0102,878290.1
2025-12-11 05:20:00+00:00,2.0102,2.0129,2.0095,2.0105,1100161.0
2025-12-11 05:25:00+00:00,2.0106,2.0108,2.0084,2.0102,679736.6
2025-12-11 05:30:00+00:00,2.0102,2.0111,2.0074,2.0082,768547.0
2025-12-11 05:35:00+00:00,2.0082,2.01,2.0078,2.0087,590878.5
2025-12-11 05:40:00+00:00,2.0087,2.0101,2.0081,2.0093,468037.4
2025-12-11 05:45:00+00:00,2.0093,2.0133,2.0093,2.0121,702732.5
2025-12-11 05:50:00+00:00,2.0121,2.0146,2.0116,2.0143,976863.6
2025-12-11 05:55:00+00:00,2.0143,2.0145,2.0132,2.0132,493654.1
2025-12-11 06:00:00+00:00,2.0132,2.0141,2.0116,2.013,874843.2
2025-12-11 06:05:00+00:00,2.0129,2.0133,2.0106,2.0112,407134.7
2025-12-11 06:10:00+00:00,2.0113,2.013,2.0105,2.0126,693757.3
2025-12-11 06:15:00+00:00,2.0126,2.0136,2.0117,2.0132,1270025.0
2025-12-11 06:20:00+00:00,2.0131,2.0131,2.0075,2.0084,1431215.1
2025-12-11 06:25:00+00:00,2.0084,2.0085,2.0041,2.0052,1468514.6
2025-12-11 06:30:00+00:00,2.0053,2.0101,2.0047,2.0083,1452381.1
2025-12-11 06:35:00+00:00,2.0083,2.0136,2.0081,2.0122,1161016.5
2025-12-11 06:40:00+00:00,2.0122,2.0125,2.0078,2.009,846606.7
2025-12-11 06:45:00+00:00,2.0089,2.011,2.0085,2.0099,657150.8
2025-12-11 06:50:00+00:00,2.0099,2.0109,2.0083,2.0104,1103957.1
2025-12-11 06:55:00+00:00,2.0104,2.0142,2.0096,2.0124,1723654.5
2025-12-11 07:00:00+00:00,2.0125,2.0139,2.0114,2.0118,862895.6
2025-12-11 07:05:00+00:00,2.0118,2.013,2.0104,2.0112,521181.4
2025-12-11 07:10:00+00:00,2.0111,2.0125,2.0108,2.0113,342080.4
2025-12-11 07:15:00+00:00,2.0112,2.0134,2.0103,2.0123,755259.0
2025-12-11 07:20:00+00:00,2.0123,2.0123,2.0085,2.009,1223618.0
2025-12-11 07:25:00+00:00,2.0091,2.0093,2.0066,2.0081,936383.6
2025-12-11 07:30:00+00:00,2.0082,2.0123,2.0081,2.0098,600837.4
2025-12-11 07:35:00+00:00,2.0098,2.0113,2.008,2.008,650646.9
2025-12-11 07:40:00+00:00,2.0081,2.0083,2.004,2.004,834444.7
2025-12-11 07:45:00+00:00,2.004,2.0061,2.0028,2.0052,724979.8
2025-12-11 07:50:00+00:00,2.0053,2.0062,2.0044,2.0054,447227.2
2025-12-11 07:55:00+00:00,2.0055,2.0064,2.0047,2.0056,414065.3
2025-12-11 08:00:00+00:00,2.0056,2.0057,2.0024,2.0045,994973.1
2025-12-11 08:05:00+00:00,2.0045,2.0064,2.0023,2.0028,858414.4
2025-12-11 08:10:00+00:00,2.0028,2.003,2.0003,2.002,1492561.9
2025-12-11 08:15:00+00:00,2.0019,2.004,1.9994,1.9995,1065738.2
2025-12-11 08:20:00+00:00,1.9996,2.004,1.9994,2.0031,696275.8
2025-12-11 08:25:00+00:00,2.0032,2.0062,2.0026,2.0045,913154.7
2025-12-11 08:30:00+00:00,2.0045,2.0045,1.9997,2.0002,642772.5
2025-12-11 08:35:00+00:00,2.0003,2.0025,1.999,2.0008,944115.3
2025-12-11 08:40:00+00:00,2.0008,2.0059,2.0007,2.0033,2268992.4
2025-12-11 08:45:00+00:00,2.0033,2.0052,2.0031,2.0044,714860.0
2025-12-11 08:50:00+00:00,2.0044,2.012,2.0044,2.0092,2011361.5
2025-12-11 08:55:00+00:00,2.0092,2.0109,2.008,2.0107,904327.8
2025-12-11 09:00:00+00:00,2.0108,2.0127,2.0063,2.0072,1830138.4
2025-12-11 09:05:00+00:00,2.0072,2.0094,2.0065,2.0077,709232.4
2025-12-11 09:10:00+00:00,2.0077,2.0091,2.0065,2.0071,468931.7
2025-12-11 09:15:00+00:00,2.0071,2.0127,2.007,2.012,1408013.7
2025-12-11 09:20:00+00:00,2.012,2.016,2.012,2.0129,1840740.8
2025-12-11 09:25:00+00:00,2.0129,2.0147,2.0122,2.0146,564138.5
2025-12-11 09:30:00+00:00,2.0146,2.0173,2.0146,2.0154,1385173.0
2025-12-11 09:35:00+00:00,2.0154,2.0166,2.0143,2.0157,1314361.2
2025-12-11 09:40:00+00:00,2.0158,2.0158,2.0126,2.0126,1053812.5
2025-12-11 09:45:00+00:00,2.0127,2.0157,2.0125,2.0152,578794.8
2025-12-11 09:50:00+00:00,2.0152,2.0152,2.0119,2.0121,744346.4
2025-12-11 09:55:00+00:00,2.012,2.0122,2.0089,2.0115,880406.0
2025-12-11 10:00:00+00:00,2.0116,2.0141,2.0112,2.0123,855881.1
2025-12-11 10:05:00+00:00,2.0123,2.0138,2.0117,2.0132,401271.5
2025-12-11 10:10:00+00:00,2.0132,2.0142,2.0114,2.0135,492093.2
2025-12-11 10:15:00+00:00,2.0135,2.0138,2.0108,2.0118,641344.2
2025-12-11 10:20:00+00:00,2.0117,2.0122,2.009,2.0098,614252.6
2025-12-11 10:25:00+00:00,2.0097,2.0118,2.0097,2.0107,547128.6
2025-12-11 10:30:00+00:00,2.0108,2.011,2.0085,2.009,368512.4
2025-12-11 10:35:00+00:00,2.009,2.0092,2.0073,2.0082,440937.3
2025-12-11 10:40:00+00:00,2.0082,2.0097,2.0081,2.0087,372996.3
2025-12-11 10:45:00+00:00,2.0087,2.0107,2.0086,2.0098,495174.9
2025-12-11 10:50:00+00:00,2.0098,2.0148,2.0097,2.0142,788115.8
2025-12-11 10:55:00+00:00,2.0143,2.0149,2.013,2.0147,541253.0
2025-12-11 11:00:00+00:00,2.0147,2.0154,2.0132,2.0153,606904.1
2025-12-11 11:05:00+00:00,2.0154,2.016,2.0141,2.0154,564443.8
2025-12-11 11:10:00+00:00,2.0154,2.0161,2.0142,2.0146,456883.2
2025-12-11 11:15:00+00:00,2.0147,2.015,2.0121,2.0133,434936.6
2025-12-11 11:20:00+00:00,2.0132,2.0172,2.0128,2.0164,794542.1
2025-12-11 11:25:00+00:00,2.0163,2.0173,2.0153,2.0156,621013.1
2025-12-11 11:30:00+00:00,2.0156,2.0162,2.015,2.0153,518225.8
2025-12-11 11:35:00+00:00,2.0153,2.017,2.0145,2.0158,671869.5
2025-12-11 11:40:00+00:00,2.0159,2.0159,2.0139,2.0146,494617.0
2025-12-11 11:45:00+00:00,2.0146,2.0146,2.0096,2.0096,1375489.3
2025-12-11 11:50:00+00:00,2.0097,2.0106,2.0065,2.0092,2093364.5
2025-12-11 11:55:00+00:00,2.0091,2.0093,2.007,2.0071,843657.9
2025-12-11 12:00:00+00:00,2.007,2.0085,2.0051,2.0076,1037883.2
2025-12-11 12:05:00+00:00,2.0076,2.0076,2.004,2.004,997475.0
2025-12-11 12:10:00+00:00,2.004,2.0049,2.0028,2.0031,1370599.0
2025-12-11 12:15:00+00:00,2.0031,2.0055,2.0031,2.0047,936845.2
2025-12-11 12:20:00+00:00,2.0047,2.0083,2.0044,2.0072,1096929.3
2025-12-11 12:25:00+00:00,2.0072,2.0079,2.0063,2.0074,701253.4
2025-12-11 12:30:00+00:00,2.0075,2.0098,2.0072,2.0077,1699346.2
2025-12-11 12:35:00+00:00,2.0077,2.0085,2.0054,2.0084,764489.4
2025-12-11 12:40:00+00:00,2.0085,2.0118,2.0085,2.0112,1003442.7
2025-12-11 12:45:00+00:00,2.0112,2.012,2.0108,2.011,866055.2
2025-12-11 12:50:00+00:00,2.011,2.011,2.0062,2.0069,842100.4
2025-12-11 12:55:00+00:00,2.0068,2.0073,2.0051,2.0062,912489.3
2025-12-11 13:00:00+00:00,2.0061,2.009,2.0061,2.0074,1696915.2
2025-12-11 13:05:00+00:00,2.0075,2.008,2.0049,2.005,1000823.0
2025-12-11 13:10:00+00:00,2.005,2.0066,2.0049,2.006,686909.4
2025-12-11 13:15:00+00:00,2.006,2.0061,2.0039,2.005,877774.6
2025-12-11 13:20:00+00:00,2.005,2.0115,2.005,2.0086,1125556.9
2025-12-11 13:25:00+00:00,2.0086,2.0137,2.0086,2.0121,1448964.5
2025-12-11 13:30:00+00:00,2.0121,2.0126,2.0062,2.009,1306487.5
2025-12-11 13:35:00+00:00,2.0089,2.0131,2.0085,2.0113,827416.5
2025-12-11 13:40:00+00:00,2.0113,2.0135,2.0099,2.0103,581164.2
2025-12-11 13:45:00+00:00,2.0103,2.0106,2.0083,2.0088,558925.5
2025-12-11 13:50:00+00:00,2.0089,2.0109,2.0065,2.0101,1111376.7
2025-12-11 13:55:00+00:00,2.0101,2.0107,2.0071,2.0076,618081.8
2025-12-11 14:00:00+00:00,2.0077,2.0087,2.0067,2.0082,652272.7
2025-12-11 14:05:00+00:00,2.0082,2.0089,2.0059,2.007,881002.2
2025-12-11 14:10:00+00:00,2.0069,2.009,2.0053,2.0076,830078.2
2025-12-11 14:15:00+00:00,2.0076,2.009,2.0062,2.0072,811038.1
2025-12-11 14:20:00+00:00,2.0072,2.0081,2.0026,2.0028,1761852.3
2025-12-11 14:25:00+00:00,2.0027,2.004,1.9991,2.0008,4003903.1
2025-12-11 14:30:00+00:00,2.0008,2.0064,1.9929,1.9984,8716094.6
2025-12-11 14:35:00+00:00,1.9984,2.008,1.9982,2.0038,3470042.8
2025-12-11 14:40:00+00:00,2.0038,2.0063,1.9978,2.0004,2581593.8
2025-12-11 14:45:00+00:00,2.0005,2.0025,1.981,1.9908,19285541.4
2025-12-11 14:50:00+00:00,1.9907,1.991,1.974,1.9835,25536957.7
2025-12-11 14:55:00+00:00,1.9835,1.9948,1.9818,1.9895,8454488.3
2025-12-11 15:00:00+00:00,1.9896,1.9938,1.9857,1.9895,3568155.7
2025-12-11 15:05:00+00:00,1.9894,2.0009,1.9883,1.9971,6340601.2
2025-12-11 15:10:00+00:00,1.9971,2.0007,1.9919,1.9964,3261556.9
2025-12-11 15:15:00+00:00,1.9964,2.0008,1.991,1.9973,3132578.7
2025-12-11 15:20:00+00:00,1.9973,2.0084,1.9927,2.0077,7496679.9
2025-12-11 15:25:00+00:00,2.0077,2.0096,1.9981,1.9992,3586026.3
2025-12-11 15:30:00+00:00,1.9992,2.0002,1.995,1.9964,2347809.0
2025-12-11 15:35:00+00:00,1.9964,1.9991,1.9905,1.9905,2447905.8
2025-12-11 15:40:00+00:00,1.9905,1.9955,1.9889,1.9929,1798105.1
2025-12-11 15:45:00+00:00,1.9928,1.9977,1.9895,1.991,2074495.1
2025-12-11 15:50:00+00:00,1.9909,1.9951,1.9892,1.9916,1250792.5
2025-12-11 15:55:00+00:00,1.9915,1.9975,1.9915,1.9953,1385061.4
2025-12-11 16:00:00+00:00,1.9954,1.9985,1.9916,1.9921,2297093.9
2025-12-11 16:05:00+00:00,1.9921,1.993,1.9834,1.9842,2897934.0
2025-12-11 16:10:00+00:00,1.9841,1.988,1.9841,1.9866,1749281.2
2025-12-11 16:15:00+00:00,1.9866,1.9899,1.986,1.9888,1089603.1
2025-12-11 16:20:00+00:00,1.9889,1.991,1.9864,1.9902,1503135.0
2025-12-11 16:25:00+00:00,1.9903,1.9903,1.9869,1.9888,1187960.9
2025-12-11 16:30:00+00:00,1.9887,1.9904,1.9852,1.9875,860394.6
2025-12-11 16:35:00+00:00,1.9876,1.9949,1.9861,1.9941,1719414.7
2025-12-11 16:40:00+00:00,1.9941,2.0006,1.9922,1.9975,1880359.6
2025-12-11 16:45:00+00:00,1.9976,2.0034,1.9965,1.9967,1506424.9
2025-12-11 16:50:00+00:00,1.9967,1.9974,1.9888,1.9903,2000929.6
2025-12-11 16:55:00+00:00,1.9903,1.9917,1.9877,1.9901,1015310.7
2025-12-11 17:00:00+00:00,1.9901,1.9913,1.9834,1.9893,5671340.4
2025-12-11 17:05:00+00:00,1.9893,1.9907,1.9836,1.9847,1447608.3
2025-12-11 17:10:00+00:00,1.9847,1.9878,1.9826,1.9857,1343891.7
2025-12-11 17:15:00+00:00,1.9858,1.987,1.9838,1.9864,1240875.6
2025-12-11 17:20:00+00:00,1.9864,1.9933,1.9862,1.992,1612564.2
2025-12-11 17:25:00+00:00,1.9921,1.9954,1.9915,1.992,1582177.9
2025-12-11 17:30:00+00:00,1.992,1.9946,1.9898,1.9911,1235335.4
2025-12-11 17:35:00+00:00,1.9912,1.9975,1.9896,1.9947,1079646.9
2025-12-11 17:40:00+00:00,1.9947,1.9953,1.99,1.9907,1002622.0
2025-12-11 17:45:00+00:00,1.9908,1.9945,1.9906,1.9924,825838.5
2025-12-11 17:50:00+00:00,1.9923,1.9949,1.989,1.9925,3643493.4
2025-12-11 17:55:00+00:00,1.9925,1.9949,1.9917,1.9939,725244.4
2025-12-11 18:00:00+00:00,1.9938,2.0001,1.9905,1.9995,1904245.4
2025-12-11 18:05:00+00:00,1.9995,2.0009,1.9976,1.9999,1408910.8
2025-12-11 18:10:00+00:00,1.9999,2.0036,1.9996,2.001,2813614.3
2025-12-11 18:15:00+00:00,2.0011,2.0038,2.0001,2.0022,1403142.3
2025-12-11 18:20:00+00:00,2.0022,2.0052,2.0003,2.0026,1822667.1
2025-12-11 18:25:00+00:00,2.0026,2.0041,1.9988,2.0006,2033118.5
2025-12-11 18:30:00+00:00,2.0006,2.0015,1.9986,1.9993,1641730.6
2025-12-11 18:35:00+00:00,1.9994,2.0064,1.9994,2.0046,2341288.2
2025-12-11 18:40:00+00:00,2.0046,2.0221,2.0021,2.0203,11849020.4
2025-12-11 18:45:00+00:00,2.0204,2.0211,2.0102,2.0119,5567937.3
2025-12-11 18:50:00+00:00,2.0119,2.014,2.0025,2.0077,3910056.4
2025-12-11 18:55:00+00:00,2.0077,2.0077,2.0032,2.0066,1854592.2
2025-12-11 19:00:00+00:00,2.0066,2.0129,2.0064,2.0077,2896356.8
2025-12-11 19:05:00+00:00,2.0077,2.0077,1.9989,2.0038,2728962.1
2025-12-11 19:10:00+00:00,2.0038,2.008,2.0028,2.0078,1560595.4
2025-12-11 19:15:00+00:00,2.0078,2.0129,2.0061,2.0089,2395824.1
2025-12-11 19:20:00+00:00,2.009,2.0176,2.0078,2.0149,4336184.4
2025-12-11 19:25:00+00:00,2.0149,2.0162,2.0119,2.0149,1246226.1
2025-12-11 19:30:00+00:00,2.015,2.018,2.014,2.0174,1824808.9
2025-12-11 19:35:00+00:00,2.0174,2.0252,2.017,2.0212,5783703.8
2025-12-11 19:40:00+00:00,2.0212,2.0233,2.019,2.0211,1326504.9
2025-12-11 19:45:00+00:00,2.0211,2.0229,2.0198,2.0228,1054227.7
2025-12-11 19:50:00+00:00,2.0228,2.0247,2.013,2.0138,2208744.3
2025-12-11 19:55:00+00:00,2.0139,2.0162,2.0069,2.0101,3501087.6
2025-12-11 20:00:00+00:00,2.0101,2.0137,2.0045,2.0134,5313794.6
2025-12-11 20:05:00+00:00,2.0134,2.0159,2.0115,2.0159,2079419.6
2025-12-11 20:10:00+00:00,2.0158,2.0206,2.0153,2.0184,2816336.8
2025-12-11 20:15:00+00:00,2.0185,2.0199,2.0149,2.0155,2032471.6
2025-12-11 20:20:00+00:00,2.0156,2.0175,2.013,2.0145,1758161.3
2025-12-11 20:25:00+00:00,2.0146,2.0148,2.01,2.013,1575319.2
2025-12-11 20:30:00+00:00,2.013,2.0233,2.0123,2.0197,3011114.5
2025-12-11 20:35:00+00:00,2.0197,2.0203,2.0151,2.0199,1334145.5
2025-12-11 20:40:00+00:00,2.02,2.0257,2.0196,2.0225,3306867.6
2025-12-11 20:45:00+00:00,2.0224,2.0231,2.0184,2.0188,1173560.0
2025-12-11 20:50:00+00:00,2.0189,2.0246,2.0189,2.0221,3776595.1
2025-12-11 20:55:00+00:00,2.022,2.0286,2.0218,2.0232,4835682.5
2025-12-11 21:00:00+00:00,2.0232,2.0304,2.0225,2.029,3228300.7
2025-12-11 21:05:00+00:00,2.029,2.0396,2.028,2.0339,7249211.1
2025-12-11 21:10:00+00:00,2.0339,2.0388,2.0312,2.0343,2409255.2
2025-12-11 21:15:00+00:00,2.0343,2.0504,2.0343,2.0428,7800362.3
2025-12-11 21:20:00+00:00,2.0428,2.0442,2.0384,2.0414,2220263.8
2025-12-11 21:25:00+00:00,2.0413,2.0464,2.0387,2.0464,2189170.8
2025-12-11 21:30:00+00:00,2.0463,2.0559,2.0463,2.0509,5145943.1
2025-12-11 21:35:00+00:00,2.0509,2.0535,2.0462,2.0479,3184532.3
2025-12-11 21:40:00+00:00,2.0479,2.0528,2.0466,2.0512,1891617.9
2025-12-11 21:45:00+00:00,2.0513,2.053,2.0453,2.0471,2163396.9
2025-12-11 21:50:00+00:00,2.0471,2.0484,2.0412,2.0424,3169204.8
2025-12-11 21:55:00+00:00,2.0424,2.0455,2.0401,2.0405,2012401.5
2025-12-11 22:00:00+00:00,2.0405,2.0472,2.0405,2.0445,1659059.7
2025-12-11 22:05:00+00:00,2.0446,2.0456,2.0409,2.0409,1246231.3
2025-12-11 22:10:00+00:00,2.0409,2.0435,2.0391,2.0421,1670894.8
2025-12-11 22:15:00+00:00,2.0421,2.0434,2.0358,2.0364,2500769.1
2025-12-11 22:20:00+00:00,2.0364,2.0375,2.0287,2.0299,3403445.7
2025-12-11 22:25:00+00:00,2.0299,2.033,2.028,2.032,1874243.4
2025-12-11 22:30:00+00:00,2.0321,2.039,2.0299,2.0386,2036882.7
2025-12-11 22:35:00+00:00,2.0386,2.0389,2.0358,2.0373,865590.4
2025-12-11 22:40:00+00:00,2.0373,2.0381,2.0307,2.033,892579.7
2025-12-11 22:45:00+00:00,2.033,2.033,2.0271,2.0299,753012.0
2025-12-11 22:50:00+00:00,2.0298,2.0322,2.0297,2.0317,704896.5
2025-12-11 22:55:00+00:00,2.0317,2.035,2.0307,2.0327,546689.7
2025-12-11 23:00:00+00:00,2.0327,2.0369,2.0311,2.0311,1663684.9
2025-12-11 23:05:00+00:00,2.0312,2.0357,2.0312,2.0332,1018067.5
2025-12-11 23:10:00+00:00,2.0331,2.0357,2.03,2.0322,1107671.3
2025-12-11 23:15:00+00:00,2.0321,2.0346,2.031,2.031,631111.5
2025-12-11 23:20:00+00:00,2.0309,2.0366,2.0302,2.0338,990158.3
2025-12-11 23:25:00+00:00,2.0338,2.0344,2.0322,2.033,428648.0
2025-12-11 23:30:00+00:00,2.0329,2.0382,2.032,2.0382,652055.1
2025-12-11 23:35:00+00:00,2.0381,2.0392,2.0369,2.038,712955.2
2025-12-11 23:40:00+00:00,2.038,2.0392,2.0365,2.0389,604565.8
2025-12-11 23:45:00+00:00,2.0389,2.0395,2.0358,2.0365,720502.0
2025-12-11 23:50:00+00:00,2.0364,2.0375,2.0311,2.0326,818652.1
2025-12-11 23:55:00+00:00,2.0325,2.0342,2.0324,2.033,474798.9
2025-12-12 00:00:00+00:00,2.033,2.0333,2.028,2.0286,2739838.9
2025-12-12 00:05:00+00:00,2.0285,2.0315,2.0271,2.0278,2464779.2
2025-12-12 00:10:00+00:00,2.0279,2.0292,2.0267,2.0273,1759827.2
2025-12-12 00:15:00+00:00,2.0273,2.0357,2.0272,2.0351,1780081.8
2025-12-12 00:20:00+00:00,2.0351,2.0385,2.033,2.0341,1056852.1
2025-12-12 00:25:00+00:00,2.0342,2.0343,2.03,2.0315,647419.7
2025-12-12 00:30:00+00:00,2.0316,2.0329,2.0308,2.0319,449731.0
2025-12-12 00:35:00+00:00,2.0318,2.0345,2.0317,2.0333,404209.8
2025-12-12 00:40:00+00:00,2.0333,2.035,2.0309,2.0312,657683.0
2025-12-12 00:45:00+00:00,2.0312,2.0325,2.0271,2.0284,938893.8
2025-12-12 00:50:00+00:00,2.0284,2.03,2.0243,2.0248,1378674.5
2025-12-12 00:55:00+00:00,2.0248,2.0283,2.0143,2.0162,4378492.6
2025-12-12 01:00:00+00:00,2.0161,2.0248,2.0161,2.0204,2159568.1
2025-12-12 01:05:00+00:00,2.0204,2.0269,2.0204,2.0254,1129275.1
2025-12-12 01:10:00+00:00,2.0254,2.0263,2.02,2.0214,1092161.0
2025-12-12 01:15:00+00:00,2.0214,2.028,2.021,2.0274,1689076.2
2025-12-12 01:20:00+00:00,2.0275,2.0309,2.0274,2.0292,1384400.2
2025-12-12 01:25:00+00:00,2.0293,2.0296,2.0254,2.0271,678165.2
2025-12-12 01:30:00+00:00,2.0272,2.0299,2.0252,2.0297,804618.7
2025-12-12 01:35:00+00:00,2.0297,2.03,2.0268,2.0284,1156789.8
2025-12-12 01:40:00+00:00,2.0284,2.0315,2.0284,2.0295,689102.4
2025-12-12 01:45:00+00:00,2.0295,2.0309,2.0276,2.0278,518246.2
2025-12-12 01:50:00+00:00,2.0279,2.0284,2.0272,2.0275,319645.4
2025-12-12 01:55:00+00:00,2.0276,2.0284,2.0247,2.0272,535872.2
2025-12-12 02:00:00+00:00,2.0273,2.0292,2.0245,2.0278,793273.2
2025-12-12 02:05:00+00:00,2.0279,2.0319,2.0277,2.0311,726022.1
2025-12-12 02:10:00+00:00,2.0311,2.0391,2.0311,2.0358,2229355.1
2025-12-12 02:15:00+00:00,2.0358,2.0381,2.0339,2.0354,707571.4
2025-12-12 02:20:00+00:00,2.0355,2.0397,2.0355,2.0374,917782.5
2025-12-12 02:25:00+00:00,2.0373,2.0392,2.0363,2.0371,512947.6
2025-12-12 02:30:00+00:00,2.0371,2.039,2.0358,2.038,1321075.5
2025-12-12 02:35:00+00:00,2.0379,2.0397,2.0375,2.0378,780626.5
2025-12-12 02:40:00+00:00,2.0379,2.039,2.0367,2.037,267804.1
2025-12-12 02:45:00+00:00,2.037,2.0408,2.0354,2.0408,1119340.3
2025-12-12 02:50:00+00:00,2.0408,2.041,2.0377,2.041,548265.8
2025-12-12 02:55:00+00:00,2.0409,2.0423,2.0394,2.0397,1223371.6
2025-12-12 03:00:00+00:00,2.0396,2.0409,2.038,2.04,856669.2
2025-12-12 03:05:00+00:00,2.04,2.042,2.0384,2.0389,665109.6
2025-12-12 03:10:00+00:00,2.039,2.0392,2.0346,2.0347,716681.8
2025-12-12 03:15:00+00:00,2.0347,2.0349,2.0307,2.0313,1045678.8
2025-12-12 03:20:00+00:00,2.0313,2.0319,2.0289,2.0292,949562.1
2025-12-12 03:25:00+00:00,2.0291,2.0309,2.029,2.0298,424490.2
2025-12-12 03:30:00+00:00,2.0298,2.031,2.0286,2.0304,605831.3
2025-12-12 03:35:00+00:00,2.0303,2.0323,2.0298,2.0323,557681.3
2025-12-12 03:40:00+00:00,2.0323,2.034,2.0316,2.0332,1063167.8
2025-12-12 03:45:00+00:00,2.0333,2.0356,2.0327,2.0327,1192936.3
2025-12-12 03:50:00+00:00,2.0327,2.0329,2.0315,2.032,300737.2
2025-12-12 03:55:00+00:00,2.032,2.032,2.0303,2.0306,298086.5
2025-12-12 04:00:00+00:00,2.0306,2.0321,2.029,2.0313,747659.4
2025-12-12 04:05:00+00:00,2.0313,2.0314,2.0297,2.0297,687547.8
2025-12-12 04:10:00+00:00,2.0297,2.0302,2.0291,2.0297,552915.1
2025-12-12 04:15:00+00:00,2.0297,2.0297,2.0277,2.0279,845050.0
2025-12-12 04:20:00+00:00,2.0279,2.0296,2.0276,2.0289,701664.8
2025-12-12 04:25:00+00:00,2.0289,2.0289,2.026,2.0264,719240.2
2025-12-12 04:30:00+00:00,2.0263,2.0269,2.025,2.026,777191.1
2025-12-12 04:35:00+00:00,2.0261,2.0277,2.0255,2.026,441426.0
2025-12-12 04:40:00+00:00,2.026,2.0279,2.0259,2.0278,456741.0
2025-12-12 04:45:00+00:00,2.0279,2.0281,2.0263,2.0276,446667.7
2025-12-12 04:50:00+00:00,2.0276,2.0299,2.0273,2.0287,783008.5
2025-12-12 04:55:00+00:00,2.0287,2.0302,2.0278,2.0284,650784.9
2025-12-12 05:00:00+00:00,2.0284,2.0347,2.0283,2.0338,1729060.3
2025-12-12 05:05:00+00:00,2.0338,2.034,2.0306,2.0306,598518.3
2025-12-12 05:10:00+00:00,2.0307,2.0307,2.025,2.0252,1109596.9
2025-12-12 05:15:00+00:00,2.0253,2.0282,2.0253,2.0273,618381.7
2025-12-12 05:20:00+00:00,2.0272,2.0278,2.0224,2.0238,1059901.3
2025-12-12 05:25:00+00:00,2.0238,2.0256,2.0232,2.0246,583039.9
2025-12-12 05:30:00+00:00,2.0246,2.0264,2.0235,2.0243,426405.8
2025-12-12 05:35:00+00:00,2.0243,2.0293,2.0243,2.0288,727226.0
2025-12-12 05:40:00+00:00,2.0288,2.0304,2.0282,2.0304,498384.1
2025-12-12 05:45:00+00:00,2.0305,2.036,2.0304,2.0328,1402699.8
2025-12-12 05:50:00+00:00,2.0328,2.034,2.0321,2.0336,701633.3
2025-12-12 05:55:00+00:00,2.0336,2.0365,2.0336,2.0357,720768.0
2025-12-12 06:00:00+00:00,2.0358,2.0374,2.0345,2.0366,1007983.1
2025-12-12 06:05:00+00:00,2.0367,2.0399,2.0358,2.0394,2017400.4
2025-12-12 06:10:00+00:00,2.0393,2.0408,2.0373,2.0406,1447598.5
2025-12-12 06:15:00+00:00,2.0406,2.0412,2.0371,2.0379,1274403.6
2025-12-12 06:20:00+00:00,2.0379,2.04,2.0378,2.0392,613384.9
2025-12-12 06:25:00+00:00,2.0391,2.0399,2.0365,2.0371,457426.4
2025-12-12 06:30:00+00:00,2.0371,2.0371,2.0348,2.0361,1054419.3
2025-12-12 06:35:00+00:00,2.036,2.0377,2.036,2.0369,449080.3
2025-12-12 06:40:00+00:00,2.037,2.0386,2.0368,2.0374,887711.6
2025-12-12 06:45:00+00:00,2.0375,2.04,2.0356,2.039,938026.8
2025-12-12 06:50:00+00:00,2.039,2.0391,2.0378,2.0389,643825.1
2025-12-12 06:55:00+00:00,2.039,2.0405,2.0389,2.04,789006.2
2025-12-12 07:00:00+00:00,2.04,2.0425,2.0394,2.0407,1035804.9
2025-12-12 07:05:00+00:00,2.0408,2.0408,2.0378,2.0382,618492.8
2025-12-12 07:10:00+00:00,2.0383,2.0394,2.0375,2.0377,592703.6
2025-12-12 07:15:00+00:00,2.0376,2.0394,2.0374,2.0391,559403.8
2025-12-12 07:20:00+00:00,2.0391,2.0398,2.0373,2.0374,770548.7
2025-12-12 07:25:00+00:00,2.0375,2.039,2.0368,2.0369,543880.6
2025-12-12 07:30:00+00:00,2.0369,2.0388,2.0348,2.0355,764794.9
2025-12-12 07:35:00+00:00,2.0355,2.0363,2.0312,2.0324,1926540.7
2025-12-12 07:40:00+00:00,2.0324,2.0358,2.0324,2.0347,794652.5
2025-12-12 07:45:00+00:00,2.0347,2.0358,2.0334,2.0358,283640.1
2025-12-12 07:50:00+00:00,2.0357,2.0379,2.0356,2.0379,482633.0
2025-12-12 07:55:00+00:00,2.0378,2.0379,2.0358,2.0363,704652.5
2025-12-12 08:00:00+00:00,2.0363,2.037,2.0348,2.0359,943266.4
2025-12-12 08:05:00+00:00,2.0359,2.0368,2.0347,2.0362,576314.5
2025-12-12 08:10:00+00:00,2.0362,2.0363,2.0343,2.0344,447366.7
2025-12-12 08:15:00+00:00,2.0344,2.035,2.0332,2.0346,472358.4
2025-12-12 08:20:00+00:00,2.0346,2.0346,2.0299,2.0307,1400043.5
2025-12-12 08:25:00+00:00,2.0308,2.0309,2.029,2.0298,796250.8
2025-12-12 08:30:00+00:00,2.0298,2.03,2.027,2.0299,1168926.2
2025-12-12 08:35:00+00:00,2.0299,2.03,2.0272,2.0289,666984.3
2025-12-12 08:40:00+00:00,2.0289,2.0291,2.0278,2.0285,356946.0
2025-12-12 08:45:00+00:00,2.0285,2.0288,2.0254,2.0277,1287205.7
2025-12-12 08:50:00+00:00,2.0277,2.0286,2.0269,2.0274,551162.2
2025-12-12 08:55:00+00:00,2.0274,2.0282,2.026,2.0279,692908.5
2025-12-12 09:00:00+00:00,2.0279,2.0287,2.0268,2.0274,895812.7
2025-12-12 09:05:00+00:00,2.0273,2.0283,2.026,2.026,419754.6
2025-12-12 09:10:00+00:00,2.026,2.0297,2.0259,2.0293,785436.9
2025-12-12 09:15:00+00:00,2.0294,2.0315,2.0292,2.0307,735783.3
2025-12-12 09:20:00+00:00,2.0308,2.031,2.0268,2.0274,762318.8
2025-12-12 09:25:00+00:00,2.0274,2.0288,2.0245,2.0249,734402.9
2025-12-12 09:30:00+00:00,2.0248,2.0266,2.0242,2.026,739445.4
2025-12-12 09:35:00+00:00,2.026,2.0271,2.0246,2.0249,477160.9
2025-12-12 09:40:00+00:00,2.0249,2.0272,2.0249,2.0261,339395.0
2025-12-12 09:45:00+00:00,2.0261,2.0292,2.0257,2.0291,720341.3
2025-12-12 09:50:00+00:00,2.0291,2.0331,2.0291,2.0313,1476675.4
2025-12-12 09:55:00+00:00,2.0314,2.036,2.0312,2.0348,1183978.2
2025-12-12 10:00:00+00:00,2.0348,2.0373,2.0342,2.0357,1282654.3
2025-12-12 10:05:00+00:00,2.0358,2.0378,2.0357,2.0375,675482.5
2025-12-12 10:10:00+00:00,2.0375,2.038,2.036,2.037,802695.9
2025-12-12 10:15:00+00:00,2.0369,2.037,2.0335,2.0342,1277734.6
2025-12-12 10:20:00+00:00,2.0342,2.035,2.033,2.0338,679173.0
2025-12-12 10:25:00+00:00,2.0338,2.0349,2.0335,2.0341,289199.2
2025-12-12 10:30:00+00:00,2.0341,2.0351,2.034,2.035,381878.1
2025-12-12 10:35:00+00:00,2.035,2.037,2.0345,2.0362,1301513.1
2025-12-12 10:40:00+00:00,2.0362,2.0372,2.0351,2.0358,480100.1
2025-12-12 10:45:00+00:00,2.0359,2.0362,2.0345,2.0362,369936.5
2025-12-12 10:50:00+00:00,2.0362,2.0383,2.0359,2.037,528919.7
2025-12-12 10:55:00+00:00,2.037,2.0385,2.0368,2.037,394163.9
2025-12-12 11:00:00+00:00,2.037,2.0384,2.0348,2.0373,887598.5
2025-12-12 11:05:00+00:00,2.0373,2.0383,2.0367,2.0371,510105.5
2025-12-12 11:10:00+00:00,2.0371,2.0384,2.0369,2.0383,466412.0
2025-12-12 11:15:00+00:00,2.0384,2.0384,2.0346,2.0348,1116031.1
2025-12-12 11:20:00+00:00,2.0348,2.0367,2.0345,2.0367,875774.2
2025-12-12 11:25:00+00:00,2.0366,2.0399,2.0366,2.0388,970320.4
2025-12-12 11:30:00+00:00,2.0388,2.0411,2.0386,2.0407,560168.8
2025-12-12 11:35:00+00:00,2.0407,2.0417,2.0391,2.0395,608064.2
2025-12-12 11:40:00+00:00,2.0394,2.0438,2.039,2.043,1098863.8
2025-12-12 11:45:00+00:00,2.0429,2.045,2.041,2.0412,1279855.0
2025-12-12 11:50:00+00:00,2.0412,2.0417,2.0397,2.0406,521097.6
2025-12-12 11:55:00+00:00,2.0406,2.0415,2.0396,2.0412,545233.5
2025-12-12 12:00:00+00:00,2.0411,2.0414,2.0388,2.0392,803872.3
2025-12-12 12:05:00+00:00,2.0391,2.0409,2.0374,2.0391,910270.1
2025-12-12 12:10:00+00:00,2.0392,2.0394,2.0377,2.0379,722636.5
2025-12-12 12:15:00+00:00,2.0378,2.0394,2.0372,2.0388,385658.9
2025-12-12 12:20:00+00:00,2.0389,2.0413,2.0384,2.0405,536628.4
2025-12-12 12:25:00+00:00,2.0405,2.0406,2.0386,2.0388,545737.6
2025-12-12 12:30:00+00:00,2.0388,2.0428,2.0387,2.0427,618824.6
2025-12-12 12:35:00+00:00,2.0428,2.0433,2.0403,2.0411,604431.1
2025-12-12 12:40:00+00:00,2.0411,2.0412,2.0363,2.0394,2072263.2
2025-12-12 12:45:00+00:00,2.0395,2.0395,2.0359,2.0374,2329965.4
2025-12-12 12:50:00+00:00,2.0375,2.0448,2.0374,2.0442,1284231.4
2025-12-12 12:55:00+00:00,2.0441,2.0445,2.0427,2.0438,754472.5
2025-12-12 13:00:00+00:00,2.0437,2.0444,2.0421,2.0431,771721.3
2025-12-12 13:05:00+00:00,2.0431,2.0436,2.0412,2.0415,699882.3
2025-12-12 13:10:00+00:00,2.0416,2.0431,2.0415,2.0425,579117.8
2025-12-12 13:15:00+00:00,2.0425,2.0471,2.0406,2.0455,1693896.5
2025-12-12 13:20:00+00:00,2.0454,2.0459,2.0411,2.0416,656529.0
2025-12-12 13:25:00+00:00,2.0416,2.0427,2.0384,2.0387,1330000.0
2025-12-12 13:30:00+00:00,2.0386,2.0403,2.0386,2.0397,703688.0
2025-12-12 13:35:00+00:00,2.0396,2.0407,2.039,2.0402,417230.0
2025-12-12 13:40:00+00:00,2.0403,2.0418,2.0385,2.0395,1029340.8
2025-12-12 13:45:00+00:00,2.0395,2.0408,2.0388,2.0397,410267.1
2025-12-12 13:50:00+00:00,2.0397,2.0397,2.038,2.038,434923.5
2025-12-12 13:55:00+00:00,2.0381,2.0409,2.0381,2.0403,489708.7
2025-12-12 14:00:00+00:00,2.0403,2.0415,2.0388,2.0396,645093.0
2025-12-12 14:05:00+00:00,2.0396,2.0399,2.037,2.0372,689450.8
2025-12-12 14:10:00+00:00,2.0372,2.0372,2.0346,2.0354,1470595.4
2025-12-12 14:15:00+00:00,2.0353,2.0373,2.0336,2.0372,758602.9
2025-12-12 14:20:00+00:00,2.0372,2.0394,2.0351,2.0351,586391.7
2025-12-12 14:25:00+00:00,2.0351,2.036,2.0318,2.0326,1098611.2
2025-12-12 14:30:00+00:00,2.0326,2.0401,2.0295,2.037,4629250.7
2025-12-12 14:35:00+00:00,2.0371,2.0427,2.0356,2.0377,2237205.5
2025-12-12 14:40:00+00:00,2.0377,2.0394,2.0346,2.0389,2295198.4
2025-12-12 14:45:00+00:00,2.0389,2.0407,2.033,2.0337,1718279.7
2025-12-12 14:50:00+00:00,2.0337,2.0379,2.0304,2.0377,2424251.7
2025-12-12 14:55:00+00:00,2.0377,2.0388,2.0351,2.0369,995550.3
2025-12-12 15:00:00+00:00,2.0369,2.037,2.0251,2.0264,3737687.1
2025-12-12 15:05:00+00:00,2.0264,2.0295,2.023,2.025,3736709.3
2025-12-12 15:10:00+00:00,2.025,2.03,2.0245,2.0265,1821132.5
2025-12-12 15:15:00+00:00,2.0264,2.0265,2.0207,2.0247,4077123.8
2025-12-12 15:20:00+00:00,2.0248,2.0263,2.0174,2.0181,3456583.9
2025-12-12 15:25:00+00:00,2.0181,2.0192,2.004,2.0053,12648508.1
2025-12-12 15:30:00+00:00,2.0053,2.0085,1.9988,2.0006,11906365.5
2025-12-12 15:35:00+00:00,2.0007,2.0047,1.9936,2.0033,10002398.6
2025-12-12 15:40:00+00:00,2.0033,2.0034,1.992,2.0005,7589053.4
2025-12-12 15:45:00+00:00,2.0005,2.0033,1.9967,2.0016,5112863.5
2025-12-12 15:50:00+00:00,2.0016,2.0018,1.9905,1.991,5109802.1
2025-12-12 15:55:00+00:00,1.9909,1.994,1.9662,1.9768,27975452.6
2025-12-12 16:00:00+00:00,1.9768,1.9899,1.9716,1.9759,15107634.4
2025-12-12 16:05:00+00:00,1.976,1.9921,1.9742,1.9882,8892700.1
2025-12-12 16:10:00+00:00,1.9881,2.0022,1.9842,1.9887,25507611.2
2025-12-12 16:15:00+00:00,1.9888,1.989,1.9805,1.9841,6475458.0
2025-12-12 16:20:00+00:00,1.9842,1.9854,1.9738,1.9832,7833987.0
2025-12-12 16:25:00+00:00,1.9832,1.995,1.9804,1.9917,5985893.1
2025-12-12 16:30:00+00:00,1.9916,1.9916,1.9804,1.9835,3078210.8
2025-12-12 16:35:00+00:00,1.9835,1.9849,1.9728,1.9782,3768552.4
2025-12-12 16:40:00+00:00,1.9782,1.9823,1.976,1.9799,2773386.6
2025-12-12 16:45:00+00:00,1.9799,1.9841,1.9788,1.9813,2055704.9
2025-12-12 16:50:00+00:00,1.9814,1.9876,1.9792,1.9854,2160199.6
2025-12-12 16:55:00+00:00,1.9853,1.9904,1.9838,1.9866,2279181.6
2025-12-12 17:00:00+00:00,1.9866,1.9897,1.9846,1.9854,2574990.0
2025-12-12 17:05:00+00:00,1.9854,1.9952,1.9852,1.9913,2985371.9
2025-12-12 17:10:00+00:00,1.9913,1.9968,1.9907,1.9945,2675921.8
2025-12-12 17:15:00+00:00,1.9945,2.0017,1.9941,1.9999,3435461.0
2025-12-12 17:20:00+00:00,1.9999,2.001,1.9931,1.9954,1630184.6
2025-12-12 17:25:00+00:00,1.9953,1.9954,1.985,1.9851,2751470.5
2025-12-12 17:30:00+00:00,1.9851,1.9916,1.9841,1.9901,2220525.5
2025-12-12 17:35:00+00:00,1.9902,1.996,1.9874,1.9957,1842698.5
2025-12-12 17:40:00+00:00,1.9956,1.996,1.9922,1.9947,1272242.5
2025-12-12 17:45:00+00:00,1.9947,1.9999,1.9939,1.9982,1687895.4
2025-12-12 17:50:00+00:00,1.9982,1.9989,1.9933,1.9938,912240.2
2025-12-12 17:55:00+00:00,1.9939,1.9975,1.9934,1.9944,673376.5
2025-12-12 18:00:00+00:00,1.9945,1.9952,1.9878,1.9925,5183088.0
2025-12-12 18:05:00+00:00,1.9925,2.0,1.9917,1.9983,2374112.8
2025-12-12 18:10:00+00:00,1.9983,2.0077,1.9963,2.004,3918635.0
2025-12-12 18:15:00+00:00,2.0039,2.0075,2.0017,2.0017,1837764.3
2025-12-12 18:20:00+00:00,2.0018,2.0018,1.9973,1.9995,1535578.9
2025-12-12 18:25:00+00:00,1.9994,2.0069,1.9992,2.0067,1554148.1
2025-12-12 18:30:00+00:00,2.0067,2.0122,2.0061,2.0111,2159007.5
2025-12-12 18:35:00+00:00,2.0111,2.0149,2.0099,2.0149,1279961.0
2025-12-12 18:40:00+00:00,2.015,2.0215,2.0143,2.016,4004858.7
2025-12-12 18:45:00+00:00,2.016,2.0237,2.015,2.0236,1539034.8
2025-12-12 18:50:00+00:00,2.0237,2.0242,2.0129,2.0151,3311295.5
2025-12-12 18:55:00+00:00,2.0152,2.0159,2.0083,2.0109,2434444.4
2025-12-12 19:00:00+00:00,2.011,2.0131,2.0069,2.0105,2880702.3
2025-12-12 19:05:00+00:00,2.0105,2.011,2.0053,2.0089,1746647.3
2025-12-12 19:10:00+00:00,2.0089,2.0112,2.007,2.0077,1274662.3
2025-12-12 19:15:00+00:00,2.0077,2.01,2.0064,2.0081,1157075.1
2025-12-12 19:20:00+00:00,2.0081,2.0124,2.0076,2.012,1175214.6
2025-12-12 19:25:00+00:00,2.0121,2.0124,2.0011,2.0036,2569662.9
2025-12-12 19:30:00+00:00,2.0037,2.0068,2.0026,2.0028,892864.4
2025-12-12 19:35:00+00:00,2.0028,2.0044,1.9994,2.0008,949497.1
2025-12-12 19:40:00+00:00,2.0008,2.004,1.9973,1.9985,1586651.7
2025-12-12 19:45:00+00:00,1.9986,2.0006,1.9947,2.0001,2039768.8
2025-12-12 19:50:00+00:00,2.0,2.0049,1.9994,2.0047,1383773.9
2025-12-12 19:55:00+00:00,2.0047,2.0055,1.999,2.0019,1323614.9
2025-12-12 20:00:00+00:00,2.002,2.0029,1.9992,2.0025,1015315.3
2025-12-12 20:05:00+00:00,2.0024,2.0034,1.9978,2.0006,883244.8
2025-12-12 20:10:00+00:00,2.0005,2.0019,1.9968,1.999,807623.7
2025-12-12 20:15:00+00:00,1.9991,2.0042,1.9984,2.0011,975883.9
2025-12-12 20:20:00+00:00,2.0011,2.0012,1.9976,1.9992,821970.3
2025-12-12 20:25:00+00:00,1.9992,1.9993,1.9962,1.9982,732397.0
2025-12-12 20:30:00+00:00,1.9982,2.0006,1.997,2.0001,998675.4
2025-12-12 20:35:00+00:00,2.0,2.0008,1.9969,1.998,1169734.0
2025-12-12 20:40:00+00:00,1.998,2.0016,1.9974,2.0008,821172.4
2025-12-12 20:45:00+00:00,2.0008,2.0046,1.9992,2.0012,1303738.0
2025-12-12 20:50:00+00:00,2.0011,2.0048,2.0011,2.0043,1109955.5
2025-12-12 20:55:00+00:00,2.0043,2.0053,1.9983,1.9992,2044269.2
2025-12-12 21:00:00+00:00,1.9991,2.0009,1.9958,2.0,1503005.4
2025-12-12 21:05:00+00:00,1.9999,2.0024,1.9976,1.9994,903662.9
2025-12-12 21:10:00+00:00,1.9993,2.0014,1.9981,2.0001,981136.5
2025-12-12 21:15:00+00:00,2.0002,2.0003,1.9983,1.9988,353143.2
2025-12-12 21:20:00+00:00,1.9988,1.9994,1.9957,1.9965,485778.3
2025-12-12 21:25:00+00:00,1.9965,1.9976,1.9956,1.9976,567557.2
2025-12-12 21:30:00+00:00,1.9975,1.9998,1.9974,1.998,368524.4
2025-12-12 21:35:00+00:00,1.9981,2.0003,1.9977,1.9996,1111495.9
2025-12-12 21:40:00+00:00,1.9995,2.0013,1.9995,2.0007,351938.7
2025-12-12 21:45:00+00:00,2.0007,2.0031,2.0007,2.0025,640567.2
2025-12-12 21:50:00+00:00,2.0025,2.003,2.0007,2.0016,444567.6
2025-12-12 21:55:00+00:00,2.0015,2.0036,2.0011,2.0033,653455.0
2025-12-12 22:00:00+00:00,2.0032,2.0044,2.0023,2.0034,588082.3
2025-12-12 22:05:00+00:00,2.0035,2.0043,2.0024,2.0037,371892.2
2025-12-12 22:10:00+00:00,2.0037,2.0116,2.0037,2.0093,1637712.1
2025-12-12 22:15:00+00:00,2.0094,2.0102,2.0055,2.006,604645.6
2025-12-12 22:20:00+00:00,2.0061,2.0079,2.0039,2.0076,845737.4
2025-12-12 22:25:00+00:00,2.0077,2.0085,2.0054,2.0063,358535.1
2025-12-12 22:30:00+00:00,2.0062,2.0083,2.0047,2.0079,478666.5
2025-12-12 22:35:00+00:00,2.0079,2.0104,2.0077,2.0101,311656.7
2025-12-12 22:40:00+00:00,2.01,2.0107,2.009,2.0092,331388.3
2025-12-12 22:45:00+00:00,2.0093,2.0099,2.0071,2.0085,322672.8
2025-12-12 22:50:00+00:00,2.0085,2.0085,2.0071,2.0079,233972.1
2025-12-12 22:55:00+00:00,2.0078,2.0105,2.0072,2.0095,267960.0
2025-12-12 23:00:00+00:00,2.0095,2.0181,2.0095,2.0129,4426296.6
2025-12-12 23:05:00+00:00,2.0129,2.0161,2.0116,2.0123,921387.8
2025-12-12 23:10:00+00:00,2.0123,2.0138,2.0118,2.0128,721216.0
2025-12-12 23:15:00+00:00,2.0128,2.0129,2.01,2.0106,357810.8
2025-12-12 23:20:00+00:00,2.0105,2.0107,2.0094,2.0103,261798.2
2025-12-12 23:25:00+00:00,2.0103,2.0117,2.0076,2.0076,747961.8
2025-12-12 23:30:00+00:00,2.0076,2.0095,2.0075,2.0081,429610.5
2025-12-12 23:35:00+00:00,2.0081,2.0087,2.0067,2.0073,518456.7
2025-12-12 23:40:00+00:00,2.0073,2.0097,2.0072,2.0093,605104.7
2025-12-12 23:45:00+00:00,2.0093,2.0093,2.0072,2.0086,229901.7
2025-12-12 23:50:00+00:00,2.0086,2.0098,2.0078,2.0088,423821.1
2025-12-12 23:55:00+00:00,2.0087,2.0087,2.006,2.0063,501742.4
2025-12-13 00:00:00+00:00,2.0064,2.0106,2.0059,2.0102,1677674.9
2025-12-13 00:05:00+00:00,2.0103,2.0121,2.0102,2.0112,957824.7
2025-12-13 00:10:00+00:00,2.0112,2.012,2.0085,2.0089,421546.5
2025-12-13 00:15:00+00:00,2.009,2.0099,2.0075,2.0078,596656.2
2025-12-13 00:20:00+00:00,2.0078,2.0079,2.0063,2.0066,824078.9
2025-12-13 00:25:00+00:00,2.0067,2.0073,2.0055,2.0071,559601.7
2025-12-13 00:30:00+00:00,2.0072,2.0099,2.007,2.0098,520123.9
2025-12-13 00:35:00+00:00,2.0098,2.0115,2.0098,2.0099,378306.2
2025-12-13 00:40:00+00:00,2.0098,2.0109,2.0084,2.0103,541564.4
2025-12-13 00:45:00+00:00,2.0103,2.0112,2.0089,2.01,383467.3
2025-12-13 00:50:00+00:00,2.01,2.011,2.0079,2.0095,283597.0
2025-12-13 00:55:00+00:00,2.0095,2.0124,2.0094,2.011,584071.1
2025-12-13 01:00:00+00:00,2.0111,2.0151,2.0111,2.0136,1792517.7
2025-12-13 01:05:00+00:00,2.0136,2.0149,2.013,2.0148,304788.8
2025-12-13 01:10:00+00:00,2.0149,2.0157,2.013,2.0133,717273.9
2025-12-13 01:15:00+00:00,2.0134,2.0134,2.012,2.0128,239684.4
2025-12-13 01:20:00+00:00,2.0129,2.0129,2.0103,2.0115,434384.9
2025-12-13 01:25:00+00:00,2.0115,2.0131,2.0112,2.0128,322416.9
2025-12-13 01:30:00+00:00,2.0128,2.0134,2.0125,2.0134,182672.2
2025-12-13 01:35:00+00:00,2.0134,2.0135,2.0087,2.0098,651697.8
2025-12-13 01:40:00+00:00,2.0097,2.0116,2.0087,2.0091,550802.6
2025-12-13 01:45:00+00:00,2.0091,2.0106,2.0089,2.0098,620878.3
2025-12-13 01:50:00+00:00,2.0098,2.0104,2.0084,2.0089,230357.3
2025-12-13 01:55:00+00:00,2.0089,2.0108,2.0089,2.0096,341548.2
2025-12-13 02:00:00+00:00,2.0097,2.0133,2.0096,2.0111,423937.8
2025-12-13 02:05:00+00:00,2.0111,2.0157,2.0111,2.0138,495693.6
2025-12-13 02:10:00+00:00,2.0138,2.0179,2.0136,2.017,1300698.8
2025-12-13 02:15:00+00:00,2.0169,2.0183,2.0162,2.0183,580295.3
2025-12-13 02:20:00+00:00,2.0183,2.0199,2.0171,2.0179,1005383.2
2025-12-13 02:25:00+00:00,2.018,2.0188,2.0165,2.0187,439060.7
2025-12-13 02:30:00+00:00,2.0188,2.0192,2.0154,2.0159,743635.7
2025-12-13 02:35:00+00:00,2.0159,2.0164,2.0146,2.0164,281835.4
2025-12-13 02:40:00+00:00,2.0164,2.0168,2.0152,2.0155,661362.7
2025-12-13 02:45:00+00:00,2.0156,2.0169,2.0149,2.0159,337843.1
2025-12-13 02:50:00+00:00,2.0158,2.0166,2.0152,2.0153,401000.3
2025-12-13 02:55:00+00:00,2.0152,2.0153,2.0128,2.0133,393306.1
2025-12-13 03:00:00+00:00,2.0133,2.0179,2.0132,2.0165,1429495.3
2025-12-13 03:05:00+00:00,2.0166,2.0173,2.0151,2.0173,307288.1
2025-12-13 03:10:00+00:00,2.0172,2.0178,2.0161,2.0176,393449.7
2025-12-13 03:15:00+00:00,2.0177,2.0199,2.0175,2.0186,679376.9
2025-12-13 03:20:00+00:00,2.0186,2.0217,2.0181,2.0213,855135.6
2025-12-13 03:25:00+00:00,2.0213,2.0238,2.0197,2.02,1075358.6
2025-12-13 03:30:00+00:00,2.0201,2.0209,2.0173,2.0191,976502.0
2025-12-13 03:35:00+00:00,2.019,2.0203,2.0187,2.0203,322710.2
2025-12-13 03:40:00+00:00,2.0204,2.0207,2.0192,2.0204,253302.0
2025-12-13 03:45:00+00:00,2.0205,2.0237,2.0204,2.0213,694739.0
2025-12-13 03:50:00+00:00,2.0212,2.0221,2.0208,2.0214,253598.9
2025-12-13 03:55:00+00:00,2.0214,2.0217,2.0209,2.0214,249637.6
2025-12-13 04:00:00+00:00,2.0214,2.023,2.0214,2.022,546847.9
2025-12-13 04:05:00+00:00,2.0221,2.0253,2.022,2.0242,781226.0
2025-12-13 04:10:00+00:00,2.0243,2.0249,2.0233,2.0234,304605.8
2025-12-13 04:15:00+00:00,2.0234,2.0239,2.0219,2.0226,363306.5
2025-12-13 04:20:00+00:00,2.0225,2.0281,2.022,2.0272,1660604.4
2025-12-13 04:25:00+00:00,2.0273,2.0287,2.0258,2.0259,826009.0
2025-12-13 04:30:00+00:00,2.026,2.0273,2.0245,2.0259,748229.9
2025-12-13 04:35:00+00:00,2.0259,2.0292,2.0241,2.0288,1944162.3
2025-12-13 04:40:00+00:00,2.0287,2.03,2.0276,2.0286,991447.4
2025-12-13 04:45:00+00:00,2.0287,2.0318,2.0278,2.0314,1409344.4
2025-12-13 04:50:00+00:00,2.0313,2.0321,2.0298,2.0309,927903.0
2025-12-13 04:55:00+00:00,2.0308,2.034,2.0306,2.0329,1079100.4
2025-12-13 05:00:00+00:00,2.033,2.0372,2.0323,2.0362,3009789.0
2025-12-13 05:05:00+00:00,2.0362,2.0476,2.0359,2.046,6275327.9
2025-12-13 05:10:00+00:00,2.0459,2.0462,2.0385,2.0389,3827320.4
2025-12-13 05:15:00+00:00,2.0388,2.0391,2.0334,2.0352,3330007.1
2025-12-13 05:20:00+00:00,2.0351,2.0354,2.0311,2.0321,3954289.9
2025-12-13 05:25:00+00:00,2.032,2.0333,2.0312,2.0321,709353.1
2025-12-13 05:30:00+00:00,2.0321,2.0335,2.0308,2.0315,778333.7
2025-12-13 05:35:00+00:00,2.0314,2.0316,2.0288,2.0295,1056721.3
2025-12-13 05:40:00+00:00,2.0295,2.0303,2.0283,2.0298,1137342.9
2025-12-13 05:45:00+00:00,2.0297,2.0307,2.0288,2.0297,861891.3
2025-12-13 05:50:00+00:00,2.0297,2.0313,2.0273,2.0287,1006649.7
2025-12-13 05:55:00+00:00,2.0286,2.0309,2.0285,2.0306,676153.5
2025-12-13 06:00:00+00:00,2.0306,2.035,2.0301,2.0333,1259533.2
2025-12-13 06:05:00+00:00,2.0334,2.0339,2.0321,2.033,503395.6
2025-12-13 06:10:00+00:00,2.033,2.0336,2.0304,2.0318,442451.6
2025-12-13 06:15:00+00:00,2.0319,2.0319,2.0288,2.0291,577077.8
2025-12-13 06:20:00+00:00,2.029,2.0297,2.0286,2.029,527468.1
2025-12-13 06:25:00+00:00,2.0289,2.0305,2.0281,2.0281,403569.4
2025-12-13 06:30:00+00:00,2.0281,2.0289,2.0264,2.0279,943356.0
2025-12-13 06:35:00+00:00,2.028,2.0298,2.0269,2.0297,824437.8
2025-12-13 06:40:00+00:00,2.0297,2.031,2.0269,2.0276,779845.0
2025-12-13 06:45:00+00:00,2.0275,2.0278,2.026,2.0268,533749.6
2025-12-13 06:50:00+00:00,2.0268,2.0306,2.0266,2.029,622085.0
2025-12-13 06:55:00+00:00,2.029,2.029,2.0267,2.0277,419534.7
2025-12-13 07:00:00+00:00,2.0277,2.0296,2.0276,2.0292,447732.3
2025-12-13 07:05:00+00:00,2.0292,2.0293,2.0257,2.0257,401142.0
2025-12-13 07:10:00+00:00,2.0258,2.0267,2.0251,2.0251,753366.5
2025-12-13 07:15:00+00:00,2.0252,2.0283,2.0251,2.0262,605362.8
2025-12-13 07:20:00+00:00,2.0263,2.0289,2.0259,2.0283,628005.3
2025-12-13 07:25:00+00:00,2.0282,2.0303,2.0275,2.03,736461.0
2025-12-13 07:30:00+00:00,2.0301,2.0312,2.0289,2.029,453983.0
2025-12-13 07:35:00+00:00,2.029,2.0296,2.0276,2.0276,448230.6
2025-12-13 07:40:00+00:00,2.0276,2.0282,2.0266,2.0282,338452.9
2025-12-13 07:45:00+00:00,2.0281,2.0282,2.0257,2.0261,608673.8
2025-12-13 07:50:00+00:00,2.0261,2.0278,2.026,2.027,399063.0
2025-12-13 07:55:00+00:00,2.027,2.0281,2.0267,2.0277,296487.5
2025-12-13 08:00:00+00:00,2.0277,2.0318,2.0277,2.0317,840847.7
2025-12-13 08:05:00+00:00,2.0318,2.0343,2.0309,2.0339,1021771.1
2025-12-13 08:10:00+00:00,2.034,2.0386,2.0336,2.0381,1910370.8
2025-12-13 08:15:00+00:00,2.0382,2.0423,2.0376,2.0399,2422032.9
2025-12-13 08:20:00+00:00,2.0399,2.0415,2.036,2.0363,1958462.4
2025-12-13 08:25:00+00:00,2.0364,2.0405,2.0354,2.0382,1149380.9
2025-12-13 08:30:00+00:00,2.0382,2.0385,2.0361,2.0368,898388.6
2025-12-13 08:35:00+00:00,2.0368,2.0373,2.0357,2.036,660605.7
2025-12-13 08:40:00+00:00,2.036,2.0383,2.0355,2.0382,819200.4
2025-12-13 08:45:00+00:00,2.0381,2.0404,2.0371,2.0404,500157.3
2025-12-13 08:50:00+00:00,2.0403,2.041,2.0371,2.0371,473100.0
2025-12-13 08:55:00+00:00,2.0371,2.0371,2.0341,2.0354,780316.8
2025-12-13 09:00:00+00:00,2.0354,2.0375,2.0346,2.0346,763162.1
2025-12-13 09:05:00+00:00,2.0347,2.0356,2.0341,2.0355,601691.5
2025-12-13 09:10:00+00:00,2.0355,2.0375,2.035,2.0358,458175.4
2025-12-13 09:15:00+00:00,2.0358,2.0369,2.0347,2.0361,442133.1
2025-12-13 09:20:00+00:00,2.036,2.0371,2.0355,2.0359,321638.5
2025-12-13 09:25:00+00:00,2.0359,2.0361,2.0347,2.0348,298074.8
2025-12-13 09:30:00+00:00,2.0347,2.0377,2.0344,2.0353,588417.1
2025-12-13 09:35:00+00:00,2.0352,2.0377,2.0334,2.0371,490403.3
2025-12-13 09:40:00+00:00,2.0372,2.0381,2.0361,2.0363,889271.1
2025-12-13 09:45:00+00:00,2.0362,2.0374,2.0302,2.0321,2819254.5
2025-12-13 09:50:00+00:00,2.0321,2.0337,2.0306,2.0334,700087.0
2025-12-13 09:55:00+00:00,2.0334,2.0335,2.0283,2.0303,1066782.4
2025-12-13 10:00:00+00:00,2.0302,2.0322,2.0298,2.0318,679266.2
2025-12-13 10:05:00+00:00,2.0317,2.0345,2.0315,2.033,388505.3
2025-12-13 10:10:00+00:00,2.033,2.0343,2.0327,2.0343,422973.0
2025-12-13 10:15:00+00:00,2.0343,2.0376,2.0342,2.0363,540315.6
2025-12-13 10:20:00+00:00,2.0364,2.0371,2.0348,2.0365,450330.0
2025-12-13 10:25:00+00:00,2.0365,2.0373,2.0355,2.0368,527699.9
2025-12-13 10:30:00+00:00,2.0368,2.0385,2.0364,2.0378,573719.1
2025-12-13 10:35:00+00:00,2.0377,2.0385,2.0358,2.0377,590040.7
2025-12-13 10:40:00+00:00,2.0376,2.0387,2.0367,2.0373,659823.7
2025-12-13 10:45:00+00:00,2.0372,2.0389,2.0365,2.0383,334992.2
2025-12-13 10:50:00+00:00,2.0383,2.0399,2.037,2.037,517779.5
2025-12-13 10:55:00+00:00,2.037,2.0371,2.0345,2.0359,643704.7
2025-12-13 11:00:00+00:00,2.0359,2.0374,2.0355,2.037,580719.4
2025-12-13 11:05:00+00:00,2.037,2.0371,2.0354,2.0363,490474.0
2025-12-13 11:10:00+00:00,2.0363,2.0386,2.0362,2.0367,461111.6
2025-12-13 11:15:00+00:00,2.0368,2.0374,2.0357,2.0368,320345.9
2025-12-13 11:20:00+00:00,2.0368,2.0368,2.0327,2.0341,636505.0
2025-12-13 11:25:00+00:00,2.0342,2.0348,2.0336,2.0337,328131.3
2025-12-13 11:30:00+00:00,2.0336,2.0351,2.0332,2.0338,403234.4
2025-12-13 11:35:00+00:00,2.0339,2.0349,2.0337,2.0347,238202.0
2025-12-13 11:40:00+00:00,2.0346,2.0347,2.0318,2.0334,392804.0
2025-12-13 11:45:00+00:00,2.0334,2.0348,2.0314,2.0344,774016.2
2025-12-13 11:50:00+00:00,2.0344,2.0353,2.0333,2.0334,301837.2
2025-12-13 11:55:00+00:00,2.0334,2.0338,2.0321,2.0325,275576.9
2025-12-13 12:00:00+00:00,2.0325,2.0335,2.0308,2.0318,551921.9
2025-12-13 12:05:00+00:00,2.0318,2.0371,2.0317,2.0368,2784587.7
2025-12-13 12:10:00+00:00,2.0367,2.0392,2.0367,2.038,651160.0
2025-12-13 12:15:00+00:00,2.038,2.0388,2.036,2.037,679558.4
2025-12-13 12:20:00+00:00,2.037,2.0373,2.0348,2.037,695300.0
2025-12-13 12:25:00+00:00,2.0371,2.0399,2.0366,2.0384,1578512.7
2025-12-13 12:30:00+00:00,2.0383,2.0409,2.0379,2.0399,1590272.6
2025-12-13 12:35:00+00:00,2.04,2.0429,2.0379,2.0381,1259730.0
2025-12-13 12:40:00+00:00,2.038,2.0386,2.0319,2.0325,1154502.0
2025-12-13 12:45:00+00:00,2.0325,2.0335,2.0308,2.0311,1122118.2
2025-12-13 12:50:00+00:00,2.0311,2.0336,2.0291,2.03,1643300.0
2025-12-13 12:55:00+00:00,2.0301,2.0315,2.029,2.031,924173.7
2025-12-13 13:00:00+00:00,2.031,2.0325,2.0309,2.0324,770370.0
2025-12-13 13:05:00+00:00,2.0324,2.0347,2.0321,2.033,815233.9
2025-12-13 13:10:00+00:00,2.033,2.0336,2.0312,2.0322,610370.1
2025-12-13 13:15:00+00:00,2.0321,2.0362,2.0317,2.0358,554049.6
2025-12-13 13:20:00+00:00,2.0359,2.0365,2.0322,2.0328,555336.2
2025-12-13 13:25:00+00:00,2.0328,2.0338,2.0316,2.0317,552306.8
2025-12-13 13:30:00+00:00,2.0317,2.0355,2.0317,2.0327,1178423.7
2025-12-13 13:35:00+00:00,2.0328,2.034,2.0294,2.0318,770396.9
2025-12-13 13:40:00+00:00,2.0319,2.0343,2.0318,2.0339,487926.7
2025-12-13 13:45:00+00:00,2.0338,2.0351,2.033,2.0347,294500.6
2025-12-13 13:50:00+00:00,2.0346,2.0351,2.032,2.0324,839086.3
2025-12-13 13:55:00+00:00,2.0324,2.0331,2.0318,2.0324,241966.9
2025-12-13 14:00:00+00:00,2.0324,2.0347,2.0324,2.033,281446.0
2025-12-13 14:05:00+00:00,2.0331,2.0331,2.0313,2.0316,361726.0
2025-12-13 14:10:00+00:00,2.0315,2.0347,2.0315,2.0347,415720.2
2025-12-13 14:15:00+00:00,2.0346,2.0355,2.0334,2.0339,548163.2
2025-12-13 14:20:00+00:00,2.0339,2.0348,2.0307,2.0319,737432.1
2025-12-13 14:25:00+00:00,2.0319,2.0319,2.027,2.0271,1866064.9
2025-12-13 14:30:00+00:00,2.0272,2.0296,2.027,2.0288,1072006.3
2025-12-13 14:35:00+00:00,2.0289,2.0348,2.0288,2.0348,859065.9
2025-12-13 14:40:00+00:00,2.0348,2.036,2.0324,2.0329,1110071.6
2025-12-13 14:45:00+00:00,2.033,2.0387,2.0329,2.036,1254659.9
2025-12-13 14:50:00+00:00,2.0359,2.0377,2.0353,2.037,532475.9
2025-12-13 14:55:00+00:00,2.0371,2.0377,2.0355,2.0355,905045.5
2025-12-13 15:00:00+00:00,2.0355,2.0389,2.0351,2.0389,695761.5
2025-12-13 15:05:00+00:00,2.0389,2.04,2.0353,2.0355,881337.9
2025-12-13 15:10:00+00:00,2.0355,2.0365,2.0346,2.0349,591968.6
2025-12-13 15:15:00+00:00,2.0349,2.035,2.0315,2.0319,1499400.7
2025-12-13 15:20:00+00:00,2.0318,2.0329,2.0304,2.0328,721552.8
2025-12-13 15:25:00+00:00,2.0327,2.0329,2.0312,2.0321,414236.2
2025-12-13 15:30:00+00:00,2.032,2.0337,2.0315,2.0331,357963.0
2025-12-13 15:35:00+00:00,2.033,2.0339,2.0315,2.0335,511625.6
2025-12-13 15:40:00+00:00,2.0335,2.0335,2.0304,2.031,848043.2
2025-12-13 15:45:00+00:00,2.031,2.0315,2.028,2.0288,962111.9
2025-12-13 15:50:00+00:00,2.0289,2.0296,2.0282,2.0291,593239.9
2025-12-13 15:55:00+00:00,2.0291,2.0294,2.0282,2.0291,416723.4
2025-12-13 16:00:00+00:00,2.029,2.0327,2.0279,2.0322,883112.7
2025-12-13 16:05:00+00:00,2.0321,2.0322,2.0282,2.0304,1131154.3
2025-12-13 16:10:00+00:00,2.0305,2.0312,2.0303,2.031,442267.5
2025-12-13 16:15:00+00:00,2.0311,2.0312,2.0282,2.0283,443660.4
2025-12-13 16:20:00+00:00,2.0284,2.0291,2.0249,2.0274,1247595.6
2025-12-13 16:25:00+00:00,2.0273,2.0284,2.0258,2.0267,1097408.9
2025-12-13 16:30:00+00:00,2.0267,2.027,2.0236,2.0257,1633314.8
2025-12-13 16:35:00+00:00,2.0257,2.0263,2.0244,2.0244,885934.2
2025-12-13 16:40:00+00:00,2.0244,2.0256,2.0236,2.0239,668207.0
2025-12-13 16:45:00+00:00,2.0238,2.0255,2.0223,2.0244,1246308.9
2025-12-13 16:50:00+00:00,2.0243,2.0257,2.0238,2.0255,563272.3
2025-12-13 16:55:00+00:00,2.0254,2.0257,2.0248,2.0252,429431.6
2025-12-13 17:00:00+00:00,2.0252,2.0255,2.0206,2.0207,982217.8
2025-12-13 17:05:00+00:00,2.0207,2.0216,2.0168,2.0182,2778924.1
2025-12-13 17:10:00+00:00,2.0182,2.0193,2.0176,2.0183,721227.0
2025-12-13 17:15:00+00:00,2.0183,2.0199,2.0179,2.0179,680047.6
2025-12-13 17:20:00+00:00,2.0179,2.0192,2.0173,2.0187,676626.3
2025-12-13 17:25:00+00:00,2.0186,2.0204,2.0183,2.0187,489787.9
2025-12-13 17:30:00+00:00,2.0187,2.0201,2.0179,2.0185,422862.5
2025-12-13 17:35:00+00:00,2.0186,2.0194,2.018,2.0193,587811.7
2025-12-13 17:40:00+00:00,2.0193,2.0226,2.0189,2.0225,998739.4
2025-12-13 17:45:00+00:00,2.0225,2.0228,2.0206,2.0212,763458.5
2025-12-13 17:50:00+00:00,2.0212,2.0213,2.0181,2.0182,727028.6
2025-12-13 17:55:00+00:00,2.0181,2.0198,2.0181,2.0186,275529.7
2025-12-13 18:00:00+00:00,2.0185,2.0191,2.016,2.0167,1013144.4
2025-12-13 18:05:00+00:00,2.0167,2.0201,2.0164,2.0189,678721.1
2025-12-13 18:10:00+00:00,2.0188,2.0218,2.0175,2.0211,778471.4
2025-12-13 18:15:00+00:00,2.0212,2.0212,2.0191,2.0192,353812.0
2025-12-13 18:20:00+00:00,2.0192,2.0226,2.0191,2.0226,596275.1
2025-12-13 18:25:00+00:00,2.0226,2.023,2.0195,2.0214,1132952.9
2025-12-13 18:30:00+00:00,2.0214,2.0214,2.02,2.0201,242029.3
2025-12-13 18:35:00+00:00,2.02,2.0202,2.019,2.0193,319907.2
2025-12-13 18:40:00+00:00,2.0194,2.02,2.0193,2.0194,243527.8
2025-12-13 18:45:00+00:00,2.0193,2.0202,2.0178,2.0181,476667.0
2025-12-13 18:50:00+00:00,2.0181,2.0185,2.0166,2.0166,493061.2
2025-12-13 18:55:00+00:00,2.0166,2.0167,2.0146,2.0162,1017190.6
2025-12-13 19:00:00+00:00,2.0161,2.018,2.0155,2.0155,558843.8
2025-12-13 19:05:00+00:00,2.0156,2.0163,2.014,2.0152,808156.4
2025-12-13 19:10:00+00:00,2.0152,2.0178,2.0152,2.0166,729978.6
2025-12-13 19:15:00+00:00,2.0165,2.0171,2.0157,2.0162,380601.0
2025-12-13 19:20:00+00:00,2.0163,2.0181,2.0162,2.0172,462353.4
2025-12-13 19:25:00+00:00,2.0173,2.0178,2.0158,2.0159,653264.0
2025-12-13 19:30:00+00:00,2.0158,2.0184,2.0154,2.0177,572292.2
2025-12-13 19:35:00+00:00,2.0177,2.0182,2.017,2.0176,431238.1
2025-12-13 19:40:00+00:00,2.0176,2.0198,2.0175,2.0196,353563.2
2025-12-13 19:45:00+00:00,2.0195,2.0199,2.0184,2.0192,447738.2
2025-12-13 19:50:00+00:00,2.0192,2.0193,2.0175,2.0188,318631.3
2025-12-13 19:55:00+00:00,2.0189,2.019,2.0182,2.0187,184184.6
2025-12-13 20:00:00+00:00,2.0186,2.0197,2.0186,2.0196,481954.6
2025-12-13 20:05:00+00:00,2.0196,2.0205,2.0193,2.02,454499.1
2025-12-13 20:10:00+00:00,2.0199,2.02,2.0188,2.0193,295389.8
2025-12-13 20:15:00+00:00,2.0193,2.0206,2.0184,2.0193,271567.8
2025-12-13 20:20:00+00:00,2.0192,2.0199,2.0189,2.0195,324755.0
2025-12-13 20:25:00+00:00,2.0194,2.0203,2.019,2.0198,417368.8
2025-12-13 20:30:00+00:00,2.0198,2.0215,2.0174,2.0189,1053056.9
2025-12-13 20:35:00+00:00,2.0189,2.0196,2.018,2.0188,236841.5
2025-12-13 20:40:00+00:00,2.0187,2.0195,2.0174,2.0175,288609.0
2025-12-13 20:45:00+00:00,2.0174,2.0185,2.0167,2.0169,455189.5
2025-12-13 20:50:00+00:00,2.0168,2.0168,2.0142,2.0157,502383.3
2025-12-13 20:55:00+00:00,2.0157,2.0163,2.0146,2.016,382960.9
2025-12-13 21:00:00+00:00,2.016,2.016,2.0142,2.0152,416532.8
2025-12-13 21:05:00+00:00,2.0152,2.0156,2.0119,2.0143,1275300.4
2025-12-13 21:10:00+00:00,2.0143,2.0149,2.0124,2.0134,548787.0
2025-12-13 21:15:00+00:00,2.0133,2.0145,2.0132,2.014,387607.3
2025-12-13 21:20:00+00:00,2.014,2.0161,2.0139,2.0153,317156.1
2025-12-13 21:25:00+00:00,2.0153,2.0154,2.0128,2.0141,494923.0
2025-12-13 21:30:00+00:00,2.014,2.0142,2.0071,2.0125,3187761.0
2025-12-13 21:35:00+00:00,2.0126,2.0168,2.0126,2.0167,967030.0
2025-12-13 21:40:00+00:00,2.0167,2.0178,2.0151,2.0159,468359.8
2025-12-13 21:45:00+00:00,2.0159,2.0166,2.0154,2.016,164230.0
2025-12-13 21:50:00+00:00,2.016,2.0195,2.0154,2.0192,632937.2
2025-12-13 21:55:00+00:00,2.0192,2.0222,2.0179,2.0212,714145.9
2025-12-13 22:00:00+00:00,2.0213,2.0225,2.0194,2.0213,681637.3
2025-12-13 22:05:00+00:00,2.0213,2.0216,2.02,2.0201,420924.0
2025-12-13 22:10:00+00:00,2.0202,2.0202,2.0154,2.0182,801931.8
2025-12-13 22:15:00+00:00,2.0181,2.0209,2.018,2.0208,585173.2
2025-12-13 22:20:00+00:00,2.0208,2.0221,2.018,2.018,367643.7
2025-12-13 22:25:00+00:00,2.018,2.0191,2.0171,2.0181,244384.7
2025-12-13 22:30:00+00:00,2.0182,2.0199,2.0172,2.0199,216134.5
2025-12-13 22:35:00+00:00,2.0198,2.0213,2.0194,2.0203,616793.6
2025-12-13 22:40:00+00:00,2.0204,2.0214,2.0194,2.0208,223238.0
2025-12-13 22:45:00+00:00,2.0209,2.0218,2.0199,2.0217,493030.7
2025-12-13 22:50:00+00:00,2.0218,2.0244,2.0207,2.023,1549648.0
2025-12-13 22:55:00+00:00,2.0231,2.0231,2.02,2.0213,413732.3
2025-12-13 23:00:00+00:00,2.0213,2.0214,2.0176,2.019,1455332.6
2025-12-13 23:05:00+00:00,2.0191,2.0203,2.0186,2.0187,476193.5
2025-12-13 23:10:00+00:00,2.0186,2.0202,2.0186,2.0197,461040.0
2025-12-13 23:15:00+00:00,2.0196,2.02,2.0183,2.0198,393386.6
2025-12-13 23:20:00+00:00,2.0198,2.0212,2.0197,2.0203,296120.2
2025-12-13 23:25:00+00:00,2.0203,2.0215,2.0197,2.0198,432772.3
2025-12-13 23:30:00+00:00,2.0199,2.0202,2.0189,2.0195,301630.1
2025-12-13 23:35:00+00:00,2.0196,2.021,2.0192,2.0206,277727.5
2025-12-13 23:40:00+00:00,2.0205,2.021,2.0196,2.021,506911.7
2025-12-13 23:45:00+00:00,2.021,2.0227,2.0209,2.0218,677321.8
2025-12-13 23:50:00+00:00,2.0217,2.0228,2.0217,2.0222,306240.6
2025-12-13 23:55:00+00:00,2.0221,2.0228,2.0214,2.0215,407388.9
2025-12-14 00:00:00+00:00,2.0214,2.0215,2.0177,2.018,1296583.6
2025-12-14 00:05:00+00:00,2.0181,2.0183,2.016,2.0175,732098.7
2025-12-14 00:10:00+00:00,2.0174,2.0202,2.0171,2.0193,555238.8
2025-12-14 00:15:00+00:00,2.0193,2.0209,2.0184,2.0207,866464.8
2025-12-14 00:20:00+00:00,2.0207,2.0213,2.0189,2.019,599689.6
2025-12-14 00:25:00+00:00,2.019,2.0213,2.019,2.0208,353513.6
2025-12-14 00:30:00+00:00,2.0209,2.0239,2.0207,2.0236,756864.1
2025-12-14 00:35:00+00:00,2.0236,2.0259,2.0235,2.0247,1041216.5
2025-12-14 00:40:00+00:00,2.0247,2.0251,2.022,2.025,547712.5
2025-12-14 00:45:00+00:00,2.0251,2.0271,2.0243,2.0244,810230.2
2025-12-14 00:50:00+00:00,2.0244,2.0249,2.0233,2.0236,443521.3
2025-12-14 00:55:00+00:00,2.0235,2.0253,2.0232,2.0252,304280.4
2025-12-14 01:00:00+00:00,2.0253,2.0268,2.0235,2.026,449583.4
2025-12-14 01:05:00+00:00,2.0261,2.0272,2.026,2.0269,333304.7
2025-12-14 01:10:00+00:00,2.0269,2.0284,2.0266,2.0273,995896.1
2025-12-14 01:15:00+00:00,2.0272,2.0278,2.0266,2.0278,279159.1
2025-12-14 01:20:00+00:00,2.0278,2.0284,2.0271,2.0275,344086.6
2025-12-14 01:25:00+00:00,2.0275,2.0287,2.0274,2.0285,334234.8
2025-12-14 01:30:00+00:00,2.0285,2.0293,2.0231,2.0234,720976.0
2025-12-14 01:35:00+00:00,2.0234,2.0242,2.0226,2.023,424945.7
2025-12-14 01:40:00+00:00,2.023,2.0243,2.022,2.0228,463070.7
2025-12-14 01:45:00+00:00,2.0229,2.024,2.0222,2.0231,295315.8
2025-12-14 01:50:00+00:00,2.0232,2.0246,2.023,2.0246,263768.2
2025-12-14 01:55:00+00:00,2.0245,2.0249,2.024,2.0245,236540.1
2025-12-14 02:00:00+00:00,2.0246,2.0256,2.0237,2.0253,445504.4
2025-12-14 02:05:00+00:00,2.0253,2.0283,2.0252,2.0263,450051.4
2025-12-14 02:10:00+00:00,2.0263,2.0271,2.0253,2.0253,287929.9
2025-12-14 02:15:00+00:00,2.0253,2.0258,2.024,2.025,203521.6
2025-12-14 02:20:00+00:00,2.0249,2.0264,2.0245,2.026,191633.9
2025-12-14 02:25:00+00:00,2.0261,2.0264,2.0249,2.0249,259281.0
2025-12-14 02:30:00+00:00,2.0249,2.0264,2.0242,2.0257,283578.0
2025-12-14 02:35:00+00:00,2.0258,2.0258,2.0225,2.0237,648924.2
2025-12-14 02:40:00+00:00,2.0237,2.0248,2.0235,2.0246,162254.9
2025-12-14 02:45:00+00:00,2.0245,2.0256,2.0238,2.0249,463070.0
2025-12-14 02:50:00+00:00,2.025,2.0253,2.0238,2.0244,190057.1
2025-12-14 02:55:00+00:00,2.0245,2.0269,2.0244,2.0269,310824.9
2025-12-14 03:00:00+00:00,2.0269,2.0281,2.0257,2.0278,882414.1
2025-12-14 03:05:00+00:00,2.0278,2.0287,2.0261,2.0264,399520.2
2025-12-14 03:10:00+00:00,2.0264,2.0274,2.0259,2.0259,189360.0
2025-12-14 03:15:00+00:00,2.026,2.0262,2.0252,2.026,279014.6
2025-12-14 03:20:00+00:00,2.026,2.0262,2.0246,2.0256,324508.0
2025-12-14 03:25:00+00:00,2.0256,2.0256,2.0251,2.0253,250397.2
2025-12-14 03:30:00+00:00,2.0253,2.0253,2.0223,2.0235,612291.9
2025-12-14 03:35:00+00:00,2.0235,2.024,2.0227,2.0228,289405.3
2025-12-14 03:40:00+00:00,2.0228,2.0243,2.0227,2.0239,256322.8
2025-12-14 03:45:00+00:00,2.0239,2.024,2.0226,2.0227,433285.2
2025-12-14 03:50:00+00:00,2.0227,2.0234,2.0216,2.0229,803295.5
2025-12-14 03:55:00+00:00,2.0229,2.024,2.0229,2.0232,159189.7
2025-12-14 04:00:00+00:00,2.0231,2.0236,2.0216,2.023,365572.2
2025-12-14 04:05:00+00:00,2.0231,2.0244,2.0194,2.0203,920141.6
2025-12-14 04:10:00+00:00,2.0203,2.0217,2.0202,2.0216,293446.0
2025-12-14 04:15:00+00:00,2.0216,2.0223,2.0216,2.0219,231523.1
2025-12-14 04:20:00+00:00,2.0219,2.0222,2.0202,2.0203,422064.5
2025-12-14 04:25:00+00:00,2.0203,2.0211,2.0187,2.0195,359739.6
2025-12-14 04:30:00+00:00,2.0195,2.0201,2.0186,2.0193,465083.4
2025-12-14 04:35:00+00:00,2.0193,2.0194,2.0177,2.018,349981.1
2025-12-14 04:40:00+00:00,2.0181,2.0183,2.0152,2.0158,1118077.3
2025-12-14 04:45:00+00:00,2.0158,2.0167,2.0141,2.0152,870980.7
2025-12-14 04:50:00+00:00,2.0153,2.0165,2.0152,2.0158,638922.7
2025-12-14 04:55:00+00:00,2.0158,2.0162,2.0154,2.0156,293501.6
2025-12-14 05:00:00+00:00,2.0157,2.0157,2.0135,2.0148,647899.5
2025-12-14 05:05:00+00:00,2.0149,2.015,2.0122,2.0129,1196068.8
2025-12-14 05:10:00+00:00,2.0129,2.0132,2.011,2.0129,799979.0
2025-12-14 05:15:00+00:00,2.0129,2.0132,2.0106,2.0109,883671.6
2025-12-14 05:20:00+00:00,2.0109,2.0115,2.0096,2.01,1434852.9
2025-12-14 05:25:00+00:00,2.0099,2.0121,2.0089,2.0106,834574.4
2025-12-14 05:30:00+00:00,2.0106,2.0113,2.0102,2.0112,943656.9
2025-12-14 05:35:00+00:00,2.0112,2.0157,2.0109,2.0147,1412140.1
2025-12-14 05:40:00+00:00,2.0146,2.0154,2.0146,2.0151,400751.6
2025-12-14 05:45:00+00:00,2.0152,2.0165,2.0147,2.0161,532574.2
2025-12-14 05:50:00+00:00,2.0161,2.0163,2.0147,2.0155,360444.6
2025-12-14 05:55:00+00:00,2.0154,2.0165,2.0147,2.0147,243242.9
2025-12-14 06:00:00+00:00,2.0148,2.0148,2.0116,2.0129,958632.9
2025-12-14 06:05:00+00:00,2.0129,2.0129,2.011,2.011,257667.4
2025-12-14 06:10:00+00:00,2.0111,2.013,2.011,2.0123,362805.3
2025-12-14 06:15:00+00:00,2.0124,2.0147,2.0112,2.0127,770252.6
2025-12-14 06:20:00+00:00,2.0127,2.0128,2.0111,2.0116,259853.5
2025-12-14 06:25:00+00:00,2.0115,2.012,2.0106,2.0117,303486.8
2025-12-14 06:30:00+00:00,2.0117,2.012,2.0102,2.0115,274592.0
2025-12-14 06:35:00+00:00,2.0116,2.0134,2.0111,2.0133,251713.7
2025-12-14 06:40:00+00:00,2.0134,2.0169,2.0132,2.0165,592847.0
2025-12-14 06:45:00+00:00,2.0166,2.0172,2.0149,2.0154,599128.0
2025-12-14 06:50:00+00:00,2.0155,2.0155,2.0148,2.0153,219680.1
2025-12-14 06:55:00+00:00,2.0153,2.0166,2.0152,2.0161,197840.8
2025-12-14 07:00:00+00:00,2.0162,2.0177,2.0151,2.0176,417119.6
2025-12-14 07:05:00+00:00,2.0177,2.0177,2.0147,2.015,247310.9
2025-12-14 07:10:00+00:00,2.015,2.0169,2.0149,2.0165,273626.5
2025-12-14 07:15:00+00:00,2.0166,2.0178,2.0148,2.0176,533394.4
2025-12-14 07:20:00+00:00,2.0175,2.0181,2.0165,2.0172,582933.1
2025-12-14 07:25:00+00:00,2.0171,2.0186,2.0171,2.0185,371669.7
2025-12-14 07:30:00+00:00,2.0185,2.0196,2.017,2.0171,354156.4
2025-12-14 07:35:00+00:00,2.0171,2.0175,2.0167,2.0168,256477.2
2025-12-14 07:40:00+00:00,2.0168,2.0168,2.0145,2.0163,359516.9
2025-12-14 07:45:00+00:00,2.0163,2.0177,2.0162,2.0174,166867.9
2025-12-14 07:50:00+00:00,2.0175,2.0193,2.0162,2.0172,473444.6
2025-12-14 07:55:00+00:00,2.0173,2.0184,2.0169,2.0183,239860.0
2025-12-14 08:00:00+00:00,2.0183,2.0221,2.018,2.0219,882021.7
2025-12-14 08:05:00+00:00,2.0219,2.0223,2.0208,2.0216,647409.1
2025-12-14 08:10:00+00:00,2.0216,2.0216,2.0185,2.0189,658144.6
2025-12-14 08:15:00+00:00,2.0189,2.0191,2.0173,2.0178,381261.2
2025-12-14 08:20:00+00:00,2.0178,2.0196,2.0178,2.019,279556.7
2025-12-14 08:25:00+00:00,2.0189,2.0192,2.0178,2.0179,308548.2
2025-12-14 08:30:00+00:00,2.0179,2.0181,2.0168,2.0169,249814.9
2025-12-14 08:35:00+00:00,2.0169,2.0176,2.0158,2.016,516930.6
2025-12-14 08:40:00+00:00,2.016,2.016,2.0147,2.0157,579759.1
2025-12-14 08:45:00+00:00,2.0157,2.0157,2.0134,2.0135,734180.3
2025-12-14 08:50:00+00:00,2.0135,2.0147,2.0134,2.0146,304984.8
2025-12-14 08:55:00+00:00,2.0146,2.015,2.0133,2.0135,336468.6
2025-12-14 09:00:00+00:00,2.0135,2.0141,2.013,2.0138,485447.4
2025-12-14 09:05:00+00:00,2.0138,2.0144,2.0137,2.0143,233380.6
2025-12-14 09:10:00+00:00,2.0144,2.0144,2.0113,2.0117,716921.9
2025-12-14 09:15:00+00:00,2.0117,2.0132,2.0115,2.0123,439936.5
2025-12-14 09:20:00+00:00,2.0124,2.0129,2.0114,2.0122,364668.6
2025-12-14 09:25:00+00:00,2.0122,2.0125,2.0112,2.0113,236187.2
2025-12-14 09:30:00+00:00,2.0113,2.0141,2.0096,2.0127,1224542.0
2025-12-14 09:35:00+00:00,2.0127,2.0143,2.0122,2.014,489133.2
2025-12-14 09:40:00+00:00,2.014,2.014,2.0119,2.013,1326224.2
2025-12-14 09:45:00+00:00,2.0131,2.0138,2.0119,2.012,266670.2
2025-12-14 09:50:00+00:00,2.012,2.0127,2.0115,2.0116,228264.4
2025-12-14 09:55:00+00:00,2.0116,2.0116,2.0103,2.0113,444830.7
2025-12-14 10:00:00+00:00,2.0113,2.0114,2.01,2.0102,526883.7
2025-12-14 10:05:00+00:00,2.0102,2.0122,2.0096,2.0098,652613.7
2025-12-14 10:10:00+00:00,2.0098,2.0099,2.0017,2.0045,5796179.3
2025-12-14 10:15:00+00:00,2.0046,2.0062,2.0038,2.0059,1502052.6
2025-12-14 10:20:00+00:00,2.0059,2.0107,2.0051,2.0106,1629742.2
2025-12-14 10:25:00+00:00,2.0106,2.0106,2.008,2.0081,636318.1
2025-12-14 10:30:00+00:00,2.0081,2.0084,2.0038,2.0066,1174571.7
2025-12-14 10:35:00+00:00,2.0065,2.0065,2.0038,2.0049,851167.0
2025-12-14 10:40:00+00:00,2.0048,2.0066,2.0044,2.0063,441851.5
2025-12-14 10:45:00+00:00,2.0063,2.008,2.0053,2.0064,758413.5
2025-12-14 10:50:00+00:00,2.0063,2.0078,2.0063,2.0063,330396.8
2025-12-14 10:55:00+00:00,2.0063,2.0069,2.0052,2.0053,644287.6
2025-12-14 11:00:00+00:00,2.0053,2.009,2.0005,2.0029,2379443.4
2025-12-14 11:05:00+00:00,2.0029,2.007,2.0029,2.0057,723318.0
2025-12-14 11:10:00+00:00,2.0056,2.0068,2.0043,2.0061,458645.6
2025-12-14 11:15:00+00:00,2.0061,2.0067,2.0013,2.0014,1227977.4
2025-12-14 11:20:00+00:00,2.0014,2.0057,2.0013,2.004,1084277.0
2025-12-14 11:25:00+00:00,2.0041,2.0044,2.0016,2.0024,570405.6
2025-12-14 11:30:00+00:00,2.0024,2.0036,1.997,2.0004,4343378.6
2025-12-14 11:35:00+00:00,2.0004,2.0004,1.9945,1.9984,3102211.0
2025-12-14 11:40:00+00:00,1.9984,1.999,1.9921,1.9929,2529802.0
2025-12-14 11:45:00+00:00,1.9929,2.0007,1.9885,1.9973,6861808.8
2025-12-14 11:50:00+00:00,1.9974,2.0016,1.9966,1.9989,2423889.5
2025-12-14 11:55:00+00:00,1.9988,2.0012,1.998,1.9998,1962637.0
2025-12-14 12:00:00+00:00,1.9998,1.9998,1.9956,1.9978,1544413.3
2025-12-14 12:05:00+00:00,1.9978,2.0004,1.9967,1.9996,930970.5
2025-12-14 12:10:00+00:00,1.9995,2.0035,1.9988,1.9993,1702612.3
2025-12-14 12:15:00+00:00,1.9992,2.0029,1.9974,2.0019,4140738.2
2025-12-14 12:20:00+00:00,2.0019,2.0021,1.999,2.0001,1044496.0
2025-12-14 12:25:00+00:00,2.0001,2.0002,1.9974,1.9975,593884.5
2025-12-14 12:30:00+00:00,1.9974,2.0008,1.9973,2.0,1235837.9
2025-12-14 12:35:00+00:00,2.0,2.0014,1.9991,2.0012,914269.1
2025-12-14 12:40:00+00:00,2.0013,2.0055,2.0013,2.0047,1657063.2
2025-12-14 12:45:00+00:00,2.0047,2.0068,2.0034,2.0041,1358658.4
2025-12-14 12:50:00+00:00,2.004,2.0051,2.0029,2.0043,820091.5
2025-12-14 12:55:00+00:00,2.0044,2.0047,2.0027,2.0027,697130.5
2025-12-14 13:00:00+00:00,2.0027,2.0027,1.9965,1.9983,1878933.4
2025-12-14 13:05:00+00:00,1.9983,2.0001,1.9965,1.9988,1269049.2
2025-12-14 13:10:00+00:00,1.9988,2.0003,1.9983,1.9986,681190.5
2025-12-14 13:15:00+00:00,1.9986,1.9992,1.9965,1.9972,1027566.4
2025-12-14 13:20:00+00:00,1.9973,2.0002,1.9965,1.9969,957540.3
2025-12-14 13:25:00+00:00,1.9969,1.9982,1.9954,1.9978,920778.6
2025-12-14 13:30:00+00:00,1.9978,2.0001,1.9972,1.9985,855318.1
2025-12-14 13:35:00+00:00,1.9985,2.0002,1.9961,1.9974,937098.9
2025-12-14 13:40:00+00:00,1.9975,1.998,1.9963,1.9965,683703.0
2025-12-14 13:45:00+00:00,1.9966,1.9985,1.9962,1.9984,769016.9
2025-12-14 13:50:00+00:00,1.9984,2.0007,1.9984,2.0003,746939.2
2025-12-14 13:55:00+00:00,2.0002,2.002,1.9998,2.0017,770751.5
2025-12-14 14:00:00+00:00,2.0017,2.0069,2.0017,2.0043,1786391.6
2025-12-14 14:05:00+00:00,2.0044,2.006,2.0029,2.0047,903529.2
2025-12-14 14:10:00+00:00,2.0047,2.0047,2.0025,2.0026,488051.1
2025-12-14 14:15:00+00:00,2.0026,2.0028,2.0006,2.0013,735032.7
2025-12-14 14:20:00+00:00,2.0013,2.0022,2.0008,2.0014,252259.4
2025-12-14 14:25:00+00:00,2.0015,2.0021,1.9973,1.9985,1956102.3
2025-12-14 14:30:00+00:00,1.9985,1.9986,1.991,1.9928,1738369.3
2025-12-14 14:35:00+00:00,1.9929,1.995,1.9906,1.9936,2217909.6
2025-12-14 14:40:00+00:00,1.9936,1.9946,1.9877,1.9888,3251415.5
2025-12-14 14:45:00+00:00,1.9889,1.9929,1.9884,1.9913,1667407.6
2025-12-14 14:50:00+00:00,1.9912,1.9913,1.986,1.9911,2145746.8
2025-12-14 14:55:00+00:00,1.9912,1.9935,1.9905,1.9933,1228460.2
2025-12-14 15:00:00+00:00,1.9934,1.9947,1.9895,1.9934,1237982.1
2025-12-14 15:05:00+00:00,1.9933,1.9957,1.9898,1.9901,1848519.3
2025-12-14 15:10:00+00:00,1.9902,1.9931,1.9899,1.9918,944810.1
2025-12-14 15:15:00+00:00,1.9918,1.9936,1.9914,1.9931,781948.2
2025-12-14 15:20:00+00:00,1.993,1.9952,1.9909,1.9935,1121516.8
2025-12-14 15:25:00+00:00,1.9936,1.9939,1.9884,1.9906,1434646.6
2025-12-14 15:30:00+00:00,1.9906,1.9934,1.9886,1.9899,882156.6
2025-12-14 15:35:00+00:00,1.9899,1.9934,1.9898,1.993,558878.0
2025-12-14 15:40:00+00:00,1.993,1.9959,1.993,1.9947,551600.5
2025-12-14 15:45:00+00:00,1.9946,1.9946,1.9917,1.9927,620316.0
2025-12-14 15:50:00+00:00,1.9927,1.9932,1.9919,1.9921,431733.3
2025-12-14 15:55:00+00:00,1.9922,1.9924,1.9899,1.99,765313.9
2025-12-14 16:00:00+00:00,1.99,1.9924,1.9879,1.9917,1390943.6
2025-12-14 16:05:00+00:00,1.9918,1.9934,1.9908,1.9926,974954.3
2025-12-14 16:10:00+00:00,1.9925,1.9944,1.9919,1.9944,585148.6
2025-12-14 16:15:00+00:00,1.9944,1.9957,1.993,1.995,733614.6
2025-12-14 16:20:00+00:00,1.995,2.0037,1.9949,1.9993,2440464.7
2025-12-14 16:25:00+00:00,1.9994,2.0015,1.9985,1.9996,635352.8
2025-12-14 16:30:00+00:00,1.9996,2.0017,1.9933,1.9937,1076710.0
2025-12-14 16:35:00+00:00,1.9938,1.9957,1.9919,1.9926,1216957.7
2025-12-14 16:40:00+00:00,1.9926,1.9934,1.99,1.9909,1522028.8
2025-12-14 16:45:00+00:00,1.9908,1.9945,1.9902,1.9945,1481619.8
2025-12-14 16:50:00+00:00,1.9945,1.9961,1.9938,1.9953,972329.1
2025-12-14 16:55:00+00:00,1.9952,1.9967,1.9913,1.9957,1141917.7
2025-12-14 17:00:00+00:00,1.9958,1.9985,1.995,1.9964,882062.2
2025-12-14 17:05:00+00:00,1.9965,1.9965,1.9937,1.994,518289.0
2025-12-14 17:10:00+00:00,1.994,1.994,1.9821,1.9863,4875802.7
2025-12-14 17:15:00+00:00,1.9863,1.9885,1.9833,1.9881,1548984.7
2025-12-14 17:20:00+00:00,1.9882,1.9922,1.9876,1.9918,1025098.0
2025-12-14 17:25:00+00:00,1.9918,1.9929,1.9875,1.9877,609685.3
2025-12-14 17:30:00+00:00,1.9876,1.9886,1.9837,1.9869,1321650.8
2025-12-14 17:35:00+00:00,1.9868,1.989,1.9866,1.9878,507754.2
2025-12-14 17:40:00+00:00,1.9877,1.9901,1.9876,1.9888,535220.0
2025-12-14 17:45:00+00:00,1.9888,1.9888,1.9854,1.9864,1092363.0
2025-12-14 17:50:00+00:00,1.9864,1.9885,1.986,1.9881,402421.7
2025-12-14 17:55:00+00:00,1.988,1.989,1.9845,1.9858,695803.5
2025-12-14 18:00:00+00:00,1.9857,1.9881,1.9838,1.9879,910187.0
2025-12-14 18:05:00+00:00,1.9879,1.9902,1.9856,1.9894,548821.7
2025-12-14 18:10:00+00:00,1.9894,1.9894,1.9871,1.9877,515936.6
2025-12-14 18:15:00+00:00,1.9876,1.992,1.9872,1.9909,954107.2
2025-12-14 18:20:00+00:00,1.9908,1.9908,1.9867,1.9872,529570.6
2025-12-14 18:25:00+00:00,1.9872,1.9873,1.9824,1.9855,820165.5
2025-12-14 18:30:00+00:00,1.9856,1.987,1.9852,1.987,655062.8
2025-12-14 18:35:00+00:00,1.987,1.9898,1.9856,1.9897,580043.7
2025-12-14 18:40:00+00:00,1.9898,1.9898,1.9871,1.9874,565357.0
2025-12-14 18:45:00+00:00,1.9874,1.9883,1.9852,1.9875,599824.6
2025-12-14 18:50:00+00:00,1.9875,1.9908,1.9873,1.9908,595301.4
2025-12-14 18:55:00+00:00,1.9908,1.9921,1.99,1.9916,674981.6
2025-12-14 19:00:00+00:00,1.9915,1.9915,1.9888,1.989,585255.4
2025-12-14 19:05:00+00:00,1.989,1.9891,1.985,1.9851,721633.2
2025-12-14 19:10:00+00:00,1.9852,1.9855,1.9827,1.9852,1057778.1
2025-12-14 19:15:00+00:00,1.9851,1.9852,1.9813,1.9848,1317616.9
2025-12-14 19:20:00+00:00,1.9848,1.986,1.9836,1.9844,466128.1
2025-12-14 19:25:00+00:00,1.9844,1.9863,1.9843,1.9858,356440.8
2025-12-14 19:30:00+00:00,1.9858,1.9865,1.9849,1.9858,350086.3
2025-12-14 19:35:00+00:00,1.9858,1.9873,1.9827,1.9829,559371.3
2025-12-14 19:40:00+00:00,1.9828,1.9852,1.9806,1.9842,757214.0
2025-12-14 19:45:00+00:00,1.9842,1.9873,1.9841,1.9864,812984.6
2025-12-14 19:50:00+00:00,1.9863,1.987,1.9835,1.986,573284.3
2025-12-14 19:55:00+00:00,1.9859,1.9872,1.9859,1.987,325801.7
2025-12-14 20:00:00+00:00,1.9869,1.9887,1.9862,1.9879,673026.2
2025-12-14 20:05:00+00:00,1.9879,1.989,1.9859,1.9869,582371.8
2025-12-14 20:10:00+00:00,1.9868,1.993,1.981,1.993,3714152.5
2025-12-14 20:15:00+00:00,1.9929,1.9936,1.9898,1.9911,1081967.1
2025-12-14 20:20:00+00:00,1.991,1.9925,1.9884,1.9892,835958.4
2025-12-14 20:25:00+00:00,1.9893,1.9916,1.9879,1.9883,638594.8
2025-12-14 20:30:00+00:00,1.9883,1.9903,1.9866,1.9894,421651.0
2025-12-14 20:35:00+00:00,1.9893,1.9915,1.9892,1.9898,586216.0
2025-12-14 20:40:00+00:00,1.9898,1.9914,1.9883,1.9903,1053038.0
2025-12-14 20:45:00+00:00,1.9902,1.9909,1.9888,1.989,323972.3
2025-12-14 20:50:00+00:00,1.989,1.9894,1.9872,1.9883,762302.1
2025-12-14 20:55:00+00:00,1.9882,1.9882,1.9854,1.9859,377360.3
2025-12-14 21:00:00+00:00,1.9859,1.9874,1.9849,1.9861,398302.2
2025-12-14 21:05:00+00:00,1.9861,1.9863,1.9838,1.9844,518200.5
2025-12-14 21:10:00+00:00,1.9843,1.9867,1.9843,1.9863,439587.6
2025-12-14 21:15:00+00:00,1.9863,1.9885,1.986,1.9879,264633.4
2025-12-14 21:20:00+00:00,1.988,1.9905,1.9879,1.99,276385.9
2025-12-14 21:25:00+00:00,1.99,1.99,1.9876,1.988,425013.2
2025-12-14 21:30:00+00:00,1.9879,1.9893,1.9863,1.9893,324899.4
2025-12-14 21:35:00+00:00,1.9893,1.9893,1.9874,1.9879,303826.9
2025-12-14 21:40:00+00:00,1.9879,1.989,1.985,1.9854,692989.4
2025-12-14 21:45:00+00:00,1.9854,1.9855,1.9817,1.9848,752940.9
2025-12-14 21:50:00+00:00,1.9847,1.9854,1.9829,1.9854,447426.6
2025-12-14 21:55:00+00:00,1.9853,1.9875,1.9835,1.9859,499136.0
2025-12-14 22:00:00+00:00,1.9859,1.9923,1.9859,1.9908,872211.9
2025-12-14 22:05:00+00:00,1.9908,1.9919,1.9898,1.9904,958387.0
2025-12-14 22:10:00+00:00,1.9903,1.991,1.9861,1.989,866801.8
2025-12-14 22:15:00+00:00,1.9889,1.99,1.9857,1.9872,335230.9
2025-12-14 22:20:00+00:00,1.9871,1.9872,1.9846,1.9863,502845.2
2025-12-14 22:25:00+00:00,1.9863,1.9874,1.986,1.9865,334056.4
2025-12-14 22:30:00+00:00,1.9865,1.9873,1.9807,1.9853,2088355.2
2025-12-14 22:35:00+00:00,1.9853,1.9867,1.9815,1.9818,656044.3
2025-12-14 22:40:00+00:00,1.9819,1.9852,1.9819,1.9837,1117517.3
2025-12-14 22:45:00+00:00,1.9836,1.9844,1.9821,1.9829,525889.4
2025-12-14 22:50:00+00:00,1.9829,1.9889,1.9816,1.9869,923585.9
2025-12-14 22:55:00+00:00,1.987,1.9919,1.986,1.9914,711693.7
2025-12-14 23:00:00+00:00,1.9914,1.9967,1.9854,1.9871,2140005.6
2025-12-14 23:05:00+00:00,1.9871,1.9883,1.984,1.9857,630054.5
2025-12-14 23:10:00+00:00,1.9856,1.9858,1.9811,1.9845,1674351.1
2025-12-14 23:15:00+00:00,1.9844,1.9865,1.9805,1.9828,1790667.5
2025-12-14 23:20:00+00:00,1.9827,1.9845,1.9808,1.9836,752450.7
2025-12-14 23:25:00+00:00,1.9835,1.9848,1.982,1.9842,454929.6
2025-12-14 23:30:00+00:00,1.9842,1.9852,1.946,1.9773,29425106.2
2025-12-14 23:35:00+00:00,1.9772,1.9803,1.9707,1.9783,4580102.8
2025-12-14 23:40:00+00:00,1.9784,1.981,1.9765,1.9769,2441827.7
2025-12-14 23:45:00+00:00,1.977,1.9789,1.9725,1.9773,1954364.2
2025-12-14 23:50:00+00:00,1.9773,1.982,1.9766,1.9796,2002021.2
2025-12-14 23:55:00+00:00,1.9797,1.98,1.9749,1.977,1066565.3
2025-12-15 00:00:00+00:00,1.9771,1.9869,1.9765,1.9802,2887685.5
2025-12-15 00:05:00+00:00,1.9802,1.9826,1.9786,1.9791,993720.2
2025-12-15 00:10:00+00:00,1.9791,1.9806,1.975,1.9756,973392.0
2025-12-15 00:15:00+00:00,1.9755,1.9843,1.9732,1.9827,1460958.0
2025-12-15 00:20:00+00:00,1.9826,1.9883,1.9793,1.9882,1966569.3
2025-12-15 00:25:00+00:00,1.9883,1.9889,1.9847,1.9863,1527654.8
2025-12-15 00:30:00+00:00,1.9862,1.9877,1.9827,1.9829,1268210.0
2025-12-15 00:35:00+00:00,1.9828,1.9828,1.9764,1.9775,1141343.8
2025-12-15 00:40:00+00:00,1.9774,1.9776,1.9745,1.9764,818259.2
2025-12-15 00:45:00+00:00,1.9764,1.979,1.9751,1.9789,981210.2
2025-12-15 00:50:00+00:00,1.9788,1.9812,1.9774,1.9796,768870.0
2025-12-15 00:55:00+00:00,1.9796,1.9842,1.9795,1.9827,1053048.5
2025-12-15 01:00:00+00:00,1.9827,1.9847,1.9812,1.9814,866944.8
2025-12-15 01:05:00+00:00,1.9813,1.9849,1.9803,1.9823,703534.2
2025-12-15 01:10:00+00:00,1.9823,1.9845,1.9812,1.9835,561485.4
2025-12-15 01:15:00+00:00,1.9836,1.9837,1.9798,1.9805,572129.9
2025-12-15 01:20:00+00:00,1.9806,1.9827,1.9786,1.981,994312.1
2025-12-15 01:25:00+00:00,1.9809,1.981,1.9776,1.9798,646482.9
2025-12-15 01:30:00+00:00,1.9797,1.9898,1.9773,1.9885,2207924.6
2025-12-15 01:35:00+00:00,1.9885,2.0042,1.9882,1.997,7842089.7
2025-12-15 01:40:00+00:00,1.997,1.9986,1.9916,1.9936,1561335.1
2025-12-15 01:45:00+00:00,1.9935,1.9965,1.9913,1.9964,1262043.7
2025-12-15 01:50:00+00:00,1.9963,1.999,1.9952,1.9957,1179693.3
2025-12-15 01:55:00+00:00,1.9956,1.9981,1.9954,1.9971,924460.5
2025-12-15 02:00:00+00:00,1.9972,2.0022,1.9959,2.0015,1341015.3
2025-12-15 02:05:00+00:00,2.0016,2.007,2.0001,2.0039,2680422.1
2025-12-15 02:10:00+00:00,2.0039,2.0045,1.998,1.9983,1418006.1
2025-12-15 02:15:00+00:00,1.9984,2.0121,1.9982,2.0086,4459294.3
2025-12-15 02:20:00+00:00,2.0087,2.0133,2.0055,2.0058,2703035.7
2025-12-15 02:25:00+00:00,2.0058,2.0062,2.003,2.006,1444484.9
2025-12-15 02:30:00+00:00,2.0061,2.0068,2.0027,2.0035,1228824.5
2025-12-15 02:35:00+00:00,2.0036,2.0045,2.0003,2.0008,1144288.4
2025-12-15 02:40:00+00:00,2.0007,2.0015,1.9952,1.9965,1829519.0
2025-12-15 02:45:00+00:00,1.9966,1.9967,1.992,1.9942,1435921.4
2025-12-15 02:50:00+00:00,1.9941,1.9943,1.9921,1.9938,1098091.0
2025-12-15 02:55:00+00:00,1.9938,1.9949,1.9927,1.9946,821380.2
2025-12-15 03:00:00+00:00,1.9947,1.9955,1.9913,1.9929,1278567.0
2025-12-15 03:05:00+00:00,1.993,1.994,1.991,1.9929,1247296.1
2025-12-15 03:10:00+00:00,1.9929,1.9943,1.9914,1.9924,612939.5
2025-12-15 03:15:00+00:00,1.9923,1.9991,1.9923,1.9989,1006740.1
2025-12-15 03:20:00+00:00,1.9989,1.9996,1.9967,1.9969,933861.8
2025-12-15 03:25:00+00:00,1.997,1.9995,1.9968,1.9972,569822.0
2025-12-15 03:30:00+00:00,1.9973,1.9984,1.9933,1.995,1040145.9
2025-12-15 03:35:00+00:00,1.9949,1.995,1.992,1.9942,555245.1
2025-12-15 03:40:00+00:00,1.9942,1.9945,1.9922,1.9929,488968.5
2025-12-15 03:45:00+00:00,1.9928,1.9952,1.9927,1.9951,360970.6
2025-12-15 03:50:00+00:00,1.9951,1.9952,1.9936,1.9948,383828.0
2025-12-15 03:55:00+00:00,1.9947,1.9954,1.9927,1.994,504113.8
2025-12-15 04:00:00+00:00,1.994,1.998,1.9939,1.9979,1136564.3
2025-12-15 04:05:00+00:00,1.9979,1.999,1.9949,1.998,726255.5
2025-12-15 04:10:00+00:00,1.9979,1.9995,1.9977,1.9989,522749.8
2025-12-15 04:15:00+00:00,1.9989,2.0003,1.9977,1.998,1049796.3
2025-12-15 04:20:00+00:00,1.998,1.9999,1.9936,1.9949,1070329.3
2025-12-15 04:25:00+00:00,1.995,1.995,1.9914,1.9931,1318066.9
2025-12-15 04:30:00+00:00,1.9932,1.9977,1.9919,1.9962,1563278.6
2025-12-15 04:35:00+00:00,1.9961,1.9986,1.9961,1.9983,653857.6
2025-12-15 04:40:00+00:00,1.9983,1.9991,1.9978,1.9987,554996.3
2025-12-15 04:45:00+00:00,1.9987,1.9992,1.9977,1.9985,662215.4
2025-12-15 04:50:00+00:00,1.9985,2.0034,1.9985,2.0019,1071245.2
2025-12-15 04:55:00+00:00,2.0018,2.002,1.9994,1.9994,858010.1
2025-12-15 05:00:00+00:00,1.9994,1.9998,1.9968,1.9969,782152.8
2025-12-15 05:05:00+00:00,1.9969,1.9994,1.9968,1.9989,715898.0
2025-12-15 05:10:00+00:00,1.9988,2.0024,1.9987,2.0019,923103.9
2025-12-15 05:15:00+00:00,2.0019,2.0024,2.0004,2.0004,381695.1
2025-12-15 05:20:00+00:00,2.0004,2.0005,1.9982,1.9999,573615.1
2025-12-15 05:25:00+00:00,2.0,2.0009,1.9993,1.9995,509321.4
2025-12-15 05:30:00+00:00,1.9994,1.9994,1.9967,1.9967,859238.9
2025-12-15 05:35:00+00:00,1.9968,1.9979,1.9959,1.997,549798.4
2025-12-15 05:40:00+00:00,1.997,1.9974,1.9952,1.9955,609203.7
2025-12-15 05:45:00+00:00,1.9955,1.9986,1.9954,1.9984,435786.3
2025-12-15 05:50:00+00:00,1.9984,1.9989,1.9968,1.9989,749454.6
2025-12-15 05:55:00+00:00,1.9989,1.9997,1.9985,1.9997,379513.1
2025-12-15 06:00:00+00:00,1.9996,2.001,1.9978,1.9983,872731.1
2025-12-15 06:05:00+00:00,1.9984,1.9985,1.9958,1.9961,508965.4
2025-12-15 06:10:00+00:00,1.9962,1.997,1.9946,1.9946,679318.5
2025-12-15 06:15:00+00:00,1.9946,1.9969,1.9946,1.9967,526628.7
2025-12-15 06:20:00+00:00,1.9968,1.9968,1.995,1.9955,331647.8
2025-12-15 06:25:00+00:00,1.9954,1.9962,1.9952,1.9955,292607.9
2025-12-15 06:30:00+00:00,1.9956,1.9972,1.9949,1.9969,381061.2
2025-12-15 06:35:00+00:00,1.9969,1.9976,1.9948,1.9965,979354.1
2025-12-15 06:40:00+00:00,1.9964,1.9976,1.9963,1.9969,531809.0
2025-12-15 06:45:00+00:00,1.9969,2.0013,1.9968,2.0011,1252609.1
2025-12-15 06:50:00+00:00,2.0011,2.0045,2.001,2.0019,1689345.9
2025-12-15 06:55:00+00:00,2.0018,2.0019,2.0002,2.0005,524821.1
2025-12-15 07:00:00+00:00,2.0006,2.0022,1.9965,1.9973,1443082.4
2025-12-15 07:05:00+00:00,1.9973,1.9973,1.9935,1.9952,867508.7
2025-12-15 07:10:00+00:00,1.9951,1.9959,1.9939,1.9953,720907.5
2025-12-15 07:15:00+00:00,1.9953,1.9976,1.9953,1.9965,457893.0
2025-12-15 07:20:00+00:00,1.9965,1.997,1.9959,1.9961,363992.4
2025-12-15 07:25:00+00:00,1.9962,1.9967,1.9956,1.9959,461830.3
2025-12-15 07:30:00+00:00,1.996,1.998,1.9946,1.9954,616410.7
2025-12-15 07:35:00+00:00,1.9954,1.9968,1.9921,1.9925,646400.7
2025-12-15 07:40:00+00:00,1.9925,1.9954,1.9922,1.9922,1311519.4
2025-12-15 07:45:00+00:00,1.9923,1.9934,1.9918,1.9918,584196.6
2025-12-15 07:50:00+00:00,1.9919,1.9935,1.9918,1.9929,311178.2
2025-12-15 07:55:00+00:00,1.9929,1.9951,1.9929,1.9942,380784.5
2025-12-15 08:00:00+00:00,1.9942,1.9942,1.9921,1.9925,728786.3
2025-12-15 08:05:00+00:00,1.9926,1.9969,1.9924,1.9925,709077.9
2025-12-15 08:10:00+00:00,1.9925,1.9928,1.9891,1.9898,1224414.1
2025-12-15 08:15:00+00:00,1.9898,1.9919,1.9893,1.9919,670518.0
2025-12-15 08:20:00+00:00,1.9918,1.9936,1.9911,1.9926,582406.5
2025-12-15 08:25:00+00:00,1.9927,1.9974,1.9927,1.9956,1030794.6
2025-12-15 08:30:00+00:00,1.9956,1.9979,1.9944,1.996,889866.0
2025-12-15 08:35:00+00:00,1.9959,1.9971,1.9957,1.9962,621647.9
2025-12-15 08:40:00+00:00,1.9962,1.9973,1.9962,1.9967,306274.3
2025-12-15 08:45:00+00:00,1.9966,1.9972,1.9945,1.9946,342663.7
2025-12-15 08:50:00+00:00,1.9946,1.9955,1.9941,1.9944,354241.0
2025-12-15 08:55:00+00:00,1.9945,1.995,1.9926,1.9926,752088.2
2025-12-15 09:00:00+00:00,1.9926,1.9954,1.9904,1.9954,1156786.6
2025-12-15 09:05:00+00:00,1.9953,1.999,1.9942,1.9962,1439596.3
2025-12-15 09:10:00+00:00,1.9962,1.9964,1.9941,1.9963,608761.3
2025-12-15 09:15:00+00:00,1.9964,1.9976,1.9954,1.9959,433034.5
2025-12-15 09:20:00+00:00,1.9959,1.998,1.9959,1.9977,638402.8
2025-12-15 09:25:00+00:00,1.9977,1.9986,1.9968,1.9969,489793.3
2025-12-15 09:30:00+00:00,1.9969,1.9976,1.9949,1.9955,565174.9
2025-12-15 09:35:00+00:00,1.9956,1.9961,1.9949,1.9961,431789.5
2025-12-15 09:40:00+00:00,1.996,1.9965,1.9955,1.9959,454634.3
2025-12-15 09:45:00+00:00,1.9959,1.9964,1.995,1.9962,532416.0
2025-12-15 09:50:00+00:00,1.9962,2.0014,1.9962,1.999,1312860.7
2025-12-15 09:55:00+00:00,1.9989,1.9991,1.9966,1.9973,445229.4
2025-12-15 10:00:00+00:00,1.9974,1.9985,1.9965,1.9985,635918.0
2025-12-15 10:05:00+00:00,1.9984,1.9987,1.995,1.9961,830660.7
2025-12-15 10:10:00+00:00,1.9961,1.9966,1.9952,1.9955,595884.9
2025-12-15 10:15:00+00:00,1.9955,1.996,1.9935,1.9936,694813.0
2025-12-15 10:20:00+00:00,1.9937,1.9946,1.9927,1.9939,793189.0
2025-12-15 10:25:00+00:00,1.9939,1.9999,1.9938,1.9973,1423467.1
2025-12-15 10:30:00+00:00,1.9973,2.0002,1.9973,1.9986,1471669.2
2025-12-15 10:35:00+00:00,1.9986,1.9987,1.9924,1.9925,1248186.1
2025-12-15 10:40:00+00:00,1.9924,1.9939,1.9921,1.9927,658664.6
2025-12-15 10:45:00+00:00,1.9928,1.9933,1.992,1.9927,785249.6
2025-12-15 10:50:00+00:00,1.9926,1.9935,1.992,1.9932,507071.9
2025-12-15 10:55:00+00:00,1.9932,1.9934,1.9923,1.9933,347182.4
2025-12-15 11:00:00+00:00,1.9932,1.9934,1.9916,1.9917,697308.7
2025-12-15 11:05:00+00:00,1.9918,1.9943,1.9913,1.9933,765210.3
2025-12-15 11:10:00+00:00,1.9934,1.9937,1.992,1.992,344020.7
2025-12-15 11:15:00+00:00,1.9921,1.9925,1.9911,1.9911,518027.0
2025-12-15 11:20:00+00:00,1.9912,1.9917,1.9906,1.991,470265.3
2025-12-15 11:25:00+00:00,1.991,1.9915,1.9902,1.9906,321439.9
2025-12-15 11:30:00+00:00,1.9907,1.9914,1.9904,1.9907,593173.5
2025-12-15 11:35:00+00:00,1.9908,1.9908,1.987,1.987,2161708.8
2025-12-15 11:40:00+00:00,1.9871,1.9875,1.9833,1.9844,3244547.9
2025-12-15 11:45:00+00:00,1.9844,1.9854,1.9826,1.984,1542353.2
2025-12-15 11:50:00+00:00,1.9841,1.9872,1.9841,1.9863,782314.8
2025-12-15 11:55:00+00:00,1.9864,1.9877,1.9862,1.9867,901175.3
2025-12-15 12:00:00+00:00,1.9867,1.9869,1.9812,1.9822,1784221.5
2025-12-15 12:05:00+00:00,1.9822,1.9839,1.9813,1.9814,742288.2
2025-12-15 12:10:00+00:00,1.9813,1.9839,1.9813,1.9831,803690.0
2025-12-15 12:15:00+00:00,1.9831,1.9856,1.9829,1.9835,843085.2
2025-12-15 12:20:00+00:00,1.9834,1.986,1.9833,1.9853,456025.3
2025-12-15 12:25:00+00:00,1.9853,1.9856,1.9827,1.9834,608264.7
2025-12-15 12:30:00+00:00,1.9834,1.986,1.9833,1.9846,755473.6
2025-12-15 12:35:00+00:00,1.9846,1.9852,1.9837,1.984,661622.4
2025-12-15 12:40:00+00:00,1.9841,1.9852,1.9838,1.9843,639974.1
2025-12-15 12:45:00+00:00,1.9843,1.9849,1.9833,1.9833,879393.2
2025-12-15 12:50:00+00:00,1.9834,1.984,1.9831,1.984,468606.4
2025-12-15 12:55:00+00:00,1.984,1.984,1.9821,1.9822,654432.8
2025-12-15 13:00:00+00:00,1.9823,1.9836,1.9706,1.9737,8578117.7
2025-12-15 13:05:00+00:00,1.9738,1.9741,1.9636,1.9669,10904104.9
2025-12-15 13:10:00+00:00,1.967,1.973,1.9657,1.9716,2820922.4
2025-12-15 13:15:00+00:00,1.9716,1.9725,1.9676,1.9677,2640255.6
2025-12-15 13:20:00+00:00,1.9676,1.9689,1.9606,1.9638,5576076.3
2025-12-15 13:25:00+00:00,1.9639,1.9647,1.9563,1.958,4362025.0
2025-12-15 13:30:00+00:00,1.958,1.9609,1.954,1.9593,6577928.0
2025-12-15 13:35:00+00:00,1.9592,1.96,1.9562,1.96,2763449.0
2025-12-15 13:40:00+00:00,1.96,1.9667,1.9598,1.9662,3386942.7
2025-12-15 13:45:00+00:00,1.9662,1.9683,1.9654,1.9675,1881136.1
2025-12-15 13:50:00+00:00,1.9675,1.9675,1.9651,1.966,1111175.2
2025-12-15 13:55:00+00:00,1.966,1.9662,1.9625,1.9629,1844394.6
2025-12-15 14:00:00+00:00,1.9629,1.9688,1.9611,1.9674,2607574.7
2025-12-15 14:05:00+00:00,1.9673,1.9724,1.9658,1.9698,2767863.6
2025-12-15 14:10:00+00:00,1.9697,1.9756,1.9693,1.975,2665598.0
2025-12-15 14:15:00+00:00,1.9749,1.9793,1.9726,1.974,3639491.1
2025-12-15 14:20:00+00:00,1.974,1.9768,1.9685,1.9686,2216754.3
2025-12-15 14:25:00+00:00,1.9686,1.9722,1.9673,1.9711,1783569.3
2025-12-15 14:30:00+00:00,1.9711,1.9723,1.962,1.9632,4180222.9
2025-12-15 14:35:00+00:00,1.9632,1.9788,1.9625,1.97,4552372.0
2025-12-15 14:40:00+00:00,1.9699,1.9737,1.9645,1.9657,2519582.8
2025-12-15 14:45:00+00:00,1.9657,1.9691,1.9546,1.9572,6453613.7
2025-12-15 14:50:00+00:00,1.9573,1.9607,1.9452,1.9488,10952505.1
2025-12-15 14:55:00+00:00,1.9489,1.9489,1.9277,1.9396,23871207.7
2025-12-15 15:00:00+00:00,1.9395,1.9395,1.9263,1.9304,14420221.9
2025-12-15 15:05:00+00:00,1.9303,1.9414,1.9199,1.9372,18114616.5
2025-12-15 15:10:00+00:00,1.9372,1.9373,1.9304,1.9307,3627503.6
2025-12-15 15:15:00+00:00,1.9306,1.9317,1.9143,1.919,15663131.2
2025-12-15 15:20:00+00:00,1.9191,1.9266,1.9112,1.9116,17140986.2
2025-12-15 15:25:00+00:00,1.9115,1.9224,1.9113,1.92,8334853.1
2025-12-15 15:30:00+00:00,1.92,1.9286,1.916,1.9225,8304793.4
2025-12-15 15:35:00+00:00,1.9226,1.9235,1.9165,1.9175,3474942.6
2025-12-15 15:40:00+00:00,1.9175,1.9263,1.9155,1.9262,3379360.8
2025-12-15 15:45:00+00:00,1.9262,1.9345,1.9247,1.9285,8278276.4
2025-12-15 15:50:00+00:00,1.9284,1.9296,1.9186,1.9208,3145716.6
2025-12-15 15:55:00+00:00,1.9207,1.9265,1.9191,1.9239,2406131.9
2025-12-15 16:00:00+00:00,1.924,1.9252,1.9168,1.9242,3797890.5
2025-12-15 16:05:00+00:00,1.9241,1.9274,1.9203,1.927,4292478.0
2025-12-15 16:10:00+00:00,1.927,1.927,1.9185,1.9214,3014229.8
2025-12-15 16:15:00+00:00,1.9214,1.9279,1.9204,1.9279,2109845.1
2025-12-15 16:20:00+00:00,1.928,1.9294,1.9222,1.9223,2454458.7
2025-12-15 16:25:00+00:00,1.9223,1.9267,1.922,1.9225,2068770.9
2025-12-15 16:30:00+00:00,1.9224,1.9233,1.9168,1.9173,2433301.6
2025-12-15 16:35:00+00:00,1.9173,1.9212,1.9118,1.9127,5667609.1
2025-12-15 16:40:00+00:00,1.9126,1.9155,1.9051,1.9103,8199874.1
2025-12-15 16:45:00+00:00,1.9104,1.914,1.9068,1.9109,3936763.6
2025-12-15 16:50:00+00:00,1.9109,1.9161,1.9099,1.9144,2330562.4
2025-12-15 16:55:00+00:00,1.9143,1.9168,1.9067,1.9114,2794537.6
2025-12-15 17:00:00+00:00,1.9113,1.9138,1.9047,1.9066,5610099.4
2025-12-15 17:05:00+00:00,1.9066,1.9091,1.9017,1.9031,3783367.5
2025-12-15 17:10:00+00:00,1.903,1.9063,1.9016,1.9035,3280326.6
2025-12-15 17:15:00+00:00,1.9035,1.9049,1.9021,1.9035,1962371.0
2025-12-15 17:20:00+00:00,1.9035,1.9083,1.903,1.9058,1709153.5
2025-12-15 17:25:00+00:00,1.9058,1.9066,1.9037,1.9048,1888583.1
2025-12-15 17:30:00+00:00,1.9048,1.9061,1.8926,1.8962,11452478.8
2025-12-15 17:35:00+00:00,1.8963,1.8994,1.8947,1.8954,4738681.9
2025-12-15 17:40:00+00:00,1.8955,1.9029,1.8955,1.8984,2679740.7
2025-12-15 17:45:00+00:00,1.8984,1.9006,1.8942,1.8951,2008636.3
2025-12-15 17:50:00+00:00,1.8951,1.8951,1.8891,1.8915,5193246.2
2025-12-15 17:55:00+00:00,1.8916,1.8928,1.8886,1.8905,2990055.8
2025-12-15 18:00:00+00:00,1.8904,1.892,1.8856,1.8864,3705193.6
2025-12-15 18:05:00+00:00,1.8865,1.8933,1.8864,1.8904,2928557.0
2025-12-15 18:10:00+00:00,1.8904,1.8951,1.8897,1.893,2877992.0
2025-12-15 18:15:00+00:00,1.8929,1.8948,1.8872,1.889,2299212.1
2025-12-15 18:20:00+00:00,1.8891,1.8898,1.8839,1.8851,3114696.3
2025-12-15 18:25:00+00:00,1.8851,1.8865,1.882,1.8824,4069565.7
2025-12-15 18:30:00+00:00,1.8823,1.8836,1.8712,1.874,16849837.0
2025-12-15 18:35:00+00:00,1.8741,1.8805,1.8661,1.8769,11156328.9
2025-12-15 18:40:00+00:00,1.877,1.888,1.8764,1.8814,3874922.2
2025-12-15 18:45:00+00:00,1.8814,1.8855,1.8805,1.8842,2405317.4
2025-12-15 18:50:00+00:00,1.8842,1.8877,1.8831,1.8872,2386237.6
2025-12-15 18:55:00+00:00,1.8871,1.8932,1.8862,1.8901,4268126.9
2025-12-15 19:00:00+00:00,1.8901,1.9017,1.8891,1.9004,6890750.9
2025-12-15 19:05:00+00:00,1.9004,1.9011,1.8951,1.8953,3841754.0
2025-12-15 19:10:00+00:00,1.8953,1.8956,1.8912,1.8912,2331189.1
2025-12-15 19:15:00+00:00,1.8912,1.898,1.8892,1.8973,2792697.0
2025-12-15 19:20:00+00:00,1.8974,1.9031,1.8949,1.9029,2329767.2
2025-12-15 19:25:00+00:00,1.903,1.903,1.8994,1.9004,1521579.5
2025-12-15 19:30:00+00:00,1.9003,1.9061,1.9,1.9046,1596353.3
2025-12-15 19:35:00+00:00,1.9046,1.9066,1.9021,1.9033,2228943.9
2025-12-15 19:40:00+00:00,1.9034,1.9042,1.901,1.9027,2015030.5
2025-12-15 19:45:00+00:00,1.9027,1.9027,1.8946,1.8979,3013884.6
2025-12-15 19:50:00+00:00,1.8979,1.899,1.8952,1.8962,4444891.0
2025-12-15 19:55:00+00:00,1.8962,1.8974,1.8933,1.8945,1830578.7
2025-12-15 20:00:00+00:00,1.8945,1.8945,1.8878,1.8913,2910375.4
2025-12-15 20:05:00+00:00,1.8912,1.8912,1.884,1.8881,2433156.7
2025-12-15 20:10:00+00:00,1.8882,1.8885,1.8828,1.8842,2323354.0
2025-12-15 20:15:00+00:00,1.8841,1.8855,1.8793,1.8806,2771145.1
2025-12-15 20:20:00+00:00,1.8807,1.884,1.878,1.8836,1833767.0
2025-12-15 20:25:00+00:00,1.8836,1.8848,1.8814,1.8825,1175382.8
2025-12-15 20:30:00+00:00,1.8825,1.8846,1.8793,1.884,2591220.9
2025-12-15 20:35:00+00:00,1.884,1.8899,1.8812,1.8884,2511417.4
2025-12-15 20:40:00+00:00,1.8884,1.8884,1.8849,1.8849,1281703.4
2025-12-15 20:45:00+00:00,1.8849,1.8858,1.8792,1.8809,1393945.5
2025-12-15 20:50:00+00:00,1.8809,1.8849,1.8794,1.8828,1079374.4
2025-12-15 20:55:00+00:00,1.8828,1.8878,1.8807,1.8814,10393831.9
2025-12-15 21:00:00+00:00,1.8815,1.8859,1.8815,1.8832,1806178.0
2025-12-15 21:05:00+00:00,1.8831,1.8839,1.8788,1.8801,3155139.8
2025-12-15 21:10:00+00:00,1.8801,1.8823,1.8794,1.8814,1149459.4
2025-12-15 21:15:00+00:00,1.8814,1.886,1.8809,1.8854,1318058.1
2025-12-15 21:20:00+00:00,1.8853,1.8913,1.8848,1.8908,2706608.0
2025-12-15 21:25:00+00:00,1.8908,1.8957,1.8908,1.8944,2018414.7
2025-12-15 21:30:00+00:00,1.8944,1.8951,1.8909,1.8922,1002482.0
2025-12-15 21:35:00+00:00,1.8923,1.8981,1.8917,1.8975,1998351.1
2025-12-15 21:40:00+00:00,1.8975,1.8975,1.8921,1.8921,1615529.3
2025-12-15 21:45:00+00:00,1.8921,1.8929,1.8886,1.8891,1556799.6
2025-12-15 21:50:00+00:00,1.8891,1.8915,1.8891,1.8906,1274996.7
2025-12-15 21:55:00+00:00,1.8906,1.8922,1.8892,1.8898,1387326.4
2025-12-15 22:00:00+00:00,1.8898,1.8899,1.8856,1.8877,1562786.3
2025-12-15 22:05:00+00:00,1.8878,1.8901,1.8865,1.8876,4368075.4
2025-12-15 22:10:00+00:00,1.8876,1.8883,1.8821,1.8855,8572389.4
2025-12-15 22:15:00+00:00,1.8855,1.8872,1.8829,1.8848,4421705.2
2025-12-15 22:20:00+00:00,1.8848,1.8849,1.879,1.8805,2539438.1
2025-12-15 22:25:00+00:00,1.8805,1.8825,1.8793,1.8824,1618646.4
2025-12-15 22:30:00+00:00,1.8824,1.8843,1.8805,1.8836,1651030.7
2025-12-15 22:35:00+00:00,1.8836,1.8857,1.8831,1.885,1145660.7
2025-12-15 22:40:00+00:00,1.885,1.8855,1.8814,1.8835,855709.5
2025-12-15 22:45:00+00:00,1.8836,1.8843,1.8817,1.8828,624210.1
2025-12-15 22:50:00+00:00,1.8828,1.8868,1.8819,1.8863,619637.9
2025-12-15 22:55:00+00:00,1.8863,1.8893,1.8863,1.8893,790932.5
2025-12-15 23:00:00+00:00,1.8892,1.8929,1.8886,1.8916,2307517.2
2025-12-15 23:05:00+00:00,1.8916,1.8937,1.8907,1.8937,739465.0
2025-12-15 23:10:00+00:00,1.8937,1.8963,1.8937,1.8962,1161891.2
2025-12-15 23:15:00+00:00,1.8962,1.8962,1.8909,1.8916,1185990.5
2025-12-15 23:20:00+00:00,1.8916,1.8922,1.8886,1.8899,1022044.8
2025-12-15 23:25:00+00:00,1.8898,1.8913,1.8895,1.8908,558441.6
2025-12-15 23:30:00+00:00,1.8909,1.8921,1.8894,1.8919,680585.6
2025-12-15 23:35:00+00:00,1.8918,1.8953,1.8918,1.8951,854037.6
2025-12-15 23:40:00+00:00,1.895,1.8964,1.8939,1.8964,803859.2
2025-12-15 23:45:00+00:00,1.8963,1.8965,1.8933,1.8946,1042588.8
2025-12-15 23:50:00+00:00,1.8946,1.8954,1.8934,1.8953,525832.4
2025-12-15 23:55:00+00:00,1.8954,1.8978,1.8953,1.8965,1181789.2
2025-12-16 00:00:00+00:00,1.8965,1.8969,1.8924,1.8933,2769688.1
2025-12-16 00:05:00+00:00,1.8934,1.8956,1.8911,1.8922,2948665.3
2025-12-16 00:10:00+00:00,1.8922,1.8923,1.8892,1.8894,2027630.7
2025-12-16 00:15:00+00:00,1.8894,1.8908,1.886,1.8902,2474096.9
2025-12-16 00:20:00+00:00,1.8903,1.8943,1.8902,1.8938,1148357.1
2025-12-16 00:25:00+00:00,1.8939,1.8958,1.8934,1.8948,892236.2
2025-12-16 00:30:00+00:00,1.8948,1.8949,1.89,1.8904,608950.3
2025-12-16 00:35:00+00:00,1.8905,1.8915,1.8882,1.8884,1239363.2
2025-12-16 00:40:00+00:00,1.8885,1.8892,1.8877,1.8881,680534.2
2025-12-16 00:45:00+00:00,1.8881,1.8884,1.8839,1.8839,1425183.7
2025-12-16 00:50:00+00:00,1.8839,1.884,1.8791,1.8796,2463715.1
2025-12-16 00:55:00+00:00,1.8797,1.8798,1.8767,1.8778,2298357.8
2025-12-16 01:00:00+00:00,1.8777,1.8815,1.8763,1.8807,1961970.3
2025-12-16 01:05:00+00:00,1.8807,1.8871,1.8801,1.8868,1165247.8
2025-12-16 01:10:00+00:00,1.8868,1.8917,1.8864,1.8872,1256362.3
2025-12-16 01:15:00+00:00,1.8871,1.8893,1.8841,1.8842,723060.2
2025-12-16 01:20:00+00:00,1.8842,1.887,1.8824,1.8847,1161171.3
2025-12-16 01:25:00+00:00,1.8847,1.8847,1.8757,1.8771,2277170.6
2025-12-16 01:30:00+00:00,1.8771,1.8838,1.8767,1.8792,1581967.0
2025-12-16 01:35:00+00:00,1.8791,1.8792,1.8722,1.8767,3331947.0
2025-12-16 01:40:00+00:00,1.8766,1.8778,1.8734,1.877,1758036.7
2025-12-16 01:45:00+00:00,1.8769,1.879,1.8681,1.8709,6027644.7
2025-12-16 01:50:00+00:00,1.8709,1.8756,1.8666,1.8681,2957320.8
2025-12-16 01:55:00+00:00,1.8681,1.8719,1.8675,1.8711,1901991.4
2025-12-16 02:00:00+00:00,1.8711,1.8719,1.8606,1.8624,6224438.9
2025-12-16 02:05:00+00:00,1.8625,1.8661,1.8581,1.8615,8512109.7
2025-12-16 02:10:00+00:00,1.8616,1.8673,1.8614,1.8651,2714467.7
2025-12-16 02:15:00+00:00,1.8651,1.8676,1.8613,1.8623,3842264.2
2025-12-16 02:20:00+00:00,1.8623,1.8642,1.8595,1.8624,2039236.8
2025-12-16 02:25:00+00:00,1.8624,1.8758,1.8612,1.8747,4581041.8
2025-12-16 02:30:00+00:00,1.8747,1.8759,1.872,1.8732,1519004.4
2025-12-16 02:35:00+00:00,1.8733,1.875,1.8683,1.869,1148225.5
2025-12-16 02:40:00+00:00,1.8691,1.8706,1.8674,1.8691,941950.3
2025-12-16 02:45:00+00:00,1.8691,1.8721,1.8683,1.8702,598971.9
2025-12-16 02:50:00+00:00,1.8701,1.872,1.8639,1.8641,1884968.2
2025-12-16 02:55:00+00:00,1.864,1.8683,1.8639,1.8677,1526703.4
2025-12-16 03:00:00+00:00,1.8678,1.8726,1.8678,1.8695,1033409.9
2025-12-16 03:05:00+00:00,1.8695,1.8702,1.8653,1.8674,1099883.7
2025-12-16 03:10:00+00:00,1.8674,1.8678,1.8592,1.8602,2292103.4
2025-12-16 03:15:00+00:00,1.8602,1.8623,1.8591,1.8604,1711544.4
2025-12-16 03:20:00+00:00,1.8604,1.8636,1.8604,1.8632,885174.7
2025-12-16 03:25:00+00:00,1.8632,1.8663,1.8615,1.8659,1712838.2
2025-12-16 03:30:00+00:00,1.8659,1.8659,1.8538,1.8634,5755383.0
2025-12-16 03:35:00+00:00,1.8635,1.8675,1.8626,1.8633,1874051.6
2025-12-16 03:40:00+00:00,1.8633,1.8699,1.8633,1.8676,2477743.3
2025-12-16 03:45:00+00:00,1.8676,1.8699,1.8669,1.867,1104294.4
2025-12-16 03:50:00+00:00,1.867,1.8703,1.867,1.87,963465.6
2025-12-16 03:55:00+00:00,1.87,1.8719,1.8694,1.8714,1224861.7
2025-12-16 04:00:00+00:00,1.8714,1.8733,1.8678,1.87,1130964.4
2025-12-16 04:05:00+00:00,1.8701,1.8721,1.8697,1.8706,848482.7
2025-12-16 04:10:00+00:00,1.8706,1.8748,1.8696,1.8697,2229009.5
2025-12-16 04:15:00+00:00,1.8696,1.8701,1.8677,1.8679,647990.6
2025-12-16 04:20:00+00:00,1.8679,1.8695,1.8645,1.866,1711154.5
2025-12-16 04:25:00+00:00,1.8659,1.8674,1.8646,1.8648,917142.1
2025-12-16 04:30:00+00:00,1.8648,1.8653,1.8618,1.8629,1028630.3
2025-12-16 04:35:00+00:00,1.8629,1.8645,1.8609,1.8612,1693192.8
2025-12-16 04:40:00+00:00,1.8611,1.8631,1.8607,1.8611,821653.1
2025-12-16 04:45:00+00:00,1.8611,1.8619,1.8506,1.8576,4696463.3
2025-12-16 04:50:00+00:00,1.8577,1.8665,1.8575,1.865,2478337.4
2025-12-16 04:55:00+00:00,1.865,1.8724,1.8648,1.8717,3282631.2
2025-12-16 05:00:00+00:00,1.8716,1.8724,1.8698,1.8723,1026428.3
2025-12-16 05:05:00+00:00,1.8722,1.8736,1.8706,1.8734,813949.1
2025-12-16 05:10:00+00:00,1.8733,1.8748,1.8696,1.8697,931475.6
2025-12-16 05:15:00+00:00,1.8697,1.8714,1.869,1.8707,560322.7
2025-12-16 05:20:00+00:00,1.8708,1.8713,1.8676,1.8686,686703.2
2025-12-16 05:25:00+00:00,1.8685,1.8699,1.8675,1.8687,702586.2
2025-12-16 05:30:00+00:00,1.8687,1.8692,1.8678,1.8688,400259.1
2025-12-16 05:35:00+00:00,1.8687,1.8717,1.8686,1.87,800722.4
2025-12-16 05:40:00+00:00,1.8699,1.8797,1.8694,1.8796,2261526.1
2025-12-16 05:45:00+00:00,1.8797,1.883,1.8786,1.879,1966940.4
2025-12-16 05:50:00+00:00,1.8791,1.8804,1.8779,1.8803,906333.0
2025-12-16 05:55:00+00:00,1.8803,1.8818,1.8795,1.8807,765129.4
2025-12-16 06:00:00+00:00,1.8807,1.8837,1.8798,1.8831,919457.9
2025-12-16 06:05:00+00:00,1.883,1.8874,1.883,1.8868,1649285.7
2025-12-16 06:10:00+00:00,1.8868,1.8876,1.8842,1.8853,1349576.0
2025-12-16 06:15:00+00:00,1.8852,1.8856,1.8822,1.8838,751878.8
2025-12-16 06:20:00+00:00,1.8837,1.8876,1.8834,1.8871,1149201.4
2025-12-16 06:25:00+00:00,1.8872,1.89,1.8871,1.8881,950133.7
2025-12-16 06:30:00+00:00,1.8881,1.89,1.8874,1.8896,1024858.2
2025-12-16 06:35:00+00:00,1.8895,1.8924,1.8882,1.8915,1667499.0
2025-12-16 06:40:00+00:00,1.8915,1.8932,1.8915,1.8923,1002477.8
2025-12-16 06:45:00+00:00,1.8923,1.8935,1.8895,1.8911,1104534.8
2025-12-16 06:50:00+00:00,1.891,1.8946,1.891,1.894,1052022.9
2025-12-16 06:55:00+00:00,1.8939,1.8965,1.8931,1.8934,1177075.9
2025-12-16 07:00:00+00:00,1.8935,1.8967,1.8923,1.8964,1101337.4
2025-12-16 07:05:00+00:00,1.8964,1.8964,1.891,1.8921,1117624.2
2025-12-16 07:10:00+00:00,1.8922,1.8929,1.8893,1.8894,1798896.3
2025-12-16 07:15:00+00:00,1.8893,1.8913,1.8867,1.8873,1903620.5
2025-12-16 07:20:00+00:00,1.8873,1.8883,1.8852,1.8863,957636.9
2025-12-16 07:25:00+00:00,1.8864,1.887,1.8856,1.8864,496113.2
2025-12-16 07:30:00+00:00,1.8863,1.8864,1.8819,1.8831,1108744.5
2025-12-16 07:35:00+00:00,1.8831,1.8831,1.8785,1.8786,1652042.8
2025-12-16 07:40:00+00:00,1.8786,1.8789,1.8747,1.8758,1728474.0
2025-12-16 07:45:00+00:00,1.8758,1.8774,1.8749,1.8764,1245199.5
2025-12-16 07:50:00+00:00,1.8764,1.8767,1.8733,1.8755,842809.7
2025-12-16 07:55:00+00:00,1.8754,1.8766,1.8738,1.8743,658531.3
2025-12-16 08:00:00+00:00,1.8744,1.878,1.8729,1.8755,1425489.0
2025-12-16 08:05:00+00:00,1.8755,1.8804,1.875,1.88,1144075.7
2025-12-16 08:10:00+00:00,1.8801,1.8808,1.8781,1.8784,895585.3
2025-12-16 08:15:00+00:00,1.8784,1.8785,1.8736,1.8752,740048.2
2025-12-16 08:20:00+00:00,1.8752,1.8784,1.8746,1.8776,747144.4
2025-12-16 08:25:00+00:00,1.8776,1.8793,1.877,1.879,521274.9
2025-12-16 08:30:00+00:00,1.879,1.8797,1.8779,1.8779,387949.1
2025-12-16 08:35:00+00:00,1.878,1.8815,1.8745,1.8748,1047241.8
2025-12-16 08:40:00+00:00,1.8748,1.8818,1.8747,1.8815,736141.2
2025-12-16 08:45:00+00:00,1.8814,1.8849,1.8786,1.8793,1039870.8
2025-12-16 08:50:00+00:00,1.8794,1.8798,1.8777,1.8781,426011.3
2025-12-16 08:55:00+00:00,1.8781,1.879,1.8736,1.8756,1154133.0
2025-12-16 09:00:00+00:00,1.8757,1.8768,1.8755,1.8765,534449.2
2025-12-16 09:05:00+00:00,1.8766,1.8782,1.876,1.8781,441345.0
2025-12-16 09:10:00+00:00,1.8781,1.8786,1.8768,1.8781,523883.8
2025-12-16 09:15:00+00:00,1.8781,1.8791,1.876,1.8785,495829.8
2025-12-16 09:20:00+00:00,1.8785,1.8808,1.8778,1.8784,669709.5
2025-12-16 09:25:00+00:00,1.8783,1.8783,1.8744,1.875,645958.0
2025-12-16 09:30:00+00:00,1.8751,1.8807,1.8749,1.8763,638857.4
2025-12-16 09:35:00+00:00,1.8764,1.8794,1.8743,1.8788,777775.7
2025-12-16 09:40:00+00:00,1.8787,1.8804,1.8775,1.8804,432428.0
2025-12-16 09:45:00+00:00,1.8804,1.8808,1.8785,1.8785,407216.3
2025-12-16 09:50:00+00:00,1.8785,1.8786,1.8771,1.8773,383618.0
2025-12-16 09:55:00+00:00,1.8774,1.8781,1.8763,1.8781,257017.7
2025-12-16 10:00:00+00:00,1.8781,1.8804,1.8763,1.8803,436676.4
2025-12-16 10:05:00+00:00,1.8803,1.8803,1.8777,1.8778,464343.9
2025-12-16 10:10:00+00:00,1.8778,1.8821,1.8774,1.8801,607680.7
2025-12-16 10:15:00+00:00,1.8801,1.8825,1.8787,1.8809,683304.1
2025-12-16 10:20:00+00:00,1.8808,1.883,1.879,1.8829,600894.0
2025-12-16 10:25:00+00:00,1.8829,1.885,1.8818,1.8823,718637.2
2025-12-16 10:30:00+00:00,1.8824,1.8842,1.8817,1.8838,547959.4
2025-12-16 10:35:00+00:00,1.8838,1.8983,1.8837,1.8938,5503893.6
2025-12-16 10:40:00+00:00,1.8938,1.9076,1.8931,1.9038,7575094.6
2025-12-16 10:45:00+00:00,1.9038,1.9099,1.9033,1.905,4781816.9
2025-12-16 10:50:00+00:00,1.905,1.9097,1.9018,1.9092,5174194.0
2025-12-16 10:55:00+00:00,1.9091,1.9109,1.9051,1.9053,3036959.4
2025-12-16 11:00:00+00:00,1.9054,1.91,1.9032,1.9082,3214921.1
2025-12-16 11:05:00+00:00,1.9083,1.9095,1.9049,1.9074,1515968.6
2025-12-16 11:10:00+00:00,1.9075,1.9079,1.905,1.9079,1220415.0
2025-12-16 11:15:00+00:00,1.908,1.9135,1.9077,1.9084,2629285.1
2025-12-16 11:20:00+00:00,1.9083,1.9174,1.9083,1.9166,2377791.3
2025-12-16 11:25:00+00:00,1.9165,1.9197,1.9129,1.9188,2564372.3
2025-12-16 11:30:00+00:00,1.9188,1.9238,1.9181,1.9213,4136939.3
2025-12-16 11:35:00+00:00,1.9213,1.924,1.9151,1.9171,2879196.5
2025-12-16 11:40:00+00:00,1.917,1.9202,1.9163,1.9191,1597200.9
2025-12-16 11:45:00+00:00,1.9191,1.9205,1.9167,1.9178,1174554.4
2025-12-16 11:50:00+00:00,1.9178,1.92,1.9158,1.9171,1686302.5
2025-12-16 11:55:00+00:00,1.9172,1.9202,1.9165,1.9195,1461756.0
2025-12-16 12:00:00+00:00,1.9195,1.924,1.9187,1.9239,2152036.0
2025-12-16 12:05:00+00:00,1.9239,1.9275,1.9228,1.9231,2907854.3
2025-12-16 12:10:00+00:00,1.9231,1.9264,1.9216,1.9237,1723339.1
2025-12-16 12:15:00+00:00,1.9238,1.9302,1.9213,1.9278,2559274.8
2025-12-16 12:20:00+00:00,1.9277,1.9283,1.9229,1.9261,1238431.7
2025-12-16 12:25:00+00:00,1.9261,1.9281,1.9236,1.9241,1218933.2
2025-12-16 12:30:00+00:00,1.9241,1.9274,1.9227,1.9273,1485124.4
2025-12-16 12:35:00+00:00,1.9273,1.9279,1.9191,1.9192,2747464.2
2025-12-16 12:40:00+00:00,1.9192,1.927,1.9192,1.9269,1549195.8
2025-12-16 12:45:00+00:00,1.9268,1.9359,1.9266,1.9344,3517084.7
2025-12-16 12:50:00+00:00,1.9344,1.9361,1.9291,1.936,2319357.5
2025-12-16 12:55:00+00:00,1.936,1.9379,1.9335,1.934,1756929.7
2025-12-16 13:00:00+00:00,1.934,1.9365,1.9301,1.9358,2534853.7
2025-12-16 13:05:00+00:00,1.9357,1.9365,1.9278,1.9325,1784871.7
2025-12-16 13:10:00+00:00,1.9324,1.9335,1.9281,1.9333,1534075.6
2025-12-16 13:15:00+00:00,1.9332,1.9412,1.9326,1.9372,3813322.3
2025-12-16 13:20:00+00:00,1.9372,1.9404,1.9345,1.9391,2144293.6
2025-12-16 13:25:00+00:00,1.9392,1.9428,1.9347,1.9359,3873707.6
2025-12-16 13:30:00+00:00,1.936,1.9481,1.919,1.9192,15178264.8
2025-12-16 13:35:00+00:00,1.9192,1.9283,1.9155,1.9201,7993114.8
2025-12-16 13:40:00+00:00,1.92,1.926,1.9141,1.9153,3454926.5
2025-12-16 13:45:00+00:00,1.9154,1.9216,1.9135,1.9179,6011183.6
2025-12-16 13:50:00+00:00,1.9179,1.9236,1.9147,1.9172,2299118.6
2025-12-16 13:55:00+00:00,1.9172,1.9222,1.9064,1.9077,4923800.4
2025-12-16 14:00:00+00:00,1.9077,1.9133,1.898,1.9048,11653475.9
2025-12-16 14:05:00+00:00,1.9048,1.9236,1.9037,1.9208,5403534.4
2025-12-16 14:10:00+00:00,1.9207,1.9209,1.9157,1.9193,2036815.2
2025-12-16 14:15:00+00:00,1.9192,1.9202,1.9145,1.9159,1569215.0
2025-12-16 14:20:00+00:00,1.9159,1.925,1.915,1.9201,2399034.4
2025-12-16 14:25:00+00:00,1.92,1.9201,1.9126,1.9171,2503693.8
2025-12-16 14:30:00+00:00,1.9171,1.9293,1.9155,1.9196,6911348.0
2025-12-16 14:35:00+00:00,1.9197,1.9273,1.9182,1.9226,3383937.1
2025-12-16 14:40:00+00:00,1.9225,1.924,1.9112,1.9137,2168294.0
2025-12-16 14:45:00+00:00,1.9138,1.9205,1.9054,1.9187,4224392.4
2025-12-16 14:50:00+00:00,1.9187,1.934,1.9184,1.9196,7364310.4
2025-12-16 14:55:00+00:00,1.9196,1.9237,1.9162,1.9229,2153812.7
2025-12-16 15:00:00+00:00,1.9229,1.9266,1.9136,1.9189,2388817.4
2025-12-16 15:05:00+00:00,1.919,1.9325,1.918,1.924,2689827.9
2025-12-16 15:10:00+00:00,1.9239,1.9277,1.9195,1.9256,1500641.5
2025-12-16 15:15:00+00:00,1.9256,1.9273,1.9157,1.9226,2390436.9
2025-12-16 15:20:00+00:00,1.9225,1.9259,1.9185,1.9236,1768487.1
2025-12-16 15:25:00+00:00,1.9237,1.929,1.9171,1.9265,2113131.7
2025-12-16 15:30:00+00:00,1.9264,1.9322,1.9251,1.9295,2038163.6
2025-12-16 15:35:00+00:00,1.9295,1.9323,1.9224,1.9261,1532955.7
2025-12-16 15:40:00+00:00,1.926,1.931,1.9235,1.9309,1562148.4
2025-12-16 15:45:00+00:00,1.9309,1.9387,1.9284,1.9375,6237513.5
2025-12-16 15:50:00+00:00,1.9375,1.942,1.9338,1.9416,3430040.6
2025-12-16 15:55:00+00:00,1.9416,1.9452,1.9371,1.94,3266156.3
2025-12-16 16:00:00+00:00,1.9399,1.942,1.9367,1.9367,3293027.2
2025-12-16 16:05:00+00:00,1.9366,1.9405,1.935,1.9377,1745025.0
2025-12-16 16:10:00+00:00,1.9377,1.9394,1.934,1.9362,1207066.9
2025-12-16 16:15:00+00:00,1.9362,1.9363,1.929,1.9317,2477317.7
2025-12-16 16:20:00+00:00,1.9316,1.9362,1.9298,1.9334,1559174.4
2025-12-16 16:25:00+00:00,1.9334,1.9351,1.9315,1.9319,1001782.2
2025-12-16 16:30:00+00:00,1.9319,1.9319,1.9234,1.924,2486745.6
2025-12-16 16:35:00+00:00,1.9241,1.9263,1.9198,1.9217,2101637.3
2025-12-16 16:40:00+00:00,1.9218,1.9219,1.9166,1.9207,2073606.2
2025-12-16 16:45:00+00:00,1.9208,1.925,1.9196,1.9248,1654867.4
2025-12-16 16:50:00+00:00,1.9248,1.928,1.9221,1.9254,1500639.2
2025-12-16 16:55:00+00:00,1.9254,1.9298,1.9246,1.927,3672965.7
2025-12-16 17:00:00+00:00,1.9271,1.9273,1.9227,1.9232,1463232.9
2025-12-16 17:05:00+00:00,1.9232,1.9307,1.9218,1.925,4411619.5
2025-12-16 17:10:00+00:00,1.925,1.9327,1.9223,1.9317,1853668.3
2025-12-16 17:15:00+00:00,1.9317,1.934,1.9297,1.9297,1986328.4
2025-12-16 17:20:00+00:00,1.9297,1.93,1.9212,1.9215,1414605.5
2025-12-16 17:25:00+00:00,1.9215,1.9215,1.9166,1.9197,1522743.5
2025-12-16 17:30:00+00:00,1.9198,1.9254,1.9197,1.924,1411822.4
2025-12-16 17:35:00+00:00,1.924,1.9275,1.9205,1.923,1294712.5
2025-12-16 17:40:00+00:00,1.9229,1.9229,1.9168,1.9187,1272478.8
2025-12-16 17:45:00+00:00,1.9188,1.9203,1.916,1.9177,1291219.0
2025-12-16 17:50:00+00:00,1.9176,1.9178,1.915,1.9162,1280585.8
2025-12-16 17:55:00+00:00,1.9162,1.9173,1.9137,1.9157,1708110.8
2025-12-16 18:00:00+00:00,1.9156,1.9209,1.913,1.9204,2646870.9
2025-12-16 18:05:00+00:00,1.9203,1.9227,1.918,1.9213,1147697.2
2025-12-16 18:10:00+00:00,1.9212,1.9242,1.9209,1.9216,849435.8
2025-12-16 18:15:00+00:00,1.9216,1.9217,1.9165,1.9166,674601.7
2025-12-16 18:20:00+00:00,1.9166,1.9192,1.9157,1.9189,784039.0
2025-12-16 18:25:00+00:00,1.919,1.9211,1.9156,1.9179,583921.2
2025-12-16 18:30:00+00:00,1.9179,1.929,1.9179,1.9271,1915072.8
2025-12-16 18:35:00+00:00,1.927,1.9291,1.925,1.9281,1784710.0
2025-12-16 18:40:00+00:00,1.928,1.9323,1.928,1.9309,1710697.7
2025-12-16 18:45:00+00:00,1.9309,1.9356,1.9307,1.9345,3065608.1
2025-12-16 18:50:00+00:00,1.9345,1.9381,1.9343,1.9344,2462600.5
2025-12-16 18:55:00+00:00,1.9344,1.9344,1.9287,1.9299,1561929.4
2025-12-16 19:00:00+00:00,1.9298,1.93,1.9236,1.9238,1160441.8
2025-12-16 19:05:00+00:00,1.9239,1.9248,1.9203,1.9204,1341103.7
2025-12-16 19:10:00+00:00,1.9204,1.9204,1.9162,1.9163,2110275.7
2025-12-16 19:15:00+00:00,1.9163,1.917,1.9145,1.9149,1178403.1
2025-12-16 19:20:00+00:00,1.9148,1.9205,1.9146,1.9184,1647320.2
2025-12-16 19:25:00+00:00,1.9183,1.9198,1.9153,1.9172,1329144.0
2025-12-16 19:30:00+00:00,1.9172,1.9207,1.9171,1.9207,783462.1
2025-12-16 19:35:00+00:00,1.9207,1.9238,1.9186,1.9195,1334946.3
2025-12-16 19:40:00+00:00,1.9195,1.9221,1.9179,1.9221,779918.9
2025-12-16 19:45:00+00:00,1.9221,1.9291,1.921,1.9274,2389967.1
2025-12-16 19:50:00+00:00,1.9273,1.9329,1.9266,1.9298,3460329.9
2025-12-16 19:55:00+00:00,1.9298,1.9303,1.9255,1.9258,2451765.2
2025-12-16 20:00:00+00:00,1.9258,1.9286,1.9248,1.9286,841170.3
2025-12-16 20:05:00+00:00,1.9286,1.9304,1.9265,1.9279,1147805.5
2025-12-16 20:10:00+00:00,1.9279,1.9284,1.9225,1.9229,879043.8
2025-12-16 20:15:00+00:00,1.9228,1.9248,1.9214,1.9243,1080106.3
2025-12-16 20:20:00+00:00,1.9243,1.9299,1.924,1.9282,857315.4
2025-12-16 20:25:00+00:00,1.9281,1.9307,1.9273,1.9288,709239.9
2025-12-16 20:30:00+00:00,1.9287,1.9302,1.9271,1.9289,698577.5
2025-12-16 20:35:00+00:00,1.9289,1.9325,1.9284,1.9294,999401.0
2025-12-16 20:40:00+00:00,1.9294,1.9318,1.9285,1.9304,426892.1
2025-12-16 20:45:00+00:00,1.9303,1.9314,1.9252,1.9267,638275.9
2025-12-16 20:50:00+00:00,1.9268,1.9305,1.9247,1.9287,1249007.3
2025-12-16 20:55:00+00:00,1.9287,1.9299,1.9247,1.9264,2274448.6
2025-12-16 21:00:00+00:00,1.9263,1.9263,1.9205,1.9209,4413647.0
2025-12-16 21:05:00+00:00,1.9208,1.9212,1.9174,1.9205,1152832.6
2025-12-16 21:10:00+00:00,1.9205,1.9245,1.9205,1.922,1295794.2
2025-12-16 21:15:00+00:00,1.9221,1.9262,1.9215,1.9236,1466741.7
2025-12-16 21:20:00+00:00,1.9236,1.9256,1.9213,1.9231,613532.5
2025-12-16 21:25:00+00:00,1.9231,1.9277,1.9227,1.9266,579880.4
2025-12-16 21:30:00+00:00,1.9266,1.929,1.9265,1.9286,482647.8
2025-12-16 21:35:00+00:00,1.9285,1.9295,1.9265,1.9275,479274.4
2025-12-16 21:40:00+00:00,1.9275,1.9285,1.9265,1.9278,432539.8
2025-12-16 21:45:00+00:00,1.9278,1.9279,1.9257,1.9272,343374.4
2025-12-16 21:50:00+00:00,1.9272,1.9276,1.9258,1.9259,330420.9
2025-12-16 21:55:00+00:00,1.9259,1.9261,1.9244,1.9254,357143.4
2025-12-16 22:00:00+00:00,1.9254,1.9267,1.925,1.9257,485866.6
2025-12-16 22:05:00+00:00,1.9257,1.9261,1.9232,1.9241,521266.1
2025-12-16 22:10:00+00:00,1.9241,1.9243,1.9222,1.9233,927792.2
2025-12-16 22:15:00+00:00,1.9233,1.9241,1.9225,1.924,377222.4
2025-12-16 22:20:00+00:00,1.9241,1.9286,1.924,1.9282,982202.2
2025-12-16 22:25:00+00:00,1.9282,1.9296,1.9258,1.9273,729319.3
2025-12-16 22:30:00+00:00,1.9273,1.9283,1.9249,1.9261,711360.2
2025-12-16 22:35:00+00:00,1.926,1.9278,1.9256,1.9272,640205.2
2025-12-16 22:40:00+00:00,1.9271,1.9278,1.9261,1.9269,489506.4
2025-12-16 22:45:00+00:00,1.9269,1.927,1.9252,1.9258,339681.9
2025-12-16 22:50:00+00:00,1.9258,1.9263,1.9255,1.9256,190922.5
2025-12-16 22:55:00+00:00,1.9256,1.9266,1.9252,1.9258,442905.7
2025-12-16 23:00:00+00:00,1.9259,1.9264,1.922,1.9246,1423053.6
2025-12-16 23:05:00+00:00,1.9246,1.9251,1.9234,1.9246,524231.0
2025-12-16 23:10:00+00:00,1.9246,1.9276,1.923,1.9271,1042366.8
2025-12-16 23:15:00+00:00,1.9271,1.9283,1.9246,1.9273,686454.7
2025-12-16 23:20:00+00:00,1.9272,1.9291,1.9253,1.9254,830731.9
2025-12-16 23:25:00+00:00,1.9254,1.9257,1.9239,1.9248,431971.2
2025-12-16 23:30:00+00:00,1.9247,1.9251,1.9235,1.9241,340342.5
2025-12-16 23:35:00+00:00,1.9241,1.9252,1.9222,1.9222,448703.4
2025-12-16 23:40:00+00:00,1.9222,1.9269,1.9222,1.9268,495316.5
2025-12-16 23:45:00+00:00,1.9269,1.9302,1.9268,1.9271,1161659.0
2025-12-16 23:50:00+00:00,1.927,1.9305,1.9269,1.9301,624932.8
2025-12-16 23:55:00+00:00,1.9301,1.9302,1.9284,1.9286,582639.7
2025-12-17 00:00:00+00:00,1.9286,1.9286,1.9226,1.9235,1583708.7
2025-12-17 00:05:00+00:00,1.9236,1.9284,1.9235,1.9264,2309200.6
2025-12-17 00:10:00+00:00,1.9263,1.9265,1.922,1.9228,1172038.0
2025-12-17 00:15:00+00:00,1.9227,1.9251,1.922,1.9223,1116336.5
2025-12-17 00:20:00+00:00,1.9223,1.9252,1.92,1.9247,2100439.0
2025-12-17 00:25:00+00:00,1.9247,1.9273,1.9246,1.9255,825526.1
2025-12-17 00:30:00+00:00,1.9256,1.9256,1.9206,1.9206,639854.9
2025-12-17 00:35:00+00:00,1.9206,1.9225,1.9186,1.9198,814580.2
2025-12-17 00:40:00+00:00,1.9197,1.9207,1.9192,1.9201,581341.9
2025-12-17 00:45:00+00:00,1.9201,1.9213,1.9185,1.9188,763633.7
2025-12-17 00:50:00+00:00,1.9188,1.9245,1.9188,1.9245,1420420.3
2025-12-17 00:55:00+00:00,1.9244,1.9249,1.9225,1.9232,510452.0
2025-12-17 01:00:00+00:00,1.9232,1.927,1.9231,1.9268,823139.2
2025-12-17 01:05:00+00:00,1.9268,1.9306,1.9268,1.9305,1014313.3
2025-12-17 01:10:00+00:00,1.9305,1.931,1.9259,1.9274,1511542.1
2025-12-17 01:15:00+00:00,1.9275,1.9393,1.9275,1.9366,3238359.7
2025-12-17 01:20:00+00:00,1.9365,1.9369,1.9273,1.9299,2002675.0
2025-12-17 01:25:00+00:00,1.93,1.9338,1.9284,1.9319,1836637.3
2025-12-17 01:30:00+00:00,1.9319,1.9347,1.9285,1.9295,1065403.5
2025-12-17 01:35:00+00:00,1.9294,1.9311,1.9264,1.9278,1625123.4
2025-12-17 01:40:00+00:00,1.9277,1.9277,1.9241,1.9242,1570214.4
2025-12-17 01:45:00+00:00,1.9241,1.9262,1.9236,1.9255,1315478.0
2025-12-17 01:50:00+00:00,1.9255,1.9263,1.9207,1.9227,1162031.9
2025-12-17 01:55:00+00:00,1.9227,1.9228,1.9195,1.9219,1135324.5
2025-12-17 02:00:00+00:00,1.9219,1.9227,1.9204,1.9214,757512.0
2025-12-17 02:05:00+00:00,1.9215,1.9224,1.9191,1.9193,723209.7
2025-12-17 02:10:00+00:00,1.9194,1.9199,1.9162,1.9169,1084259.6
2025-12-17 02:15:00+00:00,1.9169,1.9188,1.9146,1.9159,1718351.1
2025-12-17 02:20:00+00:00,1.9159,1.9174,1.915,1.9166,798294.2
2025-12-17 02:25:00+00:00,1.9166,1.9176,1.9156,1.9166,1027019.1
2025-12-17 02:30:00+00:00,1.9166,1.9171,1.9116,1.9145,1939008.3
2025-12-17 02:35:00+00:00,1.9144,1.9216,1.9144,1.9203,3255103.3
2025-12-17 02:40:00+00:00,1.9204,1.925,1.92,1.925,1769243.0
2025-12-17 02:45:00+00:00,1.925,1.9293,1.9248,1.9293,1916184.7
2025-12-17 02:50:00+00:00,1.9294,1.9337,1.9293,1.9295,3007623.8
2025-12-17 02:55:00+00:00,1.9295,1.9311,1.9279,1.9303,836681.1
2025-12-17 03:00:00+00:00,1.9304,1.9366,1.9292,1.9348,2673098.5
2025-12-17 03:05:00+00:00,1.9349,1.936,1.9312,1.9327,1970252.8
2025-12-17 03:10:00+00:00,1.9328,1.9332,1.9279,1.9284,1557268.6
2025-12-17 03:15:00+00:00,1.9284,1.9304,1.9277,1.9285,989339.1
2025-12-17 03:20:00+00:00,1.9286,1.9305,1.9277,1.93,761374.4
2025-12-17 03:25:00+00:00,1.9301,1.9311,1.929,1.93,819585.4
2025-12-17 03:30:00+00:00,1.9301,1.9317,1.9288,1.9302,1321617.1
2025-12-17 03:35:00+00:00,1.9302,1.9305,1.9272,1.9287,960651.6
2025-12-17 03:40:00+00:00,1.9286,1.9314,1.928,1.9304,769774.6
2025-12-17 03:45:00+00:00,1.9303,1.9307,1.928,1.9295,603469.6
2025-12-17 03:50:00+00:00,1.9296,1.9296,1.928,1.928,437150.8
2025-12-17 03:55:00+00:00,1.928,1.928,1.9244,1.9245,1210112.5
2025-12-17 04:00:00+00:00,1.9244,1.9283,1.9244,1.9255,1567195.3
2025-12-17 04:05:00+00:00,1.9255,1.9283,1.9249,1.9268,649904.2
2025-12-17 04:10:00+00:00,1.9269,1.9282,1.9249,1.9251,637698.6
2025-12-17 04:15:00+00:00,1.9252,1.9252,1.92,1.9209,1057645.1
2025-12-17 04:20:00+00:00,1.9209,1.9229,1.9183,1.9224,1247959.0
2025-12-17 04:25:00+00:00,1.9224,1.9261,1.9204,1.9209,886701.8
2025-12-17 04:30:00+00:00,1.9209,1.9238,1.9202,1.9205,946583.6
2025-12-17 04:35:00+00:00,1.9205,1.9205,1.9177,1.9186,906471.2
2025-12-17 04:40:00+00:00,1.9186,1.9221,1.9185,1.9206,569053.7
2025-12-17 04:45:00+00:00,1.9205,1.9205,1.918,1.919,824742.9
2025-12-17 04:50:00+00:00,1.919,1.9199,1.9167,1.9196,834638.0
2025-12-17 04:55:00+00:00,1.9196,1.9199,1.9176,1.9176,674480.2
2025-12-17 05:00:00+00:00,1.9176,1.9178,1.909,1.9113,3746979.3
2025-12-17 05:05:00+00:00,1.9113,1.9154,1.9112,1.9153,1116637.0
2025-12-17 05:10:00+00:00,1.9153,1.9188,1.9143,1.9146,1648646.7
2025-12-17 05:15:00+00:00,1.9145,1.9157,1.9113,1.9123,1220905.6
2025-12-17 05:20:00+00:00,1.9123,1.9135,1.9074,1.9082,1725816.6
2025-12-17 05:25:00+00:00,1.9081,1.9109,1.9051,1.91,2639352.9
2025-12-17 05:30:00+00:00,1.9099,1.9138,1.9083,1.9127,1509500.3
2025-12-17 05:35:00+00:00,1.9127,1.9134,1.9071,1.9104,2730679.0
2025-12-17 05:40:00+00:00,1.9105,1.9146,1.9096,1.9138,893843.6
2025-12-17 05:45:00+00:00,1.9138,1.9211,1.9131,1.9198,2897901.9
2025-12-17 05:50:00+00:00,1.9197,1.9202,1.917,1.9186,756248.5
2025-12-17 05:55:00+00:00,1.9186,1.9202,1.9184,1.9195,920275.7
2025-12-17 06:00:00+00:00,1.9195,1.9258,1.9192,1.9232,1803577.6
2025-12-17 06:05:00+00:00,1.9232,1.9242,1.9204,1.9242,882566.9
2025-12-17 06:10:00+00:00,1.9242,1.9269,1.9238,1.9249,1480010.4
2025-12-17 06:15:00+00:00,1.9249,1.9267,1.9238,1.9251,699246.2
2025-12-17 06:20:00+00:00,1.9251,1.9293,1.924,1.9282,1105223.1
2025-12-17 06:25:00+00:00,1.9283,1.9286,1.9252,1.9253,487454.5
2025-12-17 06:30:00+00:00,1.9252,1.926,1.9233,1.9242,928540.2
2025-12-17 06:35:00+00:00,1.9241,1.9241,1.9212,1.9218,1049033.0
2025-12-17 06:40:00+00:00,1.9217,1.9232,1.9214,1.9219,809380.9
2025-12-17 06:45:00+00:00,1.9218,1.9223,1.9203,1.9218,783224.2
2025-12-17 06:50:00+00:00,1.9218,1.9223,1.9206,1.9211,493469.1
2025-12-17 06:55:00+00:00,1.921,1.9213,1.9195,1.9213,478971.5
2025-12-17 07:00:00+00:00,1.9214,1.9242,1.92,1.9237,838955.1
2025-12-17 07:05:00+00:00,1.9237,1.9266,1.9221,1.9229,609085.9
2025-12-17 07:10:00+00:00,1.923,1.923,1.9185,1.9186,904026.7
2025-12-17 07:15:00+00:00,1.9186,1.9192,1.9177,1.918,722490.8
2025-12-17 07:20:00+00:00,1.918,1.9211,1.9177,1.9202,759580.5
2025-12-17 07:25:00+00:00,1.9203,1.9214,1.9196,1.9205,330305.5
2025-12-17 07:30:00+00:00,1.9205,1.927,1.9198,1.927,1478672.6
2025-12-17 07:35:00+00:00,1.927,1.931,1.9242,1.926,1979773.2
2025-12-17 07:40:00+00:00,1.926,1.9261,1.9239,1.9244,740637.1
2025-12-17 07:45:00+00:00,1.9245,1.925,1.9232,1.9244,603780.4
2025-12-17 07:50:00+00:00,1.9244,1.9248,1.9223,1.9224,478203.0
2025-12-17 07:55:00+00:00,1.9224,1.9247,1.922,1.9224,694248.0
2025-12-17 08:00:00+00:00,1.9224,1.9227,1.9193,1.92,1030735.1
2025-12-17 08:05:00+00:00,1.92,1.921,1.9194,1.9198,525466.9
2025-12-17 08:10:00+00:00,1.9197,1.9212,1.9195,1.9199,483879.1
2025-12-17 08:15:00+00:00,1.9199,1.9212,1.9182,1.9186,804232.6
2025-12-17 08:20:00+00:00,1.9185,1.9185,1.9142,1.9142,1276041.6
2025-12-17 08:25:00+00:00,1.9142,1.9143,1.9095,1.9106,1678851.4
2025-12-17 08:30:00+00:00,1.9107,1.9124,1.9082,1.9096,1844975.7
2025-12-17 08:35:00+00:00,1.9097,1.9098,1.9069,1.9079,1523773.1
2025-12-17 08:40:00+00:00,1.9079,1.909,1.907,1.9089,1308302.7
2025-12-17 08:45:00+00:00,1.9089,1.9091,1.906,1.9063,1111896.9
2025-12-17 08:50:00+00:00,1.9063,1.9086,1.9063,1.9068,1281814.9
2025-12-17 08:55:00+00:00,1.9069,1.9071,1.9041,1.9066,1856698.7
2025-12-17 09:00:00+00:00,1.9065,1.907,1.9055,1.9058,814723.4
2025-12-17 09:05:00+00:00,1.9059,1.9068,1.9022,1.9052,1267491.2
2025-12-17 09:10:00+00:00,1.9052,1.9052,1.9025,1.9035,609148.1
2025-12-17 09:15:00+00:00,1.9034,1.905,1.9029,1.9034,1079570.4
2025-12-17 09:20:00+00:00,1.9033,1.9035,1.8978,1.9006,2698892.2
2025-12-17 09:25:00+00:00,1.9006,1.9011,1.8979,1.9005,1126856.1
2025-12-17 09:30:00+00:00,1.9006,1.9029,1.899,1.9025,1370592.8
2025-12-17 09:35:00+00:00,1.9025,1.9036,1.9005,1.9034,1396142.0
2025-12-17 09:40:00+00:00,1.9033,1.9045,1.9027,1.9039,1152245.1
2025-12-17 09:45:00+00:00,1.904,1.904,1.9027,1.903,462283.2
2025-12-17 09:50:00+00:00,1.903,1.9031,1.9009,1.9011,417615.1
2025-12-17 09:55:00+00:00,1.901,1.9018,1.9008,1.9011,321267.2
2025-12-17 10:00:00+00:00,1.9012,1.9012,1.8954,1.8989,1864245.9
2025-12-17 10:05:00+00:00,1.8989,1.8996,1.8972,1.8994,578565.6
2025-12-17 10:10:00+00:00,1.8995,1.9045,1.8985,1.9033,1109302.8
2025-12-17 10:15:00+00:00,1.9033,1.9033,1.9007,1.9021,656449.1
2025-12-17 10:20:00+00:00,1.9022,1.9063,1.9015,1.9054,773200.6
2025-12-17 10:25:00+00:00,1.9053,1.9062,1.9032,1.9032,719283.7
2025-12-17 10:30:00+00:00,1.9032,1.9068,1.9002,1.9061,1475410.2
2025-12-17 10:35:00+00:00,1.9061,1.908,1.9047,1.9056,823256.6
2025-12-17 10:40:00+00:00,1.9055,1.9061,1.9046,1.9056,294751.0
2025-12-17 10:45:00+00:00,1.9056,1.9073,1.9038,1.9046,777766.9
2025-12-17 10:50:00+00:00,1.9047,1.906,1.9028,1.9045,2224092.9
2025-12-17 10:55:00+00:00,1.9044,1.9069,1.9036,1.906,680712.7
2025-12-17 11:00:00+00:00,1.9061,1.9086,1.9051,1.9059,735453.1
2025-12-17 11:05:00+00:00,1.906,1.9106,1.906,1.9106,615092.7
2025-12-17 11:10:00+00:00,1.9105,1.9136,1.9086,1.9121,1307077.4
2025-12-17 11:15:00+00:00,1.9121,1.9134,1.9091,1.9092,781201.9
2025-12-17 11:20:00+00:00,1.9093,1.9108,1.9093,1.9097,448215.4
2025-12-17 11:25:00+00:00,1.9098,1.9109,1.9086,1.9088,383603.1
2025-12-17 11:30:00+00:00,1.9089,1.9115,1.9085,1.9108,616882.0
2025-12-17 11:35:00+00:00,1.9108,1.9137,1.9103,1.9131,519981.5
2025-12-17 11:40:00+00:00,1.9131,1.9136,1.9119,1.9131,428615.6
2025-12-17 11:45:00+00:00,1.9132,1.9132,1.9114,1.9124,358947.0
2025-12-17 11:50:00+00:00,1.9124,1.9165,1.9112,1.9114,1654559.8
2025-12-17 11:55:00+00:00,1.9114,1.9131,1.911,1.9122,431725.3
2025-12-17 12:00:00+00:00,1.9123,1.9149,1.9119,1.9149,1024015.2
2025-12-17 12:05:00+00:00,1.9149,1.9149,1.9114,1.9114,698113.8
2025-12-17 12:10:00+00:00,1.9115,1.912,1.9101,1.9108,757562.8
2025-12-17 12:15:00+00:00,1.9107,1.911,1.9077,1.9092,1383564.9
2025-12-17 12:20:00+00:00,1.9092,1.9117,1.9076,1.9112,1401538.5
2025-12-17 12:25:00+00:00,1.9113,1.9119,1.9095,1.911,988904.0
2025-12-17 12:30:00+00:00,1.9111,1.9114,1.9076,1.9084,905628.8
2025-12-17 12:35:00+00:00,1.9084,1.9098,1.9081,1.9082,482872.8
2025-12-17 12:40:00+00:00,1.9082,1.91,1.9068,1.9073,1205325.6
2025-12-17 12:45:00+00:00,1.9073,1.9095,1.906,1.9085,877382.8
2025-12-17 12:50:00+00:00,1.9085,1.9115,1.908,1.9081,1057643.1
2025-12-17 12:55:00+00:00,1.908,1.9108,1.9079,1.9103,360823.3
2025-12-17 13:00:00+00:00,1.9103,1.9116,1.9085,1.9111,816835.2
2025-12-17 13:05:00+00:00,1.9111,1.9169,1.91,1.9102,2236912.2
2025-12-17 13:10:00+00:00,1.9101,1.9129,1.9076,1.9081,1181504.0
2025-12-17 13:15:00+00:00,1.9082,1.909,1.9038,1.9043,3390601.0
2025-12-17 13:20:00+00:00,1.9043,1.9074,1.9043,1.9066,1080331.1
2025-12-17 13:25:00+00:00,1.9065,1.908,1.9052,1.9068,1250416.5
2025-12-17 13:30:00+00:00,1.9068,1.9096,1.9053,1.909,951353.4
2025-12-17 13:35:00+00:00,1.909,1.911,1.9074,1.9088,587785.7
2025-12-17 13:40:00+00:00,1.9088,1.9146,1.9086,1.9142,805587.2
2025-12-17 13:45:00+00:00,1.9141,1.9278,1.9135,1.9192,5975811.7
2025-12-17 13:50:00+00:00,1.9193,1.9205,1.9134,1.9162,3912332.3
2025-12-17 13:55:00+00:00,1.9162,1.9246,1.9161,1.9199,3218564.1
2025-12-17 14:00:00+00:00,1.92,1.9237,1.9193,1.9203,1712641.2
2025-12-17 14:05:00+00:00,1.9203,1.9215,1.9174,1.9213,2055563.2
2025-12-17 14:10:00+00:00,1.9212,1.9229,1.9176,1.919,1172346.1
2025-12-17 14:15:00+00:00,1.919,1.9256,1.919,1.9253,3157531.9
2025-12-17 14:20:00+00:00,1.9253,1.9266,1.9232,1.9246,2252754.9
2025-12-17 14:25:00+00:00,1.9245,1.9295,1.9242,1.9256,2276710.1
2025-12-17 14:30:00+00:00,1.9255,1.9298,1.9183,1.9204,4028484.2
2025-12-17 14:35:00+00:00,1.9204,1.9245,1.9141,1.9166,4450917.3
2025-12-17 14:40:00+00:00,1.9166,1.9219,1.9147,1.9176,1926530.6
2025-12-17 14:45:00+00:00,1.9176,1.9201,1.9026,1.9137,9064014.8
2025-12-17 14:50:00+00:00,1.9138,1.9522,1.9137,1.9506,21302926.4
2025-12-17 14:55:00+00:00,1.9506,1.9665,1.9474,1.9628,24477873.0
2025-12-17 15:00:00+00:00,1.9627,1.9722,1.9521,1.9641,17102033.0
2025-12-17 15:05:00+00:00,1.964,1.9826,1.9612,1.9737,20646358.0
2025-12-17 15:10:00+00:00,1.9738,1.9833,1.9712,1.9819,7253008.7
2025-12-17 15:15:00+00:00,1.9818,1.9864,1.9726,1.9744,7803091.8
2025-12-17 15:20:00+00:00,1.9743,1.9754,1.9641,1.9641,8392052.3
2025-12-17 15:25:00+00:00,1.9641,1.9704,1.9614,1.9693,4493180.3
2025-12-17 15:30:00+00:00,1.9692,1.9723,1.9629,1.9631,3723484.6
2025-12-17 15:35:00+00:00,1.963,1.9632,1.9452,1.9493,11080154.7
2025-12-17 15:40:00+00:00,1.9492,1.9521,1.9312,1.9364,9647644.0
2025-12-17 15:45:00+00:00,1.9364,1.938,1.9224,1.9282,13823591.1
2025-12-17 15:50:00+00:00,1.9283,1.9294,1.9092,1.9123,13036339.1
2025-12-17 15:55:00+00:00,1.9125,1.9185,1.9054,1.91,10545499.2
2025-12-17 16:00:00+00:00,1.91,1.9218,1.907,1.9192,6685520.7
2025-12-17 16:05:00+00:00,1.9193,1.9198,1.9118,1.9182,2717282.2
2025-12-17 16:10:00+00:00,1.9183,1.922,1.9019,1.9019,5533159.9
2025-12-17 16:15:00+00:00,1.9019,1.9019,1.8882,1.8948,16854523.6
2025-12-17 16:20:00+00:00,1.8948,1.8959,1.8779,1.8828,13839039.6
2025-12-17 16:25:00+00:00,1.8829,1.892,1.881,1.8848,5348505.0
2025-12-17 16:30:00+00:00,1.8848,1.8925,1.878,1.8882,4906318.7
2025-12-17 16:35:00+00:00,1.8881,1.8946,1.8796,1.8812,4821241.1
2025-12-17 16:40:00+00:00,1.8812,1.888,1.8781,1.886,3445414.4
2025-12-17 16:45:00+00:00,1.8859,1.8917,1.8834,1.8917,3190754.6
2025-12-17 16:50:00+00:00,1.8916,1.895,1.8844,1.8947,2643086.6
2025-12-17 16:55:00+00:00,1.8947,1.8977,1.891,1.8973,2237842.1
2025-12-17 17:00:00+00:00,1.8972,1.8999,1.8793,1.8827,7550945.6
2025-12-17 17:05:00+00:00,1.8828,1.886,1.8782,1.8823,4322873.2
2025-12-17 17:10:00+00:00,1.8823,1.8889,1.8816,1.8837,2117110.1
2025-12-17 17:15:00+00:00,1.8837,1.8887,1.8779,1.8877,6874744.3
2025-12-17 17:20:00+00:00,1.8876,1.8912,1.8864,1.889,2594076.2
2025-12-17 17:25:00+00:00,1.889,1.892,1.8852,1.8854,2192273.9
2025-12-17 17:30:00+00:00,1.8853,1.8879,1.8798,1.8804,2923420.5
2025-12-17 17:35:00+00:00,1.8805,1.8837,1.8793,1.8793,1230197.5
2025-12-17 17:40:00+00:00,1.8793,1.8796,1.8718,1.8721,4704651.5
2025-12-17 17:45:00+00:00,1.8721,1.8752,1.8703,1.8743,2887041.4
2025-12-17 17:50:00+00:00,1.8743,1.8795,1.8707,1.871,3155035.2
2025-12-17 17:55:00+00:00,1.8711,1.8738,1.8691,1.8716,2414607.6
2025-12-17 18:00:00+00:00,1.8717,1.8785,1.871,1.8751,2366299.7
2025-12-17 18:05:00+00:00,1.875,1.881,1.8741,1.8783,2331437.0
2025-12-17 18:10:00+00:00,1.8783,1.8783,1.8738,1.8752,1573222.3
2025-12-17 18:15:00+00:00,1.8753,1.8753,1.8691,1.8722,3233495.3
2025-12-17 18:20:00+00:00,1.8723,1.8788,1.8709,1.8777,1881210.4
2025-12-17 18:25:00+00:00,1.8777,1.8782,1.8709,1.8738,1241621.1
2025-12-17 18:30:00+00:00,1.8737,1.8744,1.8652,1.869,5431976.0
2025-12-17 18:35:00+00:00,1.8691,1.8691,1.8631,1.8633,4875356.1
2025-12-17 18:40:00+00:00,1.8634,1.8634,1.8527,1.858,9388641.5
2025-12-17 18:45:00+00:00,1.8581,1.8601,1.8514,1.8569,5737416.8
2025-12-17 18:50:00+00:00,1.857,1.8592,1.8526,1.8562,3052691.3
2025-12-17 18:55:00+00:00,1.8562,1.8595,1.8515,1.8572,3525473.0
2025-12-17 19:00:00+00:00,1.8573,1.8593,1.8493,1.8506,4732576.9
2025-12-17 19:05:00+00:00,1.8506,1.8559,1.8487,1.8496,4667605.4
2025-12-17 19:10:00+00:00,1.8495,1.8542,1.846,1.8508,4826905.2
2025-12-17 19:15:00+00:00,1.8508,1.8582,1.8495,1.8551,3004609.9
2025-12-17 19:20:00+00:00,1.855,1.8583,1.8521,1.8564,2724285.5
2025-12-17 19:25:00+00:00,1.8564,1.8566,1.8509,1.8514,1975049.0
2025-12-17 19:30:00+00:00,1.8514,1.8546,1.8476,1.8482,2341175.9
2025-12-17 19:35:00+00:00,1.8481,1.8563,1.8462,1.8542,2253527.1
2025-12-17 19:40:00+00:00,1.8542,1.8557,1.8493,1.8499,1852118.8
2025-12-17 19:45:00+00:00,1.8498,1.8587,1.8494,1.8585,4486609.2
2025-12-17 19:50:00+00:00,1.8585,1.8658,1.857,1.8641,3731631.8
2025-12-17 19:55:00+00:00,1.8641,1.8645,1.8609,1.8639,1278169.4
2025-12-17 20:00:00+00:00,1.8639,1.8653,1.8591,1.8613,2185658.3
2025-12-17 20:05:00+00:00,1.8613,1.8614,1.8564,1.8585,2123759.8
2025-12-17 20:10:00+00:00,1.8586,1.8606,1.8572,1.859,1191687.7
2025-12-17 20:15:00+00:00,1.859,1.8745,1.8588,1.8743,3617008.9
2025-12-17 20:20:00+00:00,1.8743,1.879,1.8728,1.8781,3682174.5
2025-12-17 20:25:00+00:00,1.8781,1.8827,1.8767,1.8816,3160625.0
2025-12-17 20:30:00+00:00,1.8815,1.8829,1.8747,1.8772,4789765.7
2025-12-17 20:35:00+00:00,1.8771,1.8795,1.8735,1.8735,2381617.3
2025-12-17 20:40:00+00:00,1.8736,1.8813,1.8731,1.8805,2118631.7
2025-12-17 20:45:00+00:00,1.8806,1.8816,1.877,1.8816,1956231.6
2025-12-17 20:50:00+00:00,1.8815,1.8819,1.8751,1.8773,2508598.1
2025-12-17 20:55:00+00:00,1.8772,1.8781,1.8726,1.8757,5436652.5
2025-12-17 21:00:00+00:00,1.8757,1.8767,1.8723,1.8735,1564380.0
2025-12-17 21:05:00+00:00,1.8734,1.874,1.8708,1.8725,1057900.5
2025-12-17 21:10:00+00:00,1.8725,1.8736,1.8702,1.8713,1105207.7
2025-12-17 21:15:00+00:00,1.8713,1.8719,1.8655,1.8658,2700149.7
2025-12-17 21:20:00+00:00,1.8659,1.8681,1.862,1.8634,2193944.7
2025-12-17 21:25:00+00:00,1.8635,1.8654,1.8632,1.8639,930962.6
2025-12-17 21:30:00+00:00,1.864,1.866,1.8581,1.8616,1734242.0
2025-12-17 21:35:00+00:00,1.8617,1.8635,1.8598,1.86,1339303.2
2025-12-17 21:40:00+00:00,1.86,1.8639,1.8598,1.8635,991176.6
2025-12-17 21:45:00+00:00,1.8635,1.8636,1.8595,1.86,638812.9
2025-12-17 21:50:00+00:00,1.86,1.8628,1.8577,1.8622,1207063.6
2025-12-17 21:55:00+00:00,1.8621,1.8628,1.8598,1.8625,1183392.8
2025-12-17 22:00:00+00:00,1.8625,1.8625,1.8577,1.8581,1125859.0
2025-12-17 22:05:00+00:00,1.8581,1.8604,1.8537,1.8602,1854967.4
2025-12-17 22:10:00+00:00,1.8603,1.866,1.8599,1.8615,1717507.9
2025-12-17 22:15:00+00:00,1.8616,1.8646,1.8597,1.86,1152682.1
2025-12-17 22:20:00+00:00,1.86,1.8644,1.8576,1.8642,1096556.2
2025-12-17 22:25:00+00:00,1.8642,1.8715,1.863,1.8667,2118505.0
2025-12-17 22:30:00+00:00,1.8666,1.8681,1.8653,1.8653,832473.2
2025-12-17 22:35:00+00:00,1.8652,1.8652,1.8614,1.8614,623198.5
2025-12-17 22:40:00+00:00,1.8615,1.864,1.8601,1.8631,567543.9
2025-12-17 22:45:00+00:00,1.863,1.8647,1.8623,1.8647,269476.8
2025-12-17 22:50:00+00:00,1.8647,1.8706,1.8646,1.8703,595421.0
2025-12-17 22:55:00+00:00,1.8702,1.8703,1.8668,1.867,580038.9
2025-12-17 23:00:00+00:00,1.867,1.8673,1.862,1.8627,1379768.4
2025-12-17 23:05:00+00:00,1.8627,1.8628,1.859,1.8603,1255566.5
2025-12-17 23:10:00+00:00,1.8603,1.8612,1.8573,1.8577,1062267.9
2025-12-17 23:15:00+00:00,1.8578,1.8589,1.8565,1.8579,913138.3
2025-12-17 23:20:00+00:00,1.8578,1.8588,1.8558,1.8558,1041179.6
2025-12-17 23:25:00+00:00,1.8559,1.8575,1.8553,1.8574,797253.2
2025-12-17 23:30:00+00:00,1.8573,1.8584,1.8566,1.8582,725585.3
2025-12-17 23:35:00+00:00,1.8582,1.8619,1.8577,1.8614,882531.6
2025-12-17 23:40:00+00:00,1.8613,1.8619,1.8601,1.861,417614.4
2025-12-17 23:45:00+00:00,1.8609,1.8623,1.8601,1.8611,828401.9
2025-12-17 23:50:00+00:00,1.861,1.8617,1.8602,1.8605,585089.1
2025-12-17 23:55:00+00:00,1.8604,1.8615,1.86,1.8614,423886.7
2025-12-18 00:00:00+00:00,1.8613,1.8636,1.8583,1.8601,1461947.2
2025-12-18 00:05:00+00:00,1.8602,1.8612,1.8585,1.8601,1143606.7
2025-12-18 00:10:00+00:00,1.8601,1.8608,1.8582,1.8595,646687.1
2025-12-18 00:15:00+00:00,1.8595,1.8638,1.8594,1.8599,1012231.5
2025-12-18 00:20:00+00:00,1.8599,1.862,1.8582,1.862,681388.7
2025-12-18 00:25:00+00:00,1.862,1.8684,1.8618,1.867,2581326.2
2025-12-18 00:30:00+00:00,1.867,1.868,1.8653,1.8678,940377.5
2025-12-18 00:35:00+00:00,1.8677,1.8684,1.8656,1.8679,914861.0
2025-12-18 00:40:00+00:00,1.8678,1.8678,1.8631,1.8639,770201.2
2025-12-18 00:45:00+00:00,1.8638,1.8668,1.8635,1.8667,577921.8
2025-12-18 00:50:00+00:00,1.8668,1.868,1.8657,1.8674,496270.2
2025-12-18 00:55:00+00:00,1.8674,1.869,1.8672,1.868,962815.2
2025-12-18 01:00:00+00:00,1.868,1.8682,1.8615,1.8615,1713310.8
2025-12-18 01:05:00+00:00,1.8615,1.8615,1.8543,1.8543,2305457.9
2025-12-18 01:10:00+00:00,1.8543,1.857,1.8525,1.8561,1609047.5
2025-12-18 01:15:00+00:00,1.8561,1.8601,1.8524,1.8543,1751765.3
2025-12-18 01:20:00+00:00,1.8543,1.8596,1.8541,1.8584,875529.3
2025-12-18 01:25:00+00:00,1.8584,1.8585,1.8559,1.8563,463171.7
2025-12-18 01:30:00+00:00,1.8562,1.8578,1.8551,1.8562,513462.2
2025-12-18 01:35:00+00:00,1.8562,1.8598,1.8527,1.8538,949799.9
2025-12-18 01:40:00+00:00,1.8537,1.8572,1.8533,1.8558,893264.6
2025-12-18 01:45:00+00:00,1.8558,1.8585,1.8553,1.8567,808143.7
2025-12-18 01:50:00+00:00,1.8567,1.8574,1.8505,1.8525,2166549.6
2025-12-18 01:55:00+00:00,1.8526,1.8556,1.8522,1.8549,554287.1
2025-12-18 02:00:00+00:00,1.855,1.856,1.8521,1.8552,1095230.7
2025-12-18 02:05:00+00:00,1.8552,1.8622,1.8547,1.8572,1806854.0
2025-12-18 02:10:00+00:00,1.8572,1.8656,1.8567,1.8632,1371873.2
2025-12-18 02:15:00+00:00,1.8632,1.8714,1.8626,1.8667,2770198.0
2025-12-18 02:20:00+00:00,1.8666,1.8702,1.8585,1.8587,2062072.4
2025-12-18 02:25:00+00:00,1.8587,1.8631,1.8573,1.8619,2255982.9
2025-12-18 02:30:00+00:00,1.8618,1.864,1.8611,1.8633,1087092.1
2025-12-18 02:35:00+00:00,1.8634,1.8663,1.8629,1.865,1009739.2
2025-12-18 02:40:00+00:00,1.865,1.8663,1.8634,1.8654,674066.3
2025-12-18 02:45:00+00:00,1.8654,1.8671,1.8642,1.8653,859047.7
2025-12-18 02:50:00+00:00,1.8652,1.8656,1.8626,1.8656,838593.5
2025-12-18 02:55:00+00:00,1.8656,1.8657,1.8615,1.8624,597946.8
2025-12-18 03:00:00+00:00,1.8624,1.8634,1.859,1.8629,915903.1
2025-12-18 03:05:00+00:00,1.8629,1.8629,1.8598,1.8611,539800.8
2025-12-18 03:10:00+00:00,1.8611,1.8623,1.8593,1.8594,705150.1
2025-12-18 03:15:00+00:00,1.8593,1.8593,1.8541,1.8572,1627347.9
2025-12-18 03:20:00+00:00,1.8572,1.8573,1.854,1.8542,793570.7
2025-12-18 03:25:00+00:00,1.8542,1.8543,1.8521,1.8528,1060692.5
2025-12-18 03:30:00+00:00,1.8528,1.8547,1.8507,1.8538,2065025.5
2025-12-18 03:35:00+00:00,1.8538,1.8553,1.8522,1.855,939517.9
2025-12-18 03:40:00+00:00,1.855,1.856,1.8531,1.8538,1248810.0
2025-12-18 03:45:00+00:00,1.8537,1.8545,1.853,1.8536,441128.6
2025-12-18 03:50:00+00:00,1.8535,1.8558,1.8533,1.8544,411952.8
2025-12-18 03:55:00+00:00,1.8543,1.8558,1.8538,1.8548,605059.8
2025-12-18 04:00:00+00:00,1.8547,1.8604,1.8535,1.8595,1887826.1
2025-12-18 04:05:00+00:00,1.8595,1.8608,1.8568,1.857,808826.1
2025-12-18 04:10:00+00:00,1.8571,1.858,1.8556,1.8573,622479.3
2025-12-18 04:15:00+00:00,1.8573,1.8585,1.8559,1.8581,373555.0
2025-12-18 04:20:00+00:00,1.8581,1.8601,1.8578,1.8592,603406.8
2025-12-18 04:25:00+00:00,1.8591,1.8591,1.856,1.8569,653161.6
2025-12-18 04:30:00+00:00,1.8569,1.8592,1.8562,1.8577,695883.7
2025-12-18 04:35:00+00:00,1.8577,1.8586,1.8541,1.8556,906088.1
2025-12-18 04:40:00+00:00,1.8556,1.857,1.8544,1.8565,594333.3
2025-12-18 04:45:00+00:00,1.8565,1.8567,1.8525,1.853,977746.7
2025-12-18 04:50:00+00:00,1.8529,1.8543,1.8522,1.8539,591916.7
2025-12-18 04:55:00+00:00,1.8538,1.8543,1.8524,1.8528,633511.7
2025-12-18 05:00:00+00:00,1.8528,1.8531,1.8515,1.8517,901386.5
2025-12-18 05:05:00+00:00,1.8517,1.8517,1.847,1.8479,3790880.7
2025-12-18 05:10:00+00:00,1.848,1.848,1.8409,1.8428,4706501.1
2025-12-18 05:15:00+00:00,1.8428,1.8438,1.8371,1.8395,4397906.4
2025-12-18 05:20:00+00:00,1.8395,1.8409,1.8358,1.8384,2805242.8
2025-12-18 05:25:00+00:00,1.8383,1.8383,1.8357,1.8359,1977392.7
2025-12-18 05:30:00+00:00,1.836,1.8361,1.831,1.8324,4906029.5
2025-12-18 05:35:00+00:00,1.8324,1.8368,1.8303,1.8364,3474045.1
2025-12-18 05:40:00+00:00,1.8364,1.8419,1.836,1.839,3025102.0
2025-12-18 05:45:00+00:00,1.8391,1.8396,1.8329,1.8349,1595378.3
2025-12-18 05:50:00+00:00,1.8348,1.8355,1.829,1.8307,3286994.7
2025-12-18 05:55:00+00:00,1.8307,1.8319,1.8299,1.8305,1406037.2
2025-12-18 06:00:00+00:00,1.8304,1.8338,1.8287,1.8336,2873318.2
2025-12-18 06:05:00+00:00,1.8336,1.8346,1.8322,1.8331,1859667.3
2025-12-18 06:10:00+00:00,1.833,1.8353,1.8326,1.8339,1585677.2
2025-12-18 06:15:00+00:00,1.8339,1.8356,1.8312,1.8324,1230539.6
2025-12-18 06:20:00+00:00,1.8323,1.834,1.8314,1.8325,626966.1
2025-12-18 06:25:00+00:00,1.8325,1.8329,1.8305,1.8314,665362.6
2025-12-18 06:30:00+00:00,1.8314,1.8343,1.8294,1.8306,914056.4
2025-12-18 06:35:00+00:00,1.8305,1.8329,1.8291,1.8308,856803.8
2025-12-18 06:40:00+00:00,1.8308,1.8325,1.8296,1.83,725158.3
2025-12-18 06:45:00+00:00,1.83,1.8306,1.8253,1.8291,2304335.7
2025-12-18 06:50:00+00:00,1.8291,1.833,1.8291,1.8311,957384.8
2025-12-18 06:55:00+00:00,1.8311,1.8338,1.8303,1.8322,1142686.4
2025-12-18 07:00:00+00:00,1.8323,1.8366,1.8322,1.8343,2104254.5
2025-12-18 07:05:00+00:00,1.8344,1.8358,1.8322,1.8348,1960697.7
2025-12-18 07:10:00+00:00,1.8348,1.841,1.8348,1.8409,2290603.9
2025-12-18 07:15:00+00:00,1.8409,1.842,1.8393,1.8398,1213872.9
2025-12-18 07:20:00+00:00,1.8399,1.843,1.8392,1.8427,1248018.5
2025-12-18 07:25:00+00:00,1.8427,1.8431,1.8412,1.8429,584035.3
2025-12-18 07:30:00+00:00,1.8429,1.8429,1.8411,1.8412,875501.9
2025-12-18 07:35:00+00:00,1.8412,1.8419,1.8365,1.837,1103942.3
2025-12-18 07:40:00+00:00,1.8369,1.8376,1.8349,1.8354,1349223.7
2025-12-18 07:45:00+00:00,1.8354,1.8385,1.8346,1.8378,1336693.1
2025-12-18 07:50:00+00:00,1.8379,1.8386,1.8355,1.8369,901585.3
2025-12-18 07:55:00+00:00,1.8369,1.8404,1.8365,1.8403,1075223.3
2025-12-18 08:00:00+00:00,1.8403,1.8419,1.8367,1.8382,2100193.8
2025-12-18 08:05:00+00:00,1.8382,1.8414,1.8376,1.8409,895737.7
2025-12-18 08:10:00+00:00,1.8409,1.8419,1.839,1.8409,987524.4
2025-12-18 08:15:00+00:00,1.841,1.8431,1.8382,1.8409,1667313.1
2025-12-18 08:20:00+00:00,1.8408,1.8478,1.8385,1.8471,2596461.0
2025-12-18 08:25:00+00:00,1.847,1.8484,1.844,1.8451,2024184.3
2025-12-18 08:30:00+00:00,1.8451,1.8488,1.8432,1.8467,1215705.1
2025-12-18 08:35:00+00:00,1.8467,1.8479,1.8453,1.8466,1011414.7
2025-12-18 08:40:00+00:00,1.8466,1.8489,1.8453,1.8455,1180743.9
2025-12-18 08:45:00+00:00,1.8456,1.8487,1.8444,1.8478,738070.3
2025-12-18 08:50:00+00:00,1.8477,1.849,1.8463,1.8464,753646.5
2025-12-18 08:55:00+00:00,1.8463,1.8536,1.8446,1.8531,8538243.0
2025-12-18 09:00:00+00:00,1.8531,1.855,1.8477,1.8507,3494114.2
2025-12-18 09:05:00+00:00,1.8507,1.853,1.8502,1.8525,1354662.3
2025-12-18 09:10:00+00:00,1.8525,1.8555,1.8503,1.8516,1150301.6
2025-12-18 09:15:00+00:00,1.8516,1.8532,1.8508,1.852,752789.3
2025-12-18 09:20:00+00:00,1.852,1.8574,1.8504,1.8558,1483389.3
2025-12-18 09:25:00+00:00,1.8558,1.8574,1.8548,1.8573,1067979.0
2025-12-18 09:30:00+00:00,1.8573,1.8625,1.8564,1.8621,2420567.3
2025-12-18 09:35:00+00:00,1.8621,1.8639,1.8584,1.8618,1657872.8
2025-12-18 09:40:00+00:00,1.8617,1.8675,1.8614,1.8674,2812300.8
2025-12-18 09:45:00+00:00,1.8674,1.8713,1.8666,1.8705,3634338.1
2025-12-18 09:50:00+00:00,1.8704,1.8712,1.8679,1.8682,1136644.4
2025-12-18 09:55:00+00:00,1.8682,1.8699,1.868,1.8685,557550.1
2025-12-18 10:00:00+00:00,1.8684,1.874,1.8675,1.8731,1792784.1
2025-12-18 10:05:00+00:00,1.8731,1.8751,1.8722,1.8747,1783460.1
2025-12-18 10:10:00+00:00,1.8747,1.8774,1.8743,1.8764,1723356.8
2025-12-18 10:15:00+00:00,1.8764,1.8764,1.8719,1.8746,1452782.2
2025-12-18 10:20:00+00:00,1.8745,1.8794,1.8729,1.8773,1338425.0
2025-12-18 10:25:00+00:00,1.8773,1.878,1.8757,1.8767,786986.3
2025-12-18 10:30:00+00:00,1.8768,1.8796,1.8754,1.8782,1759598.8
2025-12-18 10:35:00+00:00,1.8782,1.8783,1.8739,1.8741,1298719.9
2025-12-18 10:40:00+00:00,1.8742,1.875,1.8714,1.875,1846829.1
2025-12-18 10:45:00+00:00,1.8749,1.8766,1.8742,1.8758,1350031.0
2025-12-18 10:50:00+00:00,1.8758,1.8763,1.8732,1.8739,827657.0
2025-12-18 10:55:00+00:00,1.8739,1.8759,1.8726,1.8758,611928.1
2025-12-18 11:00:00+00:00,1.8758,1.8769,1.8714,1.8723,1768411.3
2025-12-18 11:05:00+00:00,1.8722,1.8748,1.8706,1.872,2987645.5
2025-12-18 11:10:00+00:00,1.872,1.8757,1.8701,1.8714,2334037.0
2025-12-18 11:15:00+00:00,1.8714,1.8723,1.8681,1.8683,2207674.1
2025-12-18 11:20:00+00:00,1.8683,1.8696,1.867,1.8683,1408786.5
2025-12-18 11:25:00+00:00,1.8682,1.8685,1.8654,1.8672,1925216.6
2025-12-18 11:30:00+00:00,1.8673,1.8698,1.8672,1.8674,1253311.6
2025-12-18 11:35:00+00:00,1.8673,1.8681,1.8657,1.868,844940.5
2025-12-18 11:40:00+00:00,1.8679,1.8696,1.8679,1.8691,573615.3
2025-12-18 11:45:00+00:00,1.869,1.8744,1.8685,1.873,1688552.2
2025-12-18 11:50:00+00:00,1.8729,1.8744,1.8718,1.8742,624128.3
2025-12-18 11:55:00+00:00,1.8741,1.8772,1.8741,1.8772,818023.9
2025-12-18 12:00:00+00:00,1.8773,1.8792,1.8764,1.8771,2095046.1
2025-12-18 12:05:00+00:00,1.8771,1.878,1.8763,1.8767,989991.3
2025-12-18 12:10:00+00:00,1.8766,1.8768,1.8713,1.8714,1271323.6
2025-12-18 12:15:00+00:00,1.8714,1.8751,1.8709,1.8742,1107611.0
2025-12-18 12:20:00+00:00,1.8743,1.8784,1.8742,1.8748,1013186.4
2025-12-18 12:25:00+00:00,1.8748,1.875,1.8726,1.875,574434.5
2025-12-18 12:30:00+00:00,1.875,1.8817,1.875,1.8811,2336626.2
2025-12-18 12:35:00+00:00,1.8811,1.8874,1.8811,1.8865,3184251.2
2025-12-18 12:40:00+00:00,1.8866,1.8877,1.8848,1.8852,1513885.7
2025-12-18 12:45:00+00:00,1.8851,1.8872,1.8822,1.8826,1371048.4
2025-12-18 12:50:00+00:00,1.8826,1.8828,1.8803,1.8811,1284327.4
2025-12-18 12:55:00+00:00,1.8812,1.8818,1.8797,1.8813,721134.1
2025-12-18 13:00:00+00:00,1.8813,1.8914,1.8811,1.8895,3668843.9
2025-12-18 13:05:00+00:00,1.8894,1.894,1.8856,1.892,3524103.6
2025-12-18 13:10:00+00:00,1.8919,1.8976,1.8874,1.8955,3504223.1
2025-12-18 13:15:00+00:00,1.8956,1.8973,1.8915,1.8931,2705455.8
2025-12-18 13:20:00+00:00,1.8931,1.8944,1.8906,1.8923,2459828.7
2025-12-18 13:25:00+00:00,1.8923,1.8923,1.8891,1.8906,2369531.1
2025-12-18 13:30:00+00:00,1.8906,1.9121,1.8906,1.9059,18196745.1
2025-12-18 13:35:00+00:00,1.9059,1.9095,1.8988,1.9078,6170396.0
2025-12-18 13:40:00+00:00,1.9078,1.9187,1.9066,1.9166,6486773.1
2025-12-18 13:45:00+00:00,1.9166,1.9232,1.9135,1.9197,9073750.1
2025-12-18 13:50:00+00:00,1.9196,1.9221,1.9131,1.9158,9831132.0
2025-12-18 13:55:00+00:00,1.9157,1.9162,1.9121,1.9126,4268215.1
2025-12-18 14:00:00+00:00,1.9127,1.9254,1.9126,1.9181,5664336.5
2025-12-18 14:05:00+00:00,1.9181,1.9229,1.9147,1.915,5333804.2
2025-12-18 14:10:00+00:00,1.915,1.9157,1.8904,1.8922,15162960.1
2025-12-18 14:15:00+00:00,1.8922,1.9112,1.8919,1.9092,6773311.5
2025-12-18 14:20:00+00:00,1.9091,1.9125,1.9055,1.9117,3418594.8
2025-12-18 14:25:00+00:00,1.9116,1.9118,1.906,1.9085,2490463.3
2025-12-18 14:30:00+00:00,1.9086,1.9208,1.9,1.9029,9136091.3
2025-12-18 14:35:00+00:00,1.9029,1.9047,1.8907,1.8976,8380624.7
2025-12-18 14:40:00+00:00,1.8975,1.9027,1.89,1.8931,8898263.1
2025-12-18 14:45:00+00:00,1.8931,1.9008,1.8882,1.8956,4640441.3
2025-12-18 14:50:00+00:00,1.8956,1.9034,1.8955,1.9028,2473264.3
2025-12-18 14:55:00+00:00,1.9029,1.9044,1.899,1.9016,1812533.7
2025-12-18 15:00:00+00:00,1.9016,1.9039,1.8969,1.8985,2888341.5
2025-12-18 15:05:00+00:00,1.8985,1.9105,1.8975,1.9043,2875401.1
2025-12-18 15:10:00+00:00,1.9044,1.9054,1.8947,1.8991,3170791.7
2025-12-18 15:15:00+00:00,1.8992,1.9048,1.8958,1.904,2392607.5
2025-12-18 15:20:00+00:00,1.9039,1.9114,1.9017,1.9108,2678270.3
2025-12-18 15:25:00+00:00,1.9107,1.9194,1.9098,1.9183,4450011.7
2025-12-18 15:30:00+00:00,1.9184,1.9206,1.9118,1.9168,4227829.1
2025-12-18 15:35:00+00:00,1.9168,1.9333,1.9163,1.9313,16523266.2
2025-12-18 15:40:00+00:00,1.9313,1.9327,1.9268,1.9275,3880089.6
2025-12-18 15:45:00+00:00,1.9275,1.9276,1.9205,1.9247,3665250.7
2025-12-18 15:50:00+00:00,1.9246,1.9262,1.9219,1.9243,1449844.6
2025-12-18 15:55:00+00:00,1.9243,1.9255,1.9148,1.919,6331669.2
2025-12-18 16:00:00+00:00,1.9189,1.9195,1.914,1.9163,3517717.7
2025-12-18 16:05:00+00:00,1.9163,1.9201,1.9144,1.9167,1842083.1
2025-12-18 16:10:00+00:00,1.9168,1.9183,1.9112,1.9113,2145293.0
2025-12-18 16:15:00+00:00,1.9113,1.9167,1.9092,1.9111,5676395.8
2025-12-18 16:20:00+00:00,1.9111,1.9144,1.9088,1.9096,1897448.2
2025-12-18 16:25:00+00:00,1.9096,1.91,1.9046,1.908,2542719.2
2025-12-18 16:30:00+00:00,1.908,1.9093,1.9049,1.9061,1636557.7
2025-12-18 16:35:00+00:00,1.9061,1.9138,1.9061,1.9123,1996006.6
2025-12-18 16:40:00+00:00,1.9124,1.9131,1.9106,1.9126,1083456.2
2025-12-18 16:45:00+00:00,1.9127,1.914,1.9094,1.9096,1296569.7
2025-12-18 16:50:00+00:00,1.9096,1.9113,1.908,1.9091,959995.2
2025-12-18 16:55:00+00:00,1.909,1.9108,1.9073,1.9095,1140052.9
2025-12-18 17:00:00+00:00,1.9095,1.9099,1.898,1.9003,3822589.6
2025-12-18 17:05:00+00:00,1.9004,1.9007,1.8745,1.8748,12912122.1
2025-12-18 17:10:00+00:00,1.8748,1.8782,1.8657,1.8681,10686440.1
2025-12-18 17:15:00+00:00,1.8681,1.8681,1.8458,1.8566,16895073.2
2025-12-18 17:20:00+00:00,1.8567,1.8595,1.8378,1.8427,13414810.3
2025-12-18 17:25:00+00:00,1.8428,1.8551,1.8375,1.8526,9226078.0
2025-12-18 17:30:00+00:00,1.8526,1.8616,1.8456,1.8604,6423947.0
2025-12-18 17:35:00+00:00,1.8603,1.8613,1.8542,1.8567,3373612.3
2025-12-18 17:40:00+00:00,1.8567,1.8721,1.8559,1.8695,4704488.6
2025-12-18 17:45:00+00:00,1.8695,1.8716,1.8655,1.8655,2901070.4
2025-12-18 17:50:00+00:00,1.8656,1.8697,1.8599,1.8665,3221490.8
2025-12-18 17:55:00+00:00,1.8665,1.8665,1.861,1.8657,1927233.8
2025-12-18 18:00:00+00:00,1.8657,1.866,1.8606,1.8636,2127559.2
2025-12-18 18:05:00+00:00,1.8636,1.8698,1.8625,1.867,2024005.6
2025-12-18 18:10:00+00:00,1.8671,1.876,1.8651,1.872,3722771.8
2025-12-18 18:15:00+00:00,1.872,1.8732,1.8649,1.8667,2266412.8
2025-12-18 18:20:00+00:00,1.8667,1.8692,1.8613,1.8641,1347665.3
2025-12-18 18:25:00+00:00,1.8641,1.8645,1.8559,1.8584,2248767.3
2025-12-18 18:30:00+00:00,1.8585,1.864,1.8568,1.8584,1740020.6
2025-12-18 18:35:00+00:00,1.8585,1.8645,1.8583,1.8624,1887150.7
2025-12-18 18:40:00+00:00,1.8625,1.865,1.8592,1.8592,945625.1
2025-12-18 18:45:00+00:00,1.8592,1.8593,1.8483,1.852,3253541.0
2025-12-18 18:50:00+00:00,1.852,1.8524,1.84,1.8413,5940585.4
2025-12-18 18:55:00+00:00,1.8412,1.8444,1.8389,1.8425,3531967.8
2025-12-18 19:00:00+00:00,1.8425,1.844,1.8291,1.8292,8879427.6
2025-12-18 19:05:00+00:00,1.8292,1.8449,1.8276,1.8448,5117424.2
2025-12-18 19:10:00+00:00,1.8449,1.8452,1.8331,1.8337,2844567.2
2025-12-18 19:15:00+00:00,1.8337,1.8355,1.8264,1.8347,5624177.7
2025-12-18 19:20:00+00:00,1.8347,1.8407,1.8321,1.8327,3500862.6
2025-12-18 19:25:00+00:00,1.8327,1.8366,1.8303,1.8334,2267008.1
2025-12-18 19:30:00+00:00,1.8334,1.8369,1.8259,1.8272,2975006.9
2025-12-18 19:35:00+00:00,1.8271,1.8292,1.819,1.8228,7538288.9
2025-12-18 19:40:00+00:00,1.8228,1.8242,1.8106,1.8136,8735197.1
2025-12-18 19:45:00+00:00,1.8136,1.816,1.8063,1.8125,7388005.0
2025-12-18 19:50:00+00:00,1.8126,1.8128,1.7987,1.8088,14901725.7
2025-12-18 19:55:00+00:00,1.8088,1.8095,1.8016,1.8052,4118782.8
2025-12-18 20:00:00+00:00,1.8052,1.8183,1.8039,1.8176,6411477.9
2025-12-18 20:05:00+00:00,1.8175,1.8218,1.8122,1.8132,3672935.9
2025-12-18 20:10:00+00:00,1.8132,1.822,1.8129,1.8184,2903083.6
2025-12-18 20:15:00+00:00,1.8183,1.8188,1.8133,1.8168,2362186.0
2025-12-18 20:20:00+00:00,1.8168,1.8203,1.8153,1.819,2190479.2
2025-12-18 20:25:00+00:00,1.819,1.8203,1.8096,1.8123,3755699.0
2025-12-18 20:30:00+00:00,1.8123,1.8133,1.808,1.812,3155817.1
2025-12-18 20:35:00+00:00,1.812,1.814,1.8093,1.8101,2035399.3
2025-12-18 20:40:00+00:00,1.8101,1.8109,1.807,1.8073,2294961.8
2025-12-18 20:45:00+00:00,1.8073,1.8107,1.8046,1.8075,2477852.2
2025-12-18 20:50:00+00:00,1.8075,1.81,1.8032,1.8065,2605375.7
2025-12-18 20:55:00+00:00,1.8066,1.8083,1.7975,1.8004,12824392.3
2025-12-18 21:00:00+00:00,1.8,1.8165,1.8,1.8117,8136003.2
2025-12-18 21:05:00+00:00,1.8117,1.8138,1.8082,1.8114,1955551.7
2025-12-18 21:10:00+00:00,1.8114,1.8173,1.8071,1.8146,4262835.0
2025-12-18 21:15:00+00:00,1.8145,1.8201,1.8095,1.8143,9790061.8
2025-12-18 21:20:00+00:00,1.8143,1.8158,1.8084,1.8115,3316603.7
2025-12-18 21:25:00+00:00,1.8114,1.8185,1.8113,1.8181,2810281.0
2025-12-18 21:30:00+00:00,1.818,1.8226,1.8163,1.8189,3945065.3
2025-12-18 21:35:00+00:00,1.8188,1.8195,1.8117,1.8121,3078184.6
2025-12-18 21:40:00+00:00,1.8121,1.813,1.8092,1.8126,1824738.3
2025-12-18 21:45:00+00:00,1.8125,1.8186,1.8111,1.8156,1578937.3
2025-12-18 21:50:00+00:00,1.8155,1.8184,1.8145,1.8165,1182077.8
2025-12-18 21:55:00+00:00,1.8165,1.8194,1.8155,1.8186,1525056.4
2025-12-18 22:00:00+00:00,1.8185,1.8196,1.8152,1.8185,2217037.2
2025-12-18 22:05:00+00:00,1.8184,1.8239,1.8184,1.8236,2113609.0
2025-12-18 22:10:00+00:00,1.8236,1.8236,1.8168,1.8171,1810348.3
2025-12-18 22:15:00+00:00,1.8171,1.8194,1.8165,1.8183,942045.4
2025-12-18 22:20:00+00:00,1.8184,1.8184,1.815,1.8154,775469.8
2025-12-18 22:25:00+00:00,1.8154,1.8186,1.8129,1.8185,1018788.5
2025-12-18 22:30:00+00:00,1.8186,1.8216,1.8171,1.819,1183043.5
2025-12-18 22:35:00+00:00,1.819,1.8197,1.8149,1.8156,1221295.1
2025-12-18 22:40:00+00:00,1.8156,1.8173,1.8137,1.816,632301.1
2025-12-18 22:45:00+00:00,1.816,1.8182,1.8148,1.8181,555872.3
2025-12-18 22:50:00+00:00,1.8181,1.8197,1.8175,1.8196,263047.5
2025-12-18 22:55:00+00:00,1.8197,1.8198,1.817,1.8177,449626.1
2025-12-18 23:00:00+00:00,1.8177,1.8179,1.8134,1.8135,1401446.4
2025-12-18 23:05:00+00:00,1.8135,1.8148,1.8102,1.813,1837996.0
2025-12-18 23:10:00+00:00,1.8129,1.8146,1.8119,1.8146,1022793.6
2025-12-18 23:15:00+00:00,1.8145,1.8146,1.8124,1.8139,789538.0
2025-12-18 23:20:00+00:00,1.8139,1.814,1.8085,1.8111,2137578.8
2025-12-18 23:25:00+00:00,1.8111,1.8112,1.8086,1.8095,901066.4
2025-12-18 23:30:00+00:00,1.8094,1.8128,1.8092,1.8114,979596.6
2025-12-18 23:35:00+00:00,1.8114,1.813,1.811,1.811,425494.6
2025-12-18 23:40:00+00:00,1.811,1.811,1.8063,1.8069,1279767.5
2025-12-18 23:45:00+00:00,1.8069,1.8074,1.8056,1.806,979926.0
2025-12-18 23:50:00+00:00,1.806,1.8097,1.806,1.8081,1073950.1
2025-12-18 23:55:00+00:00,1.8082,1.8083,1.8063,1.8067,918011.0
2025-12-19 00:00:00+00:00,1.8067,1.8094,1.8038,1.8044,3914314.6
2025-12-19 00:05:00+00:00,1.8044,1.8085,1.8032,1.8084,1730895.2
2025-12-19 00:10:00+00:00,1.8083,1.8107,1.8055,1.8058,1213491.0
2025-12-19 00:15:00+00:00,1.8057,1.8074,1.802,1.8021,1543264.1
2025-12-19 00:20:00+00:00,1.8021,1.8056,1.7953,1.7975,4035276.5
2025-12-19 00:25:00+00:00,1.7975,1.7975,1.7877,1.7879,5969595.7
2025-12-19 00:30:00+00:00,1.788,1.791,1.7836,1.7854,6019334.8
2025-12-19 00:35:00+00:00,1.7855,1.7891,1.7841,1.7878,3017258.5
2025-12-19 00:40:00+00:00,1.7879,1.7888,1.7808,1.7812,3304970.3
2025-12-19 00:45:00+00:00,1.7812,1.7852,1.7802,1.7803,2096182.7
2025-12-19 00:50:00+00:00,1.7803,1.7941,1.7801,1.7891,4093186.5
2025-12-19 00:55:00+00:00,1.789,1.7929,1.789,1.792,1367294.6
2025-12-19 01:00:00+00:00,1.792,1.7921,1.7806,1.7817,2387402.2
2025-12-19 01:05:00+00:00,1.7817,1.7854,1.78,1.7825,2334451.9
2025-12-19 01:10:00+00:00,1.7824,1.7864,1.7809,1.7844,1659990.9
2025-12-19 01:15:00+00:00,1.7843,1.7903,1.7836,1.7852,1616326.1
2025-12-19 01:20:00+00:00,1.7852,1.7854,1.7805,1.7825,1637266.1
2025-12-19 01:25:00+00:00,1.7824,1.783,1.775,1.7752,4037293.2
2025-12-19 01:30:00+00:00,1.7752,1.7777,1.7735,1.7759,3307558.4
2025-12-19 01:35:00+00:00,1.7758,1.7777,1.7725,1.7768,2550668.0
2025-12-19 01:40:00+00:00,1.7768,1.777,1.7707,1.7733,2417500.0
2025-12-19 01:45:00+00:00,1.7734,1.7751,1.7703,1.773,1805934.4
2025-12-19 01:50:00+00:00,1.7729,1.7829,1.7719,1.7819,2582821.1
2025-12-19 01:55:00+00:00,1.7819,1.7833,1.7806,1.7818,1251592.3
2025-12-19 02:00:00+00:00,1.7817,1.7817,1.7731,1.7759,1906117.8
2025-12-19 02:05:00+00:00,1.7759,1.7793,1.7743,1.7754,2493103.7
2025-12-19 02:10:00+00:00,1.7754,1.7817,1.7753,1.7755,2625365.1
2025-12-19 02:15:00+00:00,1.7755,1.7793,1.7748,1.7749,2200067.6
2025-12-19 02:20:00+00:00,1.7748,1.7823,1.7733,1.7823,1751366.9
2025-12-19 02:25:00+00:00,1.7824,1.7875,1.7809,1.7848,2854532.3
2025-12-19 02:30:00+00:00,1.7847,1.7861,1.7804,1.7804,2854105.1
2025-12-19 02:35:00+00:00,1.7804,1.7842,1.7784,1.7835,1187964.1
2025-12-19 02:40:00+00:00,1.7835,1.7862,1.7834,1.7856,1790393.3
2025-12-19 02:45:00+00:00,1.7857,1.7917,1.7853,1.7917,2688703.5
2025-12-19 02:50:00+00:00,1.7917,1.7979,1.791,1.7958,6221957.7
2025-12-19 02:55:00+00:00,1.7958,1.7962,1.7927,1.793,1656766.4
2025-12-19 03:00:00+00:00,1.793,1.8144,1.7927,1.8144,9291330.7
2025-12-19 03:05:00+00:00,1.8144,1.815,1.8064,1.8069,6058578.8
2025-12-19 03:10:00+00:00,1.8067,1.8189,1.8029,1.8164,4368571.0
2025-12-19 03:15:00+00:00,1.8163,1.8194,1.8108,1.8116,4809961.7
2025-12-19 03:20:00+00:00,1.8115,1.8262,1.8034,1.8257,6500810.9
2025-12-19 03:25:00+00:00,1.8257,1.8427,1.8257,1.8401,15492403.0
2025-12-19 03:30:00+00:00,1.84,1.8524,1.8397,1.8416,9669919.6
2025-12-19 03:35:00+00:00,1.8417,1.843,1.8306,1.8365,10067937.8
2025-12-19 03:40:00+00:00,1.8366,1.8466,1.8355,1.8409,3006256.3
2025-12-19 03:45:00+00:00,1.8409,1.8525,1.8408,1.851,4423895.2
2025-12-19 03:50:00+00:00,1.851,1.8521,1.8442,1.8444,2178113.0
2025-12-19 03:55:00+00:00,1.8444,1.8461,1.835,1.839,5926511.5
2025-12-19 04:00:00+00:00,1.839,1.8482,1.8367,1.8409,5749393.3
2025-12-19 04:05:00+00:00,1.8409,1.8473,1.8406,1.8458,3701977.5
2025-12-19 04:10:00+00:00,1.8457,1.8485,1.8449,1.8475,2007402.8
2025-12-19 04:15:00+00:00,1.8474,1.8488,1.8461,1.848,1484591.5
2025-12-19 04:20:00+00:00,1.8481,1.8489,1.8412,1.8422,1297362.7
2025-12-19 04:25:00+00:00,1.8422,1.8476,1.8422,1.8445,1119579.2
2025-12-19 04:30:00+00:00,1.8446,1.8481,1.8426,1.8455,1271364.1
2025-12-19 04:35:00+00:00,1.8455,1.8469,1.8404,1.8415,3772781.4
2025-12-19 04:40:00+00:00,1.8416,1.8438,1.8358,1.8396,4438757.9
2025-12-19 04:45:00+00:00,1.8396,1.8429,1.8392,1.8406,1254405.0
2025-12-19 04:50:00+00:00,1.8406,1.8417,1.838,1.8391,1170991.5
2025-12-19 04:55:00+00:00,1.839,1.8398,1.8379,1.8388,649811.3
2025-12-19 05:00:00+00:00,1.8389,1.8395,1.8324,1.8347,2794603.9
2025-12-19 05:05:00+00:00,1.8348,1.8348,1.8276,1.8301,5333962.7
2025-12-19 05:10:00+00:00,1.8302,1.8345,1.83,1.8331,2130583.5
2025-12-19 05:15:00+00:00,1.8332,1.8334,1.8271,1.8288,2272705.2
2025-12-19 05:20:00+00:00,1.8288,1.8293,1.8254,1.8291,2477965.6
2025-12-19 05:25:00+00:00,1.8291,1.8301,1.8248,1.8282,2567473.9
2025-12-19 05:30:00+00:00,1.8281,1.8289,1.8255,1.8261,1129677.3
2025-12-19 05:35:00+00:00,1.8261,1.8331,1.8261,1.8314,1629972.3
2025-12-19 05:40:00+00:00,1.8314,1.8326,1.8292,1.8292,1005601.3
2025-12-19 05:45:00+00:00,1.8293,1.8301,1.8267,1.8284,1852459.1
2025-12-19 05:50:00+00:00,1.8283,1.8334,1.8274,1.8287,1535354.1
2025-12-19 05:55:00+00:00,1.8286,1.8298,1.8264,1.8273,1374448.8
2025-12-19 06:00:00+00:00,1.8274,1.833,1.8241,1.8303,3271650.7
2025-12-19 06:05:00+00:00,1.8304,1.8347,1.8304,1.8334,1400021.1
2025-12-19 06:10:00+00:00,1.8333,1.8334,1.8309,1.8319,737987.9
2025-12-19 06:15:00+00:00,1.8319,1.8327,1.8281,1.8291,1695592.5
2025-12-19 06:20:00+00:00,1.8291,1.8339,1.8291,1.8308,1490037.8
2025-12-19 06:25:00+00:00,1.8309,1.8361,1.8307,1.8358,1212212.3
2025-12-19 06:30:00+00:00,1.8359,1.839,1.8339,1.839,1433503.0
2025-12-19 06:35:00+00:00,1.8391,1.8444,1.8388,1.8427,2639124.6
2025-12-19 06:40:00+00:00,1.8428,1.8446,1.8403,1.844,1186427.2
2025-12-19 06:45:00+00:00,1.8441,1.8441,1.8386,1.8394,1715077.5
2025-12-19 06:50:00+00:00,1.8393,1.8428,1.8382,1.8427,790428.7
2025-12-19 06:55:00+00:00,1.8427,1.8509,1.8426,1.85,4908406.6
2025-12-19 07:00:00+00:00,1.85,1.8597,1.8499,1.8577,4863413.2
2025-12-19 07:05:00+00:00,1.8576,1.868,1.8574,1.8678,5082026.8
2025-12-19 07:10:00+00:00,1.8678,1.8758,1.8654,1.8687,6657815.9
2025-12-19 07:15:00+00:00,1.8686,1.8712,1.8632,1.8671,5186654.3
2025-12-19 07:20:00+00:00,1.867,1.8677,1.8602,1.8607,6224955.2
2025-12-19 07:25:00+00:00,1.8607,1.8644,1.8602,1.8619,2401071.2
2025-12-19 07:30:00+00:00,1.862,1.864,1.8579,1.8593,2378282.7
2025-12-19 07:35:00+00:00,1.8593,1.8628,1.8587,1.8616,1592189.5
2025-12-19 07:40:00+00:00,1.8616,1.8667,1.8607,1.8644,2976509.7
2025-12-19 07:45:00+00:00,1.8644,1.8667,1.8625,1.8631,1349958.8
2025-12-19 07:50:00+00:00,1.8631,1.8667,1.8622,1.8643,1190422.2
2025-12-19 07:55:00+00:00,1.8642,1.8668,1.8641,1.8665,1174234.2
2025-12-19 08:00:00+00:00,1.8665,1.8693,1.8637,1.8642,1907140.1
2025-12-19 08:05:00+00:00,1.8641,1.8694,1.8636,1.8675,1285425.2
2025-12-19 08:10:00+00:00,1.8675,1.8691,1.8612,1.8629,1632181.9
2025-12-19 08:15:00+00:00,1.8629,1.8664,1.8627,1.8646,1177911.6
2025-12-19 08:20:00+00:00,1.8646,1.866,1.8608,1.8608,1008329.9
2025-12-19 08:25:00+00:00,1.8608,1.8625,1.8584,1.8589,1782464.6
2025-12-19 08:30:00+00:00,1.8589,1.869,1.8587,1.8679,2632588.8
2025-12-19 08:35:00+00:00,1.8679,1.8698,1.8662,1.8667,1640799.9
2025-12-19 08:40:00+00:00,1.8666,1.8679,1.8654,1.8663,849885.4
2025-12-19 08:45:00+00:00,1.8663,1.8693,1.8661,1.869,1425706.8
2025-12-19 08:50:00+00:00,1.869,1.871,1.8676,1.8682,2037784.8
2025-12-19 08:55:00+00:00,1.8681,1.8685,1.8654,1.8656,1211046.3
2025-12-19 09:00:00+00:00,1.8656,1.8663,1.8631,1.8652,1245802.6
2025-12-19 09:05:00+00:00,1.8652,1.8688,1.8646,1.8684,1075919.9
2025-12-19 09:10:00+00:00,1.8683,1.869,1.8657,1.8661,1106861.1
2025-12-19 09:15:00+00:00,1.8661,1.8674,1.8652,1.8669,853745.9
2025-12-19 09:20:00+00:00,1.867,1.867,1.8641,1.8657,719744.6
2025-12-19 09:25:00+00:00,1.8658,1.8662,1.8643,1.8647,724784.6
2025-12-19 09:30:00+00:00,1.8648,1.8682,1.8632,1.8634,1630676.5
2025-12-19 09:35:00+00:00,1.8633,1.8656,1.8612,1.8624,1467455.9
2025-12-19 09:40:00+00:00,1.8624,1.8642,1.8624,1.864,625290.2
2025-12-19 09:45:00+00:00,1.8641,1.8643,1.8623,1.8627,748229.0
2025-12-19 09:50:00+00:00,1.8627,1.8647,1.861,1.8637,1400789.0
2025-12-19 09:55:00+00:00,1.8636,1.8648,1.863,1.8644,736555.3
2025-12-19 10:00:00+00:00,1.8644,1.8686,1.8643,1.8681,1382023.0
2025-12-19 10:05:00+00:00,1.8681,1.8681,1.8605,1.8619,2463382.4
2025-12-19 10:10:00+00:00,1.8619,1.868,1.8619,1.8671,779192.0
2025-12-19 10:15:00+00:00,1.8671,1.8684,1.8655,1.8668,835281.6
2025-12-19 10:20:00+00:00,1.8669,1.867,1.8618,1.8635,1825079.7
2025-12-19 10:25:00+00:00,1.8636,1.8655,1.8619,1.8631,1478769.0
2025-12-19 10:30:00+00:00,1.8632,1.8661,1.8631,1.8646,1240794.8
2025-12-19 10:35:00+00:00,1.8646,1.8649,1.8635,1.8646,471090.7
2025-12-19 10:40:00+00:00,1.8646,1.8662,1.8641,1.8645,567299.4
2025-12-19 10:45:00+00:00,1.8645,1.8659,1.8638,1.864,1085769.0
2025-12-19 10:50:00+00:00,1.864,1.865,1.8634,1.8648,674950.8
2025-12-19 10:55:00+00:00,1.8648,1.867,1.8638,1.8664,789576.0
2025-12-19 11:00:00+00:00,1.8665,1.8675,1.8634,1.8641,1026690.7
2025-12-19 11:05:00+00:00,1.8641,1.8649,1.8631,1.8635,601965.8
2025-12-19 11:10:00+00:00,1.8635,1.8687,1.8628,1.8678,1298518.2
2025-12-19 11:15:00+00:00,1.8678,1.868,1.8648,1.8648,783452.1
2025-12-19 11:20:00+00:00,1.8649,1.8682,1.8645,1.8659,827509.2
2025-12-19 11:25:00+00:00,1.8658,1.868,1.8653,1.8666,671252.3
2025-12-19 11:30:00+00:00,1.8667,1.871,1.8658,1.8705,3439539.2
2025-12-19 11:35:00+00:00,1.8704,1.8706,1.8647,1.8668,1013571.2
2025-12-19 11:40:00+00:00,1.8668,1.8697,1.8668,1.8695,476135.9
2025-12-19 11:45:00+00:00,1.8695,1.8707,1.8691,1.8706,614764.7
2025-12-19 11:50:00+00:00,1.8705,1.8711,1.869,1.8695,819778.0
2025-12-19 11:55:00+00:00,1.8695,1.8698,1.8687,1.8696,502778.6
2025-12-19 12:00:00+00:00,1.8697,1.8714,1.865,1.8662,1853299.7
2025-12-19 12:05:00+00:00,1.8662,1.8673,1.8648,1.8659,1546810.1
2025-12-19 12:10:00+00:00,1.8659,1.874,1.8656,1.8724,2082258.6
2025-12-19 12:15:00+00:00,1.8724,1.8746,1.8699,1.872,1521747.6
2025-12-19 12:20:00+00:00,1.8719,1.8733,1.8712,1.873,945431.5
2025-12-19 12:25:00+00:00,1.8729,1.8752,1.8725,1.8729,1042885.6
2025-12-19 12:30:00+00:00,1.873,1.875,1.8706,1.8741,1160330.9
2025-12-19 12:35:00+00:00,1.8741,1.8741,1.8712,1.8721,633229.6
2025-12-19 12:40:00+00:00,1.872,1.88,1.871,1.8778,6059608.8
2025-12-19 12:45:00+00:00,1.8778,1.8872,1.8777,1.8861,5910674.6
2025-12-19 12:50:00+00:00,1.886,1.8861,1.8782,1.8789,3000974.1
2025-12-19 12:55:00+00:00,1.8789,1.8799,1.8765,1.8792,2600692.6
2025-12-19 13:00:00+00:00,1.8791,1.883,1.8791,1.8813,1371431.8
2025-12-19 13:05:00+00:00,1.8812,1.8822,1.877,1.8772,948414.7
2025-12-19 13:10:00+00:00,1.8772,1.8834,1.8771,1.8824,1325506.5
2025-12-19 13:15:00+00:00,1.8825,1.8842,1.8803,1.8816,1275256.2
2025-12-19 13:20:00+00:00,1.8816,1.8818,1.8786,1.8803,915026.3
2025-12-19 13:25:00+00:00,1.8803,1.881,1.8789,1.8789,718730.4
2025-12-19 13:30:00+00:00,1.879,1.879,1.8688,1.8705,4590720.8
2025-12-19 13:35:00+00:00,1.8705,1.8757,1.8705,1.8742,2232854.1
2025-12-19 13:40:00+00:00,1.8741,1.8753,1.871,1.8725,1108796.4
2025-12-19 13:45:00+00:00,1.8725,1.8725,1.8684,1.8693,1722099.5
2025-12-19 13:50:00+00:00,1.8692,1.8706,1.8682,1.8702,2179107.2
2025-12-19 13:55:00+00:00,1.8703,1.8707,1.8621,1.8665,5325712.8
2025-12-19 14:00:00+00:00,1.8665,1.8714,1.8647,1.8706,2076320.1
2025-12-19 14:05:00+00:00,1.8706,1.8769,1.8704,1.8763,2123944.5
2025-12-19 14:10:00+00:00,1.8763,1.8791,1.8748,1.8762,1524814.6
2025-12-19 14:15:00+00:00,1.8763,1.8807,1.8718,1.8724,2985413.8
2025-12-19 14:20:00+00:00,1.8725,1.8738,1.8701,1.8703,1341560.4
2025-12-19 14:25:00+00:00,1.8702,1.8728,1.8646,1.8711,3012083.6
2025-12-19 14:30:00+00:00,1.8711,1.8756,1.8662,1.868,3330358.2
2025-12-19 14:35:00+00:00,1.868,1.8708,1.8627,1.8655,5679171.9
2025-12-19 14:40:00+00:00,1.8656,1.8887,1.8635,1.8881,7045733.4
2025-12-19 14:45:00+00:00,1.8881,1.8899,1.874,1.8746,10211920.6
2025-12-19 14:50:00+00:00,1.8746,1.8758,1.8701,1.8712,4847591.9
2025-12-19 14:55:00+00:00,1.8712,1.8781,1.8712,1.8763,1631215.9
2025-12-19 15:00:00+00:00,1.8762,1.8802,1.8734,1.8773,3314600.4
2025-12-19 15:05:00+00:00,1.8773,1.8818,1.8744,1.8811,1682384.4
2025-12-19 15:10:00+00:00,1.8811,1.888,1.8788,1.8851,3144628.6
2025-12-19 15:15:00+00:00,1.8851,1.9043,1.8803,1.8836,14428712.0
2025-12-19 15:20:00+00:00,1.8835,1.8861,1.8736,1.8793,10638288.9
2025-12-19 15:25:00+00:00,1.8792,1.8818,1.8733,1.8768,4717093.4
2025-12-19 15:30:00+00:00,1.8768,1.8833,1.8706,1.8779,4141425.3
2025-12-19 15:35:00+00:00,1.8779,1.8838,1.8774,1.8806,3446500.4
2025-12-19 15:40:00+00:00,1.8806,1.881,1.8762,1.8784,1532378.8
2025-12-19 15:45:00+00:00,1.8784,1.8794,1.8731,1.8761,2512162.5
2025-12-19 15:50:00+00:00,1.8761,1.8795,1.8722,1.875,1947155.1
2025-12-19 15:55:00+00:00,1.8751,1.8758,1.8727,1.8746,1409792.2
2025-12-19 16:00:00+00:00,1.8746,1.883,1.8731,1.8822,3966779.4
2025-12-19 16:05:00+00:00,1.8821,1.8901,1.8802,1.8891,2972898.3
2025-12-19 16:10:00+00:00,1.8892,1.8928,1.8872,1.8901,2365525.8
2025-12-19 16:15:00+00:00,1.89,1.8934,1.8871,1.8884,1880558.7
2025-12-19 16:20:00+00:00,1.8885,1.8907,1.8861,1.8871,1404276.6
2025-12-19 16:25:00+00:00,1.8871,1.891,1.8871,1.8893,1344194.7
2025-12-19 16:30:00+00:00,1.8893,1.8982,1.8876,1.8965,3378782.5
2025-12-19 16:35:00+00:00,1.8965,1.9022,1.8923,1.8931,4562136.4
2025-12-19 16:40:00+00:00,1.8931,1.8958,1.8914,1.8937,1640606.6
2025-12-19 16:45:00+00:00,1.8936,1.8958,1.8917,1.893,2624369.0
2025-12-19 16:50:00+00:00,1.893,1.8944,1.8898,1.8899,2133759.9
2025-12-19 16:55:00+00:00,1.8899,1.891,1.8843,1.8877,3419177.2
2025-12-19 17:00:00+00:00,1.8877,1.8938,1.8872,1.8926,5296801.7
2025-12-19 17:05:00+00:00,1.8926,1.9026,1.8903,1.9026,3339744.6
2025-12-19 17:10:00+00:00,1.9026,1.9073,1.9009,1.9025,6410571.6
2025-12-19 17:15:00+00:00,1.9025,1.9068,1.9019,1.9033,2505404.5
2025-12-19 17:20:00+00:00,1.9034,1.9075,1.8996,1.9009,2638247.6
2025-12-19 17:25:00+00:00,1.9009,1.9015,1.8904,1.8905,7248226.0
2025-12-19 17:30:00+00:00,1.8906,1.8935,1.8769,1.8782,8032862.0
2025-12-19 17:35:00+00:00,1.8782,1.8885,1.8782,1.8861,2755651.5
2025-12-19 17:40:00+00:00,1.8861,1.8861,1.88,1.8804,2503626.0
2025-12-19 17:45:00+00:00,1.8803,1.8866,1.8741,1.8846,4447652.3
2025-12-19 17:50:00+00:00,1.8847,1.8899,1.8806,1.8819,4379469.2
2025-12-19 17:55:00+00:00,1.8819,1.8837,1.8722,1.873,3708646.2
2025-12-19 18:00:00+00:00,1.8729,1.8797,1.8729,1.8752,2543602.2
2025-12-19 18:05:00+00:00,1.8752,1.8799,1.8747,1.8785,1000210.2
2025-12-19 18:10:00+00:00,1.8785,1.8819,1.8782,1.8818,1118052.0
2025-12-19 18:15:00+00:00,1.8819,1.8874,1.8797,1.8848,2683790.9
2025-12-19 18:20:00+00:00,1.8848,1.8872,1.8843,1.8854,1486782.5
2025-12-19 18:25:00+00:00,1.8854,1.891,1.8854,1.8892,1557225.2
2025-12-19 18:30:00+00:00,1.8891,1.8903,1.8852,1.8863,875065.8
2025-12-19 18:35:00+00:00,1.8862,1.8882,1.8849,1.8856,839126.4
2025-12-19 18:40:00+00:00,1.8856,1.8878,1.8844,1.8878,989234.5
2025-12-19 18:45:00+00:00,1.8877,1.8899,1.8848,1.8878,883181.9
2025-12-19 18:50:00+00:00,1.8878,1.8978,1.8874,1.8974,5766048.8
2025-12-19 18:55:00+00:00,1.8974,1.8976,1.8926,1.893,987032.2
2025-12-19 19:00:00+00:00,1.893,1.8973,1.893,1.8971,1239832.3
2025-12-19 19:05:00+00:00,1.897,1.9015,1.8965,1.9015,2144408.7
2025-12-19 19:10:00+00:00,1.9014,1.902,1.8979,1.8996,1540014.6
2025-12-19 19:15:00+00:00,1.8995,1.9051,1.8989,1.9045,2192765.3
2025-12-19 19:20:00+00:00,1.9045,1.909,1.9037,1.906,2373368.1
2025-12-19 19:25:00+00:00,1.906,1.9109,1.9059,1.9071,3994986.2
2025-12-19 19:30:00+00:00,1.907,1.9117,1.9049,1.9092,4132080.4
2025-12-19 19:35:00+00:00,1.9091,1.9167,1.909,1.9156,4451805.6
2025-12-19 19:40:00+00:00,1.9155,1.917,1.913,1.9164,2218271.9
2025-12-19 19:45:00+00:00,1.9164,1.917,1.9138,1.9167,1873711.7
2025-12-19 19:50:00+00:00,1.9168,1.9175,1.9091,1.9095,2113118.2
2025-12-19 19:55:00+00:00,1.9095,1.9106,1.9055,1.9068,1398963.2
2025-12-19 20:00:00+00:00,1.9068,1.9114,1.9052,1.9075,1756661.8
2025-12-19 20:05:00+00:00,1.9075,1.9097,1.9055,1.907,1315032.5
2025-12-19 20:10:00+00:00,1.907,1.9101,1.9053,1.9088,1336621.8
2025-12-19 20:15:00+00:00,1.9087,1.9145,1.9073,1.9133,1813501.7
2025-12-19 20:20:00+00:00,1.9134,1.9167,1.911,1.9164,2807584.0
2025-12-19 20:25:00+00:00,1.9165,1.9171,1.9108,1.911,1644040.8
2025-12-19 20:30:00+00:00,1.9109,1.9136,1.909,1.9133,1841472.4
2025-12-19 20:35:00+00:00,1.9132,1.9214,1.9079,1.908,3778202.0
2025-12-19 20:40:00+00:00,1.908,1.9124,1.908,1.9098,2179813.8
2025-12-19 20:45:00+00:00,1.9099,1.9121,1.9054,1.9121,4538028.0
2025-12-19 20:50:00+00:00,1.912,1.9155,1.9079,1.9082,2444902.6
2025-12-19 20:55:00+00:00,1.9082,1.9096,1.9025,1.9092,10625446.5
2025-12-19 21:00:00+00:00,1.9092,1.9092,1.9056,1.906,1932703.0
2025-12-19 21:05:00+00:00,1.906,1.9078,1.9038,1.9043,1226765.8
2025-12-19 21:10:00+00:00,1.9043,1.9075,1.9042,1.9064,892372.1
2025-12-19 21:15:00+00:00,1.9065,1.9096,1.9054,1.9055,923196.2
2025-12-19 21:20:00+00:00,1.9056,1.9091,1.9048,1.9087,502774.9
2025-12-19 21:25:00+00:00,1.9087,1.9112,1.9049,1.905,685831.8
2025-12-19 21:30:00+00:00,1.905,1.9088,1.9043,1.9062,697689.7
2025-12-19 21:35:00+00:00,1.9061,1.9073,1.9046,1.9055,562387.8
2025-12-19 21:40:00+00:00,1.9056,1.9063,1.9044,1.9047,536141.1
2025-12-19 21:45:00+00:00,1.9048,1.9057,1.9017,1.9023,1072742.8
2025-12-19 21:50:00+00:00,1.9023,1.904,1.9021,1.9029,732254.3
2025-12-19 21:55:00+00:00,1.9029,1.903,1.8993,1.9017,1934038.0
2025-12-19 22:00:00+00:00,1.9017,1.9078,1.9016,1.9063,919735.4
2025-12-19 22:05:00+00:00,1.9063,1.9085,1.9036,1.9048,629748.3
2025-12-19 22:10:00+00:00,1.9048,1.9062,1.9,1.903,1073784.6
2025-12-19 22:15:00+00:00,1.903,1.9059,1.9029,1.905,647695.6
2025-12-19 22:20:00+00:00,1.905,1.9072,1.9043,1.9068,527165.9
2025-12-19 22:25:00+00:00,1.9068,1.909,1.905,1.9083,643469.0
2025-12-19 22:30:00+00:00,1.9083,1.9089,1.9061,1.9065,649030.5
2025-12-19 22:35:00+00:00,1.9065,1.9088,1.9056,1.9073,413306.5
2025-12-19 22:40:00+00:00,1.9074,1.9098,1.9073,1.909,630257.6
2025-12-19 22:45:00+00:00,1.909,1.9099,1.908,1.9082,431871.0
2025-12-19 22:50:00+00:00,1.9082,1.9101,1.9082,1.9089,365557.6
2025-12-19 22:55:00+00:00,1.9089,1.9089,1.9063,1.9067,271902.9
2025-12-19 23:00:00+00:00,1.9066,1.9066,1.9025,1.9042,1613389.1
2025-12-19 23:05:00+00:00,1.9041,1.9045,1.9023,1.904,573401.8
2025-12-19 23:10:00+00:00,1.904,1.9042,1.9017,1.902,934878.7
2025-12-19 23:15:00+00:00,1.9019,1.9031,1.9018,1.9027,664801.2
2025-12-19 23:20:00+00:00,1.9027,1.9064,1.9025,1.905,1231427.0
2025-12-19 23:25:00+00:00,1.905,1.9056,1.9026,1.9042,1491363.6
2025-12-19 23:30:00+00:00,1.9043,1.9043,1.9024,1.9025,479318.2
2025-12-19 23:35:00+00:00,1.9025,1.9032,1.9013,1.9016,801058.5
2025-12-19 23:40:00+00:00,1.9015,1.9056,1.9015,1.9049,555742.3
2025-12-19 23:45:00+00:00,1.905,1.9063,1.9046,1.9054,596418.0
2025-12-19 23:50:00+00:00,1.9055,1.907,1.9049,1.9067,601359.6
2025-12-19 23:55:00+00:00,1.9067,1.9088,1.9066,1.9082,887535.5
2025-12-20 00:00:00+00:00,1.9083,1.9091,1.9032,1.9037,2139868.6
2025-12-20 00:05:00+00:00,1.9037,1.9037,1.9006,1.9011,949021.9
2025-12-20 00:10:00+00:00,1.9012,1.9079,1.901,1.907,1786909.2
2025-12-20 00:15:00+00:00,1.907,1.9088,1.9036,1.9058,1207260.1
2025-12-20 00:20:00+00:00,1.9058,1.9086,1.9043,1.9083,553808.9
2025-12-20 00:25:00+00:00,1.9083,1.9087,1.9069,1.9076,711466.1
2025-12-20 00:30:00+00:00,1.9076,1.9085,1.9053,1.9074,903025.1
2025-12-20 00:35:00+00:00,1.9074,1.9077,1.9045,1.9047,536219.0
2025-12-20 00:40:00+00:00,1.9047,1.9048,1.9032,1.9032,290611.6
2025-12-20 00:45:00+00:00,1.9032,1.9057,1.9023,1.9042,1560372.2
2025-12-20 00:50:00+00:00,1.9042,1.9047,1.9003,1.9041,1756815.8
2025-12-20 00:55:00+00:00,1.904,1.9075,1.904,1.9054,1249880.6
2025-12-20 01:00:00+00:00,1.9053,1.9063,1.9038,1.9042,481562.9
2025-12-20 01:05:00+00:00,1.9043,1.9043,1.9022,1.9027,408179.2
2025-12-20 01:10:00+00:00,1.9027,1.903,1.9022,1.9023,220251.3
2025-12-20 01:15:00+00:00,1.9023,1.9057,1.9015,1.9023,737657.6
2025-12-20 01:20:00+00:00,1.9023,1.903,1.9006,1.9029,998980.0
2025-12-20 01:25:00+00:00,1.9029,1.9044,1.9021,1.9023,508827.6
2025-12-20 01:30:00+00:00,1.9023,1.9034,1.9015,1.9034,449431.3
2025-12-20 01:35:00+00:00,1.9033,1.9039,1.9022,1.9026,378384.8
2025-12-20 01:40:00+00:00,1.9027,1.9027,1.901,1.9011,338779.0
2025-12-20 01:45:00+00:00,1.901,1.9036,1.9009,1.9025,542975.7
2025-12-20 01:50:00+00:00,1.9026,1.9028,1.9008,1.9013,610405.1
2025-12-20 01:55:00+00:00,1.9012,1.9025,1.9009,1.9017,348876.6
2025-12-20 02:00:00+00:00,1.9017,1.9022,1.8976,1.8991,1418586.8
2025-12-20 02:05:00+00:00,1.8991,1.8995,1.8974,1.8974,520888.3
2025-12-20 02:10:00+00:00,1.8974,1.8991,1.8972,1.8981,560674.1
2025-12-20 02:15:00+00:00,1.8981,1.9015,1.8981,1.9005,749848.6
2025-12-20 02:20:00+00:00,1.9004,1.9006,1.8963,1.8964,746036.8
2025-12-20 02:25:00+00:00,1.8964,1.8977,1.8956,1.8965,921524.5
2025-12-20 02:30:00+00:00,1.8965,1.8971,1.8962,1.8967,487362.7
2025-12-20 02:35:00+00:00,1.8967,1.8981,1.8923,1.8947,4205671.6
2025-12-20 02:40:00+00:00,1.8948,1.9008,1.8936,1.9003,2308575.1
2025-12-20 02:45:00+00:00,1.9003,1.9003,1.8975,1.8975,790989.3
2025-12-20 02:50:00+00:00,1.8975,1.8982,1.8961,1.8964,540258.6
2025-12-20 02:55:00+00:00,1.8965,1.8977,1.8955,1.8966,667285.5
2025-12-20 03:00:00+00:00,1.8966,1.8981,1.8957,1.896,868459.9
2025-12-20 03:05:00+00:00,1.896,1.8984,1.8959,1.8975,303485.7
2025-12-20 03:10:00+00:00,1.8975,1.8988,1.8941,1.8948,535048.3
2025-12-20 03:15:00+00:00,1.8948,1.8965,1.8945,1.8963,408475.0
2025-12-20 03:20:00+00:00,1.8963,1.8996,1.8962,1.8996,367196.0
2025-12-20 03:25:00+00:00,1.8995,1.9,1.8984,1.8994,677309.3
2025-12-20 03:30:00+00:00,1.8994,1.9043,1.8994,1.9029,1621645.9
2025-12-20 03:35:00+00:00,1.9029,1.9056,1.902,1.9041,1139062.8
2025-12-20 03:40:00+00:00,1.9041,1.9068,1.9041,1.9043,1060397.3
2025-12-20 03:45:00+00:00,1.9043,1.9054,1.9031,1.9035,502132.5
2025-12-20 03:50:00+00:00,1.9035,1.904,1.903,1.9037,290673.6
2025-12-20 03:55:00+00:00,1.9038,1.9041,1.9028,1.9031,245230.9
2025-12-20 04:00:00+00:00,1.903,1.9053,1.903,1.9048,488731.1
2025-12-20 04:05:00+00:00,1.9048,1.9049,1.8981,1.9003,1723960.3
2025-12-20 04:10:00+00:00,1.9003,1.9006,1.8975,1.8993,1814628.7
2025-12-20 04:15:00+00:00,1.8993,1.9012,1.899,1.8993,356338.2
2025-12-20 04:20:00+00:00,1.8993,1.9013,1.899,1.9013,483758.5
2025-12-20 04:25:00+00:00,1.9012,1.902,1.8999,1.9007,423452.0
2025-12-20 04:30:00+00:00,1.9008,1.9022,1.9004,1.9015,353433.7
2025-12-20 04:35:00+00:00,1.9015,1.902,1.9009,1.9012,384353.3
2025-12-20 04:40:00+00:00,1.9011,1.903,1.9004,1.9026,569945.4
2025-12-20 04:45:00+00:00,1.9025,1.9054,1.9019,1.9049,635099.7
2025-12-20 04:50:00+00:00,1.9049,1.9066,1.9032,1.9039,528681.9
2025-12-20 04:55:00+00:00,1.9039,1.904,1.9026,1.9033,398866.0
2025-12-20 05:00:00+00:00,1.9034,1.9061,1.9033,1.9051,384547.9
2025-12-20 05:05:00+00:00,1.9051,1.9059,1.9033,1.9048,830318.6
2025-12-20 05:10:00+00:00,1.9048,1.9057,1.9041,1.9054,457998.0
2025-12-20 05:15:00+00:00,1.9054,1.9079,1.9053,1.9078,949016.4
2025-12-20 05:20:00+00:00,1.9078,1.9094,1.9068,1.9093,1193119.5
2025-12-20 05:25:00+00:00,1.9093,1.9113,1.9093,1.9112,949668.2
2025-12-20 05:30:00+00:00,1.9111,1.9138,1.9097,1.9136,1052835.7
2025-12-20 05:35:00+00:00,1.9135,1.9176,1.9134,1.9173,1792217.5
2025-12-20 05:40:00+00:00,1.9174,1.9174,1.9134,1.9141,1512583.2
2025-12-20 05:45:00+00:00,1.9141,1.9142,1.9125,1.9129,612566.2
2025-12-20 05:50:00+00:00,1.9129,1.9136,1.9118,1.9132,733115.6
2025-12-20 05:55:00+00:00,1.9132,1.9132,1.9124,1.9129,469391.7
2025-12-20 06:00:00+00:00,1.9129,1.914,1.912,1.9132,565458.4
2025-12-20 06:05:00+00:00,1.9132,1.915,1.9132,1.9141,439702.3
2025-12-20 06:10:00+00:00,1.9141,1.9157,1.9141,1.9152,483232.8
2025-12-20 06:15:00+00:00,1.9152,1.9152,1.9134,1.914,425215.7
2025-12-20 06:20:00+00:00,1.914,1.9149,1.9137,1.9143,299558.6
2025-12-20 06:25:00+00:00,1.9143,1.915,1.9141,1.9143,206403.0
2025-12-20 06:30:00+00:00,1.9143,1.9155,1.9135,1.9149,478289.7
2025-12-20 06:35:00+00:00,1.9148,1.9149,1.9138,1.9141,415920.0
2025-12-20 06:40:00+00:00,1.9141,1.9145,1.9133,1.9145,372760.6
2025-12-20 06:45:00+00:00,1.9145,1.9155,1.9128,1.9155,514175.4
2025-12-20 06:50:00+00:00,1.9155,1.916,1.9138,1.9147,505595.6
2025-12-20 06:55:00+00:00,1.9146,1.9159,1.914,1.9159,493786.2
2025-12-20 07:00:00+00:00,1.9158,1.9177,1.9137,1.9143,1284517.5
2025-12-20 07:05:00+00:00,1.9142,1.9147,1.9111,1.9111,758859.6
2025-12-20 07:10:00+00:00,1.9112,1.9112,1.908,1.9095,1346781.1
2025-12-20 07:15:00+00:00,1.9096,1.9096,1.9055,1.9057,810652.6
2025-12-20 07:20:00+00:00,1.9057,1.9074,1.9056,1.9071,845243.5
2025-12-20 07:25:00+00:00,1.9071,1.9096,1.9067,1.9096,448852.4
2025-12-20 07:30:00+00:00,1.9096,1.913,1.9081,1.9123,1185211.1
2025-12-20 07:35:00+00:00,1.9123,1.9124,1.9106,1.9116,346101.6
2025-12-20 07:40:00+00:00,1.9116,1.9132,1.9115,1.9122,278705.9
2025-12-20 07:45:00+00:00,1.9122,1.9131,1.912,1.913,236421.8
2025-12-20 07:50:00+00:00,1.9131,1.914,1.9126,1.9128,387206.1
2025-12-20 07:55:00+00:00,1.9128,1.9131,1.9122,1.9131,303345.3
2025-12-20 08:00:00+00:00,1.9131,1.9168,1.9129,1.9167,1342346.6
2025-12-20 08:05:00+00:00,1.9167,1.9191,1.916,1.9179,1870225.9
2025-12-20 08:10:00+00:00,1.9178,1.9188,1.9176,1.9179,715474.9
2025-12-20 08:15:00+00:00,1.918,1.9195,1.9171,1.9179,960951.3
2025-12-20 08:20:00+00:00,1.9179,1.9259,1.9178,1.925,3976284.7
2025-12-20 08:25:00+00:00,1.925,1.9273,1.9245,1.9272,1787105.7
2025-12-20 08:30:00+00:00,1.9273,1.9322,1.9267,1.9313,4561445.6
2025-12-20 08:35:00+00:00,1.9312,1.9388,1.9307,1.9379,5385209.0
2025-12-20 08:40:00+00:00,1.9378,1.9379,1.9318,1.9319,2388126.9
2025-12-20 08:45:00+00:00,1.9318,1.936,1.9285,1.9344,2280191.9
2025-12-20 08:50:00+00:00,1.9344,1.9356,1.9284,1.9285,1180039.9
2025-12-20 08:55:00+00:00,1.9285,1.9293,1.9271,1.9285,1271371.6
2025-12-20 09:00:00+00:00,1.9285,1.9362,1.9283,1.9339,1881167.3
2025-12-20 09:05:00+00:00,1.9339,1.9339,1.9298,1.9321,1442412.4
2025-12-20 09:10:00+00:00,1.9321,1.9332,1.931,1.932,874950.0
2025-12-20 09:15:00+00:00,1.9321,1.9351,1.9311,1.9344,761443.0
2025-12-20 09:20:00+00:00,1.9344,1.941,1.9343,1.9386,2868745.1
2025-12-20 09:25:00+00:00,1.9385,1.9414,1.9368,1.9403,1948905.4
2025-12-20 09:30:00+00:00,1.9404,1.9476,1.9404,1.9453,5847340.7
2025-12-20 09:35:00+00:00,1.9452,1.9577,1.9452,1.9486,7173692.3
2025-12-20 09:40:00+00:00,1.9487,1.9559,1.948,1.9549,4234335.0
2025-12-20 09:45:00+00:00,1.9549,1.9554,1.9481,1.9515,3066853.6
2025-12-20 09:50:00+00:00,1.9515,1.952,1.949,1.9494,1017590.8
2025-12-20 09:55:00+00:00,1.9494,1.9496,1.9456,1.948,1901542.3
2025-12-20 10:00:00+00:00,1.948,1.9533,1.948,1.9529,2498069.0
2025-12-20 10:05:00+00:00,1.9528,1.9544,1.9505,1.9516,1470607.7
2025-12-20 10:10:00+00:00,1.9515,1.9558,1.951,1.9512,1505368.5
2025-12-20 10:15:00+00:00,1.9511,1.9525,1.9474,1.9491,2232267.4
2025-12-20 10:20:00+00:00,1.9491,1.9506,1.9448,1.9449,1367806.5
2025-12-20 10:25:00+00:00,1.9448,1.9477,1.9443,1.9457,1453546.0
2025-12-20 10:30:00+00:00,1.9456,1.9484,1.9385,1.9424,6199701.9
2025-12-20 10:35:00+00:00,1.9424,1.9449,1.9414,1.9414,2000191.2
2025-12-20 10:40:00+00:00,1.9414,1.9478,1.9414,1.9477,1135844.3
2025-12-20 10:45:00+00:00,1.9477,1.9486,1.9463,1.9465,799743.1
2025-12-20 10:50:00+00:00,1.9465,1.9465,1.941,1.9414,1049707.9
2025-12-20 10:55:00+00:00,1.9414,1.9414,1.939,1.9394,815323.6
2025-12-20 11:00:00+00:00,1.9394,1.9415,1.9386,1.9387,1657236.9
2025-12-20 11:05:00+00:00,1.9387,1.9387,1.9352,1.936,2673900.6
2025-12-20 11:10:00+00:00,1.936,1.9368,1.9305,1.9316,4227030.4
2025-12-20 11:15:00+00:00,1.9315,1.9344,1.9302,1.9332,1589615.7
2025-12-20 11:20:00+00:00,1.9332,1.9377,1.9323,1.9365,1964936.4
2025-12-20 11:25:00+00:00,1.9365,1.9423,1.936,1.9389,6411540.7
2025-12-20 11:30:00+00:00,1.9389,1.9417,1.938,1.941,1616714.0
2025-12-20 11:35:00+00:00,1.9411,1.9413,1.939,1.94,838739.9
2025-12-20 11:40:00+00:00,1.94,1.9417,1.939,1.9412,550076.1
2025-12-20 11:45:00+00:00,1.9411,1.9438,1.9409,1.9426,1026589.3
2025-12-20 11:50:00+00:00,1.9426,1.9441,1.9412,1.9416,980059.4
2025-12-20 11:55:00+00:00,1.9417,1.9427,1.9398,1.9425,922568.1
2025-12-20 12:00:00+00:00,1.9425,1.9437,1.9415,1.9437,896227.3
2025-12-20 12:05:00+00:00,1.9436,1.947,1.9436,1.9456,1661308.6
2025-12-20 12:10:00+00:00,1.9456,1.9456,1.9434,1.9449,624660.7
2025-12-20 12:15:00+00:00,1.9449,1.9458,1.9441,1.9448,937908.4
2025-12-20 12:20:00+00:00,1.9448,1.9448,1.9419,1.942,608791.5
2025-12-20 12:25:00+00:00,1.9421,1.9426,1.9404,1.9414,581261.0
2025-12-20 12:30:00+00:00,1.9414,1.9426,1.938,1.9384,1212239.0
2025-12-20 12:35:00+00:00,1.9383,1.943,1.938,1.9425,1330240.7
2025-12-20 12:40:00+00:00,1.9425,1.9425,1.94,1.9406,395901.8
2025-12-20 12:45:00+00:00,1.9405,1.9413,1.9392,1.9406,310686.4
2025-12-20 12:50:00+00:00,1.9406,1.9417,1.9402,1.941,599907.1
2025-12-20 12:55:00+00:00,1.9409,1.941,1.9393,1.9401,526737.6
2025-12-20 13:00:00+00:00,1.94,1.9423,1.9382,1.9403,1065074.0
2025-12-20 13:05:00+00:00,1.9403,1.9411,1.931,1.931,2774665.1
2025-12-20 13:10:00+00:00,1.931,1.9333,1.9284,1.9297,3165862.6
2025-12-20 13:15:00+00:00,1.9296,1.9302,1.9256,1.9285,2678586.6
2025-12-20 13:20:00+00:00,1.9285,1.9319,1.9233,1.925,4565493.6
2025-12-20 13:25:00+00:00,1.925,1.9262,1.9193,1.9201,7747001.0
2025-12-20 13:30:00+00:00,1.92,1.9238,1.9192,1.9238,2421137.2
2025-12-20 13:35:00+00:00,1.9238,1.9264,1.9225,1.9263,1727162.0
2025-12-20 13:40:00+00:00,1.9263,1.9286,1.9247,1.9279,2364298.2
2025-12-20 13:45:00+00:00,1.9279,1.9311,1.9279,1.9292,2026865.3
2025-12-20 13:50:00+00:00,1.9293,1.9302,1.9277,1.9285,666147.3
2025-12-20 13:55:00+00:00,1.9285,1.9285,1.9268,1.9272,626256.1
2025-12-20 14:00:00+00:00,1.9272,1.9272,1.9211,1.9228,1665658.5
2025-12-20 14:05:00+00:00,1.9228,1.9229,1.9195,1.9203,1602057.3
2025-12-20 14:10:00+00:00,1.9202,1.9227,1.9202,1.9219,856276.5
2025-12-20 14:15:00+00:00,1.9219,1.9229,1.9214,1.9225,636333.7
2025-12-20 14:20:00+00:00,1.9224,1.9244,1.9223,1.9223,683267.6
2025-12-20 14:25:00+00:00,1.9224,1.9231,1.9215,1.9226,569065.9
2025-12-20 14:30:00+00:00,1.9225,1.9238,1.9195,1.92,1018053.7
2025-12-20 14:35:00+00:00,1.92,1.922,1.9195,1.9217,987080.9
2025-12-20 14:40:00+00:00,1.9217,1.9249,1.9194,1.9246,869776.6
2025-12-20 14:45:00+00:00,1.9245,1.9267,1.9238,1.9262,1249412.3
2025-12-20 14:50:00+00:00,1.9262,1.9295,1.9262,1.9292,1486178.8
2025-12-20 14:55:00+00:00,1.9292,1.9293,1.9266,1.9279,700913.2
2025-12-20 15:00:00+00:00,1.928,1.929,1.9242,1.9248,997687.3
2025-12-20 15:05:00+00:00,1.9249,1.9261,1.9244,1.9261,721883.1
2025-12-20 15:10:00+00:00,1.9261,1.9333,1.9261,1.9328,1372863.1
2025-12-20 15:15:00+00:00,1.9328,1.9345,1.9267,1.928,2275493.8
2025-12-20 15:20:00+00:00,1.9279,1.9319,1.9132,1.9188,13736000.6
2025-12-20 15:25:00+00:00,1.9188,1.92,1.9162,1.9199,2420103.0
2025-12-20 15:30:00+00:00,1.9198,1.9231,1.9198,1.9231,1355321.7
2025-12-20 15:35:00+00:00,1.9231,1.9232,1.9188,1.9194,1213874.7
2025-12-20 15:40:00+00:00,1.9195,1.9218,1.9194,1.9206,703954.3
2025-12-20 15:45:00+00:00,1.9205,1.9215,1.9185,1.9214,871140.6
2025-12-20 15:50:00+00:00,1.9214,1.9221,1.9196,1.9205,651517.9
2025-12-20 15:55:00+00:00,1.9205,1.9208,1.9199,1.9204,444068.4
2025-12-20 16:00:00+00:00,1.9204,1.9223,1.9196,1.9213,2091334.8
2025-12-20 16:05:00+00:00,1.9213,1.9243,1.9204,1.924,803317.9
2025-12-20 16:10:00+00:00,1.924,1.9256,1.9238,1.925,1131978.3
2025-12-20 16:15:00+00:00,1.9249,1.9298,1.9228,1.9234,4327489.0
2025-12-20 16:20:00+00:00,1.9234,1.9262,1.9231,1.9261,948849.1
2025-12-20 16:25:00+00:00,1.9262,1.9266,1.9254,1.9256,496974.1
2025-12-20 16:30:00+00:00,1.9256,1.9293,1.9254,1.9282,901621.7
2025-12-20 16:35:00+00:00,1.9281,1.9282,1.9251,1.9252,650038.1
2025-12-20 16:40:00+00:00,1.9252,1.9252,1.9231,1.9248,464357.6
2025-12-20 16:45:00+00:00,1.9248,1.927,1.9246,1.9262,557174.2
2025-12-20 16:50:00+00:00,1.9262,1.9277,1.9256,1.9265,347949.5
2025-12-20 16:55:00+00:00,1.9264,1.9279,1.9258,1.9279,344760.5
2025-12-20 17:00:00+00:00,1.9279,1.9307,1.9275,1.9287,672185.7
2025-12-20 17:05:00+00:00,1.9287,1.9308,1.9274,1.928,690148.4
2025-12-20 17:10:00+00:00,1.9279,1.9282,1.9239,1.9257,658165.3
2025-12-20 17:15:00+00:00,1.9257,1.9268,1.9236,1.9243,470449.8
2025-12-20 17:20:00+00:00,1.9243,1.9266,1.9242,1.9243,522276.4
2025-12-20 17:25:00+00:00,1.9243,1.9253,1.9222,1.9223,661209.3
2025-12-20 17:30:00+00:00,1.9222,1.9236,1.9206,1.9228,765606.3
2025-12-20 17:35:00+00:00,1.9228,1.9228,1.9202,1.9219,477419.8
2025-12-20 17:40:00+00:00,1.9219,1.9223,1.9212,1.9223,349014.6
2025-12-20 17:45:00+00:00,1.9222,1.924,1.9222,1.9236,504885.3
2025-12-20 17:50:00+00:00,1.9236,1.924,1.9221,1.9228,349438.2
2025-12-20 17:55:00+00:00,1.9227,1.9235,1.9222,1.9234,301548.8
2025-12-20 18:00:00+00:00,1.9234,1.9254,1.9225,1.9225,401795.3
2025-12-20 18:05:00+00:00,1.9226,1.9234,1.9221,1.9234,222338.4
2025-12-20 18:10:00+00:00,1.9233,1.9235,1.9184,1.9188,1423824.5
2025-12-20 18:15:00+00:00,1.9189,1.9214,1.9188,1.9213,407032.1
2025-12-20 18:20:00+00:00,1.9213,1.9214,1.9191,1.9202,514690.7
2025-12-20 18:25:00+00:00,1.9202,1.9212,1.9194,1.9205,241955.6
2025-12-20 18:30:00+00:00,1.9205,1.9223,1.9187,1.9193,464237.8
2025-12-20 18:35:00+00:00,1.9193,1.9201,1.9187,1.9187,328647.9
2025-12-20 18:40:00+00:00,1.9188,1.9209,1.9187,1.9204,270135.6
2025-12-20 18:45:00+00:00,1.9204,1.9205,1.9197,1.9199,162029.7
2025-12-20 18:50:00+00:00,1.92,1.9225,1.9191,1.9222,544389.0
2025-12-20 18:55:00+00:00,1.9222,1.9256,1.9213,1.9222,1044958.2
2025-12-20 19:00:00+00:00,1.9222,1.9226,1.9189,1.9191,563326.3
2025-12-20 19:05:00+00:00,1.9192,1.9212,1.919,1.9206,763711.2
2025-12-20 19:10:00+00:00,1.9206,1.9226,1.9205,1.9217,181593.9
2025-12-20 19:15:00+00:00,1.9217,1.9217,1.9194,1.9196,205917.0
2025-12-20 19:20:00+00:00,1.9197,1.9204,1.9195,1.9199,163687.4
2025-12-20 19:25:00+00:00,1.9199,1.9212,1.9198,1.921,257730.1
2025-12-20 19:30:00+00:00,1.921,1.9214,1.9201,1.9214,130992.4
2025-12-20 19:35:00+00:00,1.9214,1.9222,1.9204,1.9207,266076.0
2025-12-20 19:40:00+00:00,1.9207,1.9209,1.9202,1.9208,158223.8
2025-12-20 19:45:00+00:00,1.9209,1.9222,1.9201,1.9222,180179.9
2025-12-20 19:50:00+00:00,1.9221,1.9241,1.922,1.924,380161.8
2025-12-20 19:55:00+00:00,1.9241,1.9255,1.9232,1.9242,457793.0
2025-12-20 20:00:00+00:00,1.9241,1.9243,1.9227,1.9243,335370.3
2025-12-20 20:05:00+00:00,1.9243,1.9276,1.9243,1.9275,781771.9
2025-12-20 20:10:00+00:00,1.9276,1.9276,1.9257,1.9258,449097.4
2025-12-20 20:15:00+00:00,1.9258,1.9258,1.9242,1.9255,393824.0
2025-12-20 20:20:00+00:00,1.9255,1.9255,1.924,1.9251,304325.3
2025-12-20 20:25:00+00:00,1.9251,1.9259,1.924,1.924,282763.4
2025-12-20 20:30:00+00:00,1.924,1.9253,1.924,1.9241,149886.8
2025-12-20 20:35:00+00:00,1.924,1.9261,1.9228,1.9233,540097.7
2025-12-20 20:40:00+00:00,1.9233,1.9239,1.9232,1.9235,118055.2
2025-12-20 20:45:00+00:00,1.9236,1.9248,1.9236,1.9237,156951.7
2025-12-20 20:50:00+00:00,1.9236,1.9253,1.9234,1.9253,265195.5
2025-12-20 20:55:00+00:00,1.9253,1.9267,1.9249,1.9264,238598.0
2025-12-20 21:00:00+00:00,1.9264,1.929,1.926,1.9268,841621.8
2025-12-20 21:05:00+00:00,1.9268,1.9277,1.9251,1.9276,710666.4
2025-12-20 21:10:00+00:00,1.9276,1.9276,1.9245,1.9245,362783.9
2025-12-20 21:15:00+00:00,1.9246,1.9274,1.9242,1.9274,566487.2
2025-12-20 21:20:00+00:00,1.9273,1.9277,1.9244,1.9254,385907.2
2025-12-20 21:25:00+00:00,1.9254,1.926,1.9248,1.9253,291794.1
2025-12-20 21:30:00+00:00,1.9253,1.9271,1.9253,1.9267,249915.5
2025-12-20 21:35:00+00:00,1.9267,1.9301,1.9267,1.9288,658150.8
2025-12-20 21:40:00+00:00,1.9288,1.9301,1.9282,1.9288,460244.3
2025-12-20 21:45:00+00:00,1.9288,1.9294,1.927,1.9288,903786.7
2025-12-20 21:50:00+00:00,1.9287,1.9297,1.9269,1.9296,359413.1
2025-12-20 21:55:00+00:00,1.9296,1.9309,1.9283,1.9308,476881.8
2025-12-20 22:00:00+00:00,1.9308,1.9336,1.9297,1.933,959545.3
2025-12-20 22:05:00+00:00,1.9329,1.933,1.9291,1.9292,497153.7
2025-12-20 22:10:00+00:00,1.9292,1.9326,1.9284,1.9316,706424.6
2025-12-20 22:15:00+00:00,1.9317,1.9318,1.9278,1.9279,375109.7
2025-12-20 22:20:00+00:00,1.9279,1.9285,1.9248,1.9274,480161.6
2025-12-20 22:25:00+00:00,1.9273,1.9295,1.9273,1.9292,565021.2
2025-12-20 22:30:00+00:00,1.9292,1.9314,1.929,1.9309,362471.4
2025-12-20 22:35:00+00:00,1.9308,1.9323,1.9305,1.9313,567124.2
2025-12-20 22:40:00+00:00,1.9313,1.9326,1.9304,1.9304,446240.8
2025-12-20 22:45:00+00:00,1.9304,1.9307,1.9294,1.93,306169.3
2025-12-20 22:50:00+00:00,1.93,1.937,1.9298,1.9345,1093376.3
2025-12-20 22:55:00+00:00,1.9346,1.935,1.9326,1.9326,313718.7
2025-12-20 23:00:00+00:00,1.9326,1.9335,1.9299,1.9319,802838.0
2025-12-20 23:05:00+00:00,1.9319,1.9328,1.9306,1.9317,308906.6
2025-12-20 23:10:00+00:00,1.9317,1.9349,1.9317,1.9335,342790.5
2025-12-20 23:15:00+00:00,1.9336,1.9347,1.9331,1.9347,505094.9
2025-12-20 23:20:00+00:00,1.9346,1.9358,1.9311,1.9331,584543.7
2025-12-20 23:25:00+00:00,1.9331,1.9332,1.932,1.9329,204614.1
2025-12-20 23:30:00+00:00,1.933,1.9337,1.9316,1.9319,278284.9
2025-12-20 23:35:00+00:00,1.9319,1.9335,1.9309,1.9318,305324.8
2025-12-20 23:40:00+00:00,1.9318,1.9318,1.9304,1.9309,352057.4
2025-12-20 23:45:00+00:00,1.931,1.9314,1.9295,1.931,772945.9
2025-12-20 23:50:00+00:00,1.931,1.9318,1.9303,1.9318,262694.7
2025-12-20 23:55:00+00:00,1.9318,1.9333,1.9314,1.9323,443616.9
2025-12-21 00:00:00+00:00,1.9324,1.9358,1.9314,1.9353,2632487.5
2025-12-21 00:05:00+00:00,1.9354,1.9365,1.9319,1.9323,2095033.2
2025-12-21 00:10:00+00:00,1.9323,1.9324,1.9289,1.9294,839776.5
2025-12-21 00:15:00+00:00,1.9295,1.9347,1.9291,1.9344,905559.6
2025-12-21 00:20:00+00:00,1.9345,1.937,1.9333,1.9366,1022624.3
2025-12-21 00:25:00+00:00,1.9367,1.9388,1.935,1.9353,974707.0
2025-12-21 00:30:00+00:00,1.9353,1.9355,1.9298,1.93,1190733.4
2025-12-21 00:35:00+00:00,1.93,1.9339,1.93,1.9339,768875.1
2025-12-21 00:40:00+00:00,1.9338,1.9348,1.9317,1.933,279216.5
2025-12-21 00:45:00+00:00,1.9331,1.9374,1.9325,1.9342,601716.3
2025-12-21 00:50:00+00:00,1.9343,1.9352,1.9334,1.9349,325746.8
2025-12-21 00:55:00+00:00,1.9349,1.9383,1.9347,1.9379,1462460.7
2025-12-21 01:00:00+00:00,1.9379,1.9388,1.9369,1.9387,848883.8
2025-12-21 01:05:00+00:00,1.9388,1.9393,1.9371,1.9372,468884.7
2025-12-21 01:10:00+00:00,1.9373,1.938,1.9343,1.9352,1880874.5
2025-12-21 01:15:00+00:00,1.9353,1.9379,1.9344,1.9344,1082924.3
2025-12-21 01:20:00+00:00,1.9344,1.9369,1.9329,1.9356,850277.4
2025-12-21 01:25:00+00:00,1.9356,1.941,1.9355,1.9409,778775.1
2025-12-21 01:30:00+00:00,1.9409,1.9409,1.9359,1.936,774447.8
2025-12-21 01:35:00+00:00,1.936,1.9384,1.9307,1.9348,1747953.7
2025-12-21 01:40:00+00:00,1.9348,1.9349,1.9286,1.9311,1827621.0
2025-12-21 01:45:00+00:00,1.9312,1.9331,1.927,1.9309,2868516.6
2025-12-21 01:50:00+00:00,1.9309,1.9321,1.9296,1.9306,527619.2
2025-12-21 01:55:00+00:00,1.9306,1.9306,1.9268,1.9275,787903.5
2025-12-21 02:00:00+00:00,1.9275,1.9333,1.9243,1.9315,1959195.0
2025-12-21 02:05:00+00:00,1.9315,1.9315,1.9255,1.9261,847665.3
2025-12-21 02:10:00+00:00,1.926,1.9269,1.9232,1.9248,1092231.3
2025-12-21 02:15:00+00:00,1.9247,1.9247,1.9225,1.9233,776771.0
2025-12-21 02:20:00+00:00,1.9233,1.9244,1.9204,1.921,1150864.9
2025-12-21 02:25:00+00:00,1.921,1.9239,1.9162,1.9211,2976366.1
2025-12-21 02:30:00+00:00,1.9212,1.9229,1.9201,1.9218,650309.6
2025-12-21 02:35:00+00:00,1.9218,1.9247,1.9182,1.9188,1549296.8
2025-12-21 02:40:00+00:00,1.9187,1.9197,1.9168,1.9187,963963.6
2025-12-21 02:45:00+00:00,1.9188,1.9207,1.9181,1.9196,805159.6
2025-12-21 02:50:00+00:00,1.9196,1.9235,1.9195,1.9234,945416.3
2025-12-21 02:55:00+00:00,1.9234,1.924,1.9222,1.9236,546593.7
2025-12-21 03:00:00+00:00,1.9236,1.9284,1.9224,1.9278,1121012.0
2025-12-21 03:05:00+00:00,1.9278,1.9288,1.9263,1.9272,793959.0
2025-12-21 03:10:00+00:00,1.9271,1.9275,1.9243,1.9274,595575.6
2025-12-21 03:15:00+00:00,1.9274,1.9376,1.9267,1.9372,3575805.9
2025-12-21 03:20:00+00:00,1.9372,1.9375,1.9324,1.9332,2135271.9
2025-12-21 03:25:00+00:00,1.9332,1.9346,1.9325,1.9334,631356.7
2025-12-21 03:30:00+00:00,1.9334,1.9341,1.9316,1.9325,1453006.5
2025-12-21 03:35:00+00:00,1.9325,1.9325,1.929,1.9296,1301849.6
2025-12-21 03:40:00+00:00,1.9295,1.9304,1.9285,1.9285,163301.3
2025-12-21 03:45:00+00:00,1.9285,1.93,1.9281,1.9287,459991.0
2025-12-21 03:50:00+00:00,1.9286,1.9298,1.9279,1.9282,234398.8
2025-12-21 03:55:00+00:00,1.9282,1.9296,1.9281,1.9287,208426.4
2025-12-21 04:00:00+00:00,1.9288,1.9292,1.9252,1.9271,492812.1
2025-12-21 04:05:00+00:00,1.9272,1.9288,1.927,1.928,295793.2
2025-12-21 04:10:00+00:00,1.9279,1.928,1.9257,1.9263,261512.7
2025-12-21 04:15:00+00:00,1.9264,1.9277,1.9263,1.927,190900.5
2025-12-21 04:20:00+00:00,1.9271,1.9281,1.926,1.9279,395222.8
2025-12-21 04:25:00+00:00,1.9279,1.9288,1.9277,1.928,394620.7
2025-12-21 04:30:00+00:00,1.928,1.9296,1.927,1.927,256821.8
2025-12-21 04:35:00+00:00,1.9271,1.928,1.9264,1.9271,295911.4
2025-12-21 04:40:00+00:00,1.9271,1.9272,1.9246,1.9248,292139.7
2025-12-21 04:45:00+00:00,1.9249,1.9249,1.9233,1.9235,289764.1
2025-12-21 04:50:00+00:00,1.9235,1.925,1.9232,1.9247,298959.8
2025-12-21 04:55:00+00:00,1.9248,1.9248,1.9232,1.9244,246867.7
2025-12-21 05:00:00+00:00,1.9244,1.9244,1.9228,1.9231,407872.8
2025-12-21 05:05:00+00:00,1.9231,1.9257,1.923,1.9241,594736.2
2025-12-21 05:10:00+00:00,1.9241,1.9256,1.9238,1.9251,324027.0
2025-12-21 05:15:00+00:00,1.9251,1.9267,1.924,1.9248,609776.0
2025-12-21 05:20:00+00:00,1.9247,1.9268,1.9244,1.9259,254186.4
2025-12-21 05:25:00+00:00,1.9258,1.9261,1.9216,1.9231,1626028.2
2025-12-21 05:30:00+00:00,1.9231,1.9234,1.9223,1.9223,341185.4
2025-12-21 05:35:00+00:00,1.9224,1.9233,1.9212,1.9222,241012.7
2025-12-21 05:40:00+00:00,1.9223,1.9233,1.9208,1.9229,735042.3
2025-12-21 05:45:00+00:00,1.9229,1.923,1.9211,1.9216,295403.7
2025-12-21 05:50:00+00:00,1.9216,1.9224,1.9214,1.9221,208419.9
2025-12-21 05:55:00+00:00,1.9221,1.9223,1.9209,1.9213,392567.2
2025-12-21 06:00:00+00:00,1.9214,1.9214,1.9204,1.9209,379660.6
2025-12-21 06:05:00+00:00,1.9208,1.9218,1.9201,1.9209,486642.0
2025-12-21 06:10:00+00:00,1.9209,1.9229,1.9207,1.9217,358017.4
2025-12-21 06:15:00+00:00,1.9218,1.9236,1.9217,1.9221,444653.0
2025-12-21 06:20:00+00:00,1.9221,1.9222,1.9192,1.921,606964.0
2025-12-21 06:25:00+00:00,1.921,1.9212,1.9187,1.92,784197.6
2025-12-21 06:30:00+00:00,1.92,1.9215,1.9198,1.9208,313266.1
2025-12-21 06:35:00+00:00,1.9207,1.9211,1.9201,1.9203,289245.0
2025-12-21 06:40:00+00:00,1.9202,1.9209,1.9197,1.9204,292253.9
2025-12-21 06:45:00+00:00,1.9205,1.9217,1.9201,1.9201,327048.1
2025-12-21 06:50:00+00:00,1.9201,1.9213,1.9195,1.9206,382634.8
2025-12-21 06:55:00+00:00,1.9207,1.921,1.9194,1.9196,183493.5
2025-12-21 07:00:00+00:00,1.9195,1.921,1.9179,1.9192,741156.2
2025-12-21 07:05:00+00:00,1.9191,1.9201,1.9191,1.9199,193481.0
2025-12-21 07:10:00+00:00,1.92,1.9206,1.9197,1.9205,254219.5
2025-12-21 07:15:00+00:00,1.9205,1.9217,1.9193,1.921,460057.8
2025-12-21 07:20:00+00:00,1.9209,1.9236,1.9205,1.9225,651393.5
2025-12-21 07:25:00+00:00,1.9225,1.9278,1.9225,1.9272,1350649.6
2025-12-21 07:30:00+00:00,1.9272,1.9276,1.9235,1.9248,556685.2
2025-12-21 07:35:00+00:00,1.9248,1.9248,1.9231,1.9239,333665.4
2025-12-21 07:40:00+00:00,1.924,1.9245,1.9229,1.9231,248689.8
2025-12-21 07:45:00+00:00,1.9232,1.926,1.9228,1.926,296803.2
2025-12-21 07:50:00+00:00,1.9259,1.9266,1.9225,1.9226,448484.7
2025-12-21 07:55:00+00:00,1.9225,1.9248,1.9222,1.9243,477799.2
2025-12-21 08:00:00+00:00,1.9244,1.9247,1.9233,1.9237,413389.2
2025-12-21 08:05:00+00:00,1.9238,1.9248,1.9211,1.922,395883.2
2025-12-21 08:10:00+00:00,1.922,1.923,1.9215,1.9229,263026.3
2025-12-21 08:15:00+00:00,1.9229,1.9245,1.9225,1.9239,206091.8
2025-12-21 08:20:00+00:00,1.9238,1.9262,1.9225,1.926,377415.9
2025-12-21 08:25:00+00:00,1.9261,1.9279,1.9258,1.9276,588226.7
2025-12-21 08:30:00+00:00,1.9275,1.937,1.927,1.9335,2571541.5
2025-12-21 08:35:00+00:00,1.9335,1.9342,1.9322,1.9333,935834.9
2025-12-21 08:40:00+00:00,1.9334,1.9426,1.9327,1.9386,4293000.3
2025-12-21 08:45:00+00:00,1.9387,1.9409,1.9345,1.9357,1794937.8
2025-12-21 08:50:00+00:00,1.9357,1.9368,1.9354,1.936,798725.1
2025-12-21 08:55:00+00:00,1.936,1.9368,1.935,1.935,603483.9
2025-12-21 09:00:00+00:00,1.9351,1.9416,1.935,1.9379,2028889.4
2025-12-21 09:05:00+00:00,1.938,1.938,1.9312,1.9352,1536928.0
2025-12-21 09:10:00+00:00,1.9351,1.9386,1.9344,1.9386,666808.0
2025-12-21 09:15:00+00:00,1.9386,1.9428,1.9374,1.9401,1769730.4
2025-12-21 09:20:00+00:00,1.9402,1.9433,1.9402,1.9423,1143005.4
2025-12-21 09:25:00+00:00,1.9423,1.9436,1.9409,1.941,675834.6
2025-12-21 09:30:00+00:00,1.9411,1.9472,1.9399,1.9468,2297898.2
2025-12-21 09:35:00+00:00,1.9468,1.9485,1.9427,1.9451,1940474.3
2025-12-21 09:40:00+00:00,1.9451,1.9455,1.9413,1.943,681832.9
2025-12-21 09:45:00+00:00,1.943,1.946,1.9425,1.9443,889124.8
2025-12-21 09:50:00+00:00,1.9443,1.9475,1.9435,1.9461,1336304.0
2025-12-21 09:55:00+00:00,1.9461,1.9467,1.9432,1.945,1639874.3
2025-12-21 10:00:00+00:00,1.945,1.949,1.945,1.9459,1643859.4
2025-12-21 10:05:00+00:00,1.946,1.9462,1.9408,1.9452,1439227.3
2025-12-21 10:10:00+00:00,1.9452,1.9454,1.9428,1.9439,595210.2
2025-12-21 10:15:00+00:00,1.9439,1.9446,1.941,1.9422,840986.5
2025-12-21 10:20:00+00:00,1.9421,1.9421,1.9368,1.938,1522531.3
2025-12-21 10:25:00+00:00,1.938,1.938,1.9352,1.9355,1308387.8
2025-12-21 10:30:00+00:00,1.9356,1.9358,1.9327,1.9336,1153693.9
2025-12-21 10:35:00+00:00,1.9336,1.9384,1.9332,1.9375,1861442.1
2025-12-21 10:40:00+00:00,1.9376,1.9378,1.9348,1.9358,990505.8
2025-12-21 10:45:00+00:00,1.9358,1.9362,1.9331,1.9348,800574.4
2025-12-21 10:50:00+00:00,1.9348,1.9352,1.9336,1.9339,419785.9
2025-12-21 10:55:00+00:00,1.9339,1.9339,1.9302,1.9332,1475523.7
2025-12-21 11:00:00+00:00,1.9333,1.9336,1.9305,1.9307,843472.3
2025-12-21 11:05:00+00:00,1.9307,1.933,1.9307,1.9315,839226.7
2025-12-21 11:10:00+00:00,1.9314,1.9318,1.931,1.931,383301.1
2025-12-21 11:15:00+00:00,1.931,1.932,1.9305,1.9318,491100.5
2025-12-21 11:20:00+00:00,1.9318,1.9352,1.9315,1.932,1130421.2
2025-12-21 11:25:00+00:00,1.932,1.9353,1.932,1.9346,1116828.7
2025-12-21 11:30:00+00:00,1.9347,1.935,1.9322,1.9325,548015.1
2025-12-21 11:35:00+00:00,1.9325,1.9333,1.9315,1.9326,696531.2
2025-12-21 11:40:00+00:00,1.9327,1.9334,1.9318,1.9325,360307.6
2025-12-21 11:45:00+00:00,1.9325,1.9325,1.9314,1.9314,298810.8
2025-12-21 11:50:00+00:00,1.9315,1.9322,1.9307,1.9322,305934.3
2025-12-21 11:55:00+00:00,1.9322,1.9337,1.9318,1.9327,302480.8
2025-12-21 12:00:00+00:00,1.9328,1.9338,1.9315,1.933,804414.6
2025-12-21 12:05:00+00:00,1.933,1.9374,1.9325,1.9358,1033287.3
2025-12-21 12:10:00+00:00,1.9357,1.9362,1.9341,1.9341,609445.0
2025-12-21 12:15:00+00:00,1.9342,1.9372,1.9331,1.9353,981657.8
2025-12-21 12:20:00+00:00,1.9353,1.9373,1.9349,1.9353,913230.5
2025-12-21 12:25:00+00:00,1.9353,1.9358,1.9345,1.9355,236112.7
2025-12-21 12:30:00+00:00,1.9355,1.9371,1.9334,1.9356,1125370.4
2025-12-21 12:35:00+00:00,1.9356,1.9361,1.9336,1.9339,635666.4
2025-12-21 12:40:00+00:00,1.9338,1.9342,1.9263,1.9274,2880545.5
2025-12-21 12:45:00+00:00,1.9274,1.9291,1.9255,1.9284,1109705.7
2025-12-21 12:50:00+00:00,1.9283,1.9304,1.9272,1.9272,719678.8
2025-12-21 12:55:00+00:00,1.9272,1.929,1.9257,1.9285,1057840.9
2025-12-21 13:00:00+00:00,1.9285,1.9288,1.915,1.9164,5446834.8
2025-12-21 13:05:00+00:00,1.9165,1.9196,1.9122,1.9178,7507221.0
2025-12-21 13:10:00+00:00,1.9179,1.9219,1.9152,1.9152,3153615.1
2025-12-21 13:15:00+00:00,1.9153,1.9157,1.9092,1.9134,7788159.7
2025-12-21 13:20:00+00:00,1.9133,1.9153,1.9123,1.9131,2116352.6
2025-12-21 13:25:00+00:00,1.9132,1.9132,1.9044,1.9076,4906308.7
2025-12-21 13:30:00+00:00,1.9076,1.9106,1.8972,1.9027,12749791.1
2025-12-21 13:35:00+00:00,1.9027,1.9036,1.8971,1.9005,3747622.7
2025-12-21 13:40:00+00:00,1.9004,1.9012,1.8975,1.8996,1489657.4
2025-12-21 13:45:00+00:00,1.8996,1.902,1.8937,1.8975,4000651.0
2025-12-21 13:50:00+00:00,1.8975,1.8981,1.8942,1.8974,2020429.3
2025-12-21 13:55:00+00:00,1.8974,1.8992,1.8942,1.898,2085275.9
2025-12-21 14:00:00+00:00,1.898,1.9049,1.8958,1.9018,4772519.0
2025-12-21 14:05:00+00:00,1.9017,1.914,1.9013,1.9113,6386551.8
2025-12-21 14:10:00+00:00,1.9114,1.9114,1.8998,1.9022,5987368.1
2025-12-21 14:15:00+00:00,1.9023,1.9081,1.9023,1.9057,2981790.4
2025-12-21 14:20:00+00:00,1.9058,1.9066,1.9045,1.9053,899527.4
2025-12-21 14:25:00+00:00,1.9054,1.9054,1.9022,1.9043,1180949.9
2025-12-21 14:30:00+00:00,1.9044,1.9069,1.9041,1.9043,1325746.9
2025-12-21 14:35:00+00:00,1.9043,1.9047,1.8988,1.9027,1454133.7
2025-12-21 14:40:00+00:00,1.9027,1.9044,1.9021,1.9043,406667.6
2025-12-21 14:45:00+00:00,1.9042,1.9042,1.902,1.9027,445290.8
2025-12-21 14:50:00+00:00,1.9027,1.9043,1.9011,1.9043,505140.5
2025-12-21 14:55:00+00:00,1.9042,1.9067,1.9039,1.9064,653865.3
2025-12-21 15:00:00+00:00,1.9064,1.9067,1.899,1.8995,1423756.9
2025-12-21 15:05:00+00:00,1.8996,1.9,1.8982,1.8999,1059958.0
2025-12-21 15:10:00+00:00,1.8999,1.9025,1.8996,1.8996,679832.9
2025-12-21 15:15:00+00:00,1.8996,1.9013,1.8989,1.8998,1101645.9
2025-12-21 15:20:00+00:00,1.8997,1.902,1.8984,1.9006,844893.4
2025-12-21 15:25:00+00:00,1.9006,1.9006,1.899,1.9003,397282.0
2025-12-21 15:30:00+00:00,1.9003,1.9038,1.9001,1.901,586306.7
2025-12-21 15:35:00+00:00,1.9009,1.9042,1.9003,1.9011,765264.1
2025-12-21 15:40:00+00:00,1.9011,1.9014,1.8982,1.9011,871588.6
2025-12-21 15:45:00+00:00,1.9012,1.9029,1.9005,1.9016,546543.7
2025-12-21 15:50:00+00:00,1.9016,1.9085,1.9015,1.9077,2261161.1
2025-12-21 15:55:00+00:00,1.9076,1.9078,1.9026,1.9037,1043773.3
2025-12-21 16:00:00+00:00,1.9037,1.9038,1.8982,1.9002,3448471.1
2025-12-21 16:05:00+00:00,1.9001,1.9033,1.8985,1.9022,955159.5
2025-12-21 16:10:00+00:00,1.9022,1.9023,1.8992,1.8992,741258.8
2025-12-21 16:15:00+00:00,1.8992,1.902,1.8984,1.9012,907312.5
2025-12-21 16:20:00+00:00,1.9011,1.9058,1.9011,1.9048,1078036.9
2025-12-21 16:25:00+00:00,1.9048,1.9078,1.904,1.9044,1011560.8
2025-12-21 16:30:00+00:00,1.9044,1.9057,1.9036,1.904,409109.3
2025-12-21 16:35:00+00:00,1.904,1.9054,1.9036,1.9042,437750.3
2025-12-21 16:40:00+00:00,1.9042,1.9055,1.9036,1.904,428417.7
2025-12-21 16:45:00+00:00,1.9039,1.9046,1.9029,1.9043,581295.4
2025-12-21 16:50:00+00:00,1.9042,1.906,1.904,1.9047,534772.1
2025-12-21 16:55:00+00:00,1.9046,1.9075,1.9037,1.9068,742375.8
2025-12-21 17:00:00+00:00,1.9069,1.9091,1.9055,1.9086,1515825.3
2025-12-21 17:05:00+00:00,1.9086,1.9172,1.9068,1.916,6485806.1
2025-12-21 17:10:00+00:00,1.9159,1.9176,1.9152,1.9158,1445830.0
2025-12-21 17:15:00+00:00,1.9158,1.9159,1.9127,1.9145,3068150.0
2025-12-21 17:20:00+00:00,1.9145,1.915,1.9132,1.9134,577430.0
2025-12-21 17:25:00+00:00,1.9134,1.9134,1.9075,1.9085,1578521.4
2025-12-21 17:30:00+00:00,1.9086,1.91,1.9064,1.9099,1487100.9
2025-12-21 17:35:00+00:00,1.9098,1.9103,1.907,1.9097,1404837.1
2025-12-21 17:40:00+00:00,1.9097,1.9117,1.9095,1.9115,1168919.1
2025-12-21 17:45:00+00:00,1.9115,1.9115,1.9092,1.9092,1539510.1
2025-12-21 17:50:00+00:00,1.9092,1.9094,1.9063,1.9063,692213.4
2025-12-21 17:55:00+00:00,1.9064,1.9073,1.9061,1.9072,404887.9
2025-12-21 18:00:00+00:00,1.9072,1.9078,1.9044,1.9053,787542.3
2025-12-21 18:05:00+00:00,1.9053,1.9053,1.9012,1.9029,1711702.6
2025-12-21 18:10:00+00:00,1.9029,1.9034,1.9009,1.9026,1209526.9
2025-12-21 18:15:00+00:00,1.9026,1.9059,1.9022,1.9046,655066.8
2025-12-21 18:20:00+00:00,1.9047,1.9054,1.9036,1.9038,247086.6
2025-12-21 18:25:00+00:00,1.9038,1.9065,1.9038,1.906,268192.6
2025-12-21 18:30:00+00:00,1.906,1.9083,1.9056,1.9077,1108082.9
2025-12-21 18:35:00+00:00,1.9077,1.9102,1.9069,1.9083,716407.4
2025-12-21 18:40:00+00:00,1.9083,1.909,1.9078,1.9083,378064.4
2025-12-21 18:45:00+00:00,1.9082,1.9108,1.9082,1.9098,643489.5
2025-12-21 18:50:00+00:00,1.9097,1.9126,1.9086,1.9111,665554.4
2025-12-21 18:55:00+00:00,1.9111,1.9124,1.9111,1.9116,502967.7
2025-12-21 19:00:00+00:00,1.9116,1.9146,1.9115,1.9127,1194449.0
2025-12-21 19:05:00+00:00,1.9126,1.9156,1.9126,1.9144,740045.5
2025-12-21 19:10:00+00:00,1.9143,1.9153,1.9139,1.9146,344995.7
2025-12-21 19:15:00+00:00,1.9146,1.9156,1.9142,1.9142,341972.9
2025-12-21 19:20:00+00:00,1.9142,1.9146,1.9126,1.9127,445044.6
2025-12-21 19:25:00+00:00,1.9127,1.9127,1.9117,1.9125,421576.6
2025-12-21 19:30:00+00:00,1.9125,1.9125,1.9077,1.9091,953411.7
2025-12-21 19:35:00+00:00,1.9091,1.9131,1.9085,1.913,627786.9
2025-12-21 19:40:00+00:00,1.9129,1.9143,1.9121,1.9142,330448.9
2025-12-21 19:45:00+00:00,1.9142,1.9147,1.9135,1.9147,281901.2
2025-12-21 19:50:00+00:00,1.9147,1.9187,1.9136,1.9168,1988273.0
2025-12-21 19:55:00+00:00,1.9168,1.918,1.9155,1.9171,795715.0
2025-12-21 20:00:00+00:00,1.9171,1.9171,1.9146,1.9149,502407.2
2025-12-21 20:05:00+00:00,1.9149,1.915,1.9121,1.9121,449464.0
2025-12-21 20:10:00+00:00,1.9122,1.9127,1.9109,1.911,540987.3
2025-12-21 20:15:00+00:00,1.911,1.9125,1.9109,1.9115,531705.4
2025-12-21 20:20:00+00:00,1.9115,1.9123,1.9108,1.9119,209748.6
2025-12-21 20:25:00+00:00,1.9118,1.9136,1.9118,1.9126,329067.8
2025-12-21 20:30:00+00:00,1.9126,1.9142,1.9126,1.9141,239238.0
2025-12-21 20:35:00+00:00,1.9142,1.9149,1.9134,1.9136,267938.0
2025-12-21 20:40:00+00:00,1.9136,1.915,1.9136,1.9143,213869.1
2025-12-21 20:45:00+00:00,1.9144,1.9146,1.9132,1.9135,267805.9
2025-12-21 20:50:00+00:00,1.9135,1.9137,1.9122,1.9128,291598.5
2025-12-21 20:55:00+00:00,1.9128,1.9128,1.911,1.911,326717.3
2025-12-21 21:00:00+00:00,1.9111,1.912,1.9084,1.9106,1000243.9
2025-12-21 21:05:00+00:00,1.9106,1.9118,1.9099,1.9114,318476.4
2025-12-21 21:10:00+00:00,1.9113,1.9125,1.9113,1.9116,170743.5
2025-12-21 21:15:00+00:00,1.9115,1.9125,1.9109,1.9124,334827.7
2025-12-21 21:20:00+00:00,1.9124,1.9144,1.9122,1.9142,973877.3
2025-12-21 21:25:00+00:00,1.9142,1.9161,1.9141,1.9152,703425.3
2025-12-21 21:30:00+00:00,1.9152,1.9181,1.9148,1.9162,885626.3
2025-12-21 21:35:00+00:00,1.9161,1.9161,1.9126,1.9129,482359.2
2025-12-21 21:40:00+00:00,1.9129,1.9134,1.911,1.9116,418705.4
2025-12-21 21:45:00+00:00,1.9116,1.9116,1.9061,1.9073,1068066.8
2025-12-21 21:50:00+00:00,1.9072,1.9093,1.9069,1.9093,451964.6
2025-12-21 21:55:00+00:00,1.9093,1.9103,1.9062,1.9064,427274.9
2025-12-21 22:00:00+00:00,1.9065,1.9068,1.9046,1.9062,867501.1
2025-12-21 22:05:00+00:00,1.9061,1.9066,1.9058,1.9061,281316.7
2025-12-21 22:10:00+00:00,1.9061,1.9132,1.9054,1.9126,927161.5
2025-12-21 22:15:00+00:00,1.9126,1.9158,1.9074,1.9082,752773.6
2025-12-21 22:20:00+00:00,1.9082,1.9099,1.9081,1.9092,367916.8
2025-12-21 22:25:00+00:00,1.9092,1.9112,1.9084,1.911,298972.6
2025-12-21 22:30:00+00:00,1.911,1.9133,1.9097,1.9117,546371.6
2025-12-21 22:35:00+00:00,1.9116,1.9133,1.9116,1.9125,230569.1
2025-12-21 22:40:00+00:00,1.9125,1.9162,1.9125,1.9155,666479.5
2025-12-21 22:45:00+00:00,1.9154,1.9176,1.9147,1.9158,742769.6
2025-12-21 22:50:00+00:00,1.9158,1.9175,1.9157,1.9174,444105.3
2025-12-21 22:55:00+00:00,1.9174,1.9176,1.9156,1.9168,521570.2
2025-12-21 23:00:00+00:00,1.9168,1.925,1.9168,1.9217,3337589.2
2025-12-21 23:05:00+00:00,1.9217,1.9236,1.9186,1.9226,1030458.8
2025-12-21 23:10:00+00:00,1.9227,1.9231,1.9203,1.9224,739803.1
2025-12-21 23:15:00+00:00,1.9225,1.9261,1.9223,1.923,1588476.5
2025-12-21 23:20:00+00:00,1.923,1.9242,1.9213,1.9239,1227632.4
2025-12-21 23:25:00+00:00,1.924,1.9243,1.9189,1.92,2230308.2
2025-12-21 23:30:00+00:00,1.92,1.92,1.9173,1.9189,633757.7
2025-12-21 23:35:00+00:00,1.919,1.9241,1.9189,1.9232,741099.0
2025-12-21 23:40:00+00:00,1.9231,1.9245,1.9224,1.9227,586613.4
2025-12-21 23:45:00+00:00,1.9227,1.9234,1.9223,1.9227,290828.0
2025-12-21 23:50:00+00:00,1.9226,1.9242,1.9215,1.9215,561457.1
2025-12-21 23:55:00+00:00,1.9216,1.9219,1.9201,1.9211,355238.4
2025-12-22 00:00:00+00:00,1.9212,1.9252,1.9208,1.9246,955680.7
2025-12-22 00:05:00+00:00,1.9245,1.928,1.9241,1.928,1124128.1
2025-12-22 00:10:00+00:00,1.928,1.9443,1.9271,1.9435,8663793.8
2025-12-22 00:15:00+00:00,1.9435,1.9488,1.9275,1.9317,10587499.5
2025-12-22 00:20:00+00:00,1.9317,1.9324,1.9254,1.9281,2270614.6
2025-12-22 00:25:00+00:00,1.9281,1.9313,1.9255,1.9302,926457.6
2025-12-22 00:30:00+00:00,1.9303,1.9313,1.9265,1.9268,1333285.1
2025-12-22 00:35:00+00:00,1.9268,1.936,1.9265,1.9329,2445930.5
2025-12-22 00:40:00+00:00,1.9329,1.9353,1.9264,1.9298,1669771.0
2025-12-22 00:45:00+00:00,1.9298,1.9336,1.9273,1.9307,818048.5
2025-12-22 00:50:00+00:00,1.9307,1.9325,1.9273,1.9279,566132.8
2025-12-22 00:55:00+00:00,1.928,1.9291,1.923,1.923,1781488.0
2025-12-22 01:00:00+00:00,1.9231,1.9288,1.922,1.9258,1812162.8
2025-12-22 01:05:00+00:00,1.9258,1.9294,1.9228,1.9271,1566585.2
2025-12-22 01:10:00+00:00,1.9271,1.9301,1.9267,1.9286,402715.9
2025-12-22 01:15:00+00:00,1.9287,1.9314,1.9287,1.93,563888.4
2025-12-22 01:20:00+00:00,1.9299,1.9362,1.9293,1.9332,1897892.9
2025-12-22 01:25:00+00:00,1.9332,1.9338,1.9319,1.932,524795.7
2025-12-22 01:30:00+00:00,1.932,1.9352,1.932,1.9337,855942.0
2025-12-22 01:35:00+00:00,1.9337,1.9362,1.9322,1.9351,925742.2
2025-12-22 01:40:00+00:00,1.9351,1.9364,1.9314,1.9315,850968.8
2025-12-22 01:45:00+00:00,1.9314,1.9328,1.9293,1.9297,817021.2
2025-12-22 01:50:00+00:00,1.9297,1.9297,1.9189,1.9217,3456488.1
2025-12-22 01:55:00+00:00,1.9217,1.922,1.9189,1.9191,1023718.3
2025-12-22 02:00:00+00:00,1.9191,1.9203,1.9145,1.9168,2522589.2
2025-12-22 02:05:00+00:00,1.9169,1.9173,1.9016,1.9126,8010474.4
2025-12-22 02:10:00+00:00,1.9126,1.9136,1.9077,1.9103,1630696.9
2025-12-22 02:15:00+00:00,1.9103,1.9117,1.9067,1.9094,1711974.6
2025-12-22 02:20:00+00:00,1.9094,1.9139,1.9088,1.9137,1019994.4
2025-12-22 02:25:00+00:00,1.9137,1.9147,1.9105,1.9118,684112.3
2025-12-22 02:30:00+00:00,1.9118,1.9153,1.911,1.9132,903905.7
2025-12-22 02:35:00+00:00,1.9132,1.9183,1.9129,1.9175,812361.9
2025-12-22 02:40:00+00:00,1.9175,1.9177,1.9126,1.9155,615028.6
2025-12-22 02:45:00+00:00,1.9155,1.9185,1.9155,1.9174,649895.2
2025-12-22 02:50:00+00:00,1.9174,1.919,1.9171,1.9182,411478.9
2025-12-22 02:55:00+00:00,1.9182,1.9195,1.9176,1.9183,566602.2
2025-12-22 03:00:00+00:00,1.9182,1.9185,1.9142,1.915,736378.8
2025-12-22 03:05:00+00:00,1.9151,1.9184,1.9121,1.9183,1031119.5
2025-12-22 03:10:00+00:00,1.9182,1.9205,1.916,1.9178,1178986.4
2025-12-22 03:15:00+00:00,1.9178,1.92,1.9168,1.9196,523096.4
2025-12-22 03:20:00+00:00,1.9196,1.9242,1.9195,1.924,1252726.2
2025-12-22 03:25:00+00:00,1.924,1.9244,1.9218,1.9229,687465.2
2025-12-22 03:30:00+00:00,1.9228,1.9257,1.9208,1.9223,1289985.6
2025-12-22 03:35:00+00:00,1.9223,1.9241,1.9201,1.9201,701120.3
2025-12-22 03:40:00+00:00,1.9202,1.9207,1.919,1.9202,740010.8
2025-12-22 03:45:00+00:00,1.9201,1.9232,1.919,1.9191,709624.5
2025-12-22 03:50:00+00:00,1.919,1.9203,1.919,1.9201,407689.5
2025-12-22 03:55:00+00:00,1.92,1.9209,1.9191,1.9193,375910.0
2025-12-22 04:00:00+00:00,1.9193,1.9215,1.9188,1.9193,495184.0
2025-12-22 04:05:00+00:00,1.9192,1.9198,1.9172,1.9188,722322.6
2025-12-22 04:10:00+00:00,1.9189,1.9207,1.9178,1.9181,829698.1
2025-12-22 04:15:00+00:00,1.9181,1.9223,1.9176,1.9208,619033.3
2025-12-22 04:20:00+00:00,1.9209,1.9224,1.9197,1.9218,852944.4
2025-12-22 04:25:00+00:00,1.9217,1.9235,1.9197,1.9226,730404.7
2025-12-22 04:30:00+00:00,1.9225,1.9232,1.9191,1.9194,557742.6
2025-12-22 04:35:00+00:00,1.9194,1.9218,1.9171,1.9199,655712.5
2025-12-22 04:40:00+00:00,1.9199,1.9217,1.9189,1.9209,1110511.7
2025-12-22 04:45:00+00:00,1.9209,1.9236,1.92,1.9236,1483841.5
2025-12-22 04:50:00+00:00,1.9235,1.9255,1.9222,1.9238,1177457.9
2025-12-22 04:55:00+00:00,1.9238,1.924,1.921,1.9239,815517.9
2025-12-22 05:00:00+00:00,1.924,1.9253,1.9238,1.9253,764326.1
2025-12-22 05:05:00+00:00,1.9252,1.9278,1.9246,1.9253,1105736.5
2025-12-22 05:10:00+00:00,1.9253,1.927,1.9235,1.9258,591745.7
2025-12-22 05:15:00+00:00,1.9257,1.9273,1.9249,1.9257,560433.3
2025-12-22 05:20:00+00:00,1.9258,1.9258,1.9226,1.9233,568700.9
2025-12-22 05:25:00+00:00,1.9233,1.9237,1.9193,1.9196,2511773.8
2025-12-22 05:30:00+00:00,1.9195,1.9199,1.9183,1.919,720924.1
2025-12-22 05:35:00+00:00,1.9189,1.9224,1.9173,1.9211,961674.4
2025-12-22 05:40:00+00:00,1.9211,1.9212,1.9189,1.9199,547392.7
2025-12-22 05:45:00+00:00,1.9198,1.9214,1.9196,1.9196,656294.8
2025-12-22 05:50:00+00:00,1.9196,1.9219,1.9195,1.9211,397831.5
2025-12-22 05:55:00+00:00,1.9211,1.9215,1.9185,1.9192,537662.5
2025-12-22 06:00:00+00:00,1.9192,1.9195,1.9161,1.9168,1034085.3
2025-12-22 06:05:00+00:00,1.9167,1.9168,1.9139,1.9149,1089827.2
2025-12-22 06:10:00+00:00,1.9148,1.9152,1.9126,1.9133,926648.2
2025-12-22 06:15:00+00:00,1.9133,1.9188,1.913,1.9183,782105.3
2025-12-22 06:20:00+00:00,1.9183,1.9188,1.916,1.9175,822918.3
2025-12-22 06:25:00+00:00,1.9176,1.9176,1.9146,1.9161,507617.5
2025-12-22 06:30:00+00:00,1.9161,1.9187,1.9159,1.9172,534042.3
2025-12-22 06:35:00+00:00,1.9172,1.9178,1.9152,1.9155,622917.4
2025-12-22 06:40:00+00:00,1.9156,1.9189,1.9148,1.9189,754697.1
2025-12-22 06:45:00+00:00,1.9189,1.9198,1.9177,1.9183,784847.4
2025-12-22 06:50:00+00:00,1.9183,1.9189,1.9168,1.9188,420992.8
2025-12-22 06:55:00+00:00,1.9188,1.9208,1.9168,1.9171,718854.9
2025-12-22 07:00:00+00:00,1.917,1.9222,1.9158,1.9215,1164660.3
2025-12-22 07:05:00+00:00,1.9215,1.9272,1.921,1.9254,1663996.0
2025-12-22 07:10:00+00:00,1.9254,1.9254,1.9232,1.9241,872471.6
2025-12-22 07:15:00+00:00,1.9241,1.9248,1.9231,1.9236,433771.4
2025-12-22 07:20:00+00:00,1.9236,1.9249,1.9221,1.9235,715820.5
2025-12-22 07:25:00+00:00,1.9235,1.9244,1.923,1.9236,276602.9
2025-12-22 07:30:00+00:00,1.9236,1.9251,1.9221,1.9246,468205.1
2025-12-22 07:35:00+00:00,1.9246,1.928,1.9236,1.9245,1263207.0
2025-12-22 07:40:00+00:00,1.9245,1.9284,1.9242,1.9277,644221.4
2025-12-22 07:45:00+00:00,1.9276,1.9277,1.9257,1.9258,430695.2
2025-12-22 07:50:00+00:00,1.9258,1.9269,1.9256,1.9265,369112.7
2025-12-22 07:55:00+00:00,1.9264,1.927,1.9251,1.9263,466948.7
2025-12-22 08:00:00+00:00,1.9263,1.9295,1.925,1.9281,1283375.7
2025-12-22 08:05:00+00:00,1.9281,1.9285,1.9228,1.9232,1147444.6
2025-12-22 08:10:00+00:00,1.9231,1.9241,1.9221,1.924,598631.7
2025-12-22 08:15:00+00:00,1.924,1.9286,1.9234,1.9286,1046389.3
2025-12-22 08:20:00+00:00,1.9286,1.9333,1.9241,1.9241,4285481.2
2025-12-22 08:25:00+00:00,1.9241,1.9292,1.924,1.9277,2164727.9
2025-12-22 08:30:00+00:00,1.9276,1.9326,1.9276,1.9287,3107453.5
2025-12-22 08:35:00+00:00,1.9287,1.9288,1.9256,1.9257,1446563.0
2025-12-22 08:40:00+00:00,1.9258,1.9272,1.923,1.9235,1551099.7
2025-12-22 08:45:00+00:00,1.9235,1.9241,1.9193,1.9218,1975965.8
2025-12-22 08:50:00+00:00,1.9219,1.9238,1.9183,1.9213,2098654.1
2025-12-22 08:55:00+00:00,1.9213,1.9213,1.9165,1.9169,1438186.5
2025-12-22 09:00:00+00:00,1.9168,1.9185,1.916,1.917,1488595.6
2025-12-22 09:05:00+00:00,1.9171,1.92,1.917,1.9185,959611.1
2025-12-22 09:10:00+00:00,1.9185,1.9204,1.9147,1.9151,2629653.1
2025-12-22 09:15:00+00:00,1.9151,1.9189,1.9135,1.9184,1110706.3
2025-12-22 09:20:00+00:00,1.9184,1.9184,1.9147,1.9153,831610.8
2025-12-22 09:25:00+00:00,1.9153,1.9177,1.9148,1.9166,990606.8
2025-12-22 09:30:00+00:00,1.9166,1.9184,1.915,1.9184,874156.3
2025-12-22 09:35:00+00:00,1.9184,1.9195,1.9182,1.919,876008.4
2025-12-22 09:40:00+00:00,1.919,1.9198,1.915,1.9171,1167326.4
2025-12-22 09:45:00+00:00,1.9171,1.9193,1.9163,1.9176,826638.5
2025-12-22 09:50:00+00:00,1.9177,1.9211,1.9172,1.921,961050.5
2025-12-22 09:55:00+00:00,1.921,1.9234,1.9208,1.9215,1369575.4
2025-12-22 10:00:00+00:00,1.9215,1.922,1.9165,1.917,1407897.5
2025-12-22 10:05:00+00:00,1.917,1.9191,1.9167,1.9187,711387.7
2025-12-22 10:10:00+00:00,1.9187,1.922,1.9178,1.922,630624.7
2025-12-22 10:15:00+00:00,1.9219,1.9248,1.9217,1.9245,1280058.3
2025-12-22 10:20:00+00:00,1.9244,1.9245,1.9211,1.9231,1606280.9
2025-12-22 10:25:00+00:00,1.9231,1.9266,1.923,1.9251,1528373.4
2025-12-22 10:30:00+00:00,1.9251,1.9278,1.9249,1.9266,1077924.8
2025-12-22 10:35:00+00:00,1.9267,1.9295,1.9264,1.9271,1304225.9
2025-12-22 10:40:00+00:00,1.9272,1.9277,1.9259,1.927,794521.6
2025-12-22 10:45:00+00:00,1.927,1.927,1.9247,1.926,872847.4
2025-12-22 10:50:00+00:00,1.9259,1.9282,1.9259,1.9266,734828.5
2025-12-22 10:55:00+00:00,1.9265,1.9266,1.9239,1.9253,841626.4
2025-12-22 11:00:00+00:00,1.9253,1.9272,1.9252,1.9268,1003247.6
2025-12-22 11:05:00+00:00,1.9267,1.929,1.926,1.9269,820422.8
2025-12-22 11:10:00+00:00,1.9268,1.927,1.9258,1.926,520958.1
2025-12-22 11:15:00+00:00,1.9261,1.9263,1.9238,1.9249,1238319.0
2025-12-22 11:20:00+00:00,1.925,1.9259,1.9241,1.9241,615772.2
2025-12-22 11:25:00+00:00,1.9241,1.9275,1.9231,1.927,1063079.3
2025-12-22 11:30:00+00:00,1.9271,1.9307,1.926,1.9294,1890397.5
2025-12-22 11:35:00+00:00,1.9294,1.9322,1.9274,1.9309,3083025.9
2025-12-22 11:40:00+00:00,1.931,1.9331,1.9305,1.933,1487906.4
2025-12-22 11:45:00+00:00,1.933,1.9376,1.9324,1.9341,2237686.3
2025-12-22 11:50:00+00:00,1.9342,1.936,1.9324,1.9341,1390503.6
2025-12-22 11:55:00+00:00,1.934,1.9347,1.9322,1.9339,1058469.1
2025-12-22 12:00:00+00:00,1.934,1.9367,1.934,1.9351,1237626.8
2025-12-22 12:05:00+00:00,1.9351,1.9366,1.9337,1.9362,673558.8
2025-12-22 12:10:00+00:00,1.9363,1.9367,1.9316,1.9344,1455129.3
2025-12-22 12:15:00+00:00,1.9345,1.9378,1.9344,1.9367,1268715.7
2025-12-22 12:20:00+00:00,1.9366,1.9387,1.9355,1.9375,1511011.8
2025-12-22 12:25:00+00:00,1.9376,1.9395,1.9375,1.939,1288011.8
2025-12-22 12:30:00+00:00,1.9391,1.9463,1.9367,1.9385,5695728.9
2025-12-22 12:35:00+00:00,1.9386,1.9401,1.936,1.9376,1688523.6
2025-12-22 12:40:00+00:00,1.9376,1.9377,1.9322,1.9345,2486750.6
2025-12-22 12:45:00+00:00,1.9344,1.9353,1.9327,1.9339,1059945.1
2025-12-22 12:50:00+00:00,1.934,1.9343,1.9322,1.9323,556709.5
2025-12-22 12:55:00+00:00,1.9323,1.9363,1.9311,1.9352,1674527.5
2025-12-22 13:00:00+00:00,1.9351,1.9373,1.935,1.9357,1273432.7
2025-12-22 13:05:00+00:00,1.9357,1.9357,1.9288,1.9296,3476255.3
2025-12-22 13:10:00+00:00,1.9297,1.9311,1.9291,1.9305,3109418.4
2025-12-22 13:15:00+00:00,1.9305,1.931,1.9288,1.9304,1401725.0
2025-12-22 13:20:00+00:00,1.9304,1.9335,1.9295,1.93,1209008.0
2025-12-22 13:25:00+00:00,1.93,1.9327,1.9299,1.9317,698231.1
2025-12-22 13:30:00+00:00,1.9318,1.9318,1.9265,1.9275,1396409.8
2025-12-22 13:35:00+00:00,1.9275,1.9295,1.9266,1.9285,965011.2
2025-12-22 13:40:00+00:00,1.9285,1.9294,1.9271,1.9276,763596.8
2025-12-22 13:45:00+00:00,1.9276,1.93,1.927,1.9293,841999.6
2025-12-22 13:50:00+00:00,1.9294,1.9318,1.9291,1.9315,1015863.0
2025-12-22 13:55:00+00:00,1.9315,1.933,1.9312,1.933,937686.7
2025-12-22 14:00:00+00:00,1.933,1.9359,1.932,1.9354,1101680.9
2025-12-22 14:05:00+00:00,1.9354,1.9374,1.9336,1.934,1145238.3
2025-12-22 14:10:00+00:00,1.934,1.935,1.9335,1.9349,663574.8
2025-12-22 14:15:00+00:00,1.9349,1.9391,1.9349,1.9371,986477.4
2025-12-22 14:20:00+00:00,1.9372,1.9387,1.9354,1.9365,1136260.9
2025-12-22 14:25:00+00:00,1.9365,1.9383,1.9345,1.9349,1212712.9
2025-12-22 14:30:00+00:00,1.935,1.9411,1.9257,1.9321,7499205.2
2025-12-22 14:35:00+00:00,1.9321,1.9336,1.9256,1.9306,3679638.6
2025-12-22 14:40:00+00:00,1.9307,1.9326,1.9238,1.9312,2599467.6
2025-12-22 14:45:00+00:00,1.9312,1.9421,1.9294,1.938,4721427.3
2025-12-22 14:50:00+00:00,1.938,1.9397,1.9337,1.9397,1736682.0
2025-12-22 14:55:00+00:00,1.9398,1.9413,1.9366,1.9394,1406957.4
2025-12-22 15:00:00+00:00,1.9394,1.9424,1.937,1.9402,1971070.2
2025-12-22 15:05:00+00:00,1.9402,1.9447,1.9385,1.9425,2172445.2
2025-12-22 15:10:00+00:00,1.9426,1.9466,1.9316,1.932,4117054.8
2025-12-22 15:15:00+00:00,1.9321,1.9381,1.9313,1.935,1922675.5
2025-12-22 15:20:00+00:00,1.9349,1.937,1.922,1.9305,5280024.6
2025-12-22 15:25:00+00:00,1.9305,1.9319,1.928,1.9286,1655770.4
2025-12-22 15:30:00+00:00,1.9287,1.9299,1.925,1.9282,1346615.7
2025-12-22 15:35:00+00:00,1.9282,1.9291,1.9167,1.9241,5553328.0
2025-12-22 15:40:00+00:00,1.9241,1.9308,1.9236,1.9302,3274985.1
2025-12-22 15:45:00+00:00,1.9303,1.9314,1.9259,1.9272,1301661.4
2025-12-22 15:50:00+00:00,1.9273,1.9314,1.9269,1.9309,996139.3
2025-12-22 15:55:00+00:00,1.931,1.9372,1.9303,1.9334,2328082.5
2025-12-22 16:00:00+00:00,1.9334,1.9376,1.9323,1.9358,1557327.0
2025-12-22 16:05:00+00:00,1.9359,1.9376,1.9343,1.9353,877065.4
2025-12-22 16:10:00+00:00,1.9353,1.939,1.9353,1.9378,873288.2
2025-12-22 16:15:00+00:00,1.9378,1.9408,1.9353,1.9353,1311262.6
2025-12-22 16:20:00+00:00,1.9353,1.94,1.9353,1.94,1608648.1
2025-12-22 16:25:00+00:00,1.9399,1.942,1.9395,1.9409,2087420.6
2025-12-22 16:30:00+00:00,1.941,1.9416,1.9338,1.935,1953518.6
2025-12-22 16:35:00+00:00,1.935,1.9361,1.9325,1.9337,1305310.5
2025-12-22 16:40:00+00:00,1.9337,1.9379,1.9327,1.9327,1317713.2
2025-12-22 16:45:00+00:00,1.9327,1.9363,1.9323,1.9356,1074901.0
2025-12-22 16:50:00+00:00,1.9356,1.9377,1.9342,1.9342,847713.5
2025-12-22 16:55:00+00:00,1.9342,1.9409,1.9338,1.9387,5575103.9
2025-12-22 17:00:00+00:00,1.9388,1.9393,1.9349,1.9352,1532525.0
2025-12-22 17:05:00+00:00,1.9351,1.9352,1.9259,1.9267,5686115.2
2025-12-22 17:10:00+00:00,1.9267,1.929,1.925,1.9267,1823887.1
2025-12-22 17:15:00+00:00,1.9268,1.9282,1.9237,1.927,1809468.8
2025-12-22 17:20:00+00:00,1.927,1.927,1.9234,1.9254,974342.8
2025-12-22 17:25:00+00:00,1.9254,1.9267,1.9242,1.9255,636215.7
2025-12-22 17:30:00+00:00,1.9255,1.9273,1.921,1.9222,2347900.0
2025-12-22 17:35:00+00:00,1.9221,1.927,1.9215,1.927,1673853.1
2025-12-22 17:40:00+00:00,1.9269,1.932,1.9261,1.9294,3350550.4
2025-12-22 17:45:00+00:00,1.9294,1.9303,1.9265,1.9269,1099353.0
2025-12-22 17:50:00+00:00,1.9268,1.9304,1.9267,1.9274,621250.1
2025-12-22 17:55:00+00:00,1.9274,1.9296,1.9274,1.9294,735587.2
2025-12-22 18:00:00+00:00,1.9295,1.9334,1.9276,1.9319,1380359.0
2025-12-22 18:05:00+00:00,1.9319,1.9319,1.9289,1.9297,664209.2
2025-12-22 18:10:00+00:00,1.9297,1.9336,1.929,1.931,1059571.1
2025-12-22 18:15:00+00:00,1.931,1.9336,1.9282,1.9301,997942.5
2025-12-22 18:20:00+00:00,1.9302,1.9317,1.9274,1.9313,662251.2
2025-12-22 18:25:00+00:00,1.9313,1.9343,1.9307,1.9339,751660.5
2025-12-22 18:30:00+00:00,1.9339,1.9356,1.9313,1.932,1261393.6
2025-12-22 18:35:00+00:00,1.932,1.9357,1.9317,1.9346,643557.6
2025-12-22 18:40:00+00:00,1.9346,1.9375,1.9339,1.9357,888025.1
2025-12-22 18:45:00+00:00,1.9357,1.9363,1.9342,1.9344,1046245.4
2025-12-22 18:50:00+00:00,1.9344,1.9345,1.9298,1.9298,1032673.1
2025-12-22 18:55:00+00:00,1.9298,1.9313,1.9228,1.9265,3041497.3
2025-12-22 19:00:00+00:00,1.9264,1.9272,1.9185,1.9185,5373611.2
2025-12-22 19:05:00+00:00,1.9186,1.9225,1.9156,1.9225,3362806.0
2025-12-22 19:10:00+00:00,1.9224,1.9229,1.9162,1.9167,2618351.8
2025-12-22 19:15:00+00:00,1.9167,1.919,1.9151,1.9183,1893633.7
2025-12-22 19:20:00+00:00,1.9183,1.9184,1.9155,1.916,1334674.0
2025-12-22 19:25:00+00:00,1.9161,1.9161,1.9085,1.9104,4500197.4
2025-12-22 19:30:00+00:00,1.9103,1.9122,1.9068,1.9076,2378563.1
2025-12-22 19:35:00+00:00,1.9077,1.9101,1.9046,1.9087,2233042.3
2025-12-22 19:40:00+00:00,1.9087,1.9089,1.9053,1.9062,986958.4
2025-12-22 19:45:00+00:00,1.9062,1.908,1.9026,1.904,1644490.1
2025-12-22 19:50:00+00:00,1.9039,1.9048,1.9011,1.9014,2779277.8
2025-12-22 19:55:00+00:00,1.9014,1.9031,1.9009,1.901,2045146.7
2025-12-22 20:00:00+00:00,1.901,1.9038,1.8961,1.9031,5303031.1
2025-12-22 20:05:00+00:00,1.9031,1.9054,1.9015,1.9025,2407224.7
2025-12-22 20:10:00+00:00,1.9025,1.9043,1.9005,1.9028,1725177.2
2025-12-22 20:15:00+00:00,1.9028,1.9034,1.8912,1.8975,5810407.8
2025-12-22 20:20:00+00:00,1.8975,1.8975,1.8905,1.8927,2549502.3
2025-12-22 20:25:00+00:00,1.8928,1.895,1.8918,1.8942,1721705.9
2025-12-22 20:30:00+00:00,1.8942,1.9002,1.8918,1.8955,3522727.9
2025-12-22 20:35:00+00:00,1.8955,1.8959,1.8906,1.8927,2316894.5
2025-12-22 20:40:00+00:00,1.8927,1.8999,1.8916,1.8994,2070957.8
2025-12-22 20:45:00+00:00,1.8994,1.9036,1.8935,1.8953,4454322.2
2025-12-22 20:50:00+00:00,1.8953,1.8969,1.8936,1.8966,1464831.6
2025-12-22 20:55:00+00:00,1.8967,1.9015,1.8952,1.8955,4795355.7
2025-12-22 21:00:00+00:00,1.8954,1.8989,1.8951,1.8985,1395276.3
2025-12-22 21:05:00+00:00,1.8985,1.8988,1.8951,1.8966,957922.5
2025-12-22 21:10:00+00:00,1.8965,1.8966,1.8939,1.8951,1587161.2
2025-12-22 21:15:00+00:00,1.8951,1.8964,1.8927,1.8964,1588767.9
2025-12-22 21:20:00+00:00,1.8964,1.898,1.8935,1.8975,1531750.1
2025-12-22 21:25:00+00:00,1.8975,1.8982,1.8966,1.897,694395.1
2025-12-22 21:30:00+00:00,1.897,1.8988,1.8966,1.8977,1112566.9
2025-12-22 21:35:00+00:00,1.8976,1.9003,1.8969,1.9,1120893.2
2025-12-22 21:40:00+00:00,1.8999,1.9025,1.8993,1.9009,1526158.4
2025-12-22 21:45:00+00:00,1.9008,1.901,1.8971,1.8981,897454.2
2025-12-22 21:50:00+00:00,1.898,1.8982,1.8938,1.8959,935400.6
2025-12-22 21:55:00+00:00,1.896,1.8967,1.8954,1.8955,554046.3
2025-12-22 22:00:00+00:00,1.8956,1.8956,1.891,1.8937,1631778.6
2025-12-22 22:05:00+00:00,1.8936,1.895,1.8922,1.8934,1047018.5
2025-12-22 22:10:00+00:00,1.8935,1.8981,1.8932,1.8964,618656.6
2025-12-22 22:15:00+00:00,1.8964,1.9026,1.8961,1.9025,1160015.3
2025-12-22 22:20:00+00:00,1.9025,1.9038,1.8994,1.9,1882448.5
2025-12-22 22:25:00+00:00,1.8999,1.8999,1.8975,1.8985,543928.2
2025-12-22 22:30:00+00:00,1.8984,1.9002,1.8973,1.8983,630109.0
2025-12-22 22:35:00+00:00,1.8983,1.8983,1.8972,1.8977,270897.8
2025-12-22 22:40:00+00:00,1.8978,1.9003,1.8973,1.8997,411843.9
2025-12-22 22:45:00+00:00,1.8998,1.9011,1.8996,1.9002,283963.1
2025-12-22 22:50:00+00:00,1.9003,1.908,1.9001,1.9073,1583234.7
2025-12-22 22:55:00+00:00,1.9072,1.9077,1.905,1.9077,780179.1
2025-12-22 23:00:00+00:00,1.9077,1.9077,1.9011,1.9031,1395272.8
2025-12-22 23:05:00+00:00,1.9031,1.9043,1.9014,1.9038,956573.2
2025-12-22 23:10:00+00:00,1.9038,1.9061,1.9022,1.9047,789784.6
2025-12-22 23:15:00+00:00,1.9048,1.9051,1.9023,1.9038,615479.1
2025-12-22 23:20:00+00:00,1.9037,1.9055,1.9035,1.905,600339.2
2025-12-22 23:25:00+00:00,1.905,1.9058,1.9039,1.9051,562588.8
2025-12-22 23:30:00+00:00,1.9051,1.9065,1.9033,1.9047,461547.4
2025-12-22 23:35:00+00:00,1.9048,1.9048,1.9015,1.9023,479858.9
2025-12-22 23:40:00+00:00,1.9023,1.9031,1.9015,1.9024,335363.5
2025-12-22 23:45:00+00:00,1.9024,1.9026,1.9006,1.9007,455997.4
2025-12-22 23:50:00+00:00,1.9007,1.9044,1.8999,1.9037,1179337.4
2025-12-22 23:55:00+00:00,1.9037,1.9038,1.9021,1.9033,337013.0
2025-12-23 00:00:00+00:00,1.9032,1.9033,1.8986,1.8988,2584492.8
2025-12-23 00:05:00+00:00,1.8988,1.9006,1.8985,1.9005,1744254.2
2025-12-23 00:10:00+00:00,1.9005,1.9006,1.8991,1.8994,645171.2
2025-12-23 00:15:00+00:00,1.8995,1.9039,1.8995,1.902,1427485.5
2025-12-23 00:20:00+00:00,1.902,1.9025,1.8991,1.9001,882117.4
2025-12-23 00:25:00+00:00,1.9001,1.9033,1.8992,1.9014,554789.1
2025-12-23 00:30:00+00:00,1.9014,1.9044,1.8997,1.9042,727565.1
2025-12-23 00:35:00+00:00,1.9043,1.9089,1.9042,1.9076,1738946.9
2025-12-23 00:40:00+00:00,1.9076,1.9078,1.9018,1.9022,1381898.7
2025-12-23 00:45:00+00:00,1.9022,1.9026,1.9,1.9022,951660.8
2025-12-23 00:50:00+00:00,1.9023,1.9054,1.9022,1.9038,798246.7
2025-12-23 00:55:00+00:00,1.9038,1.9049,1.903,1.9035,504381.1
2025-12-23 01:00:00+00:00,1.9035,1.9078,1.9004,1.9072,1594765.0
2025-12-23 01:05:00+00:00,1.9073,1.9076,1.9035,1.9047,882135.5
2025-12-23 01:10:00+00:00,1.9047,1.9048,1.9024,1.9024,624577.7
2025-12-23 01:15:00+00:00,1.9025,1.9048,1.9016,1.9028,729927.0
2025-12-23 01:20:00+00:00,1.9027,1.903,1.9009,1.901,653192.9
2025-12-23 01:25:00+00:00,1.9009,1.9019,1.9003,1.9004,355590.5
2025-12-23 01:30:00+00:00,1.9004,1.9023,1.8988,1.8988,885809.6
2025-12-23 01:35:00+00:00,1.8987,1.8998,1.8965,1.8971,1081904.3
2025-12-23 01:40:00+00:00,1.897,1.8985,1.8956,1.8978,1375016.9
2025-12-23 01:45:00+00:00,1.8978,1.8995,1.8977,1.8994,367479.7
2025-12-23 01:50:00+00:00,1.8995,1.9004,1.8975,1.8976,772431.3
2025-12-23 01:55:00+00:00,1.8977,1.8987,1.8973,1.8976,446435.7
2025-12-23 02:00:00+00:00,1.8976,1.8977,1.895,1.8964,1406262.3
2025-12-23 02:05:00+00:00,1.8964,1.9039,1.8964,1.9026,1273973.9
2025-12-23 02:10:00+00:00,1.9026,1.903,1.9009,1.9021,655279.2
2025-12-23 02:15:00+00:00,1.9021,1.9053,1.902,1.9038,861299.5
2025-12-23 02:20:00+00:00,1.9038,1.9045,1.902,1.9035,602541.2
2025-12-23 02:25:00+00:00,1.9034,1.9035,1.9011,1.9028,445574.2
2025-12-23 02:30:00+00:00,1.9028,1.9038,1.9,1.9004,647090.9
2025-12-23 02:35:00+00:00,1.9005,1.9008,1.8928,1.8932,2619315.1
2025-12-23 02:40:00+00:00,1.8931,1.8953,1.8912,1.893,2111748.8
2025-12-23 02:45:00+00:00,1.893,1.8946,1.8904,1.8938,1635291.6
2025-12-23 02:50:00+00:00,1.8939,1.8953,1.892,1.8926,665393.5
2025-12-23 02:55:00+00:00,1.8926,1.8936,1.892,1.8932,415391.8
2025-12-23 03:00:00+00:00,1.8932,1.894,1.891,1.8911,978944.5
2025-12-23 03:05:00+00:00,1.891,1.8917,1.883,1.8883,6338088.8
2025-12-23 03:10:00+00:00,1.8883,1.8894,1.8866,1.8887,1317403.1
2025-12-23 03:15:00+00:00,1.8888,1.894,1.8887,1.8911,1038092.6
2025-12-23 03:20:00+00:00,1.8912,1.8918,1.8883,1.8883,698526.6
2025-12-23 03:25:00+00:00,1.8884,1.8916,1.8884,1.8911,1044329.9
2025-12-23 03:30:00+00:00,1.8911,1.8917,1.8895,1.8917,449099.2
2025-12-23 03:35:00+00:00,1.8916,1.894,1.8913,1.894,450313.9
2025-12-23 03:40:00+00:00,1.8941,1.8945,1.8929,1.8941,1347678.7
2025-12-23 03:45:00+00:00,1.8942,1.8942,1.8917,1.8929,649860.0
2025-12-23 03:50:00+00:00,1.8929,1.8935,1.8916,1.8927,270030.7
2025-12-23 03:55:00+00:00,1.8927,1.8939,1.8915,1.8915,334069.7
2025-12-23 04:00:00+00:00,1.8915,1.8921,1.8887,1.8893,1368389.7
2025-12-23 04:05:00+00:00,1.8893,1.8945,1.8893,1.8945,1160093.4
2025-12-23 04:10:00+00:00,1.8944,1.8967,1.8944,1.8951,699188.2
2025-12-23 04:15:00+00:00,1.8952,1.8953,1.8933,1.8943,311335.3
2025-12-23 04:20:00+00:00,1.8943,1.8954,1.8929,1.895,596891.3
2025-12-23 04:25:00+00:00,1.895,1.895,1.8931,1.8933,233309.2
2025-12-23 04:30:00+00:00,1.8934,1.8937,1.8892,1.8904,662888.3
2025-12-23 04:35:00+00:00,1.8904,1.8904,1.8883,1.8888,1878961.7
2025-12-23 04:40:00+00:00,1.8888,1.8893,1.8877,1.8886,551260.2
2025-12-23 04:45:00+00:00,1.8885,1.8898,1.888,1.8891,933879.6
2025-12-23 04:50:00+00:00,1.8891,1.8896,1.8874,1.8888,720912.3
2025-12-23 04:55:00+00:00,1.8888,1.8889,1.8872,1.8874,821318.9
2025-12-23 05:00:00+00:00,1.8873,1.8887,1.8867,1.8869,766069.6
2025-12-23 05:05:00+00:00,1.8869,1.8895,1.8852,1.8892,885584.0
2025-12-23 05:10:00+00:00,1.8892,1.8898,1.8875,1.8877,1325150.8
2025-12-23 05:15:00+00:00,1.8876,1.8897,1.8863,1.8893,490747.9
2025-12-23 05:20:00+00:00,1.8894,1.8894,1.8879,1.8882,422585.0
2025-12-23 05:25:00+00:00,1.8882,1.8885,1.8867,1.8872,463595.2
2025-12-23 05:30:00+00:00,1.8871,1.8872,1.8774,1.8781,5880675.4
2025-12-23 05:35:00+00:00,1.8781,1.8843,1.8778,1.8835,1774666.3
2025-12-23 05:40:00+00:00,1.8835,1.8848,1.8819,1.8826,776734.6
2025-12-23 05:45:00+00:00,1.8826,1.8827,1.8788,1.8808,931022.4
2025-12-23 05:50:00+00:00,1.8808,1.8827,1.8808,1.882,823182.6
2025-12-23 05:55:00+00:00,1.882,1.8828,1.8816,1.8818,493027.5
2025-12-23 06:00:00+00:00,1.8817,1.8839,1.8794,1.8809,1075824.0
2025-12-23 06:05:00+00:00,1.8809,1.8857,1.8809,1.884,1281157.8
2025-12-23 06:10:00+00:00,1.884,1.8841,1.8794,1.8815,771432.1
2025-12-23 06:15:00+00:00,1.8815,1.883,1.8741,1.8766,4686201.0
2025-12-23 06:20:00+00:00,1.8765,1.8779,1.8733,1.8739,2134180.4
2025-12-23 06:25:00+00:00,1.874,1.8758,1.873,1.875,1454504.7
2025-12-23 06:30:00+00:00,1.875,1.8766,1.8725,1.8753,1440409.5
2025-12-23 06:35:00+00:00,1.8754,1.8765,1.8736,1.8745,724955.9
2025-12-23 06:40:00+00:00,1.8745,1.8785,1.8736,1.8775,885675.9
2025-12-23 06:45:00+00:00,1.8774,1.8783,1.8763,1.8775,776493.1
2025-12-23 06:50:00+00:00,1.8774,1.8827,1.8774,1.8825,832867.9
2025-12-23 06:55:00+00:00,1.8825,1.8841,1.8808,1.8812,1284339.1
2025-12-23 07:00:00+00:00,1.8812,1.8847,1.8803,1.8847,1217244.1
2025-12-23 07:05:00+00:00,1.8846,1.8859,1.8843,1.8854,851824.5
2025-12-23 07:10:00+00:00,1.8855,1.8855,1.8784,1.8792,2365612.6
2025-12-23 07:15:00+00:00,1.8791,1.881,1.8773,1.8805,1198854.0
2025-12-23 07:20:00+00:00,1.8806,1.8842,1.8806,1.8825,1092249.2
2025-12-23 07:25:00+00:00,1.8825,1.8837,1.8819,1.8822,769433.2
2025-12-23 07:30:00+00:00,1.8822,1.8844,1.882,1.8841,551792.0
2025-12-23 07:35:00+00:00,1.8841,1.8848,1.88,1.88,1166702.4
2025-12-23 07:40:00+00:00,1.8801,1.882,1.88,1.8811,601273.7
2025-12-23 07:45:00+00:00,1.8811,1.8821,1.8807,1.8815,486150.0
2025-12-23 07:50:00+00:00,1.8815,1.8858,1.8814,1.8831,813026.6
2025-12-23 07:55:00+00:00,1.8832,1.8836,1.8798,1.8801,806993.5
2025-12-23 08:00:00+00:00,1.8801,1.8807,1.8786,1.8795,936631.4
2025-12-23 08:05:00+00:00,1.8794,1.8808,1.8794,1.8808,582170.6
2025-12-23 08:10:00+00:00,1.8808,1.8816,1.8781,1.8793,1217837.8
2025-12-23 08:15:00+00:00,1.8792,1.8807,1.879,1.8793,581517.1
2025-12-23 08:20:00+00:00,1.8793,1.88,1.8782,1.8799,656054.8
2025-12-23 08:25:00+00:00,1.88,1.8814,1.8791,1.8794,711536.6
2025-12-23 08:30:00+00:00,1.8794,1.8807,1.8793,1.8803,430441.7
2025-12-23 08:35:00+00:00,1.8803,1.8807,1.8796,1.8797,408711.8
2025-12-23 08:40:00+00:00,1.8798,1.8801,1.879,1.8796,476731.2
2025-12-23 08:45:00+00:00,1.8796,1.8798,1.8751,1.8753,1122054.2
2025-12-23 08:50:00+00:00,1.8754,1.8768,1.8746,1.8759,830189.2
2025-12-23 08:55:00+00:00,1.8759,1.8771,1.8756,1.8771,393102.5
2025-12-23 09:00:00+00:00,1.8771,1.8803,1.8767,1.8794,935223.2
2025-12-23 09:05:00+00:00,1.8795,1.8817,1.8793,1.8804,1342862.5
2025-12-23 09:10:00+00:00,1.8805,1.8828,1.8802,1.8822,831306.8
2025-12-23 09:15:00+00:00,1.8822,1.884,1.8804,1.881,1369317.8
2025-12-23 09:20:00+00:00,1.881,1.8827,1.8784,1.8811,1647618.3
2025-12-23 09:25:00+00:00,1.8812,1.8837,1.8805,1.8825,1699305.4
2025-12-23 09:30:00+00:00,1.8825,1.8844,1.8815,1.8825,1582928.1
2025-12-23 09:35:00+00:00,1.8824,1.8824,1.8802,1.8809,505393.4
2025-12-23 09:40:00+00:00,1.8808,1.8858,1.8808,1.8846,1890635.0
2025-12-23 09:45:00+00:00,1.8847,1.8857,1.8839,1.8854,790337.4
2025-12-23 09:50:00+00:00,1.8854,1.8867,1.8853,1.8863,696705.2
2025-12-23 09:55:00+00:00,1.8863,1.8864,1.8848,1.8848,673436.5
2025-12-23 10:00:00+00:00,1.8849,1.8897,1.8847,1.8895,1422087.3
2025-12-23 10:05:00+00:00,1.8894,1.8906,1.8882,1.8891,925662.1
2025-12-23 10:10:00+00:00,1.8891,1.8892,1.8875,1.8889,658845.9
2025-12-23 10:15:00+00:00,1.889,1.8891,1.8875,1.8879,427382.3
2025-12-23 10:20:00+00:00,1.8879,1.8912,1.8877,1.8911,872566.4
2025-12-23 10:25:00+00:00,1.8911,1.8934,1.8911,1.8918,959538.5
2025-12-23 10:30:00+00:00,1.8918,1.8925,1.8904,1.8924,1091623.6
2025-12-23 10:35:00+00:00,1.8925,1.8928,1.8912,1.8926,486099.9
2025-12-23 10:40:00+00:00,1.8926,1.8942,1.892,1.8939,1200508.6
2025-12-23 10:45:00+00:00,1.894,1.8995,1.8935,1.8977,3249577.6
2025-12-23 10:50:00+00:00,1.8978,1.8997,1.8962,1.8963,1464459.6
2025-12-23 10:55:00+00:00,1.8962,1.898,1.8957,1.8977,720890.8
2025-12-23 11:00:00+00:00,1.8978,1.9019,1.8976,1.9013,2070872.3
2025-12-23 11:05:00+00:00,1.9013,1.902,1.8975,1.8996,1694805.2
2025-12-23 11:10:00+00:00,1.8997,1.9021,1.8976,1.8997,4205727.6
2025-12-23 11:15:00+00:00,1.8997,1.9021,1.8986,1.9021,1526414.6
2025-12-23 11:20:00+00:00,1.9021,1.9035,1.9009,1.9018,1380659.0
2025-12-23 11:25:00+00:00,1.9018,1.9019,1.8988,1.9,803759.6
2025-12-23 11:30:00+00:00,1.9001,1.9014,1.8983,1.8989,835765.0
2025-12-23 11:35:00+00:00,1.8989,1.9009,1.8984,1.8998,614239.0
2025-12-23 11:40:00+00:00,1.8998,1.9044,1.8996,1.9034,1052076.6
2025-12-23 11:45:00+00:00,1.9035,1.9045,1.9029,1.903,1003666.0
2025-12-23 11:50:00+00:00,1.903,1.904,1.9025,1.9039,430645.4
2025-12-23 11:55:00+00:00,1.9039,1.9046,1.9035,1.9041,1346569.4
2025-12-23 12:00:00+00:00,1.904,1.9042,1.8993,1.8997,2513124.8
2025-12-23 12:05:00+00:00,1.8997,1.9041,1.8997,1.9032,2664303.1
2025-12-23 12:10:00+00:00,1.9032,1.9033,1.8992,1.8996,1010595.8
2025-12-23 12:15:00+00:00,1.8995,1.8997,1.8956,1.8976,2410535.6
2025-12-23 12:20:00+00:00,1.8976,1.9011,1.897,1.9003,1086506.8
2025-12-23 12:25:00+00:00,1.9003,1.9003,1.897,1.8977,1334462.3
2025-12-23 12:30:00+00:00,1.8977,1.9002,1.8959,1.8997,1520810.9
2025-12-23 12:35:00+00:00,1.8998,1.9016,1.8984,1.8992,1035807.5
2025-12-23 12:40:00+00:00,1.8992,1.9008,1.899,1.8991,708653.1
2025-12-23 12:45:00+00:00,1.8991,1.9004,1.8982,1.899,847051.5
2025-12-23 12:50:00+00:00,1.899,1.9,1.8975,1.8999,1077250.5
2025-12-23 12:55:00+00:00,1.8999,1.9023,1.8984,1.8986,676298.7
2025-12-23 13:00:00+00:00,1.8986,1.9005,1.8974,1.9001,876323.1
2025-12-23 13:05:00+00:00,1.9001,1.9004,1.8981,1.8981,575754.2
2025-12-23 13:10:00+00:00,1.8982,1.8982,1.8935,1.8951,1741007.8
2025-12-23 13:15:00+00:00,1.895,1.8956,1.8932,1.8938,861317.4
2025-12-23 13:20:00+00:00,1.8939,1.8939,1.8908,1.8921,1593973.5
2025-12-23 13:25:00+00:00,1.8921,1.8947,1.8909,1.8921,1918772.1
2025-12-23 13:30:00+00:00,1.8922,1.8951,1.8883,1.894,3033815.8
2025-12-23 13:35:00+00:00,1.894,1.894,1.88,1.8848,6201942.6
2025-12-23 13:40:00+00:00,1.8847,1.8893,1.8828,1.8872,1725098.2
2025-12-23 13:45:00+00:00,1.8872,1.8873,1.8786,1.88,6876724.6
2025-12-23 13:50:00+00:00,1.88,1.8812,1.8751,1.8798,5287249.5
2025-12-23 13:55:00+00:00,1.8797,1.8808,1.8764,1.8779,2582646.0
2025-12-23 14:00:00+00:00,1.878,1.8817,1.8766,1.8805,1752468.9
2025-12-23 14:05:00+00:00,1.8804,1.8844,1.8798,1.883,1851356.4
2025-12-23 14:10:00+00:00,1.8831,1.8848,1.8809,1.8809,1806506.5
2025-12-23 14:15:00+00:00,1.8809,1.8809,1.872,1.8762,2989035.7
2025-12-23 14:20:00+00:00,1.8762,1.8777,1.8755,1.8777,922815.6
2025-12-23 14:25:00+00:00,1.8776,1.8785,1.8762,1.8779,864511.5
2025-12-23 14:30:00+00:00,1.878,1.8856,1.8767,1.8825,3177662.3
2025-12-23 14:35:00+00:00,1.8824,1.8831,1.8732,1.8772,3450377.4
2025-12-23 14:40:00+00:00,1.8772,1.8819,1.8749,1.8791,2138367.1
2025-12-23 14:45:00+00:00,1.8791,1.8796,1.8741,1.8758,2080310.8
2025-12-23 14:50:00+00:00,1.8759,1.8785,1.8699,1.8716,6308699.4
2025-12-23 14:55:00+00:00,1.8715,1.8722,1.8616,1.8722,10452476.2
2025-12-23 15:00:00+00:00,1.8721,1.8779,1.8685,1.8773,4143842.6
2025-12-23 15:05:00+00:00,1.8773,1.883,1.8756,1.8806,4936504.3
2025-12-23 15:10:00+00:00,1.8805,1.882,1.8758,1.878,1689533.6
2025-12-23 15:15:00+00:00,1.8781,1.8832,1.8781,1.8827,1885823.7
2025-12-23 15:20:00+00:00,1.8828,1.8943,1.8828,1.8847,9267673.2
2025-12-23 15:25:00+00:00,1.8847,1.8852,1.8818,1.8844,1182717.0
2025-12-23 15:30:00+00:00,1.8843,1.8875,1.8836,1.8847,1752182.4
2025-12-23 15:35:00+00:00,1.8847,1.8852,1.8815,1.8826,1080345.0
2025-12-23 15:40:00+00:00,1.8825,1.8844,1.8795,1.8818,1047022.8
2025-12-23 15:45:00+00:00,1.8818,1.8827,1.8787,1.8809,1314623.3
2025-12-23 15:50:00+00:00,1.8809,1.8836,1.8794,1.8819,1233219.4
2025-12-23 15:55:00+00:00,1.8819,1.8821,1.8796,1.8805,1050120.8
2025-12-23 16:00:00+00:00,1.8805,1.8929,1.8772,1.8905,4204233.1
2025-12-23 16:05:00+00:00,1.8906,1.8914,1.8834,1.8849,2441594.6
2025-12-23 16:10:00+00:00,1.8849,1.886,1.8805,1.885,2859953.7
2025-12-23 16:15:00+00:00,1.8851,1.8905,1.8834,1.8868,2519297.6
2025-12-23 16:20:00+00:00,1.8867,1.8888,1.8845,1.8856,1207374.7
2025-12-23 16:25:00+00:00,1.8855,1.8879,1.884,1.8866,1385701.4
2025-12-23 16:30:00+00:00,1.8866,1.888,1.8826,1.8829,634052.7
2025-12-23 16:35:00+00:00,1.883,1.8844,1.8812,1.8816,939737.6
2025-12-23 16:40:00+00:00,1.8816,1.8851,1.8815,1.8843,696498.5
2025-12-23 16:45:00+00:00,1.8843,1.8877,1.8833,1.8857,1631970.1
2025-12-23 16:50:00+00:00,1.8857,1.8925,1.885,1.889,1902364.2
2025-12-23 16:55:00+00:00,1.889,1.891,1.8889,1.89,750860.8
2025-12-23 17:00:00+00:00,1.89,1.8906,1.8862,1.8892,1241563.9
2025-12-23 17:05:00+00:00,1.8891,1.892,1.8864,1.8864,1112401.0
2025-12-23 17:10:00+00:00,1.8865,1.8874,1.883,1.8839,1456500.0
2025-12-23 17:15:00+00:00,1.884,1.8855,1.8827,1.8849,661652.2
2025-12-23 17:20:00+00:00,1.8848,1.8854,1.8813,1.8841,1614728.9
2025-12-23 17:25:00+00:00,1.8841,1.8843,1.879,1.8797,2207489.3
2025-12-23 17:30:00+00:00,1.8797,1.8825,1.8792,1.8794,810245.3
2025-12-23 17:35:00+00:00,1.8794,1.8802,1.878,1.8798,937871.2
2025-12-23 17:40:00+00:00,1.8797,1.8819,1.8793,1.8813,576111.8
2025-12-23 17:45:00+00:00,1.8813,1.8815,1.878,1.8802,512063.2
2025-12-23 17:50:00+00:00,1.8802,1.8807,1.8717,1.8732,2042311.7
2025-12-23 17:55:00+00:00,1.8731,1.8739,1.8672,1.8683,2143814.1
2025-12-23 18:00:00+00:00,1.8682,1.8726,1.8681,1.8694,2051515.9
2025-12-23 18:05:00+00:00,1.8694,1.8739,1.8694,1.8714,1799161.5
2025-12-23 18:10:00+00:00,1.8714,1.872,1.8663,1.8711,2984388.9
2025-12-23 18:15:00+00:00,1.8711,1.8784,1.87,1.8751,1353765.6
2025-12-23 18:20:00+00:00,1.875,1.8771,1.8736,1.8767,1478995.9
2025-12-23 18:25:00+00:00,1.8767,1.878,1.8754,1.877,1010638.0
2025-12-23 18:30:00+00:00,1.8769,1.8807,1.8756,1.8783,958864.6
2025-12-23 18:35:00+00:00,1.8782,1.8836,1.8776,1.882,2489650.0
2025-12-23 18:40:00+00:00,1.8819,1.8839,1.8805,1.8834,783274.6
2025-12-23 18:45:00+00:00,1.8833,1.8834,1.8794,1.8825,1894248.1
2025-12-23 18:50:00+00:00,1.8825,1.8829,1.8801,1.8801,465971.7
2025-12-23 18:55:00+00:00,1.8801,1.8826,1.88,1.8813,851414.4
2025-12-23 19:00:00+00:00,1.8812,1.8866,1.881,1.8864,1066972.9
2025-12-23 19:05:00+00:00,1.8865,1.8868,1.881,1.8818,1311543.7
2025-12-23 19:10:00+00:00,1.8817,1.8838,1.88,1.8833,626144.8
2025-12-23 19:15:00+00:00,1.8833,1.8867,1.8825,1.8858,708060.5
2025-12-23 19:20:00+00:00,1.8858,1.8859,1.8817,1.8818,764548.1
2025-12-23 19:25:00+00:00,1.8818,1.8829,1.8783,1.8791,2044477.9
2025-12-23 19:30:00+00:00,1.8791,1.8795,1.8773,1.8786,1282896.1
2025-12-23 19:35:00+00:00,1.8786,1.8819,1.8781,1.8818,681520.5
2025-12-23 19:40:00+00:00,1.8817,1.8821,1.8803,1.8817,263683.5
2025-12-23 19:45:00+00:00,1.8816,1.8833,1.8797,1.8816,516668.9
2025-12-23 19:50:00+00:00,1.8816,1.883,1.881,1.8819,394497.9
2025-12-23 19:55:00+00:00,1.8819,1.882,1.8799,1.8816,245632.3
2025-12-23 20:00:00+00:00,1.8817,1.8829,1.8798,1.8813,766543.0
2025-12-23 20:05:00+00:00,1.8813,1.8816,1.8775,1.8794,484614.0
2025-12-23 20:10:00+00:00,1.8794,1.8809,1.8794,1.8805,230983.6
2025-12-23 20:15:00+00:00,1.8806,1.8861,1.8804,1.8855,715815.2
2025-12-23 20:20:00+00:00,1.8856,1.8863,1.8838,1.8855,723797.4
2025-12-23 20:25:00+00:00,1.8854,1.886,1.8842,1.8852,420916.9
2025-12-23 20:30:00+00:00,1.8851,1.8864,1.8838,1.8844,959130.9
2025-12-23 20:35:00+00:00,1.8843,1.8874,1.8822,1.8872,1307287.0
2025-12-23 20:40:00+00:00,1.8871,1.8943,1.8865,1.8902,7114166.6
2025-12-23 20:45:00+00:00,1.8902,1.8937,1.8883,1.8901,2078646.9
2025-12-23 20:50:00+00:00,1.8902,1.8904,1.8848,1.8849,1149767.0
2025-12-23 20:55:00+00:00,1.885,1.8856,1.8763,1.8796,5220967.2
2025-12-23 21:00:00+00:00,1.8797,1.8827,1.8769,1.877,2246044.8
2025-12-23 21:05:00+00:00,1.877,1.8796,1.875,1.8781,2699731.4
2025-12-23 21:10:00+00:00,1.8781,1.8792,1.8771,1.8791,699905.9
2025-12-23 21:15:00+00:00,1.8791,1.883,1.8787,1.8819,813119.6
2025-12-23 21:20:00+00:00,1.882,1.8839,1.8818,1.8836,624557.5
2025-12-23 21:25:00+00:00,1.8835,1.8843,1.8821,1.8823,451604.4
2025-12-23 21:30:00+00:00,1.8823,1.8825,1.8803,1.8809,598230.6
2025-12-23 21:35:00+00:00,1.8809,1.8824,1.8804,1.8804,320464.1
2025-12-23 21:40:00+00:00,1.8804,1.8813,1.879,1.8803,593771.0
2025-12-23 21:45:00+00:00,1.8803,1.8821,1.8797,1.8803,329958.0
2025-12-23 21:50:00+00:00,1.8803,1.8817,1.88,1.8813,429967.5
2025-12-23 21:55:00+00:00,1.8814,1.8824,1.8804,1.8809,384711.9
2025-12-23 22:00:00+00:00,1.8808,1.8822,1.8797,1.8817,851587.9
2025-12-23 22:05:00+00:00,1.8817,1.8832,1.8816,1.8823,536868.0
2025-12-23 22:10:00+00:00,1.8823,1.8823,1.8769,1.8793,1071318.3
2025-12-23 22:15:00+00:00,1.8793,1.8802,1.8766,1.8768,424990.5
2025-12-23 22:20:00+00:00,1.8768,1.8805,1.8766,1.8801,455726.9
2025-12-23 22:25:00+00:00,1.8801,1.8817,1.8758,1.8775,646786.7
2025-12-23 22:30:00+00:00,1.8775,1.8777,1.875,1.8758,777232.6
2025-12-23 22:35:00+00:00,1.8757,1.8785,1.8745,1.8785,1288142.7
2025-12-23 22:40:00+00:00,1.8784,1.8822,1.8779,1.8814,675837.6
2025-12-23 22:45:00+00:00,1.8815,1.8825,1.881,1.8824,299226.9
2025-12-23 22:50:00+00:00,1.8824,1.8825,1.8773,1.8794,333854.6
2025-12-23 22:55:00+00:00,1.8794,1.8795,1.8773,1.8785,523332.2
2025-12-23 23:00:00+00:00,1.8786,1.879,1.8749,1.8777,1473505.3
2025-12-23 23:05:00+00:00,1.8776,1.8783,1.8753,1.8763,525854.5
2025-12-23 23:10:00+00:00,1.8764,1.8769,1.8751,1.8763,413500.3
2025-12-23 23:15:00+00:00,1.8762,1.8762,1.8736,1.8749,1028747.2
2025-12-23 23:20:00+00:00,1.8748,1.8752,1.873,1.8731,1493439.8
2025-12-23 23:25:00+00:00,1.8732,1.8755,1.8709,1.8753,2074778.5
2025-12-23 23:30:00+00:00,1.8752,1.8782,1.8748,1.8761,830925.7
2025-12-23 23:35:00+00:00,1.8761,1.8771,1.8755,1.8756,220784.3
2025-12-23 23:40:00+00:00,1.8756,1.8763,1.8748,1.8758,666289.1
2025-12-23 23:45:00+00:00,1.8758,1.8764,1.874,1.8741,475178.9
2025-12-23 23:50:00+00:00,1.874,1.8746,1.8723,1.8734,573600.3
2025-12-23 23:55:00+00:00,1.8733,1.8743,1.872,1.8725,1174100.8
2025-12-24 00:00:00+00:00,1.8726,1.8741,1.8713,1.8728,2565284.6
2025-12-24 00:05:00+00:00,1.8728,1.8767,1.8725,1.8725,1127084.1
2025-12-24 00:10:00+00:00,1.8725,1.8727,1.8706,1.8721,1164066.4
2025-12-24 00:15:00+00:00,1.872,1.8724,1.87,1.8705,604369.7
2025-12-24 00:20:00+00:00,1.8705,1.8725,1.8696,1.8725,813281.9
2025-12-24 00:25:00+00:00,1.8725,1.8727,1.8699,1.8702,266830.0
2025-12-24 00:30:00+00:00,1.8702,1.8704,1.8684,1.8698,635313.5
2025-12-24 00:35:00+00:00,1.8698,1.8731,1.8693,1.8714,919626.9
2025-12-24 00:40:00+00:00,1.8714,1.8735,1.8707,1.8722,1325091.6
2025-12-24 00:45:00+00:00,1.8722,1.8754,1.8705,1.8708,1011656.1
2025-12-24 00:50:00+00:00,1.8708,1.8734,1.8697,1.8726,1028633.6
2025-12-24 00:55:00+00:00,1.8726,1.8737,1.8718,1.8723,1133299.6
2025-12-24 01:00:00+00:00,1.8724,1.8749,1.8722,1.8727,1079062.2
2025-12-24 01:05:00+00:00,1.8726,1.8775,1.8726,1.875,6419610.8
2025-12-24 01:10:00+00:00,1.875,1.8763,1.8745,1.8763,1908704.9
2025-12-24 01:15:00+00:00,1.8763,1.8764,1.8745,1.8747,879048.7
2025-12-24 01:20:00+00:00,1.8747,1.8767,1.8742,1.8767,485192.6
2025-12-24 01:25:00+00:00,1.8767,1.8774,1.8751,1.8751,627841.3
2025-12-24 01:30:00+00:00,1.8751,1.8751,1.8732,1.8745,726781.3
2025-12-24 01:35:00+00:00,1.8745,1.8772,1.8731,1.8741,1450333.3
2025-12-24 01:40:00+00:00,1.8741,1.875,1.8715,1.8723,936592.9
2025-12-24 01:45:00+00:00,1.8724,1.8726,1.8696,1.8705,1179617.9
2025-12-24 01:50:00+00:00,1.8705,1.8718,1.8698,1.8707,1037947.7
2025-12-24 01:55:00+00:00,1.8707,1.8714,1.8693,1.8696,485763.5
2025-12-24 02:00:00+00:00,1.8697,1.8701,1.862,1.862,3569536.2
2025-12-24 02:05:00+00:00,1.8621,1.8643,1.857,1.8594,4442342.4
2025-12-24 02:10:00+00:00,1.8595,1.8617,1.8593,1.8616,1585025.9
2025-12-24 02:15:00+00:00,1.8617,1.8647,1.8606,1.864,980988.7
2025-12-24 02:20:00+00:00,1.8641,1.8644,1.862,1.8627,811089.9
2025-12-24 02:25:00+00:00,1.8627,1.8645,1.862,1.8631,474878.3
2025-12-24 02:30:00+00:00,1.8631,1.8639,1.8605,1.8619,630925.2
2025-12-24 02:35:00+00:00,1.8618,1.8622,1.8555,1.8561,2031941.2
2025-12-24 02:40:00+00:00,1.856,1.857,1.8493,1.8545,5623225.1
2025-12-24 02:45:00+00:00,1.8546,1.8558,1.8514,1.8519,1652949.3
2025-12-24 02:50:00+00:00,1.8519,1.8561,1.8516,1.8554,1220550.5
2025-12-24 02:55:00+00:00,1.8554,1.8557,1.8533,1.8535,648724.0
2025-12-24 03:00:00+00:00,1.8535,1.8535,1.8465,1.8473,3000315.1
2025-12-24 03:05:00+00:00,1.8472,1.8497,1.8438,1.8463,2757995.8
2025-12-24 03:10:00+00:00,1.8462,1.8474,1.846,1.8471,996159.6
2025-12-24 03:15:00+00:00,1.8471,1.8485,1.846,1.8478,1075640.0
2025-12-24 03:20:00+00:00,1.8477,1.8555,1.8477,1.8545,2163467.3
2025-12-24 03:25:00+00:00,1.8545,1.8555,1.8538,1.8544,770039.6
2025-12-24 03:30:00+00:00,1.8543,1.857,1.8543,1.8556,1254809.7
2025-12-24 03:35:00+00:00,1.8556,1.8594,1.855,1.8577,1828956.5
2025-12-24 03:40:00+00:00,1.8576,1.859,1.8573,1.8588,551165.3
2025-12-24 03:45:00+00:00,1.8588,1.8612,1.8588,1.8602,843798.8
2025-12-24 03:50:00+00:00,1.8602,1.863,1.8601,1.8615,1390378.7
2025-12-24 03:55:00+00:00,1.8614,1.8616,1.86,1.8606,729322.3
2025-12-24 04:00:00+00:00,1.8606,1.8621,1.8589,1.8613,1052039.1
2025-12-24 04:05:00+00:00,1.8612,1.8669,1.8607,1.8667,1708921.2
2025-12-24 04:10:00+00:00,1.8666,1.8667,1.8648,1.8662,1250798.1
2025-12-24 04:15:00+00:00,1.8661,1.8665,1.8624,1.8625,968312.2
2025-12-24 04:20:00+00:00,1.8625,1.8628,1.86,1.8606,1081736.7
2025-12-24 04:25:00+00:00,1.8607,1.8607,1.859,1.8599,457315.6
2025-12-24 04:30:00+00:00,1.8598,1.8598,1.8554,1.8562,2228933.3
2025-12-24 04:35:00+00:00,1.8563,1.8608,1.8554,1.8607,927970.4
2025-12-24 04:40:00+00:00,1.8606,1.863,1.8584,1.8584,853202.1
2025-12-24 04:45:00+00:00,1.8584,1.8597,1.8575,1.8583,545728.6
2025-12-24 04:50:00+00:00,1.8583,1.8584,1.8545,1.8547,1002951.3
2025-12-24 04:55:00+00:00,1.8546,1.8547,1.8527,1.8543,787523.7
2025-12-24 05:00:00+00:00,1.8543,1.8559,1.8538,1.8543,483437.9
2025-12-24 05:05:00+00:00,1.8543,1.8551,1.8532,1.8536,492031.1
2025-12-24 05:10:00+00:00,1.8535,1.8541,1.8518,1.8532,662522.6
2025-12-24 05:15:00+00:00,1.8532,1.8557,1.8524,1.8536,1331955.5
2025-12-24 05:20:00+00:00,1.8536,1.8545,1.8512,1.8542,1576690.0
2025-12-24 05:25:00+00:00,1.8541,1.8566,1.8474,1.8482,4123185.8
2025-12-24 05:30:00+00:00,1.8482,1.8492,1.8443,1.847,3834660.4
2025-12-24 05:35:00+00:00,1.847,1.8478,1.8442,1.8459,2053055.6
2025-12-24 05:40:00+00:00,1.846,1.8469,1.8429,1.8437,1736247.6
2025-12-24 05:45:00+00:00,1.8437,1.8459,1.8423,1.8457,2786401.4
2025-12-24 05:50:00+00:00,1.8458,1.8477,1.8457,1.8464,1207760.3
2025-12-24 05:55:00+00:00,1.8464,1.8473,1.8458,1.8458,565911.6
2025-12-24 06:00:00+00:00,1.8459,1.846,1.839,1.8397,3798936.7
2025-12-24 06:05:00+00:00,1.8398,1.8412,1.8375,1.8392,2669900.2
2025-12-24 06:10:00+00:00,1.8393,1.8402,1.8367,1.8368,1959693.0
2025-12-24 06:15:00+00:00,1.8368,1.8389,1.836,1.8384,1262865.9
2025-12-24 06:20:00+00:00,1.8384,1.844,1.8382,1.8418,1158209.1
2025-12-24 06:25:00+00:00,1.8417,1.8436,1.8415,1.8422,843060.1
2025-12-24 06:30:00+00:00,1.8421,1.8426,1.8403,1.842,624418.8
2025-12-24 06:35:00+00:00,1.8419,1.8464,1.8412,1.8462,1042715.7
2025-12-24 06:40:00+00:00,1.8461,1.8461,1.8437,1.8447,1193744.7
2025-12-24 06:45:00+00:00,1.8446,1.8496,1.8443,1.8492,1788887.8
2025-12-24 06:50:00+00:00,1.8491,1.8523,1.8486,1.8498,1770246.6
2025-12-24 06:55:00+00:00,1.8499,1.8523,1.8487,1.851,1555131.5
2025-12-24 07:00:00+00:00,1.8511,1.8538,1.8504,1.8519,2548198.6
2025-12-24 07:05:00+00:00,1.8519,1.8525,1.8499,1.8521,884325.0
2025-12-24 07:10:00+00:00,1.852,1.8534,1.8514,1.8528,506251.5
2025-12-24 07:15:00+00:00,1.8529,1.8535,1.8498,1.8505,855714.4
2025-12-24 07:20:00+00:00,1.8506,1.8522,1.8501,1.8518,608734.3
2025-12-24 07:25:00+00:00,1.8517,1.8523,1.8506,1.8517,434995.9
2025-12-24 07:30:00+00:00,1.8517,1.8531,1.8511,1.853,386192.1
2025-12-24 07:35:00+00:00,1.853,1.8562,1.8524,1.8556,1278775.9
2025-12-24 07:40:00+00:00,1.8556,1.857,1.8544,1.856,974754.7
2025-12-24 07:45:00+00:00,1.8561,1.8603,1.8553,1.8583,3010290.8
2025-12-24 07:50:00+00:00,1.8584,1.8594,1.8556,1.8564,1196745.0
2025-12-24 07:55:00+00:00,1.8565,1.8577,1.8534,1.8536,757721.8
2025-12-24 08:00:00+00:00,1.8536,1.8576,1.8522,1.8571,1207866.5
2025-12-24 08:05:00+00:00,1.857,1.8571,1.8545,1.8558,552421.1
2025-12-24 08:10:00+00:00,1.8559,1.8573,1.8556,1.8564,472714.2
2025-12-24 08:15:00+00:00,1.8565,1.8592,1.8557,1.8591,1305681.0
2025-12-24 08:20:00+00:00,1.859,1.8616,1.855,1.8551,1846607.4
2025-12-24 08:25:00+00:00,1.855,1.8589,1.855,1.8587,1651251.2
2025-12-24 08:30:00+00:00,1.8587,1.8597,1.8538,1.8547,1537469.7
2025-12-24 08:35:00+00:00,1.8547,1.8568,1.8536,1.8568,643717.1
2025-12-24 08:40:00+00:00,1.8567,1.8574,1.8556,1.8566,337599.8
2025-12-24 08:45:00+00:00,1.8566,1.8576,1.8518,1.852,646268.1
2025-12-24 08:50:00+00:00,1.852,1.8527,1.8508,1.8517,1013760.4
2025-12-24 08:55:00+00:00,1.8518,1.8529,1.8506,1.8518,716000.0
2025-12-24 09:00:00+00:00,1.8519,1.856,1.8519,1.8559,604711.9
2025-12-24 09:05:00+00:00,1.8559,1.8568,1.8548,1.8567,479425.0
2025-12-24 09:10:00+00:00,1.8567,1.8573,1.8555,1.8568,575923.3
2025-12-24 09:15:00+00:00,1.8567,1.8575,1.8543,1.8547,1130254.7
2025-12-24 09:20:00+00:00,1.8547,1.8571,1.8546,1.8559,338898.3
2025-12-24 09:25:00+00:00,1.8558,1.8563,1.8549,1.855,435604.3
2025-12-24 09:30:00+00:00,1.855,1.8561,1.8538,1.8554,535211.5
2025-12-24 09:35:00+00:00,1.8554,1.8556,1.853,1.8536,834560.2
2025-12-24 09:40:00+00:00,1.8536,1.8555,1.8533,1.8547,558779.4
2025-12-24 09:45:00+00:00,1.8547,1.8579,1.8546,1.8576,517458.3
2025-12-24 09:50:00+00:00,1.8576,1.8576,1.8528,1.8537,678944.4
2025-12-24 09:55:00+00:00,1.8538,1.8546,1.8531,1.8532,249872.9
2025-12-24 10:00:00+00:00,1.8532,1.8549,1.8527,1.8539,759689.2
2025-12-24 10:05:00+00:00,1.8539,1.8586,1.8539,1.8583,672954.5
2025-12-24 10:10:00+00:00,1.8584,1.861,1.8574,1.8607,1136361.7
2025-12-24 10:15:00+00:00,1.8607,1.8629,1.8603,1.861,832867.4
2025-12-24 10:20:00+00:00,1.8611,1.864,1.861,1.8631,974043.6
2025-12-24 10:25:00+00:00,1.8631,1.866,1.8616,1.8644,4400194.9
2025-12-24 10:30:00+00:00,1.8644,1.8672,1.8635,1.8666,1387057.7
2025-12-24 10:35:00+00:00,1.8666,1.867,1.8652,1.8668,974280.2
2025-12-24 10:40:00+00:00,1.8667,1.8685,1.8667,1.8673,1218658.8
2025-12-24 10:45:00+00:00,1.8674,1.8681,1.8667,1.8678,843600.9
2025-12-24 10:50:00+00:00,1.8678,1.8689,1.866,1.8661,784395.4
2025-12-24 10:55:00+00:00,1.866,1.8677,1.8641,1.8647,1163308.8
2025-12-24 11:00:00+00:00,1.8647,1.871,1.8646,1.871,1699818.1
2025-12-24 11:05:00+00:00,1.8709,1.8741,1.8697,1.8738,1899712.3
2025-12-24 11:10:00+00:00,1.8739,1.8748,1.8726,1.8736,1283423.7
2025-12-24 11:15:00+00:00,1.8736,1.874,1.8712,1.8723,1038033.5
2025-12-24 11:20:00+00:00,1.8723,1.8729,1.8707,1.8715,503327.0
2025-12-24 11:25:00+00:00,1.8715,1.8723,1.8689,1.8696,2327583.3
2025-12-24 11:30:00+00:00,1.8697,1.8713,1.8691,1.8697,542132.6
2025-12-24 11:35:00+00:00,1.8698,1.8718,1.8695,1.871,297308.4
2025-12-24 11:40:00+00:00,1.871,1.8729,1.8705,1.8722,733709.7
2025-12-24 11:45:00+00:00,1.8721,1.8722,1.8681,1.8683,842518.3
2025-12-24 11:50:00+00:00,1.8683,1.8697,1.8682,1.8695,413437.2
2025-12-24 11:55:00+00:00,1.8694,1.8697,1.867,1.868,614867.3
2025-12-24 12:00:00+00:00,1.8679,1.8683,1.8655,1.8667,1608307.0
2025-12-24 12:05:00+00:00,1.8667,1.8668,1.8647,1.8662,865628.5
2025-12-24 12:10:00+00:00,1.8662,1.8665,1.8634,1.8657,656557.2
2025-12-24 12:15:00+00:00,1.8657,1.8684,1.8621,1.8637,1475127.2
2025-12-24 12:20:00+00:00,1.8636,1.8645,1.8622,1.863,693885.2
2025-12-24 12:25:00+00:00,1.863,1.8654,1.8629,1.8644,752728.8
2025-12-24 12:30:00+00:00,1.8645,1.8672,1.8645,1.8672,441081.5
2025-12-24 12:35:00+00:00,1.8672,1.8697,1.8671,1.8695,1115988.5
2025-12-24 12:40:00+00:00,1.8695,1.871,1.8688,1.869,863957.5
2025-12-24 12:45:00+00:00,1.8691,1.8691,1.866,1.8668,583252.9
2025-12-24 12:50:00+00:00,1.8667,1.8714,1.8667,1.8714,1496573.0
2025-12-24 12:55:00+00:00,1.8714,1.8724,1.8702,1.8708,746480.2
2025-12-24 13:00:00+00:00,1.8708,1.8716,1.87,1.8704,480567.9
2025-12-24 13:05:00+00:00,1.8704,1.8704,1.867,1.8675,709165.8
2025-12-24 13:10:00+00:00,1.8675,1.8678,1.865,1.8662,509613.1
2025-12-24 13:15:00+00:00,1.8663,1.8675,1.8651,1.8674,440491.0
2025-12-24 13:20:00+00:00,1.8674,1.868,1.8664,1.8676,257404.6
2025-12-24 13:25:00+00:00,1.8675,1.868,1.8663,1.8679,447959.3
2025-12-24 13:30:00+00:00,1.868,1.8692,1.8625,1.8637,1616706.5
2025-12-24 13:35:00+00:00,1.8636,1.8653,1.8625,1.865,962485.7
2025-12-24 13:40:00+00:00,1.8651,1.8665,1.8643,1.8657,579633.8
2025-12-24 13:45:00+00:00,1.8657,1.8679,1.8651,1.8675,543593.1
2025-12-24 13:50:00+00:00,1.8674,1.8691,1.8665,1.869,464531.9
2025-12-24 13:55:00+00:00,1.8691,1.8705,1.8682,1.869,553495.6
2025-12-24 14:00:00+00:00,1.869,1.8724,1.8689,1.8717,1392859.9
2025-12-24 14:05:00+00:00,1.8716,1.8735,1.8713,1.873,1464684.8
2025-12-24 14:10:00+00:00,1.873,1.8765,1.8729,1.8763,1554034.8
2025-12-24 14:15:00+00:00,1.8764,1.8768,1.8743,1.8757,1713186.7
2025-12-24 14:20:00+00:00,1.8757,1.8757,1.8701,1.8713,1345486.1
2025-12-24 14:25:00+00:00,1.8713,1.8719,1.8661,1.8668,1550146.4
2025-12-24 14:30:00+00:00,1.8668,1.8679,1.8603,1.8653,2818201.1
2025-12-24 14:35:00+00:00,1.8654,1.8654,1.8506,1.8583,8415735.1
2025-12-24 14:40:00+00:00,1.8583,1.8701,1.8574,1.865,4265161.2
2025-12-24 14:45:00+00:00,1.865,1.8654,1.8594,1.8611,2193402.2
2025-12-24 14:50:00+00:00,1.861,1.8674,1.8586,1.8602,3664250.8
2025-12-24 14:55:00+00:00,1.8602,1.8605,1.8556,1.8581,1730020.5
2025-12-24 15:00:00+00:00,1.8582,1.8637,1.8573,1.8594,1521115.5
2025-12-24 15:05:00+00:00,1.8594,1.8627,1.8563,1.8594,1293190.6
2025-12-24 15:10:00+00:00,1.8594,1.8628,1.859,1.8591,826649.4
2025-12-24 15:15:00+00:00,1.8592,1.8609,1.8566,1.8589,1197188.8
2025-12-24 15:20:00+00:00,1.859,1.8598,1.8514,1.8551,2685057.8
2025-12-24 15:25:00+00:00,1.8552,1.859,1.8537,1.859,1305795.4
2025-12-24 15:30:00+00:00,1.859,1.8688,1.8584,1.8666,4520286.2
2025-12-24 15:35:00+00:00,1.8667,1.8693,1.8627,1.8645,1672708.5
2025-12-24 15:40:00+00:00,1.8645,1.868,1.8643,1.8653,1176688.6
2025-12-24 15:45:00+00:00,1.8653,1.8674,1.861,1.8617,1544553.1
2025-12-24 15:50:00+00:00,1.8618,1.8628,1.8598,1.8609,967009.7
2025-12-24 15:55:00+00:00,1.8609,1.8633,1.8601,1.8626,1597733.9
2025-12-24 16:00:00+00:00,1.8627,1.8676,1.8612,1.8646,1955906.6
2025-12-24 16:05:00+00:00,1.8647,1.8651,1.8609,1.8634,994450.9
2025-12-24 16:10:00+00:00,1.8634,1.8664,1.8624,1.8651,919116.8
2025-12-24 16:15:00+00:00,1.8652,1.8652,1.8624,1.8624,765107.0
2025-12-24 16:20:00+00:00,1.8624,1.8627,1.8582,1.8583,1247897.0
2025-12-24 16:25:00+00:00,1.8583,1.8585,1.8548,1.8565,1356355.8
2025-12-24 16:30:00+00:00,1.8565,1.8709,1.8565,1.8666,4352329.0
2025-12-24 16:35:00+00:00,1.8666,1.8683,1.8632,1.864,2238623.4
2025-12-24 16:40:00+00:00,1.864,1.8693,1.8608,1.8665,2109601.7
2025-12-24 16:45:00+00:00,1.8666,1.867,1.8624,1.8642,1433718.0
2025-12-24 16:50:00+00:00,1.8642,1.8647,1.8598,1.8606,1038922.3
2025-12-24 16:55:00+00:00,1.8605,1.8614,1.8592,1.8607,878071.3
2025-12-24 17:00:00+00:00,1.8606,1.8624,1.8581,1.8612,1885912.9
2025-12-24 17:05:00+00:00,1.8613,1.8689,1.8612,1.8646,2753530.0
2025-12-24 17:10:00+00:00,1.8646,1.8657,1.8638,1.8643,643828.6
2025-12-24 17:15:00+00:00,1.8642,1.8656,1.8631,1.8642,711505.5
2025-12-24 17:20:00+00:00,1.8642,1.8661,1.863,1.8637,799233.3
2025-12-24 17:25:00+00:00,1.8636,1.8667,1.8624,1.8654,583911.4
2025-12-24 17:30:00+00:00,1.8654,1.868,1.8644,1.8652,988663.0
2025-12-24 17:35:00+00:00,1.8651,1.8656,1.8628,1.8634,561976.4
2025-12-24 17:40:00+00:00,1.8635,1.864,1.8561,1.8575,4410950.6
2025-12-24 17:45:00+00:00,1.8575,1.8592,1.8567,1.8578,872459.4
2025-12-24 17:50:00+00:00,1.8578,1.8579,1.8547,1.8562,1302192.2
2025-12-24 17:55:00+00:00,1.8562,1.8564,1.8494,1.85,9132922.5
2025-12-24 18:00:00+00:00,1.85,1.8555,1.8496,1.8521,2013338.4
2025-12-24 18:05:00+00:00,1.8522,1.8543,1.8506,1.8506,1135154.6
2025-12-24 18:10:00+00:00,1.8506,1.8526,1.8479,1.8523,1816956.3
2025-12-24 18:15:00+00:00,1.8523,1.8553,1.8518,1.8544,969873.7
2025-12-24 18:20:00+00:00,1.8544,1.8572,1.8543,1.8556,939537.2
2025-12-24 18:25:00+00:00,1.8557,1.8579,1.8547,1.8548,466456.0
2025-12-24 18:30:00+00:00,1.8548,1.8553,1.8538,1.8544,345809.8
2025-12-24 18:35:00+00:00,1.8544,1.8559,1.8538,1.8559,367362.6
2025-12-24 18:40:00+00:00,1.856,1.8575,1.8551,1.8567,1041322.6
2025-12-24 18:45:00+00:00,1.8567,1.858,1.8561,1.8569,487278.8
2025-12-24 18:50:00+00:00,1.8569,1.8571,1.8542,1.855,369533.4
2025-12-24 18:55:00+00:00,1.855,1.8555,1.8546,1.8552,151287.1
2025-12-24 19:00:00+00:00,1.8552,1.857,1.8541,1.8568,369816.9
2025-12-24 19:05:00+00:00,1.8568,1.8579,1.8566,1.857,269765.8
2025-12-24 19:10:00+00:00,1.857,1.8573,1.8529,1.8537,432021.9
2025-12-24 19:15:00+00:00,1.8537,1.8579,1.8525,1.8564,1879667.0
2025-12-24 19:20:00+00:00,1.8564,1.8568,1.8535,1.8541,361894.6
2025-12-24 19:25:00+00:00,1.8541,1.8568,1.8534,1.8564,676644.1
2025-12-24 19:30:00+00:00,1.8564,1.8573,1.8552,1.8568,389553.6
2025-12-24 19:35:00+00:00,1.8568,1.8584,1.8567,1.8581,398337.8
2025-12-24 19:40:00+00:00,1.8581,1.8593,1.8572,1.8591,242238.9
2025-12-24 19:45:00+00:00,1.8591,1.8611,1.8585,1.8605,950927.2
2025-12-24 19:50:00+00:00,1.8606,1.8617,1.8602,1.8605,408638.8
2025-12-24 19:55:00+00:00,1.8606,1.8617,1.8605,1.861,337188.1
2025-12-24 20:00:00+00:00,1.8609,1.863,1.8609,1.8618,465333.8
2025-12-24 20:05:00+00:00,1.8619,1.8639,1.8609,1.8639,455169.7
2025-12-24 20:10:00+00:00,1.8639,1.8679,1.8636,1.8656,3152134.2
2025-12-24 20:15:00+00:00,1.8656,1.8682,1.8654,1.8665,403507.7
2025-12-24 20:20:00+00:00,1.8665,1.8679,1.8664,1.8664,389976.9
2025-12-24 20:25:00+00:00,1.8664,1.8671,1.8658,1.8661,459387.1
2025-12-24 20:30:00+00:00,1.866,1.8691,1.8658,1.8664,806068.5
2025-12-24 20:35:00+00:00,1.8664,1.8669,1.8655,1.8659,481533.1
2025-12-24 20:40:00+00:00,1.8659,1.866,1.8635,1.8641,1295267.4
2025-12-24 20:45:00+00:00,1.8641,1.8641,1.8614,1.8623,561540.0
2025-12-24 20:50:00+00:00,1.8623,1.8631,1.8615,1.862,225608.8
2025-12-24 20:55:00+00:00,1.862,1.8637,1.8618,1.8637,264742.2
2025-12-24 21:00:00+00:00,1.8637,1.8652,1.8633,1.8642,409118.6
2025-12-24 21:05:00+00:00,1.8642,1.8648,1.8625,1.8631,531309.2
2025-12-24 21:10:00+00:00,1.8631,1.864,1.8618,1.8634,885459.1
2025-12-24 21:15:00+00:00,1.8633,1.8638,1.8617,1.8618,238423.2
2025-12-24 21:20:00+00:00,1.8618,1.8624,1.8614,1.8618,303051.3
2025-12-24 21:25:00+00:00,1.8617,1.8644,1.8615,1.8632,316839.3
2025-12-24 21:30:00+00:00,1.8631,1.865,1.8629,1.8638,306276.6
2025-12-24 21:35:00+00:00,1.8638,1.866,1.8636,1.8643,546278.5
2025-12-24 21:40:00+00:00,1.8643,1.8654,1.8639,1.8647,369466.4
2025-12-24 21:45:00+00:00,1.8647,1.865,1.8624,1.8631,349560.9
2025-12-24 21:50:00+00:00,1.8631,1.8635,1.8622,1.8628,255260.0
2025-12-24 21:55:00+00:00,1.8628,1.8639,1.8616,1.8631,419351.4
2025-12-24 22:00:00+00:00,1.8631,1.8643,1.8624,1.8635,353039.1
2025-12-24 22:05:00+00:00,1.8636,1.8657,1.8634,1.8657,550150.4
2025-12-24 22:10:00+00:00,1.8657,1.8657,1.8601,1.8605,1125865.3
2025-12-24 22:15:00+00:00,1.8604,1.863,1.8601,1.8617,527068.3
2025-12-24 22:20:00+00:00,1.8617,1.8617,1.859,1.8599,426150.9
2025-12-24 22:25:00+00:00,1.8599,1.8612,1.8596,1.86,183784.4
2025-12-24 22:30:00+00:00,1.86,1.8644,1.8589,1.8643,516405.1
2025-12-24 22:35:00+00:00,1.8643,1.8674,1.8643,1.8659,737026.5
2025-12-24 22:40:00+00:00,1.8659,1.8675,1.8658,1.8668,482772.7
2025-12-24 22:45:00+00:00,1.8668,1.8677,1.8666,1.8667,310994.5
2025-12-24 22:50:00+00:00,1.8666,1.868,1.866,1.8675,293393.7
2025-12-24 22:55:00+00:00,1.8674,1.8691,1.8671,1.8688,363721.0
2025-12-24 23:00:00+00:00,1.8687,1.8691,1.8631,1.8644,1434173.0
2025-12-24 23:05:00+00:00,1.8645,1.8646,1.8626,1.8632,579821.9
2025-12-24 23:10:00+00:00,1.8632,1.8651,1.8631,1.8644,370147.4
2025-12-24 23:15:00+00:00,1.8644,1.865,1.8632,1.8636,246210.2
2025-12-24 23:20:00+00:00,1.8636,1.8647,1.8615,1.8618,540809.6
2025-12-24 23:25:00+00:00,1.8618,1.8618,1.8608,1.8611,410548.7
2025-12-24 23:30:00+00:00,1.8611,1.8619,1.861,1.8613,304788.8
2025-12-24 23:35:00+00:00,1.8613,1.8625,1.8612,1.8616,249769.3
2025-12-24 23:40:00+00:00,1.8616,1.8619,1.8605,1.8615,553598.0
2025-12-24 23:45:00+00:00,1.8616,1.863,1.8612,1.8616,557933.4
2025-12-24 23:50:00+00:00,1.8616,1.8625,1.8615,1.8625,208464.8
2025-12-24 23:55:00+00:00,1.8624,1.8627,1.8611,1.8618,303599.3
2025-12-25 00:00:00+00:00,1.8618,1.8619,1.8597,1.8604,1363779.8
2025-12-25 00:05:00+00:00,1.8603,1.8629,1.8601,1.8629,544109.1
2025-12-25 00:10:00+00:00,1.8629,1.863,1.8608,1.8626,290297.1
2025-12-25 00:15:00+00:00,1.8627,1.8649,1.8625,1.8639,643755.6
2025-12-25 00:20:00+00:00,1.8639,1.8641,1.8632,1.8632,390511.3
2025-12-25 00:25:00+00:00,1.8632,1.8632,1.8609,1.8615,288668.2
2025-12-25 00:30:00+00:00,1.8614,1.8643,1.8606,1.8636,524146.4
2025-12-25 00:35:00+00:00,1.8636,1.8647,1.8612,1.8613,424542.1
2025-12-25 00:40:00+00:00,1.8612,1.8625,1.8592,1.8601,673714.0
2025-12-25 00:45:00+00:00,1.8601,1.8613,1.86,1.8603,302946.2
2025-12-25 00:50:00+00:00,1.8602,1.8606,1.8572,1.8575,941141.1
2025-12-25 00:55:00+00:00,1.8575,1.8577,1.8562,1.8571,951327.6
2025-12-25 01:00:00+00:00,1.8571,1.8577,1.8555,1.8567,635224.2
2025-12-25 01:05:00+00:00,1.8568,1.8582,1.8567,1.8575,425121.2
2025-12-25 01:10:00+00:00,1.8575,1.859,1.8573,1.8588,543788.2
2025-12-25 01:15:00+00:00,1.8588,1.859,1.8568,1.858,472043.8
2025-12-25 01:20:00+00:00,1.8579,1.859,1.8567,1.8568,568934.7
2025-12-25 01:25:00+00:00,1.8568,1.859,1.8565,1.8582,524662.6
2025-12-25 01:30:00+00:00,1.8581,1.8588,1.8563,1.8564,274247.3
2025-12-25 01:35:00+00:00,1.8564,1.8582,1.8562,1.8581,199637.4
2025-12-25 01:40:00+00:00,1.8581,1.863,1.8581,1.863,616996.9
2025-12-25 01:45:00+00:00,1.863,1.865,1.8622,1.8643,1370607.3
2025-12-25 01:50:00+00:00,1.8643,1.8655,1.8642,1.8649,323745.1
2025-12-25 01:55:00+00:00,1.8649,1.8661,1.8645,1.865,448084.8
2025-12-25 02:00:00+00:00,1.865,1.8655,1.8625,1.8634,674005.9
2025-12-25 02:05:00+00:00,1.8634,1.8644,1.863,1.8638,274223.5
2025-12-25 02:10:00+00:00,1.8637,1.866,1.8634,1.8654,310876.8
2025-12-25 02:15:00+00:00,1.8655,1.8671,1.8651,1.8652,679175.2
2025-12-25 02:20:00+00:00,1.8652,1.8666,1.864,1.864,345814.6
2025-12-25 02:25:00+00:00,1.8641,1.8669,1.864,1.8667,392009.9
2025-12-25 02:30:00+00:00,1.8667,1.8676,1.8664,1.8669,673351.7
2025-12-25 02:35:00+00:00,1.8669,1.8675,1.8658,1.8674,386203.6
2025-12-25 02:40:00+00:00,1.8674,1.8717,1.867,1.8712,1705343.4
2025-12-25 02:45:00+00:00,1.8711,1.8719,1.8689,1.8689,1148362.1
2025-12-25 02:50:00+00:00,1.8689,1.872,1.8688,1.8702,771341.2
2025-12-25 02:55:00+00:00,1.8702,1.8712,1.8695,1.8703,360631.4
2025-12-25 03:00:00+00:00,1.8703,1.8708,1.8689,1.87,639240.5
2025-12-25 03:05:00+00:00,1.8699,1.8701,1.8661,1.8666,949206.0
2025-12-25 03:10:00+00:00,1.8666,1.8692,1.8666,1.8682,440050.5
2025-12-25 03:15:00+00:00,1.8683,1.8687,1.8668,1.8679,468720.9
2025-12-25 03:20:00+00:00,1.8679,1.8735,1.8679,1.8729,1160521.7
2025-12-25 03:25:00+00:00,1.8729,1.8732,1.8717,1.8725,533927.1
2025-12-25 03:30:00+00:00,1.8725,1.873,1.8714,1.872,913103.1
2025-12-25 03:35:00+00:00,1.872,1.8727,1.8715,1.8724,350268.6
2025-12-25 03:40:00+00:00,1.8724,1.8733,1.8714,1.872,428835.8
2025-12-25 03:45:00+00:00,1.8721,1.8721,1.8701,1.871,404673.5
2025-12-25 03:50:00+00:00,1.8709,1.8713,1.868,1.8695,1535785.3
2025-12-25 03:55:00+00:00,1.8695,1.8698,1.8688,1.8693,194018.0
2025-12-25 04:00:00+00:00,1.8693,1.8697,1.8686,1.8688,414416.3
2025-12-25 04:05:00+00:00,1.8688,1.8704,1.8688,1.8691,351960.2
2025-12-25 04:10:00+00:00,1.8691,1.8698,1.8678,1.8697,463351.3
2025-12-25 04:15:00+00:00,1.8697,1.8719,1.8697,1.8707,388662.1
2025-12-25 04:20:00+00:00,1.8706,1.8735,1.8705,1.873,448621.3
2025-12-25 04:25:00+00:00,1.873,1.8731,1.8701,1.8704,445228.3
2025-12-25 04:30:00+00:00,1.8705,1.8706,1.869,1.8692,360367.4
2025-12-25 04:35:00+00:00,1.8691,1.8701,1.8681,1.8699,280809.4
2025-12-25 04:40:00+00:00,1.87,1.8706,1.8698,1.8704,354687.2
2025-12-25 04:45:00+00:00,1.8705,1.8711,1.8699,1.871,164628.3
2025-12-25 04:50:00+00:00,1.8711,1.8744,1.8709,1.8744,629843.8
2025-12-25 04:55:00+00:00,1.8744,1.8748,1.872,1.8722,420465.9
2025-12-25 05:00:00+00:00,1.8722,1.8733,1.8708,1.8713,299897.0
2025-12-25 05:05:00+00:00,1.8712,1.8714,1.8688,1.8689,1383977.9
2025-12-25 05:10:00+00:00,1.8689,1.8694,1.8675,1.8679,617662.3
2025-12-25 05:15:00+00:00,1.8678,1.8692,1.8674,1.869,451620.0
2025-12-25 05:20:00+00:00,1.869,1.8701,1.8682,1.8685,343263.4
2025-12-25 05:25:00+00:00,1.8686,1.8697,1.8681,1.8691,210149.4
2025-12-25 05:30:00+00:00,1.8691,1.8714,1.8689,1.8695,370421.0
2025-12-25 05:35:00+00:00,1.8694,1.8706,1.8688,1.8694,234893.6
2025-12-25 05:40:00+00:00,1.8694,1.8704,1.8682,1.8704,246666.8
2025-12-25 05:45:00+00:00,1.8704,1.8709,1.87,1.8708,206501.5
2025-12-25 05:50:00+00:00,1.8707,1.8708,1.8691,1.8692,172968.6
2025-12-25 05:55:00+00:00,1.8692,1.8692,1.8679,1.8682,349119.4
2025-12-25 06:00:00+00:00,1.8681,1.8682,1.8671,1.8671,558204.2
2025-12-25 06:05:00+00:00,1.8672,1.8675,1.8653,1.8653,834912.8
2025-12-25 06:10:00+00:00,1.8653,1.8661,1.8653,1.8654,364107.8
2025-12-25 06:15:00+00:00,1.8654,1.869,1.8654,1.8679,376175.4
2025-12-25 06:20:00+00:00,1.8679,1.8704,1.8674,1.8704,280057.0
2025-12-25 06:25:00+00:00,1.8704,1.872,1.8703,1.8709,451888.4
2025-12-25 06:30:00+00:00,1.8709,1.8721,1.8707,1.872,486792.3
2025-12-25 06:35:00+00:00,1.8719,1.8755,1.8719,1.872,1975755.5
2025-12-25 06:40:00+00:00,1.872,1.8735,1.8719,1.8726,222274.2
2025-12-25 06:45:00+00:00,1.8727,1.8752,1.8726,1.8745,474325.8
2025-12-25 06:50:00+00:00,1.8745,1.8745,1.8728,1.8745,350624.2
2025-12-25 06:55:00+00:00,1.8745,1.8762,1.8744,1.8747,804153.5
2025-12-25 07:00:00+00:00,1.8748,1.8756,1.8725,1.8727,635706.5
2025-12-25 07:05:00+00:00,1.8726,1.8738,1.8717,1.8732,603969.0
2025-12-25 07:10:00+00:00,1.8731,1.8744,1.8729,1.874,562681.5
2025-12-25 07:15:00+00:00,1.874,1.8741,1.872,1.8731,414540.9
2025-12-25 07:20:00+00:00,1.8731,1.8734,1.8722,1.8729,221741.8
2025-12-25 07:25:00+00:00,1.8729,1.8734,1.8726,1.873,251801.4
2025-12-25 07:30:00+00:00,1.8729,1.873,1.8718,1.8725,432581.9
2025-12-25 07:35:00+00:00,1.8725,1.8731,1.8714,1.8724,198821.9
2025-12-25 07:40:00+00:00,1.8724,1.8727,1.8722,1.8724,194606.6
2025-12-25 07:45:00+00:00,1.8725,1.8733,1.872,1.872,313234.8
2025-12-25 07:50:00+00:00,1.872,1.8738,1.872,1.8729,322739.0
2025-12-25 07:55:00+00:00,1.873,1.8747,1.8728,1.8735,414551.9
2025-12-25 08:00:00+00:00,1.8735,1.8748,1.8728,1.8737,606263.3
2025-12-25 08:05:00+00:00,1.8736,1.8804,1.8736,1.8773,3579309.3
2025-12-25 08:10:00+00:00,1.8773,1.878,1.8753,1.8771,851205.3
2025-12-25 08:15:00+00:00,1.8771,1.8781,1.8718,1.8718,2067226.8
2025-12-25 08:20:00+00:00,1.8718,1.874,1.8639,1.8665,3362547.6
2025-12-25 08:25:00+00:00,1.8665,1.8694,1.8664,1.8677,1743164.5
2025-12-25 08:30:00+00:00,1.8677,1.8691,1.8659,1.8683,959620.8
2025-12-25 08:35:00+00:00,1.8683,1.8704,1.8674,1.8702,748887.2
2025-12-25 08:40:00+00:00,1.8702,1.8713,1.87,1.8706,427717.5
2025-12-25 08:45:00+00:00,1.8707,1.8714,1.8688,1.8711,395816.2
2025-12-25 08:50:00+00:00,1.8711,1.8742,1.8711,1.8735,918430.6
2025-12-25 08:55:00+00:00,1.8736,1.8743,1.8721,1.8728,478944.5
2025-12-25 09:00:00+00:00,1.8729,1.8729,1.8711,1.8719,498939.9
2025-12-25 09:05:00+00:00,1.8718,1.8718,1.8692,1.8695,441799.9
2025-12-25 09:10:00+00:00,1.8695,1.8698,1.8678,1.8682,966754.8
2025-12-25 09:15:00+00:00,1.8682,1.8689,1.8673,1.8685,462925.5
2025-12-25 09:20:00+00:00,1.8685,1.8685,1.8654,1.8671,884376.9
2025-12-25 09:25:00+00:00,1.867,1.8682,1.8665,1.8666,398377.5
2025-12-25 09:30:00+00:00,1.8666,1.868,1.8657,1.8661,446356.9
2025-12-25 09:35:00+00:00,1.8661,1.8693,1.8661,1.8693,522933.2
2025-12-25 09:40:00+00:00,1.8692,1.8696,1.868,1.8683,265651.4
2025-12-25 09:45:00+00:00,1.8683,1.8735,1.8681,1.8731,638927.7
2025-12-25 09:50:00+00:00,1.8731,1.8735,1.8711,1.8718,652877.2
2025-12-25 09:55:00+00:00,1.8718,1.8719,1.8707,1.871,493306.3
2025-12-25 10:00:00+00:00,1.871,1.871,1.8683,1.8687,510674.8
2025-12-25 10:05:00+00:00,1.8688,1.8688,1.8658,1.8658,744683.8
2025-12-25 10:10:00+00:00,1.8658,1.8659,1.8621,1.8621,1790789.8
2025-12-25 10:15:00+00:00,1.8622,1.8625,1.8606,1.8625,1815911.1
2025-12-25 10:20:00+00:00,1.8626,1.8629,1.8615,1.8625,549789.4
2025-12-25 10:25:00+00:00,1.8626,1.8629,1.8616,1.8618,453216.0
2025-12-25 10:30:00+00:00,1.8619,1.8619,1.8594,1.8605,1162019.1
2025-12-25 10:35:00+00:00,1.8605,1.8606,1.8537,1.8548,4027210.8
2025-12-25 10:40:00+00:00,1.8549,1.8563,1.8524,1.8548,1936457.9
2025-12-25 10:45:00+00:00,1.8547,1.8567,1.8536,1.8547,1142764.7
2025-12-25 10:50:00+00:00,1.8547,1.8561,1.8542,1.8556,572239.2
2025-12-25 10:55:00+00:00,1.8556,1.8571,1.8551,1.8566,545256.1
2025-12-25 11:00:00+00:00,1.8567,1.8596,1.8555,1.8584,1668929.2
2025-12-25 11:05:00+00:00,1.8584,1.8585,1.8576,1.8578,351802.7
2025-12-25 11:10:00+00:00,1.8578,1.8579,1.8563,1.8571,515314.5
2025-12-25 11:15:00+00:00,1.8571,1.8596,1.8566,1.8584,454123.9
2025-12-25 11:20:00+00:00,1.8584,1.86,1.858,1.8588,914290.6
2025-12-25 11:25:00+00:00,1.8589,1.861,1.8588,1.86,310664.4
2025-12-25 11:30:00+00:00,1.8601,1.8636,1.8599,1.8607,1786923.0
2025-12-25 11:35:00+00:00,1.8607,1.8608,1.8579,1.8579,893579.1
2025-12-25 11:40:00+00:00,1.8579,1.8584,1.8566,1.858,688595.1
2025-12-25 11:45:00+00:00,1.858,1.8588,1.8554,1.8562,1298366.4
2025-12-25 11:50:00+00:00,1.8561,1.86,1.8561,1.8597,720070.9
2025-12-25 11:55:00+00:00,1.8597,1.86,1.858,1.858,508197.2
2025-12-25 12:00:00+00:00,1.858,1.8585,1.8563,1.8583,722274.9
2025-12-25 12:05:00+00:00,1.8583,1.8585,1.8564,1.8564,593676.9
2025-12-25 12:10:00+00:00,1.8564,1.8565,1.8542,1.8544,1113295.7
2025-12-25 12:15:00+00:00,1.8543,1.8568,1.8543,1.8563,658628.7
2025-12-25 12:20:00+00:00,1.8563,1.8597,1.8563,1.8586,672135.5
2025-12-25 12:25:00+00:00,1.8587,1.8608,1.8575,1.86,531905.4
2025-12-25 12:30:00+00:00,1.8601,1.8607,1.8593,1.8607,455536.7
2025-12-25 12:35:00+00:00,1.8606,1.8612,1.8597,1.8603,433792.9
2025-12-25 12:40:00+00:00,1.8604,1.8617,1.86,1.8613,871141.3
2025-12-25 12:45:00+00:00,1.8613,1.864,1.8612,1.8635,766279.7
2025-12-25 12:50:00+00:00,1.8635,1.864,1.8623,1.8632,1272164.4
2025-12-25 12:55:00+00:00,1.8631,1.8642,1.863,1.8641,433672.4
2025-12-25 13:00:00+00:00,1.8641,1.8656,1.8635,1.8649,943892.9
2025-12-25 13:05:00+00:00,1.8648,1.8655,1.8639,1.8647,565073.3
2025-12-25 13:10:00+00:00,1.8646,1.8672,1.8643,1.8663,617861.4
2025-12-25 13:15:00+00:00,1.8663,1.867,1.8613,1.862,2738337.9
2025-12-25 13:20:00+00:00,1.8621,1.8643,1.8617,1.8636,1019566.3
2025-12-25 13:25:00+00:00,1.8636,1.8649,1.8635,1.8646,314028.9
2025-12-25 13:30:00+00:00,1.8646,1.865,1.8635,1.8649,445558.2
2025-12-25 13:35:00+00:00,1.865,1.8658,1.8644,1.8651,391342.6
2025-12-25 13:40:00+00:00,1.865,1.8698,1.865,1.868,1075218.7
2025-12-25 13:45:00+00:00,1.868,1.8687,1.8656,1.8679,1247239.4
2025-12-25 13:50:00+00:00,1.868,1.8689,1.8667,1.8676,826448.5
2025-12-25 13:55:00+00:00,1.8676,1.8678,1.8664,1.8675,217879.9
2025-12-25 14:00:00+00:00,1.8675,1.8692,1.8664,1.8672,631639.2
2025-12-25 14:05:00+00:00,1.8671,1.868,1.8651,1.8661,419646.8
2025-12-25 14:10:00+00:00,1.8661,1.8667,1.8647,1.865,763357.3
2025-12-25 14:15:00+00:00,1.8651,1.8665,1.8646,1.8658,491284.3
2025-12-25 14:20:00+00:00,1.8658,1.8671,1.865,1.8656,473938.6
2025-12-25 14:25:00+00:00,1.8657,1.8664,1.8635,1.8647,801317.2
2025-12-25 14:30:00+00:00,1.8648,1.8684,1.8644,1.8665,861062.2
2025-12-25 14:35:00+00:00,1.8664,1.8672,1.8646,1.8651,248309.2
2025-12-25 14:40:00+00:00,1.8651,1.8666,1.8651,1.8659,247167.1
2025-12-25 14:45:00+00:00,1.8659,1.8691,1.8658,1.8681,397828.4
2025-12-25 14:50:00+00:00,1.8681,1.8688,1.8671,1.868,360822.5
2025-12-25 14:55:00+00:00,1.8681,1.8689,1.8672,1.8688,400463.4
2025-12-25 15:00:00+00:00,1.8688,1.8696,1.866,1.866,979835.0
2025-12-25 15:05:00+00:00,1.8661,1.8685,1.8645,1.8676,1917278.0
2025-12-25 15:10:00+00:00,1.8677,1.8697,1.8676,1.8688,576598.2
2025-12-25 15:15:00+00:00,1.8689,1.8694,1.8665,1.8686,422906.0
2025-12-25 15:20:00+00:00,1.8686,1.8716,1.8678,1.8689,1751352.8
2025-12-25 15:25:00+00:00,1.869,1.8762,1.8684,1.8727,3714487.7
2025-12-25 15:30:00+00:00,1.8726,1.8739,1.8702,1.8703,1753231.8
2025-12-25 15:35:00+00:00,1.8703,1.8742,1.8697,1.8732,1150998.0
2025-12-25 15:40:00+00:00,1.8732,1.8819,1.873,1.8801,4274835.7
2025-12-25 15:45:00+00:00,1.8802,1.8827,1.8773,1.8816,5005920.8
2025-12-25 15:50:00+00:00,1.8816,1.8898,1.8813,1.8839,7093569.9
2025-12-25 15:55:00+00:00,1.8839,1.8845,1.8797,1.8822,4012772.2
2025-12-25 16:00:00+00:00,1.8822,1.8827,1.8783,1.8808,2079592.0
2025-12-25 16:05:00+00:00,1.8808,1.8817,1.8782,1.8783,1280910.5
2025-12-25 16:10:00+00:00,1.8782,1.8803,1.8764,1.8793,2801904.3
2025-12-25 16:15:00+00:00,1.8792,1.8822,1.8792,1.8805,1583799.6
2025-12-25 16:20:00+00:00,1.8806,1.8823,1.8788,1.8819,1478084.9
2025-12-25 16:25:00+00:00,1.8818,1.8829,1.8781,1.8784,2016481.3
2025-12-25 16:30:00+00:00,1.8783,1.88,1.8777,1.8782,710128.9
2025-12-25 16:35:00+00:00,1.8782,1.8782,1.874,1.875,1217485.5
2025-12-25 16:40:00+00:00,1.875,1.8761,1.8738,1.8755,535801.3
2025-12-25 16:45:00+00:00,1.8755,1.8759,1.8718,1.8722,1097768.9
2025-12-25 16:50:00+00:00,1.8723,1.8723,1.868,1.8705,1579284.6
2025-12-25 16:55:00+00:00,1.8705,1.8715,1.8704,1.8707,407807.6
2025-12-25 17:00:00+00:00,1.8707,1.8712,1.8674,1.8687,1030174.6
2025-12-25 17:05:00+00:00,1.8687,1.8703,1.8683,1.8698,569688.3
2025-12-25 17:10:00+00:00,1.8699,1.8713,1.8687,1.8689,605321.7
2025-12-25 17:15:00+00:00,1.8689,1.8691,1.8667,1.8674,1222899.0
2025-12-25 17:20:00+00:00,1.8675,1.8691,1.8674,1.8682,385209.1
2025-12-25 17:25:00+00:00,1.8683,1.8685,1.8649,1.8649,1091637.5
2025-12-25 17:30:00+00:00,1.8649,1.8661,1.8639,1.8661,1667599.2
2025-12-25 17:35:00+00:00,1.8661,1.8666,1.8657,1.8665,408054.4
2025-12-25 17:40:00+00:00,1.8666,1.8678,1.8659,1.8667,525253.4
2025-12-25 17:45:00+00:00,1.8666,1.8699,1.8659,1.8699,755321.1
2025-12-25 17:50:00+00:00,1.8699,1.8707,1.8691,1.8706,814470.1
2025-12-25 17:55:00+00:00,1.8706,1.8706,1.8694,1.8695,267155.4
2025-12-25 18:00:00+00:00,1.8695,1.8735,1.8695,1.8716,1046464.1
2025-12-25 18:05:00+00:00,1.8716,1.8729,1.8714,1.8716,596065.7
2025-12-25 18:10:00+00:00,1.8715,1.8726,1.8714,1.8724,272300.5
2025-12-25 18:15:00+00:00,1.8725,1.8725,1.8693,1.8693,560953.8
2025-12-25 18:20:00+00:00,1.8693,1.8708,1.8692,1.8708,384393.9
2025-12-25 18:25:00+00:00,1.8707,1.8715,1.8701,1.8703,229400.8
2025-12-25 18:30:00+00:00,1.8702,1.8715,1.8694,1.8694,272019.3
2025-12-25 18:35:00+00:00,1.8695,1.8706,1.8681,1.8705,274673.0
2025-12-25 18:40:00+00:00,1.8705,1.8749,1.8704,1.8713,1621269.1
2025-12-25 18:45:00+00:00,1.8712,1.8739,1.8709,1.873,683420.0
2025-12-25 18:50:00+00:00,1.8729,1.8735,1.872,1.8726,260571.4
2025-12-25 18:55:00+00:00,1.8727,1.873,1.8724,1.8726,85950.2
2025-12-25 19:00:00+00:00,1.8726,1.8729,1.8716,1.8718,240088.9
2025-12-25 19:05:00+00:00,1.8719,1.8722,1.8714,1.8721,235260.4
2025-12-25 19:10:00+00:00,1.8721,1.8728,1.872,1.8723,236628.5
2025-12-25 19:15:00+00:00,1.8724,1.8728,1.8697,1.8698,260410.6
2025-12-25 19:20:00+00:00,1.8699,1.8711,1.8697,1.8704,307192.8
2025-12-25 19:25:00+00:00,1.8703,1.8705,1.8693,1.8698,385502.5
2025-12-25 19:30:00+00:00,1.8698,1.8713,1.8694,1.8712,424774.8
2025-12-25 19:35:00+00:00,1.8712,1.8716,1.8699,1.8699,142440.9
2025-12-25 19:40:00+00:00,1.8699,1.8729,1.8699,1.8717,338372.4
2025-12-25 19:45:00+00:00,1.8717,1.8718,1.87,1.8707,210413.5
2025-12-25 19:50:00+00:00,1.8707,1.8713,1.8706,1.8713,184161.1
2025-12-25 19:55:00+00:00,1.8713,1.8723,1.8712,1.8722,117097.0
2025-12-25 20:00:00+00:00,1.8723,1.8726,1.869,1.8696,566139.3
2025-12-25 20:05:00+00:00,1.8697,1.8707,1.8696,1.8706,173377.3
2025-12-25 20:10:00+00:00,1.8705,1.8712,1.87,1.8704,225334.2
2025-12-25 20:15:00+00:00,1.8703,1.8707,1.8687,1.8691,377971.1
2025-12-25 20:20:00+00:00,1.8692,1.8693,1.868,1.8681,295299.5
2025-12-25 20:25:00+00:00,1.8681,1.8682,1.8641,1.8653,1123459.8
2025-12-25 20:30:00+00:00,1.8652,1.8666,1.8642,1.8657,596417.1
2025-12-25 20:35:00+00:00,1.8657,1.866,1.8641,1.8644,543206.8
2025-12-25 20:40:00+00:00,1.8644,1.8648,1.8636,1.8648,575203.0
2025-12-25 20:45:00+00:00,1.8648,1.8678,1.8648,1.8673,551477.2
2025-12-25 20:50:00+00:00,1.8672,1.8688,1.8672,1.8681,389039.8
2025-12-25 20:55:00+00:00,1.8681,1.8681,1.8668,1.8677,284213.5
2025-12-25 21:00:00+00:00,1.8677,1.8678,1.8662,1.8672,529455.6
2025-12-25 21:05:00+00:00,1.8672,1.8675,1.8655,1.8668,437579.5
2025-12-25 21:10:00+00:00,1.8667,1.8686,1.8667,1.8682,534752.4
2025-12-25 21:15:00+00:00,1.8681,1.8681,1.8654,1.8664,764745.7
2025-12-25 21:20:00+00:00,1.8664,1.867,1.8655,1.866,650348.8
2025-12-25 21:25:00+00:00,1.866,1.8679,1.8656,1.8678,333403.9
2025-12-25 21:30:00+00:00,1.8678,1.8678,1.8659,1.8659,151415.7
2025-12-25 21:35:00+00:00,1.8659,1.867,1.8659,1.8668,335229.1
2025-12-25 21:40:00+00:00,1.8669,1.8669,1.8656,1.8665,225037.9
2025-12-25 21:45:00+00:00,1.8665,1.8665,1.8655,1.8655,156026.9
2025-12-25 21:50:00+00:00,1.8656,1.8665,1.8649,1.865,257770.0
2025-12-25 21:55:00+00:00,1.8649,1.8651,1.8632,1.8644,1041675.6
2025-12-25 22:00:00+00:00,1.8644,1.8649,1.8618,1.8625,1862833.4
2025-12-25 22:05:00+00:00,1.8624,1.8625,1.8575,1.8594,2422200.8
2025-12-25 22:10:00+00:00,1.8594,1.8615,1.8589,1.8595,787796.4
2025-12-25 22:15:00+00:00,1.8595,1.8613,1.8581,1.8603,500163.2
2025-12-25 22:20:00+00:00,1.8603,1.8604,1.8584,1.8591,288766.9
2025-12-25 22:25:00+00:00,1.859,1.8603,1.8584,1.86,469806.0
2025-12-25 22:30:00+00:00,1.8599,1.861,1.8592,1.8609,555284.7
2025-12-25 22:35:00+00:00,1.8609,1.8611,1.86,1.8601,280472.7
2025-12-25 22:40:00+00:00,1.8601,1.8607,1.8552,1.8563,1848438.2
2025-12-25 22:45:00+00:00,1.8563,1.8563,1.839,1.8439,10657952.2
2025-12-25 22:50:00+00:00,1.8438,1.8471,1.8386,1.8426,4369577.1
2025-12-25 22:55:00+00:00,1.8427,1.8473,1.8422,1.8447,1794327.0
2025-12-25 23:00:00+00:00,1.8446,1.8448,1.8386,1.8422,2903537.1
2025-12-25 23:05:00+00:00,1.8422,1.8478,1.842,1.8467,2360447.6
2025-12-25 23:10:00+00:00,1.8467,1.8503,1.8459,1.847,1334567.6
2025-12-25 23:15:00+00:00,1.8469,1.8473,1.8441,1.8461,922853.8
2025-12-25 23:20:00+00:00,1.8461,1.8462,1.8403,1.8411,1450697.3
2025-12-25 23:25:00+00:00,1.841,1.8432,1.841,1.8417,1167343.8
2025-12-25 23:30:00+00:00,1.8416,1.8416,1.831,1.835,6303992.0
2025-12-25 23:35:00+00:00,1.835,1.8354,1.8274,1.831,6193752.3
2025-12-25 23:40:00+00:00,1.8309,1.835,1.8299,1.8316,1829672.4
2025-12-25 23:45:00+00:00,1.8315,1.8317,1.8278,1.8314,3120727.6
2025-12-25 23:50:00+00:00,1.8314,1.8346,1.8291,1.8319,2615988.6
2025-12-25 23:55:00+00:00,1.8319,1.8338,1.8306,1.8315,1195515.3
2025-12-26 00:00:00+00:00,1.8314,1.8344,1.8303,1.8343,1589779.4
2025-12-26 00:05:00+00:00,1.8343,1.8357,1.826,1.8262,2951193.0
2025-12-26 00:10:00+00:00,1.8263,1.8291,1.8235,1.8287,3912245.0
2025-12-26 00:15:00+00:00,1.8286,1.8286,1.8234,1.8241,1287195.4
2025-12-26 00:20:00+00:00,1.8241,1.8329,1.824,1.8324,1472683.9
2025-12-26 00:25:00+00:00,1.8323,1.836,1.8257,1.8288,1920697.4
2025-12-26 00:30:00+00:00,1.8289,1.8325,1.8289,1.8317,818017.7
2025-12-26 00:35:00+00:00,1.8317,1.8324,1.8272,1.8309,1770160.5
2025-12-26 00:40:00+00:00,1.8308,1.8313,1.824,1.8279,1950726.0
2025-12-26 00:45:00+00:00,1.8279,1.8308,1.8279,1.8292,936916.0
2025-12-26 00:50:00+00:00,1.8292,1.8312,1.8279,1.8294,888561.8
2025-12-26 00:55:00+00:00,1.8295,1.8309,1.8282,1.8308,709612.9
2025-12-26 01:00:00+00:00,1.8308,1.8336,1.8285,1.8326,1269727.4
2025-12-26 01:05:00+00:00,1.8326,1.8359,1.8325,1.8351,1280319.7
2025-12-26 01:10:00+00:00,1.8351,1.8366,1.832,1.8362,2264482.5
2025-12-26 01:15:00+00:00,1.8361,1.8372,1.8335,1.8341,1119228.4
2025-12-26 01:20:00+00:00,1.8341,1.8362,1.8328,1.8361,987905.7
2025-12-26 01:25:00+00:00,1.8362,1.8377,1.8342,1.8374,2163767.8
2025-12-26 01:30:00+00:00,1.8373,1.8378,1.8353,1.8367,681906.0
2025-12-26 01:35:00+00:00,1.8366,1.8381,1.8362,1.8377,575603.7
2025-12-26 01:40:00+00:00,1.8378,1.8385,1.8368,1.8376,562517.2
2025-12-26 01:45:00+00:00,1.8376,1.8387,1.8358,1.837,525802.1
2025-12-26 01:50:00+00:00,1.837,1.8385,1.8357,1.8358,552475.4
2025-12-26 01:55:00+00:00,1.8357,1.8373,1.8348,1.8352,397497.4
2025-12-26 02:00:00+00:00,1.8352,1.8368,1.8333,1.8354,934105.5
2025-12-26 02:05:00+00:00,1.8353,1.8371,1.8322,1.837,905069.4
2025-12-26 02:10:00+00:00,1.837,1.8576,1.8362,1.8574,8424777.8
2025-12-26 02:15:00+00:00,1.8574,1.8686,1.8573,1.8654,15492154.8
2025-12-26 02:20:00+00:00,1.8655,1.876,1.8655,1.873,10501476.9
2025-12-26 02:25:00+00:00,1.873,1.8777,1.8685,1.8705,6289974.3
2025-12-26 02:30:00+00:00,1.8706,1.8803,1.8706,1.8718,5628315.8
2025-12-26 02:35:00+00:00,1.8718,1.8782,1.8683,1.8699,3355934.6
2025-12-26 02:40:00+00:00,1.8698,1.8729,1.8698,1.8715,2619067.7
2025-12-26 02:45:00+00:00,1.8716,1.8747,1.8688,1.8705,2935991.5
2025-12-26 02:50:00+00:00,1.8704,1.8722,1.8681,1.8722,2473980.1
2025-12-26 02:55:00+00:00,1.8721,1.8728,1.8657,1.8688,2440587.7
2025-12-26 03:00:00+00:00,1.8689,1.8728,1.8657,1.8658,1778648.4
2025-12-26 03:05:00+00:00,1.8658,1.8696,1.8652,1.8679,1757820.6
2025-12-26 03:10:00+00:00,1.8679,1.8732,1.8663,1.8684,2654824.6
2025-12-26 03:15:00+00:00,1.8684,1.8687,1.8638,1.8652,1937136.8
2025-12-26 03:20:00+00:00,1.8652,1.8677,1.8598,1.8657,2990648.3
2025-12-26 03:25:00+00:00,1.8658,1.8658,1.8619,1.8622,1039860.2
2025-12-26 03:30:00+00:00,1.8622,1.8636,1.8587,1.8604,1686954.0
2025-12-26 03:35:00+00:00,1.8603,1.8628,1.8585,1.8595,1181768.2
2025-12-26 03:40:00+00:00,1.8595,1.8619,1.8584,1.8619,754506.6
2025-12-26 03:45:00+00:00,1.8618,1.8671,1.8618,1.8646,1957031.0
2025-12-26 03:50:00+00:00,1.8646,1.866,1.8631,1.8635,851380.4
2025-12-26 03:55:00+00:00,1.8636,1.8653,1.8622,1.864,822091.8
2025-12-26 04:00:00+00:00,1.8639,1.8642,1.8554,1.8556,3005754.4
2025-12-26 04:05:00+00:00,1.8555,1.856,1.8543,1.856,1089570.7
2025-12-26 04:10:00+00:00,1.856,1.8574,1.856,1.8568,581715.8
2025-12-26 04:15:00+00:00,1.8569,1.861,1.8565,1.8596,1612712.9
2025-12-26 04:20:00+00:00,1.8596,1.8599,1.8545,1.8552,1369039.2
2025-12-26 04:25:00+00:00,1.8552,1.8589,1.8551,1.8587,1014897.5
2025-12-26 04:30:00+00:00,1.8586,1.8623,1.8579,1.861,938657.4
2025-12-26 04:35:00+00:00,1.8611,1.8625,1.861,1.8624,415529.1
2025-12-26 04:40:00+00:00,1.8624,1.8686,1.862,1.8675,1774226.7
2025-12-26 04:45:00+00:00,1.8676,1.87,1.8653,1.8653,1588988.8
2025-12-26 04:50:00+00:00,1.8654,1.8669,1.8644,1.8668,325521.2
2025-12-26 04:55:00+00:00,1.8668,1.8669,1.8644,1.8653,588868.4
2025-12-26 05:00:00+00:00,1.8654,1.867,1.8637,1.8654,555124.0
2025-12-26 05:05:00+00:00,1.8654,1.8672,1.8648,1.8657,264627.1
2025-12-26 05:10:00+00:00,1.8658,1.8673,1.8639,1.8652,600894.5
2025-12-26 05:15:00+00:00,1.8651,1.8654,1.8632,1.8634,652014.4
2025-12-26 05:20:00+00:00,1.8635,1.8654,1.8635,1.864,255205.9
2025-12-26 05:25:00+00:00,1.864,1.8645,1.8629,1.8643,447443.5
2025-12-26 05:30:00+00:00,1.8643,1.8657,1.8634,1.8643,794539.3
2025-12-26 05:35:00+00:00,1.8644,1.8663,1.8637,1.8663,479246.6
2025-12-26 05:40:00+00:00,1.8663,1.8695,1.8662,1.8694,769921.1
2025-12-26 05:45:00+00:00,1.8694,1.8716,1.869,1.8703,852195.1
2025-12-26 05:50:00+00:00,1.8703,1.8703,1.8667,1.8683,965542.0
2025-12-26 05:55:00+00:00,1.8684,1.8704,1.8683,1.8688,592643.6
2025-12-26 06:00:00+00:00,1.8688,1.8719,1.8685,1.8707,1750118.8
2025-12-26 06:05:00+00:00,1.8706,1.8707,1.8683,1.8692,560168.8
2025-12-26 06:10:00+00:00,1.8692,1.8743,1.8683,1.8713,1522365.9
2025-12-26 06:15:00+00:00,1.8714,1.8736,1.8714,1.8733,1204645.7
2025-12-26 06:20:00+00:00,1.8734,1.8736,1.8704,1.8711,926990.4
2025-12-26 06:25:00+00:00,1.8711,1.8711,1.8699,1.8701,562683.1
2025-12-26 06:30:00+00:00,1.8701,1.8709,1.8684,1.869,742363.1
2025-12-26 06:35:00+00:00,1.8689,1.8775,1.8686,1.8766,7203704.4
2025-12-26 06:40:00+00:00,1.8765,1.8774,1.8753,1.8769,1286234.8
2025-12-26 06:45:00+00:00,1.8769,1.8769,1.873,1.8749,2138375.9
2025-12-26 06:50:00+00:00,1.8748,1.8761,1.8745,1.8745,490787.3
2025-12-26 06:55:00+00:00,1.8745,1.8753,1.8725,1.874,722499.6
2025-12-26 07:00:00+00:00,1.874,1.8784,1.8739,1.8771,1335592.8
2025-12-26 07:05:00+00:00,1.8771,1.8785,1.8768,1.8776,639530.6
2025-12-26 07:10:00+00:00,1.8776,1.8811,1.8762,1.8811,2383741.4
2025-12-26 07:15:00+00:00,1.8812,1.8822,1.8795,1.8798,1417750.1
2025-12-26 07:20:00+00:00,1.8797,1.882,1.8769,1.8803,1539501.5
2025-12-26 07:25:00+00:00,1.8803,1.8824,1.8797,1.8803,1222676.1
2025-12-26 07:30:00+00:00,1.8804,1.8806,1.8758,1.8764,1814985.9
2025-12-26 07:35:00+00:00,1.8765,1.8775,1.8692,1.8697,3182699.1
2025-12-26 07:40:00+00:00,1.8698,1.8721,1.8684,1.8687,1432481.3
2025-12-26 07:45:00+00:00,1.8686,1.8694,1.8648,1.8657,1925236.2
2025-12-26 07:50:00+00:00,1.8657,1.8662,1.8637,1.8644,1386449.6
2025-12-26 07:55:00+00:00,1.8643,1.865,1.861,1.8634,1729730.5
2025-12-26 08:00:00+00:00,1.8634,1.8689,1.8628,1.8646,3193859.3
2025-12-26 08:05:00+00:00,1.8646,1.8657,1.8627,1.8632,1358482.2
2025-12-26 08:10:00+00:00,1.8632,1.8675,1.8623,1.8665,803759.3
2025-12-26 08:15:00+00:00,1.8665,1.868,1.8653,1.8661,745340.5
2025-12-26 08:20:00+00:00,1.8662,1.87,1.8657,1.8687,1048847.0
2025-12-26 08:25:00+00:00,1.8687,1.8689,1.8663,1.8667,737720.2
2025-12-26 08:30:00+00:00,1.8668,1.8668,1.8635,1.8649,574994.4
2025-12-26 08:35:00+00:00,1.865,1.865,1.863,1.8634,496633.8
2025-12-26 08:40:00+00:00,1.8634,1.8639,1.8626,1.863,447560.7
2025-12-26 08:45:00+00:00,1.863,1.8632,1.8618,1.8629,632697.5
2025-12-26 08:50:00+00:00,1.8628,1.8654,1.8628,1.8651,421573.1
2025-12-26 08:55:00+00:00,1.8652,1.8664,1.8649,1.8663,341294.3
2025-12-26 09:00:00+00:00,1.8664,1.8686,1.866,1.8683,634882.9
2025-12-26 09:05:00+00:00,1.8684,1.8687,1.8662,1.8685,685634.6
2025-12-26 09:10:00+00:00,1.8686,1.8705,1.8685,1.8698,801791.2
2025-12-26 09:15:00+00:00,1.8699,1.8708,1.869,1.869,508177.6
2025-12-26 09:20:00+00:00,1.8691,1.8719,1.8687,1.87,1358707.5
2025-12-26 09:25:00+00:00,1.87,1.8701,1.8685,1.8695,366136.5
2025-12-26 09:30:00+00:00,1.8696,1.8728,1.8695,1.8727,579214.0
2025-12-26 09:35:00+00:00,1.8728,1.8728,1.8707,1.8709,652243.8
2025-12-26 09:40:00+00:00,1.8709,1.873,1.8709,1.8729,198874.0
2025-12-26 09:45:00+00:00,1.873,1.8763,1.8726,1.8758,2420859.9
2025-12-26 09:50:00+00:00,1.8758,1.877,1.8745,1.8761,1726077.7
2025-12-26 09:55:00+00:00,1.8762,1.8769,1.8756,1.876,472252.8
2025-12-26 10:00:00+00:00,1.8759,1.8773,1.8746,1.8757,741170.5
2025-12-26 10:05:00+00:00,1.8756,1.8766,1.8736,1.8746,803556.6
2025-12-26 10:10:00+00:00,1.8745,1.8755,1.8741,1.8741,356081.5
2025-12-26 10:15:00+00:00,1.8741,1.8742,1.8722,1.8737,1070200.6
2025-12-26 10:20:00+00:00,1.8737,1.8738,1.8717,1.8732,605795.0
2025-12-26 10:25:00+00:00,1.8731,1.8776,1.8726,1.8772,1890570.8
2025-12-26 10:30:00+00:00,1.8773,1.8783,1.8745,1.8766,1348743.7
2025-12-26 10:35:00+00:00,1.8765,1.8772,1.8759,1.8767,473202.1
2025-12-26 10:40:00+00:00,1.8767,1.8767,1.8752,1.8761,437526.2
2025-12-26 10:45:00+00:00,1.8761,1.8796,1.8761,1.8783,1084125.9
2025-12-26 10:50:00+00:00,1.8783,1.88,1.8767,1.8797,1062970.9
2025-12-26 10:55:00+00:00,1.8797,1.8797,1.8776,1.8781,475508.3
2025-12-26 11:00:00+00:00,1.8782,1.8782,1.8757,1.8762,536198.7
2025-12-26 11:05:00+00:00,1.8762,1.8773,1.8757,1.8766,349392.1
2025-12-26 11:10:00+00:00,1.8765,1.8765,1.8748,1.8751,505054.2
2025-12-26 11:15:00+00:00,1.8752,1.8755,1.8738,1.875,642674.2
2025-12-26 11:20:00+00:00,1.8749,1.8749,1.8721,1.8735,988002.8
2025-12-26 11:25:00+00:00,1.8736,1.874,1.8722,1.8727,878090.7
2025-12-26 11:30:00+00:00,1.8728,1.874,1.8712,1.8712,608843.2
2025-12-26 11:35:00+00:00,1.8713,1.8728,1.871,1.8719,1233804.7
2025-12-26 11:40:00+00:00,1.8719,1.8726,1.8711,1.8716,375777.4
2025-12-26 11:45:00+00:00,1.8715,1.8724,1.8699,1.8714,776760.2
2025-12-26 11:50:00+00:00,1.8714,1.8727,1.8714,1.8722,218477.9
2025-12-26 11:55:00+00:00,1.8722,1.8723,1.8703,1.8706,609253.2
2025-12-26 12:00:00+00:00,1.8706,1.8726,1.8701,1.8718,726444.4
2025-12-26 12:05:00+00:00,1.8718,1.8727,1.8712,1.872,409623.1
2025-12-26 12:10:00+00:00,1.872,1.8727,1.8713,1.8713,603656.8
2025-12-26 12:15:00+00:00,1.8714,1.8728,1.87,1.8712,587821.0
2025-12-26 12:20:00+00:00,1.8711,1.8726,1.8693,1.8725,640372.6
2025-12-26 12:25:00+00:00,1.8725,1.8734,1.8715,1.8715,426097.5
2025-12-26 12:30:00+00:00,1.8715,1.8717,1.8701,1.8717,438081.1
2025-12-26 12:35:00+00:00,1.8717,1.8721,1.8704,1.8712,347219.4
2025-12-26 12:40:00+00:00,1.8712,1.8725,1.8707,1.8718,669270.2
2025-12-26 12:45:00+00:00,1.8719,1.8726,1.8707,1.8717,641713.8
2025-12-26 12:50:00+00:00,1.8717,1.8721,1.8703,1.8715,1013845.7
2025-12-26 12:55:00+00:00,1.8714,1.8718,1.8713,1.8715,178118.0
2025-12-26 13:00:00+00:00,1.8716,1.8717,1.8678,1.8701,1336613.5
2025-12-26 13:05:00+00:00,1.8702,1.8724,1.8695,1.8722,562112.9
2025-12-26 13:10:00+00:00,1.8722,1.8754,1.8722,1.8749,1395031.7
2025-12-26 13:15:00+00:00,1.8749,1.8749,1.8734,1.8747,364664.2
2025-12-26 13:20:00+00:00,1.8748,1.8757,1.8727,1.8753,451002.6
2025-12-26 13:25:00+00:00,1.8754,1.8754,1.8727,1.8732,443217.6
2025-12-26 13:30:00+00:00,1.8733,1.8747,1.8719,1.8746,532855.4
2025-12-26 13:35:00+00:00,1.8746,1.8767,1.873,1.8764,1600263.8
2025-12-26 13:40:00+00:00,1.8764,1.8778,1.8758,1.8761,1576141.8
2025-12-26 13:45:00+00:00,1.8762,1.8788,1.8755,1.8783,855728.8
2025-12-26 13:50:00+00:00,1.8782,1.8789,1.8752,1.8777,2630778.4
2025-12-26 13:55:00+00:00,1.8778,1.8785,1.8771,1.8772,705943.5
2025-12-26 14:00:00+00:00,1.8773,1.8776,1.8751,1.8767,1134411.4
2025-12-26 14:05:00+00:00,1.8766,1.8766,1.874,1.8743,933453.8
2025-12-26 14:10:00+00:00,1.8743,1.8761,1.8727,1.8758,2316089.6
2025-12-26 14:15:00+00:00,1.8759,1.8769,1.874,1.8769,1623442.0
2025-12-26 14:20:00+00:00,1.8769,1.8774,1.8758,1.8768,452608.6
2025-12-26 14:25:00+00:00,1.8767,1.877,1.8735,1.8735,484182.6
2025-12-26 14:30:00+00:00,1.8736,1.8748,1.8687,1.8695,5731646.4
2025-12-26 14:35:00+00:00,1.8695,1.8712,1.8643,1.8647,3739039.7
2025-12-26 14:40:00+00:00,1.8647,1.8668,1.8597,1.8628,4684900.2
2025-12-26 14:45:00+00:00,1.8627,1.8629,1.8509,1.8536,8952676.4
2025-12-26 14:50:00+00:00,1.8536,1.854,1.8431,1.8456,12862178.9
2025-12-26 14:55:00+00:00,1.8455,1.846,1.8415,1.8431,7072458.0
2025-12-26 15:00:00+00:00,1.843,1.8431,1.828,1.8398,19999818.0
2025-12-26 15:05:00+00:00,1.8399,1.8404,1.8333,1.8371,7795156.3
2025-12-26 15:10:00+00:00,1.8371,1.8371,1.829,1.8292,8273078.9
2025-12-26 15:15:00+00:00,1.8291,1.8342,1.8249,1.8312,8539932.8
2025-12-26 15:20:00+00:00,1.8313,1.8378,1.8285,1.8353,5421107.4
2025-12-26 15:25:00+00:00,1.8352,1.8361,1.8321,1.8358,3231024.8
2025-12-26 15:30:00+00:00,1.8358,1.8405,1.8341,1.8378,5152964.3
2025-12-26 15:35:00+00:00,1.8378,1.8384,1.8325,1.8329,4211215.4
2025-12-26 15:40:00+00:00,1.833,1.8343,1.8311,1.8332,3717033.0
2025-12-26 15:45:00+00:00,1.8332,1.8379,1.8318,1.8354,3721539.7
2025-12-26 15:50:00+00:00,1.8353,1.8362,1.8306,1.8309,4204785.7
2025-12-26 15:55:00+00:00,1.831,1.8366,1.83,1.8366,4744596.4
2025-12-26 16:00:00+00:00,1.8367,1.8449,1.8351,1.8445,4605779.4
2025-12-26 16:05:00+00:00,1.8445,1.8445,1.8398,1.8435,3258140.0
2025-12-26 16:10:00+00:00,1.8435,1.8435,1.8392,1.84,1656779.6
2025-12-26 16:15:00+00:00,1.84,1.8441,1.84,1.8441,1440010.1
2025-12-26 16:20:00+00:00,1.844,1.8457,1.8424,1.8434,1528485.2
2025-12-26 16:25:00+00:00,1.8434,1.8434,1.8389,1.8404,1561781.9
2025-12-26 16:30:00+00:00,1.8404,1.8436,1.8387,1.8391,1625071.1
2025-12-26 16:35:00+00:00,1.839,1.8437,1.8384,1.8417,1212811.9
2025-12-26 16:40:00+00:00,1.8418,1.8438,1.8411,1.842,881931.7
2025-12-26 16:45:00+00:00,1.842,1.8438,1.8399,1.8432,1279649.3
2025-12-26 16:50:00+00:00,1.8432,1.8435,1.8401,1.8422,698541.4
2025-12-26 16:55:00+00:00,1.8421,1.8422,1.8323,1.8334,4098412.4
2025-12-26 17:00:00+00:00,1.8335,1.8387,1.8334,1.8382,1489603.4
2025-12-26 17:05:00+00:00,1.8382,1.8416,1.8371,1.8398,1173664.4
2025-12-26 17:10:00+00:00,1.8399,1.8399,1.8378,1.8389,721344.1
2025-12-26 17:15:00+00:00,1.839,1.8414,1.8366,1.8408,876195.7
2025-12-26 17:20:00+00:00,1.8408,1.8409,1.8357,1.8384,830462.3
2025-12-26 17:25:00+00:00,1.8384,1.8465,1.8373,1.8452,1730426.4
2025-12-26 17:30:00+00:00,1.8451,1.848,1.843,1.8434,1724196.8
2025-12-26 17:35:00+00:00,1.8434,1.8459,1.8419,1.8437,717451.4
2025-12-26 17:40:00+00:00,1.8437,1.8485,1.8435,1.8461,1444950.9
2025-12-26 17:45:00+00:00,1.846,1.8475,1.8444,1.8461,2611290.6
2025-12-26 17:50:00+00:00,1.8461,1.8479,1.8402,1.8408,1859902.9
2025-12-26 17:55:00+00:00,1.8408,1.8427,1.8405,1.8426,883333.1
2025-12-26 18:00:00+00:00,1.8425,1.8436,1.8412,1.8429,867081.6
2025-12-26 18:05:00+00:00,1.843,1.8447,1.8428,1.8441,510751.7
2025-12-26 18:10:00+00:00,1.8442,1.846,1.8439,1.8453,628125.4
2025-12-26 18:15:00+00:00,1.8452,1.8456,1.844,1.8446,582767.4
2025-12-26 18:20:00+00:00,1.8446,1.8449,1.8429,1.844,699689.7
2025-12-26 18:25:00+00:00,1.8439,1.844,1.8392,1.8393,767878.2
2025-12-26 18:30:00+00:00,1.8393,1.8437,1.8392,1.8435,556026.6
2025-12-26 18:35:00+00:00,1.8435,1.8453,1.8435,1.845,809025.4
2025-12-26 18:40:00+00:00,1.845,1.8463,1.844,1.8441,655187.6
2025-12-26 18:45:00+00:00,1.844,1.8458,1.8412,1.8457,953635.0
2025-12-26 18:50:00+00:00,1.8457,1.8466,1.8432,1.8441,574434.9
2025-12-26 18:55:00+00:00,1.8441,1.8452,1.8438,1.8441,339568.0
2025-12-26 19:00:00+00:00,1.844,1.8454,1.8435,1.8454,357805.5
2025-12-26 19:05:00+00:00,1.8453,1.8467,1.8443,1.8451,452193.2
2025-12-26 19:10:00+00:00,1.8451,1.8462,1.8438,1.8438,503215.1
2025-12-26 19:15:00+00:00,1.8438,1.8443,1.8403,1.8439,894424.5
2025-12-26 19:20:00+00:00,1.8439,1.8446,1.8435,1.8435,315447.0
2025-12-26 19:25:00+00:00,1.8434,1.8439,1.8423,1.8431,361515.5
2025-12-26 19:30:00+00:00,1.843,1.8453,1.843,1.8442,464321.8
2025-12-26 19:35:00+00:00,1.8442,1.8456,1.8441,1.8451,469906.5
2025-12-26 19:40:00+00:00,1.845,1.8457,1.8448,1.8456,495735.4
2025-12-26 19:45:00+00:00,1.8456,1.8495,1.8455,1.8456,1545310.9
2025-12-26 19:50:00+00:00,1.8455,1.8462,1.844,1.8448,421978.2
2025-12-26 19:55:00+00:00,1.8448,1.8453,1.843,1.8448,347081.2
2025-12-26 20:00:00+00:00,1.8448,1.8468,1.8437,1.8446,557249.7
2025-12-26 20:05:00+00:00,1.8445,1.8475,1.8442,1.8467,346368.1
2025-12-26 20:10:00+00:00,1.8467,1.8474,1.8452,1.8473,334648.1
2025-12-26 20:15:00+00:00,1.8473,1.8479,1.8458,1.8462,496867.4
2025-12-26 20:20:00+00:00,1.8462,1.8491,1.846,1.8489,566603.4
2025-12-26 20:25:00+00:00,1.849,1.8494,1.8484,1.8487,420377.2
2025-12-26 20:30:00+00:00,1.8486,1.8493,1.8477,1.8489,334061.8
2025-12-26 20:35:00+00:00,1.8489,1.851,1.8486,1.8505,1080198.0
2025-12-26 20:40:00+00:00,1.8504,1.8522,1.8494,1.8522,1040572.5
2025-12-26 20:45:00+00:00,1.8521,1.8571,1.8521,1.8556,2705140.9
2025-12-26 20:50:00+00:00,1.8555,1.8595,1.8545,1.8564,3063101.4
2025-12-26 20:55:00+00:00,1.8564,1.8569,1.8528,1.8538,1532824.8
2025-12-26 21:00:00+00:00,1.8539,1.8567,1.8523,1.8525,848367.4
2025-12-26 21:05:00+00:00,1.8525,1.8525,1.8493,1.8519,937828.9
2025-12-26 21:10:00+00:00,1.8519,1.853,1.8511,1.853,605661.3
2025-12-26 21:15:00+00:00,1.853,1.8542,1.8523,1.8525,390107.0
2025-12-26 21:20:00+00:00,1.8524,1.8531,1.85,1.8506,538272.4
2025-12-26 21:25:00+00:00,1.8506,1.8511,1.8493,1.8501,1006121.6
2025-12-26 21:30:00+00:00,1.85,1.8501,1.8471,1.8487,873142.4
2025-12-26 21:35:00+00:00,1.8487,1.8491,1.8476,1.848,724765.9
2025-12-26 21:40:00+00:00,1.848,1.8485,1.8472,1.8482,214942.6
2025-12-26 21:45:00+00:00,1.8482,1.8488,1.8475,1.8487,323711.6
2025-12-26 21:50:00+00:00,1.8486,1.8498,1.8479,1.8486,336503.2
2025-12-26 21:55:00+00:00,1.8485,1.8487,1.8453,1.8465,578721.5
2025-12-26 22:00:00+00:00,1.8464,1.8481,1.8454,1.8477,683293.0
2025-12-26 22:05:00+00:00,1.8478,1.8488,1.8473,1.8476,531393.3
2025-12-26 22:10:00+00:00,1.8476,1.8488,1.8441,1.8442,909185.1
2025-12-26 22:15:00+00:00,1.8441,1.848,1.8441,1.848,361878.8
2025-12-26 22:20:00+00:00,1.8479,1.8491,1.8445,1.8446,613447.5
2025-12-26 22:25:00+00:00,1.8447,1.8466,1.8447,1.8449,365650.2
2025-12-26 22:30:00+00:00,1.8449,1.8478,1.8446,1.8463,336718.8
2025-12-26 22:35:00+00:00,1.8463,1.8463,1.8444,1.8455,411630.8
2025-12-26 22:40:00+00:00,1.8456,1.8456,1.842,1.8433,1614789.5
2025-12-26 22:45:00+00:00,1.8433,1.8442,1.842,1.8442,427328.5
2025-12-26 22:50:00+00:00,1.8441,1.8458,1.8441,1.845,361853.4
2025-12-26 22:55:00+00:00,1.845,1.8468,1.8444,1.8468,272609.4
2025-12-26 23:00:00+00:00,1.8467,1.8487,1.8456,1.8471,1075368.9
2025-12-26 23:05:00+00:00,1.8472,1.848,1.846,1.8462,789094.2
2025-12-26 23:10:00+00:00,1.8462,1.8463,1.8446,1.8452,471704.7
2025-12-26 23:15:00+00:00,1.8452,1.8452,1.843,1.8441,630834.8
2025-12-26 23:20:00+00:00,1.8441,1.8448,1.8429,1.8445,556537.1
2025-12-26 23:25:00+00:00,1.8445,1.8447,1.8437,1.8437,347697.3
2025-12-26 23:30:00+00:00,1.8437,1.8453,1.8437,1.8446,258819.6
2025-12-26 23:35:00+00:00,1.8445,1.8451,1.8433,1.8435,325297.0
2025-12-26 23:40:00+00:00,1.8435,1.8436,1.8426,1.8431,218525.9
2025-12-26 23:45:00+00:00,1.8431,1.8433,1.8416,1.8417,725402.1
2025-12-26 23:50:00+00:00,1.8417,1.8442,1.8414,1.8439,623263.3
2025-12-26 23:55:00+00:00,1.8439,1.844,1.8424,1.8428,374738.6
2025-12-27 00:00:00+00:00,1.8429,1.8434,1.8411,1.8426,884913.4
2025-12-27 00:05:00+00:00,1.8426,1.8442,1.8421,1.844,687587.0
2025-12-27 00:10:00+00:00,1.844,1.8443,1.842,1.8429,853199.2
2025-12-27 00:15:00+00:00,1.8429,1.8434,1.842,1.842,561028.0
2025-12-27 00:20:00+00:00,1.8421,1.8423,1.8407,1.8419,802099.5
2025-12-27 00:25:00+00:00,1.8419,1.8427,1.8411,1.8426,568055.3
2025-12-27 00:30:00+00:00,1.8426,1.8442,1.8422,1.8433,524075.9
2025-12-27 00:35:00+00:00,1.8433,1.8451,1.8427,1.8448,406194.8
2025-12-27 00:40:00+00:00,1.8448,1.845,1.8442,1.8446,276810.5
2025-12-27 00:45:00+00:00,1.8445,1.8446,1.8431,1.8439,216908.2
2025-12-27 00:50:00+00:00,1.8438,1.8442,1.8434,1.8441,315065.3
2025-12-27 00:55:00+00:00,1.8442,1.8447,1.8441,1.8445,355683.9
2025-12-27 01:00:00+00:00,1.8445,1.8448,1.8434,1.8441,271936.9
2025-12-27 01:05:00+00:00,1.8441,1.845,1.8439,1.845,315503.8
2025-12-27 01:10:00+00:00,1.845,1.8451,1.8433,1.8439,393078.4
2025-12-27 01:15:00+00:00,1.8439,1.8441,1.8419,1.8441,633339.3
2025-12-27 01:20:00+00:00,1.8441,1.8441,1.8426,1.8437,574857.5
2025-12-27 01:25:00+00:00,1.8437,1.8441,1.8434,1.8439,230461.2
2025-12-27 01:30:00+00:00,1.8439,1.8446,1.8433,1.8434,228568.6
2025-12-27 01:35:00+00:00,1.8434,1.8445,1.8431,1.8439,290812.1
2025-12-27 01:40:00+00:00,1.8439,1.8442,1.8431,1.8432,264576.3
2025-12-27 01:45:00+00:00,1.8432,1.8441,1.843,1.8439,166628.0
2025-12-27 01:50:00+00:00,1.8439,1.844,1.8419,1.8431,470822.3
2025-12-27 01:55:00+00:00,1.8431,1.847,1.8429,1.8461,1241528.5
2025-12-27 02:00:00+00:00,1.8461,1.8469,1.8443,1.8444,637480.2
2025-12-27 02:05:00+00:00,1.8444,1.8467,1.8444,1.8466,422037.2
2025-12-27 02:10:00+00:00,1.8466,1.847,1.846,1.8469,232455.7
2025-12-27 02:15:00+00:00,1.847,1.8476,1.8444,1.8453,1651063.1
2025-12-27 02:20:00+00:00,1.8452,1.8456,1.8444,1.8449,427977.6
2025-12-27 02:25:00+00:00,1.8449,1.8457,1.8445,1.8456,214787.8
2025-12-27 02:30:00+00:00,1.8456,1.8457,1.8443,1.8454,288021.0
2025-12-27 02:35:00+00:00,1.8455,1.8456,1.8444,1.8448,219539.8
2025-12-27 02:40:00+00:00,1.8448,1.8528,1.8448,1.8492,3148899.2
2025-12-27 02:45:00+00:00,1.8493,1.8493,1.8482,1.8483,655266.1
2025-12-27 02:50:00+00:00,1.8483,1.85,1.8483,1.8498,594261.2
2025-12-27 02:55:00+00:00,1.8499,1.85,1.8477,1.8481,1059903.4
2025-12-27 03:00:00+00:00,1.8481,1.8504,1.8481,1.8486,616586.6
2025-12-27 03:05:00+00:00,1.8486,1.8487,1.8461,1.8462,452857.5
2025-12-27 03:10:00+00:00,1.8461,1.847,1.8454,1.8462,380190.8
2025-12-27 03:15:00+00:00,1.8462,1.8483,1.8462,1.8481,277598.6
2025-12-27 03:20:00+00:00,1.8481,1.8499,1.8475,1.8497,860033.7
2025-12-27 03:25:00+00:00,1.8497,1.8507,1.8493,1.8495,753704.8
2025-12-27 03:30:00+00:00,1.8495,1.8518,1.8493,1.8518,715427.0
2025-12-27 03:35:00+00:00,1.8518,1.8527,1.8517,1.8518,715253.3
2025-12-27 03:40:00+00:00,1.8517,1.8525,1.8509,1.851,342177.2
2025-12-27 03:45:00+00:00,1.851,1.8514,1.8498,1.8505,669045.5
2025-12-27 03:50:00+00:00,1.8506,1.8513,1.8502,1.8503,198008.4
2025-12-27 03:55:00+00:00,1.8503,1.8506,1.85,1.8505,239353.1
2025-12-27 04:00:00+00:00,1.8506,1.8522,1.8489,1.849,1010883.8
2025-12-27 04:05:00+00:00,1.849,1.8496,1.8479,1.8494,508818.7
2025-12-27 04:10:00+00:00,1.8494,1.8498,1.8485,1.8486,162526.8
2025-12-27 04:15:00+00:00,1.8486,1.8496,1.8478,1.8479,224755.5
2025-12-27 04:20:00+00:00,1.8479,1.8486,1.8478,1.8481,230728.9
2025-12-27 04:25:00+00:00,1.848,1.8481,1.8472,1.8472,314696.6
2025-12-27 04:30:00+00:00,1.8472,1.8475,1.8462,1.8465,479738.7
2025-12-27 04:35:00+00:00,1.8464,1.8477,1.8463,1.8472,312747.5
2025-12-27 04:40:00+00:00,1.8472,1.8478,1.8471,1.8475,117737.0
2025-12-27 04:45:00+00:00,1.8475,1.8476,1.8464,1.8472,242248.1
2025-12-27 04:50:00+00:00,1.8471,1.8482,1.8466,1.8466,216339.4
2025-12-27 04:55:00+00:00,1.8467,1.8474,1.8457,1.8472,347064.5
2025-12-27 05:00:00+00:00,1.8472,1.8483,1.8472,1.8476,187901.4
2025-12-27 05:05:00+00:00,1.8475,1.8476,1.8457,1.8458,141240.4
2025-12-27 05:10:00+00:00,1.8457,1.8467,1.8457,1.8461,220642.5
2025-12-27 05:15:00+00:00,1.8461,1.8464,1.8455,1.8456,185525.3
2025-12-27 05:20:00+00:00,1.8456,1.8462,1.8453,1.8462,165719.1
2025-12-27 05:25:00+00:00,1.8462,1.847,1.846,1.8466,253630.8
2025-12-27 05:30:00+00:00,1.8466,1.8475,1.8466,1.8474,212382.3
2025-12-27 05:35:00+00:00,1.8475,1.8476,1.8468,1.8474,115877.2
2025-12-27 05:40:00+00:00,1.8473,1.8476,1.8473,1.8475,88813.4
2025-12-27 05:45:00+00:00,1.8474,1.8482,1.8473,1.8478,267412.0
2025-12-27 05:50:00+00:00,1.8478,1.8485,1.8477,1.8482,128083.0
2025-12-27 05:55:00+00:00,1.8482,1.849,1.848,1.8488,242987.1
2025-12-27 06:00:00+00:00,1.8489,1.849,1.847,1.8472,459753.6
2025-12-27 06:05:00+00:00,1.8472,1.848,1.8463,1.848,218233.5
2025-12-27 06:10:00+00:00,1.8479,1.8481,1.8469,1.8475,161598.1
2025-12-27 06:15:00+00:00,1.8475,1.8477,1.8461,1.847,285291.7
2025-12-27 06:20:00+00:00,1.847,1.8484,1.847,1.8479,207450.2
2025-12-27 06:25:00+00:00,1.8479,1.8484,1.8477,1.8477,130563.6
2025-12-27 06:30:00+00:00,1.8477,1.8478,1.8467,1.8478,280376.6
2025-12-27 06:35:00+00:00,1.8477,1.8478,1.8465,1.8466,148620.3
2025-12-27 06:40:00+00:00,1.8467,1.8479,1.8466,1.8473,208192.4
2025-12-27 06:45:00+00:00,1.8473,1.8478,1.8472,1.8474,199334.0
2025-12-27 06:50:00+00:00,1.8473,1.8474,1.8464,1.8471,268570.9
2025-12-27 06:55:00+00:00,1.8472,1.8472,1.8465,1.8468,183222.4
2025-12-27 07:00:00+00:00,1.8469,1.8479,1.8468,1.8475,197736.3
2025-12-27 07:05:00+00:00,1.8476,1.8489,1.8475,1.8485,264651.1
2025-12-27 07:10:00+00:00,1.8485,1.8497,1.8484,1.8496,242700.6
2025-12-27 07:15:00+00:00,1.8496,1.8496,1.8482,1.8488,500351.8
2025-12-27 07:20:00+00:00,1.8488,1.8516,1.8485,1.8514,607975.5
2025-12-27 07:25:00+00:00,1.8514,1.8516,1.8497,1.8497,415563.1
2025-12-27 07:30:00+00:00,1.8497,1.85,1.8487,1.8488,361266.3
2025-12-27 07:35:00+00:00,1.8488,1.849,1.8473,1.8474,322573.7
2025-12-27 07:40:00+00:00,1.8474,1.8476,1.8465,1.847,234299.6
2025-12-27 07:45:00+00:00,1.847,1.847,1.8466,1.8468,213448.4
2025-12-27 07:50:00+00:00,1.8469,1.8478,1.8468,1.847,251436.2
2025-12-27 07:55:00+00:00,1.8471,1.8477,1.8467,1.8468,132478.1
2025-12-27 08:00:00+00:00,1.8467,1.8482,1.8467,1.8478,398169.7
2025-12-27 08:05:00+00:00,1.8478,1.8491,1.8477,1.849,411122.9
2025-12-27 08:10:00+00:00,1.849,1.849,1.8474,1.8474,278307.9
2025-12-27 08:15:00+00:00,1.8474,1.8488,1.8474,1.8487,195486.8
2025-12-27 08:20:00+00:00,1.8488,1.8495,1.8488,1.8495,282210.5
2025-12-27 08:25:00+00:00,1.8495,1.8505,1.8492,1.8492,215810.8
2025-12-27 08:30:00+00:00,1.8493,1.8502,1.8492,1.8492,201088.3
2025-12-27 08:35:00+00:00,1.8492,1.8493,1.849,1.8492,102161.6
2025-12-27 08:40:00+00:00,1.8492,1.8497,1.849,1.8492,139783.2
2025-12-27 08:45:00+00:00,1.8492,1.8495,1.8483,1.8487,204892.7
2025-12-27 08:50:00+00:00,1.8487,1.8488,1.8482,1.8486,264277.2
2025-12-27 08:55:00+00:00,1.8487,1.8493,1.8486,1.8492,270009.1
2025-12-27 09:00:00+00:00,1.8492,1.8519,1.849,1.8515,705084.3
2025-12-27 09:05:00+00:00,1.8514,1.8518,1.8509,1.851,294545.3
2025-12-27 09:10:00+00:00,1.851,1.8522,1.8509,1.8517,818515.6
2025-12-27 09:15:00+00:00,1.8518,1.8548,1.8517,1.8524,1750760.9
2025-12-27 09:20:00+00:00,1.8524,1.8533,1.8521,1.8524,374244.3
2025-12-27 09:25:00+00:00,1.8524,1.8525,1.8493,1.8499,698023.6
2025-12-27 09:30:00+00:00,1.8499,1.8511,1.8498,1.8501,336214.9
2025-12-27 09:35:00+00:00,1.8502,1.8508,1.8501,1.8505,293255.8
2025-12-27 09:40:00+00:00,1.8505,1.8511,1.8498,1.851,424933.9
2025-12-27 09:45:00+00:00,1.851,1.8515,1.8502,1.8507,319472.9
2025-12-27 09:50:00+00:00,1.8508,1.8511,1.8499,1.8501,312938.4
2025-12-27 09:55:00+00:00,1.8501,1.8511,1.8499,1.85,277621.3
2025-12-27 10:00:00+00:00,1.85,1.85,1.8483,1.8495,363420.4
2025-12-27 10:05:00+00:00,1.8495,1.8515,1.8487,1.8513,281124.6
2025-12-27 10:10:00+00:00,1.8513,1.8519,1.8492,1.8494,371001.4
2025-12-27 10:15:00+00:00,1.8494,1.8519,1.8494,1.8511,239967.7
2025-12-27 10:20:00+00:00,1.851,1.8515,1.8493,1.8496,225686.3
2025-12-27 10:25:00+00:00,1.8497,1.85,1.8475,1.8476,402589.8
2025-12-27 10:30:00+00:00,1.8475,1.8488,1.8473,1.8476,504526.1
2025-12-27 10:35:00+00:00,1.8476,1.8489,1.846,1.846,905754.1
2025-12-27 10:40:00+00:00,1.846,1.8461,1.8436,1.8455,1932916.1
2025-12-27 10:45:00+00:00,1.8455,1.8469,1.8448,1.8465,524373.0
2025-12-27 10:50:00+00:00,1.8465,1.8472,1.8459,1.8464,317981.3
2025-12-27 10:55:00+00:00,1.8465,1.8478,1.846,1.8475,494430.5
2025-12-27 11:00:00+00:00,1.8475,1.8484,1.8473,1.8476,443473.9
2025-12-27 11:05:00+00:00,1.8476,1.8485,1.8462,1.8468,320964.4
2025-12-27 11:10:00+00:00,1.8468,1.8476,1.8463,1.8476,173505.0
2025-12-27 11:15:00+00:00,1.8475,1.8482,1.847,1.8476,413225.4
2025-12-27 11:20:00+00:00,1.8476,1.8492,1.8476,1.8478,421467.0
2025-12-27 11:25:00+00:00,1.8478,1.8478,1.8469,1.847,283904.9
2025-12-27 11:30:00+00:00,1.8469,1.8513,1.8469,1.8492,876272.8
2025-12-27 11:35:00+00:00,1.8492,1.8504,1.849,1.8499,370258.8
2025-12-27 11:40:00+00:00,1.8499,1.8501,1.8493,1.8497,240289.9
2025-12-27 11:45:00+00:00,1.8496,1.8508,1.8495,1.8505,295411.5
2025-12-27 11:50:00+00:00,1.8505,1.8516,1.8501,1.8502,511919.4
2025-12-27 11:55:00+00:00,1.8502,1.851,1.85,1.8503,522406.2
2025-12-27 12:00:00+00:00,1.8502,1.8521,1.8502,1.8509,614119.0
2025-12-27 12:05:00+00:00,1.8508,1.8524,1.8508,1.8517,424325.4
2025-12-27 12:10:00+00:00,1.8517,1.8517,1.8499,1.8502,471732.0
2025-12-27 12:15:00+00:00,1.8503,1.8503,1.8492,1.8503,274161.5
2025-12-27 12:20:00+00:00,1.8503,1.8512,1.8496,1.8503,459009.7
2025-12-27 12:25:00+00:00,1.8502,1.8513,1.85,1.8511,179669.9
2025-12-27 12:30:00+00:00,1.8512,1.8516,1.8506,1.8516,203869.3
2025-12-27 12:35:00+00:00,1.8516,1.8525,1.8513,1.8517,378799.9
2025-12-27 12:40:00+00:00,1.8516,1.8518,1.851,1.8515,360134.1
2025-12-27 12:45:00+00:00,1.8514,1.8519,1.8508,1.8511,210397.4
2025-12-27 12:50:00+00:00,1.8511,1.8511,1.8493,1.8503,565350.3
2025-12-27 12:55:00+00:00,1.8504,1.8507,1.85,1.8501,179346.5
2025-12-27 13:00:00+00:00,1.8501,1.851,1.8487,1.8487,349896.1
2025-12-27 13:05:00+00:00,1.8487,1.8488,1.8479,1.8479,585654.7
2025-12-27 13:10:00+00:00,1.8479,1.8487,1.8475,1.8476,475571.4
2025-12-27 13:15:00+00:00,1.8476,1.8476,1.8458,1.8458,1227473.9
2025-12-27 13:20:00+00:00,1.8459,1.8464,1.8446,1.8457,1089575.1
2025-12-27 13:25:00+00:00,1.8458,1.8464,1.845,1.8455,734652.5
2025-12-27 13:30:00+00:00,1.8454,1.846,1.8434,1.8445,898308.5
2025-12-27 13:35:00+00:00,1.8446,1.8477,1.8445,1.8468,465677.0
2025-12-27 13:40:00+00:00,1.8468,1.848,1.8465,1.8477,375127.8
2025-12-27 13:45:00+00:00,1.8476,1.8477,1.8461,1.8462,210218.7
2025-12-27 13:50:00+00:00,1.8461,1.8464,1.8453,1.8454,175630.4
2025-12-27 13:55:00+00:00,1.8453,1.8457,1.8447,1.8448,262633.8
2025-12-27 14:00:00+00:00,1.8447,1.8448,1.8424,1.8431,1256829.7
2025-12-27 14:05:00+00:00,1.8432,1.8439,1.8423,1.8431,690118.2
2025-12-27 14:10:00+00:00,1.843,1.8446,1.843,1.8439,507554.2
2025-12-27 14:15:00+00:00,1.8438,1.845,1.8438,1.8446,225640.1
2025-12-27 14:20:00+00:00,1.8446,1.8446,1.8431,1.8437,257092.5
2025-12-27 14:25:00+00:00,1.8438,1.8447,1.8434,1.8447,161224.2
2025-12-27 14:30:00+00:00,1.8446,1.8468,1.8443,1.8467,513699.1
2025-12-27 14:35:00+00:00,1.8468,1.8472,1.8462,1.8472,358198.0
2025-12-27 14:40:00+00:00,1.8471,1.848,1.8471,1.848,341490.9
2025-12-27 14:45:00+00:00,1.848,1.8484,1.8474,1.8478,401544.1
2025-12-27 14:50:00+00:00,1.8478,1.848,1.8466,1.848,304900.3
2025-12-27 14:55:00+00:00,1.8479,1.8486,1.8479,1.8486,290501.1
2025-12-27 15:00:00+00:00,1.8485,1.8486,1.846,1.8472,537286.1
2025-12-27 15:05:00+00:00,1.8472,1.8481,1.8465,1.8469,326565.1
2025-12-27 15:10:00+00:00,1.8469,1.8482,1.8466,1.8482,252521.4
2025-12-27 15:15:00+00:00,1.8481,1.8485,1.8471,1.8472,346866.2
2025-12-27 15:20:00+00:00,1.8473,1.8484,1.8468,1.8481,294957.7
2025-12-27 15:25:00+00:00,1.8481,1.8487,1.8477,1.8486,356093.0
2025-12-27 15:30:00+00:00,1.8485,1.8496,1.8484,1.8487,501512.4
2025-12-27 15:35:00+00:00,1.8487,1.8491,1.8483,1.8488,305351.5
2025-12-27 15:40:00+00:00,1.8488,1.8503,1.8478,1.8489,674794.2
2025-12-27 15:45:00+00:00,1.849,1.8507,1.8489,1.8498,576473.8
2025-12-27 15:50:00+00:00,1.8499,1.8509,1.8488,1.8495,463823.3
2025-12-27 15:55:00+00:00,1.8495,1.85,1.8484,1.8486,312554.6
2025-12-27 16:00:00+00:00,1.8487,1.8493,1.848,1.8483,521767.4
2025-12-27 16:05:00+00:00,1.8483,1.849,1.8477,1.8477,378118.2
2025-12-27 16:10:00+00:00,1.8477,1.8486,1.8476,1.8478,425304.5
2025-12-27 16:15:00+00:00,1.8477,1.8487,1.8477,1.8486,233364.0
2025-12-27 16:20:00+00:00,1.8486,1.8486,1.847,1.8471,331244.7
2025-12-27 16:25:00+00:00,1.847,1.8471,1.8452,1.8456,584887.0
2025-12-27 16:30:00+00:00,1.8456,1.8469,1.8455,1.846,436150.3
2025-12-27 16:35:00+00:00,1.8459,1.8467,1.8452,1.8452,335386.9
2025-12-27 16:40:00+00:00,1.8451,1.8453,1.8445,1.8448,646000.1
2025-12-27 16:45:00+00:00,1.8447,1.845,1.8433,1.8439,699944.1
2025-12-27 16:50:00+00:00,1.8438,1.844,1.8434,1.8436,356583.7
2025-12-27 16:55:00+00:00,1.8435,1.8439,1.843,1.8439,490717.7
2025-12-27 17:00:00+00:00,1.8439,1.8458,1.8438,1.8453,1223385.6
2025-12-27 17:05:00+00:00,1.8453,1.8474,1.843,1.844,6790406.3
2025-12-27 17:10:00+00:00,1.844,1.8457,1.8425,1.8457,3274863.9
2025-12-27 17:15:00+00:00,1.8457,1.8462,1.8421,1.8456,4364139.8
2025-12-27 17:20:00+00:00,1.8457,1.8478,1.8444,1.847,3824383.9
2025-12-27 17:25:00+00:00,1.847,1.848,1.8468,1.8468,397943.1
2025-12-27 17:30:00+00:00,1.8468,1.848,1.8447,1.8457,5685750.5
2025-12-27 17:35:00+00:00,1.8456,1.846,1.8448,1.8448,235129.0
2025-12-27 17:40:00+00:00,1.8448,1.8452,1.8438,1.845,271340.3
2025-12-27 17:45:00+00:00,1.8449,1.8462,1.8443,1.8458,1148264.9
2025-12-27 17:50:00+00:00,1.8458,1.8487,1.8448,1.848,5198593.4
2025-12-27 17:55:00+00:00,1.848,1.8507,1.8475,1.8484,7621389.3
2025-12-27 18:00:00+00:00,1.8485,1.853,1.8479,1.8503,8821530.5
2025-12-27 18:05:00+00:00,1.8502,1.8525,1.8497,1.8502,4619196.8
2025-12-27 18:10:00+00:00,1.8502,1.8509,1.8493,1.8494,428117.0
2025-12-27 18:15:00+00:00,1.8493,1.8502,1.8493,1.85,319713.6
2025-12-27 18:20:00+00:00,1.85,1.8514,1.8495,1.8513,351128.2
2025-12-27 18:25:00+00:00,1.8514,1.8515,1.8504,1.8507,394470.3
2025-12-27 18:30:00+00:00,1.8508,1.8514,1.8495,1.8514,526637.6
2025-12-27 18:35:00+00:00,1.8514,1.8514,1.8497,1.8498,268590.8
2025-12-27 18:40:00+00:00,1.8497,1.8508,1.8496,1.8496,270114.6
2025-12-27 18:45:00+00:00,1.8497,1.8504,1.8492,1.8493,260352.4
2025-12-27 18:50:00+00:00,1.8493,1.8495,1.8488,1.849,297164.7
2025-12-27 18:55:00+00:00,1.849,1.8494,1.8489,1.8489,244109.2
2025-12-27 19:00:00+00:00,1.849,1.849,1.8469,1.8477,428012.4
2025-12-27 19:05:00+00:00,1.8477,1.8499,1.8476,1.8493,229512.8
2025-12-27 19:10:00+00:00,1.8494,1.8509,1.8488,1.8506,302002.0
2025-12-27 19:15:00+00:00,1.8505,1.8513,1.8502,1.8504,388557.1
2025-12-27 19:20:00+00:00,1.8504,1.8507,1.85,1.8502,80326.6
2025-12-27 19:25:00+00:00,1.8502,1.8507,1.8495,1.8507,265060.0
2025-12-27 19:30:00+00:00,1.8507,1.8508,1.85,1.8501,351308.6
2025-12-27 19:35:00+00:00,1.8501,1.8516,1.85,1.8514,219497.3
2025-12-27 19:40:00+00:00,1.8514,1.8533,1.8513,1.8532,617109.2
2025-12-27 19:45:00+00:00,1.8533,1.8567,1.8533,1.8561,2579388.9
2025-12-27 19:50:00+00:00,1.8561,1.8562,1.8542,1.8545,496524.4
2025-12-27 19:55:00+00:00,1.8545,1.8551,1.8536,1.8551,311186.7
2025-12-27 20:00:00+00:00,1.8551,1.8562,1.8543,1.8555,850281.3
2025-12-27 20:05:00+00:00,1.8555,1.8588,1.855,1.8575,1981497.9
2025-12-27 20:10:00+00:00,1.8574,1.8575,1.8544,1.8558,627730.1
2025-12-27 20:15:00+00:00,1.8558,1.8579,1.8557,1.8562,2453231.0
2025-12-27 20:20:00+00:00,1.8562,1.8562,1.8552,1.8554,337273.2
2025-12-27 20:25:00+00:00,1.8554,1.8556,1.8528,1.8529,498063.1
2025-12-27 20:30:00+00:00,1.8529,1.8541,1.8523,1.8539,501057.4
2025-12-27 20:35:00+00:00,1.8539,1.855,1.8537,1.855,320343.5
2025-12-27 20:40:00+00:00,1.8549,1.8554,1.8537,1.855,316342.1
2025-12-27 20:45:00+00:00,1.855,1.8556,1.8544,1.855,195287.7
2025-12-27 20:50:00+00:00,1.855,1.8558,1.8549,1.8557,176722.4
2025-12-27 20:55:00+00:00,1.8557,1.8557,1.8542,1.8546,122850.2
2025-12-27 21:00:00+00:00,1.8547,1.856,1.8546,1.8557,231548.6
2025-12-27 21:05:00+00:00,1.8557,1.8571,1.8557,1.8571,231230.6
2025-12-27 21:10:00+00:00,1.857,1.8583,1.8567,1.858,508748.6
2025-12-27 21:15:00+00:00,1.8581,1.8588,1.8576,1.8585,582146.2
2025-12-27 21:20:00+00:00,1.8585,1.8589,1.8573,1.858,335980.5
2025-12-27 21:25:00+00:00,1.8579,1.8588,1.8579,1.8586,300211.3
2025-12-27 21:30:00+00:00,1.8585,1.8603,1.8585,1.8593,1425583.3
2025-12-27 21:35:00+00:00,1.8593,1.86,1.8588,1.8598,461159.4
2025-12-27 21:40:00+00:00,1.8598,1.8598,1.8582,1.8582,312917.9
2025-12-27 21:45:00+00:00,1.8582,1.8596,1.8579,1.8589,393785.6
2025-12-27 21:50:00+00:00,1.8589,1.8599,1.8589,1.8594,363590.0
2025-12-27 21:55:00+00:00,1.8595,1.862,1.8594,1.8614,777828.6
2025-12-27 22:00:00+00:00,1.8614,1.8641,1.8614,1.863,2611259.5
2025-12-27 22:05:00+00:00,1.8629,1.863,1.8607,1.8623,654165.6
2025-12-27 22:10:00+00:00,1.8623,1.8699,1.8622,1.8692,2885794.3
2025-12-27 22:15:00+00:00,1.8693,1.8745,1.8678,1.8683,5653906.6
2025-12-27 22:20:00+00:00,1.8684,1.8691,1.8655,1.8664,1497305.0
2025-12-27 22:25:00+00:00,1.8664,1.8668,1.8638,1.8638,548003.1
2025-12-27 22:30:00+00:00,1.8638,1.8641,1.8607,1.8626,1309974.8
2025-12-27 22:35:00+00:00,1.8626,1.8626,1.861,1.8622,582821.6
2025-12-27 22:40:00+00:00,1.8622,1.8644,1.861,1.8631,460594.6
2025-12-27 22:45:00+00:00,1.8631,1.864,1.861,1.864,356189.5
2025-12-27 22:50:00+00:00,1.864,1.8652,1.8635,1.8645,363597.8
2025-12-27 22:55:00+00:00,1.8645,1.865,1.8612,1.8613,451919.6
2025-12-27 23:00:00+00:00,1.8613,1.8652,1.8613,1.8625,922681.4
2025-12-27 23:05:00+00:00,1.8625,1.8629,1.8614,1.8618,446013.0
2025-12-27 23:10:00+00:00,1.8618,1.8628,1.8618,1.8628,369849.1
2025-12-27 23:15:00+00:00,1.8628,1.8652,1.8628,1.8649,468906.1
2025-12-27 23:20:00+00:00,1.8649,1.8664,1.8639,1.8646,849217.1
2025-12-27 23:25:00+00:00,1.8646,1.8647,1.8638,1.864,273669.9
2025-12-27 23:30:00+00:00,1.8641,1.865,1.8635,1.865,141627.9
2025-12-27 23:35:00+00:00,1.865,1.8656,1.8645,1.8656,330012.6
2025-12-27 23:40:00+00:00,1.8655,1.8662,1.8651,1.8659,217926.5
2025-12-27 23:45:00+00:00,1.8659,1.8786,1.8658,1.8719,5392758.5
2025-12-27 23:50:00+00:00,1.8719,1.8749,1.8718,1.874,953793.8
2025-12-27 23:55:00+00:00,1.8741,1.8741,1.8722,1.8727,571495.6
2025-12-28 00:00:00+00:00,1.8726,1.8757,1.8722,1.8722,1550331.8
2025-12-28 00:05:00+00:00,1.8722,1.8726,1.8708,1.8714,736630.6
2025-12-28 00:10:00+00:00,1.8714,1.8724,1.8709,1.871,914626.9
2025-12-28 00:15:00+00:00,1.871,1.8733,1.8705,1.8714,693450.8
2025-12-28 00:20:00+00:00,1.8713,1.8718,1.8695,1.8697,718836.3
2025-12-28 00:25:00+00:00,1.8697,1.8705,1.8683,1.8689,615754.2
2025-12-28 00:30:00+00:00,1.8689,1.8705,1.8688,1.8705,557523.5
2025-12-28 00:35:00+00:00,1.8704,1.8736,1.8704,1.8736,619324.3
2025-12-28 00:40:00+00:00,1.8735,1.8737,1.872,1.8727,552094.5
2025-12-28 00:45:00+00:00,1.8728,1.8744,1.8727,1.8738,537387.3
2025-12-28 00:50:00+00:00,1.8738,1.8738,1.8717,1.8724,414530.8
2025-12-28 00:55:00+00:00,1.8724,1.8724,1.8699,1.8707,482493.6
2025-12-28 01:00:00+00:00,1.8708,1.8736,1.8707,1.873,514314.0
2025-12-28 01:05:00+00:00,1.8729,1.8738,1.8727,1.8734,488059.8
2025-12-28 01:10:00+00:00,1.8735,1.8743,1.8727,1.8727,305202.5
2025-12-28 01:15:00+00:00,1.8728,1.8728,1.869,1.8699,1055039.6
2025-12-28 01:20:00+00:00,1.8699,1.8705,1.8687,1.8694,414016.4
2025-12-28 01:25:00+00:00,1.8694,1.8701,1.8689,1.8692,185427.2
2025-12-28 01:30:00+00:00,1.8692,1.8704,1.868,1.8704,378225.3
2025-12-28 01:35:00+00:00,1.8703,1.872,1.8692,1.871,416551.2
2025-12-28 01:40:00+00:00,1.8709,1.8719,1.8705,1.8705,465152.6
2025-12-28 01:45:00+00:00,1.8706,1.8706,1.8695,1.8703,195075.6
2025-12-28 01:50:00+00:00,1.8703,1.8707,1.8695,1.8698,227108.3
2025-12-28 01:55:00+00:00,1.8697,1.8701,1.8691,1.87,156359.5
2025-12-28 02:00:00+00:00,1.8701,1.8701,1.869,1.869,356001.1
2025-12-28 02:05:00+00:00,1.869,1.8711,1.869,1.8705,196045.7
2025-12-28 02:10:00+00:00,1.8705,1.8711,1.8701,1.8711,184642.9
2025-12-28 02:15:00+00:00,1.8711,1.8724,1.871,1.8722,315914.7
2025-12-28 02:20:00+00:00,1.8722,1.8729,1.8713,1.8728,466505.3
2025-12-28 02:25:00+00:00,1.8729,1.875,1.8728,1.8744,559193.5
2025-12-28 02:30:00+00:00,1.8744,1.8775,1.8739,1.8769,1129685.4
2025-12-28 02:35:00+00:00,1.8769,1.8769,1.8744,1.8745,1296923.3
2025-12-28 02:40:00+00:00,1.8745,1.8748,1.8737,1.8744,751419.3
2025-12-28 02:45:00+00:00,1.8745,1.8747,1.8726,1.8727,195134.0
2025-12-28 02:50:00+00:00,1.8727,1.8736,1.8723,1.8725,247194.7
2025-12-28 02:55:00+00:00,1.8725,1.8729,1.8722,1.8722,153594.3
2025-12-28 03:00:00+00:00,1.8723,1.8731,1.8721,1.8727,303200.0
2025-12-28 03:05:00+00:00,1.8727,1.8738,1.8721,1.8721,292434.7
2025-12-28 03:10:00+00:00,1.8722,1.8722,1.8709,1.8715,592195.0
2025-12-28 03:15:00+00:00,1.8716,1.8718,1.8709,1.8712,225553.3
2025-12-28 03:20:00+00:00,1.8712,1.8723,1.8712,1.8722,283875.3
2025-12-28 03:25:00+00:00,1.8721,1.8722,1.8706,1.8712,381322.8
2025-12-28 03:30:00+00:00,1.8713,1.8735,1.8713,1.8732,282095.0
2025-12-28 03:35:00+00:00,1.8732,1.8734,1.8725,1.8734,333870.3
2025-12-28 03:40:00+00:00,1.8734,1.8737,1.8727,1.8729,271398.7
2025-12-28 03:45:00+00:00,1.873,1.8742,1.8729,1.8739,345077.8
2025-12-28 03:50:00+00:00,1.8739,1.8743,1.8733,1.8743,252859.2
2025-12-28 03:55:00+00:00,1.8742,1.8743,1.8735,1.8738,285346.9
2025-12-28 04:00:00+00:00,1.8737,1.8748,1.8728,1.8744,900034.3
2025-12-28 04:05:00+00:00,1.8744,1.8767,1.874,1.8764,915670.0
2025-12-28 04:10:00+00:00,1.8763,1.8768,1.8753,1.8759,477947.2
2025-12-28 04:15:00+00:00,1.8759,1.8764,1.8743,1.876,831441.1
2025-12-28 04:20:00+00:00,1.876,1.8763,1.8749,1.875,324903.1
2025-12-28 04:25:00+00:00,1.875,1.875,1.8736,1.8743,494454.8
2025-12-28 04:30:00+00:00,1.8744,1.8758,1.8743,1.8745,250672.0
2025-12-28 04:35:00+00:00,1.8745,1.8745,1.8723,1.8744,326758.5
2025-12-28 04:40:00+00:00,1.8745,1.8759,1.8744,1.875,227813.0
2025-12-28 04:45:00+00:00,1.875,1.8751,1.873,1.8737,331336.1
2025-12-28 04:50:00+00:00,1.8737,1.8742,1.8736,1.8742,92196.1
2025-12-28 04:55:00+00:00,1.8742,1.8746,1.8737,1.8741,291983.5
2025-12-28 05:00:00+00:00,1.8741,1.8741,1.8725,1.8737,557556.3
2025-12-28 05:05:00+00:00,1.8737,1.8756,1.8737,1.875,403006.9
2025-12-28 05:10:00+00:00,1.8749,1.8759,1.8746,1.8755,292033.1
2025-12-28 05:15:00+00:00,1.8755,1.8756,1.8754,1.8755,135483.7
2025-12-28 05:20:00+00:00,1.8756,1.8757,1.8742,1.8753,474165.5
2025-12-28 05:25:00+00:00,1.8754,1.8754,1.8727,1.873,627422.2
2025-12-28 05:30:00+00:00,1.873,1.8748,1.8725,1.8743,453874.2
2025-12-28 05:35:00+00:00,1.8744,1.8752,1.8739,1.8743,400384.4
2025-12-28 05:40:00+00:00,1.8742,1.8753,1.8735,1.8736,404693.4
2025-12-28 05:45:00+00:00,1.8736,1.8744,1.8734,1.8735,465086.4
2025-12-28 05:50:00+00:00,1.8735,1.875,1.8734,1.8747,358742.8
2025-12-28 05:55:00+00:00,1.8747,1.8747,1.8714,1.872,664451.4
2025-12-28 06:00:00+00:00,1.8721,1.8725,1.8713,1.8717,536201.7
2025-12-28 06:05:00+00:00,1.8718,1.8736,1.8717,1.8731,429181.4
2025-12-28 06:10:00+00:00,1.8731,1.8744,1.873,1.8744,216238.9
2025-12-28 06:15:00+00:00,1.8743,1.8755,1.8742,1.8753,433756.3
2025-12-28 06:20:00+00:00,1.8753,1.8762,1.8748,1.8751,691093.1
2025-12-28 06:25:00+00:00,1.875,1.8759,1.8746,1.8758,291478.7
2025-12-28 06:30:00+00:00,1.8759,1.8759,1.8753,1.8759,321934.0
2025-12-28 06:35:00+00:00,1.8759,1.8787,1.8758,1.8779,1451729.6
2025-12-28 06:40:00+00:00,1.878,1.8788,1.8773,1.8775,650997.3
2025-12-28 06:45:00+00:00,1.8775,1.8779,1.8761,1.8769,624764.4
2025-12-28 06:50:00+00:00,1.8768,1.8771,1.8758,1.8762,391046.2
2025-12-28 06:55:00+00:00,1.8763,1.8772,1.8758,1.8768,226245.6
2025-12-28 07:00:00+00:00,1.8767,1.8773,1.8752,1.8773,610641.8
2025-12-28 07:05:00+00:00,1.8773,1.8789,1.877,1.8777,651665.7
2025-12-28 07:10:00+00:00,1.8777,1.8781,1.8769,1.8779,604962.5
2025-12-28 07:15:00+00:00,1.8779,1.8779,1.8764,1.8769,303448.1
2025-12-28 07:20:00+00:00,1.877,1.8774,1.8765,1.8766,151261.4
2025-12-28 07:25:00+00:00,1.8765,1.8766,1.8756,1.8761,313680.8
2025-12-28 07:30:00+00:00,1.8761,1.877,1.876,1.877,155632.0
2025-12-28 07:35:00+00:00,1.877,1.877,1.8749,1.8757,560247.2
2025-12-28 07:40:00+00:00,1.8757,1.8757,1.8742,1.8742,416059.3
2025-12-28 07:45:00+00:00,1.8743,1.875,1.8735,1.8741,727427.5
2025-12-28 07:50:00+00:00,1.8741,1.8742,1.8729,1.873,402623.0
2025-12-28 07:55:00+00:00,1.873,1.8731,1.8725,1.8728,334958.3
2025-12-28 08:00:00+00:00,1.8729,1.8739,1.8726,1.8732,608723.2
2025-12-28 08:05:00+00:00,1.8732,1.875,1.8732,1.8745,527007.9
2025-12-28 08:10:00+00:00,1.8745,1.8748,1.8736,1.8746,368703.7
2025-12-28 08:15:00+00:00,1.8747,1.8747,1.8727,1.8732,478990.5
2025-12-28 08:20:00+00:00,1.8732,1.8733,1.8722,1.8724,512609.3
2025-12-28 08:25:00+00:00,1.8724,1.8724,1.8714,1.8723,462032.5
2025-12-28 08:30:00+00:00,1.8723,1.8731,1.8716,1.872,804074.2
2025-12-28 08:35:00+00:00,1.8719,1.874,1.8717,1.874,430961.5
2025-12-28 08:40:00+00:00,1.874,1.8764,1.8716,1.8717,1132421.5
2025-12-28 08:45:00+00:00,1.8717,1.8722,1.8687,1.8688,1266819.9
2025-12-28 08:50:00+00:00,1.8688,1.8695,1.8678,1.8688,1161091.9
2025-12-28 08:55:00+00:00,1.8688,1.87,1.8678,1.868,802081.9
2025-12-28 09:00:00+00:00,1.868,1.8683,1.8659,1.867,1799419.9
2025-12-28 09:05:00+00:00,1.867,1.8673,1.8668,1.8669,565134.5
2025-12-28 09:10:00+00:00,1.867,1.8674,1.8662,1.8663,756924.6
2025-12-28 09:15:00+00:00,1.8662,1.8669,1.8662,1.8666,274182.8
2025-12-28 09:20:00+00:00,1.8666,1.8677,1.8665,1.8676,269906.0
2025-12-28 09:25:00+00:00,1.8677,1.8683,1.8673,1.8681,431677.4
2025-12-28 09:30:00+00:00,1.8681,1.8682,1.8664,1.8667,437580.4
2025-12-28 09:35:00+00:00,1.8668,1.8668,1.8617,1.8632,2732910.8
2025-12-28 09:40:00+00:00,1.8632,1.8641,1.8624,1.864,1004425.9
2025-12-28 09:45:00+00:00,1.8639,1.864,1.8628,1.864,405976.6
2025-12-28 09:50:00+00:00,1.864,1.8642,1.8633,1.8641,449042.7
2025-12-28 09:55:00+00:00,1.8641,1.8645,1.8634,1.8642,220189.6
2025-12-28 10:00:00+00:00,1.8642,1.8661,1.864,1.8654,695319.4
2025-12-28 10:05:00+00:00,1.8654,1.8681,1.8649,1.8673,921831.0
2025-12-28 10:10:00+00:00,1.8673,1.8681,1.8669,1.8676,598121.3
2025-12-28 10:15:00+00:00,1.8676,1.8684,1.8675,1.8678,429459.5
2025-12-28 10:20:00+00:00,1.8679,1.8687,1.8671,1.8684,361918.5
2025-12-28 10:25:00+00:00,1.8683,1.8689,1.8672,1.8685,470504.5
2025-12-28 10:30:00+00:00,1.8685,1.8692,1.868,1.8692,266959.3
2025-12-28 10:35:00+00:00,1.8691,1.8711,1.8688,1.8688,1004614.1
2025-12-28 10:40:00+00:00,1.8687,1.8692,1.8683,1.869,197184.1
2025-12-28 10:45:00+00:00,1.869,1.87,1.8684,1.8685,384552.5
2025-12-28 10:50:00+00:00,1.8684,1.8702,1.8683,1.87,801369.1
2025-12-28 10:55:00+00:00,1.87,1.8705,1.8693,1.8704,243518.5
2025-12-28 11:00:00+00:00,1.8704,1.8724,1.8703,1.872,955087.3
2025-12-28 11:05:00+00:00,1.8719,1.873,1.8717,1.8718,410279.0
2025-12-28 11:10:00+00:00,1.8719,1.8732,1.8718,1.8732,316795.7
2025-12-28 11:15:00+00:00,1.8732,1.8733,1.8717,1.8723,257797.4
2025-12-28 11:20:00+00:00,1.8724,1.8725,1.8713,1.8714,151742.7
2025-12-28 11:25:00+00:00,1.8713,1.8714,1.8705,1.8707,266227.2
2025-12-28 11:30:00+00:00,1.8707,1.8711,1.8694,1.8702,282942.6
2025-12-28 11:35:00+00:00,1.8702,1.8702,1.8685,1.8688,429110.4
2025-12-28 11:40:00+00:00,1.8687,1.8696,1.8685,1.8695,283129.6
2025-12-28 11:45:00+00:00,1.8695,1.8713,1.8687,1.8712,473934.7
2025-12-28 11:50:00+00:00,1.8712,1.8718,1.8701,1.8705,223304.9
2025-12-28 11:55:00+00:00,1.8705,1.8713,1.87,1.8712,506797.3
2025-12-28 12:00:00+00:00,1.8712,1.8718,1.8687,1.8699,594583.3
2025-12-28 12:05:00+00:00,1.8699,1.8703,1.869,1.8692,348981.4
2025-12-28 12:10:00+00:00,1.8691,1.8704,1.869,1.8701,296742.0
2025-12-28 12:15:00+00:00,1.8701,1.8701,1.869,1.8698,152738.6
2025-12-28 12:20:00+00:00,1.8697,1.8708,1.8693,1.8695,306955.2
2025-12-28 12:25:00+00:00,1.8694,1.8698,1.8692,1.8698,123009.5
2025-12-28 12:30:00+00:00,1.8697,1.8705,1.8693,1.8694,219278.0
2025-12-28 12:35:00+00:00,1.8694,1.8694,1.8653,1.8654,1327955.8
2025-12-28 12:40:00+00:00,1.8654,1.8673,1.8653,1.8663,666436.7
2025-12-28 12:45:00+00:00,1.8662,1.8671,1.8662,1.8666,291751.5
2025-12-28 12:50:00+00:00,1.8665,1.8668,1.8655,1.8658,369601.5
2025-12-28 12:55:00+00:00,1.8658,1.8662,1.8647,1.8656,797799.8
2025-12-28 13:00:00+00:00,1.8656,1.8671,1.8643,1.8671,688433.4
2025-12-28 13:05:00+00:00,1.8671,1.869,1.8656,1.866,1017738.4
2025-12-28 13:10:00+00:00,1.866,1.8672,1.8659,1.8663,414830.8
2025-12-28 13:15:00+00:00,1.8663,1.8667,1.8658,1.8662,324032.9
2025-12-28 13:20:00+00:00,1.8662,1.8684,1.8661,1.8679,294756.6
2025-12-28 13:25:00+00:00,1.868,1.8688,1.8669,1.8674,296967.8
2025-12-28 13:30:00+00:00,1.8674,1.8681,1.8671,1.8672,428298.5
2025-12-28 13:35:00+00:00,1.8673,1.8696,1.8673,1.869,381798.8
2025-12-28 13:40:00+00:00,1.869,1.869,1.8678,1.8679,192327.5
2025-12-28 13:45:00+00:00,1.8679,1.8681,1.8669,1.8669,334177.1
2025-12-28 13:50:00+00:00,1.8669,1.868,1.8662,1.8662,361832.2
2025-12-28 13:55:00+00:00,1.8663,1.8669,1.8651,1.8665,596289.4
2025-12-28 14:00:00+00:00,1.8664,1.8693,1.8661,1.869,665532.4
2025-12-28 14:05:00+00:00,1.869,1.8709,1.8682,1.8704,702201.6
2025-12-28 14:10:00+00:00,1.8703,1.8707,1.8695,1.87,466850.6
2025-12-28 14:15:00+00:00,1.87,1.8712,1.8699,1.8712,402569.5
2025-12-28 14:20:00+00:00,1.8713,1.8718,1.8697,1.8701,584137.2
2025-12-28 14:25:00+00:00,1.8701,1.8727,1.8701,1.8719,411680.0
2025-12-28 14:30:00+00:00,1.8719,1.8725,1.8706,1.8718,314859.8
2025-12-28 14:35:00+00:00,1.8718,1.8726,1.8703,1.8722,696204.2
2025-12-28 14:40:00+00:00,1.8722,1.8761,1.8722,1.8736,1777850.6
2025-12-28 14:45:00+00:00,1.8736,1.8757,1.8732,1.8746,814141.2
2025-12-28 14:50:00+00:00,1.8746,1.8751,1.8708,1.8708,929465.2
2025-12-28 14:55:00+00:00,1.8709,1.8716,1.87,1.8702,590372.3
2025-12-28 15:00:00+00:00,1.8702,1.8721,1.8693,1.8715,548572.6
2025-12-28 15:05:00+00:00,1.8715,1.8733,1.8712,1.8729,457468.3
2025-12-28 15:10:00+00:00,1.8729,1.8746,1.8726,1.8732,548010.9
2025-12-28 15:15:00+00:00,1.8732,1.874,1.8723,1.8727,218914.2
2025-12-28 15:20:00+00:00,1.8727,1.8738,1.8705,1.8706,341491.7
2025-12-28 15:25:00+00:00,1.8705,1.8721,1.8705,1.8716,545485.5
2025-12-28 15:30:00+00:00,1.8715,1.8719,1.8694,1.8696,713598.8
2025-12-28 15:35:00+00:00,1.8697,1.8741,1.8696,1.8732,990833.8
2025-12-28 15:40:00+00:00,1.8732,1.8735,1.8721,1.8728,423657.5
2025-12-28 15:45:00+00:00,1.8728,1.8735,1.872,1.8722,269358.3
2025-12-28 15:50:00+00:00,1.8723,1.8726,1.869,1.8691,592250.2
2025-12-28 15:55:00+00:00,1.8691,1.8699,1.8681,1.8692,874705.9
2025-12-28 16:00:00+00:00,1.8691,1.8706,1.8691,1.8706,748657.9
2025-12-28 16:05:00+00:00,1.8706,1.8709,1.8694,1.8707,325332.8
2025-12-28 16:10:00+00:00,1.8707,1.8708,1.8693,1.8704,310132.4
2025-12-28 16:15:00+00:00,1.8705,1.8722,1.8697,1.8705,545002.7
2025-12-28 16:20:00+00:00,1.8705,1.8709,1.8663,1.8666,631426.0
2025-12-28 16:25:00+00:00,1.8665,1.8685,1.8652,1.8677,1039295.9
2025-12-28 16:30:00+00:00,1.8676,1.869,1.8668,1.8673,768958.0
2025-12-28 16:35:00+00:00,1.8674,1.8675,1.8666,1.8666,393130.4
2025-12-28 16:40:00+00:00,1.8667,1.8674,1.8653,1.8654,415947.1
2025-12-28 16:45:00+00:00,1.8653,1.8664,1.8652,1.8661,266575.6
2025-12-28 16:50:00+00:00,1.8661,1.8664,1.8654,1.8662,290862.8
2025-12-28 16:55:00+00:00,1.8662,1.8666,1.8654,1.8658,638927.3
2025-12-28 17:00:00+00:00,1.8657,1.8668,1.8654,1.8667,316472.6
2025-12-28 17:05:00+00:00,1.8667,1.8686,1.8663,1.8682,357345.8
2025-12-28 17:10:00+00:00,1.8683,1.8691,1.8679,1.8688,265943.8
2025-12-28 17:15:00+00:00,1.8687,1.8702,1.8686,1.8694,597127.7
2025-12-28 17:20:00+00:00,1.8693,1.8708,1.8692,1.8708,278489.1
2025-12-28 17:25:00+00:00,1.8708,1.8708,1.8699,1.87,473250.1
2025-12-28 17:30:00+00:00,1.87,1.8704,1.868,1.8685,444366.3
2025-12-28 17:35:00+00:00,1.8685,1.8702,1.8684,1.8693,183074.6
2025-12-28 17:40:00+00:00,1.8693,1.8698,1.869,1.8698,97766.6
2025-12-28 17:45:00+00:00,1.8698,1.8706,1.8692,1.8701,350295.7
2025-12-28 17:50:00+00:00,1.8701,1.8702,1.8687,1.869,285043.3
2025-12-28 17:55:00+00:00,1.8691,1.8694,1.8674,1.8674,314469.4
2025-12-28 18:00:00+00:00,1.8674,1.8678,1.8604,1.8629,4667183.2
2025-12-28 18:05:00+00:00,1.8629,1.8641,1.8616,1.8636,1432159.5
2025-12-28 18:10:00+00:00,1.8636,1.8639,1.8612,1.8618,786711.4
2025-12-28 18:15:00+00:00,1.8618,1.8618,1.8517,1.8587,10432504.4
2025-12-28 18:20:00+00:00,1.8587,1.8594,1.8571,1.858,1470967.2
2025-12-28 18:25:00+00:00,1.8581,1.8594,1.8573,1.8592,1021857.0
2025-12-28 18:30:00+00:00,1.8592,1.8605,1.8583,1.8605,669234.3
2025-12-28 18:35:00+00:00,1.8605,1.8612,1.8601,1.8609,556516.5
2025-12-28 18:40:00+00:00,1.8609,1.8612,1.8595,1.8595,312416.2
2025-12-28 18:45:00+00:00,1.8596,1.8596,1.8548,1.8575,1185615.1
2025-12-28 18:50:00+00:00,1.8575,1.8579,1.8553,1.8557,956054.5
2025-12-28 18:55:00+00:00,1.8556,1.8569,1.8556,1.8559,397946.2
2025-12-28 19:00:00+00:00,1.8559,1.8566,1.8532,1.8532,992862.6
2025-12-28 19:05:00+00:00,1.8533,1.8566,1.8528,1.8566,1261601.1
2025-12-28 19:10:00+00:00,1.8567,1.8596,1.8567,1.8579,785207.1
2025-12-28 19:15:00+00:00,1.8579,1.8579,1.856,1.8561,323689.1
2025-12-28 19:20:00+00:00,1.8562,1.8583,1.8544,1.8552,1271432.1
2025-12-28 19:25:00+00:00,1.8553,1.8559,1.8544,1.8548,338258.3
2025-12-28 19:30:00+00:00,1.8547,1.8562,1.8543,1.8551,858897.8
2025-12-28 19:35:00+00:00,1.8551,1.8559,1.8537,1.8546,373736.6
2025-12-28 19:40:00+00:00,1.8547,1.8549,1.8536,1.8539,333550.5
2025-12-28 19:45:00+00:00,1.854,1.8564,1.8535,1.8563,654815.3
2025-12-28 19:50:00+00:00,1.8563,1.8571,1.8562,1.8571,273440.3
2025-12-28 19:55:00+00:00,1.857,1.857,1.8558,1.8564,309164.3
2025-12-28 20:00:00+00:00,1.8563,1.8566,1.855,1.855,583714.2
2025-12-28 20:05:00+00:00,1.855,1.8572,1.8531,1.8559,1149919.2
2025-12-28 20:10:00+00:00,1.8559,1.856,1.854,1.856,399163.3
2025-12-28 20:15:00+00:00,1.856,1.8592,1.856,1.8589,671838.8
2025-12-28 20:20:00+00:00,1.859,1.8605,1.8582,1.8598,456257.1
2025-12-28 20:25:00+00:00,1.8598,1.8613,1.8595,1.8604,514461.5
2025-12-28 20:30:00+00:00,1.8604,1.8604,1.8582,1.8592,441133.2
2025-12-28 20:35:00+00:00,1.8593,1.8602,1.8592,1.8601,206112.8
2025-12-28 20:40:00+00:00,1.8601,1.8605,1.8597,1.86,147686.8
2025-12-28 20:45:00+00:00,1.8601,1.8609,1.8587,1.8608,495352.5
2025-12-28 20:50:00+00:00,1.8609,1.862,1.8593,1.8596,629795.4
2025-12-28 20:55:00+00:00,1.8595,1.8596,1.8569,1.8572,649126.9
2025-12-28 21:00:00+00:00,1.8572,1.8581,1.8555,1.8555,528845.7
2025-12-28 21:05:00+00:00,1.8556,1.8578,1.8544,1.8576,569667.7
2025-12-28 21:10:00+00:00,1.8576,1.8582,1.856,1.8577,661970.5
2025-12-28 21:15:00+00:00,1.8576,1.8598,1.8576,1.8592,473007.4
2025-12-28 21:20:00+00:00,1.8592,1.8592,1.8564,1.8575,336159.6
2025-12-28 21:25:00+00:00,1.8576,1.8585,1.8568,1.8572,249776.4
2025-12-28 21:30:00+00:00,1.8571,1.8583,1.8565,1.8583,344409.8
2025-12-28 21:35:00+00:00,1.8582,1.8595,1.8576,1.8577,184719.7
2025-12-28 21:40:00+00:00,1.8576,1.8589,1.8571,1.8585,212317.3
2025-12-28 21:45:00+00:00,1.8585,1.8598,1.8582,1.8596,183611.8
2025-12-28 21:50:00+00:00,1.8596,1.86,1.8586,1.8599,158512.9
2025-12-28 21:55:00+00:00,1.8599,1.8621,1.8599,1.8611,2126597.2
2025-12-28 22:00:00+00:00,1.8611,1.8618,1.8599,1.8615,956869.5
2025-12-28 22:05:00+00:00,1.8616,1.8616,1.8612,1.8613,102095.7
2025-12-28 22:10:00+00:00,1.8613,1.8624,1.8598,1.8619,984799.5
2025-12-28 22:15:00+00:00,1.8619,1.8619,1.8591,1.8601,424791.5
2025-12-28 22:20:00+00:00,1.8601,1.8629,1.86,1.8625,493426.4
2025-12-28 22:25:00+00:00,1.8626,1.8632,1.8612,1.8618,498366.0
2025-12-28 22:30:00+00:00,1.8618,1.8618,1.8599,1.8602,158030.4
2025-12-28 22:35:00+00:00,1.8601,1.8621,1.8601,1.8617,294353.8
2025-12-28 22:40:00+00:00,1.8617,1.8639,1.8617,1.8633,280459.2
2025-12-28 22:45:00+00:00,1.8633,1.8658,1.8632,1.8658,689911.1
2025-12-28 22:50:00+00:00,1.8658,1.8706,1.8656,1.8693,1077686.0
2025-12-28 22:55:00+00:00,1.8693,1.8698,1.8669,1.8679,583725.4
2025-12-28 23:00:00+00:00,1.8679,1.8697,1.8635,1.8636,961092.1
2025-12-28 23:05:00+00:00,1.8635,1.8635,1.8614,1.8626,879999.6
2025-12-28 23:10:00+00:00,1.8626,1.8629,1.8612,1.8621,572567.9
2025-12-28 23:15:00+00:00,1.862,1.8654,1.8617,1.8644,479316.9
2025-12-28 23:20:00+00:00,1.8643,1.8644,1.8618,1.8625,602351.8
2025-12-28 23:25:00+00:00,1.8625,1.8626,1.8603,1.8603,549819.0
2025-12-28 23:30:00+00:00,1.8604,1.8619,1.8586,1.8612,625621.8
2025-12-28 23:35:00+00:00,1.8613,1.8637,1.8613,1.8625,438412.2
2025-12-28 23:40:00+00:00,1.8624,1.8636,1.8624,1.8632,186557.5
2025-12-28 23:45:00+00:00,1.8632,1.8668,1.8628,1.866,944133.1
2025-12-28 23:50:00+00:00,1.8659,1.8674,1.8641,1.8644,809757.1
2025-12-28 23:55:00+00:00,1.8644,1.8652,1.8639,1.8646,337585.4
2025-12-29 00:00:00+00:00,1.8646,1.865,1.8623,1.8636,849208.6
2025-12-29 00:05:00+00:00,1.8636,1.867,1.8636,1.8652,515713.4
2025-12-29 00:10:00+00:00,1.8653,1.8658,1.8636,1.8643,536793.2
2025-12-29 00:15:00+00:00,1.8644,1.8649,1.8626,1.8628,577853.2
2025-12-29 00:20:00+00:00,1.8627,1.8702,1.8619,1.8673,1474798.2
2025-12-29 00:25:00+00:00,1.8674,1.8706,1.8674,1.8698,737444.4
2025-12-29 00:30:00+00:00,1.8699,1.877,1.8699,1.8735,4933332.3
2025-12-29 00:35:00+00:00,1.8735,1.8763,1.8728,1.8739,1919253.3
2025-12-29 00:40:00+00:00,1.8739,1.8748,1.8726,1.8732,1095158.6
2025-12-29 00:45:00+00:00,1.8731,1.8761,1.8716,1.876,1244128.8
2025-12-29 00:50:00+00:00,1.8759,1.8768,1.8716,1.8734,1152000.9
2025-12-29 00:55:00+00:00,1.8733,1.8738,1.872,1.8727,420555.8
2025-12-29 01:00:00+00:00,1.8726,1.8742,1.8681,1.8681,1938375.3
2025-12-29 01:05:00+00:00,1.8682,1.8699,1.8675,1.8699,916019.3
2025-12-29 01:10:00+00:00,1.8699,1.8704,1.8688,1.8695,443841.7
2025-12-29 01:15:00+00:00,1.8695,1.8702,1.8642,1.8702,1477000.7
2025-12-29 01:20:00+00:00,1.8703,1.8713,1.8695,1.8709,459143.5
2025-12-29 01:25:00+00:00,1.8708,1.8736,1.87,1.8723,520283.7
2025-12-29 01:30:00+00:00,1.8723,1.8728,1.8698,1.8728,690408.1
2025-12-29 01:35:00+00:00,1.8728,1.88,1.8715,1.8793,3243927.2
2025-12-29 01:40:00+00:00,1.8792,1.886,1.879,1.8807,6742154.7
2025-12-29 01:45:00+00:00,1.8807,1.8852,1.8806,1.883,1593297.7
2025-12-29 01:50:00+00:00,1.883,1.8841,1.88,1.8819,1108779.3
2025-12-29 01:55:00+00:00,1.8819,1.8835,1.8802,1.8813,571207.3
2025-12-29 02:00:00+00:00,1.8813,1.886,1.8813,1.8856,2130329.8
2025-12-29 02:05:00+00:00,1.8857,1.895,1.8857,1.891,8117016.6
2025-12-29 02:10:00+00:00,1.8909,1.8946,1.8904,1.8933,1849114.0
2025-12-29 02:15:00+00:00,1.8934,1.8968,1.8889,1.8922,3627481.8
2025-12-29 02:20:00+00:00,1.8923,1.8924,1.8868,1.8884,1711248.4
2025-12-29 02:25:00+00:00,1.8885,1.8918,1.8885,1.891,1162609.4
2025-12-29 02:30:00+00:00,1.891,1.8947,1.8904,1.8913,1341959.2
2025-12-29 02:35:00+00:00,1.8914,1.8941,1.8894,1.8897,1042228.5
2025-12-29 02:40:00+00:00,1.8897,1.892,1.8893,1.8894,619747.4
2025-12-29 02:45:00+00:00,1.8893,1.8905,1.8892,1.8899,393029.3
2025-12-29 02:50:00+00:00,1.8899,1.892,1.8899,1.891,670936.4
2025-12-29 02:55:00+00:00,1.8909,1.8924,1.8902,1.8911,483410.9
2025-12-29 03:00:00+00:00,1.8911,1.8927,1.8904,1.8927,846562.0
2025-12-29 03:05:00+00:00,1.8927,1.8948,1.8924,1.8945,759384.8
2025-12-29 03:10:00+00:00,1.8945,1.8971,1.8939,1.897,1604454.3
2025-12-29 03:15:00+00:00,1.897,1.8985,1.8966,1.8981,1295811.0
2025-12-29 03:20:00+00:00,1.898,1.8987,1.8954,1.8957,806183.6
2025-12-29 03:25:00+00:00,1.8957,1.899,1.8957,1.8986,989714.3
2025-12-29 03:30:00+00:00,1.8986,1.908,1.8985,1.9039,4620144.4
2025-12-29 03:35:00+00:00,1.9039,1.9122,1.9039,1.9115,5568833.5
2025-12-29 03:40:00+00:00,1.9114,1.9164,1.9098,1.9124,3350639.2
2025-12-29 03:45:00+00:00,1.9123,1.9139,1.9098,1.9134,1917414.4
2025-12-29 03:50:00+00:00,1.9134,1.9159,1.9129,1.9149,1747923.5
2025-12-29 03:55:00+00:00,1.9149,1.9167,1.9133,1.9141,1766007.5
2025-12-29 04:00:00+00:00,1.9141,1.917,1.9118,1.9135,2647472.6
2025-12-29 04:05:00+00:00,1.9135,1.9149,1.9097,1.9111,1500789.9
2025-12-29 04:10:00+00:00,1.9111,1.9133,1.9092,1.9131,1905615.6
2025-12-29 04:15:00+00:00,1.913,1.9159,1.9126,1.9142,1125839.4
2025-12-29 04:20:00+00:00,1.9142,1.9161,1.9091,1.9097,1767262.9
2025-12-29 04:25:00+00:00,1.9098,1.9112,1.9093,1.9105,766758.5
2025-12-29 04:30:00+00:00,1.9105,1.9118,1.9097,1.9116,1255872.6
2025-12-29 04:35:00+00:00,1.9117,1.9158,1.9114,1.9142,1059111.4
2025-12-29 04:40:00+00:00,1.9141,1.9149,1.9115,1.9117,965617.9
2025-12-29 04:45:00+00:00,1.9117,1.9138,1.911,1.9111,751717.4
2025-12-29 04:50:00+00:00,1.9112,1.9131,1.9104,1.9131,683700.7
2025-12-29 04:55:00+00:00,1.913,1.9142,1.913,1.9133,760314.8
2025-12-29 05:00:00+00:00,1.9133,1.9136,1.9115,1.9115,819627.8
2025-12-29 05:05:00+00:00,1.9115,1.9139,1.9107,1.9107,1277327.3
2025-12-29 05:10:00+00:00,1.9108,1.914,1.9104,1.9134,1323296.8
2025-12-29 05:15:00+00:00,1.9135,1.9135,1.9069,1.907,2774110.7
2025-12-29 05:20:00+00:00,1.9069,1.9088,1.9062,1.9084,1030361.7
2025-12-29 05:25:00+00:00,1.9083,1.9089,1.9073,1.9075,810841.5
2025-12-29 05:30:00+00:00,1.9074,1.9076,1.9053,1.9059,1534006.1
2025-12-29 05:35:00+00:00,1.9059,1.9086,1.9059,1.907,1306294.1
2025-12-29 05:40:00+00:00,1.907,1.9098,1.907,1.909,939268.3
2025-12-29 05:45:00+00:00,1.909,1.909,1.9065,1.9073,888276.7
2025-12-29 05:50:00+00:00,1.9073,1.9074,1.9025,1.9036,1530768.8
2025-12-29 05:55:00+00:00,1.9037,1.9047,1.9017,1.9018,1032465.4
2025-12-29 06:00:00+00:00,1.9018,1.9024,1.8993,1.8995,1921923.8
2025-12-29 06:05:00+00:00,1.8995,1.9041,1.898,1.9034,1910308.1
2025-12-29 06:10:00+00:00,1.9033,1.9052,1.9033,1.9043,728881.8
2025-12-29 06:15:00+00:00,1.9044,1.9079,1.9043,1.9072,815088.8
2025-12-29 06:20:00+00:00,1.9072,1.9073,1.904,1.9051,473150.5
2025-12-29 06:25:00+00:00,1.9051,1.9051,1.9022,1.9024,529791.4
2025-12-29 06:30:00+00:00,1.9024,1.9041,1.902,1.9031,850756.8
2025-12-29 06:35:00+00:00,1.9031,1.9051,1.9029,1.903,598941.4
2025-12-29 06:40:00+00:00,1.903,1.9051,1.9029,1.905,451605.7
2025-12-29 06:45:00+00:00,1.905,1.905,1.9019,1.9035,650600.8
2025-12-29 06:50:00+00:00,1.9035,1.9039,1.9017,1.9018,583887.7
2025-12-29 06:55:00+00:00,1.9019,1.9021,1.9005,1.901,924499.1
2025-12-29 07:00:00+00:00,1.9009,1.9035,1.8997,1.8999,1289705.6
2025-12-29 07:05:00+00:00,1.8999,1.9002,1.8923,1.8952,4940483.5
2025-12-29 07:10:00+00:00,1.8952,1.8998,1.8948,1.8973,1494215.2
2025-12-29 07:15:00+00:00,1.8974,1.8981,1.893,1.8936,1415191.1
2025-12-29 07:20:00+00:00,1.8937,1.894,1.8906,1.8933,2353584.7
2025-12-29 07:25:00+00:00,1.8934,1.8942,1.892,1.892,728877.5
2025-12-29 07:30:00+00:00,1.8921,1.8973,1.8921,1.896,933394.2
2025-12-29 07:35:00+00:00,1.896,1.8997,1.896,1.8989,868728.0
2025-12-29 07:40:00+00:00,1.8989,1.8989,1.8952,1.8959,713602.5
2025-12-29 07:45:00+00:00,1.8958,1.8995,1.8957,1.8995,626223.3
2025-12-29 07:50:00+00:00,1.8994,1.9013,1.8988,1.9013,750104.1
2025-12-29 07:55:00+00:00,1.9013,1.9014,1.8995,1.9002,563086.3
2025-12-29 08:00:00+00:00,1.9002,1.9009,1.8971,1.8981,908994.8
2025-12-29 08:05:00+00:00,1.8982,1.8998,1.8978,1.8992,593424.1
2025-12-29 08:10:00+00:00,1.8991,1.9031,1.8991,1.9025,1594240.8
2025-12-29 08:15:00+00:00,1.9025,1.9029,1.9012,1.9018,953616.7
2025-12-29 08:20:00+00:00,1.9019,1.9042,1.9013,1.9038,1333337.7
2025-12-29 08:25:00+00:00,1.9038,1.9043,1.9029,1.9036,1115778.0
2025-12-29 08:30:00+00:00,1.9037,1.904,1.9018,1.9037,941401.1
2025-12-29 08:35:00+00:00,1.9037,1.904,1.8987,1.9002,1037901.9
2025-12-29 08:40:00+00:00,1.9001,1.9012,1.9001,1.9008,773714.5
2025-12-29 08:45:00+00:00,1.9007,1.9016,1.9,1.9012,868632.7
2025-12-29 08:50:00+00:00,1.9012,1.9014,1.8957,1.8964,1594891.1
2025-12-29 08:55:00+00:00,1.8964,1.8984,1.8963,1.898,658047.7
2025-12-29 09:00:00+00:00,1.898,1.8988,1.8957,1.8976,1030583.3
2025-12-29 09:05:00+00:00,1.8977,1.8982,1.8951,1.8957,895696.0
2025-12-29 09:10:00+00:00,1.8957,1.8975,1.8956,1.8965,590164.8
2025-12-29 09:15:00+00:00,1.8965,1.8978,1.8958,1.8977,481605.6
2025-12-29 09:20:00+00:00,1.8976,1.8982,1.8968,1.8971,447921.5
2025-12-29 09:25:00+00:00,1.8971,1.8971,1.8932,1.894,859873.5
2025-12-29 09:30:00+00:00,1.8941,1.8945,1.8821,1.884,6682910.7
2025-12-29 09:35:00+00:00,1.884,1.8842,1.8742,1.8776,9378563.3
2025-12-29 09:40:00+00:00,1.8775,1.8788,1.8703,1.873,7362950.3
2025-12-29 09:45:00+00:00,1.873,1.873,1.865,1.8711,8114773.9
2025-12-29 09:50:00+00:00,1.8712,1.8725,1.867,1.8709,3510419.7
2025-12-29 09:55:00+00:00,1.8708,1.8754,1.8678,1.8753,3978077.8
2025-12-29 10:00:00+00:00,1.8752,1.8777,1.8728,1.876,1968340.1
2025-12-29 10:05:00+00:00,1.876,1.879,1.8732,1.8785,2480317.9
2025-12-29 10:10:00+00:00,1.8786,1.8825,1.877,1.879,2915834.6
2025-12-29 10:15:00+00:00,1.879,1.8793,1.8761,1.877,1583405.9
2025-12-29 10:20:00+00:00,1.8769,1.8789,1.8769,1.8781,627978.5
2025-12-29 10:25:00+00:00,1.878,1.8782,1.8767,1.8773,697431.8
2025-12-29 10:30:00+00:00,1.8773,1.8774,1.8752,1.8752,821379.5
2025-12-29 10:35:00+00:00,1.8752,1.8779,1.8746,1.8764,692758.4
2025-12-29 10:40:00+00:00,1.8764,1.8778,1.876,1.8774,401458.4
2025-12-29 10:45:00+00:00,1.8774,1.8795,1.8765,1.8767,571864.3
2025-12-29 10:50:00+00:00,1.8767,1.8783,1.8766,1.8775,807962.0
2025-12-29 10:55:00+00:00,1.8776,1.8777,1.8722,1.8751,1607631.0
2025-12-29 11:00:00+00:00,1.875,1.876,1.8721,1.8733,1337901.0
2025-12-29 11:05:00+00:00,1.8734,1.8761,1.8721,1.8756,756938.7
2025-12-29 11:10:00+00:00,1.8756,1.8761,1.8754,1.8757,363383.0
2025-12-29 11:15:00+00:00,1.8757,1.8759,1.8742,1.8749,649451.8
2025-12-29 11:20:00+00:00,1.8749,1.8763,1.8738,1.8744,587356.5
2025-12-29 11:25:00+00:00,1.8745,1.8757,1.874,1.8745,455795.2
2025-12-29 11:30:00+00:00,1.8744,1.8744,1.8729,1.8739,779355.1
2025-12-29 11:35:00+00:00,1.8739,1.874,1.8726,1.873,435597.5
2025-12-29 11:40:00+00:00,1.8729,1.8744,1.8721,1.8725,616595.0
2025-12-29 11:45:00+00:00,1.8726,1.8741,1.8716,1.8721,2301232.5
2025-12-29 11:50:00+00:00,1.8721,1.8728,1.8705,1.8723,781179.5
2025-12-29 11:55:00+00:00,1.8722,1.8722,1.8706,1.8708,815653.9
2025-12-29 12:00:00+00:00,1.8708,1.8728,1.8689,1.872,1715913.2
2025-12-29 12:05:00+00:00,1.872,1.872,1.8574,1.8611,12841074.7
2025-12-29 12:10:00+00:00,1.8611,1.8621,1.8541,1.8597,6425901.6
2025-12-29 12:15:00+00:00,1.8597,1.8597,1.8544,1.8572,4050504.4
2025-12-29 12:20:00+00:00,1.8573,1.8656,1.8553,1.864,4106503.3
2025-12-29 12:25:00+00:00,1.8641,1.8669,1.8622,1.8643,2804224.8
2025-12-29 12:30:00+00:00,1.8643,1.8658,1.8626,1.8646,1758618.0
2025-12-29 12:35:00+00:00,1.8647,1.8661,1.8637,1.8658,965989.2
2025-12-29 12:40:00+00:00,1.8659,1.8675,1.8647,1.8654,994026.3
2025-12-29 12:45:00+00:00,1.8654,1.8671,1.8647,1.8667,719602.2
2025-12-29 12:50:00+00:00,1.8667,1.8676,1.8662,1.8669,459940.5
2025-12-29 12:55:00+00:00,1.8669,1.867,1.8654,1.8661,374391.7
2025-12-29 13:00:00+00:00,1.8662,1.8692,1.8647,1.8683,1527677.1
2025-12-29 13:05:00+00:00,1.8683,1.8683,1.8654,1.8667,497963.3
2025-12-29 13:10:00+00:00,1.8668,1.8668,1.8644,1.8651,911540.7
2025-12-29 13:15:00+00:00,1.865,1.8672,1.865,1.8662,1240110.8
2025-12-29 13:20:00+00:00,1.8662,1.8664,1.8644,1.8649,483316.5
2025-12-29 13:25:00+00:00,1.8649,1.865,1.8614,1.862,1276737.1
2025-12-29 13:30:00+00:00,1.8619,1.863,1.8612,1.8618,582862.0
2025-12-29 13:35:00+00:00,1.8617,1.8623,1.86,1.8606,533830.8
2025-12-29 13:40:00+00:00,1.8605,1.8607,1.8591,1.8599,1543729.5
2025-12-29 13:45:00+00:00,1.8598,1.861,1.8583,1.8588,1003451.7
2025-12-29 13:50:00+00:00,1.8588,1.8603,1.8566,1.8602,1305882.1
2025-12-29 13:55:00+00:00,1.8601,1.8625,1.859,1.8624,1058827.7
2025-12-29 14:00:00+00:00,1.8623,1.8634,1.8613,1.8624,938043.6
2025-12-29 14:05:00+00:00,1.8624,1.8649,1.8599,1.8622,1948416.2
2025-12-29 14:10:00+00:00,1.8621,1.864,1.8601,1.8636,968461.2
2025-12-29 14:15:00+00:00,1.8636,1.8655,1.8625,1.8644,1270933.7
2025-12-29 14:20:00+00:00,1.8644,1.8647,1.8587,1.8611,915786.6
2025-12-29 14:25:00+00:00,1.8611,1.8667,1.8611,1.8663,983682.1
2025-12-29 14:30:00+00:00,1.8663,1.8758,1.8634,1.8728,5834721.9
2025-12-29 14:35:00+00:00,1.8728,1.8779,1.8706,1.8731,3620228.1
2025-12-29 14:40:00+00:00,1.873,1.8738,1.8676,1.8736,2666837.7
2025-12-29 14:45:00+00:00,1.8736,1.8749,1.8709,1.8727,1835415.3
2025-12-29 14:50:00+00:00,1.8728,1.8738,1.8676,1.868,2380584.0
2025-12-29 14:55:00+00:00,1.868,1.8703,1.8633,1.8658,2456545.3
2025-12-29 15:00:00+00:00,1.8658,1.8666,1.8625,1.8635,2127029.2
2025-12-29 15:05:00+00:00,1.8636,1.8663,1.8624,1.866,2143590.8
2025-12-29 15:10:00+00:00,1.866,1.8712,1.8652,1.871,1882331.1
2025-12-29 15:15:00+00:00,1.8709,1.8734,1.8679,1.8687,1916248.0
2025-12-29 15:20:00+00:00,1.8687,1.8711,1.8667,1.871,611137.7
2025-12-29 15:25:00+00:00,1.8711,1.8733,1.8696,1.8708,702731.3
2025-12-29 15:30:00+00:00,1.8707,1.8723,1.8677,1.8683,792032.5
2025-12-29 15:35:00+00:00,1.8684,1.8709,1.8652,1.8668,1286471.6
2025-12-29 15:40:00+00:00,1.8668,1.8704,1.8666,1.8696,769626.2
2025-12-29 15:45:00+00:00,1.8696,1.8696,1.8659,1.8664,984473.7
2025-12-29 15:50:00+00:00,1.8664,1.8666,1.8633,1.8639,967829.5
2025-12-29 15:55:00+00:00,1.8638,1.8673,1.8632,1.8641,780781.8
2025-12-29 16:00:00+00:00,1.8641,1.8668,1.8625,1.8646,1797257.2
2025-12-29 16:05:00+00:00,1.8647,1.8664,1.8635,1.8658,818143.7
2025-12-29 16:10:00+00:00,1.8658,1.868,1.8648,1.8658,529534.3
2025-12-29 16:15:00+00:00,1.8659,1.8659,1.8602,1.8627,1391480.7
2025-12-29 16:20:00+00:00,1.8626,1.8627,1.8603,1.8617,950271.4
2025-12-29 16:25:00+00:00,1.8617,1.8618,1.8568,1.8599,2568348.4
2025-12-29 16:30:00+00:00,1.8599,1.8616,1.8592,1.8602,796595.7
2025-12-29 16:35:00+00:00,1.8601,1.8627,1.8594,1.8608,603503.8
2025-12-29 16:40:00+00:00,1.8608,1.8616,1.8599,1.8612,368789.6
2025-12-29 16:45:00+00:00,1.8613,1.8652,1.8607,1.8638,697717.0
2025-12-29 16:50:00+00:00,1.8637,1.8647,1.8601,1.8607,599713.9
2025-12-29 16:55:00+00:00,1.8608,1.8626,1.8608,1.8611,486855.2
2025-12-29 17:00:00+00:00,1.8611,1.8636,1.861,1.8632,797802.8
2025-12-29 17:05:00+00:00,1.8632,1.8632,1.861,1.8612,498310.6
2025-12-29 17:10:00+00:00,1.8612,1.8622,1.8605,1.8614,377026.8
2025-12-29 17:15:00+00:00,1.8614,1.8636,1.86,1.8627,1075523.8
2025-12-29 17:20:00+00:00,1.8627,1.8645,1.861,1.8615,1174656.0
2025-12-29 17:25:00+00:00,1.8616,1.8627,1.8581,1.8596,980119.0
2025-12-29 17:30:00+00:00,1.8597,1.8609,1.8586,1.8598,1030567.7
2025-12-29 17:35:00+00:00,1.8598,1.8602,1.8575,1.8589,1003941.5
2025-12-29 17:40:00+00:00,1.8589,1.8607,1.8583,1.8599,376933.8
2025-12-29 17:45:00+00:00,1.8599,1.8643,1.8599,1.8633,1021970.2
2025-12-29 17:50:00+00:00,1.8633,1.8652,1.8633,1.8644,938249.8
2025-12-29 17:55:00+00:00,1.8645,1.8648,1.8634,1.8645,793529.0
2025-12-29 18:00:00+00:00,1.8646,1.8665,1.8632,1.8659,849543.9
2025-12-29 18:05:00+00:00,1.8658,1.8659,1.86,1.8605,1401483.0
2025-12-29 18:10:00+00:00,1.8605,1.8615,1.8593,1.8608,1054555.9
2025-12-29 18:15:00+00:00,1.8609,1.8631,1.8606,1.8625,760753.0
2025-12-29 18:20:00+00:00,1.8625,1.8644,1.8621,1.8631,402440.2
2025-12-29 18:25:00+00:00,1.8632,1.8632,1.8602,1.8607,502930.5
2025-12-29 18:30:00+00:00,1.8608,1.8626,1.8608,1.8611,326296.3
2025-12-29 18:35:00+00:00,1.8612,1.8624,1.8598,1.8601,452649.7
2025-12-29 18:40:00+00:00,1.8601,1.8604,1.8578,1.8586,877276.9
2025-12-29 18:45:00+00:00,1.8586,1.8591,1.8575,1.8583,642928.2
2025-12-29 18:50:00+00:00,1.8583,1.8586,1.8569,1.8575,834985.5
2025-12-29 18:55:00+00:00,1.8576,1.8576,1.8532,1.8539,4060395.5
2025-12-29 19:00:00+00:00,1.854,1.854,1.8478,1.8519,5073221.7
2025-12-29 19:05:00+00:00,1.8519,1.8572,1.8514,1.8569,2449242.6
2025-12-29 19:10:00+00:00,1.8569,1.8581,1.8548,1.8559,1216891.8
2025-12-29 19:15:00+00:00,1.8559,1.857,1.8547,1.857,635597.0
2025-12-29 19:20:00+00:00,1.8569,1.8586,1.8553,1.8555,635306.3
2025-12-29 19:25:00+00:00,1.8555,1.8561,1.8538,1.8546,695188.5
2025-12-29 19:30:00+00:00,1.8547,1.8579,1.8547,1.8568,601996.5
2025-12-29 19:35:00+00:00,1.8568,1.8568,1.8525,1.8536,771658.6
2025-12-29 19:40:00+00:00,1.8536,1.8538,1.852,1.8527,455379.6
2025-12-29 19:45:00+00:00,1.8528,1.8539,1.8514,1.8519,905443.3
2025-12-29 19:50:00+00:00,1.8519,1.853,1.8505,1.8524,883105.3
2025-12-29 19:55:00+00:00,1.8524,1.8524,1.8513,1.8522,371716.6
2025-12-29 20:00:00+00:00,1.8522,1.8525,1.8491,1.8516,1234304.7
2025-12-29 20:05:00+00:00,1.8516,1.8547,1.8508,1.854,862160.7
2025-12-29 20:10:00+00:00,1.854,1.8556,1.8509,1.8542,1106486.5
2025-12-29 20:15:00+00:00,1.8542,1.8562,1.8523,1.8531,933293.5
2025-12-29 20:20:00+00:00,1.8532,1.854,1.8513,1.8517,635280.4
2025-12-29 20:25:00+00:00,1.8518,1.8518,1.8479,1.848,1356923.6
2025-12-29 20:30:00+00:00,1.848,1.8504,1.847,1.8482,1470794.7
2025-12-29 20:35:00+00:00,1.8482,1.8493,1.844,1.8475,2572780.6
2025-12-29 20:40:00+00:00,1.8475,1.8485,1.8467,1.8478,729131.0
2025-12-29 20:45:00+00:00,1.8479,1.8484,1.8468,1.8474,1165787.9
2025-12-29 20:50:00+00:00,1.8475,1.8489,1.846,1.848,1219337.4
2025-12-29 20:55:00+00:00,1.848,1.8499,1.8478,1.8483,1393564.5
2025-12-29 21:00:00+00:00,1.8483,1.8497,1.8472,1.8493,1331325.2
2025-12-29 21:05:00+00:00,1.8493,1.8503,1.8485,1.8494,707111.6
2025-12-29 21:10:00+00:00,1.8494,1.851,1.8492,1.8505,598577.2
2025-12-29 21:15:00+00:00,1.8505,1.8505,1.8483,1.8485,485678.5
2025-12-29 21:20:00+00:00,1.8485,1.8488,1.847,1.8475,452771.5
2025-12-29 21:25:00+00:00,1.8474,1.8491,1.8473,1.8483,257745.1
2025-12-29 21:30:00+00:00,1.8483,1.8494,1.8471,1.8494,491522.6
2025-12-29 21:35:00+00:00,1.8493,1.8507,1.848,1.8506,319525.2
2025-12-29 21:40:00+00:00,1.8507,1.8529,1.8506,1.8524,455738.3
2025-12-29 21:45:00+00:00,1.8525,1.8525,1.8516,1.8519,327354.6
2025-12-29 21:50:00+00:00,1.8519,1.853,1.8513,1.8517,368473.4
2025-12-29 21:55:00+00:00,1.8517,1.8529,1.8514,1.8526,595165.0
2025-12-29 22:00:00+00:00,1.8526,1.8527,1.8492,1.8494,879256.6
2025-12-29 22:05:00+00:00,1.8493,1.8494,1.8463,1.8463,1038824.9
2025-12-29 22:10:00+00:00,1.8464,1.8469,1.844,1.8468,1427224.6
2025-12-29 22:15:00+00:00,1.8469,1.8493,1.8469,1.8481,1107531.5
2025-12-29 22:20:00+00:00,1.8481,1.8518,1.8478,1.8518,495570.2
2025-12-29 22:25:00+00:00,1.8518,1.8518,1.8493,1.8496,310626.4
2025-12-29 22:30:00+00:00,1.8497,1.852,1.8491,1.852,359490.2
2025-12-29 22:35:00+00:00,1.852,1.8538,1.8503,1.8508,534294.0
2025-12-29 22:40:00+00:00,1.8508,1.8548,1.8508,1.8543,667357.5
2025-12-29 22:45:00+00:00,1.8543,1.8544,1.8518,1.854,298318.4
2025-12-29 22:50:00+00:00,1.854,1.8541,1.8529,1.8533,296165.7
2025-12-29 22:55:00+00:00,1.8533,1.8539,1.8508,1.8509,387918.5
2025-12-29 23:00:00+00:00,1.851,1.8513,1.8494,1.851,1021842.6
2025-12-29 23:05:00+00:00,1.851,1.8524,1.8497,1.8515,691116.7
2025-12-29 23:10:00+00:00,1.8515,1.8516,1.85,1.8507,416291.3
2025-12-29 23:15:00+00:00,1.8508,1.8508,1.8494,1.8504,434263.5
2025-12-29 23:20:00+00:00,1.8503,1.8515,1.8495,1.8501,658128.3
2025-12-29 23:25:00+00:00,1.8501,1.8506,1.8474,1.8478,919290.1
2025-12-29 23:30:00+00:00,1.8479,1.8492,1.8477,1.8481,1053221.8
2025-12-29 23:35:00+00:00,1.848,1.8484,1.8462,1.8465,534536.0
2025-12-29 23:40:00+00:00,1.8466,1.8479,1.8465,1.8474,669469.9
2025-12-29 23:45:00+00:00,1.8473,1.8492,1.8467,1.8491,936357.4
2025-12-29 23:50:00+00:00,1.8491,1.8492,1.8475,1.8479,279257.4
2025-12-29 23:55:00+00:00,1.8479,1.8502,1.8479,1.8494,608683.1
2025-12-30 00:00:00+00:00,1.8494,1.8512,1.849,1.8505,1065854.8
2025-12-30 00:05:00+00:00,1.8504,1.8524,1.849,1.8518,990780.1
2025-12-30 00:10:00+00:00,1.8519,1.8525,1.8515,1.8518,574189.1
2025-12-30 00:15:00+00:00,1.8517,1.8535,1.8514,1.8514,584659.4
2025-12-30 00:20:00+00:00,1.8513,1.8521,1.8509,1.8517,358948.0
2025-12-30 00:25:00+00:00,1.8517,1.8526,1.8502,1.8502,298852.9
2025-12-30 00:30:00+00:00,1.8503,1.8505,1.8453,1.8471,1692761.1
2025-12-30 00:35:00+00:00,1.8472,1.8487,1.8462,1.8471,619024.3
2025-12-30 00:40:00+00:00,1.8471,1.8485,1.8471,1.8485,526900.5
2025-12-30 00:45:00+00:00,1.8485,1.8501,1.8485,1.8489,711285.6
2025-12-30 00:50:00+00:00,1.8489,1.849,1.8479,1.8484,235343.5
2025-12-30 00:55:00+00:00,1.8485,1.8503,1.8485,1.8503,277072.1
2025-12-30 01:00:00+00:00,1.8503,1.8503,1.847,1.8478,465642.9
2025-12-30 01:05:00+00:00,1.8477,1.8495,1.8477,1.8487,326861.7
2025-12-30 01:10:00+00:00,1.8487,1.8505,1.8485,1.8489,352099.3
2025-12-30 01:15:00+00:00,1.8488,1.8505,1.8478,1.85,524198.8
2025-12-30 01:20:00+00:00,1.85,1.85,1.848,1.8489,195218.7
2025-12-30 01:25:00+00:00,1.8488,1.8493,1.8476,1.8479,280348.9
2025-12-30 01:30:00+00:00,1.8478,1.8483,1.8465,1.8465,376810.0
2025-12-30 01:35:00+00:00,1.8466,1.8469,1.8434,1.8467,1923743.2
2025-12-30 01:40:00+00:00,1.8466,1.8474,1.8455,1.8457,464937.6
2025-12-30 01:45:00+00:00,1.8457,1.8484,1.8457,1.8475,618521.7
2025-12-30 01:50:00+00:00,1.8474,1.8484,1.8459,1.8471,271500.3
2025-12-30 01:55:00+00:00,1.8471,1.8476,1.8456,1.8465,399710.0
2025-12-30 02:00:00+00:00,1.8466,1.8471,1.845,1.845,761427.2
2025-12-30 02:05:00+00:00,1.845,1.846,1.844,1.8442,614775.4
2025-12-30 02:10:00+00:00,1.8441,1.8459,1.8424,1.8457,1121854.0
2025-12-30 02:15:00+00:00,1.8457,1.8493,1.8453,1.849,452291.9
2025-12-30 02:20:00+00:00,1.8491,1.8494,1.8465,1.8468,382186.5
2025-12-30 02:25:00+00:00,1.8469,1.8472,1.8454,1.8458,464379.2
2025-12-30 02:30:00+00:00,1.8458,1.8468,1.8431,1.845,1492316.1
2025-12-30 02:35:00+00:00,1.845,1.8477,1.8443,1.8472,542408.6
2025-12-30 02:40:00+00:00,1.8472,1.8485,1.8442,1.8479,778176.0
2025-12-30 02:45:00+00:00,1.8478,1.8504,1.8472,1.8489,1408414.0
2025-12-30 02:50:00+00:00,1.849,1.85,1.8474,1.8497,513479.7
2025-12-30 02:55:00+00:00,1.8496,1.8509,1.8493,1.8509,628044.9
2025-12-30 03:00:00+00:00,1.8508,1.8516,1.8496,1.8512,956662.8
2025-12-30 03:05:00+00:00,1.8512,1.8514,1.8495,1.8496,500695.7
2025-12-30 03:10:00+00:00,1.8496,1.8514,1.8487,1.8503,652123.0
2025-12-30 03:15:00+00:00,1.8503,1.8518,1.8476,1.8516,1741427.4
2025-12-30 03:20:00+00:00,1.8515,1.8549,1.8507,1.8541,1995821.4
2025-12-30 03:25:00+00:00,1.854,1.857,1.8538,1.8567,1540924.6
2025-12-30 03:30:00+00:00,1.8567,1.8579,1.8563,1.8579,1074888.8
2025-12-30 03:35:00+00:00,1.8579,1.8579,1.8561,1.8567,540840.4
2025-12-30 03:40:00+00:00,1.8567,1.857,1.8556,1.857,823466.4
2025-12-30 03:45:00+00:00,1.857,1.8609,1.8569,1.8602,1791430.2
2025-12-30 03:50:00+00:00,1.8602,1.862,1.8596,1.8604,942406.0
2025-12-30 03:55:00+00:00,1.8605,1.8615,1.8594,1.8598,834340.3
2025-12-30 04:00:00+00:00,1.8598,1.862,1.8598,1.8617,1316879.6
2025-12-30 04:05:00+00:00,1.8616,1.863,1.8577,1.8583,2087301.0
2025-12-30 04:10:00+00:00,1.8582,1.8583,1.8561,1.8575,698764.0
2025-12-30 04:15:00+00:00,1.8574,1.8593,1.8574,1.8593,409353.8
2025-12-30 04:20:00+00:00,1.8593,1.8613,1.8585,1.8608,448898.3
2025-12-30 04:25:00+00:00,1.8608,1.862,1.8605,1.8613,455761.1
2025-12-30 04:30:00+00:00,1.8613,1.8615,1.8601,1.8608,288795.7
2025-12-30 04:35:00+00:00,1.8608,1.8617,1.8596,1.8609,458024.4
2025-12-30 04:40:00+00:00,1.8609,1.862,1.8607,1.8619,362518.9
2025-12-30 04:45:00+00:00,1.8619,1.8619,1.8592,1.8592,341278.3
2025-12-30 04:50:00+00:00,1.8593,1.861,1.8592,1.86,238166.6
2025-12-30 04:55:00+00:00,1.8601,1.8603,1.8595,1.8595,291734.1
2025-12-30 05:00:00+00:00,1.8596,1.861,1.8593,1.8606,662415.7
2025-12-30 05:05:00+00:00,1.8606,1.8611,1.8586,1.8609,489559.7
2025-12-30 05:10:00+00:00,1.8609,1.8614,1.8602,1.8612,264141.7
2025-12-30 05:15:00+00:00,1.8613,1.8613,1.8589,1.8596,393404.2
2025-12-30 05:20:00+00:00,1.8596,1.8597,1.8563,1.8575,626400.1
2025-12-30 05:25:00+00:00,1.8575,1.8577,1.857,1.8573,251838.1
2025-12-30 05:30:00+00:00,1.8573,1.8574,1.8542,1.8543,1019656.0
2025-12-30 05:35:00+00:00,1.8544,1.8556,1.8538,1.8545,561043.6
2025-12-30 05:40:00+00:00,1.8545,1.8563,1.8544,1.8556,605313.4
2025-12-30 05:45:00+00:00,1.8557,1.8564,1.8548,1.8561,334477.1
2025-12-30 05:50:00+00:00,1.8561,1.8579,1.8556,1.8578,467309.7
2025-12-30 05:55:00+00:00,1.8578,1.8583,1.8569,1.8576,502594.9
2025-12-30 06:00:00+00:00,1.8576,1.8616,1.857,1.8614,1239351.6
2025-12-30 06:05:00+00:00,1.8614,1.8632,1.8613,1.8614,996882.1
2025-12-30 06:10:00+00:00,1.8613,1.8629,1.8611,1.8627,315561.8
2025-12-30 06:15:00+00:00,1.8627,1.864,1.8618,1.8624,739755.9
2025-12-30 06:20:00+00:00,1.8624,1.8627,1.8608,1.8608,373292.6
2025-12-30 06:25:00+00:00,1.8609,1.8626,1.8608,1.8624,235076.6
2025-12-30 06:30:00+00:00,1.8624,1.8652,1.8616,1.8637,946208.3
2025-12-30 06:35:00+00:00,1.8637,1.8644,1.8625,1.864,486361.4
2025-12-30 06:40:00+00:00,1.864,1.8654,1.8636,1.8648,539789.1
2025-12-30 06:45:00+00:00,1.8648,1.8665,1.8642,1.8647,842967.1
2025-12-30 06:50:00+00:00,1.8646,1.8648,1.8632,1.8633,384725.2
2025-12-30 06:55:00+00:00,1.8633,1.8633,1.8603,1.8608,1033791.3
2025-12-30 07:00:00+00:00,1.8608,1.8608,1.8587,1.8598,733193.9
2025-12-30 07:05:00+00:00,1.8597,1.8625,1.8597,1.8623,517506.8
2025-12-30 07:10:00+00:00,1.8623,1.8628,1.8612,1.8624,520537.7
2025-12-30 07:15:00+00:00,1.8624,1.8642,1.8608,1.8609,639399.4
2025-12-30 07:20:00+00:00,1.8609,1.861,1.8573,1.8574,1153871.7
2025-12-30 07:25:00+00:00,1.8574,1.8584,1.857,1.8571,381379.2
2025-12-30 07:30:00+00:00,1.857,1.8582,1.855,1.8578,2247199.8
2025-12-30 07:35:00+00:00,1.8578,1.8615,1.8577,1.8608,551986.9
2025-12-30 07:40:00+00:00,1.8608,1.8618,1.8594,1.8595,1312429.6
2025-12-30 07:45:00+00:00,1.8595,1.8606,1.8588,1.8591,353661.6
2025-12-30 07:50:00+00:00,1.8591,1.8595,1.8582,1.8587,348943.9
2025-12-30 07:55:00+00:00,1.8588,1.8595,1.8586,1.8591,268905.2
2025-12-30 08:00:00+00:00,1.8592,1.8649,1.8586,1.8647,1944120.1
2025-12-30 08:05:00+00:00,1.8647,1.8674,1.8636,1.8652,2198123.8
2025-12-30 08:10:00+00:00,1.8651,1.8711,1.8651,1.8656,3491031.9
2025-12-30 08:15:00+00:00,1.8656,1.87,1.8655,1.8672,3083281.4
2025-12-30 08:20:00+00:00,1.8672,1.8676,1.8606,1.864,1950726.7
2025-12-30 08:25:00+00:00,1.8641,1.8653,1.863,1.8635,602704.7
2025-12-30 08:30:00+00:00,1.8634,1.866,1.8625,1.8639,1172949.6
2025-12-30 08:35:00+00:00,1.864,1.8679,1.864,1.8672,1047268.6
2025-12-30 08:40:00+00:00,1.8673,1.868,1.8659,1.866,619126.4
2025-12-30 08:45:00+00:00,1.8659,1.8661,1.8642,1.8661,541615.7
2025-12-30 08:50:00+00:00,1.8662,1.8665,1.8644,1.8648,574384.6
2025-12-30 08:55:00+00:00,1.8647,1.866,1.8644,1.8659,323507.8
2025-12-30 09:00:00+00:00,1.8659,1.868,1.8651,1.8668,861162.4
2025-12-30 09:05:00+00:00,1.8668,1.8677,1.866,1.8671,423718.2
2025-12-30 09:10:00+00:00,1.8671,1.8675,1.8661,1.8665,328812.4
2025-12-30 09:15:00+00:00,1.8664,1.8665,1.8636,1.8644,706036.2
2025-12-30 09:20:00+00:00,1.8643,1.8659,1.8632,1.8636,603351.0
2025-12-30 09:25:00+00:00,1.8637,1.8653,1.8636,1.8643,431255.4
2025-12-30 09:30:00+00:00,1.8643,1.8657,1.8638,1.865,392200.7
2025-12-30 09:35:00+00:00,1.8651,1.8665,1.8644,1.8645,273748.9
2025-12-30 09:40:00+00:00,1.8645,1.8675,1.8638,1.8671,395750.2
2025-12-30 09:45:00+00:00,1.867,1.8684,1.8662,1.8678,361157.8
2025-12-30 09:50:00+00:00,1.8677,1.8705,1.8675,1.8677,1016878.2
2025-12-30 09:55:00+00:00,1.8677,1.8687,1.8669,1.8678,669292.9
2025-12-30 10:00:00+00:00,1.8678,1.8689,1.8657,1.8657,908262.6
2025-12-30 10:05:00+00:00,1.8657,1.8669,1.8656,1.8669,352446.5
2025-12-30 10:10:00+00:00,1.8669,1.8669,1.8653,1.8656,635360.6
2025-12-30 10:15:00+00:00,1.8657,1.8677,1.8656,1.8671,393078.4
2025-12-30 10:20:00+00:00,1.8671,1.8685,1.8661,1.8662,515939.2
2025-12-30 10:25:00+00:00,1.8663,1.868,1.866,1.8668,283807.3
2025-12-30 10:30:00+00:00,1.8668,1.8668,1.8651,1.8653,493454.4
2025-12-30 10:35:00+00:00,1.8652,1.8663,1.865,1.8651,611264.3
2025-12-30 10:40:00+00:00,1.8651,1.8663,1.8642,1.8662,429304.1
2025-12-30 10:45:00+00:00,1.8663,1.8665,1.8638,1.8645,604927.4
2025-12-30 10:50:00+00:00,1.8644,1.8644,1.8603,1.8608,1715510.7
2025-12-30 10:55:00+00:00,1.8608,1.8613,1.8604,1.8606,597284.6
2025-12-30 11:00:00+00:00,1.8607,1.862,1.8595,1.8614,938174.5
2025-12-30 11:05:00+00:00,1.8614,1.8629,1.861,1.8621,799733.5
2025-12-30 11:10:00+00:00,1.862,1.8623,1.8615,1.8615,240595.6
2025-12-30 11:15:00+00:00,1.8615,1.8621,1.861,1.8616,299113.6
2025-12-30 11:20:00+00:00,1.8616,1.8623,1.861,1.8611,240505.5
2025-12-30 11:25:00+00:00,1.8611,1.8611,1.8608,1.8611,132349.3
2025-12-30 11:30:00+00:00,1.8611,1.8621,1.8609,1.8621,233556.8
2025-12-30 11:35:00+00:00,1.862,1.8624,1.8607,1.8607,285285.1
2025-12-30 11:40:00+00:00,1.8608,1.861,1.8593,1.8605,837851.1
2025-12-30 11:45:00+00:00,1.8606,1.8631,1.8605,1.8623,680236.0
2025-12-30 11:50:00+00:00,1.8623,1.8623,1.8597,1.8598,699886.9
2025-12-30 11:55:00+00:00,1.8597,1.8614,1.8591,1.8612,701362.7
2025-12-30 12:00:00+00:00,1.8612,1.8635,1.8604,1.8633,1176240.5
2025-12-30 12:05:00+00:00,1.8633,1.8638,1.8625,1.8638,364573.6
2025-12-30 12:10:00+00:00,1.8638,1.8656,1.8637,1.8649,1986306.3
2025-12-30 12:15:00+00:00,1.8649,1.8669,1.8645,1.8666,620962.3
2025-12-30 12:20:00+00:00,1.8666,1.8668,1.8654,1.8659,955575.4
2025-12-30 12:25:00+00:00,1.8658,1.8662,1.8654,1.866,231367.4
2025-12-30 12:30:00+00:00,1.8661,1.8661,1.8646,1.8657,499812.1
2025-12-30 12:35:00+00:00,1.8656,1.8657,1.8643,1.865,334526.8
2025-12-30 12:40:00+00:00,1.8651,1.8651,1.8642,1.8643,357798.8
2025-12-30 12:45:00+00:00,1.8643,1.8649,1.8634,1.8643,555326.9
2025-12-30 12:50:00+00:00,1.8643,1.8644,1.8631,1.8633,316623.2
2025-12-30 12:55:00+00:00,1.8634,1.8634,1.8623,1.8628,669610.8
2025-12-30 13:00:00+00:00,1.8629,1.8629,1.8595,1.8605,1468485.2
2025-12-30 13:05:00+00:00,1.8605,1.8624,1.8592,1.86,618288.3
2025-12-30 13:10:00+00:00,1.86,1.8615,1.8597,1.8605,993593.4
2025-12-30 13:15:00+00:00,1.8605,1.8625,1.8603,1.8617,518349.3
2025-12-30 13:20:00+00:00,1.8617,1.8625,1.8602,1.8619,747553.1
2025-12-30 13:25:00+00:00,1.8619,1.8638,1.8619,1.8625,614082.8
2025-12-30 13:30:00+00:00,1.8626,1.8639,1.8603,1.8606,562136.2
2025-12-30 13:35:00+00:00,1.8606,1.8624,1.8601,1.8618,445389.9
2025-12-30 13:40:00+00:00,1.8618,1.8634,1.8618,1.8633,394361.1
2025-12-30 13:45:00+00:00,1.8633,1.8642,1.8625,1.8634,373771.4
2025-12-30 13:50:00+00:00,1.8635,1.8635,1.8625,1.863,389626.3
2025-12-30 13:55:00+00:00,1.863,1.8633,1.8627,1.8628,475814.6
2025-12-30 14:00:00+00:00,1.8628,1.8628,1.8528,1.8567,4594697.3
2025-12-30 14:05:00+00:00,1.8566,1.8617,1.8562,1.86,1474600.7
2025-12-30 14:10:00+00:00,1.8601,1.8619,1.8595,1.8602,662779.5
2025-12-30 14:15:00+00:00,1.8603,1.8627,1.8592,1.8626,786907.2
2025-12-30 14:20:00+00:00,1.8627,1.8654,1.8614,1.8635,1407763.3
2025-12-30 14:25:00+00:00,1.8635,1.8635,1.8613,1.8616,770546.7
2025-12-30 14:30:00+00:00,1.8615,1.8648,1.8581,1.8629,1813485.3
2025-12-30 14:35:00+00:00,1.863,1.8678,1.862,1.8622,1602073.7
2025-12-30 14:40:00+00:00,1.8622,1.8643,1.8601,1.8641,1557326.6
2025-12-30 14:45:00+00:00,1.8641,1.8677,1.8621,1.8661,2260638.0
2025-12-30 14:50:00+00:00,1.8661,1.8745,1.8655,1.8742,5172585.2
2025-12-30 14:55:00+00:00,1.8742,1.8749,1.8705,1.8724,2328938.7
2025-12-30 15:00:00+00:00,1.8724,1.8762,1.8634,1.8659,5492324.6
2025-12-30 15:05:00+00:00,1.8659,1.8683,1.8641,1.8656,1415737.2
2025-12-30 15:10:00+00:00,1.8655,1.8679,1.865,1.8663,1025076.2
2025-12-30 15:15:00+00:00,1.8663,1.8683,1.8645,1.8672,1099433.4
2025-12-30 15:20:00+00:00,1.8672,1.8689,1.865,1.8669,723626.1
2025-12-30 15:25:00+00:00,1.8669,1.87,1.8667,1.8696,1000217.8
2025-12-30 15:30:00+00:00,1.8696,1.872,1.8688,1.869,1079626.5
2025-12-30 15:35:00+00:00,1.8691,1.873,1.8691,1.8723,1013865.3
2025-12-30 15:40:00+00:00,1.8723,1.8739,1.8703,1.8736,1046901.4
2025-12-30 15:45:00+00:00,1.8736,1.8746,1.871,1.8745,869765.5
2025-12-30 15:50:00+00:00,1.8746,1.8772,1.8743,1.8763,2984338.9
2025-12-30 15:55:00+00:00,1.8762,1.8786,1.8759,1.8768,1624944.2
2025-12-30 16:00:00+00:00,1.8768,1.879,1.8739,1.8747,2423097.6
2025-12-30 16:05:00+00:00,1.8747,1.8763,1.8741,1.8756,1376355.3
2025-12-30 16:10:00+00:00,1.8756,1.8769,1.8727,1.8729,987580.4
2025-12-30 16:15:00+00:00,1.8729,1.8799,1.8724,1.8799,1268193.8
2025-12-30 16:20:00+00:00,1.8799,1.8811,1.8781,1.8795,2434654.9
2025-12-30 16:25:00+00:00,1.8796,1.8798,1.8774,1.8785,1099082.4
2025-12-30 16:30:00+00:00,1.8785,1.8789,1.874,1.8741,963072.0
2025-12-30 16:35:00+00:00,1.8741,1.8755,1.8727,1.8732,1077117.0
2025-12-30 16:40:00+00:00,1.8732,1.8736,1.8709,1.8713,1071380.2
2025-12-30 16:45:00+00:00,1.8713,1.872,1.8702,1.8708,591357.2
2025-12-30 16:50:00+00:00,1.8708,1.873,1.8688,1.8727,2435550.2
2025-12-30 16:55:00+00:00,1.8727,1.8791,1.8726,1.8773,1558633.1
2025-12-30 17:00:00+00:00,1.8773,1.8788,1.8768,1.8779,927425.6
2025-12-30 17:05:00+00:00,1.8779,1.8809,1.8777,1.8807,1273239.9
2025-12-30 17:10:00+00:00,1.8807,1.8822,1.8798,1.8814,2875550.3
2025-12-30 17:15:00+00:00,1.8813,1.882,1.8777,1.8781,2708127.8
2025-12-30 17:20:00+00:00,1.8781,1.8806,1.8771,1.8804,1412152.6
2025-12-30 17:25:00+00:00,1.8805,1.8824,1.8797,1.8819,2132531.7
2025-12-30 17:30:00+00:00,1.882,1.8855,1.8813,1.8854,3607439.1
2025-12-30 17:35:00+00:00,1.8855,1.8857,1.8811,1.8827,4345156.0
2025-12-30 17:40:00+00:00,1.8826,1.8834,1.876,1.8765,9163218.9
2025-12-30 17:45:00+00:00,1.8764,1.8766,1.8711,1.8752,3935782.7
2025-12-30 17:50:00+00:00,1.8752,1.8771,1.8747,1.8748,1533502.1
2025-12-30 17:55:00+00:00,1.8748,1.8751,1.8735,1.8737,790701.6
2025-12-30 18:00:00+00:00,1.8737,1.8755,1.8728,1.8744,880794.6
2025-12-30 18:05:00+00:00,1.8745,1.8766,1.8744,1.876,768395.1
2025-12-30 18:10:00+00:00,1.876,1.8762,1.8746,1.8758,685004.6
2025-12-30 18:15:00+00:00,1.8757,1.8768,1.875,1.8765,612643.1
2025-12-30 18:20:00+00:00,1.8765,1.8796,1.8757,1.879,917533.8
2025-12-30 18:25:00+00:00,1.8791,1.8791,1.8767,1.8781,811216.0
2025-12-30 18:30:00+00:00,1.8782,1.8813,1.877,1.8811,1417646.0
2025-12-30 18:35:00+00:00,1.8811,1.8828,1.88,1.882,1130614.4
2025-12-30 18:40:00+00:00,1.8819,1.882,1.8781,1.8786,1037117.7
2025-12-30 18:45:00+00:00,1.8786,1.8796,1.8777,1.8777,455712.0
2025-12-30 18:50:00+00:00,1.8777,1.8778,1.8741,1.8753,2500365.6
2025-12-30 18:55:00+00:00,1.8752,1.8781,1.8752,1.8778,509759.7
2025-12-30 19:00:00+00:00,1.8778,1.8786,1.8764,1.8775,1187909.4
2025-12-30 19:05:00+00:00,1.8774,1.8774,1.87,1.8722,3722438.5
2025-12-30 19:10:00+00:00,1.8721,1.8743,1.8702,1.8732,1159406.4
2025-12-30 19:15:00+00:00,1.8732,1.8748,1.8729,1.8748,912846.4
2025-12-30 19:20:00+00:00,1.8748,1.8771,1.8742,1.876,1082903.8
2025-12-30 19:25:00+00:00,1.876,1.8778,1.8756,1.8775,869871.5
2025-12-30 19:30:00+00:00,1.8775,1.8794,1.8764,1.8779,621830.7
2025-12-30 19:35:00+00:00,1.8779,1.8795,1.8778,1.8792,551615.5
2025-12-30 19:40:00+00:00,1.8792,1.8794,1.8755,1.8761,1524737.9
2025-12-30 19:45:00+00:00,1.8761,1.8762,1.8725,1.8727,746440.2
2025-12-30 19:50:00+00:00,1.8728,1.8755,1.8727,1.8754,379916.2
2025-12-30 19:55:00+00:00,1.8755,1.876,1.8745,1.8754,359273.4
2025-12-30 20:00:00+00:00,1.8754,1.8754,1.8729,1.8747,661269.4
2025-12-30 20:05:00+00:00,1.8747,1.8758,1.8733,1.8737,481861.2
2025-12-30 20:10:00+00:00,1.8737,1.875,1.8734,1.8748,311741.6
2025-12-30 20:15:00+00:00,1.8748,1.8758,1.8734,1.8742,843135.9
2025-12-30 20:20:00+00:00,1.8741,1.8742,1.8713,1.8719,792899.6
2025-12-30 20:25:00+00:00,1.8719,1.8727,1.8704,1.8705,600461.2
2025-12-30 20:30:00+00:00,1.8705,1.8715,1.8692,1.8707,1175207.0
2025-12-30 20:35:00+00:00,1.8708,1.8715,1.8682,1.8691,978417.6
2025-12-30 20:40:00+00:00,1.8692,1.8703,1.8672,1.869,2440874.7
2025-12-30 20:45:00+00:00,1.8691,1.8705,1.8688,1.8695,539509.0
2025-12-30 20:50:00+00:00,1.8695,1.8704,1.8657,1.8658,1460125.0
2025-12-30 20:55:00+00:00,1.8659,1.8685,1.8652,1.8681,2110654.5
2025-12-30 21:00:00+00:00,1.8682,1.8723,1.8669,1.8693,1308741.1
2025-12-30 21:05:00+00:00,1.8694,1.8698,1.868,1.8689,474189.0
2025-12-30 21:10:00+00:00,1.8689,1.8701,1.8688,1.87,256695.6
2025-12-30 21:15:00+00:00,1.87,1.8704,1.869,1.8697,345448.0
2025-12-30 21:20:00+00:00,1.8698,1.8716,1.8689,1.8716,480774.8
2025-12-30 21:25:00+00:00,1.8716,1.8721,1.8691,1.87,499787.1
2025-12-30 21:30:00+00:00,1.87,1.8712,1.87,1.8704,505935.9
2025-12-30 21:35:00+00:00,1.8703,1.8711,1.8693,1.8693,307662.5
2025-12-30 21:40:00+00:00,1.8694,1.8709,1.8683,1.8708,493700.4
2025-12-30 21:45:00+00:00,1.8708,1.8724,1.8699,1.8701,555569.0
2025-12-30 21:50:00+00:00,1.8701,1.872,1.8697,1.8715,279522.6
2025-12-30 21:55:00+00:00,1.8715,1.8722,1.8713,1.8722,244486.4
2025-12-30 22:00:00+00:00,1.8722,1.8766,1.8722,1.8762,937584.7
2025-12-30 22:05:00+00:00,1.8762,1.8769,1.8755,1.8757,441752.3
2025-12-30 22:10:00+00:00,1.8757,1.8778,1.8756,1.8766,554186.6
2025-12-30 22:15:00+00:00,1.8765,1.8766,1.8725,1.8736,903598.7
2025-12-30 22:20:00+00:00,1.8736,1.8755,1.8726,1.8751,492225.1
2025-12-30 22:25:00+00:00,1.8752,1.8766,1.8742,1.8766,217362.0
2025-12-30 22:30:00+00:00,1.8766,1.8768,1.8733,1.8748,665493.9
2025-12-30 22:35:00+00:00,1.8747,1.875,1.871,1.8721,520642.0
2025-12-30 22:40:00+00:00,1.8721,1.8726,1.8717,1.8718,260584.5
2025-12-30 22:45:00+00:00,1.8718,1.8726,1.8706,1.8716,293447.5
2025-12-30 22:50:00+00:00,1.8717,1.8718,1.8708,1.8717,191073.3
2025-12-30 22:55:00+00:00,1.8717,1.8718,1.8704,1.8709,257421.0
2025-12-30 23:00:00+00:00,1.8708,1.8734,1.87,1.8714,780526.4
2025-12-30 23:05:00+00:00,1.8713,1.8731,1.8704,1.872,302151.8
2025-12-30 23:10:00+00:00,1.8721,1.8733,1.8717,1.8718,561221.7
2025-12-30 23:15:00+00:00,1.8719,1.8758,1.8719,1.8755,720864.4
2025-12-30 23:20:00+00:00,1.8755,1.8758,1.8742,1.8757,539613.3
2025-12-30 23:25:00+00:00,1.8757,1.8767,1.8756,1.8765,420196.6
2025-12-30 23:30:00+00:00,1.8765,1.877,1.8754,1.8762,651481.5
2025-12-30 23:35:00+00:00,1.8762,1.8774,1.8758,1.876,284335.2
2025-12-30 23:40:00+00:00,1.876,1.8766,1.8756,1.8765,297463.6
2025-12-30 23:45:00+00:00,1.8766,1.8766,1.8752,1.8759,464684.7
2025-12-30 23:50:00+00:00,1.8759,1.8767,1.8757,1.8764,229211.1
2025-12-30 23:55:00+00:00,1.8764,1.8773,1.8763,1.8765,272828.3
2025-12-31 00:00:00+00:00,1.8765,1.8765,1.8744,1.8752,1440260.4
